x-coordinate,y-coordinate,pressure,x-velocity,y-velocity
0.0,-0.01,-3.3462352466591523,0.0,0.0
0.0001,-0.01,-3.452045682570772,0.0,0.0
0.0002,-0.01,-3.404731872749648,0.0,0.0
0.0003,-0.01,-3.4039256781135734,0.0,0.0
0.0004,-0.01,-4.225407708846203,0.0,0.0
0.0005,-0.01,-3.4285822720644394,0.0,0.0
0.0006,-0.01,-3.4097292295221924,0.0,0.0
0.0007,-0.01,-3.3977269304267854,0.0,0.0
0.0008,-0.01,-3.3646465068295415,0.0,0.0
0.0009,-0.01,-3.407500629620859,0.0,0.0
0.001,-0.01,-3.401022549232081,0.0,0.0
0.0011,-0.01,-3.2024181411973327,0.0,0.0
0.0012,-0.01,-3.458316578621269,0.0,0.0
0.0013000000000000002,-0.01,-3.438176726957334,0.0,0.0
0.0014,-0.01,-3.3725043352124917,0.0,0.0
0.0015,-0.01,-3.6178166813027435,0.0,0.0
0.0016,-0.01,-3.565981321026288,0.0,0.0
0.0017,-0.01,-1.827999699163126,0.0,0.0
0.0018,-0.01,-3.4094794722503012,0.0,0.0
0.0019,-0.01,11.800992271362682,0.0,0.0
0.002,-0.01,-3.486322505148623,0.0,0.0
0.0021,-0.01,-5.738859471078027,0.0,0.0
0.0022,-0.01,-3.386998037346803,0.0,0.0
0.0023,-0.01,-17.52945803451222,0.0,0.0
0.0024,-0.01,-3.4150186619649,0.0,0.0
0.0025,-0.01,2.242455056403968,0.0,0.0
0.0026000000000000003,-0.01,-3.4029737202303183,0.0,0.0
0.0027,-0.01,-4.076472019164716,0.0,0.0
0.0028,-0.01,4.862504922938831,0.0,0.0
0.0029,-0.01,-3.5149538231455657,0.0,0.0
0.003,-0.01,-3.014040303338381,0.0,0.0
0.0031,-0.01,-23.31421652457234,0.0,0.0
0.0032,-0.01,-3.472228820680544,0.0,0.0
0.0033000000000000004,-0.01,-3.468716760399002,0.0,0.0
0.0034,-0.01,-3.4653087226661006,0.0,0.0
0.0034999999999999996,-0.01,-3.4724143851324927,0.0,0.0
0.0036,-0.01,-3.477733606645524,0.0,0.0
0.0037,-0.01,-3.474997907959058,0.0,0.0
0.0038,-0.01,-3.480567081356277,0.0,0.0
0.0039,-0.01,-3.483349479841952,0.0,0.0
0.004,-0.01,-3.485904683256837,0.0,0.0
0.0041,-0.01,-3.4819569629764255,0.0,0.0
0.0042,-0.01,-3.483658996835785,0.0,0.0
0.0043,-0.01,-3.4825825670440747,0.0,0.0
0.0044,-0.01,-3.482437391637242,0.0,0.0
0.0045,-0.01,-3.4826155228335147,0.0,0.0
0.0046,-0.01,-3.4816531309457073,0.0,0.0
0.0047,-0.01,-3.481679320193716,0.0,0.0
0.0048,-0.01,-3.479514852678218,0.0,0.0
0.0049,-0.01,-3.47895224080078,0.0,0.0
0.005,-0.01,-3.4772170459413068,0.0,0.0
0.0051,-0.01,-3.4744913470470777,0.0,0.0
0.005200000000000001,-0.01,-3.473802376841357,0.0,0.0
0.0053,-0.01,-3.470603134967658,0.0,0.0
0.0054,-0.01,-3.468127527114968,0.0,0.0
0.0055,-0.01,-3.4664146250065473,0.0,0.0
0.0056,-0.01,-3.4645754507376485,0.0,0.0
0.005700000000000001,-0.01,-3.4615742482518184,0.0,0.0
0.0058,-0.01,-3.459368600200259,0.0,0.0
0.0059,-0.01,-3.458535689021501,0.0,0.0
0.006,-0.01,-3.456699420507692,0.0,0.0
0.0061,-0.01,-3.454668148244978,0.0,0.0
0.0062,-0.01,-3.4569561467081504,0.0,0.0
0.0063,-0.01,-3.4559946405837727,0.0,0.0
0.0064,-0.01,-3.456686260338389,0.0,0.0
0.006499999999999999,-0.01,-3.4546630677322683,0.0,0.0
0.006600000000000001,-0.01,-3.4552621754070465,0.0,0.0
0.0067,-0.01,-3.4599868550851847,0.0,0.0
0.0068,-0.01,-3.464055126979433,0.0,0.0
0.0069,-0.01,-3.471723842458276,0.0,0.0
0.006999999999999999,-0.01,-3.4602027702498583,0.0,0.0
0.007100000000000001,-0.01,-3.4756440202473544,0.0,0.0
0.0072,-0.01,-3.4830457418233225,0.0,0.0
0.0073,-0.01,-3.4675566825458914,0.0,0.0
0.0074,-0.01,-3.490845210296667,0.0,0.0
0.0075,-0.01,-3.5044580748903824,0.0,0.0
0.0076,-0.01,-3.4981601884464344,0.0,0.0
0.0077,-0.01,-3.4840612412010885,0.0,0.0
0.0078,-0.01,-3.509891783332734,0.0,0.0
0.0079,-0.01,-3.520920356839755,0.0,0.0
0.008,-0.01,-3.502388833514623,0.0,0.0
0.0081,-0.01,-3.518669768379343,0.0,0.0
0.0082,-0.01,-3.5232887166760998,0.0,0.0
0.0083,-0.01,-3.523615254045074,0.0,0.0
0.0084,-0.01,-3.527770496459857,0.0,0.0
0.0085,-0.01,-3.5304174317981896,0.0,0.0
0.0086,-0.01,-3.5326098592246935,0.0,0.0
0.0087,-0.01,-3.5348960804564586,0.0,0.0
0.0088,-0.01,-3.5365865450561804,0.0,0.0
0.0089,-0.01,-3.537948801564853,0.0,0.0
0.009,-0.01,-3.539468171201285,0.0,0.0
0.0091,-0.01,-3.5402271288693337,0.0,0.0
0.0092,-0.01,-3.540939942882842,0.0,0.0
0.0093,-0.01,-3.540772696333751,0.0,0.0
0.0094,-0.01,-3.5412365584864203,0.0,0.0
0.0095,-0.01,-3.5410966526698804,0.0,0.0
0.0096,-0.01,-3.5410716216225775,0.0,0.0
0.0097,-0.01,-3.540080903720704,0.0,0.0
0.0098,-0.01,-3.539302627222471,0.0,0.0
0.0099,-0.01,-3.540045001649625,0.0,0.0
0.01,-0.01,-3.539893693038866,0.0,0.0
0.0,-0.0099,-3.422010613720239,0.0,0.0
0.0001,-0.0099,-3.42282998182111,8.693568717602564e-06,-4.271847070921903e-06
0.0002,-0.0099,-3.422022448585236,2.1147102116648748e-05,-7.646133845301371e-06
0.0003,-0.0099,-3.4219359254812223,4.653469940335154e-05,-1.190360423323901e-05
0.0004,-0.0099,-3.4234330149148127,5.5890337528142285e-05,-1.8035647285231747e-05
0.0005,-0.0099,-3.4240591522865236,5.4013509514695564e-05,-2.7828062966879586e-05
0.0006,-0.0099,-3.4231364813856424,8.620017316041311e-05,-2.6144593431283374e-05
0.0007,-0.0099,-3.422896709708289,0.00015123387705707494,1.7780539349271012e-06
0.0008,-0.0099,-3.4264786680554216,7.449595222510661e-05,-1.5847117182379474e-05
0.0009,-0.0099,-3.424208739493672,7.567725988267518e-05,-4.201350404375217e-05
0.001,-0.0099,-3.4247636172362004,7.812809230290591e-05,-5.104488475068383e-06
0.0011,-0.0099,-3.4265601047576415,0.00010789998190795488,2.5444825545603807e-05
0.0012,-0.0099,-3.4245026176153983,0.00013708002782192365,1.099208811747201e-06
0.0013000000000000002,-0.0099,-3.4283875133838175,0.0001319743909587511,3.226054435602427e-05
0.0014,-0.0099,-3.427706797091029,2.140181247076885e-05,-7.24700337448828e-05
0.0015,-0.0099,-3.431307885196057,6.386043270711416e-05,5.205164477123568e-06
0.0016,-0.0099,-3.4315016549452,-2.3273542637585604e-05,5.891321667036207e-05
0.0017,-0.0099,-3.430016307255432,-7.260827843769482e-06,1.4908813359967321e-05
0.0018,-0.0099,-3.43676235431927,-0.00011191492673152237,-1.4896974625140761e-05
0.0019,-0.0099,-3.4371702612597677,-0.00010366914999130196,-2.9500761764689385e-05
0.002,-0.0099,-3.4375880550685416,-0.0001515715858574998,9.127827232330734e-05
0.0021,-0.0099,-3.438136224549001,-0.0001730113779789462,3.436397465282919e-05
0.0022,-0.0099,-3.4418230873958864,-0.0002409194710528404,3.124316082586578e-05
0.0023,-0.0099,-3.4443687391373614,-0.00027540971661327345,4.698566956046982e-05
0.0024,-0.0099,-3.4459623976960496,-0.0003469240892311209,5.023436214828196e-05
0.0025,-0.0099,-3.4493301819360274,-0.00042645817193589543,5.257614682075518e-05
0.0026000000000000003,-0.0099,-3.449899938996016,-0.00048036895482014185,5.174944341794964e-05
0.0027,-0.0099,-3.452518420353318,-0.0005798837510234471,5.715033097381203e-05
0.0028,-0.0099,-3.454755298501836,-0.0006637953184195603,6.521560843544804e-05
0.0029,-0.0099,-3.458476293150788,-0.0007443552328298552,6.681179889522319e-05
0.003,-0.0099,-3.4598933835555687,-0.0008432566599973785,6.451934517286494e-05
0.0031,-0.0099,-3.4624511363602144,-0.0009547770801269514,6.997262781202342e-05
0.0032,-0.0099,-3.466956505232391,-0.0010579313472092438,9.217596403639423e-05
0.0033000000000000004,-0.0099,-3.467377330276127,-0.001129088392034202,8.147218604101625e-05
0.0034,-0.0099,-3.4673396603623154,-0.0012608512920543901,7.640785067046539e-05
0.0034999999999999996,-0.0099,-3.472229287401193,-0.0013942796523873967,8.824058824999843e-05
0.0036,-0.0099,-3.4745502621384716,-0.0014827835578839052,9.024303794206898e-05
0.0037,-0.0099,-3.474891208201808,-0.0016186355221237088,7.641438806875426e-05
0.0038,-0.0099,-3.4787220700655586,-0.0017364197125668498,8.132128247283024e-05
0.0039,-0.0099,-3.480642704241725,-0.001872676788962935,9.194506246424008e-05
0.004,-0.0099,-3.481442695478957,-0.0019442290092954312,8.737871464063485e-05
0.0041,-0.0099,-3.481477581120948,-0.0019916741816931177,7.9209697138186e-05
0.0042,-0.0099,-3.4809728640253947,-0.00210174729363473,8.261240527092954e-05
0.0043,-0.0099,-3.4824859830359562,-0.002261501906307351,7.476865481917967e-05
0.0044,-0.0099,-3.482467716160725,-0.0023855230753615213,6.61061666029215e-05
0.0045,-0.0099,-3.4824725743673492,-0.002448922152859811,5.795462683710832e-05
0.0046,-0.0099,-3.4822689530662045,-0.002488522899538452,5.081953107614094e-05
0.0047,-0.0099,-3.481542876605004,-0.00256849771921408,4.060954924595827e-05
0.0048,-0.0099,-3.479547077436488,-0.0025009448083260764,2.7688709781880426e-05
0.0049,-0.0099,-3.4786262342377907,-0.0025915537777193385,1.877313851807378e-05
0.005,-0.0099,-3.476489032474339,-0.002688241830932217,6.930869584151719e-06
0.0051,-0.0099,-3.474397855729759,-0.002743485250968192,-6.144783928810802e-06
0.005200000000000001,-0.0099,-3.4726560038119247,-0.0026084036644137584,-1.7573759258734798e-05
0.0053,-0.0099,-3.470988659569191,-0.0026363419768815136,-3.0779240306780224e-05
0.0054,-0.0099,-3.468085240985744,-0.0025009568126119945,-4.354915823714172e-05
0.0055,-0.0099,-3.465578110022347,-0.0024506689893515204,-5.545733204674369e-05
0.0056,-0.0099,-3.4634312367595124,-0.002338352548476325,-7.393288499272819e-05
0.005700000000000001,-0.0099,-3.4632500655903873,-0.0022587347802844548,-7.90438696777022e-05
0.0058,-0.0099,-3.459888394339444,-0.0021419297831382087,-8.75655367507164e-05
0.0059,-0.0099,-3.4595713414929934,-0.002049312235065157,-0.00011214057255141746
0.006,-0.0099,-3.4581296500534093,-0.001911571331840134,-0.00010362848035272762
0.0061,-0.0099,-3.4573814200502597,-0.0017474754753226988,-0.00012273722281069135
0.0062,-0.0099,-3.456449308329481,-0.0015600014680769748,-0.000123057161319309
0.0063,-0.0099,-3.4564456037911717,-0.0014048379055904285,-0.00012352346477391917
0.0064,-0.0099,-3.4562207230837756,-0.001221193172202017,-0.00013495113480298753
0.006499999999999999,-0.0099,-3.4572264072204884,-0.0010169679347169184,-0.00014273151079890523
0.006600000000000001,-0.0099,-3.4577127716862273,-0.000834149241809418,-0.00013779633438163537
0.0067,-0.0099,-3.461984962234996,-0.000667416335307205,-0.00013396948100355923
0.0068,-0.0099,-3.4634992246411387,-0.00048606746929031887,-0.0001244109856853649
0.0069,-0.0099,-3.4673549057128947,-0.0003680033781801902,-0.0002011885811938267
0.006999999999999999,-0.0099,-3.4672271395213796,-0.00017480396987785697,-6.205233916430497e-05
0.007100000000000001,-0.0099,-3.4786146050780666,-0.00010273274675174812,-9.66772856941035e-05
0.0072,-0.0099,-3.4791447210185344,2.004235270000685e-05,-4.252562748419842e-05
0.0073,-0.0099,-3.4774640378961146,0.00030565391286438654,-3.4866820253227646e-05
0.0074,-0.0099,-3.487782848130009,0.0005285607795120948,-9.013949797927488e-05
0.0075,-0.0099,-3.4931040179476733,0.0004861224009878873,-0.0001558222596327876
0.0076,-0.0099,-3.4981373110262006,0.0004452393959512725,-4.661345917098224e-05
0.0077,-0.0099,-3.489791376271595,0.0005898756009586614,3.691399043734334e-05
0.0078,-0.0099,-3.5065195957789848,0.0008416790742349309,-3.4056317198321836e-05
0.0079,-0.0099,-3.519130229983215,0.0007052527044550185,-8.590494537975298e-05
0.008,-0.0099,-3.5076982010266557,0.0007217800760011858,2.497346236935996e-05
0.0081,-0.0099,-3.517358269246991,0.0008091502458481311,2.5406202364713633e-05
0.0082,-0.0099,-3.523504443597398,0.0007454234484827353,-5.165060851449518e-06
0.0083,-0.0099,-3.5217969947843923,0.0007580377864335063,9.591495300748099e-06
0.0084,-0.0099,-3.527875332143494,0.0007389899893028751,1.728132549753225e-05
0.0085,-0.0099,-3.530217634810904,0.0007008835909877831,2.9251400024874355e-05
0.0086,-0.0099,-3.532105559096092,0.000670216777613175,3.472532609623079e-05
0.0087,-0.0099,-3.5351023512809223,0.0006234224063156341,4.3516407114529244e-05
0.0088,-0.0099,-3.536455247501593,0.000565050963793802,4.141980412941453e-05
0.0089,-0.0099,-3.5376953371048727,0.0005055605231313518,4.769203053100385e-05
0.009,-0.0099,-3.5396072935159655,0.0004406971491442268,4.833860597729475e-05
0.0091,-0.0099,-3.5401653689247374,0.00037862133184009684,4.812847720952246e-05
0.0092,-0.0099,-3.540233535317947,0.0003094312156154925,4.846694810076622e-05
0.0093,-0.0099,-3.540457219731385,0.00025006951407309367,4.689475020136695e-05
0.0094,-0.0099,-3.541167885520383,0.0001900201645735923,4.4591258836841426e-05
0.0095,-0.0099,-3.540751088232513,0.00013703130853103955,4.102733366376332e-05
0.0096,-0.0099,-3.5402087860635905,8.848426604724404e-05,3.36460219296505e-05
0.0097,-0.0099,-3.540209498672568,4.806942983316375e-05,2.4837232531477173e-05
0.0098,-0.0099,-3.5395459030497207,2.0337061735464216e-05,1.5309794628491095e-05
0.0099,-0.0099,-3.5395550918546994,5.8217438137116975e-06,5.458486805332749e-06
0.01,-0.0099,-3.539611516376374,0.0,0.0
0.0,-0.0098,-3.4217745822384735,0.0,0.0
0.0001,-0.0098,-3.4232096419373206,9.201303413125786e-06,-1.722916661415252e-05
0.0002,-0.0098,-3.4228417683808607,4.539016981195649e-05,-4.4885425308953794e-05
0.0003,-0.0098,-3.424437170678253,7.214326125708945e-05,-3.632803027123743e-05
0.0004,-0.0098,-3.423958296146746,8.293057873702715e-05,-4.2966779828491294e-05
0.0005,-0.0098,-3.4229240215799996,8.151237127332419e-05,-5.207195812943122e-05
0.0006,-0.0098,-3.4213893534384714,0.00019776400467252676,-3.569726991122628e-05
0.0007,-0.0098,-3.4231805837836182,0.00019870904556436018,-1.3105924813345248e-05
0.0008,-0.0098,-3.4264310704717356,0.00013976901392319567,-1.0375499878372919e-05
0.0009,-0.0098,-3.4223827225077805,0.00010400009538693456,-3.51109791062267e-05
0.001,-0.0098,-3.4230513421138595,0.00019633844040298334,-5.265679833044678e-06
0.0011,-0.0098,-3.4246827357046277,0.00016783394715144388,6.402922720513945e-06
0.0012,-0.0098,-3.4250198791451174,0.00017326142128459886,1.4074044534874192e-05
0.0013000000000000002,-0.0098,-3.4271542005148037,-3.365694366563865e-06,6.735847471480332e-05
0.0014,-0.0098,-3.4303384248998867,1.8652688994328425e-05,6.469103720824036e-05
0.0015,-0.0098,-3.428851118554435,6.133234753404725e-05,3.78544215813143e-05
0.0016,-0.0098,-3.435377299398506,-4.701362683464227e-05,0.0001448965558530231
0.0017,-0.0098,-3.43230023439492,-0.00020119328633301108,0.00012890310753234008
0.0018,-0.0098,-3.4327977608542386,-0.00015823824129451356,8.270100032735082e-05
0.0019,-0.0098,-3.4359677409629095,-0.00026907565481484934,0.00010779102636902399
0.002,-0.0098,-3.436521085916883,-0.0003709213505768592,4.6300078558713734e-05
0.0021,-0.0098,-3.4391788515002055,-0.00046446338253738515,0.00010927442695528975
0.0022,-0.0098,-3.4411799266700274,-0.0006185576120638502,0.0001355268344805215
0.0023,-0.0098,-3.4434656184188315,-0.0007088626983752926,0.0001371152074355116
0.0024,-0.0098,-3.4454362166986496,-0.0008487325031633748,0.00015288180537602325
0.0025,-0.0098,-3.4478320731878136,-0.0009852452228163086,0.00016080233401045356
0.0026000000000000003,-0.0098,-3.4515057657769868,-0.0011138893791175946,0.00017245980161015027
0.0027,-0.0098,-3.4536696469397294,-0.0012769910530499085,0.0001845060538651302
0.0028,-0.0098,-3.454281924442239,-0.0014598469077459796,0.00020139010396332622
0.0029,-0.0098,-3.457649162682077,-0.0016332288783650702,0.00021684492993261388
0.003,-0.0098,-3.4591455896929935,-0.001831451485165959,0.00022321766538368747
0.0031,-0.0098,-3.4617393082932684,-0.0020263528007248735,0.00021077158646695722
0.0032,-0.0098,-3.462904334405074,-0.002221431928728236,0.00020974512547749358
0.0033000000000000004,-0.0098,-3.4668713344647,-0.002437184852780449,0.00024339814388727593
0.0034,-0.0098,-3.469418844868373,-0.0026310103872917213,0.00027017183444695596
0.0034999999999999996,-0.0098,-3.471401785491112,-0.0028765260938610256,0.0002555344466490364
0.0036,-0.0098,-3.4736059477495913,-0.0030611407581827964,0.0002580144248230738
0.0037,-0.0098,-3.475035695557917,-0.0032503320890640165,0.0002601403209876677
0.0038,-0.0098,-3.4763940883184903,-0.003562606250557072,0.0002386339155441452
0.0039,-0.0098,-3.477794535502634,-0.0037608318894057427,0.0001968151664087937
0.004,-0.0098,-3.479338074880725,-0.003920310832250154,0.00025449007820000085
0.0041,-0.0098,-3.4803221725482154,-0.0041791941518301455,0.0002537956372511814
0.0042,-0.0098,-3.4819608703081535,-0.004268524848605024,0.0001939318332865956
0.0043,-0.0098,-3.4827823435733434,-0.004484816915418345,0.00020382672742946383
0.0044,-0.0098,-3.4821807284926036,-0.0046044490025849176,0.0001913020741158047
0.0045,-0.0098,-3.4825037673003645,-0.004753113880870334,0.00016965220514756285
0.0046,-0.0098,-3.4814249292776975,-0.004940947770732133,0.00014184916813809136
0.0047,-0.0098,-3.4810261329426653,-0.0049436316002578655,0.00011214072919488731
0.0048,-0.0098,-3.480383240231005,-0.005211530796262504,7.806311729527659e-05
0.0049,-0.0098,-3.4786841424445676,-0.005177954450658384,4.6573976368201996e-05
0.005,-0.0098,-3.4766206167803855,-0.0050388917238934645,1.1620534277959614e-05
0.0051,-0.0098,-3.4750027533396417,-0.005110540284421356,-2.3388569779666333e-05
0.005200000000000001,-0.0098,-3.473223863494204,-0.005025490837672665,-6.17193049058539e-05
0.0053,-0.0098,-3.4723130046159127,-0.004979314531666361,-0.00010302711003878792
0.0054,-0.0098,-3.468901555713467,-0.004910268987897409,-0.00014122045576338478
0.0055,-0.0098,-3.466488077391142,-0.004740193530531654,-0.00016583783061795544
0.0056,-0.0098,-3.4645930679196693,-0.004697045500789411,-0.00021271840432358007
0.005700000000000001,-0.0098,-3.4639314070239755,-0.004350858912395302,-0.0002305337467260222
0.0058,-0.0098,-3.4628535305395323,-0.00411536637838351,-0.00027509738919007575
0.0059,-0.0098,-3.461537255145436,-0.003971601695151125,-0.00031275486359903445
0.006,-0.0098,-3.45847945991471,-0.0036430803714966767,-0.0003331437840046643
0.0061,-0.0098,-3.4578426694511712,-0.0033998591425906085,-0.000351928875036146
0.0062,-0.0098,-3.4582665966049326,-0.0031114515258465186,-0.0003648251559969525
0.0063,-0.0098,-3.457130034850066,-0.0027594410441309186,-0.00037687178112583397
0.0064,-0.0098,-3.459954189312482,-0.0024652124682880082,-0.00038970797151623344
0.006499999999999999,-0.0098,-3.4598095805566262,-0.002144971454284551,-0.0003966113466580915
0.006600000000000001,-0.0098,-3.460146296870431,-0.0018258242050993162,-0.0003731388338581775
0.0067,-0.0098,-3.4625344297295255,-0.0014570829777029541,-0.0004021417663837769
0.0068,-0.0098,-3.4651168550086173,-0.0011739802523981135,-0.0003684470402052072
0.0069,-0.0098,-3.4671425384808754,-0.0008636142084467633,-0.0004005782427351873
0.006999999999999999,-0.0098,-3.47052335260868,-0.0005968053899233841,-0.000280387735199188
0.007100000000000001,-0.0098,-3.4734331997633165,-0.00016534653473770176,-0.00033798512524363486
0.0072,-0.0098,-3.4781362256238695,-3.703661696987798e-05,-0.0002563326398556151
0.0073,-0.0098,-3.4828709284858714,0.0002791064342339344,-0.00027998973286187374
0.0074,-0.0098,-3.486015075024626,0.00048801487507696244,-0.0003490429857962127
0.0075,-0.0098,-3.4910992731933965,0.0007565261924454795,-0.00023296335758079794
0.0076,-0.0098,-3.497367577404896,0.0007372408475849062,-0.00016693514466098412
0.0077,-0.0098,-3.500137467292988,0.0009480760438003989,-9.880154916324041e-05
0.0078,-0.0098,-3.502246495170779,0.0011452322752208283,-0.00012352244661868218
0.0079,-0.0098,-3.5117342880075997,0.0012036768509645788,-9.026188819693299e-05
0.008,-0.0098,-3.5129213469829756,0.0012321513796384376,6.428981904333114e-06
0.0081,-0.0098,-3.516813199087036,0.0013443451769609713,7.50650406453337e-06
0.0082,-0.0098,-3.5232432995136866,0.0013158687083468096,7.60079760057839e-06
0.0083,-0.0098,-3.5218431917414197,0.00125403393610122,3.3532749255786805e-05
0.0084,-0.0098,-3.5266435020100553,0.001290897308537652,5.797036784331226e-05
0.0085,-0.0098,-3.5299529824673033,0.0012478031823919267,6.55869566611247e-05
0.0086,-0.0098,-3.53189406640289,0.0011772653418964394,8.644323018225328e-05
0.0087,-0.0098,-3.536069881375166,0.0010921917811864898,0.00012176415750568214
0.0088,-0.0098,-3.5350636205209556,0.0009941904428024788,0.0001173147995444739
0.0089,-0.0098,-3.538111847852438,0.0009079088013614361,0.00012666819618844315
0.009,-0.0098,-3.538427444218664,0.0007954882606619883,0.00013644923505797164
0.0091,-0.0098,-3.5391306289519324,0.0006904290718076898,0.0001393188098430627
0.0092,-0.0098,-3.5398509701384415,0.0005825295360421672,0.0001378755020500233
0.0093,-0.0098,-3.540378376506457,0.00047317464657531047,0.0001335482004058573
0.0094,-0.0098,-3.5402620451772755,0.00035900825253899033,0.0001261386395785183
0.0095,-0.0098,-3.5404129448437276,0.00026632293988388403,0.00011507873401947233
0.0096,-0.0098,-3.5404792915429404,0.00017355698779646298,9.657270601846907e-05
0.0097,-0.0098,-3.5396689525324616,0.00010014203911241161,7.530021146607582e-05
0.0098,-0.0098,-3.539476255907102,4.8602606336041536e-05,4.844052433331126e-05
0.0099,-0.0098,-3.539460795020817,1.5879356853865456e-05,2.084746932519092e-05
0.01,-0.0098,-3.5388975073091644,0.0,0.0
0.0,-0.0097,-3.4225354338269405,0.0,0.0
0.0001,-0.0097,-3.422811636650179,9.10927874389608e-06,-2.4575594371148556e-05
0.0002,-0.0097,-3.4217121752060065,2.1617169938179732e-05,-6.448324695482035e-05
0.0003,-0.0097,-3.42264585174965,7.241260947663784e-05,-8.72053749306613e-05
0.0004,-0.0097,-3.4218426771645762,8.173418961352616e-05,-6.571021472786657e-05
0.0005,-0.0097,-3.420754992340061,0.0001088774792909997,-6.028585494235904e-05
0.0006,-0.0097,-3.4227935613175795,0.00024286654279431693,-5.237843058105546e-05
0.0007,-0.0097,-3.4239661706005067,0.00016001828515857842,-4.9793090298479715e-05
0.0008,-0.0097,-3.4220101122678526,0.0001972870134522865,-6.6576747290084465e-06
0.0009,-0.0097,-3.4250753185181413,0.00010297015854044152,9.119644167424968e-06
0.001,-0.0097,-3.4251188877638583,0.00012609583248810106,4.952104479201935e-06
0.0011,-0.0097,-3.4259488466600385,0.00013654116455226844,1.6416507205672725e-05
0.0012,-0.0097,-3.425662004173884,0.00011758121925506899,9.440345650134547e-05
0.0013000000000000002,-0.0097,-3.4287202839256845,4.0802501621906366e-05,8.634365077283728e-05
0.0014,-0.0097,-3.4293550273847724,-7.041547860988486e-05,9.838425773151271e-05
0.0015,-0.0097,-3.429733587586583,-0.00014281697140852996,0.00010724968163371027
0.0016,-0.0097,-3.432649778969646,-0.00020900900067803664,0.00016569355757179002
0.0017,-0.0097,-3.432987308508657,-0.00031100865571511,0.0001680317523491319
0.0018,-0.0097,-3.4337176435359087,-0.00042116435479543557,0.00019211894081658362
0.0019,-0.0097,-3.4358323342184853,-0.0005853224024105393,0.00020907285201250187
0.002,-0.0097,-3.4379690154206033,-0.0007157196492696986,0.00023957435094104933
0.0021,-0.0097,-3.4394617902054767,-0.0008832224916871702,0.0002383906096959146
0.0022,-0.0097,-3.4413482549560213,-0.0010447090218429194,0.0002569050371701639
0.0023,-0.0097,-3.443054420769254,-0.0012361311542900722,0.00029317253545709394
0.0024,-0.0097,-3.4454003099226744,-0.0014378697450140347,0.0003227300062847945
0.0025,-0.0097,-3.446469115587887,-0.001664212883639822,0.00034274107851353826
0.0026000000000000003,-0.0097,-3.4493880745410963,-0.001889540724665708,0.0003705856364190057
0.0027,-0.0097,-3.450955572037042,-0.002127948788224395,0.0003943615414549605
0.0028,-0.0097,-3.454796650971637,-0.0023806612045981696,0.0004197890988840835
0.0029,-0.0097,-3.456914544033934,-0.0026532868149342394,0.0004355092462649424
0.003,-0.0097,-3.460024606810941,-0.0029299511161168575,0.000469369646061882
0.0031,-0.0097,-3.4606533774811084,-0.0032441037621636034,0.00046982292980635425
0.0032,-0.0097,-3.4644113206515628,-0.003549398790039722,0.0005066296443949891
0.0033000000000000004,-0.0097,-3.466144270698813,-0.0037784594548161857,0.0004999400694326747
0.0034,-0.0097,-3.4676308944243672,-0.004171126145362517,0.0005222412818746508
0.0034999999999999996,-0.0097,-3.4698201795372254,-0.004431491570790599,0.0005339436562093526
0.0036,-0.0097,-3.4727730655471323,-0.004792893909349181,0.0005389101819119858
0.0037,-0.0097,-3.4749967309236385,-0.005090184339186507,0.0004961374457945859
0.0038,-0.0097,-3.476268485881719,-0.005358041592803172,0.0005505212243565637
0.0039,-0.0097,-3.478729299169328,-0.0056153712969598535,0.0004863003911085393
0.004,-0.0097,-3.479484794109732,-0.0060187509417773555,0.0004905343866864643
0.0041,-0.0097,-3.480539709954697,-0.006127735639941913,0.00044721632320732804
0.0042,-0.0097,-3.481577669317293,-0.006507671395406116,0.0003902061647864533
0.0043,-0.0097,-3.4819474352642446,-0.006932698427091816,0.0003646470375474633
0.0044,-0.0097,-3.4829152601389883,-0.006798117556259283,0.0003509189488747452
0.0045,-0.0097,-3.481958037338212,-0.00696620389091111,0.000294234068164462
0.0046,-0.0097,-3.4815913335273794,-0.007269091648344309,0.000256789762349817
0.0047,-0.0097,-3.481070387271592,-0.007313819619809012,0.0002055931332529985
0.0048,-0.0097,-3.480312327280853,-0.007446281251620945,0.00013691198101046617
0.0049,-0.0097,-3.479348167538078,-0.0075547656079287045,6.777717850806056e-05
0.005,-0.0097,-3.4786288460714014,-0.007508692182285607,5.7207136533685165e-06
0.0051,-0.0097,-3.4766428010095995,-0.007602813823594032,-6.516205580760994e-05
0.005200000000000001,-0.0097,-3.47543599422137,-0.007372042208052054,-0.00013235971269687054
0.0053,-0.0097,-3.4728139168803946,-0.007314972399078042,-0.00021939388613425746
0.0054,-0.0097,-3.4704602707798737,-0.007084145002026524,-0.0002789620846372195
0.0055,-0.0097,-3.469251382047385,-0.006876225196703122,-0.0003287670150384958
0.0056,-0.0097,-3.4661729298028767,-0.0066062812460202435,-0.0004043036185724274
0.005700000000000001,-0.0097,-3.4659936566796072,-0.006257607967554759,-0.0004907480807061434
0.0058,-0.0097,-3.4632548685260622,-0.006073345354885568,-0.0005694945936090649
0.0059,-0.0097,-3.461275701264505,-0.0057774047858479135,-0.000608177814758908
0.006,-0.0097,-3.460189820962452,-0.005410984633218648,-0.0006288786651294985
0.0061,-0.0097,-3.4586237831128135,-0.004949733553524543,-0.0006897685669894126
0.0062,-0.0097,-3.460053194418656,-0.00460455039471045,-0.0006941834492557503
0.0063,-0.0097,-3.4588419943910904,-0.004166930042453819,-0.0007546946293510326
0.0064,-0.0097,-3.4590203269402062,-0.0037116583704937325,-0.0008050750453427006
0.006499999999999999,-0.0097,-3.460303591357548,-0.0032864876395719087,-0.0007781564952448138
0.006600000000000001,-0.0097,-3.4619969573627416,-0.002842452814821026,-0.0007763597795976276
0.0067,-0.0097,-3.463090830899857,-0.002377203885782454,-0.0007758649332007883
0.0068,-0.0097,-3.466564101577336,-0.001913216512492309,-0.0007850543816877135
0.0069,-0.0097,-3.469353834485178,-0.0015547239070319563,-0.0007490065738234225
0.006999999999999999,-0.0097,-3.472770477376813,-0.0010932069820558177,-0.0007124389370626511
0.007100000000000001,-0.0097,-3.4764286393866097,-0.0007233207030340012,-0.0006422282868507872
0.0072,-0.0097,-3.4803511416921222,-0.00027049675109620585,-0.0005979460091750405
0.0073,-0.0097,-3.483903445281231,0.00010714531989035672,-0.0005538874567356099
0.0074,-0.0097,-3.487831780023887,0.00038625757488059136,-0.0005114977197363208
0.0075,-0.0097,-3.492516401797191,0.000582666864002809,-0.00044073601990971174
0.0076,-0.0097,-3.4964618535561445,0.0008332294311146071,-0.0003522703147060373
0.0077,-0.0097,-3.501729608021404,0.0010853259379097495,-0.0003011045030529517
0.0078,-0.0097,-3.5053725766107737,0.0012691493075883847,-0.00024503398498228413
0.0079,-0.0097,-3.507938869689327,0.0014322274491373123,-0.000150691138685739
0.008,-0.0097,-3.5134846203458605,0.0015854375158719878,-9.083538565571633e-05
0.0081,-0.0097,-3.5172534728466833,0.0015457239447334602,-8.116936625969366e-05
0.0082,-0.0097,-3.522256899773298,0.00162676977413889,9.977607200351187e-08
0.0083,-0.0097,-3.523892711594879,0.001634775468449441,-3.7850755207932514e-07
0.0084,-0.0097,-3.5271482620108543,0.0016340543723407154,7.103163304799654e-05
0.0085,-0.0097,-3.5272242185101312,0.0016039745390656987,0.00013789677779343386
0.0086,-0.0097,-3.5324739377824153,0.0015418065076371846,0.00021061279007598025
0.0087,-0.0097,-3.534790182536741,0.0014039665839307176,0.00020901269436793529
0.0088,-0.0097,-3.533983753585554,0.0013232141623092464,0.0002198183785092114
0.0089,-0.0097,-3.538727534609068,0.0012141769952488317,0.00024300009261407716
0.009,-0.0097,-3.5373832384605453,0.0010628387943983444,0.0002610373537396297
0.0091,-0.0097,-3.538683469324369,0.0009209399162204472,0.0002612046865683007
0.0092,-0.0097,-3.5393795110202846,0.0007894914232020362,0.00026370794772075085
0.0093,-0.0097,-3.53921374051128,0.0006421531941997042,0.00025816148261840306
0.0094,-0.0097,-3.539690885368891,0.0005048894779163764,0.00024373369234261446
0.0095,-0.0097,-3.5396314832715428,0.00037463885856546964,0.00022284263408721262
0.0096,-0.0097,-3.539642052356053,0.0002558370940842158,0.00019175388198829538
0.0097,-0.0097,-3.5392825081418335,0.00015043988224372376,0.00015172530887488017
0.0098,-0.0097,-3.5389994592231964,7.7532785315656e-05,0.00010211801857182388
0.0099,-0.0097,-3.5391454331753676,2.5732468390542664e-05,4.642523790234658e-05
0.01,-0.0097,-3.5391041595194412,0.0,0.0
0.0,-0.0096,-3.422855376158746,0.0,0.0
0.0001,-0.0096,-3.4238939118144676,6.814248802544676e-06,-4.5809531482397265e-05
0.0002,-0.0096,-3.4223063198273302,2.9065520918380256e-05,-9.816729996115872e-05
0.0003,-0.0096,-3.4223195747341273,7.622747597691756e-05,-0.00012059986324388077
0.0004,-0.0096,-3.4220458356715473,0.00011052712271524386,-0.00012021237260602625
0.0005,-0.0096,-3.422707493473903,0.00012432136109281016,-7.67266485068112e-05
0.0006,-0.0096,-3.4242244383168443,0.00016208799323735304,-8.179851789459695e-05
0.0007,-0.0096,-3.4246937492162894,0.0001690927363938836,-5.798675772929218e-05
0.0008,-0.0096,-3.4220698973897714,0.00017458651081457468,-2.391982417301571e-05
0.0009,-0.0096,-3.423788775787253,8.516596047337313e-05,3.2491696521468246e-05
0.001,-0.0096,-3.4247306726589914,9.361144190109571e-05,7.722835682577386e-05
0.0011,-0.0096,-3.426220469226099,4.956979163277184e-05,9.375732100016096e-05
0.0012,-0.0096,-3.4269588209244395,-4.206330861459612e-05,0.00015536037936348486
0.0013000000000000002,-0.0096,-3.4274690567482438,-0.00011573969669363624,0.00016241541013424133
0.0014,-0.0096,-3.428555264968627,-0.00020715512096371278,0.00018678337601772755
0.0015,-0.0096,-3.4300707809553153,-0.00034829008750944724,0.00021808108159527143
0.0016,-0.0096,-3.4307956241195856,-0.0004904761988060439,0.0002547262447191295
0.0017,-0.0096,-3.4317601078749047,-0.0006341968056149997,0.00029402727668533066
0.0018,-0.0096,-3.4341522305131,-0.000791231057439095,0.0003547622647448311
0.0019,-0.0096,-3.4353464425436946,-0.0009632672480300712,0.0003725776660732497
0.002,-0.0096,-3.4369911442800514,-0.00118670631549966,0.0004241108297199892
0.0021,-0.0096,-3.438320738661364,-0.0014055490933777403,0.00044452759019172005
0.0022,-0.0096,-3.4410340367356516,-0.001619161159990739,0.0004902473046220019
0.0023,-0.0096,-3.442789644184984,-0.0018824047234694706,0.000530695988411091
0.0024,-0.0096,-3.4446217731387088,-0.0021558461078257274,0.0005676121933407629
0.0025,-0.0096,-3.44687497901558,-0.0024565486676687456,0.0006032685308965044
0.0026000000000000003,-0.0096,-3.4475177254682237,-0.002765592906965955,0.0006591995292368468
0.0027,-0.0096,-3.4504830726429834,-0.003075062079772066,0.0006902846790665207
0.0028,-0.0096,-3.453918900134639,-0.003457534009437553,0.0007322514630823542
0.0029,-0.0096,-3.4558422893856005,-0.0037978280961950116,0.000757011278818488
0.003,-0.0096,-3.4582162780071073,-0.004145956302612096,0.000771219343057927
0.0031,-0.0096,-3.4595375147717498,-0.00452222434447524,0.0007970979412465799
0.0032,-0.0096,-3.463801178918985,-0.004987482657145612,0.0008653246462976739
0.0033000000000000004,-0.0096,-3.465668840580278,-0.005259224467318795,0.0008443453987733229
0.0034,-0.0096,-3.468770997285744,-0.0057204210763172674,0.0008493233789250215
0.0034999999999999996,-0.0096,-3.470674820184128,-0.006134208681975038,0.0008768250652775808
0.0036,-0.0096,-3.472130210325016,-0.006445419556380106,0.0008979475176786836
0.0037,-0.0096,-3.4746425038867943,-0.00695044355739627,0.0008760471827600876
0.0038,-0.0096,-3.4767776746422134,-0.007216683605331187,0.0008489156634168736
0.0039,-0.0096,-3.4777544915665706,-0.007448966736980942,0.0007625449162030799
0.004,-0.0096,-3.479796624785796,-0.008102668005853315,0.0008038020129207775
0.0041,-0.0096,-3.4814708813796544,-0.008206999492275893,0.0007439437498840602
0.0042,-0.0096,-3.4819681034244283,-0.008588765561651052,0.0006870364151870299
0.0043,-0.0096,-3.482667928892769,-0.008843978041487505,0.0006107507319802518
0.0044,-0.0096,-3.4827821244219326,-0.009172283296446555,0.0005352695902360217
0.0045,-0.0096,-3.482679631668136,-0.009143366983093119,0.0004807810494391841
0.0046,-0.0096,-3.4823944577208006,-0.00950440350644252,0.00039586667002558247
0.0047,-0.0096,-3.4821650825982893,-0.00964369826675452,0.0002887077213593905
0.0048,-0.0096,-3.4810810724757464,-0.009765514994148298,0.00019859758251593567
0.0049,-0.0096,-3.4811174344801215,-0.009529948331425668,9.149272124982749e-05
0.005,-0.0096,-3.4783849304019876,-0.009421750318827216,-2.1354084008586867e-05
0.0051,-0.0096,-3.477741726419458,-0.009561698152927081,-0.00013299308030460547
0.005200000000000001,-0.0096,-3.475844951663464,-0.00952399581430901,-0.0002474873963438403
0.0053,-0.0096,-3.4743502304002654,-0.009222798984359737,-0.00037596961878445974
0.0054,-0.0096,-3.4722014320481023,-0.009105091162200428,-0.00048597377691481477
0.0055,-0.0096,-3.469561248993559,-0.008952020119302666,-0.0006002114562807785
0.0056,-0.0096,-3.467661129533259,-0.008631216466439934,-0.0007206226559184997
0.005700000000000001,-0.0096,-3.4655017934133694,-0.008183112006330635,-0.0007998993284293724
0.0058,-0.0096,-3.4640056063873197,-0.008001282787565732,-0.0009194618630037412
0.0059,-0.0096,-3.4626154448840665,-0.007498601293869545,-0.0010173476929081309
0.006,-0.0096,-3.4618144872024246,-0.007086808771828815,-0.001104707388815197
0.0061,-0.0096,-3.461322094281949,-0.006675080019493296,-0.0011671932892962117
0.0062,-0.0096,-3.4603984427606864,-0.006113715804045235,-0.001201121142639739
0.0063,-0.0096,-3.459785560387337,-0.005596615461059314,-0.0011717291490958828
0.0064,-0.0096,-3.461078737378567,-0.005126605324851485,-0.0012983258483819163
0.006499999999999999,-0.0096,-3.4633502390244795,-0.004571258203227488,-0.0013009533487356837
0.006600000000000001,-0.0096,-3.464304003624759,-0.003967014860878426,-0.0013358448710370542
0.0067,-0.0096,-3.4655588611245545,-0.0034264688684563396,-0.0012813407381937322
0.0068,-0.0096,-3.468061505641568,-0.002873658230715929,-0.0012497050186678947
0.0069,-0.0096,-3.471045993375666,-0.0023554688094492683,-0.0012290832378295457
0.006999999999999999,-0.0096,-3.474321306615515,-0.0018591096539199111,-0.001139537994968645
0.007100000000000001,-0.0096,-3.4776709216619195,-0.0013193181266062991,-0.0010583849517006114
0.0072,-0.0096,-3.481223643880479,-0.000906689783797734,-0.0010172206023149365
0.0073,-0.0096,-3.4850609577169984,-0.00045472481499331843,-0.0009430162075519536
0.0074,-0.0096,-3.4895903758158617,-2.486793224058138e-05,-0.0008432258888363237
0.0075,-0.0096,-3.4930652770429442,0.0003560014014175141,-0.0007732305430614121
0.0076,-0.0096,-3.4972071736985253,0.0007388439105609261,-0.0006311342746254216
0.0077,-0.0096,-3.502147091967099,0.0009406453590788153,-0.0005348063184423045
0.0078,-0.0096,-3.505499662423911,0.001213371312597984,-0.00042400077628267617
0.0079,-0.0096,-3.5087923498875226,0.0014229279438248022,-0.0002946173991108549
0.008,-0.0096,-3.514071556881101,0.0015957386728319544,-0.0002405908935942401
0.0081,-0.0096,-3.518200079711974,0.0017168861449208478,-0.00012614079479189713
0.0082,-0.0096,-3.5226748730414315,0.0017005545800415568,-6.211331112018133e-05
0.0083,-0.0096,-3.521867061086364,0.0017485199828695718,2.8980935492274424e-06
0.0084,-0.0096,-3.525772190307299,0.0018777922154014318,0.00013663424809802813
0.0085,-0.0096,-3.527088099000119,0.0017404600371496407,0.00024737240441885993
0.0086,-0.0096,-3.5292235809158794,0.0017640742674350813,0.0002533535817055701
0.0087,-0.0096,-3.5366560717516307,0.0016521903247428815,0.000267274640094127
0.0088,-0.0096,-3.5338077580829834,0.0015032395585586672,0.0003573553796730164
0.0089,-0.0096,-3.5346767882750267,0.0014343083693744883,0.000379478013551864
0.009,-0.0096,-3.538064942193148,0.0012595969920959798,0.0004050966288550488
0.0091,-0.0096,-3.538195651752279,0.0010854986021068397,0.00041254668857648795
0.0092,-0.0096,-3.5389012845724577,0.0009433601844617945,0.0004157411663099614
0.0093,-0.0096,-3.5392831083810528,0.0007677458514029696,0.0004135953558884154
0.0094,-0.0096,-3.539259952417999,0.0006162694945513923,0.0003970736545765791
0.0095,-0.0096,-3.539432417786017,0.0004587878236081488,0.00036746196874256324
0.0096,-0.0096,-3.5389255921222165,0.0003167921413738646,0.00031939474021678817
0.0097,-0.0096,-3.539303213514327,0.00019341543924516783,0.00025582115502651267
0.0098,-0.0096,-3.53848376007447,0.0001019700125087605,0.00017306167413583465
0.0099,-0.0096,-3.53839995960838,3.43695401831878e-05,8.795937139407226e-05
0.01,-0.0096,-3.5383971947002255,0.0,0.0
0.0,-0.0095,-3.421881797337016,0.0,0.0
0.0001,-0.0095,-3.422426025323551,-1.853229112021797e-05,-5.317643906561603e-05
0.0002,-0.0095,-3.4208836498667305,3.17834988376648e-05,-8.309160040094692e-05
0.0003,-0.0095,-3.4216860360076033,5.8493433625911874e-05,-2.2446509619116667e-05
0.0004,-0.0095,-3.4216382841185258,9.361437892209135e-05,-6.800563405126117e-05
0.0005,-0.0095,-3.4244406657403794,0.00011539089597441916,-9.159654270088484e-05
0.0006,-0.0095,-3.423777001049425,9.676246658494896e-05,-8.468308370396961e-05
0.0007,-0.0095,-3.422271279340363,6.995192052702184e-05,-4.542780979207642e-05
0.0008,-0.0095,-3.4223321489073566,4.8763800824062726e-06,-8.632101950701915e-06
0.0009,-0.0095,-3.423879712203035,1.8154323501966015e-05,6.950107405489354e-05
0.001,-0.0095,-3.424948427741197,-3.490472464427585e-05,0.00011439340539161204
0.0011,-0.0095,-3.426245140963228,-0.00012350443597388997,0.00016926047337193346
0.0012,-0.0095,-3.426653358351229,-0.0002184909974824935,0.00023968441111191642
0.0013000000000000002,-0.0095,-3.4276633694410874,-0.0003226448813259686,0.00027785733832052167
0.0014,-0.0095,-3.427952021338209,-0.00046822556114366627,0.00031128991866359747
0.0015,-0.0095,-3.4303133570735143,-0.0005977962697288357,0.00037058421355914056
0.0016,-0.0095,-3.431339158024983,-0.0008199788315412515,0.00042692932912983004
0.0017,-0.0095,-3.432700843007193,-0.001010549781755331,0.0004900322586917684
0.0018,-0.0095,-3.432713684647495,-0.0012265540958662806,0.0005450115822851038
0.0019,-0.0095,-3.4348771746390576,-0.001451853164854808,0.0005945249533204809
0.002,-0.0095,-3.4360115093368595,-0.001713840898976314,0.0006511692487073371
0.0021,-0.0095,-3.4381173147883093,-0.002014112747284664,0.0007136255181380754
0.0022,-0.0095,-3.440009457667448,-0.002316413534773731,0.0007704108347023237
0.0023,-0.0095,-3.4416092025549188,-0.0026322167424162306,0.0008261485482942724
0.0024,-0.0095,-3.443465668401548,-0.002994365670794458,0.0008919124895433305
0.0025,-0.0095,-3.44665629795173,-0.0033648667431147613,0.0009357526230389844
0.0026000000000000003,-0.0095,-3.4479032958855886,-0.0037223391078247945,0.001003910954616142
0.0027,-0.0095,-3.4501633586969094,-0.004147983747862201,0.0010674020842641034
0.0028,-0.0095,-3.4525895397199085,-0.004593458297302562,0.0010909834973333453
0.0029,-0.0095,-3.4548239162871655,-0.005008125438458316,0.0011267890884284941
0.003,-0.0095,-3.4581187953245767,-0.005511443684991942,0.0011920142273236585
0.0031,-0.0095,-3.460442007301596,-0.005916198360284836,0.0012324439367457176
0.0032,-0.0095,-3.4627836087815935,-0.006460355492362763,0.0012866366565970466
0.0033000000000000004,-0.0095,-3.4656498360582213,-0.006849810419537892,0.001328550652633747
0.0034,-0.0095,-3.468051253553304,-0.007245770902521625,0.0013021995999219415
0.0034999999999999996,-0.0095,-3.4701354408061063,-0.0077603979889330965,0.0013239027784257514
0.0036,-0.0095,-3.472288954202548,-0.008184505692559333,0.0013109502989250108
0.0037,-0.0095,-3.4740195841818386,-0.00879758311543635,0.0012578304579057933
0.0038,-0.0095,-3.477186599484057,-0.009320165506565099,0.0012036123673390107
0.0039,-0.0095,-3.478215525834933,-0.00945397482385335,0.0011860363862277316
0.004,-0.0095,-3.4804409960144382,-0.009739377384722442,0.0011547738745357771
0.0041,-0.0095,-3.481893909348466,-0.010063669665534535,0.0010911065794251254
0.0042,-0.0095,-3.4826161579212895,-0.010436994025132621,0.0010093358924861083
0.0043,-0.0095,-3.483447238484337,-0.010854552590141259,0.0009152183611466109
0.0044,-0.0095,-3.484219061330726,-0.011167425409016283,0.000771801455591753
0.0045,-0.0095,-3.4842794613337866,-0.011534853545811477,0.0006652298258870937
0.0046,-0.0095,-3.4843078959498124,-0.011531541057789372,0.0005291564876299679
0.0047,-0.0095,-3.483518180191431,-0.011644724835832683,0.00039032317470160934
0.0048,-0.0095,-3.4835654132243166,-0.012066170119987797,0.0002466348657240063
0.0049,-0.0095,-3.4825461211634585,-0.012060344351573788,9.735677638246345e-05
0.005,-0.0095,-3.4811415711229112,-0.011761816758641292,-6.32927956228982e-05
0.0051,-0.0095,-3.4794379930649817,-0.01181513986299061,-0.0002311272596677775
0.005200000000000001,-0.0095,-3.477790319384934,-0.011667785525398445,-0.00038069319471988435
0.0053,-0.0095,-3.476541988738955,-0.011514212842927902,-0.0005640454147495688
0.0054,-0.0095,-3.4737467619644797,-0.011215077278150399,-0.0007389131827839935
0.0055,-0.0095,-3.471781220544199,-0.010813401310770451,-0.0008606712402057904
0.0056,-0.0095,-3.4702595352329877,-0.010359884611779372,-0.0010632768384820194
0.005700000000000001,-0.0095,-3.468885871989905,-0.010205649108751918,-0.001183608861258176
0.0058,-0.0095,-3.4677229683781365,-0.0094949912769293,-0.0013377583338904525
0.0059,-0.0095,-3.4660552748105227,-0.009307165814379435,-0.0013912879544303988
0.006,-0.0095,-3.4641927932004437,-0.008774361943199893,-0.0015597304876125606
0.0061,-0.0095,-3.462155227265131,-0.008164636582494323,-0.0016795506768796404
0.0062,-0.0095,-3.4624031124171575,-0.007616388400478166,-0.001710062373873076
0.0063,-0.0095,-3.4623437605078453,-0.007047032639439784,-0.0018164591720369134
0.0064,-0.0095,-3.462715912080435,-0.0064869905452559625,-0.0018681880295781748
0.006499999999999999,-0.0095,-3.4631718984400446,-0.005798889076307004,-0.0018959949721635847
0.006600000000000001,-0.0095,-3.46510204750494,-0.00518417210009459,-0.0018880717886559173
0.0067,-0.0095,-3.4665684775338965,-0.004571840498269262,-0.0018405355811690926
0.0068,-0.0095,-3.469803260834168,-0.003965270678009491,-0.0019004680430815613
0.0069,-0.0095,-3.472140913960581,-0.0032700024172567285,-0.0017914379349988575
0.006999999999999999,-0.0095,-3.474441449148614,-0.0027125822209914732,-0.001703349181491346
0.007100000000000001,-0.0095,-3.4789906756849,-0.002108650009298815,-0.0016344725914214315
0.0072,-0.0095,-3.4821366049654943,-0.0016375591910428638,-0.0015059070042725824
0.0073,-0.0095,-3.4865809489928643,-0.001078763629045227,-0.0013925774987106254
0.0074,-0.0095,-3.4908511580699306,-0.0005901082847104297,-0.0012642906743029832
0.0075,-0.0095,-3.4944567831763313,-0.00014828635442755788,-0.0011366761379244135
0.0076,-0.0095,-3.498688980811139,0.00024873211893526804,-0.0009926597407402715
0.0077,-0.0095,-3.503074922501553,0.0006387607515482567,-0.0008460272708427013
0.0078,-0.0095,-3.5070629300963265,0.0009512901123859108,-0.0006685492046414678
0.0079,-0.0095,-3.511228518773836,0.0012283444269860886,-0.0005402574755790441
0.008,-0.0095,-3.5147515601245325,0.001450114022613385,-0.0003746572763461116
0.0081,-0.0095,-3.5174120686531274,0.0016110034514137173,-0.00027996562533132456
0.0082,-0.0095,-3.5222149305404744,0.001747284850305093,-0.00013840323752636253
0.0083,-0.0095,-3.524173901549898,0.0016868876810454741,3.1830213957485726e-05
0.0084,-0.0095,-3.5266208859250017,0.00195446929378182,0.00012966567337807446
0.0085,-0.0095,-3.528639924437729,0.0018169568608317318,0.0002314701461679742
0.0086,-0.0095,-3.5291997252037617,0.0018653430684522406,0.00028837845990152387
0.0087,-0.0095,-3.5359699169313656,0.0018289933066916936,0.0003958560078633092
0.0088,-0.0095,-3.538273539609584,0.001654474645658496,0.000503985138315116
0.0089,-0.0095,-3.5359097056537103,0.0014878369254277362,0.0005184202375976798
0.009,-0.0095,-3.537322738397858,0.0013579318435417219,0.0005304555373960481
0.0091,-0.0095,-3.5371261155995524,0.0011959213120849668,0.0005626661060980637
0.0092,-0.0095,-3.5382826749421583,0.001054080571010916,0.000587146804575447
0.0093,-0.0095,-3.5391026959563527,0.0008708449378300513,0.0005852955538650335
0.0094,-0.0095,-3.539598336488192,0.0006910415353004325,0.0005622725179932844
0.0095,-0.0095,-3.539817173316806,0.0005127987734821073,0.0005145983463236457
0.0096,-0.0095,-3.539726620027645,0.0003627269499760242,0.0004548562039411047
0.0097,-0.0095,-3.5391585967497785,0.0002249146646126399,0.0003759886409688721
0.0098,-0.0095,-3.538639596036698,0.00011779424072086332,0.00026175249375518043
0.0099,-0.0095,-3.5379314999410227,4.112486952164706e-05,0.0001422421083919916
0.01,-0.0095,-3.5380214066030953,0.0,0.0
0.0,-0.0094,-3.4227784408134334,0.0,0.0
0.0001,-0.0094,-3.423662611178366,-7.270869177774034e-06,-5.2676359261285246e-05
0.0002,-0.0094,-3.422648689322929,2.088780285247939e-05,-9.441239822929339e-05
0.0003,-0.0094,-3.4258401804113037,3.602083332918272e-05,-0.00011199441801254366
0.0004,-0.0094,-3.4233856214952096,2.602637682006504e-05,-3.7310802513864946e-05
0.0005,-0.0094,-3.4231419748352745,6.254793427106264e-05,-0.0001033697728313748
0.0006,-0.0094,-3.4233282120178896,4.942311307040183e-05,-5.6894621359240754e-05
0.0007,-0.0094,-3.422963176963634,2.0429645191557926e-05,-4.9236463506159915e-06
0.0008,-0.0094,-3.4244277341715055,-2.86947523352182e-05,6.457130787568704e-05
0.0009,-0.0094,-3.424048758439418,-9.824092904324021e-05,0.00012888415264429454
0.001,-0.0094,-3.4244046593044644,-0.0001858138668157124,0.00020646184743543488
0.0011,-0.0094,-3.42509035192686,-0.00029546852556743024,0.00027579992708999713
0.0012,-0.0094,-3.4255733144303786,-0.0004332268367179551,0.00035816166430049185
0.0013000000000000002,-0.0094,-3.4267966739985494,-0.0005756739097891001,0.00042362041646667954
0.0014,-0.0094,-3.4275759629230658,-0.0007875876998366784,0.0004901130589712044
0.0015,-0.0094,-3.428663314271796,-0.0009686970484199431,0.000564699966627771
0.0016,-0.0094,-3.4300981722417663,-0.0012036664729621095,0.0006431576855621328
0.0017,-0.0094,-3.431885176182733,-0.0014697218543359189,0.000729316819770457
0.0018,-0.0094,-3.4328310495064787,-0.001715149579935867,0.0008022128280598538
0.0019,-0.0094,-3.4345491544653464,-0.002016278595545867,0.0008762674686022239
0.002,-0.0094,-3.4361648885640235,-0.0023522801357361493,0.0009580649428026129
0.0021,-0.0094,-3.4382381531750235,-0.002694593411946138,0.0010349043901113951
0.0022,-0.0094,-3.439765481931584,-0.0030746851656464824,0.0011230760139389038
0.0023,-0.0094,-3.440540805703373,-0.003487520202958587,0.0012119996916382326
0.0024,-0.0094,-3.4431413398908957,-0.003898614488850219,0.0012979236435803757
0.0025,-0.0094,-3.4461083481513426,-0.0043610260696815666,0.0014064006028762029
0.0026000000000000003,-0.0094,-3.4482816535118492,-0.004820737526060451,0.0014457713277095038
0.0027,-0.0094,-3.4500252884626166,-0.005350590550180629,0.0014696855187717685
0.0028,-0.0094,-3.451923470722893,-0.0057429795759685286,0.0015352380489325745
0.0029,-0.0094,-3.455588911459345,-0.006279524821028067,0.0015956388959610303
0.003,-0.0094,-3.457041487728134,-0.0068515529295441885,0.001704032496608143
0.0031,-0.0094,-3.460274431931001,-0.007378955945028887,0.0017566578862975649
0.0032,-0.0094,-3.4627065537453467,-0.00787047565506267,0.0017957965101863833
0.0033000000000000004,-0.0094,-3.464927142224212,-0.008574877049326806,0.00180023347236521
0.0034,-0.0094,-3.4681069454447107,-0.00916791356252319,0.0017500804922933808
0.0034999999999999996,-0.0094,-3.4703173338321345,-0.009362208110186822,0.0017568045217577436
0.0036,-0.0094,-3.473349448872827,-0.010206929455339561,0.0017382724484084223
0.0037,-0.0094,-3.4757632119183057,-0.010593383369993922,0.0017428776135367304
0.0038,-0.0094,-3.4781669773063073,-0.010991734169695557,0.0016933921427665156
0.0039,-0.0094,-3.479421115987786,-0.011666690866026421,0.00164586495395584
0.004,-0.0094,-3.481774624135487,-0.01188325988552727,0.0015568105461704928
0.0041,-0.0094,-3.4830206371448957,-0.012523436929352,0.00142745077773614
0.0042,-0.0094,-3.4843596087757307,-0.012636936589267463,0.0012858487141016043
0.0043,-0.0094,-3.485212198532547,-0.0131361833411593,0.0011835234282870305
0.0044,-0.0094,-3.486268273582485,-0.013409934372820696,0.0010122515644113625
0.0045,-0.0094,-3.4866077089026355,-0.013521875261578381,0.0008420670215260368
0.0046,-0.0094,-3.4865876725804967,-0.013412566279492194,0.0006799405405994344
0.0047,-0.0094,-3.4866042862643174,-0.013879768364474288,0.0004990280715766781
0.0048,-0.0094,-3.4857765425649436,-0.013802772774123798,0.0003007182305716616
0.0049,-0.0094,-3.4849721629457684,-0.014191402757957133,9.22437321100738e-05
0.005,-0.0094,-3.4838721465654876,-0.013922803583032628,-0.00011772450856639414
0.0051,-0.0094,-3.482532197867905,-0.013764741255551882,-0.00034773762470867594
0.005200000000000001,-0.0094,-3.4808420422681356,-0.013376013999183546,-0.0005375079887401032
0.0053,-0.0094,-3.479226950376708,-0.013374538376945007,-0.0008016287080383647
0.0054,-0.0094,-3.4769002385941135,-0.013199522953551084,-0.0010092105500311272
0.0055,-0.0094,-3.47536932877276,-0.012609183885427195,-0.0011982370648276949
0.0056,-0.0094,-3.4736104343180756,-0.012412483392189375,-0.0013741344428397362
0.005700000000000001,-0.0094,-3.4710759686965207,-0.012034226841508667,-0.001568581603436866
0.0058,-0.0094,-3.468854705843334,-0.011510604335854045,-0.0018015689962168722
0.0059,-0.0094,-3.468105628655115,-0.010897630650108523,-0.0019691214529970386
0.006,-0.0094,-3.4671111845176865,-0.010349685642910526,-0.002095891054814688
0.0061,-0.0094,-3.465387048851259,-0.009888048630966597,-0.0021710830444698873
0.0062,-0.0094,-3.465494320056567,-0.009305067884274138,-0.002325905847597004
0.0063,-0.0094,-3.464550623002382,-0.008911064233565127,-0.0024486397615145726
0.0064,-0.0094,-3.46569666576293,-0.008032005285439544,-0.00260913282666541
0.006499999999999999,-0.0094,-3.4666064955685245,-0.007173621498305064,-0.0024725409579479775
0.006600000000000001,-0.0094,-3.4673097832922055,-0.006661638680632057,-0.002573051170908753
0.0067,-0.0094,-3.4696864185519645,-0.005924120543926676,-0.002496052831417816
0.0068,-0.0094,-3.4709042840711586,-0.005188088149507224,-0.002447443336956367
0.0069,-0.0094,-3.4731805057262246,-0.0044151693813356705,-0.0024486718234479413
0.006999999999999999,-0.0094,-3.476825150308116,-0.0038253711910397146,-0.0023708134659592758
0.007100000000000001,-0.0094,-3.4802032632307762,-0.0030973532122381877,-0.0022804097436746654
0.0072,-0.0094,-3.48381438594836,-0.002566413998380328,-0.0020550682203618257
0.0073,-0.0094,-3.4877027192242633,-0.0019413706755081362,-0.0019458020088254418
0.0074,-0.0094,-3.491662380941981,-0.0013145469311084067,-0.0017817522617677559
0.0075,-0.0094,-3.4961406281658722,-0.0008094602948545532,-0.0016049846314180084
0.0076,-0.0094,-3.4995517482308736,-0.00033120434495907225,-0.0014116830296784977
0.0077,-0.0094,-3.504261660912183,0.0001056051537017007,-0.001223371622100887
0.0078,-0.0094,-3.508079885665608,0.0005041740677402404,-0.001038010857816284
0.0079,-0.0094,-3.5117858249825367,0.000837223450886197,-0.0008252770194495835
0.008,-0.0094,-3.51541404298725,0.0011258138755835532,-0.0006448441620629463
0.0081,-0.0094,-3.518388165870372,0.0013427382524027712,-0.00039976275382909513
0.0082,-0.0094,-3.521543654928905,0.0015215162153616086,-0.0002612280937758348
0.0083,-0.0094,-3.525006644283668,0.0016596094777850817,-8.648017605981793e-05
0.0084,-0.0094,-3.527931774231728,0.00173256457538446,7.241439124403386e-05
0.0085,-0.0094,-3.5301507825063774,0.001808319150470486,0.00021258955592912983
0.0086,-0.0094,-3.5327677837682536,0.0018004704559467526,0.0003663930788406692
0.0087,-0.0094,-3.530334289395053,0.0017880314106204498,0.0005015625872756851
0.0088,-0.0094,-3.5387459134410637,0.0016860866436393116,0.0005717004988797743
0.0089,-0.0094,-3.539207794085018,0.0014888480798727981,0.0006512852410446503
0.009,-0.0094,-3.5348885136110066,0.0013932928575381444,0.0006868001623741137
0.0091,-0.0094,-3.5383390631431912,0.001277717495837164,0.0007484078617858485
0.0092,-0.0094,-3.539027423778272,0.001094057729517433,0.0007714373574903711
0.0093,-0.0094,-3.5389385575674783,0.0009054034453569743,0.0007695476172239213
0.0094,-0.0094,-3.539239240478531,0.000735455807349524,0.0007349015176216856
0.0095,-0.0094,-3.5396845388119846,0.0005551274322489525,0.0006874694590534201
0.0096,-0.0094,-3.538976210928793,0.000393595907030746,0.0006112742493391598
0.0097,-0.0094,-3.539213844815571,0.00024605326385781064,0.0004988412176902449
0.0098,-0.0094,-3.5383430364209323,0.00012694567260657837,0.00036087971341531005
0.0099,-0.0094,-3.5378930333486793,4.4831463759343914e-05,0.00019435856576873205
0.01,-0.0094,-3.5377733597277086,0.0,0.0
0.0,-0.0093,-3.422903445928505,0.0,0.0
0.0001,-0.0093,-3.4229119807374566,4.7213099746071324e-05,-8.703751530730331e-05
0.0002,-0.0093,-3.4225896331204444,2.821756065871801e-05,-0.00020925822060060715
0.0003,-0.0093,-3.4223955970547473,1.703443863974093e-05,-0.0003039240796654512
0.0004,-0.0093,-3.4226606226388285,4.540037568345631e-05,-0.00024122901104871718
0.0005,-0.0093,-3.422730198552258,-4.1798631939618874e-05,-9.767428264417198e-05
0.0006,-0.0093,-3.423023768433393,-3.8913540085711456e-05,-2.4683767663361695e-05
0.0007,-0.0093,-3.422353281205853,-0.00010272395234091418,4.3294402654086e-05
0.0008,-0.0093,-3.423380879099214,-0.00017927254286617688,0.00012702430644580053
0.0009,-0.0093,-3.423810086494545,-0.0002449781140602597,0.00022761738052511356
0.001,-0.0093,-3.423870463999547,-0.0003919499871559407,0.00031782014613839724
0.0011,-0.0093,-3.4248065959806793,-0.0005286825136071883,0.0004190742165158608
0.0012,-0.0093,-3.4260824173907616,-0.000720682198385048,0.0005139662333648646
0.0013000000000000002,-0.0093,-3.426113387321402,-0.0008932111920345947,0.0006116528537092307
0.0014,-0.0093,-3.4275603011040188,-0.001125857909256425,0.0007067600468919133
0.0015,-0.0093,-3.4288181437655445,-0.0013840994702185112,0.0008090411810895035
0.0016,-0.0093,-3.42993478626315,-0.001661146404114065,0.0009049596613959796
0.0017,-0.0093,-3.4314176939908263,-0.001966969787330164,0.0010181061589130435
0.0018,-0.0093,-3.432753056628106,-0.0022991960125959892,0.0011183083280399977
0.0019,-0.0093,-3.4343025184252607,-0.0026527538676052393,0.001216222177414518
0.002,-0.0093,-3.4352916331695553,-0.0030486605403144216,0.0013164319713410936
0.0021,-0.0093,-3.4374716927045577,-0.0034646317970529225,0.0014429679414188644
0.0022,-0.0093,-3.438641625319108,-0.003897594648041595,0.0015392080282630347
0.0023,-0.0093,-3.440675388910138,-0.0044146759342898675,0.0016375303141255946
0.0024,-0.0093,-3.442702058566912,-0.004910763181467014,0.001768579981560417
0.0025,-0.0093,-3.4454474069463985,-0.005471804661413331,0.0018339440792821114
0.0026000000000000003,-0.0093,-3.4476161437257473,-0.005913589060585015,0.0019684942669905047
0.0027,-0.0093,-3.450139949824539,-0.006622141280243215,0.0020379629910381738
0.0028,-0.0093,-3.4522190473713015,-0.007066164305514626,0.0021503438409973333
0.0029,-0.0093,-3.4550111666053147,-0.00760333196830238,0.002213399859484626
0.003,-0.0093,-3.4575935155476296,-0.008344806368816194,0.002239135845389945
0.0031,-0.0093,-3.460732917388893,-0.008873461093576404,0.0022903370431953357
0.0032,-0.0093,-3.463057642219671,-0.009382831387531907,0.0023680037185144867
0.0033000000000000004,-0.0093,-3.465775722724236,-0.00994350532423111,0.0023310916785582512
0.0034,-0.0093,-3.4690309123600316,-0.010614917856355223,0.002403813644161859
0.0034999999999999996,-0.0093,-3.471525946057927,-0.011349928511080569,0.0023782014117087074
0.0036,-0.0093,-3.474734727334298,-0.011793204941398412,0.0023429545984895122
0.0037,-0.0093,-3.477204581041691,-0.012259405386857748,0.002251731078677151
0.0038,-0.0093,-3.4790656930926374,-0.01309395212736938,0.002169203476058923
0.0039,-0.0093,-3.48165793075205,-0.013343890416951477,0.002026453815451374
0.004,-0.0093,-3.4835814430018393,-0.014007344828500865,0.0018883772215940045
0.0041,-0.0093,-3.4855020978576885,-0.014432363380898006,0.001789169695270613
0.0042,-0.0093,-3.487328594147349,-0.014540399798731196,0.0016273468257056397
0.0043,-0.0093,-3.4880366770631843,-0.014995377742076061,0.0014612848470467949
0.0044,-0.0093,-3.4892093631674497,-0.015173436704472066,0.0013120962380277846
0.0045,-0.0093,-3.490059375057954,-0.015408984465731568,0.001064757706119821
0.0046,-0.0093,-3.490240898097972,-0.01576688721916879,0.0008389847267055467
0.0047,-0.0093,-3.4899905621450786,-0.015721031412322586,0.0005883279638737942
0.0048,-0.0093,-3.4900412711140083,-0.015947803441731506,0.0003466140345011802
0.0049,-0.0093,-3.4887332442386256,-0.015721033484703245,8.168642091282482e-05
0.005,-0.0093,-3.4878072673542495,-0.01601425557550516,-0.00018709668418227254
0.0051,-0.0093,-3.4867383348894023,-0.01582046836703425,-0.000461123694131428
0.005200000000000001,-0.0093,-3.4848155883399525,-0.015597853624756708,-0.0007480150649343173
0.0053,-0.0093,-3.482882564218854,-0.015349211830269419,-0.0010098483028958172
0.0054,-0.0093,-3.4810365661669564,-0.015298518376408499,-0.001286497768488785
0.0055,-0.0093,-3.4794482825246837,-0.014750799133062986,-0.0015295272720202723
0.0056,-0.0093,-3.4774347269872177,-0.014657979543887185,-0.0017951341566574551
0.005700000000000001,-0.0093,-3.475257511017988,-0.013920105203901599,-0.0020170261438576054
0.0058,-0.0093,-3.4734315591078513,-0.01360700821678882,-0.0023035538056970953
0.0059,-0.0093,-3.471399655367632,-0.012757570666167568,-0.0025170973855072384
0.006,-0.0093,-3.4701149141624192,-0.01234486821541838,-0.0026980374600351527
0.0061,-0.0093,-3.469249391557608,-0.011926782748418643,-0.002853853960476738
0.0062,-0.0093,-3.4686709725008638,-0.010892845970709828,-0.0029686423612678573
0.0063,-0.0093,-3.468343937976995,-0.01055508981193977,-0.003093303728339985
0.0064,-0.0093,-3.468353925922208,-0.009522811449123456,-0.00323933346334898
0.006499999999999999,-0.0093,-3.4687639923296105,-0.008986065316675979,-0.0033425726721979746
0.006600000000000001,-0.0093,-3.4695351412503546,-0.008299357701919972,-0.0033954725814486957
0.0067,-0.0093,-3.471214738608552,-0.007362356883512675,-0.003186157148952772
0.0068,-0.0093,-3.473084163524301,-0.006443826610409123,-0.003169579643440864
0.0069,-0.0093,-3.475213367823496,-0.005900717615671432,-0.0030454667981771434
0.006999999999999999,-0.0093,-3.4791347867556888,-0.005061289480724743,-0.0031330993608415614
0.007100000000000001,-0.0093,-3.482330179985121,-0.004358701357085556,-0.0029195754922655376
0.0072,-0.0093,-3.485338540975479,-0.0036120295836299305,-0.002735549816303615
0.0073,-0.0093,-3.4889022593639156,-0.00293388133277943,-0.002596207424207405
0.0074,-0.0093,-3.493498986222533,-0.0022272293282471906,-0.002429751198196955
0.0075,-0.0093,-3.497537162869756,-0.0016526069083245326,-0.0021625351124377966
0.0076,-0.0093,-3.5015187146708033,-0.0011015471534933945,-0.0019456156808496002
0.0077,-0.0093,-3.505518042363367,-0.0005855226497695238,-0.0016872532409609965
0.0078,-0.0093,-3.5097258822426203,-8.475637561205807e-05,-0.001424395540795002
0.0079,-0.0093,-3.513363137439579,0.0003060851029512972,-0.0011822938266766525
0.008,-0.0093,-3.5169579966965023,0.0006612342349743393,-0.0009216886205346492
0.0081,-0.0093,-3.520230294469187,0.0009491668307802551,-0.0006901069011181477
0.0082,-0.0093,-3.523598365401668,0.0012114150325592868,-0.0004302185170924224
0.0083,-0.0093,-3.5258459004180045,0.001395483380203557,-0.0002147118356273347
0.0084,-0.0093,-3.5290067745857736,0.0015366037515000535,2.0745464028939285e-05
0.0085,-0.0093,-3.531422486598273,0.0016305197667036983,0.00017156610849607178
0.0086,-0.0093,-3.533259540121718,0.001642343388054772,0.00037588141419086455
0.0087,-0.0093,-3.5332386310710704,0.0016597595207340403,0.00052063162326628
0.0088,-0.0093,-3.536875703639922,0.0016071547643777607,0.0006225913705048943
0.0089,-0.0093,-3.5382903229414904,0.0014678311704982455,0.0007398054388905779
0.009,-0.0093,-3.5371775318944936,0.0013639230225297443,0.0008522539043910798
0.0091,-0.0093,-3.5390202438786407,0.001265026399331443,0.0009018038244792614
0.0092,-0.0093,-3.5407889663735106,0.0010964296590975386,0.0009328439959536861
0.0093,-0.0093,-3.5401906340678284,0.0009148002498775824,0.0009413217600094254
0.0094,-0.0093,-3.5396430195872086,0.0007471839362914365,0.0009130191630752235
0.0095,-0.0093,-3.5399448407501235,0.0005682639687584929,0.0008547727651275959
0.0096,-0.0093,-3.540556594590073,0.00040353243480730356,0.0007616372217511348
0.0097,-0.0093,-3.539588727951894,0.0002528087620929744,0.0006364540189336107
0.0098,-0.0093,-3.539320755400172,0.00013148391222977276,0.0004674378247004219
0.0099,-0.0093,-3.5385432097246263,4.636499477760727e-05,0.0002524173547720575
0.01,-0.0093,-3.5384434128677404,0.0,0.0
0.0,-0.0092,-3.42199440756231,0.0,0.0
0.0001,-0.0092,-3.4220308164415507,1.3756289233187715e-06,-0.00010923631424433305
0.0002,-0.0092,-3.4177502501094676,3.3264844052623386e-05,-0.00017116448127082272
0.0003,-0.0092,-3.4185543485197805,9.740511251639255e-06,-0.00019850986980188878
0.0004,-0.0092,-3.4201784457265,-2.9399272731003846e-06,-0.00012526484919943615
0.0005,-0.0092,-3.420952451557266,-5.2744717545282843e-05,-6.903162251353616e-05
0.0006,-0.0092,-3.4214050402439793,-0.0001193075366678383,2.975560475289444e-05
0.0007,-0.0092,-3.422671561985253,-0.0002231235688791927,0.00011801628936975052
0.0008,-0.0092,-3.42337582270515,-0.00030157005143173477,0.00022332529832208047
0.0009,-0.0092,-3.4231989991367686,-0.00046426252815543763,0.000352074698322064
0.001,-0.0092,-3.4237796664434024,-0.0005946042436818553,0.0004665015230523751
0.0011,-0.0092,-3.4251757549965665,-0.0007926674159427281,0.0005965646021665644
0.0012,-0.0092,-3.4246728934354773,-0.0010164566630604685,0.0007195146630171826
0.0013000000000000002,-0.0092,-3.426060503032903,-0.0012298446871174262,0.0008456833550839583
0.0014,-0.0092,-3.4271791248414756,-0.0015471436377493008,0.0009722892359872367
0.0015,-0.0092,-3.4289398631485577,-0.0018387898093029467,0.0011025821134384801
0.0016,-0.0092,-3.428901455642696,-0.0021758844765441122,0.0012321992729137632
0.0017,-0.0092,-3.430473261620792,-0.002533222949252359,0.0013675640200369625
0.0018,-0.0092,-3.4322345836064336,-0.002934128759144296,0.0014873756669095879
0.0019,-0.0092,-3.434097483854206,-0.0033579839228185995,0.0016390306626562546
0.002,-0.0092,-3.435252508757221,-0.003795877629283917,0.0017860609141527558
0.0021,-0.0092,-3.436888305362854,-0.004337983553746528,0.0018965178511385955
0.0022,-0.0092,-3.438486389371453,-0.004808030173253401,0.0020485387560459376
0.0023,-0.0092,-3.440011095458902,-0.00543441571243572,0.002167379360931071
0.0024,-0.0092,-3.4429254873925195,-0.005897300793276871,0.002333054639480157
0.0025,-0.0092,-3.4452554693678197,-0.00659529074313625,0.0024086689963410852
0.0026000000000000003,-0.0092,-3.448212178514633,-0.006999009795200938,0.0026322330996242215
0.0027,-0.0092,-3.4498371419035103,-0.007790694803839465,0.0026949817576684063
0.0028,-0.0092,-3.4526074661359982,-0.00839653420086285,0.0027825971650742003
0.0029,-0.0092,-3.455069764102397,-0.0090554405811638,0.0027844943699075657
0.003,-0.0092,-3.458143270608265,-0.009829789201937944,0.0029821493060411264
0.0031,-0.0092,-3.4613133019261078,-0.010652345042196474,0.0029810784159528484
0.0032,-0.0092,-3.464195991298736,-0.01144376483728043,0.002995852325208478
0.0033000000000000004,-0.0092,-3.4676985739391566,-0.011770913996581762,0.0029711986550339043
0.0034,-0.0092,-3.4703811501321202,-0.012258969003091076,0.0029496781895481717
0.0034999999999999996,-0.0092,-3.473480516734163,-0.012871894097658982,0.002986337432835088
0.0036,-0.0092,-3.47647027993381,-0.01366857307038606,0.0028454224601863116
0.0037,-0.0092,-3.4797900841299705,-0.014201829670821849,0.0028144214783599342
0.0038,-0.0092,-3.482237135466299,-0.014879543024021469,0.0027589330458068217
0.0039,-0.0092,-3.4849482638712326,-0.015227083182871538,0.002615425259659504
0.004,-0.0092,-3.486792948877805,-0.015848050471253608,0.0023411796401610336
0.0041,-0.0092,-3.4887048265466114,-0.016276175073234544,0.0022269240251922558
0.0042,-0.0092,-3.4911936031607866,-0.01683505559142435,0.001986354785318826
0.0043,-0.0092,-3.492507908153963,-0.016768019675991105,0.0017792231839913368
0.0044,-0.0092,-3.49405662427869,-0.017447685061494557,0.0015655930125225534
0.0045,-0.0092,-3.4943935725114303,-0.01762668744455914,0.0012917032805293293
0.0046,-0.0092,-3.494866415347452,-0.017454676433058963,0.0009985783222971317
0.0047,-0.0092,-3.494722718353385,-0.018029291181052964,0.0007137845212146533
0.0048,-0.0092,-3.494565966676821,-0.018003703118593423,0.00039171148634764563
0.0049,-0.0092,-3.4940616343058397,-0.018099934449646717,7.069777816582982e-05
0.005,-0.0092,-3.493630233197056,-0.017780245479424674,-0.0002601143792708593
0.0051,-0.0092,-3.4920830990005167,-0.01763849717941149,-0.0005902096563683578
0.005200000000000001,-0.0092,-3.4904569125973337,-0.017556748751334745,-0.0009238956656195265
0.0053,-0.0092,-3.488828476785216,-0.017759371599548237,-0.001237737160552038
0.0054,-0.0092,-3.487024906114201,-0.016913365969010986,-0.0015942535774511584
0.0055,-0.0092,-3.48450622560464,-0.016830990674908904,-0.0019173001218485974
0.0056,-0.0092,-3.48224520100461,-0.01618589163398999,-0.002242014306121876
0.005700000000000001,-0.0092,-3.4802968036178705,-0.01594004502885148,-0.002535120887882203
0.0058,-0.0092,-3.4782121124433543,-0.015518318585905667,-0.002830212267829973
0.0059,-0.0092,-3.476498711869847,-0.014600613818418918,-0.0030693877895824604
0.006,-0.0092,-3.4749255430990154,-0.01423292083066418,-0.0032544449208850817
0.0061,-0.0092,-3.4737379599418454,-0.013326852022026055,-0.0036407061390929234
0.0062,-0.0092,-3.4724791666355976,-0.012858609412237071,-0.0037458484089656977
0.0063,-0.0092,-3.4722243282615097,-0.012000394471989875,-0.0038805896695056825
0.0064,-0.0092,-3.472120833640189,-0.011496441849344714,-0.003955764920170725
0.006499999999999999,-0.0092,-3.4721916240604003,-0.010845122492598933,-0.003991183973336836
0.006600000000000001,-0.0092,-3.4731632652661393,-0.009520410085224418,-0.00404343723998683
0.0067,-0.0092,-3.4746586409295497,-0.00886809962736154,-0.00398373353473513
0.0068,-0.0092,-3.4762705513681795,-0.008098210342856623,-0.0039547039450495
0.0069,-0.0092,-3.4783466794561275,-0.0073898095447413,-0.004035094655909906
0.006999999999999999,-0.0092,-3.4809525190663244,-0.006484385602187951,-0.003856580754601883
0.007100000000000001,-0.0092,-3.4844265323367987,-0.005703757598751697,-0.0037244483501790433
0.0072,-0.0092,-3.487621782059668,-0.004914355951771144,-0.0035596662892067935
0.0073,-0.0092,-3.490725750119629,-0.003975186357985674,-0.0033107073254361125
0.0074,-0.0092,-3.4953624285772436,-0.003226005688128758,-0.003019320004476324
0.0075,-0.0092,-3.4991757130455996,-0.002567755180929875,-0.002810521345163869
0.0076,-0.0092,-3.5026491196178755,-0.0019685610683444787,-0.0024882143774915435
0.0077,-0.0092,-3.506862832817025,-0.0013475124397260678,-0.002198993292939404
0.0078,-0.0092,-3.510904377682705,-0.0008843474520237919,-0.0019200932073273635
0.0079,-0.0092,-3.514351579616814,-0.00034780039652750083,-0.0016064150731369708
0.008,-0.0092,-3.5175371780152567,9.97737968236633e-05,-0.0012844643028746578
0.0081,-0.0092,-3.5210354349851207,0.00043240393915918514,-0.0009877233936496357
0.0082,-0.0092,-3.5248281152032117,0.0007625629830495006,-0.0006867228228286832
0.0083,-0.0092,-3.5273352783999354,0.0010062852120189493,-0.0004122128133916323
0.0084,-0.0092,-3.530010381864446,0.0012074920214722386,-0.0001469746455533451
0.0085,-0.0092,-3.5316047338796475,0.0013384163101193168,8.095901759444429e-05
0.0086,-0.0092,-3.5342009630354942,0.0014236548935813828,0.00031159937664243
0.0087,-0.0092,-3.5356393616269557,0.0014586137780380661,0.0005372970179867405
0.0088,-0.0092,-3.53721570794177,0.0014509207778478075,0.0007199924012981028
0.0089,-0.0092,-3.538535652359405,0.0013897268963572202,0.0008343717180258245
0.009,-0.0092,-3.539093653675359,0.001298144270566385,0.000961441110237446
0.0091,-0.0092,-3.5392119814649163,0.001188287551456637,0.001034648688499863
0.0092,-0.0092,-3.5403864472492015,0.0010473912353323425,0.0010878712279218808
0.0093,-0.0092,-3.540207727410184,0.0008914398471506597,0.0011204122508595604
0.0094,-0.0092,-3.539852536926795,0.000726584344497183,0.001092746285225955
0.0095,-0.0092,-3.5399651275853534,0.0005610002466698735,0.0010270384106981446
0.0096,-0.0092,-3.540424778991145,0.00039997315103312223,0.0009277725607911317
0.0097,-0.0092,-3.5397320970492823,0.00025184570109528214,0.0007770869390510183
0.0098,-0.0092,-3.539106375081006,0.00013082844338926946,0.0005697083852342407
0.0099,-0.0092,-3.5390620050800927,4.5720185333733965e-05,0.00031744291328628603
0.01,-0.0092,-3.538580280911996,0.0,0.0
0.0,-0.0091,-3.421730946074671,0.0,0.0
0.0001,-0.0091,-3.4226022920281487,-2.9017489050166625e-05,-8.815212606602058e-05
0.0002,-0.0091,-3.422775568392224,3.007375788567665e-05,-5.5763293208077516e-05
0.0003,-0.0091,-3.4221478007363015,-6.01138031461012e-05,-0.00013060112683516476
0.0004,-0.0091,-3.4202003287531055,-8.632321407819936e-05,-6.734049159806047e-05
0.0005,-0.0091,-3.4212709366751772,-0.00011571868277806936,9.19642359289534e-06
0.0006,-0.0091,-3.42134933832533,-0.00022530677116104668,9.711692165958898e-05
0.0007,-0.0091,-3.4221214210328,-0.00036223121808866455,0.00023462091634638858
0.0008,-0.0091,-3.4221875480632957,-0.0004976025134004992,0.0003676135214742233
0.0009,-0.0091,-3.422825240615466,-0.0006457438608035743,0.0005121700697696483
0.001,-0.0091,-3.4237734430408855,-0.0008511554271163094,0.0006591560674539294
0.0011,-0.0091,-3.4246358907178793,-0.0011148377483079553,0.0008170852055675925
0.0012,-0.0091,-3.424676899612373,-0.00136883885721202,0.0009729136330824083
0.0013000000000000002,-0.0091,-3.425617371933302,-0.0016356896789097497,0.0011325206490698989
0.0014,-0.0091,-3.427181154817143,-0.0019725660424534056,0.0012863033960400267
0.0015,-0.0091,-3.4279201465536984,-0.002343899277585691,0.001451351622911972
0.0016,-0.0091,-3.4290517248931045,-0.0027402622517408216,0.0016154511068370968
0.0017,-0.0091,-3.4309166265426048,-0.0031533393569885544,0.0017795066439763624
0.0018,-0.0091,-3.4314947730264755,-0.003612228590103038,0.0019474511487976528
0.0019,-0.0091,-3.4336965391010694,-0.004110836874240498,0.00213247389843452
0.002,-0.0091,-3.4342113396556058,-0.004669862259616586,0.002277923793104853
0.0021,-0.0091,-3.4361247747003527,-0.005218494984808985,0.0024006831743137087
0.0022,-0.0091,-3.438123838555311,-0.005747548659171444,0.0025852890506672327
0.0023,-0.0091,-3.4409766984090853,-0.006441621163125315,0.002755728643261768
0.0024,-0.0091,-3.443372353583506,-0.007220289623181953,0.0029349335736496454
0.0025,-0.0091,-3.4456551643194304,-0.007798673673315732,0.0031904010684610374
0.0026000000000000003,-0.0091,-3.447651058245715,-0.008407766110869835,0.003279958111658465
0.0027,-0.0091,-3.4507799504317593,-0.00908819236182259,0.0032639426867426937
0.0028,-0.0091,-3.453430546603913,-0.009670442224179645,0.00342485718779579
0.0029,-0.0091,-3.4567611657930035,-0.010641691207065746,0.0034966998261723864
0.003,-0.0091,-3.4596598830839174,-0.01136291698344724,0.0037144162561417063
0.0031,-0.0091,-3.4627145657174783,-0.012139319585000849,0.003642482731001981
0.0032,-0.0091,-3.466226906901511,-0.012675283647775606,0.0037585872576582306
0.0033000000000000004,-0.0091,-3.470058829542697,-0.013389222562996581,0.003693661407801351
0.0034,-0.0091,-3.472893820054744,-0.014014969352603619,0.0035637537094897753
0.0034999999999999996,-0.0091,-3.476889535596217,-0.014775890482961091,0.003621224227921219
0.0036,-0.0091,-3.4803781943059064,-0.015321715436360012,0.003455329671228258
0.0037,-0.0091,-3.4824403428403383,-0.016117909096577093,0.003384470843100432
0.0038,-0.0091,-3.486326418407331,-0.016592138964029435,0.0032154042739559784
0.0039,-0.0091,-3.489503919319411,-0.01707975625062236,0.0030080534462295426
0.004,-0.0091,-3.4918856592355683,-0.017439551483233725,0.002883931304136906
0.0041,-0.0091,-3.4938442908707428,-0.018195766459788935,0.0026027106418341794
0.0042,-0.0091,-3.497399130835838,-0.01847395212407846,0.0024174690911883687
0.0043,-0.0091,-3.4987444738822244,-0.018727636547130982,0.0020974031039679743
0.0044,-0.0091,-3.4995895621589916,-0.019244148332242802,0.0018667779305559435
0.0045,-0.0091,-3.501861404132143,-0.019689005086175222,0.0015082696515209479
0.0046,-0.0091,-3.500954620601673,-0.01975171268545569,0.0011741596859724123
0.0047,-0.0091,-3.5017844028823144,-0.01984267897090291,0.0008107268636413028
0.0048,-0.0091,-3.501703393158015,-0.02000895447728301,0.00044584832764420353
0.0049,-0.0091,-3.500591066107035,-0.02018174120458222,4.973631000005212e-05
0.005,-0.0091,-3.5000843980264946,-0.019992996227706925,-0.0003219730464878468
0.0051,-0.0091,-3.4997579895287676,-0.019871521575181114,-0.0007113741611187593
0.005200000000000001,-0.0091,-3.4969064970505057,-0.01944208869585178,-0.0011462485834287774
0.0053,-0.0091,-3.4953920695013845,-0.019133369949487902,-0.0015144508110788526
0.0054,-0.0091,-3.4945218996913967,-0.018927207607182885,-0.0019226138775774856
0.0055,-0.0091,-3.4911210122502165,-0.0188483577075321,-0.002305089156762051
0.0056,-0.0091,-3.489777881988471,-0.018294137954550753,-0.0026566179413956763
0.005700000000000001,-0.0091,-3.4866940141860567,-0.017852202503542823,-0.0030054375172290657
0.0058,-0.0091,-3.48477824479015,-0.017229160300229956,-0.0033432598915948478
0.0059,-0.0091,-3.4831899865403075,-0.016693195422042794,-0.00363777200149695
0.006,-0.0091,-3.480760269510954,-0.016422312803893623,-0.003972302689570227
0.0061,-0.0091,-3.47924671322447,-0.015203501138735021,-0.004141408683087759
0.0062,-0.0091,-3.477419236755988,-0.014609981578426051,-0.004375857839394576
0.0063,-0.0091,-3.477242045055705,-0.013771076099384433,-0.004604184454537782
0.0064,-0.0091,-3.4768367760509786,-0.013055635605597929,-0.004686069667087545
0.006499999999999999,-0.0091,-3.4762833912559636,-0.012288898493950741,-0.004960236513912334
0.006600000000000001,-0.0091,-3.47727515274471,-0.011554145170111194,-0.005050254990590634
0.0067,-0.0091,-3.4781306020625777,-0.01070188412920825,-0.004827422503280475
0.0068,-0.0091,-3.4797490583589474,-0.009772550181687857,-0.004965183768509399
0.0069,-0.0091,-3.481624561392091,-0.00872680192950008,-0.0047750904613376895
0.006999999999999999,-0.0091,-3.4841407713760963,-0.007801822200491956,-0.004739600312486431
0.007100000000000001,-0.0091,-3.4868321968052736,-0.007081557569540331,-0.0046101729769184715
0.0072,-0.0091,-3.4896760208610953,-0.0061752647187010914,-0.004341964824316056
0.0073,-0.0091,-3.493120781496219,-0.005425633384224575,-0.003989571861137912
0.0074,-0.0091,-3.497274299075042,-0.004581371650216868,-0.003811517874175156
0.0075,-0.0091,-3.5011027102744343,-0.0037495198292009577,-0.003457068214780665
0.0076,-0.0091,-3.504888005426853,-0.0030442374137480462,-0.0031981229122964513
0.0077,-0.0091,-3.5081491778390865,-0.002383977089091934,-0.0028337075002232205
0.0078,-0.0091,-3.5121216718229955,-0.0016536501774692264,-0.0024504654264419163
0.0079,-0.0091,-3.5157384757183303,-0.0011149795587388084,-0.002093369623502363
0.008,-0.0091,-3.5194463421354096,-0.0006424575598911076,-0.0017237444848426963
0.0081,-0.0091,-3.522463720377708,-0.00019086141880160902,-0.001358115084453795
0.0082,-0.0091,-3.5257744778232234,0.00020705931998047668,-0.0010025992205023695
0.0083,-0.0091,-3.528479251962463,0.0005213994017003572,-0.0006513856313628874
0.0084,-0.0091,-3.5309279672594776,0.0007975429048959822,-0.00033025548370836
0.0085,-0.0091,-3.533101797073769,0.0009902323872898662,-3.746962760905635e-05
0.0086,-0.0091,-3.5354158070529604,0.0011359898993360035,0.00022089685896887253
0.0087,-0.0091,-3.537052505461915,0.0012077275085346187,0.0004792797645919814
0.0088,-0.0091,-3.5375128102264073,0.0012384246636730845,0.0007199703317290186
0.0089,-0.0091,-3.538693499332752,0.0012265424552982615,0.0009062770783109513
0.009,-0.0091,-3.5398206936292693,0.0011680727538948754,0.0010415009621140305
0.0091,-0.0091,-3.5402232856736657,0.0010817302790982304,0.001167127442088062
0.0092,-0.0091,-3.540847510103821,0.0009780755883669469,0.0012441412390300905
0.0093,-0.0091,-3.5419142227291025,0.000842607035080103,0.0012757520244452765
0.0094,-0.0091,-3.5425678780644594,0.0006847473741895154,0.0012524248719440337
0.0095,-0.0091,-3.5411484694361626,0.0005291285007096765,0.0011829412407081262
0.0096,-0.0091,-3.5413636112647873,0.0003797352641785017,0.0010684869825329333
0.0097,-0.0091,-3.5408477113774857,0.0002396130442081328,0.0009063449659813691
0.0098,-0.0091,-3.540075559428907,0.00012471482578258104,0.000678446196619924
0.0099,-0.0091,-3.5393808337047066,4.319239428850715e-05,0.00037755258574178815
0.01,-0.0091,-3.538899541780136,0.0,0.0
0.0,-0.009,-3.4199391436609985,0.0,0.0
0.0001,-0.009,-3.419879945711026,3.4989000532179904e-06,-6.660296948351367e-05
0.0002,-0.009,-3.420725818135775,-2.6074558252350063e-05,-0.00011217607475446784
0.0003,-0.009,-3.420298027243505,-6.370481883432605e-05,-0.00010596664985736988
0.0004,-0.009,-3.419328371058716,-0.00010893689160872248,-3.46827151830445e-05
0.0005,-0.009,-3.419440709567088,-0.00021656054697034058,9.598683375403308e-05
0.0006,-0.009,-3.4207856441580806,-0.0003334888011913748,0.000253445012773546
0.0007,-0.009,-3.4213975900380977,-0.0005136377300754242,0.00037560039927822953
0.0008,-0.009,-3.4216721183662564,-0.0006898371486232243,0.0005548610021152071
0.0009,-0.009,-3.422764194845939,-0.0009028719348797495,0.0007240887280800962
0.001,-0.009,-3.422976807970058,-0.0011498757265691517,0.0009018477413464664
0.0011,-0.009,-3.423599534652754,-0.001419526077038339,0.001086705150220426
0.0012,-0.009,-3.4252756133224924,-0.0017628384031866335,0.0012773749358286788
0.0013000000000000002,-0.009,-3.4250040662190977,-0.0020982118746944384,0.0014648455987454276
0.0014,-0.009,-3.4265241196738256,-0.0024715050197558143,0.001662630743818689
0.0015,-0.009,-3.4278264775434657,-0.002886480124180394,0.0018497904992925902
0.0016,-0.009,-3.428457986966946,-0.003341616643260588,0.0020533513400169848
0.0017,-0.009,-3.429635297346077,-0.003828093616516141,0.0022413691748857946
0.0018,-0.009,-3.4309938869318444,-0.004321997158003194,0.0024421658249734342
0.0019,-0.009,-3.4332578597566807,-0.004893502545532581,0.0026801406999551886
0.002,-0.009,-3.4351492730011612,-0.005506636013709861,0.0028901303947970382
0.0021,-0.009,-3.436733371825044,-0.006132845632085076,0.00310429604929811
0.0022,-0.009,-3.4387100822248176,-0.006873773594125477,0.0032517615556272063
0.0023,-0.009,-3.440713793457315,-0.007526265453689396,0.003399170748436671
0.0024,-0.009,-3.4431503701623103,-0.008186395746768368,0.003636171948073437
0.0025,-0.009,-3.4463754156908406,-0.009088821786592769,0.003637874458004816
0.0026000000000000003,-0.009,-3.4493574803209155,-0.009586365243476311,0.003995468578702361
0.0027,-0.009,-3.4519782083670085,-0.010538799391234989,0.004169299248286469
0.0028,-0.009,-3.4547844302203963,-0.010947051453457188,0.004328821040806422
0.0029,-0.009,-3.458606930300207,-0.011777360426248105,0.0042628988606284186
0.003,-0.009,-3.462007227652416,-0.012762159515813826,0.004315908016501697
0.0031,-0.009,-3.4655482055349673,-0.013727264360241685,0.0043302961074038835
0.0032,-0.009,-3.4692426700210346,-0.01414873169985123,0.004417444380710055
0.0033000000000000004,-0.009,-3.4736736008595144,-0.014921449595456666,0.0042902852763223006
0.0034,-0.009,-3.4774391686557977,-0.015923253246874696,0.004331149033404064
0.0034999999999999996,-0.009,-3.480966426323309,-0.016298303060184063,0.004204742733624364
0.0036,-0.009,-3.48470759086958,-0.017093675317200192,0.00419138011425226
0.0037,-0.009,-3.488157798120176,-0.017653626447520387,0.003991448970073518
0.0038,-0.009,-3.490950105495017,-0.01819751383817719,0.003897951947157219
0.0039,-0.009,-3.4960292872037093,-0.019175492990640905,0.00364858748906695
0.004,-0.009,-3.497896572309297,-0.019445439685221635,0.00338440080148048
0.0041,-0.009,-3.5002038412698835,-0.019853696849410515,0.0030932031589256228
0.0042,-0.009,-3.5041788264595466,-0.020663584938456516,0.0028105812357040435
0.0043,-0.009,-3.507238988204261,-0.020435113476501107,0.0024706287440699696
0.0044,-0.009,-3.50786658308976,-0.021218791143222653,0.002117634817030235
0.0045,-0.009,-3.5077885441668974,-0.021494307963328546,0.00174802310795072
0.0046,-0.009,-3.5102738553216106,-0.0217329155460888,0.0013498928578166355
0.0047,-0.009,-3.511753507941926,-0.021990228873517495,0.0009365906108547055
0.0048,-0.009,-3.5086249587219456,-0.021815817749191647,0.0005009563272985932
0.0049,-0.009,-3.511745847866274,-0.021719932045507897,6.486953513186794e-05
0.005,-0.009,-3.5087635169249944,-0.021597656363660164,-0.0003907777141387063
0.0051,-0.009,-3.508089935509226,-0.021886156075720756,-0.0008422823550578314
0.005200000000000001,-0.009,-3.505752658978883,-0.02163902235933662,-0.0013130316355676312
0.0053,-0.009,-3.505149623341259,-0.021429994746510393,-0.0017829059211199997
0.0054,-0.009,-3.502084807462501,-0.021113636029756595,-0.0022313222473852655
0.0055,-0.009,-3.4994053717353477,-0.020775804861553383,-0.0026731394742008923
0.0056,-0.009,-3.4962035077315314,-0.02035451124098067,-0.0030761225805409995
0.005700000000000001,-0.009,-3.495047040893582,-0.019816548506075483,-0.0035247185279942434
0.0058,-0.009,-3.494141529818706,-0.01919655462393485,-0.003907439622101358
0.0059,-0.009,-3.4908809224329986,-0.019052462968435397,-0.004210930785681731
0.006,-0.009,-3.4881494017607593,-0.01793052049663455,-0.004609305263850405
0.0061,-0.009,-3.4858291748132118,-0.017579365101542958,-0.004890751350827622
0.0062,-0.009,-3.484322845720003,-0.01676678171539442,-0.005157239935004199
0.0063,-0.009,-3.4833654315529423,-0.015847981750120893,-0.005347247465165317
0.0064,-0.009,-3.4830455928758077,-0.014792237929730619,-0.0055656721251848345
0.006499999999999999,-0.009,-3.482849861063444,-0.014065470554716486,-0.00575181352428887
0.006600000000000001,-0.009,-3.4812444500633712,-0.013491454826676541,-0.005815258376375351
0.0067,-0.009,-3.482963873853049,-0.012202874386277464,-0.005808012483927616
0.0068,-0.009,-3.4835635430669467,-0.011562680746279192,-0.0059151995326993355
0.0069,-0.009,-3.4857216242448574,-0.010744693686506155,-0.005831832791025011
0.006999999999999999,-0.009,-3.487947922183941,-0.009378350723398135,-0.0055726313830406675
0.007100000000000001,-0.009,-3.4897992611781103,-0.00848952707082227,-0.0054398538693415715
0.0072,-0.009,-3.4926405916605177,-0.0076129525217694845,-0.00512542782690101
0.0073,-0.009,-3.495729304460573,-0.006561576567703827,-0.004940604202998678
0.0074,-0.009,-3.499130038085196,-0.0056992680361275545,-0.004590566071470021
0.0075,-0.009,-3.503575697009487,-0.004931412858970791,-0.004302923404278978
0.0076,-0.009,-3.5066530969115424,-0.004122751275115292,-0.003908552639133868
0.0077,-0.009,-3.510444576038196,-0.0033250840392424806,-0.0035703481836286497
0.0078,-0.009,-3.5139622637140313,-0.0026018701480374873,-0.0030567464651072886
0.0079,-0.009,-3.516822737349914,-0.0020356572272712363,-0.0026686980781394573
0.008,-0.009,-3.520791717840184,-0.0014111813533653505,-0.002235566515393879
0.0081,-0.009,-3.5245993934968944,-0.000860622965800317,-0.00182254162871727
0.0082,-0.009,-3.527015863495407,-0.00042837144145006366,-0.0013964162300379578
0.0083,-0.009,-3.529756468820607,-3.2314375532117856e-05,-0.00098948228041526
0.0084,-0.009,-3.532515197399977,0.0002962730648740717,-0.000612095827897162
0.0085,-0.009,-3.534120843259411,0.0005588597976418414,-0.00023006820679942084
0.0086,-0.009,-3.5365976514285187,0.0007673942073069374,0.00011811168357928901
0.0087,-0.009,-3.5379068634186925,0.000897382819786862,0.0003915999378376906
0.0088,-0.009,-3.539340049858524,0.0009714526395561566,0.0006671840432459172
0.0089,-0.009,-3.5401447031285445,0.0010108202549848398,0.0009244442877092548
0.009,-0.009,-3.540912190323915,0.001000630222030302,0.0010930200362269833
0.0091,-0.009,-3.542073367592029,0.0009473208786072427,0.001254092384585283
0.0092,-0.009,-3.542247662171142,0.0008658283290597124,0.0013489331586148169
0.0093,-0.009,-3.5437155639136,0.000753075245242224,0.0014061641410310147
0.0094,-0.009,-3.5418488943038238,0.0006225172792566294,0.0014224405231055995
0.0095,-0.009,-3.5400954056173957,0.0004986601549850446,0.0013534648355987388
0.0096,-0.009,-3.540703770566559,0.00035364370894414243,0.001236508694276312
0.0097,-0.009,-3.5414630098809785,0.00021994351172790712,0.001027592076752874
0.0098,-0.009,-3.5410604680314797,0.00011573690455749914,0.0007733576047751626
0.0099,-0.009,-3.540122043197355,4.016874330314243e-05,0.0004325400785676595
0.01,-0.009,-3.5399028553214236,0.0,0.0
0.0,-0.0089,-3.41956578995011,0.0,0.0
0.0001,-0.0089,-3.4211920678745624,5.346199271575307e-06,-8.966188651048238e-05
0.0002,-0.0089,-3.419592170813336,-4.7359791222018234e-05,1.741881947557554e-05
0.0003,-0.0089,-3.4193968552732055,-9.769784864190181e-05,-3.0519388853633704e-05
0.0004,-0.0089,-3.419535930521971,-0.000200203952856457,0.00012217296039859372
0.0005,-0.0089,-3.4203328148920122,-0.0003200308491130635,0.00021867648577731822
0.0006,-0.0089,-3.4205603665689495,-0.00048244869525561037,0.00039180054546896935
0.0007,-0.0089,-3.4210454596842568,-0.0006917694367485002,0.0005722296720334917
0.0008,-0.0089,-3.420871494996304,-0.0009272569810091943,0.0007727652032724877
0.0009,-0.0089,-3.422274192713832,-0.0011799897694519884,0.000979162305323398
0.001,-0.0089,-3.4224616009141444,-0.0014644893626982892,0.0011907506688613111
0.0011,-0.0089,-3.4228503084857382,-0.0017734629507578032,0.001409211894963506
0.0012,-0.0089,-3.424003739772772,-0.0021468961197678104,0.0016380414926747988
0.0013000000000000002,-0.0089,-3.4245395294558043,-0.0025587058040029403,0.0018554593521707434
0.0014,-0.0089,-3.4248079093864954,-0.0030011756027452227,0.002084246196536424
0.0015,-0.0089,-3.4268652726442106,-0.0034732379301217614,0.0023097497426026697
0.0016,-0.0089,-3.428549804593647,-0.003974697313058245,0.0025479406323325343
0.0017,-0.0089,-3.4298384596528075,-0.004541009526916505,0.0028290574014686824
0.0018,-0.0089,-3.430395443584449,-0.00509977158576821,0.003006503267503412
0.0019,-0.0089,-3.4324900586430336,-0.005698713287879262,0.0031897559960109845
0.002,-0.0089,-3.434952641922971,-0.006387023714143712,0.003451649353275861
0.0021,-0.0089,-3.436779149638075,-0.007001842969810278,0.0037580509552209624
0.0022,-0.0089,-3.4391296099841977,-0.007832806317553447,0.0039975146462411714
0.0023,-0.0089,-3.4413780845041426,-0.008339416042518984,0.00417134311764214
0.0024,-0.0089,-3.444530749460125,-0.009310480334642397,0.004485667791377314
0.0025,-0.0089,-3.4470302828197754,-0.010117147692524168,0.004414828517367657
0.0026000000000000003,-0.0089,-3.4504344267415075,-0.010941790275124874,0.00460036343375834
0.0027,-0.0089,-3.453955111514022,-0.011743416251481975,0.004886404986501706
0.0028,-0.0089,-3.457412303190572,-0.012686865031340375,0.004898757518692737
0.0029,-0.0089,-3.4616463266454787,-0.013330017495101452,0.0051416004273974955
0.003,-0.0089,-3.4652956610454235,-0.014245118294770221,0.005127893754846614
0.0031,-0.0089,-3.4687222360438894,-0.01493922369284536,0.0052862263158222
0.0032,-0.0089,-3.473596198610414,-0.015916421446721247,0.005175671434311762
0.0033000000000000004,-0.0089,-3.47855184189991,-0.016562954795957967,0.005184925199885413
0.0034,-0.0089,-3.482132596507833,-0.017246993914259514,0.00506125420220174
0.0034999999999999996,-0.0089,-3.4865054627506504,-0.01829215635430363,0.004917473710042886
0.0036,-0.0089,-3.4901654582544284,-0.018832161254165578,0.004767489803498566
0.0037,-0.0089,-3.4939026689567823,-0.01936204759837834,0.004630868719174945
0.0038,-0.0089,-3.499692830635577,-0.019921761205653334,0.004475660494033822
0.0039,-0.0089,-3.5042351130758504,-0.020883842992381656,0.00415882164600445
0.004,-0.0089,-3.505556296807594,-0.02115817344558406,0.003906543587404858
0.0041,-0.0089,-3.509031890721541,-0.02181412789799187,0.0035837810693417336
0.0042,-0.0089,-3.5095417411937446,-0.022075174889477314,0.003241366689139019
0.0043,-0.0089,-3.5158024196233497,-0.022433767709182362,0.0028400116077142283
0.0044,-0.0089,-3.517474998634287,-0.02304137056828774,0.002431837826785647
0.0045,-0.0089,-3.519730560712479,-0.02325916606393956,0.002002612176802543
0.0046,-0.0089,-3.5195115538808133,-0.0234575313309438,0.0015484533179524734
0.0047,-0.0089,-3.522457278704505,-0.02348515192077515,0.0010692875398280175
0.0048,-0.0089,-3.5207987197459274,-0.023579520818490088,0.0005704984718710853
0.0049,-0.0089,-3.5190206809236937,-0.02391842832980481,7.889109510672058e-05
0.005,-0.0089,-3.520442065267891,-0.023698137211854944,-0.00043840955220424697
0.0051,-0.0089,-3.5207389744151034,-0.02364550534271836,-0.0009577351434670175
0.005200000000000001,-0.0089,-3.5159937209268315,-0.023608408797053476,-0.0014944095046139005
0.0053,-0.0089,-3.51630055374533,-0.02319369120314413,-0.0020148626678526235
0.0054,-0.0089,-3.513884884008507,-0.023150089804188444,-0.0025088607653862105
0.0055,-0.0089,-3.512528578592561,-0.022601093543637124,-0.003002421668245381
0.0056,-0.0089,-3.508385766706255,-0.022339771442513204,-0.0035134637121699203
0.005700000000000001,-0.0089,-3.505412299110614,-0.022002073813949447,-0.004031897721434398
0.0058,-0.0089,-3.5033124833282447,-0.021402799223233123,-0.004481208086333073
0.0059,-0.0089,-3.5008831115328647,-0.020647202752853616,-0.004890445156631464
0.006,-0.0089,-3.499064730418676,-0.020241451457354922,-0.005327781256547186
0.0061,-0.0089,-3.496185417533662,-0.01948370814547312,-0.005698526414136546
0.0062,-0.0089,-3.4936558543022675,-0.018859933905934823,-0.005976977327509756
0.0063,-0.0089,-3.4918362861230317,-0.017954279636376417,-0.006280203763017427
0.0064,-0.0089,-3.489842826687422,-0.017173401445946902,-0.006481538394991372
0.006499999999999999,-0.0089,-3.489994559187573,-0.016122390250006086,-0.006616242102035185
0.006600000000000001,-0.0089,-3.4894172585930985,-0.015169212279120626,-0.006737991847600014
0.0067,-0.0089,-3.4892743425249964,-0.014233763920703982,-0.006853989553554023
0.0068,-0.0089,-3.48996813786251,-0.013073667587004715,-0.006759571528736047
0.0069,-0.0089,-3.491118271745355,-0.012154829245386276,-0.006765047896436687
0.006999999999999999,-0.0089,-3.4921819497511457,-0.011129380506200385,-0.006596597765269184
0.007100000000000001,-0.0089,-3.4934081462281177,-0.010345029182302134,-0.006420617498179207
0.0072,-0.0089,-3.4965081950425714,-0.009360305526423264,-0.006211375202661174
0.0073,-0.0089,-3.498523384662437,-0.008074578849575836,-0.005856238558354082
0.0074,-0.0089,-3.5021579085411676,-0.007267038829465235,-0.005594515126051202
0.0075,-0.0089,-3.5059611734755864,-0.0061817691704078226,-0.00512806372627275
0.0076,-0.0089,-3.5091102337449933,-0.005392742230255057,-0.004738925550559384
0.0077,-0.0089,-3.5120063606203584,-0.004550338473964924,-0.004299365554993754
0.0078,-0.0089,-3.515578501970289,-0.00371707170752941,-0.0038148918816304314
0.0079,-0.0089,-3.519566681051669,-0.002949372249878526,-0.0033303838628447047
0.008,-0.0089,-3.5224521786396887,-0.002303504349698344,-0.0028486463908905845
0.0081,-0.0089,-3.525749528546684,-0.0016295161313830513,-0.002360219470537211
0.0082,-0.0089,-3.52879935185404,-0.001166348718902164,-0.001845604712493759
0.0083,-0.0089,-3.5311255740870187,-0.0006717314380134409,-0.0013901066186586483
0.0084,-0.0089,-3.5335293487159087,-0.00024693047760538707,-0.0009365198290896917
0.0085,-0.0089,-3.5357020191943382,8.840946637992402e-05,-0.0004984252788431277
0.0086,-0.0089,-3.5379444287253006,0.00033871158690007867,-0.00010116286337480832
0.0087,-0.0089,-3.5394709716648576,0.0005305058825349864,0.0002476066508785503
0.0088,-0.0089,-3.540592720975091,0.0006855281956726026,0.0006068705954337321
0.0089,-0.0089,-3.5415860627042077,0.0007675486803083013,0.0008840829116205138
0.009,-0.0089,-3.54240987754486,0.0007893399155709888,0.0011132199945084497
0.0091,-0.0089,-3.543076828938029,0.0007795308967909968,0.0012964729623907258
0.0092,-0.0089,-3.542637235314913,0.0007378667912984634,0.001419104870262246
0.0093,-0.0089,-3.5439893702140526,0.000652707749489695,0.0015177256270025618
0.0094,-0.0089,-3.5447080429565574,0.0005649632102638357,0.0015634519171712055
0.0095,-0.0089,-3.545522910349317,0.0004421991187598249,0.0015101097932295909
0.0096,-0.0089,-3.5444937603324873,0.0003002156260616968,0.0013522851285779711
0.0097,-0.0089,-3.5434188133532194,0.00019858773430871262,0.0011606248252530758
0.0098,-0.0089,-3.5417512831586246,0.00010559785248820703,0.0008568560720909103
0.0099,-0.0089,-3.541973825323472,3.808687154007387e-05,0.0004809481990776351
0.01,-0.0089,-3.541794337797345,0.0,0.0
0.0,-0.0088,-3.4242171211973735,0.0,0.0
0.0001,-0.0088,-3.4225153760940947,2.3885026502633908e-05,2.843825830421967e-05
0.0002,-0.0088,-3.42064498566809,-0.00010357035410473387,-3.870776456745559e-05
0.0003,-0.0088,-3.4172837792373323,-0.0001436379395069408,0.0001018336568310711
0.0004,-0.0088,-3.419141931284874,-0.0002728846605458937,0.00018040262737566306
0.0005,-0.0088,-3.4187874896620247,-0.0004345208590375377,0.0004023775521960136
0.0006,-0.0088,-3.4197014722434425,-0.000626639128528602,0.0005725952951206805
0.0007,-0.0088,-3.4199774957372497,-0.0008837339397162487,0.0008162655712123282
0.0008,-0.0088,-3.4206206662403225,-0.0011654528303002985,0.001028064118553304
0.0009,-0.0088,-3.4216183044606137,-0.001443929025248837,0.0012779886797175532
0.001,-0.0088,-3.4226423371443135,-0.0017833234407550484,0.0015258442825777704
0.0011,-0.0088,-3.422548193305333,-0.0021843857511674248,0.0017787027073288158
0.0012,-0.0088,-3.4233811695811833,-0.002580372251620653,0.002031643494216171
0.0013000000000000002,-0.0088,-3.424984561132155,-0.0030484977551171405,0.0022859413974402154
0.0014,-0.0088,-3.425326441564917,-0.0035366649984437,0.0025735861196213745
0.0015,-0.0088,-3.426687425049119,-0.00408820212223232,0.0028530352774849576
0.0016,-0.0088,-3.428479646651197,-0.004683571701112116,0.003120253064514958
0.0017,-0.0088,-3.429768205784885,-0.00531141698308681,0.0034264118604412155
0.0018,-0.0088,-3.4311136292905453,-0.005891771652047348,0.003678233157879787
0.0019,-0.0088,-3.433589552382849,-0.006685202839801419,0.003948479035776629
0.002,-0.0088,-3.4357164286802977,-0.007230114112838926,0.004211426667690429
0.0021,-0.0088,-3.437075885805331,-0.008174373713633285,0.004370948664823919
0.0022,-0.0088,-3.4402347723283953,-0.008680284674953534,0.0047784718469831445
0.0023,-0.0088,-3.442629564139042,-0.009766860533851257,0.004996291633091757
0.0024,-0.0088,-3.4458224861722124,-0.010441953556189555,0.0051628208658537214
0.0025,-0.0088,-3.449225385318361,-0.011461960240911902,0.005473937743451847
0.0026000000000000003,-0.0088,-3.4528693782372466,-0.012039920932563251,0.00560747720599658
0.0027,-0.0088,-3.456514487168591,-0.012994904016702075,0.005608109617833157
0.0028,-0.0088,-3.461022380863776,-0.013889599305631257,0.0059594896014962045
0.0029,-0.0088,-3.4646643014484217,-0.014964071994490702,0.0058778135498884
0.003,-0.0088,-3.4696860193398456,-0.015670325303091086,0.005996413245052185
0.0031,-0.0088,-3.4742433174817453,-0.01636469597539848,0.005954201808898859
0.0032,-0.0088,-3.4788053781426536,-0.017187232560780363,0.0059887738658118694
0.0033000000000000004,-0.0088,-3.4828929782858746,-0.018227044315672826,0.005960890045992215
0.0034,-0.0088,-3.489305769842501,-0.018887028932194724,0.005893935759452559
0.0034999999999999996,-0.0088,-3.493635037778853,-0.019743581094193708,0.005731222550899064
0.0036,-0.0088,-3.4987334164573696,-0.02041469829391679,0.005510014609177296
0.0037,-0.0088,-3.5030103672851736,-0.021179425466114312,0.00531211063037082
0.0038,-0.0088,-3.507096009394176,-0.021636052405153424,0.005043686567085554
0.0039,-0.0088,-3.5100222435326547,-0.022217473248040895,0.004724439125873937
0.004,-0.0088,-3.5140678967205283,-0.022880884875185737,0.004452982148755271
0.0041,-0.0088,-3.520529844360058,-0.023455652199884006,0.004043178907997236
0.0042,-0.0088,-3.5239033343848964,-0.02383846927903978,0.003655432499818788
0.0043,-0.0088,-3.5247997446401915,-0.024223836429504292,0.0032445819955992695
0.0044,-0.0088,-3.529850127859067,-0.024680913028648617,0.002753048382295197
0.0045,-0.0088,-3.5312308442376614,-0.025007931443872436,0.0022850486238533375
0.0046,-0.0088,-3.532837693957373,-0.02538118619740117,0.0017609935094984501
0.0047,-0.0088,-3.531364745594224,-0.025546494853555392,0.0012181332962179381
0.0048,-0.0088,-3.5340468330223653,-0.025520490810029536,0.0006813564624245556
0.0049,-0.0088,-3.5365048672434,-0.025506381204928392,0.00010078969527616937
0.005,-0.0088,-3.532030036353485,-0.02548282623595696,-0.0004792688377654889
0.0051,-0.0088,-3.5342218985419427,-0.025709586405324114,-0.0010491860671445845
0.005200000000000001,-0.0088,-3.5309828416525204,-0.025443046268989834,-0.0016498251422663495
0.0053,-0.0088,-3.530118021388658,-0.02526945674124781,-0.0022301289384918667
0.0054,-0.0088,-3.52806687767142,-0.025047941322080915,-0.0027962723721419733
0.0055,-0.0088,-3.525037872823413,-0.02464667282101736,-0.0034033308108146476
0.0056,-0.0088,-3.5223759409736672,-0.02423551433629147,-0.003941699961676095
0.005700000000000001,-0.0088,-3.5193046518128064,-0.023921440663294647,-0.004443461725853376
0.0058,-0.0088,-3.514968552640407,-0.023309320210083754,-0.004993423704346182
0.0059,-0.0088,-3.5109907251725923,-0.022669088002648042,-0.0054836755167064115
0.006,-0.0088,-3.5098851574405106,-0.022268019257603078,-0.005988656203554519
0.0061,-0.0088,-3.5040333933518677,-0.02127911269805195,-0.006352097393768179
0.0062,-0.0088,-3.503283235856161,-0.02079516298396757,-0.00671410914984107
0.0063,-0.0088,-3.5033515751919047,-0.02006094429287064,-0.007142210192983445
0.0064,-0.0088,-3.5003168097908266,-0.019116921031270773,-0.007340697144856839
0.006499999999999999,-0.0088,-3.4982472544216012,-0.018020946495159448,-0.007545909657345993
0.006600000000000001,-0.0088,-3.4980740374372283,-0.017012144664839548,-0.007739738457894292
0.0067,-0.0088,-3.4973554142320307,-0.016220511970166385,-0.007837295780125932
0.0068,-0.0088,-3.496223354247354,-0.01515230356371255,-0.00788335861228672
0.0069,-0.0088,-3.4970958989617684,-0.014155147423060893,-0.007864172887785957
0.006999999999999999,-0.0088,-3.4988619910290817,-0.013062405724023007,-0.007661226659595555
0.007100000000000001,-0.0088,-3.499562613846866,-0.011792526686219948,-0.007504180586984816
0.0072,-0.0088,-3.50141897589915,-0.010881988092050121,-0.007198709756132115
0.0073,-0.0088,-3.503399396183817,-0.009843029419358133,-0.006973894057663323
0.0074,-0.0088,-3.50595113146331,-0.009013363678074001,-0.006652831667607978
0.0075,-0.0088,-3.5087674593227725,-0.007749604954489346,-0.00618765987653035
0.0076,-0.0088,-3.5120010087894875,-0.006519962664423651,-0.00565155623476399
0.0077,-0.0088,-3.5148657486183574,-0.005669463825987906,-0.005223726691348987
0.0078,-0.0088,-3.518360449860746,-0.004865040408965047,-0.0046053133232349065
0.0079,-0.0088,-3.521428505269146,-0.003957063297954358,-0.004081394696699401
0.008,-0.0088,-3.5245789652611963,-0.0031877122057163924,-0.0035487639679699454
0.0081,-0.0088,-3.527721285712118,-0.00258233029807457,-0.0029616976424588996
0.0082,-0.0088,-3.5303779685196632,-0.0019100530331456348,-0.0024038606302093806
0.0083,-0.0088,-3.5330607431377525,-0.0013452994519613755,-0.0018565651606832403
0.0084,-0.0088,-3.5357322116302163,-0.0008449235161990435,-0.0013261103090236707
0.0085,-0.0088,-3.5376611558497473,-0.0004622970000681218,-0.0008442014128709312
0.0086,-0.0088,-3.539802176383594,-0.00012690974008126515,-0.0003568669260113191
0.0087,-0.0088,-3.5410399288129915,0.0001453965516638895,5.661220562749826e-05
0.0088,-0.0088,-3.5420131698011765,0.0003381272028600834,0.0004411028727454747
0.0089,-0.0088,-3.542902080921896,0.00047900125518282697,0.0008052921344540308
0.009,-0.0088,-3.543571855176915,0.0005616178856037789,0.001087911354669941
0.0091,-0.0088,-3.544569160333796,0.0005935442549933368,0.0013108892938194314
0.0092,-0.0088,-3.545131009952413,0.0005864644180924903,0.0014710662217573883
0.0093,-0.0088,-3.5449450198317325,0.0005478012520402098,0.0015485081753404456
0.0094,-0.0088,-3.5477950312700037,0.00046252632210988455,0.001591711154532797
0.0095,-0.0088,-3.5457149563135366,0.0003381722509600289,0.001557030724837944
0.0096,-0.0088,-3.54356740975414,0.00027243641601685446,0.0014393379648425712
0.0097,-0.0088,-3.5443141748829117,0.00018800791086379446,0.0012301844135630736
0.0098,-0.0088,-3.5434545396074006,9.56856452879476e-05,0.0009350441679000982
0.0099,-0.0088,-3.5424958597334126,3.383003735873798e-05,0.0005287986158069906
0.01,-0.0088,-3.542787332575473,0.0,0.0
0.0,-0.0087,-3.424986096274392,0.0,0.0
0.0001,-0.0087,-3.418517630520579,-3.066097715024733e-05,-5.6881256208112316e-05
0.0002,-0.0087,-3.418424345718355,-8.689616438502719e-05,2.9144317667022072e-05
0.0003,-0.0087,-3.4171269170326473,-0.00021943312932375697,0.0001674937549202945
0.0004,-0.0087,-3.418130762382002,-0.00035928179074406715,0.00042214765505384536
0.0005,-0.0087,-3.4183089040145163,-0.0005503769797751924,0.0006154515728068134
0.0006,-0.0087,-3.418552105642439,-0.0007981606555142438,0.0008130672732062521
0.0007,-0.0087,-3.4189282321898196,-0.001074324321251053,0.0010790670731537244
0.0008,-0.0087,-3.4199605950307084,-0.0013782247693465894,0.001350301541020678
0.0009,-0.0087,-3.420875809457006,-0.0017357082748956987,0.0016323545651411827
0.001,-0.0087,-3.421169603638465,-0.00213405353024312,0.0019087553011234264
0.0011,-0.0087,-3.421935845295606,-0.0025756008570633902,0.00219792074110181
0.0012,-0.0087,-3.4233208860980904,-0.0030393736794289378,0.002492704891249792
0.0013000000000000002,-0.0087,-3.423671492643048,-0.0035438314127903847,0.002815750752138054
0.0014,-0.0087,-3.4248963941750983,-0.004129968621624555,0.0031329268898010135
0.0015,-0.0087,-3.4256656758479,-0.004695085101471011,0.003436399995966679
0.0016,-0.0087,-3.4273489178101406,-0.005368008577595283,0.0037154102628795156
0.0017,-0.0087,-3.429025239468724,-0.00599007911556536,0.004147667047975665
0.0018,-0.0087,-3.4313018273018474,-0.006772948148354005,0.004380798691607567
0.0019,-0.0087,-3.4330952895171896,-0.007362740234253443,0.00454660437149085
0.002,-0.0087,-3.435992018007648,-0.008355923006586502,0.004957087154288617
0.0021,-0.0087,-3.438126183778286,-0.009137657248448788,0.005115249327967468
0.0022,-0.0087,-3.4412467070146926,-0.009923444409214058,0.005656858723788367
0.0023,-0.0087,-3.444089206562617,-0.010706127710388334,0.00571884589288587
0.0024,-0.0087,-3.4478976764039433,-0.011358208967510422,0.006078817571256889
0.0025,-0.0087,-3.4516219877984713,-0.012362822456478299,0.006223502233532094
0.0026000000000000003,-0.0087,-3.455974706391142,-0.013604773812112376,0.006412487924949417
0.0027,-0.0087,-3.4602512829423255,-0.014371385121833806,0.006519224263802051
0.0028,-0.0087,-3.4646366730759417,-0.015041085891605294,0.006684398250982018
0.0029,-0.0087,-3.469862328132798,-0.016140548909207023,0.0068334438761931465
0.003,-0.0087,-3.4746752833124925,-0.016966065268429063,0.006802502291842244
0.0031,-0.0087,-3.480477022356488,-0.017981721451556604,0.006872808988454474
0.0032,-0.0087,-3.485551008148804,-0.01870927170143972,0.006784545603125797
0.0033000000000000004,-0.0087,-3.491675880112453,-0.01952222769486805,0.006722542151970258
0.0034,-0.0087,-3.4964268022821137,-0.020264580156407527,0.006646702321130101
0.0034999999999999996,-0.0087,-3.502756995583996,-0.021090709172322048,0.006430582483548025
0.0036,-0.0087,-3.5086799284980907,-0.021867691734399244,0.006239450501230405
0.0037,-0.0087,-3.5129732819722532,-0.022579506491079673,0.005968021185836486
0.0038,-0.0087,-3.51844022347859,-0.02321181779150644,0.005614234674303826
0.0039,-0.0087,-3.523457154407871,-0.02388202555833398,0.005343734259548604
0.004,-0.0087,-3.5301810821787596,-0.02446499533530455,0.004977653104092015
0.0041,-0.0087,-3.5316055373901905,-0.025200021902977113,0.004554794594137062
0.0042,-0.0087,-3.536754787796678,-0.0254358522380161,0.004096475005337565
0.0043,-0.0087,-3.538704612652074,-0.02587016285938759,0.003552383583326777
0.0044,-0.0087,-3.5428678583787954,-0.02626582627840593,0.0031131677859048096
0.0045,-0.0087,-3.54208329293599,-0.02667955310510034,0.002545749081155329
0.0046,-0.0087,-3.5454870003146826,-0.02682424334729765,0.0019543442491781852
0.0047,-0.0087,-3.548173520615985,-0.027351003342895322,0.0014172191701413402
0.0048,-0.0087,-3.5479471329109558,-0.027332108441409587,0.0007730850976657242
0.0049,-0.0087,-3.549230755454765,-0.027379346920005338,0.00014285462741906956
0.005,-0.0087,-3.5476792996541473,-0.027531862386937746,-0.0004858329335845905
0.0051,-0.0087,-3.545479681783173,-0.02740057436783736,-0.0011491827786474012
0.005200000000000001,-0.0087,-3.5501270061918206,-0.027471020131022345,-0.0017792625931114224
0.0053,-0.0087,-3.545103502517727,-0.026861787533086025,-0.0024232847998568504
0.0054,-0.0087,-3.5420247346898415,-0.02707274165861528,-0.0030709634886167247
0.0055,-0.0087,-3.540203204454466,-0.026452440951927465,-0.0037166807467488155
0.0056,-0.0087,-3.5385865541954695,-0.026016018393137788,-0.004338786486577329
0.005700000000000001,-0.0087,-3.5357425987543425,-0.02571809258966419,-0.00496228733214419
0.0058,-0.0087,-3.5321473321263537,-0.025278506283908677,-0.005496244532695899
0.0059,-0.0087,-3.5266054622589946,-0.024844206333816506,-0.006114044901505225
0.006,-0.0087,-3.5233553963681814,-0.02412266254458929,-0.006569386480235088
0.0061,-0.0087,-3.518984072310337,-0.023668700624444372,-0.00706587776777195
0.0062,-0.0087,-3.515777421017354,-0.022657576874788688,-0.007553870323346335
0.0063,-0.0087,-3.5152315122331608,-0.02201476935642918,-0.007903429586450057
0.0064,-0.0087,-3.5097009160524477,-0.02129531363690452,-0.008261834275131058
0.006499999999999999,-0.0087,-3.5077623756356893,-0.020464818237563055,-0.00846845941120725
0.006600000000000001,-0.0087,-3.5066134244187532,-0.01913373405692044,-0.008760014408250421
0.0067,-0.0087,-3.506121739071545,-0.018282251677145613,-0.008730077358546825
0.0068,-0.0087,-3.5030606011666072,-0.01702311820150852,-0.008944191709357651
0.0069,-0.0087,-3.5026318537281322,-0.015924463250872798,-0.00883971765342852
0.006999999999999999,-0.0087,-3.504928719444169,-0.015101720509366735,-0.00869104005863828
0.007100000000000001,-0.0087,-3.5045601606933205,-0.013716467597736199,-0.008793411045523027
0.0072,-0.0087,-3.5075257077984547,-0.012573953517148961,-0.008336348413388558
0.0073,-0.0087,-3.506910962912089,-0.011452444776748491,-0.008222697369972585
0.0074,-0.0087,-3.510364645521241,-0.010417295826730413,-0.0076816368141504185
0.0075,-0.0087,-3.5120674069928963,-0.009100113628554077,-0.0072323824113607
0.0076,-0.0087,-3.514601268221094,-0.008271006963074607,-0.0067442342283329975
0.0077,-0.0087,-3.518523073607576,-0.007148850751507558,-0.006296037943886574
0.0078,-0.0087,-3.520732443476243,-0.005961224859571768,-0.005572897863098548
0.0079,-0.0087,-3.523932094477732,-0.005087641943777326,-0.004997745711645803
0.008,-0.0087,-3.5263416239015215,-0.004262308719321684,-0.004307901174474792
0.0081,-0.0087,-3.529354669936762,-0.0034604097293208682,-0.0036841964128801817
0.0082,-0.0087,-3.532373473502954,-0.0027243748616831726,-0.0030358939949195834
0.0083,-0.0087,-3.5347375270812416,-0.0020892443766416975,-0.002423774498991021
0.0084,-0.0087,-3.536851350635226,-0.0015254770635098952,-0.001821077919606405
0.0085,-0.0087,-3.5391209004309165,-0.0010439286269621668,-0.0012319253100405892
0.0086,-0.0087,-3.5410390986098563,-0.000637736279256484,-0.0007047350335548157
0.0087,-0.0087,-3.5420875344255087,-0.0002935694841915079,-0.00018654353934358225
0.0088,-0.0087,-3.5440200338211185,-2.2881444760899063e-05,0.00025919408756123547
0.0089,-0.0087,-3.5445012006705046,0.00017172777366538175,0.0006636593776222001
0.009,-0.0087,-3.5451541310132524,0.0003030780711260852,0.0010020867223599981
0.0091,-0.0087,-3.546523528576266,0.0003849226130030187,0.0012756996432626304
0.0092,-0.0087,-3.5459525696826724,0.00041494552702502465,0.001473956800337911
0.0093,-0.0087,-3.5452873646647216,0.0004134614998284229,0.0016058489774942045
0.0094,-0.0087,-3.5445394066654248,0.0003461943768881856,0.001638499447687538
0.0095,-0.0087,-3.546434173144035,0.00030787628590482185,0.001627950242519294
0.0096,-0.0087,-3.5459710036430394,0.0002471949886430387,0.001549937600061991
0.0097,-0.0087,-3.54326565236965,0.00013522115942199935,0.0013334632138402467
0.0098,-0.0087,-3.5448072673721005,9.186272616232634e-05,0.0010057391506036895
0.0099,-0.0087,-3.544001930699752,2.8853162072601213e-05,0.0005711539218555948
0.01,-0.0087,-3.5437840347294824,0.0,0.0
0.0,-0.0086,-3.407244328385982,0.0,0.0
0.0001,-0.0086,-3.4142468050680344,-1.9224308114401605e-05,-1.3091247209052071e-05
0.0002,-0.0086,-3.415478469271485,-0.00010550376075043984,0.0001437048534011464
0.0003,-0.0086,-3.41685104663387,-0.0002557660345732603,0.00036923871081881855
0.0004,-0.0086,-3.4175237731436203,-0.00046888213027926204,0.0005599419279876922
0.0005,-0.0086,-3.417863555705881,-0.0006698320878952129,0.0008528585990420839
0.0006,-0.0086,-3.418716792168556,-0.0009582657552576314,0.0011126406603390719
0.0007,-0.0086,-3.4187144409132753,-0.0012966795885921095,0.0013895718846954948
0.0008,-0.0086,-3.419442428029439,-0.0016538013088703363,0.001714491738339838
0.0009,-0.0086,-3.4206506481622787,-0.002053186421015363,0.0020324498592795568
0.001,-0.0086,-3.420763904045808,-0.002499404881467389,0.002364901054500958
0.0011,-0.0086,-3.4212482377439004,-0.0029865551992315042,0.0026766422306138925
0.0012,-0.0086,-3.4225316149939404,-0.0035064801630914676,0.0030328156099811957
0.0013000000000000002,-0.0086,-3.4236936502272224,-0.004073399580519353,0.0033467417282899677
0.0014,-0.0086,-3.4247138944297535,-0.004670312328210292,0.0037176163166552432
0.0015,-0.0086,-3.42575882841344,-0.00535566697703854,0.004130731028156783
0.0016,-0.0086,-3.4279204468071525,-0.005982525649724005,0.0043816379098703465
0.0017,-0.0086,-3.429324509386881,-0.006754535202094356,0.004821532338740546
0.0018,-0.0086,-3.4319829098847667,-0.007558631290028872,0.005027000467497152
0.0019,-0.0086,-3.4344368325437364,-0.008201127957506955,0.005525390132258186
0.002,-0.0086,-3.437037604806926,-0.009121845084041035,0.005861535612077147
0.0021,-0.0086,-3.4401114662602046,-0.009924343537818424,0.006086277979307961
0.0022,-0.0086,-3.443040027286988,-0.010917696776924866,0.006327499169328893
0.0023,-0.0086,-3.4465856452157335,-0.011770665485215824,0.006627643006388651
0.0024,-0.0086,-3.4504233545579552,-0.012945874186266033,0.006919074558702521
0.0025,-0.0086,-3.4550856272842427,-0.013711584159072018,0.0070688635942283045
0.0026000000000000003,-0.0086,-3.4594142177048774,-0.014704481878350956,0.007497207437151894
0.0027,-0.0086,-3.465349969253726,-0.015583737602642625,0.00758716926971835
0.0028,-0.0086,-3.4706385378161313,-0.016207593311159688,0.007608657801111144
0.0029,-0.0086,-3.4761639931058936,-0.017527751106287914,0.0077254405136597
0.003,-0.0086,-3.4797631357689283,-0.01853898848570947,0.007660044543805188
0.0031,-0.0086,-3.48683146384759,-0.019328961576102387,0.0077061156214685116
0.0032,-0.0086,-3.4926170661968547,-0.020118639816471384,0.007669248347642596
0.0033000000000000004,-0.0086,-3.502046270480451,-0.021103196847123824,0.007569526531147478
0.0034,-0.0086,-3.504283449141239,-0.02190962330217668,0.007400133888802181
0.0034999999999999996,-0.0086,-3.51361267009401,-0.02259952392361169,0.007242042393996864
0.0036,-0.0086,-3.5200309727596646,-0.023364543195234084,0.006876709171348971
0.0037,-0.0086,-3.5239861376940875,-0.024190242011271453,0.006645630021468037
0.0038,-0.0086,-3.528306193247495,-0.024667360079134747,0.006319454368238739
0.0039,-0.0086,-3.538026398622267,-0.02533443122981002,0.00593343727764115
0.004,-0.0086,-3.543605915755235,-0.025943781465053772,0.0055098920711635175
0.0041,-0.0086,-3.546058140238279,-0.026447123773280193,0.005125879520192667
0.0042,-0.0086,-3.55225055717927,-0.026921384741611445,0.004546614052615758
0.0043,-0.0086,-3.556144447447011,-0.027324601569344072,0.004014919899325001
0.0044,-0.0086,-3.5576190343146727,-0.027832462079107334,0.003380238902581321
0.0045,-0.0086,-3.559648834014023,-0.028254084727133512,0.0028919990174706097
0.0046,-0.0086,-3.565205846792664,-0.028545592921101138,0.002274239870878243
0.0047,-0.0086,-3.5639073135946644,-0.029080435545121033,0.0015639209778261689
0.0048,-0.0086,-3.5662682280476337,-0.028816534852036082,0.0009500806143702026
0.0049,-0.0086,-3.564241413823623,-0.029063290947603772,0.00021137259680353087
0.005,-0.0086,-3.567285874965978,-0.029432198311188613,-0.00045333349184594276
0.0051,-0.0086,-3.566012876093509,-0.028935112522307762,-0.0011608274389555966
0.005200000000000001,-0.0086,-3.5660138525823286,-0.028950299703902352,-0.00190493424401847
0.0053,-0.0086,-3.5615901509920627,-0.029004627545835462,-0.0026205329733969226
0.0054,-0.0086,-3.5609829493987064,-0.028346994909160803,-0.0033279153533446095
0.0055,-0.0086,-3.5573788520686973,-0.02870995422863631,-0.003993236314165629
0.0056,-0.0086,-3.5526749541134865,-0.028201419382604283,-0.004697931262913669
0.005700000000000001,-0.0086,-3.551036559642568,-0.02767694791879502,-0.005364348739820217
0.0058,-0.0086,-3.5464294478475584,-0.02737584308463416,-0.006032534506894097
0.0059,-0.0086,-3.544858234245232,-0.02650799360120398,-0.006665382315586863
0.006,-0.0086,-3.5414571036943157,-0.026264337363012737,-0.0072284041151858686
0.0061,-0.0086,-3.537193328796647,-0.025397200327711547,-0.00776571022417793
0.0062,-0.0086,-3.5312715844952463,-0.02475571999323105,-0.008317881945415254
0.0063,-0.0086,-3.5295452333504174,-0.023873201428216227,-0.008765045223436263
0.0064,-0.0086,-3.524500524112876,-0.023056974555754468,-0.009184954058889356
0.006499999999999999,-0.0086,-3.5222766941334136,-0.022155132411969897,-0.009419348114622078
0.006600000000000001,-0.0086,-3.5180067532736077,-0.021352978912427337,-0.00968082159756824
0.0067,-0.0086,-3.518952149955694,-0.020279957590520627,-0.009929251614073162
0.0068,-0.0086,-3.514261923529718,-0.019220303049427234,-0.009972752828314007
0.0069,-0.0086,-3.513520973754206,-0.01818528609904381,-0.009997982663126707
0.006999999999999999,-0.0086,-3.5134520040571195,-0.017048475765545745,-0.010004548843281611
0.007100000000000001,-0.0086,-3.5139333812720093,-0.015850384034155802,-0.009833120749177896
0.0072,-0.0086,-3.5120304201584567,-0.014200886272641626,-0.009521179711715663
0.0073,-0.0086,-3.5125662440430867,-0.013069058576633439,-0.009199915352517535
0.0074,-0.0086,-3.5164518879692293,-0.012003203515147737,-0.008893258438537178
0.0075,-0.0086,-3.5170645844892903,-0.01101629168633494,-0.008344822215536049
0.0076,-0.0086,-3.518569579138804,-0.009484533509162016,-0.007768845882774038
0.0077,-0.0086,-3.520984733171025,-0.008461674694124238,-0.007445875304014808
0.0078,-0.0086,-3.5235767983743767,-0.007430620747451325,-0.006598284468191513
0.0079,-0.0086,-3.52621881836509,-0.006351132879703295,-0.006014876455785981
0.008,-0.0086,-3.5290051955337165,-0.005426336241225609,-0.005185338491850204
0.0081,-0.0086,-3.531911153180554,-0.004509571496713262,-0.00453810102901882
0.0082,-0.0086,-3.5338667983448135,-0.0036133613175129823,-0.003767760066323927
0.0083,-0.0086,-3.5366983808553796,-0.0028517523432973107,-0.003100351849064273
0.0084,-0.0086,-3.538695892907393,-0.0022376575630017512,-0.002377865677464476
0.0085,-0.0086,-3.540354855166175,-0.0016397907257286238,-0.0017368572422262732
0.0086,-0.0086,-3.5425403305912697,-0.0011619134279171402,-0.001098030625258786
0.0087,-0.0086,-3.5438649573592316,-0.0007529430397831801,-0.0005197231788318732
0.0088,-0.0086,-3.545170175034912,-0.00041652812276640934,-5.606509155525481e-07
0.0089,-0.0086,-3.54629367622605,-0.00015200701919638044,0.00048114434059869234
0.009,-0.0086,-3.546830855473382,2.994820529400597e-05,0.0008572695801654936
0.0091,-0.0086,-3.547592070565643,0.00016283444305094776,0.0011851029122888585
0.0092,-0.0086,-3.54723896619445,0.00023974196760890863,0.0014560061487004913
0.0093,-0.0086,-3.546886864555065,0.0002648760989072284,0.001638096527053255
0.0094,-0.0086,-3.5469938878789344,0.0002502415719997064,0.0017380339657311955
0.0095,-0.0086,-3.5498022713515764,0.00026291612930762984,0.0017028588329783757
0.0096,-0.0086,-3.5502390786917974,0.00020320773764784928,0.0016195888206253048
0.0097,-0.0086,-3.5480239409917043,0.00010185929141402154,0.0014024830853707217
0.0098,-0.0086,-3.5468636809416454,7.3277984426952e-05,0.0010503082753455847
0.0099,-0.0086,-3.5464232452953897,2.5612082219397453e-05,0.0006031000694822469
0.01,-0.0086,-3.5458467715662545,0.0,0.0
0.0,-0.0085,-3.4145488897244842,0.0,0.0
0.0001,-0.0085,-3.414122741244308,-1.7358413101993015e-05,0.00016480057771395436
0.0002,-0.0085,-3.4147008266606056,-0.0001571977740966104,0.0002889545197578585
0.0003,-0.0085,-3.416272366379195,-0.0003207253173010001,0.0005203788708163896
0.0004,-0.0085,-3.416841206707326,-0.0005638901335066527,0.0008140113581073115
0.0005,-0.0085,-3.4173078668144794,-0.0008225485921666446,0.0011134528662773344
0.0006,-0.0085,-3.4176777661815088,-0.0011380585771343108,0.0014293255603280404
0.0007,-0.0085,-3.4185311773399563,-0.0015018205379545612,0.001754961802210524
0.0008,-0.0085,-3.418725223682194,-0.0019231063880106036,0.0021338173961136303
0.0009,-0.0085,-3.4197586465856507,-0.0023666411619244817,0.0024818746031598014
0.001,-0.0085,-3.420736822424948,-0.0028772097392119763,0.0028437657835093957
0.0011,-0.0085,-3.421688957833717,-0.0034181778638727707,0.0031963924743123027
0.0012,-0.0085,-3.4223750690494215,-0.00399244424959223,0.003656822868270581
0.0013000000000000002,-0.0085,-3.423554882655066,-0.0046440169936100084,0.003955830534522549
0.0014,-0.0085,-3.4247055477053117,-0.005320673121746936,0.004313440372908597
0.0015,-0.0085,-3.4264508570377927,-0.005925585636479178,0.004777140320517806
0.0016,-0.0085,-3.428310682491448,-0.006761001523401401,0.00520720067155972
0.0017,-0.0085,-3.4308409817012953,-0.007558569504799967,0.005532535726016032
0.0018,-0.0085,-3.4327927401689156,-0.008389144472120932,0.005881511337051871
0.0019,-0.0085,-3.4358670390623574,-0.00902264878853648,0.00627260598503859
0.002,-0.0085,-3.4385348026782534,-0.009880434050260428,0.0067886032193308415
0.0021,-0.0085,-3.442149388457932,-0.011133139262770276,0.00706545161009082
0.0022,-0.0085,-3.4456574944682834,-0.011663448994583814,0.007395842382006773
0.0023,-0.0085,-3.449636528640285,-0.013013998018116469,0.007544124999225077
0.0024,-0.0085,-3.45467166607111,-0.014074362055459444,0.007712364179377547
0.0025,-0.0085,-3.458994521407842,-0.01486413306148898,0.008171236378785056
0.0026000000000000003,-0.0085,-3.4646793295654974,-0.01580520354596643,0.008338255556700596
0.0027,-0.0085,-3.4708052242677048,-0.01679295556781048,0.00844626661158955
0.0028,-0.0085,-3.4762819685560866,-0.01781148213215222,0.008581450589643741
0.0029,-0.0085,-3.482794073977337,-0.018612230346239822,0.008625105411901705
0.003,-0.0085,-3.4891391078970915,-0.019692355932288404,0.008771811431459118
0.0031,-0.0085,-3.497181597031575,-0.020776206349049066,0.008647384593438032
0.0032,-0.0085,-3.498766766406064,-0.021361929140460405,0.008646402227744241
0.0033000000000000004,-0.0085,-3.509417183544775,-0.022345835817662304,0.008441384861201504
0.0034,-0.0085,-3.5183397758034594,-0.023210345543409516,0.00817464407211436
0.0034999999999999996,-0.0085,-3.5240561079800585,-0.023899656371685365,0.008063209388711128
0.0036,-0.0085,-3.529588493327828,-0.024675694640839407,0.007756441873093431
0.0037,-0.0085,-3.539230115354725,-0.025382376944440222,0.007371832925240439
0.0038,-0.0085,-3.5430110978951155,-0.025972856835216964,0.007000272441494215
0.0039,-0.0085,-3.5513448410819364,-0.026903958630495207,0.006618921259371063
0.004,-0.0085,-3.556500644200329,-0.027347489852383403,0.006135282010457244
0.0041,-0.0085,-3.56252717353996,-0.02806547535502787,0.0055843043698963896
0.0042,-0.0085,-3.5675630030099135,-0.028824745181007472,0.005028706057019524
0.0043,-0.0085,-3.5715295563342,-0.028626962085764592,0.004419583215277733
0.0044,-0.0085,-3.579387446155719,-0.029122234756466154,0.0038286410682493153
0.0045,-0.0085,-3.580096104719029,-0.02945217515724019,0.003167451893063051
0.0046,-0.0085,-3.584516979374008,-0.0299885504902363,0.002548268672783401
0.0047,-0.0085,-3.5839092259074965,-0.030389185187337325,0.001780610257972653
0.0048,-0.0085,-3.58493380222489,-0.030332390987213093,0.0011571053874271208
0.0049,-0.0085,-3.587497576608241,-0.03044975867295351,0.00032267611196213405
0.005,-0.0085,-3.587077266183056,-0.03049979413197247,-0.0003742179750066163
0.0051,-0.0085,-3.5865719544746932,-0.030834776286968242,-0.001132660588334645
0.005200000000000001,-0.0085,-3.583515715058104,-0.031150869560340712,-0.0019388680307471367
0.0053,-0.0085,-3.5855338911830072,-0.030634313134644237,-0.002785932434298853
0.0054,-0.0085,-3.5794990476940765,-0.030484651487404257,-0.003547517569555163
0.0055,-0.0085,-3.5787096001776426,-0.029866822110251535,-0.004292695868449291
0.0056,-0.0085,-3.5744564670553327,-0.030240606269786766,-0.00502125660565934
0.005700000000000001,-0.0085,-3.5702288153296013,-0.029244882095175558,-0.005795086353626442
0.0058,-0.0085,-3.5677669825848923,-0.02909609318262246,-0.006484986884337751
0.0059,-0.0085,-3.561550086208763,-0.028395137243607343,-0.007207214681523348
0.006,-0.0085,-3.559930718672776,-0.02812406480013338,-0.007921146787865948
0.0061,-0.0085,-3.553271446035545,-0.027390400822741048,-0.008450559607368884
0.0062,-0.0085,-3.5512401614418487,-0.026627751652222077,-0.008952967905570857
0.0063,-0.0085,-3.5434928470032663,-0.02597370107374359,-0.009642580810749797
0.0064,-0.0085,-3.5394583822644927,-0.02529958556709922,-0.009989466735612426
0.006499999999999999,-0.0085,-3.535611557981327,-0.024217649095075247,-0.010357480894087147
0.006600000000000001,-0.0085,-3.531514020563096,-0.023446585071633816,-0.010670826474696369
0.0067,-0.0085,-3.5301332143251947,-0.022093229934843424,-0.01096428384724762
0.0068,-0.0085,-3.5287982448056843,-0.021064911572389954,-0.011097124750777424
0.0069,-0.0085,-3.523691822357108,-0.019993973216578045,-0.011173216756936813
0.006999999999999999,-0.0085,-3.5251454659754695,-0.018864549578244922,-0.01112000249657149
0.007100000000000001,-0.0085,-3.5202062139605017,-0.017914742836896296,-0.01087404220277838
0.0072,-0.0085,-3.521383821069862,-0.016441437989667403,-0.010841027597507035
0.0073,-0.0085,-3.52027028923664,-0.01480682934150964,-0.010552946226892169
0.0074,-0.0085,-3.5218841255360482,-0.013524961758475071,-0.010066808148298557
0.0075,-0.0085,-3.521909574031417,-0.012346111210143793,-0.00957263529782377
0.0076,-0.0085,-3.522797844134195,-0.011055147868701707,-0.009093656655290381
0.0077,-0.0085,-3.5255459319368545,-0.010140615057388764,-0.008475294882359902
0.0078,-0.0085,-3.5274031851972354,-0.008581323216999451,-0.007785927386780235
0.0079,-0.0085,-3.5296804745787522,-0.007577934555732533,-0.006955194480847374
0.008,-0.0085,-3.531459724007109,-0.006582914223596101,-0.0062710251085007765
0.0081,-0.0085,-3.5339688647015812,-0.00552093481505634,-0.005453889498993255
0.0082,-0.0085,-3.5357768340292073,-0.004675379370215919,-0.0046078302426943605
0.0083,-0.0085,-3.5380133369981093,-0.0037384422436700054,-0.0038522495152160845
0.0084,-0.0085,-3.5402850827568377,-0.0029805806045634176,-0.003051141044388066
0.0085,-0.0085,-3.542269618325024,-0.002304559945128915,-0.0022947616012621145
0.0086,-0.0085,-3.544012376227178,-0.0017289483435293407,-0.0016063610288962228
0.0087,-0.0085,-3.545389469134446,-0.0012407791181210449,-0.0009308486342021385
0.0088,-0.0085,-3.5468663566181444,-0.0008372347050123439,-0.0003320225665735442
0.0089,-0.0085,-3.5474286389517458,-0.000503182574253785,0.00020613853682276189
0.009,-0.0085,-3.5482682269354546,-0.00024768670507374245,0.0006767460246616292
0.0091,-0.0085,-3.5498818819073508,-6.886576849353399e-05,0.0010711323973434746
0.0092,-0.0085,-3.5497617935902293,5.889216444783675e-05,0.0013712408805232664
0.0093,-0.0085,-3.549630424179632,0.00012290240406406282,0.0015957095878741962
0.0094,-0.0085,-3.550280462320609,0.00016933784429237365,0.001734958614962261
0.0095,-0.0085,-3.5494127381306066,0.0001554703903112566,0.0017499244796948693
0.0096,-0.0085,-3.549563676107968,0.00013821073692373405,0.0016367121570195554
0.0097,-0.0085,-3.548469963873398,0.00011838250181459113,0.0014236413265565535
0.0098,-0.0085,-3.546417455180512,5.724164268831447e-05,0.001108780471819023
0.0099,-0.0085,-3.548502839336289,2.1147643889517448e-05,0.0006416761449361274
0.01,-0.0085,-3.5491747537595986,0.0,0.0
0.0,-0.0084,-3.4153428957348297,0.0,0.0
0.0001,-0.0084,-3.4145329749592617,-8.50591236845914e-05,0.0001787041760838828
0.0002,-0.0084,-3.4148025611373978,-0.00021547135621062714,0.0004151116199562946
0.0003,-0.0084,-3.415394316681778,-0.000381567315175919,0.0006869400285304017
0.0004,-0.0084,-3.415706695216402,-0.0006607888276544895,0.001054838900279389
0.0005,-0.0084,-3.4162405930961017,-0.0009457943427980324,0.0014636657474986423
0.0006,-0.0084,-3.417113863663525,-0.0013240868527091734,0.0017967487157465219
0.0007,-0.0084,-3.4173966389368013,-0.0017371507639159377,0.002188467901585163
0.0008,-0.0084,-3.4178026219197224,-0.002195666372630411,0.0025878174198596736
0.0009,-0.0084,-3.4194047825211564,-0.002715258469708682,0.0029745818139124466
0.001,-0.0084,-3.4196670459279788,-0.0032652959005530172,0.003380896412610654
0.0011,-0.0084,-3.4210250059775915,-0.0038362419872182093,0.0038040193956248095
0.0012,-0.0084,-3.421840636262778,-0.004503883118940212,0.004183317030144034
0.0013000000000000002,-0.0084,-3.4237250792794174,-0.0051294260142857664,0.004631559364189583
0.0014,-0.0084,-3.425250485668176,-0.005874677926006521,0.00512077974365026
0.0015,-0.0084,-3.4273114919257006,-0.0067383209763203005,0.005444562424211999
0.0016,-0.0084,-3.429331842366268,-0.007424188088226884,0.005930320067202334
0.0017,-0.0084,-3.4313190930849813,-0.0082921894224726,0.006391836018763643
0.0018,-0.0084,-3.4342174357400306,-0.009077230569214365,0.0068466051723249655
0.0019,-0.0084,-3.437394762413312,-0.010002763134671753,0.007301284425033139
0.002,-0.0084,-3.441380530515845,-0.010918920080402341,0.007756132196497206
0.0021,-0.0084,-3.4449069707383178,-0.011899072817169887,0.007906224427079845
0.0022,-0.0084,-3.4486521224481796,-0.012604515096834412,0.008288604232921935
0.0023,-0.0084,-3.4540177093728586,-0.013589202095926007,0.008598862664903182
0.0024,-0.0084,-3.4593975554190175,-0.01484707969109593,0.008903480917792644
0.0025,-0.0084,-3.4644950763663256,-0.015937352944350017,0.009163256012211523
0.0026000000000000003,-0.0084,-3.471475842556734,-0.016967993394353637,0.009445042388184104
0.0027,-0.0084,-3.47760199104353,-0.017980688748714474,0.009529644799571494
0.0028,-0.0084,-3.483821930002151,-0.018833565176437295,0.00957899046814418
0.0029,-0.0084,-3.4912604325936423,-0.019827953067086006,0.009534678952385675
0.003,-0.0084,-3.497534228216272,-0.02079607964531443,0.009629810897967274
0.0031,-0.0084,-3.50883706026329,-0.021681153900791807,0.009543716649791804
0.0032,-0.0084,-3.5170635440982196,-0.022574394871900823,0.009442447669443512
0.0033000000000000004,-0.0084,-3.5225499555076345,-0.023501587425965878,0.009248030223256196
0.0034,-0.0084,-3.530375002974404,-0.02448881826731085,0.009047435189444333
0.0034999999999999996,-0.0084,-3.5374019744274996,-0.02529161839887878,0.00882385905075588
0.0036,-0.0084,-3.5477459847434756,-0.025945098402824465,0.008427750880482266
0.0037,-0.0084,-3.553036464132296,-0.026769959123720318,0.008062972958986258
0.0038,-0.0084,-3.5618766769646024,-0.027555782083887082,0.007604323837161495
0.0039,-0.0084,-3.570531496192316,-0.028322609415582296,0.007199710856286956
0.004,-0.0084,-3.5768217183995348,-0.028858588840951677,0.006687034687604239
0.0041,-0.0084,-3.579848783989616,-0.029088598599014855,0.006133272145755893
0.0042,-0.0084,-3.5869191948566526,-0.02962891128938286,0.0055739641403801735
0.0043,-0.0084,-3.5942302503496912,-0.030230432763147592,0.004806799259989119
0.0044,-0.0084,-3.59565551735437,-0.030667707603687852,0.004247379820381607
0.0045,-0.0084,-3.601166258667614,-0.030965906903934838,0.0036026186610405952
0.0046,-0.0084,-3.604370513821886,-0.031396600617400676,0.0027972682237086617
0.0047,-0.0084,-3.605379923325026,-0.03152757549074177,0.0020607877966492857
0.0048,-0.0084,-3.6100525427319914,-0.03208318301098478,0.0012471096309796478
0.0049,-0.0084,-3.609032389425387,-0.03210562963126504,0.0004732058998949294
0.005,-0.0084,-3.612985340862062,-0.03231552334471795,-0.0003546909832335178
0.0051,-0.0084,-3.612211423147266,-0.03179856366312325,-0.0011933303604225315
0.005200000000000001,-0.0084,-3.6111966591661036,-0.03241449646349941,-0.001987315324004193
0.0053,-0.0084,-3.606989451885955,-0.0325028041188733,-0.0028943462381676357
0.0054,-0.0084,-3.6021720134609576,-0.03178110397015601,-0.003683439090345158
0.0055,-0.0084,-3.602184944761303,-0.03190350609283687,-0.004566811951631969
0.0056,-0.0084,-3.5967747871190667,-0.03173605825852852,-0.005361248596067829
0.005700000000000001,-0.0084,-3.595414041490314,-0.03092348249991896,-0.006114419385812192
0.0058,-0.0084,-3.5890238256657536,-0.030823100695779645,-0.006919136497479335
0.0059,-0.0084,-3.5863025837434757,-0.03060534063945027,-0.007659753183852189
0.006,-0.0084,-3.5820548485709933,-0.02977913766261292,-0.008372329807785944
0.0061,-0.0084,-3.577956407896311,-0.0288870754309402,-0.009039248299029103
0.0062,-0.0084,-3.5717737941251015,-0.02846758226852858,-0.009850687437914223
0.0063,-0.0084,-3.562762585824285,-0.027612442527779647,-0.01036729258103774
0.0064,-0.0084,-3.5592301862571007,-0.02688884229813228,-0.010999902482970112
0.006499999999999999,-0.0084,-3.5542183412219615,-0.02632685753082303,-0.011418474238338026
0.006600000000000001,-0.0084,-3.548607854022087,-0.025399873519092148,-0.011734889152378783
0.0067,-0.0084,-3.5467078644882095,-0.024135037363609807,-0.011997947543514256
0.0068,-0.0084,-3.5443538003938757,-0.023250449103253547,-0.012287605537029178
0.0069,-0.0084,-3.538221220393864,-0.0221109411029507,-0.012359853264544038
0.006999999999999999,-0.0084,-3.5350404909510966,-0.020616628247943327,-0.012260823256665146
0.007100000000000001,-0.0084,-3.535041631677859,-0.01943743156756111,-0.012224572417927555
0.0072,-0.0084,-3.531847255192411,-0.018046960310308564,-0.01208881088069997
0.0073,-0.0084,-3.531026857894908,-0.016710039740890314,-0.011851625520821002
0.0074,-0.0084,-3.528301766603472,-0.01550284317187655,-0.011333349239649288
0.0075,-0.0084,-3.5284021841923727,-0.014214682066979529,-0.011066225890359618
0.0076,-0.0084,-3.5295279687034675,-0.013135097956072117,-0.010302763221601903
0.0077,-0.0084,-3.530128774537296,-0.011610851922469018,-0.009713922008003546
0.0078,-0.0084,-3.530757911101265,-0.010208840012617548,-0.008882317602606882
0.0079,-0.0084,-3.53310067793373,-0.009088080406493912,-0.008204904169098956
0.008,-0.0084,-3.5344606533513945,-0.007750767451333563,-0.007365244756770037
0.0081,-0.0084,-3.536137525896301,-0.006610477933672027,-0.0064391912649129695
0.0082,-0.0084,-3.538091332079918,-0.005684549028732575,-0.00565328628990376
0.0083,-0.0084,-3.5402719172306014,-0.004672390220898853,-0.004736797220593919
0.0084,-0.0084,-3.542121367871826,-0.003796659562031393,-0.0037861949244762496
0.0085,-0.0084,-3.5441018954730357,-0.0030453288008548554,-0.002973869661954856
0.0086,-0.0084,-3.545659143795485,-0.002330443434820872,-0.0021879864599812083
0.0087,-0.0084,-3.547100323844878,-0.0017460178863619336,-0.0014364628118552429
0.0088,-0.0084,-3.548064956630276,-0.0012734348122522797,-0.0007314138389239183
0.0089,-0.0084,-3.5492179931076047,-0.0008755875516561237,-0.00010894472184151193
0.009,-0.0084,-3.5504829631087724,-0.0005579436791739361,0.0004220641305701671
0.0091,-0.0084,-3.551092675567009,-0.0002989841427917821,0.0008911205097981809
0.0092,-0.0084,-3.552062082145805,-0.0001364674886124441,0.0012730415927046219
0.0093,-0.0084,-3.5515183952291305,-1.6691521100298474e-05,0.0015226237020134496
0.0094,-0.0084,-3.551628442240847,6.187320302409936e-05,0.0016830815381824904
0.0095,-0.0084,-3.5538265880637794,7.264541718780369e-05,0.0017355098158873313
0.0096,-0.0084,-3.549851775705649,7.570805610284263e-05,0.0016844415185359755
0.0097,-0.0084,-3.548546283298337,0.00010531870574619473,0.0015215394609036778
0.0098,-0.0084,-3.5517163565018492,3.910076233765081e-05,0.0011998050233127924
0.0099,-0.0084,-3.551140399183063,8.556903865614146e-06,0.0006678045540074259
0.01,-0.0084,-3.5513622622595866,0.0,0.0
0.0,-0.0083,-3.41231847771821,0.0,0.0
0.0001,-0.0083,-3.415619884592182,-0.00011719412033126178,0.0003055351676447726
0.0002,-0.0083,-3.413390107857513,-0.00020078680293052523,0.0006787570096115966
0.0003,-0.0083,-3.414668238041811,-0.0004373627244516846,0.0009535316857984424
0.0004,-0.0083,-3.4154190025323232,-0.0007512791415888289,0.001370511365078504
0.0005,-0.0083,-3.4158747983186033,-0.0011041044748047659,0.001754496580670736
0.0006,-0.0083,-3.416888019700632,-0.001499750121638681,0.002231328990148877
0.0007,-0.0083,-3.4173225907927063,-0.00196931520793073,0.00265898472636008
0.0008,-0.0083,-3.4180868523081918,-0.0024746864694186257,0.0030967589694077106
0.0009,-0.0083,-3.4189536132543177,-0.0030345744813179256,0.0035686663559843833
0.001,-0.0083,-3.420486180588381,-0.0036043819385557156,0.003991452544957212
0.0011,-0.0083,-3.421486439304971,-0.004233384246362031,0.004458120924709256
0.0012,-0.0083,-3.422814359164457,-0.004966924854776196,0.004900925984113121
0.0013000000000000002,-0.0083,-3.424016353830326,-0.005661331611604144,0.005349781637786562
0.0014,-0.0083,-3.4254815701811183,-0.006436174596449008,0.005780732896187336
0.0015,-0.0083,-3.427752411185005,-0.007354512500170627,0.00633347054770994
0.0016,-0.0083,-3.4304343970575255,-0.008047833029381215,0.006917984526250619
0.0017,-0.0083,-3.4328339061112847,-0.008920258517695462,0.007235937984864322
0.0018,-0.0083,-3.4365258120980853,-0.009937254785988019,0.007895364071158926
0.0019,-0.0083,-3.4398312824303963,-0.010815278661004025,0.008033880393489769
0.002,-0.0083,-3.4438087503447385,-0.011656219304959983,0.008631643720054153
0.0021,-0.0083,-3.448406094601301,-0.012739485577362503,0.008775835861684653
0.0022,-0.0083,-3.453553340243937,-0.01372752554748078,0.0093656764848068
0.0023,-0.0083,-3.4596174373692006,-0.014846169914193859,0.009547903909284276
0.0024,-0.0083,-3.4644289903692527,-0.01587597908063967,0.009908515323204518
0.0025,-0.0083,-3.472683886483188,-0.01689898087659147,0.01008264962643657
0.0026000000000000003,-0.0083,-3.4792800486057507,-0.017842160637090997,0.010292287763598397
0.0027,-0.0083,-3.4854424471230545,-0.01887323633454041,0.010510527529550274
0.0028,-0.0083,-3.493486507878864,-0.01990465392596601,0.010574379893020971
0.0029,-0.0083,-3.5016126488028934,-0.020963898083660094,0.01062506268479408
0.003,-0.0083,-3.5102754968351197,-0.022044451342694588,0.010541569730162499
0.0031,-0.0083,-3.520172212485509,-0.022797192608798596,0.010501435693723303
0.0032,-0.0083,-3.5269607926340947,-0.023780650059552405,0.010394457491205579
0.0033000000000000004,-0.0083,-3.5330301792158587,-0.024646581386662734,0.010134443928943316
0.0034,-0.0083,-3.5449662274780516,-0.025604558690972168,0.009872265613551765
0.0034999999999999996,-0.0083,-3.555857672555703,-0.026317091550410204,0.009531535596225785
0.0036,-0.0083,-3.5627900937936356,-0.027184384581662724,0.009215706091479025
0.0037,-0.0083,-3.571878142267204,-0.027959480763089774,0.008734487535879095
0.0038,-0.0083,-3.579364245108104,-0.02840022995033294,0.008358006453308881
0.0039,-0.0083,-3.587391602326139,-0.029506457982587636,0.00788966211588404
0.004,-0.0083,-3.595251696396391,-0.029779196487159224,0.007286514374517168
0.0041,-0.0083,-3.5994791763683884,-0.03028873066645433,0.006837775822590895
0.0042,-0.0083,-3.6097688347148265,-0.030899291580760192,0.006087212718539396
0.0043,-0.0083,-3.616502093264721,-0.03144669950367369,0.005414392479577899
0.0044,-0.0083,-3.618425021579887,-0.0318254246951175,0.004557485974672849
0.0045,-0.0083,-3.624052034571432,-0.03196838189613703,0.0038713624374797865
0.0046,-0.0083,-3.6283484923712255,-0.03211145314401577,0.0030457410740756894
0.0047,-0.0083,-3.631276897387691,-0.032908873129090944,0.0022452463587287128
0.0048,-0.0083,-3.6325758036116778,-0.03327947604557773,0.0014846044897927633
0.0049,-0.0083,-3.6371248529748548,-0.033730209996028444,0.0006387480908115474
0.005,-0.0083,-3.6379850967024243,-0.03337269562968032,-0.000161532765967715
0.0051,-0.0083,-3.6349321562105956,-0.03397158356084377,-0.0010490195497226528
0.005200000000000001,-0.0083,-3.6362656390398422,-0.0339278171154046,-0.0018770326721584876
0.0053,-0.0083,-3.636344013124957,-0.03320120265742692,-0.0028908844213301355
0.0054,-0.0083,-3.6352779475447075,-0.033645658108681434,-0.003909065076301557
0.0055,-0.0083,-3.6275630096795357,-0.033223301191696315,-0.004764261263691753
0.0056,-0.0083,-3.6257172392883286,-0.032820166932392224,-0.0055543028055809645
0.005700000000000001,-0.0083,-3.618096085691949,-0.03274548220977299,-0.006477591104413167
0.0058,-0.0083,-3.6165520799980637,-0.03212173973918875,-0.007367359617197051
0.0059,-0.0083,-3.6132254341478416,-0.03194232504104651,-0.00811740476051125
0.006,-0.0083,-3.6076725512599146,-0.03179921926909214,-0.008994972639308443
0.0061,-0.0083,-3.6003219782285205,-0.0313167077188579,-0.009778255505990305
0.0062,-0.0083,-3.5928755153072363,-0.030626067057957975,-0.010556223215608835
0.0063,-0.0083,-3.5874787021704058,-0.029565695204501932,-0.01110461465691908
0.0064,-0.0083,-3.5816617008557206,-0.029179397531547913,-0.011708990142543695
0.006499999999999999,-0.0083,-3.5759655067502174,-0.02796933747438343,-0.012247963716038299
0.006600000000000001,-0.0083,-3.5713086746082845,-0.02744104494999235,-0.012780010719077022
0.0067,-0.0083,-3.564679818421417,-0.02589647815165712,-0.013080890315870184
0.0068,-0.0083,-3.5583248924609916,-0.024623480205236012,-0.013381825589982016
0.0069,-0.0083,-3.5529014807955805,-0.02376124116287978,-0.013453532768068278
0.006999999999999999,-0.0083,-3.549948845249584,-0.022753275603080537,-0.013548142036368217
0.007100000000000001,-0.0083,-3.548907168498115,-0.021289548139293103,-0.013522673580001402
0.0072,-0.0083,-3.544625827458516,-0.020243941469483842,-0.013386261137812059
0.0073,-0.0083,-3.538117034526038,-0.0187758585502078,-0.013136975440591751
0.0074,-0.0083,-3.5386191247000647,-0.017452378098838046,-0.01284208902070973
0.0075,-0.0083,-3.537418809395126,-0.01583340403966782,-0.012491103723235733
0.0076,-0.0083,-3.535441273565734,-0.01444229383968372,-0.011739127568774389
0.0077,-0.0083,-3.535545102682656,-0.01288710973916204,-0.010993608097009992
0.0078,-0.0083,-3.5365571119340222,-0.011772269070698239,-0.010217770782683473
0.0079,-0.0083,-3.5373107222544524,-0.01034622136732715,-0.009317363176389247
0.008,-0.0083,-3.538011169503376,-0.00920942137874895,-0.008412173285734405
0.0081,-0.0083,-3.53940597349333,-0.007876439163986166,-0.00762542932866514
0.0082,-0.0083,-3.540567907927511,-0.00677508095597151,-0.006593047886173537
0.0083,-0.0083,-3.542957615940712,-0.005591051726079998,-0.0057123853451017115
0.0084,-0.0083,-3.5440588307353464,-0.004689706104302788,-0.004749083723679617
0.0085,-0.0083,-3.5454624156405217,-0.0037405438331906526,-0.0038110339679280065
0.0086,-0.0083,-3.54749492884763,-0.0029863674324328727,-0.0028405580712148517
0.0087,-0.0083,-3.5481007450147746,-0.0023047775526185868,-0.0020280104497125756
0.0088,-0.0083,-3.5500706062933736,-0.0017255937558777836,-0.0012144507475480193
0.0089,-0.0083,-3.5518026893723076,-0.0012490287566446242,-0.0005057297102300612
0.009,-0.0083,-3.551494477856149,-0.0008415981771148891,0.00012404826927774854
0.0091,-0.0083,-3.552392603859181,-0.000554434134498871,0.0006618450865395186
0.0092,-0.0083,-3.5533134273057025,-0.0003170526621275722,0.0010907140466468242
0.0093,-0.0083,-3.554009115549752,-0.00015443062751521947,0.0014231061813047713
0.0094,-0.0083,-3.553792657296149,-5.176765779238403e-05,0.0016380365266858575
0.0095,-0.0083,-3.5520679233973813,1.0868802975055376e-05,0.0017132850403150026
0.0096,-0.0083,-3.5517857615672144,5.7178515460893865e-05,0.0016993963786662292
0.0097,-0.0083,-3.5579102725726703,3.941283171573591e-05,0.0015275766817532594
0.0098,-0.0083,-3.557216092360189,-2.72467723574152e-06,0.0011668199999938674
0.0099,-0.0083,-3.553627191112888,1.1155421094097021e-05,0.0006625792113090545
0.01,-0.0083,-3.5518943615579404,0.0,0.0
0.0,-0.0082,-3.412275551695527,0.0,0.0
0.0001,-0.0082,-3.412050671334566,-7.604657511977179e-05,0.0003955682205543701
0.0002,-0.0082,-3.4126248984562797,-0.0002519132377760892,0.0007832493146453075
0.0003,-0.0082,-3.414186675862523,-0.0004948650243933876,0.0012356658557565743
0.0004,-0.0082,-3.4153436112980824,-0.0008293555047433961,0.0017119089463914516
0.0005,-0.0082,-3.4158190295772517,-0.0012270842622858547,0.0021682126455505515
0.0006,-0.0082,-3.416610226495133,-0.0016881209463402741,0.0026617105834485563
0.0007,-0.0082,-3.4171585828921285,-0.002193175248313365,0.003153390841096618
0.0008,-0.0082,-3.4179225966877596,-0.002748539458192185,0.0036174693459716765
0.0009,-0.0082,-3.4186680933989884,-0.003342364753033971,0.004187905614535673
0.001,-0.0082,-3.419734926776612,-0.003989146487633531,0.004613242615262987
0.0011,-0.0082,-3.421164308862979,-0.004649014957399965,0.0051290459023293775
0.0012,-0.0082,-3.422621386207799,-0.005441423383520296,0.0056056073787330895
0.0013000000000000002,-0.0082,-3.4247787028540193,-0.00606436866108602,0.00622737371128571
0.0014,-0.0082,-3.426964227928478,-0.007095232944290014,0.006674923032211313
0.0015,-0.0082,-3.4288225062790567,-0.007836987242565823,0.007133175984217689
0.0016,-0.0082,-3.431961143965242,-0.008776507835567498,0.007629474952119006
0.0017,-0.0082,-3.435524987011961,-0.009804538979272866,0.008282197960041522
0.0018,-0.0082,-3.4388110487405443,-0.010583509404556043,0.00864681937617462
0.0019,-0.0082,-3.443529468523414,-0.011668468652063245,0.009100406038397593
0.002,-0.0082,-3.4479276844272113,-0.012433684333510395,0.009656524209231002
0.0021,-0.0082,-3.4526262981877247,-0.013699664049801353,0.009967841332978934
0.0022,-0.0082,-3.459785074487846,-0.014791642467588035,0.010156092664794687
0.0023,-0.0082,-3.4647648181341637,-0.015689913481182767,0.010559206759075708
0.0024,-0.0082,-3.472383379546852,-0.01671525233515303,0.011050270903873801
0.0025,-0.0082,-3.4781122099465502,-0.017933632142341966,0.011118387079493315
0.0026000000000000003,-0.0082,-3.4888265303523323,-0.01885457586242489,0.011456315040936825
0.0027,-0.0082,-3.4945720215580556,-0.019909046516022072,0.011490742862202736
0.0028,-0.0082,-3.5040193403698483,-0.02102123740707612,0.01152493593130779
0.0029,-0.0082,-3.5148603071601756,-0.021947192515854697,0.011646039813818615
0.003,-0.0082,-3.5209688595896957,-0.02287081479508515,0.011499640665978979
0.0031,-0.0082,-3.529654884488913,-0.02379903974024369,0.011466600011768198
0.0032,-0.0082,-3.5425812674979067,-0.024673239178969696,0.011208103822533205
0.0033000000000000004,-0.0082,-3.549848834138904,-0.025474981185398454,0.011022981321776634
0.0034,-0.0082,-3.560734495983418,-0.02646034281563933,0.010711649675401337
0.0034999999999999996,-0.0082,-3.5745454647925716,-0.02737166959156912,0.010406534222848172
0.0036,-0.0082,-3.5837885338449667,-0.027829839389231517,0.009957250283594125
0.0037,-0.0082,-3.5893961350491166,-0.029157752185675345,0.009602157062677716
0.0038,-0.0082,-3.598865082816647,-0.029462642962438303,0.009125518233489345
0.0039,-0.0082,-3.6059989327637463,-0.0302088707687524,0.00833764061983464
0.004,-0.0082,-3.6162971788701426,-0.030547363129391682,0.007964752758136065
0.0041,-0.0082,-3.625294749352837,-0.031587299614769596,0.007396408391786267
0.0042,-0.0082,-3.634712941165821,-0.03197652489000718,0.006716399330897902
0.0043,-0.0082,-3.6437180690726767,-0.03249791384096063,0.005791682255676092
0.0044,-0.0082,-3.649778741416246,-0.03266131835766486,0.005117481035894997
0.0045,-0.0082,-3.660777432881456,-0.033510697481645216,0.004374832915233497
0.0046,-0.0082,-3.657434843148038,-0.03391678801049852,0.0033423515232612402
0.0047,-0.0082,-3.6562283717802773,-0.033924224689998214,0.0025440233281506727
0.0048,-0.0082,-3.6571560090869824,-0.03394864725803452,0.0016563795004999585
0.0049,-0.0082,-3.663069157077168,-0.03410994679834375,0.000801339205511243
0.005,-0.0082,-3.665044141828187,-0.03481568556093116,-0.00017077044010276867
0.0051,-0.0082,-3.669196112412624,-0.034616137034086274,-0.00110644245622381
0.005200000000000001,-0.0082,-3.677803166502267,-0.035279161836808404,-0.0021194318064302795
0.0053,-0.0082,-3.6642518947981846,-0.034797217343130786,-0.0030808194223529584
0.0054,-0.0082,-3.6670130807752255,-0.034431105178899336,-0.004036893843147837
0.0055,-0.0082,-3.6512541722695078,-0.03473280481150814,-0.004980256159864345
0.0056,-0.0082,-3.6501957455492335,-0.03468766691683036,-0.005818936255462329
0.005700000000000001,-0.0082,-3.649030193839338,-0.033492838759032174,-0.006760070971563861
0.0058,-0.0082,-3.6439054058125593,-0.03415614298034425,-0.007673085805747097
0.0059,-0.0082,-3.6404989228451745,-0.03337518149169394,-0.008583856260069253
0.006,-0.0082,-3.6330076183187088,-0.0328151002911208,-0.009490854003142594
0.0061,-0.0082,-3.627370799542568,-0.032841049726656184,-0.010260629359350083
0.0062,-0.0082,-3.619471293650883,-0.03197128784076022,-0.011176777002985763
0.0063,-0.0082,-3.6126662538332113,-0.031148067604085717,-0.011769008495266001
0.0064,-0.0082,-3.605616729062219,-0.030822154553403883,-0.01253610366201572
0.006499999999999999,-0.0082,-3.6001150313932886,-0.029823567368408722,-0.013157086894581477
0.006600000000000001,-0.0082,-3.5919416106840116,-0.02917295739384238,-0.013507358015534668
0.0067,-0.0082,-3.584526447181717,-0.027830920888083976,-0.014067114043045535
0.0068,-0.0082,-3.577890825179624,-0.026956091915049885,-0.014418336636941914
0.0069,-0.0082,-3.569645825137238,-0.025630631041617988,-0.014669374072102705
0.006999999999999999,-0.0082,-3.566861550462847,-0.024287903672067835,-0.014705649625694251
0.007100000000000001,-0.0082,-3.5630925306300507,-0.023351670212740847,-0.014843433364544268
0.0072,-0.0082,-3.555227854287957,-0.02193811703315325,-0.014645439671379254
0.0073,-0.0082,-3.5523999580548122,-0.020518189011481742,-0.014542821390272976
0.0074,-0.0082,-3.548937933097835,-0.01911071189256741,-0.014262597697475211
0.0075,-0.0082,-3.547561071606568,-0.01759845156892685,-0.013644648674261562
0.0076,-0.0082,-3.544897294243073,-0.016241329637357395,-0.013178952745597118
0.0077,-0.0082,-3.543927167370004,-0.014729551283926882,-0.01253825592134093
0.0078,-0.0082,-3.541833811727095,-0.013230005613456615,-0.011775695594119612
0.0079,-0.0082,-3.541435944336599,-0.01173279739302818,-0.01075707156758363
0.008,-0.0082,-3.542205364803581,-0.010429037073792516,-0.009926157772213236
0.0081,-0.0082,-3.542753601249489,-0.009177521146049689,-0.008875673036756916
0.0082,-0.0082,-3.543636162947928,-0.007779581507985327,-0.007769903510310094
0.0083,-0.0082,-3.544684224914148,-0.0065980929161244045,-0.006737851352545919
0.0084,-0.0082,-3.5461264359053257,-0.005476725371961241,-0.005719114115022021
0.0085,-0.0082,-3.547705864173529,-0.004569224905386922,-0.004650874921130026
0.0086,-0.0082,-3.549310391238813,-0.00362775707694962,-0.0036163603402725856
0.0087,-0.0082,-3.5507553046077445,-0.002896659608385539,-0.002674392014320102
0.0088,-0.0082,-3.551983442121691,-0.002206552518113577,-0.001799643520038186
0.0089,-0.0082,-3.5525389551766815,-0.0016468215600353492,-0.0009853685039963233
0.009,-0.0082,-3.5536148141114854,-0.0011818999669950569,-0.00027193936412597586
0.0091,-0.0082,-3.5548945468842286,-0.0008136088716759766,0.0003576681557923341
0.0092,-0.0082,-3.555360218384992,-0.0005078870699548333,0.0008739066025635602
0.0093,-0.0082,-3.556113507094085,-0.0002983107387355055,0.001264255413428686
0.0094,-0.0082,-3.555163844695292,-0.00015849425259674893,0.0015336824803367458
0.0095,-0.0082,-3.555395143617139,-6.950533258003666e-05,0.0016898736435315604
0.0096,-0.0082,-3.5557447746897353,-2.276201572888659e-05,0.001666257388294612
0.0097,-0.0082,-3.5552953011305912,-1.6201098665458104e-05,0.0014742919438454321
0.0098,-0.0082,-3.554769579148528,5.877110076413206e-07,0.0011478050132088804
0.0099,-0.0082,-3.5530261194223285,1.7839476785241537e-05,0.0006607228800818562
0.01,-0.0082,-3.5548027595845495,0.0,0.0
0.0,-0.0081,-3.4123828539091208,0.0,0.0
0.0001,-0.0081,-3.412979589455449,-9.600943603389033e-05,0.0004755653009993267
0.0002,-0.0081,-3.412591982428687,-0.00028401566418357005,0.0009896425488371042
0.0003,-0.0081,-3.413702034785406,-0.0005574017060769879,0.001554189619475249
0.0004,-0.0081,-3.4148456077809324,-0.0009300909122147386,0.002095408575345621
0.0005,-0.0081,-3.4154052484994937,-0.0013622177408182735,0.0026456344634190284
0.0006,-0.0081,-3.4161472894741753,-0.0018688041696793883,0.003176257465825106
0.0007,-0.0081,-3.4169481503615677,-0.0024142242724662553,0.0037012804933179394
0.0008,-0.0081,-3.4178309921068246,-0.0030073332626291273,0.004264653935713215
0.0009,-0.0081,-3.4193267287571,-0.0036518432659043663,0.0047875346248718404
0.001,-0.0081,-3.4206474327476974,-0.004397917283246629,0.005315569214686382
0.0011,-0.0081,-3.4217415298524703,-0.005109888243526647,0.005867263832666829
0.0012,-0.0081,-3.423315377867168,-0.005925283148176388,0.006317767000006538
0.0013000000000000002,-0.0081,-3.425840995348458,-0.0067174984011807775,0.0069016163422837345
0.0014,-0.0081,-3.4285054747639294,-0.007502760650810899,0.007576460640283539
0.0015,-0.0081,-3.4306380134593764,-0.008442452943505492,0.008074492690695252
0.0016,-0.0081,-3.4342889915978208,-0.00936689874998398,0.00857563654677517
0.0017,-0.0081,-3.43804587782088,-0.010241827155925627,0.009072985692846106
0.0018,-0.0081,-3.443157780315706,-0.011358326185025304,0.009636895041406347
0.0019,-0.0081,-3.4473795184828795,-0.012346713129176335,0.009982216672263117
0.002,-0.0081,-3.452851180089546,-0.013416841085605903,0.010630119142720634
0.0021,-0.0081,-3.458899323392374,-0.014522010560550719,0.011133303137884298
0.0022,-0.0081,-3.4643555614179546,-0.015595785127028878,0.011327953858167839
0.0023,-0.0081,-3.4736587048878005,-0.01668457564525531,0.011759901081419942
0.0024,-0.0081,-3.481036827211002,-0.017690115025330255,0.011970240722655243
0.0025,-0.0081,-3.490723906181488,-0.018602752620313003,0.012151038117930427
0.0026000000000000003,-0.0081,-3.495724161111649,-0.019727960653641984,0.012320284004093155
0.0027,-0.0081,-3.5058658584882743,-0.020758843586811026,0.012550458128399541
0.0028,-0.0081,-3.517664013297914,-0.02190027725223887,0.012547120389146153
0.0029,-0.0081,-3.5301530262006895,-0.02273195402542431,0.012505790612493973
0.003,-0.0081,-3.535033447945584,-0.02376656519428198,0.01250374108596577
0.0031,-0.0081,-3.547281449147542,-0.024910030032472486,0.012302596662754552
0.0032,-0.0081,-3.558441857905979,-0.025750448100914355,0.01204443015673963
0.0033000000000000004,-0.0081,-3.5685466727636936,-0.026550565254482295,0.011959928527181765
0.0034,-0.0081,-3.5807016964126115,-0.027192018182522256,0.011584998432970561
0.0034999999999999996,-0.0081,-3.589314289727268,-0.028443358914218654,0.011262734243327648
0.0036,-0.0081,-3.606340147799498,-0.029234625424356314,0.01073255564553306
0.0037,-0.0081,-3.6115074926510355,-0.029616893412498582,0.010350660144955498
0.0038,-0.0081,-3.6201400346888133,-0.030670646998866694,0.009816800688718064
0.0039,-0.0081,-3.6338682804807707,-0.0309061934866337,0.008958823491804269
0.004,-0.0081,-3.6381001513655185,-0.031621840774731236,0.008499829709314264
0.0041,-0.0081,-3.6517973668102086,-0.03242033867117652,0.008041194666586503
0.0042,-0.0081,-3.662422025733793,-0.032831360405735886,0.007236649884028862
0.0043,-0.0081,-3.6703753036249527,-0.03355376446942681,0.0062631967943641426
0.0044,-0.0081,-3.6731889194851255,-0.03359542248007538,0.005425170931072272
0.0045,-0.0081,-3.691009594546756,-0.03390469662174113,0.004472102243936984
0.0046,-0.0081,-3.68759194056527,-0.034586389960954866,0.0035925735196271277
0.0047,-0.0081,-3.685539147688395,-0.03485030098157469,0.0028134532854091217
0.0048,-0.0081,-3.688004959264956,-0.035401552366775245,0.0019709667897890837
0.0049,-0.0081,-3.6963114047746957,-0.03495589530464334,0.0011686725184890077
0.005,-0.0081,-3.6992229663158223,-0.03578702371964357,9.098311031687187e-05
0.0051,-0.0081,-3.700847791428718,-0.03582375044568791,-0.0007544000935585869
0.005200000000000001,-0.0081,-3.700874748017454,-0.03604886204826432,-0.0019002064167370596
0.0053,-0.0081,-3.704054445246373,-0.03568549151714614,-0.0030191207584921503
0.0054,-0.0081,-3.683474063574854,-0.03453787667510529,-0.003994613670058648
0.0055,-0.0081,-3.687308104909959,-0.035515018011830865,-0.004995361187985003
0.0056,-0.0081,-3.6908986043377583,-0.03558069582480821,-0.006310527663557064
0.005700000000000001,-0.0081,-3.6877161486953765,-0.03528966518329591,-0.007081358993149676
0.0058,-0.0081,-3.676945008588731,-0.03533731367067738,-0.008065815539395364
0.0059,-0.0081,-3.674182316810196,-0.0347600841720042,-0.008975107523239247
0.006,-0.0081,-3.6658949542315242,-0.03429414519988504,-0.009936078571272336
0.0061,-0.0081,-3.6574043558989304,-0.03379522505540381,-0.010891246441202767
0.0062,-0.0081,-3.6500483918299427,-0.033347246151000404,-0.011725976492093667
0.0063,-0.0081,-3.640741084872936,-0.03301971703300138,-0.01250039112116651
0.0064,-0.0081,-3.637324168816259,-0.03233146175310664,-0.013412254047314321
0.006499999999999999,-0.0081,-3.6240375313478785,-0.031347811180027975,-0.013873150376187762
0.006600000000000001,-0.0081,-3.615914475272231,-0.030379991963949374,-0.014716448887199902
0.0067,-0.0081,-3.6070828930989327,-0.029322045772870776,-0.015089266638136888
0.0068,-0.0081,-3.6003850012601872,-0.02857007958474124,-0.015343806461456846
0.0069,-0.0081,-3.591522236878611,-0.027231306742930575,-0.015697638406138015
0.006999999999999999,-0.0081,-3.583729851056109,-0.026531632681236202,-0.01613244969682486
0.007100000000000001,-0.0081,-3.5804586559994473,-0.025498991986054556,-0.01600589568313981
0.0072,-0.0081,-3.5717892111507212,-0.023687006390461906,-0.01605577035538724
0.0073,-0.0081,-3.5666155245253335,-0.022420978749294704,-0.015956669451764074
0.0074,-0.0081,-3.5623842042714706,-0.020845456451784428,-0.015540028493586159
0.0075,-0.0081,-3.55664945551262,-0.01950786276397424,-0.015220812813487578
0.0076,-0.0081,-3.555276165506851,-0.018038688047389617,-0.014776078779778226
0.0077,-0.0081,-3.551140087389409,-0.016695395937728997,-0.014302702301606827
0.0078,-0.0081,-3.5484366560144984,-0.014956706763133768,-0.013389597684455535
0.0079,-0.0081,-3.549035586888026,-0.01332746406791151,-0.012119298166843174
0.008,-0.0081,-3.5475704313979675,-0.011919865256964908,-0.011370857138420261
0.0081,-0.0081,-3.5476103154039413,-0.010187316096675048,-0.010228766082083392
0.0082,-0.0081,-3.5474714077275293,-0.009197505239768615,-0.00909185004205025
0.0083,-0.0081,-3.548325598428466,-0.007687783965208958,-0.007996474766988716
0.0084,-0.0081,-3.5489521086259006,-0.006531836635148458,-0.006796401515458477
0.0085,-0.0081,-3.550313688329128,-0.00540349242936965,-0.00562711954028365
0.0086,-0.0081,-3.551665514707212,-0.004412422185754639,-0.004494234435530007
0.0087,-0.0081,-3.552476341145668,-0.0034826995126956643,-0.003450601027482501
0.0088,-0.0081,-3.553893323061472,-0.0027140456137666534,-0.002426188263493362
0.0089,-0.0081,-3.554643245648352,-0.0020543356853902997,-0.0015208866429807268
0.009,-0.0081,-3.5559464085347625,-0.0015015805789592204,-0.0007227984904944734
0.0091,-0.0081,-3.5564113713445673,-0.0010699819814597564,-5.482784638195934e-06
0.0092,-0.0081,-3.557359265774428,-0.0007195045947094685,0.0005932653258039986
0.0093,-0.0081,-3.5584317175860765,-0.0004624362237045784,0.0010594756344409065
0.0094,-0.0081,-3.55848809414659,-0.00025800266984845694,0.001399899049046056
0.0095,-0.0081,-3.55821115682992,-0.00013170282310561446,0.0015889232974447569
0.0096,-0.0081,-3.5575898815162286,-7.256049606146528e-05,0.0016225237827586767
0.0097,-0.0081,-3.5596180930011783,-3.626082998034381e-05,0.0014932765291025866
0.0098,-0.0081,-3.5562575028401793,9.729329655133336e-06,0.0012000264201548093
0.0099,-0.0081,-3.555350332252385,1.9268553163081136e-05,0.0007050566984690304
0.01,-0.0081,-3.5575169101091744,0.0,0.0
0.0,-0.008,-3.4095284076543813,0.0,0.0
0.0001,-0.008,-3.412469081011621,-0.00010619480202335931,0.0006053679754881464
0.0002,-0.008,-3.4137362789824017,-0.0003242570075152525,0.0012925602597971737
0.0003,-0.008,-3.4139431377031864,-0.0006111600651868874,0.0019298339010670581
0.0004,-0.008,-3.4154491406262912,-0.0010183239352313117,0.00254564302500295
0.0005,-0.008,-3.415440530145331,-0.0014914779957946125,0.0031545226043680485
0.0006,-0.008,-3.4164071788383286,-0.002029989429215251,0.0037163203532661277
0.0007,-0.008,-3.4186255052550627,-0.0026293589047924567,0.004310085780378325
0.0008,-0.008,-3.4183839120004356,-0.0032311824349483586,0.004891734801151059
0.0009,-0.008,-3.419716892348596,-0.003966072937168946,0.005431439817068756
0.001,-0.008,-3.420820370661839,-0.004753444624533334,0.005977811958696841
0.0011,-0.008,-3.4228581351582656,-0.005462720538925891,0.006665654595670392
0.0012,-0.008,-3.4245667622032707,-0.006222593938914136,0.007160496800060337
0.0013000000000000002,-0.008,-3.427241117408006,-0.007166777607099939,0.007884264145473972
0.0014,-0.008,-3.430034018294924,-0.008140556211978926,0.00861780645330464
0.0015,-0.008,-3.433355911685736,-0.00895366247744697,0.00905126515080785
0.0016,-0.008,-3.4370182104174702,-0.00998836834096141,0.009810875023615266
0.0017,-0.008,-3.4418952769662514,-0.011000110459173623,0.010009473572979181
0.0018,-0.008,-3.4462846441018136,-0.011934296730953215,0.010695115045972007
0.0019,-0.008,-3.4529876903611716,-0.012937058943392886,0.011279913398002816
0.002,-0.008,-3.4581124365580105,-0.014219467818395351,0.01144404167370638
0.0021,-0.008,-3.4642111772953763,-0.015113238776195533,0.012091852811020232
0.0022,-0.008,-3.4724131042388198,-0.016248964358112548,0.012473515875029038
0.0023,-0.008,-3.4805145223431238,-0.017365801193094634,0.012881459795602877
0.0024,-0.008,-3.4898314199912153,-0.01836983284662787,0.013126446412857283
0.0025,-0.008,-3.4996360104991004,-0.019389579569342688,0.013295149488911666
0.0026000000000000003,-0.008,-3.511077725782919,-0.020589823089788746,0.01348613674253035
0.0027,-0.008,-3.520477107759976,-0.021655650107081655,0.013498641818006588
0.0028,-0.008,-3.531399671736613,-0.022571738491180156,0.01356345011476979
0.0029,-0.008,-3.5436217708886044,-0.0235949483978122,0.013445782207958154
0.003,-0.008,-3.5541934957353787,-0.024625284824673015,0.013354926475778404
0.0031,-0.008,-3.5646925897525956,-0.025269991743814738,0.013268419500714047
0.0032,-0.008,-3.578795806098995,-0.026516279849210428,0.013045463425010874
0.0033000000000000004,-0.008,-3.589561943444798,-0.027431066395512585,0.012703182755786042
0.0034,-0.008,-3.6011881582280383,-0.028277739047451723,0.012303273812727526
0.0034999999999999996,-0.008,-3.6108985955132913,-0.028643123406390227,0.01179861117837362
0.0036,-0.008,-3.626027144656964,-0.02951111960796959,0.011530803561525124
0.0037,-0.008,-3.637926796451948,-0.030406310489877825,0.010846084810277795
0.0038,-0.008,-3.6446337169471943,-0.03143458963228412,0.010541861163746072
0.0039,-0.008,-3.6522897373636773,-0.031512338328236106,0.009730793656991707
0.004,-0.008,-3.6653584214552373,-0.03219748812641075,0.009022136221296903
0.0041,-0.008,-3.6755722164701545,-0.0331361623560225,0.008315111314985092
0.0042,-0.008,-3.6999513640385,-0.033429118151368134,0.007570925239400628
0.0043,-0.008,-3.6980661155400423,-0.03406278938887819,0.0067189664224717675
0.0044,-0.008,-3.6999957362125384,-0.03443256889869784,0.0056435841388690665
0.0045,-0.008,-3.7163840051547963,-0.034881149507112096,0.0048395915848587
0.0046,-0.008,-3.7178846934074627,-0.03523281788839393,0.004054612128345273
0.0047,-0.008,-3.707389325017137,-0.035956043913997746,0.0032738840792634243
0.0048,-0.008,-3.7203681631178527,-0.03576567326681495,0.0022365497402323355
0.0049,-0.008,-3.738060301905068,-0.036207665675766755,0.0016126800586498816
0.005,-0.008,-3.742522880701993,-0.03640678188462917,0.00047585797968792404
0.0051,-0.008,-3.74440011869955,-0.036191881903600315,-0.0006949758857888123
0.005200000000000001,-0.008,-3.7264573099521,-0.036528759097390354,-0.001892549021453965
0.0053,-0.008,-3.690816809231634,-0.03655553076474966,-0.003901089903326108
0.0054,-0.008,-3.7253345067748156,-0.03693248376495728,-0.004103830563175326
0.0055,-0.008,-3.7472766630041754,-0.03760733472469102,-0.004922980868302489
0.0056,-0.008,-3.712887036095113,-0.036727363837002897,-0.005773310536653752
0.005700000000000001,-0.008,-3.711519718784214,-0.03668526298721605,-0.007048620776939161
0.0058,-0.008,-3.6957401871681497,-0.035850751774867955,-0.008343960718368607
0.0059,-0.008,-3.7126503219616143,-0.03598017443277348,-0.009340953382603412
0.006,-0.008,-3.6969229162909234,-0.036097746745431626,-0.010219476996600458
0.0061,-0.008,-3.6920194717909496,-0.035310602927910245,-0.011249149984676505
0.0062,-0.008,-3.6840118286981953,-0.034824930047764054,-0.012248319489652326
0.0063,-0.008,-3.6692433052936284,-0.03425836631398107,-0.013158047558880823
0.0064,-0.008,-3.6593064412600405,-0.03377321499695728,-0.013941130801014934
0.006499999999999999,-0.008,-3.6543457926974416,-0.03273097500459109,-0.014647033230606288
0.006600000000000001,-0.008,-3.6440375704990307,-0.03169074267320406,-0.015362248922372274
0.0067,-0.008,-3.6327662233480105,-0.03135800052549023,-0.015963391169499387
0.0068,-0.008,-3.6218153945682205,-0.02961757231756289,-0.016547204558183228
0.0069,-0.008,-3.6165110306490735,-0.029021054145903436,-0.016771237312623876
0.006999999999999999,-0.008,-3.6057965193475323,-0.027987618563126267,-0.017065447387104523
0.007100000000000001,-0.008,-3.5991535969007074,-0.026472597837837203,-0.01734344254102367
0.0072,-0.008,-3.5916925084765636,-0.02534403045676141,-0.017268515811384073
0.0073,-0.008,-3.584682822125366,-0.024137418904247938,-0.01727404699952199
0.0074,-0.008,-3.5796837345958754,-0.022866781475567335,-0.01715853354801311
0.0075,-0.008,-3.5687729635587138,-0.02124130189755412,-0.016626518856296624
0.0076,-0.008,-3.5651994227196235,-0.0197685500444148,-0.016195605528729933
0.0077,-0.008,-3.561160945106398,-0.01825227632575539,-0.015462812672732985
0.0078,-0.008,-3.5580173288311627,-0.016433114590466102,-0.01475645622896554
0.0079,-0.008,-3.5548238346116943,-0.014815447362024857,-0.013931039959869877
0.008,-0.008,-3.553430084112482,-0.013417359671411326,-0.01270138714606774
0.0081,-0.008,-3.552592652866681,-0.011697105391657914,-0.011762235395648416
0.0082,-0.008,-3.551492059815652,-0.010272303892362366,-0.010482526966918034
0.0083,-0.008,-3.551670596643439,-0.008845330170865853,-0.009330144006846966
0.0084,-0.008,-3.552087471256905,-0.007469938587477561,-0.007956308320462646
0.0085,-0.008,-3.552551617279134,-0.006249107558307089,-0.006754036094725799
0.0086,-0.008,-3.5535517740985556,-0.005172437223621686,-0.005399716211625848
0.0087,-0.008,-3.5545893009919323,-0.004132418302176445,-0.0043692672402813005
0.0088,-0.008,-3.5556844711863236,-0.0032423805687244477,-0.003227753094567912
0.0089,-0.008,-3.5566824767114733,-0.002500018405679155,-0.0021824556238798434
0.009,-0.008,-3.557423160460609,-0.0018763782372020043,-0.001250291805642594
0.0091,-0.008,-3.5589833793834473,-0.0013460619930703642,-0.0004241090234354865
0.0092,-0.008,-3.5598638455486618,-0.0009350256900325779,0.0002586638521041976
0.0093,-0.008,-3.5605626237287726,-0.0006160823223369618,0.0008076272625657963
0.0094,-0.008,-3.560708289193654,-0.0003725268048348151,0.0012136404915296273
0.0095,-0.008,-3.5611634040974525,-0.00020132006833760774,0.00149066419765535
0.0096,-0.008,-3.5629432755294097,-0.00010706999549062612,0.0015864019282872254
0.0097,-0.008,-3.5641745701383707,-4.723249882403063e-05,0.0014539243405580849
0.0098,-0.008,-3.564755313256244,-8.774896382540527e-06,0.0011298103960552892
0.0099,-0.008,-3.5649168053816673,-1.2694321543561773e-05,0.0006973176747749196
0.01,-0.008,-3.5622353011917935,0.0,0.0
0.0,-0.0079,-3.412844419365959,0.0,0.0
0.0001,-0.0079,-3.4131152966022036,-0.00012074010217364767,0.0008000133779007351
0.0002,-0.0079,-3.414698595754089,-0.0003128623896657165,0.0015300902601372065
0.0003,-0.0079,-3.4138698846320428,-0.0006703294517733174,0.002306995402127882
0.0004,-0.0079,-3.4156298262210942,-0.0011138108454565576,0.0029830835050210867
0.0005,-0.0079,-3.417363628558699,-0.0016120097305014865,0.003667248675233538
0.0006,-0.0079,-3.4170351289843035,-0.0022032228429895947,0.004317804626460218
0.0007,-0.0079,-3.418266095903016,-0.002862847452070103,0.004944062066888715
0.0008,-0.0079,-3.419052179270674,-0.003487341369615884,0.005571283628681377
0.0009,-0.0079,-3.4209169811267146,-0.004249940595478184,0.006260992190410576
0.001,-0.0079,-3.4219991009224753,-0.005030027653567127,0.006785185708422284
0.0011,-0.0079,-3.4238248925770005,-0.005835406540859376,0.0075577640576609765
0.0012,-0.0079,-3.4261926742273223,-0.0066983443994450545,0.008182649862309044
0.0013000000000000002,-0.0079,-3.429398967728182,-0.007536460830610778,0.008690726477817901
0.0014,-0.0079,-3.4326745219231647,-0.00855924750777361,0.009309419602874527
0.0015,-0.0079,-3.4365875568814306,-0.009603932194814202,0.010089670262452069
0.0016,-0.0079,-3.4414498128851267,-0.01054852775100834,0.010617911647013076
0.0017,-0.0079,-3.4461316211253656,-0.011572350455042277,0.011406272056649331
0.0018,-0.0079,-3.451965317325088,-0.012637001706351245,0.01183034322591726
0.0019,-0.0079,-3.4579168275165793,-0.01368131730592952,0.012207086080934348
0.002,-0.0079,-3.4670825431088232,-0.014632795789876297,0.012697935692740737
0.0021,-0.0079,-3.474692899471824,-0.01582002039479577,0.013245828508169645
0.0022,-0.0079,-3.4832100604650997,-0.016955651279286277,0.013609400089170672
0.0023,-0.0079,-3.490501962259785,-0.017921331165501726,0.0138557339980533
0.0024,-0.0079,-3.4982714642323067,-0.019045173178193143,0.014180559453419828
0.0025,-0.0079,-3.508608776538029,-0.02015035809138209,0.014363031091652368
0.0026000000000000003,-0.0079,-3.5209348004269296,-0.021201420514258884,0.01450179075253873
0.0027,-0.0079,-3.5333338196471993,-0.022275614242261512,0.014551872937224633
0.0028,-0.0079,-3.5456275608716346,-0.023352463393997543,0.014583239255160205
0.0029,-0.0079,-3.5571149354012435,-0.024236674421145202,0.014502215872498276
0.003,-0.0079,-3.5702641020079824,-0.02522962830301231,0.014439902018559892
0.0031,-0.0079,-3.5834486838144075,-0.026117956111474168,0.014247883496614695
0.0032,-0.0079,-3.5950487645461147,-0.027031595062320335,0.014007092438406586
0.0033000000000000004,-0.0079,-3.609022459270275,-0.027961193569590172,0.013712058659572946
0.0034,-0.0079,-3.622973746571367,-0.0286116522671625,0.013060969811254259
0.0034999999999999996,-0.0079,-3.638149339723355,-0.029912783602821638,0.012751990794448127
0.0036,-0.0079,-3.6486721793280923,-0.0305607457754635,0.012061165807997796
0.0037,-0.0079,-3.6622835004988192,-0.03142780440641989,0.01183359196799923
0.0038,-0.0079,-3.6716249312778797,-0.03170638737414781,0.011188485620909737
0.0039,-0.0079,-3.688474525928808,-0.032355455486447596,0.010464105208594233
0.004,-0.0079,-3.6973303070186727,-0.03297315896521654,0.009566011151567183
0.0041,-0.0079,-3.7103957159222016,-0.0333147778857686,0.008732950275360255
0.0042,-0.0079,-3.720453529245895,-0.03425147565588418,0.007947521153210726
0.0043,-0.0079,-3.7302884171743336,-0.03477485835124868,0.006980763226741352
0.0044,-0.0079,-3.736991866748574,-0.03496736538716282,0.006271284019838529
0.0045,-0.0079,-3.7312581427866562,-0.03597886866510296,0.005364966467898047
0.0046,-0.0079,-3.7448455340173217,-0.03625342355659813,0.004531782174362848
0.0047,-0.0079,-3.752225248803426,-0.03607757482968912,0.0038439646134137227
0.0048,-0.0079,-3.757722118680926,-0.03621989691200458,0.002733756349642281
0.0049,-0.0079,-3.763804277419754,-0.036200030688452456,0.0012528098336446849
0.005,-0.0079,-3.784240537268378,-0.036595156166054126,0.0001783315362598772
0.0051,-0.0079,-3.7786316031888436,-0.0359699158680834,-0.0007948532139894128
0.005200000000000001,-0.0079,-3.7720601379811387,-0.03631349839401881,-0.0018026078978293102
0.0053,-0.0079,-3.7534575677813713,-0.03793313029272412,-0.0026677610132715517
0.0054,-0.0079,-3.7932510671668935,-0.03693322505856478,-0.0033623326317878837
0.0055,-0.0079,-3.7673172811301465,-0.03708093422089886,-0.004878781508544843
0.0056,-0.0079,-3.754952535892325,-0.03627942764239479,-0.007611700766954728
0.005700000000000001,-0.0079,-3.7401572818310367,-0.03655967644506846,-0.008638251841588968
0.0058,-0.0079,-3.758767782489538,-0.037892519194685885,-0.008768537620186862
0.0059,-0.0079,-3.7359698975464157,-0.03690903187859758,-0.009810714844029695
0.006,-0.0079,-3.7429135691952897,-0.03625691142453128,-0.010632132072803498
0.0061,-0.0079,-3.7194416223755717,-0.03592283930490924,-0.0117429996894907
0.0062,-0.0079,-3.720144559262245,-0.03561774323260089,-0.012724827208892299
0.0063,-0.0079,-3.6999974748727187,-0.03519317473196804,-0.013698314554812864
0.0064,-0.0079,-3.695413357951994,-0.03478561297619912,-0.01468732576602403
0.006499999999999999,-0.0079,-3.689122847397602,-0.033663594429225,-0.01543075705373607
0.006600000000000001,-0.0079,-3.6812099767085957,-0.033721764920902175,-0.01612681915507818
0.0067,-0.0079,-3.6609823184238626,-0.03255410735509497,-0.016905675999063022
0.0068,-0.0079,-3.653745536064412,-0.031247218074382604,-0.017574163721638447
0.0069,-0.0079,-3.642890104830187,-0.030467481408082992,-0.017870720161049188
0.006999999999999999,-0.0079,-3.629546825808642,-0.02944351252440678,-0.018425125761582253
0.007100000000000001,-0.0079,-3.6201724733139757,-0.028471864981607566,-0.018647793665316315
0.0072,-0.0079,-3.6127202148305138,-0.02696398470256895,-0.01880862255073574
0.0073,-0.0079,-3.6021022374668767,-0.025988967666861165,-0.01893523602419011
0.0074,-0.0079,-3.595640818262611,-0.02457360854272412,-0.018484213192899026
0.0075,-0.0079,-3.5868111648832954,-0.022777790604674414,-0.018150508231038125
0.0076,-0.0079,-3.5766929256552658,-0.021321238718033552,-0.01762581918236774
0.0077,-0.0079,-3.5739156785043096,-0.019615182340505688,-0.017261911578703774
0.0078,-0.0079,-3.568856555770279,-0.018104363689653447,-0.0163718353658228
0.0079,-0.0079,-3.565030247112717,-0.016331573709818838,-0.01543214742602876
0.008,-0.0079,-3.5609892146595428,-0.014688286956468856,-0.014184486987695703
0.0081,-0.0079,-3.557645713863902,-0.012979026946269824,-0.013109402432835144
0.0082,-0.0079,-3.556530185747392,-0.011516962461313222,-0.012063489073473418
0.0083,-0.0079,-3.555784235294102,-0.010015910762912202,-0.010780186684708436
0.0084,-0.0079,-3.5554971768049093,-0.008464527360910695,-0.009003231331464993
0.0085,-0.0079,-3.5552424523897446,-0.0070524617503681004,-0.007930281750906256
0.0086,-0.0079,-3.556352449663551,-0.005969439773010287,-0.0066752612185896915
0.0087,-0.0079,-3.556466175603768,-0.004806725292094452,-0.005359240383514001
0.0088,-0.0079,-3.557728094772579,-0.003812214092659262,-0.004067896188765296
0.0089,-0.0079,-3.5589903401462952,-0.002966589970347066,-0.00291480728237808
0.009,-0.0079,-3.56014487613424,-0.0022517273781082633,-0.001881522566855792
0.0091,-0.0079,-3.5608527666988734,-0.0016484930968103544,-0.0009314436206694498
0.0092,-0.0079,-3.562784512350689,-0.0011477828384117237,-0.00014973246370212018
0.0093,-0.0079,-3.5625136573072798,-0.0008044824734942115,0.0005202582116575753
0.0094,-0.0079,-3.5630487052428745,-0.0004873876698659393,0.001000412606491882
0.0095,-0.0079,-3.56485501342859,-0.00028059431025031313,0.0013158499333050045
0.0096,-0.0079,-3.567273332602156,-0.00014483146249478403,0.0014282179720848812
0.0097,-0.0079,-3.5633808919647554,-3.6257487547814704e-05,0.0013885203710752643
0.0098,-0.0079,-3.5631353142291284,-2.9544126493468132e-05,0.0011058648074389762
0.0099,-0.0079,-3.565566465750003,-2.7173637158385005e-05,0.0006433007512469207
0.01,-0.0079,-3.5650319837747553,0.0,0.0
0.0,-0.0078,-3.41222594244523,0.0,0.0
0.0001,-0.0078,-3.4128529840537922,-0.0001278334915838443,0.0009417364980919701
0.0002,-0.0078,-3.414184107038587,-0.00038285055956764115,0.0018701179085265592
0.0003,-0.0078,-3.414523732613721,-0.0007238277590572197,0.0026874160818427025
0.0004,-0.0078,-3.416811037326932,-0.001191732364694187,0.003448886188125966
0.0005,-0.0078,-3.4165611275664776,-0.0017523449516010027,0.004209159539284158
0.0006,-0.0078,-3.4184781032769056,-0.00235118030152023,0.004944883813032163
0.0007,-0.0078,-3.4190254775690216,-0.0030600986348511294,0.005649799246357537
0.0008,-0.0078,-3.4207217430153998,-0.0037326937194777257,0.0063180194096568365
0.0009,-0.0078,-3.422247728714712,-0.0045452301029079425,0.006972440004381156
0.001,-0.0078,-3.4239458114947237,-0.005236665723289894,0.007664286552296853
0.0011,-0.0078,-3.4256986834265972,-0.006129662209815707,0.008277636926146891
0.0012,-0.0078,-3.429285810694437,-0.007143597414095673,0.009001893601369975
0.0013000000000000002,-0.0078,-3.4322689438326845,-0.008131835841044082,0.009703723600491296
0.0014,-0.0078,-3.4359510200557226,-0.009072632922708842,0.010091150183157316
0.0015,-0.0078,-3.440817037228536,-0.01007143460986715,0.010935813238288431
0.0016,-0.0078,-3.4452245234941397,-0.010824760043485458,0.011615806998435571
0.0017,-0.0078,-3.451085242291198,-0.011968208796468543,0.01234697585606865
0.0018,-0.0078,-3.45666496354138,-0.013128733483290779,0.012657786359066354
0.0019,-0.0078,-3.463852454382087,-0.014221245453318185,0.01334875153746944
0.002,-0.0078,-3.4721534627675807,-0.015276769429166503,0.013823909227805666
0.0021,-0.0078,-3.480504069735678,-0.016435485609601643,0.014307859815422486
0.0022,-0.0078,-3.4909696928118823,-0.017474258251175535,0.014607013688205897
0.0023,-0.0078,-3.501353971843612,-0.018605186098069208,0.01501472408433178
0.0024,-0.0078,-3.512802400804494,-0.019688842310867594,0.015213371435896173
0.0025,-0.0078,-3.52249206237813,-0.020758453638758168,0.015430120613930355
0.0026000000000000003,-0.0078,-3.533348032672332,-0.021906648189797564,0.015567056723705619
0.0027,-0.0078,-3.5520601564096017,-0.022750896823884526,0.015667815768492462
0.0028,-0.0078,-3.563834184630838,-0.02376293586566297,0.015690972954838324
0.0029,-0.0078,-3.576729239845523,-0.024830929829021027,0.015427060028198365
0.003,-0.0078,-3.589735643287707,-0.025988952711264213,0.01520299033660118
0.0031,-0.0078,-3.603799478172512,-0.02670707562308813,0.01498096048648614
0.0032,-0.0078,-3.616808355377371,-0.02757448668618805,0.014827164952238623
0.0033000000000000004,-0.0078,-3.6326698811712927,-0.028616232597217905,0.014504047110874135
0.0034,-0.0078,-3.6481030021043677,-0.029228124615226905,0.01414629666102249
0.0034999999999999996,-0.0078,-3.659678050158085,-0.029994111144790447,0.013513758163254924
0.0036,-0.0078,-3.675610065804182,-0.03096954800533207,0.013140789402130405
0.0037,-0.0078,-3.6908641198559526,-0.03175194903071423,0.012411319565820728
0.0038,-0.0078,-3.702892385574393,-0.03234249288429413,0.011748832381925783
0.0039,-0.0078,-3.71692148244787,-0.032776348778653014,0.011063855415216131
0.004,-0.0078,-3.730857453163935,-0.03349492413456761,0.01013127385255816
0.0041,-0.0078,-3.739722468151348,-0.03404283478771226,0.009248700370177497
0.0042,-0.0078,-3.758009057619907,-0.03467404964152387,0.00852943606349573
0.0043,-0.0078,-3.7630829044809277,-0.035093307652670935,0.0076788598327463
0.0044,-0.0078,-3.775959310286582,-0.035879037579490895,0.006863833481294378
0.0045,-0.0078,-3.7803731180167177,-0.03607295370108376,0.005922585132514542
0.0046,-0.0078,-3.782636459032552,-0.036261545410871135,0.0049901270249260825
0.0047,-0.0078,-3.785902216063959,-0.03641031249290751,0.0036882002884103616
0.0048,-0.0078,-3.7924846732999384,-0.03678892903503996,0.0023606352950193386
0.0049,-0.0078,-3.8000305292328402,-0.03649087263924845,0.0012367991804244167
0.005,-0.0078,-3.803833331518403,-0.03668852158956407,-0.00012198424705098795
0.0051,-0.0078,-3.79723078958534,-0.03816010563022321,-0.000620599562982488
0.005200000000000001,-0.0078,-3.789826435727869,-0.03712651395137929,-0.001714771048617652
0.0053,-0.0078,-3.79357607756237,-0.036521437639922744,-0.0024807888742511717
0.0054,-0.0078,-3.836748440374409,-0.034596672876204985,-0.003849670820074616
0.0055,-0.0078,-3.8241645805343856,-0.035750000001915055,-0.005896047829273528
0.0056,-0.0078,-3.7967877940128814,-0.03698618405003641,-0.0061264839309562395
0.005700000000000001,-0.0078,-3.798270332397278,-0.03778601274307052,-0.006836647053845794
0.0058,-0.0078,-3.781118200916721,-0.03697057798737036,-0.00811770502528789
0.0059,-0.0078,-3.7750625898293166,-0.03661022069208083,-0.00994222373233866
0.006,-0.0078,-3.7929612345448134,-0.03692946200839157,-0.011790945651782639
0.0061,-0.0078,-3.75168198288644,-0.03701480934574545,-0.012041442568378323
0.0062,-0.0078,-3.7620910354796084,-0.036554825539078434,-0.012643677053398767
0.0063,-0.0078,-3.7656661111299696,-0.03607434737743783,-0.014056886099437504
0.0064,-0.0078,-3.739563279631377,-0.035876630590108545,-0.015146458048937656
0.006499999999999999,-0.0078,-3.725058369904774,-0.035125828157662346,-0.01616691318746094
0.006600000000000001,-0.0078,-3.7135935625779295,-0.034358898610018916,-0.016935342328608344
0.0067,-0.0078,-3.693528897060782,-0.03378494392229785,-0.017702203959126677
0.0068,-0.0078,-3.6812084335542603,-0.032553807200656745,-0.018340740588073657
0.0069,-0.0078,-3.6669699377322296,-0.03202614272029623,-0.018884686755062854
0.006999999999999999,-0.0078,-3.656643597554217,-0.0309801080735431,-0.019468820830178247
0.007100000000000001,-0.0078,-3.6448866833886315,-0.02972037332162802,-0.01962818035993091
0.0072,-0.0078,-3.63153458575108,-0.028747483413915576,-0.020058185534290618
0.0073,-0.0078,-3.626558070468649,-0.027658361549850175,-0.01999143011239362
0.0074,-0.0078,-3.6142040616171762,-0.025930654549425974,-0.0200325948098607
0.0075,-0.0078,-3.6051720349199488,-0.024278638094120925,-0.019652098533076964
0.0076,-0.0078,-3.5944814669348735,-0.02286041367463269,-0.019572830023084638
0.0077,-0.0078,-3.5898671430485023,-0.021164989314317626,-0.018769251739376172
0.0078,-0.0078,-3.579358019663029,-0.019533113762298174,-0.018045221191993113
0.0079,-0.0078,-3.572998951916055,-0.01801475809743221,-0.01717774435448952
0.008,-0.0078,-3.569599296031941,-0.016114154990788356,-0.016087850565692636
0.0081,-0.0078,-3.566085384363313,-0.014617682125500403,-0.014924759758488663
0.0082,-0.0078,-3.5623828362025636,-0.012762643759209623,-0.013611219934291291
0.0083,-0.0078,-3.5604140751650353,-0.011233207242755465,-0.012505801215105026
0.0084,-0.0078,-3.5598738252318096,-0.009701966339140434,-0.010760682261356734
0.0085,-0.0078,-3.5592670734703553,-0.008267441691568773,-0.009434862822675031
0.0086,-0.0078,-3.559581429495506,-0.0067203614071189915,-0.007828598699456103
0.0087,-0.0078,-3.559954863045457,-0.005637950215377484,-0.0064771049608252675
0.0088,-0.0078,-3.560515122838443,-0.004433226507789087,-0.004994265548960434
0.0089,-0.0078,-3.561150833041107,-0.003474114211496369,-0.003776004020296013
0.009,-0.0078,-3.5630632690394797,-0.0026643943107824046,-0.0026052918978512665
0.0091,-0.0078,-3.5637385795279477,-0.0019701519562627667,-0.0015209452427438809
0.0092,-0.0078,-3.564314675599144,-0.0014159264484956149,-0.0006197061696830131
0.0093,-0.0078,-3.566162739873322,-0.0009448989621354995,0.00014224304289961026
0.0094,-0.0078,-3.566417278678765,-0.0006140294061189786,0.0007273138947334369
0.0095,-0.0078,-3.5669463629080687,-0.00036301351083562627,0.001114536759139478
0.0096,-0.0078,-3.5672344223325045,-0.00018155616934300434,0.0013125446364720972
0.0097,-0.0078,-3.5653565332910295,-0.0001042881139146977,0.0013291295962088716
0.0098,-0.0078,-3.5642833321843272,-3.2538605163956245e-05,0.0011594612835264424
0.0099,-0.0078,-3.5644171363021275,1.7527689951712706e-05,0.0007128739815691026
0.01,-0.0078,-3.567074706658651,0.0,0.0
0.0,-0.0077,-3.4139973280271403,0.0,0.0
0.0001,-0.0077,-3.414673826407218,-0.00013935968976783576,0.0011480520413578335
0.0002,-0.0077,-3.416388630671358,-0.00039791636458402676,0.002193563014335344
0.0003,-0.0077,-3.4168494196072965,-0.0007840749839838467,0.003104971693826267
0.0004,-0.0077,-3.4170494044302777,-0.001284201737492872,0.004007536485817241
0.0005,-0.0077,-3.4189657314807174,-0.0018578982794972686,0.004812775561830096
0.0006,-0.0077,-3.419132151173417,-0.0025242840405377154,0.0056225588048276695
0.0007,-0.0077,-3.421398318608362,-0.003259303764844182,0.006353757647450136
0.0008,-0.0077,-3.4222144088707283,-0.004003887308462364,0.007093178957530765
0.0009,-0.0077,-3.423270045375119,-0.004760233028430071,0.007799584524746885
0.001,-0.0077,-3.4261829282473615,-0.005623192011109689,0.008487143162216005
0.0011,-0.0077,-3.4287514559785244,-0.0064984686475162345,0.00940184370869557
0.0012,-0.0077,-3.431749647007402,-0.0073993563707969645,0.009793200021144772
0.0013000000000000002,-0.0077,-3.4357044751421255,-0.008387810880321428,0.010727160226883319
0.0014,-0.0077,-3.4400958218368785,-0.00946211590775738,0.01156999024268121
0.0015,-0.0077,-3.445056370542422,-0.010394926734972504,0.011879578833008962
0.0016,-0.0077,-3.4503492065728603,-0.011459261819748753,0.012627804018053865
0.0017,-0.0077,-3.456497194681788,-0.01267396773900908,0.013429395472003986
0.0018,-0.0077,-3.4663181156052176,-0.013687786249721848,0.013725627671244729
0.0019,-0.0077,-3.4730973519525947,-0.014657727230398827,0.014265974772600665
0.002,-0.0077,-3.4806173010151107,-0.015848908166978568,0.014894938284065202
0.0021,-0.0077,-3.491820296314752,-0.016899013415043608,0.015370153556460132
0.0022,-0.0077,-3.503872207656662,-0.01805200807518367,0.015677858781791298
0.0023,-0.0077,-3.5139002777171893,-0.019154034617373555,0.016067357816893835
0.0024,-0.0077,-3.5265181049633267,-0.02015594987219864,0.016374081300483588
0.0025,-0.0077,-3.5385452087338334,-0.021288673139854032,0.016409706086383896
0.0026000000000000003,-0.0077,-3.554432058702282,-0.02226896172232981,0.0167087592914699
0.0027,-0.0077,-3.5634704635419343,-0.023264348842764727,0.016654013784585968
0.0028,-0.0077,-3.582020414535594,-0.024404378762068624,0.01654339710883237
0.0029,-0.0077,-3.5947016608581714,-0.02541621329446845,0.016518946206045507
0.003,-0.0077,-3.6107466743241856,-0.026324921995892384,0.016180809735044727
0.0031,-0.0077,-3.626795924058772,-0.027296971785139974,0.01602940863239176
0.0032,-0.0077,-3.642255318095841,-0.02778423603558894,0.015666503282685124
0.0033000000000000004,-0.0077,-3.6561424443771333,-0.02882935162545541,0.015306267861182188
0.0034,-0.0077,-3.6702543280149116,-0.029855923631146798,0.014778510668397395
0.0034999999999999996,-0.0077,-3.688821800987006,-0.03049043340686551,0.014361655250007516
0.0036,-0.0077,-3.7045657595585273,-0.03129983850170898,0.01375223559106153
0.0037,-0.0077,-3.715834635475843,-0.0319553638411147,0.013068386159486767
0.0038,-0.0077,-3.73128170172321,-0.0326800531803168,0.012400136204331676
0.0039,-0.0077,-3.7486965022551124,-0.032941518893366745,0.011591770559375924
0.004,-0.0077,-3.7637560300823742,-0.03395661653820447,0.010819394891356082
0.0041,-0.0077,-3.7732756508790457,-0.03458822210245344,0.01001558921808108
0.0042,-0.0077,-3.7810584780550633,-0.035034677512382394,0.00906526847161436
0.0043,-0.0077,-3.796580766391586,-0.03529443170673183,0.008173042089635698
0.0044,-0.0077,-3.803442549003337,-0.03587130950670304,0.007128368041507069
0.0045,-0.0077,-3.817582046510496,-0.03580518517212148,0.006329872156704244
0.0046,-0.0077,-3.8278771616480025,-0.03638701058782834,0.005167669443112037
0.0047,-0.0077,-3.82154477864944,-0.0365702074218992,0.004094022841323167
0.0048,-0.0077,-3.848832179673046,-0.03721194752791617,0.00292287779521474
0.0049,-0.0077,-3.845665842780734,-0.03762322271293512,0.0017318566007137116
0.005,-0.0077,-3.858218638364155,-0.03806365422831101,0.0005391008280253168
0.0051,-0.0077,-3.8465278133602627,-0.03865166493158467,-0.0008939374436463944
0.005200000000000001,-0.0077,-3.829153447055498,-0.0367914145851203,-0.0018927640520007474
0.0053,-0.0077,-3.8633044405515937,-0.0380109059650169,-0.003293643152373099
0.0054,-0.0077,-3.8515838670260787,-0.03835522816952608,-0.0044982999991058864
0.0055,-0.0077,-3.8323153637623966,-0.037864110944943824,-0.004955100769107205
0.0056,-0.0077,-3.812791708119381,-0.037525300879372905,-0.005810254692587737
0.005700000000000001,-0.0077,-3.8386192435735387,-0.03742778985325947,-0.006517301422724019
0.0058,-0.0077,-3.843244310224936,-0.03739064738015336,-0.008710489325969501
0.0059,-0.0077,-3.8205682239090613,-0.03671153779860481,-0.010500484748856924
0.006,-0.0077,-3.814977131908633,-0.037943963074820536,-0.010640268180123744
0.0061,-0.0077,-3.8007895908435256,-0.03703512912560114,-0.011059013878958291
0.0062,-0.0077,-3.830338163864368,-0.0366372155977495,-0.01332657516521916
0.0063,-0.0077,-3.781798065270891,-0.03683825990446062,-0.014758665289679347
0.0064,-0.0077,-3.7521391837226994,-0.03644074439152393,-0.015814397704501063
0.006499999999999999,-0.0077,-3.7537641634550645,-0.03609119634179319,-0.01681502707232879
0.006600000000000001,-0.0077,-3.761492496988553,-0.03517026449406904,-0.017613934725644802
0.0067,-0.0077,-3.7350077508539634,-0.034485241902646326,-0.01839501857791202
0.0068,-0.0077,-3.7098162831208596,-0.03380374213776121,-0.0193108814280142
0.0069,-0.0077,-3.697715549247584,-0.03272452736676162,-0.019830784267181528
0.006999999999999999,-0.0077,-3.69071068200264,-0.03194013934419377,-0.020480068885125338
0.007100000000000001,-0.0077,-3.673753643724775,-0.031263384974606415,-0.020948026719823112
0.0072,-0.0077,-3.6583923286116913,-0.029772075198643472,-0.021156687096748006
0.0073,-0.0077,-3.6483363348963818,-0.028925214480036255,-0.021608072951536803
0.0074,-0.0077,-3.6352513387120133,-0.027231421884181147,-0.021495517622907842
0.0075,-0.0077,-3.625355656715383,-0.02608586215578683,-0.021443854759333005
0.0076,-0.0077,-3.61324416136562,-0.024216573107389828,-0.020889617314891917
0.0077,-0.0077,-3.602991864781719,-0.022843694001310495,-0.020461140640588456
0.0078,-0.0077,-3.5955969457318915,-0.02110798374189408,-0.01983476824441236
0.0079,-0.0077,-3.5889861932770297,-0.019370917439836002,-0.0190752673735289
0.008,-0.0077,-3.580598275342922,-0.017792264597409214,-0.018069626576005665
0.0081,-0.0077,-3.5748600329091245,-0.01562708277345837,-0.016613038241402218
0.0082,-0.0077,-3.5712574412981106,-0.014170140732121231,-0.015124584082436693
0.0083,-0.0077,-3.5680432443227783,-0.0126437306982113,-0.013655623679062862
0.0084,-0.0077,-3.564804682327517,-0.010758865087460483,-0.01251598644694792
0.0085,-0.0077,-3.5635368600822788,-0.009322014832493081,-0.010757358001269363
0.0086,-0.0077,-3.562862795041042,-0.0075679528645683225,-0.009307541912119754
0.0087,-0.0077,-3.563153998144632,-0.006214462221191143,-0.007720091936109042
0.0088,-0.0077,-3.564060846649666,-0.005047963593788432,-0.006032238849257875
0.0089,-0.0077,-3.5644366441319906,-0.004031424695795992,-0.004737056051929323
0.009,-0.0077,-3.565387297267574,-0.003066397769862805,-0.003382461045700294
0.0091,-0.0077,-3.5661910906662846,-0.0023098186632928056,-0.0021850101596486027
0.0092,-0.0077,-3.567035696809111,-0.001661789378878369,-0.001141608825649404
0.0093,-0.0077,-3.568667444304422,-0.0011494671363434324,-0.0002850545547319
0.0094,-0.0077,-3.5693575562431734,-0.000747281483507674,0.0004150773668513345
0.0095,-0.0077,-3.570494623841034,-0.00046242264905771533,0.0009077532185698802
0.0096,-0.0077,-3.5683710544780656,-0.00024964498877915034,0.001204178485470157
0.0097,-0.0077,-3.5712364181617757,-0.00013864235074170482,0.001267186469490873
0.0098,-0.0077,-3.5772654558306494,-5.3910623894146304e-05,0.0011040746390717753
0.0099,-0.0077,-3.571870341666902,7.1913398253748705e-06,0.0007260100469263609
0.01,-0.0077,-3.5665991034003977,0.0,0.0
0.0,-0.0076,-3.4148042570576815,0.0,0.0
0.0001,-0.0076,-3.4154368393448147,-0.00014747148227362407,0.0012907069052214566
0.0002,-0.0076,-3.4172776749440397,-0.0004317599947786706,0.002506841199346257
0.0003,-0.0076,-3.419088949304873,-0.0008279936379580081,0.0035990271741126
0.0004,-0.0076,-3.419660999761128,-0.0013610124345351797,0.004561489645932767
0.0005,-0.0076,-3.4207094060089016,-0.001964599793529208,0.00546564236889267
0.0006,-0.0076,-3.4214969168239486,-0.0026600263922493426,0.0063048965794634
0.0007,-0.0076,-3.423622172293249,-0.003419098339618732,0.007127885239940308
0.0008,-0.0076,-3.425181406687147,-0.004216838109820313,0.007918266679966732
0.0009,-0.0076,-3.4264473698494897,-0.005033676484310252,0.008548268883279048
0.001,-0.0076,-3.4291427602298934,-0.005935771831699867,0.009315922979755826
0.0011,-0.0076,-3.4325837712709224,-0.006859418236183449,0.010034757184337446
0.0012,-0.0076,-3.4354441031969296,-0.007801823225917482,0.01089152038104485
0.0013000000000000002,-0.0076,-3.439703231023978,-0.008806066162651031,0.011540702500609748
0.0014,-0.0076,-3.444935531800276,-0.009838680252581286,0.012441118211053216
0.0015,-0.0076,-3.450945968120758,-0.01075516713279108,0.013036967156838187
0.0016,-0.0076,-3.4564997781608446,-0.01191694798179332,0.013762099841632586
0.0017,-0.0076,-3.464949168923886,-0.012949400542825224,0.014465814612560144
0.0018,-0.0076,-3.4716534797728866,-0.014051665666369742,0.014998452691535
0.0019,-0.0076,-3.4822710823052168,-0.01515003219645128,0.015510656029012413
0.002,-0.0076,-3.489998023515752,-0.01630435302963208,0.016025259718013187
0.0021,-0.0076,-3.5015824801100806,-0.017380586026870797,0.016386968506518395
0.0022,-0.0076,-3.5144603243422403,-0.01849171580172932,0.01676520640869044
0.0023,-0.0076,-3.528593191834832,-0.019480904197932004,0.01710031487060937
0.0024,-0.0076,-3.5374043050481023,-0.020643807806863115,0.01734229357601266
0.0025,-0.0076,-3.5521978966874164,-0.021681259679048194,0.017483882356580993
0.0026000000000000003,-0.0076,-3.569789506017343,-0.022709499202842362,0.017598637362578773
0.0027,-0.0076,-3.584837345832122,-0.023635143665708437,0.017640130077893005
0.0028,-0.0076,-3.5996362797413792,-0.02475159669462662,0.01749929578714271
0.0029,-0.0076,-3.61716895228464,-0.02551499985956153,0.01755056841856557
0.003,-0.0076,-3.6321179472380956,-0.02667387026784296,0.017187758217925803
0.0031,-0.0076,-3.6484733577691055,-0.027554031088205123,0.016857060455139333
0.0032,-0.0076,-3.6649590148618127,-0.028276553050382958,0.016638661423933408
0.0033000000000000004,-0.0076,-3.6839171044361105,-0.029323737250164114,0.015992332237101954
0.0034,-0.0076,-3.6987755338239405,-0.02994027358193199,0.015647733042850324
0.0034999999999999996,-0.0076,-3.716402075953965,-0.03079844505991286,0.015145694757987433
0.0036,-0.0076,-3.735429316362041,-0.031322612888012503,0.014504219363234367
0.0037,-0.0076,-3.748614685420342,-0.03196802681475277,0.013679247997079431
0.0038,-0.0076,-3.769697086087613,-0.03280257200719272,0.013041590491782468
0.0039,-0.0076,-3.7834540911279624,-0.03313958436475153,0.012160131387698201
0.004,-0.0076,-3.792682353129855,-0.033965320172887774,0.011387063987756128
0.0041,-0.0076,-3.8068754547718773,-0.03425166746037388,0.010439663459545856
0.0042,-0.0076,-3.8245481852019827,-0.034626193280414906,0.009521011597297804
0.0043,-0.0076,-3.833571830958893,-0.03564984921235068,0.008731659431408141
0.0044,-0.0076,-3.8406722729358953,-0.03618728679635968,0.007510545909296916
0.0045,-0.0076,-3.851550228198214,-0.03602097479311467,0.006518719332849971
0.0046,-0.0076,-3.868060674973448,-0.0363809756013307,0.005416857665058704
0.0047,-0.0076,-3.8809441104430302,-0.03665347292399036,0.004328066900173212
0.0048,-0.0076,-3.8797559384406655,-0.03715970658686851,0.003274354074968683
0.0049,-0.0076,-3.879382573281285,-0.03697806801522601,0.0021412892485619616
0.005,-0.0076,-3.9031851190133566,-0.037284072666960225,0.0009243498195369427
0.0051,-0.0076,-3.8979661271010166,-0.037994363429620925,-0.000270358983383129
0.005200000000000001,-0.0076,-3.9054287650098147,-0.03810246140562015,-0.0015856020817031705
0.0053,-0.0076,-3.921050176414994,-0.03752099672900886,-0.0028489150011018244
0.0054,-0.0076,-3.897641176591459,-0.03903833221012722,-0.004296899531360284
0.0055,-0.0076,-3.889150570968709,-0.03912580162359039,-0.005582167479560117
0.0056,-0.0076,-3.8407661894402687,-0.03833451385409061,-0.006727211071532655
0.005700000000000001,-0.0076,-3.9068415751690897,-0.03703268871999726,-0.008591893076725726
0.0058,-0.0076,-3.8757568918451435,-0.03876686553026516,-0.008710391538009362
0.0059,-0.0076,-3.8459674808461695,-0.03876137109769303,-0.008455899659173519
0.006,-0.0076,-3.862235254038176,-0.0375818547959032,-0.01116055662226795
0.0061,-0.0076,-3.8739017488251135,-0.03737653979545037,-0.012363178555723296
0.0062,-0.0076,-3.8451215096851517,-0.037602465631820035,-0.014260604165206293
0.0063,-0.0076,-3.820855631903622,-0.03727074104841016,-0.01476721183723167
0.0064,-0.0076,-3.8028089706307258,-0.036913947829077844,-0.01588828271348541
0.006499999999999999,-0.0076,-3.791261358948321,-0.03653640739106825,-0.01742658964220612
0.006600000000000001,-0.0076,-3.7810540340538332,-0.03601889296179475,-0.01843198437523034
0.0067,-0.0076,-3.7613891756112943,-0.03551873039113718,-0.018883392124298085
0.0068,-0.0076,-3.7443769170142533,-0.03444690347131454,-0.019942605928117408
0.0069,-0.0076,-3.7387607180541806,-0.034060675471134616,-0.02079719671271547
0.006999999999999999,-0.0076,-3.7185613448678683,-0.033014587330609795,-0.021556021363517766
0.007100000000000001,-0.0076,-3.7076678762257793,-0.032285975917098274,-0.02174328496031617
0.0072,-0.0076,-3.689057831995516,-0.031229930012777875,-0.02234355263648294
0.0073,-0.0076,-3.675288195951339,-0.02987686521189565,-0.02248225079054342
0.0074,-0.0076,-3.663261528034485,-0.028923271926667854,-0.02266934559667194
0.0075,-0.0076,-3.6494074903131293,-0.02698860326680467,-0.022748170779131088
0.0076,-0.0076,-3.6324605955840217,-0.02609214859447556,-0.0226768298462231
0.0077,-0.0076,-3.6222832086529246,-0.024447987791865806,-0.022051146658375237
0.0078,-0.0076,-3.610628662423002,-0.022782190062254824,-0.021457805032787675
0.0079,-0.0076,-3.6009833732363545,-0.0207101653735024,-0.020690479358013814
0.008,-0.0076,-3.5923049794235964,-0.019186892146827395,-0.019761437549837186
0.0081,-0.0076,-3.58592728080819,-0.01718224206233765,-0.018431169191210715
0.0082,-0.0076,-3.5779661316959865,-0.01572076558576961,-0.017346365256091234
0.0083,-0.0076,-3.574467312523719,-0.013671336118337728,-0.015742948409263824
0.0084,-0.0076,-3.570854680362368,-0.011876673922901338,-0.01441412106751287
0.0085,-0.0076,-3.5684443718327072,-0.01016215217982762,-0.012597977640572841
0.0086,-0.0076,-3.567268185607235,-0.008473184966886912,-0.010915672378348664
0.0087,-0.0076,-3.5668182440907485,-0.007183810523528141,-0.00894400202473603
0.0088,-0.0076,-3.5666998416927354,-0.005725486010278997,-0.007416915251608857
0.0089,-0.0076,-3.5671141287994605,-0.004545734691077711,-0.005751687199026124
0.009,-0.0076,-3.568397569163646,-0.0035595567392739703,-0.0043029440267981405
0.0091,-0.0076,-3.5696218515921863,-0.0026707215375575146,-0.0029740306797971863
0.0092,-0.0076,-3.5702252006698183,-0.0019414400560463932,-0.0017526076816044072
0.0093,-0.0076,-3.571356717528337,-0.0013554070143706185,-0.0007692391450792972
0.0094,-0.0076,-3.5730913237024757,-0.0008892071139821762,4.155890980428002e-05
0.0095,-0.0076,-3.573132443404203,-0.0005372699321093659,0.0006412427768365189
0.0096,-0.0076,-3.5758489556126825,-0.0002969545495720443,0.0010123452171982856
0.0097,-0.0076,-3.577463282819819,-0.00013498943958006448,0.001115741644414425
0.0098,-0.0076,-3.5755923521099175,-3.7920581213985756e-05,0.0009561188884895044
0.0099,-0.0076,-3.578016987448237,-1.0617856819034048e-05,0.0006361269011617752
0.01,-0.0076,-3.580694925517524,0.0,0.0
0.0,-0.0075,-3.4184064614219385,0.0,0.0
0.0001,-0.0075,-3.4188964572329943,-0.00015452266296220915,0.001514712936849665
0.0002,-0.0075,-3.41854265487985,-0.0004587387216185171,0.00285907345613697
0.0003,-0.0075,-3.4211043771257916,-0.0008785793966052058,0.004055233911091695
0.0004,-0.0075,-3.4214651303524084,-0.0014035606282618515,0.005142085279325049
0.0005,-0.0075,-3.4231862102529513,-0.002083120972469638,0.006130973090733166
0.0006,-0.0075,-3.4245054750377495,-0.0027942089489010184,0.00706052190286188
0.0007,-0.0075,-3.4253499476449676,-0.00360519307555324,0.007881637688613071
0.0008,-0.0075,-3.4278024336268467,-0.0043516863297201535,0.008663263167443433
0.0009,-0.0075,-3.430174224741828,-0.0053223079374680494,0.009521971521441092
0.001,-0.0075,-3.4329324870293814,-0.006077462392656692,0.010386683455780286
0.0011,-0.0075,-3.4358926690683442,-0.007059981443388461,0.011336292375259602
0.0012,-0.0075,-3.440184818935035,-0.008076426003491339,0.011962780163910532
0.0013000000000000002,-0.0075,-3.444917653669973,-0.009098312732220426,0.012493226095108967
0.0014,-0.0075,-3.449869835817628,-0.010178635903388014,0.013321864836360468
0.0015,-0.0075,-3.457480977554087,-0.011225064264005123,0.014041033914834128
0.0016,-0.0075,-3.464822751636116,-0.012227489906625926,0.014794546479671681
0.0017,-0.0075,-3.473308149177949,-0.013244379595079448,0.015548116444724881
0.0018,-0.0075,-3.4790379476059146,-0.014407742487625204,0.01606555281229185
0.0019,-0.0075,-3.488581060705593,-0.01554763121989787,0.016693159683202476
0.002,-0.0075,-3.5022551358199348,-0.016656706751455003,0.017151929349748074
0.0021,-0.0075,-3.5148193190162917,-0.01774208368274489,0.01754440261541993
0.0022,-0.0075,-3.5277121370654485,-0.01886758370641622,0.01793678093843844
0.0023,-0.0075,-3.543962265315135,-0.020046753007701895,0.018265695189932294
0.0024,-0.0075,-3.5577089634528942,-0.020911461649038884,0.018566700167853053
0.0025,-0.0075,-3.5704508967113107,-0.021939335226736262,0.018489322683054192
0.0026000000000000003,-0.0075,-3.5874846844913093,-0.022873552245768577,0.01850317086211639
0.0027,-0.0075,-3.602932573444729,-0.024127612206619426,0.01866967021622398
0.0028,-0.0075,-3.6213680489786406,-0.025023159328636704,0.018614483070877676
0.0029,-0.0075,-3.637130878682746,-0.025748065699086088,0.018450433432143903
0.003,-0.0075,-3.65710314039961,-0.02684413442094906,0.01804614875571929
0.0031,-0.0075,-3.676299794313147,-0.027631265012734968,0.017785099310090934
0.0032,-0.0075,-3.6929221236629663,-0.02854205185824645,0.017446258093156378
0.0033000000000000004,-0.0075,-3.7126468769764105,-0.02938332469670664,0.016940065483728384
0.0034,-0.0075,-3.729278992090143,-0.030133244742607604,0.016280936993217105
0.0034999999999999996,-0.0075,-3.74781674412325,-0.030722170600988724,0.015773021564694446
0.0036,-0.0075,-3.764131099444015,-0.03145167031665654,0.01497961400189451
0.0037,-0.0075,-3.7824870699659776,-0.032170317838964915,0.014385653010578864
0.0038,-0.0075,-3.7966177144568234,-0.032739960826458636,0.01362906232293466
0.0039,-0.0075,-3.817046294972098,-0.03338933848157959,0.012872738940572157
0.004,-0.0075,-3.832550171031827,-0.034099940682029886,0.011991379739401356
0.0041,-0.0075,-3.8414031565541946,-0.0345431038516826,0.011014724700659626
0.0042,-0.0075,-3.8631697282198423,-0.0345165534685462,0.010037324726733547
0.0043,-0.0075,-3.8705972057693434,-0.03512321877284803,0.009040080506460543
0.0044,-0.0075,-3.8788444196968155,-0.03596351293123426,0.008101944239524074
0.0045,-0.0075,-3.8945557509842272,-0.035762310130894474,0.006862957854988705
0.0046,-0.0075,-3.913903171322946,-0.036421828344780825,0.005707388556451979
0.0047,-0.0075,-3.913751663484408,-0.03639174074467227,0.0044524083341673185
0.0048,-0.0075,-3.915861655024085,-0.03649466271225132,0.0032684934220406077
0.0049,-0.0075,-3.9269363209306842,-0.037246960713442884,0.002414748012755991
0.005,-0.0075,-3.928643082579573,-0.03745466422575039,0.001117308048403289
0.0051,-0.0075,-3.95345499826864,-0.03722886479115208,0.00013695919452709647
0.005200000000000001,-0.0075,-3.924293953585408,-0.037512765007499706,-0.0014793375523632615
0.0053,-0.0075,-3.939020530850338,-0.038062802155017006,-0.0030480833452969855
0.0054,-0.0075,-3.93069690737835,-0.0382083163864233,-0.004297242400082427
0.0055,-0.0075,-3.896214120131113,-0.03891848756342725,-0.00524654660678076
0.0056,-0.0075,-3.9098950701697945,-0.038789619111406784,-0.006507937604523316
0.005700000000000001,-0.0075,-3.945008814188593,-0.03818863686194407,-0.007254424550646618
0.0058,-0.0075,-3.8718289748042034,-0.03815567252205709,-0.009218798865534927
0.0059,-0.0075,-3.8958825508586483,-0.03746185334027632,-0.010079779106155562
0.006,-0.0075,-3.904911457073989,-0.03826765380637088,-0.011830729154417907
0.0061,-0.0075,-3.900269507883248,-0.03847331610656899,-0.012607164393077647
0.0062,-0.0075,-3.8746426435796417,-0.03778420120907248,-0.013980268673511596
0.0063,-0.0075,-3.9024546366723873,-0.03720687297814047,-0.014536127555899043
0.0064,-0.0075,-3.873334503507926,-0.03711200378808821,-0.01620056626363548
0.006499999999999999,-0.0075,-3.820074435240819,-0.03713227090852918,-0.017690260248479372
0.006600000000000001,-0.0075,-3.832380441971668,-0.03638667432464287,-0.018409952183589876
0.0067,-0.0075,-3.8125949535926886,-0.035370962461885445,-0.019704562938899828
0.0068,-0.0075,-3.7877812293730617,-0.03537749137227393,-0.020669078351494622
0.0069,-0.0075,-3.770934944500964,-0.03489139623158365,-0.021321756929501005
0.006999999999999999,-0.0075,-3.7527966548739125,-0.033982319807685006,-0.022101840738989395
0.007100000000000001,-0.0075,-3.739414420639152,-0.033149172190605806,-0.022878379579506742
0.0072,-0.0075,-3.7224496019772806,-0.03233515289621004,-0.02344831007559152
0.0073,-0.0075,-3.7043341903767466,-0.030965662417773984,-0.023737807952747998
0.0074,-0.0075,-3.688071346183376,-0.02994995099880886,-0.024177558551168737
0.0075,-0.0075,-3.6722959918456484,-0.028516230437210185,-0.024232174611185358
0.0076,-0.0075,-3.6559448677904656,-0.02738045243919379,-0.02426542816038174
0.0077,-0.0075,-3.6435433607975947,-0.02540253249164382,-0.023686897166260996
0.0078,-0.0075,-3.628530457489066,-0.023973978229406775,-0.023389942953590693
0.0079,-0.0075,-3.6172889456118504,-0.02227554772933977,-0.02238103040568942
0.008,-0.0075,-3.605133362525665,-0.020330305927073196,-0.02163272179348946
0.0081,-0.0075,-3.598323454084459,-0.018789178790029837,-0.0204162392838945
0.0082,-0.0075,-3.590605129715096,-0.01692898422726238,-0.01900788626975744
0.0083,-0.0075,-3.5818903723859967,-0.015108109054975484,-0.017384226722978124
0.0084,-0.0075,-3.579662802968119,-0.01310809301863798,-0.015988312787094273
0.0085,-0.0075,-3.5749194600617495,-0.011435475542192083,-0.01407843539838025
0.0086,-0.0075,-3.5725356526108887,-0.009716952225300765,-0.012450249715871761
0.0087,-0.0075,-3.5710761310922705,-0.007959750348577982,-0.010577665101292268
0.0088,-0.0075,-3.571099832064128,-0.006456970386351672,-0.008803972619501263
0.0089,-0.0075,-3.570632518305847,-0.005162231059125485,-0.0070533870260471865
0.009,-0.0075,-3.571659261758912,-0.004059696027191517,-0.0052895687430784405
0.0091,-0.0075,-3.573135658240824,-0.003050686363592351,-0.003830740189129824
0.0092,-0.0075,-3.5737249768440464,-0.0022553250791733964,-0.002475605358896748
0.0093,-0.0075,-3.575269656239393,-0.0015714346131263726,-0.0013217560378935536
0.0094,-0.0075,-3.5764850891722517,-0.0010351303368878737,-0.00040239331847261847
0.0095,-0.0075,-3.5777348063811365,-0.0006340346710142055,0.00031810829373108
0.0096,-0.0075,-3.57977955699045,-0.0003561173610685018,0.0007835230170114042
0.0097,-0.0075,-3.577679702624767,-0.00014142662728553853,0.000979938698809508
0.0098,-0.0075,-3.574013219417365,-4.2299486996101305e-05,0.000939722103632668
0.0099,-0.0075,-3.58071801153575,-2.2693189258680482e-05,0.0005961698819756197
0.01,-0.0075,-3.5857753263770906,0.0,0.0
0.0,-0.0074,-3.4207858662438793,0.0,0.0
0.0001,-0.0074,-3.4225962300584247,-0.0001623646085320183,0.0017251022014004279
0.0002,-0.0074,-3.4228214523568017,-0.0004707907837072728,0.003255084872094314
0.0003,-0.0074,-3.422865797373805,-0.000915262932259056,0.004552524014860295
0.0004,-0.0074,-3.4253145781199748,-0.0014702466181317794,0.005749402320421296
0.0005,-0.0074,-3.426630889714046,-0.002215704609180909,0.0068245128067672516
0.0006,-0.0074,-3.42772920249706,-0.00284014240167255,0.007787704474828121
0.0007,-0.0074,-3.428597922695808,-0.0036279930720632576,0.00863854068659015
0.0008,-0.0074,-3.43123776750137,-0.004537811163476084,0.009601823236979994
0.0009,-0.0074,-3.433655976587836,-0.00549707628927772,0.010310343367188458
0.001,-0.0074,-3.436482772695512,-0.006324935718839193,0.011304884271956422
0.0011,-0.0074,-3.440615506447182,-0.0074300427477763005,0.012156841525881014
0.0012,-0.0074,-3.4451432938685236,-0.008325776136047357,0.012899514532328314
0.0013000000000000002,-0.0074,-3.450574365290412,-0.009462002700137579,0.01365537735148765
0.0014,-0.0074,-3.4568068848106375,-0.010462037636006059,0.01433057508943699
0.0015,-0.0074,-3.464414498307043,-0.0114972494493759,0.015301412939048518
0.0016,-0.0074,-3.471832202570468,-0.012575353551673435,0.016021899383212714
0.0017,-0.0074,-3.480296831543709,-0.013637080613030825,0.01651189690694749
0.0018,-0.0074,-3.4918620434596317,-0.014750318034325239,0.017070198885053286
0.0019,-0.0074,-3.5019173552425875,-0.015767049808672273,0.017671669662949717
0.002,-0.0074,-3.513281966957533,-0.01692725690040557,0.01826180058150269
0.0021,-0.0074,-3.5282336061815336,-0.017945170250686815,0.018595752338438833
0.0022,-0.0074,-3.54005715070611,-0.019004693949392266,0.019061434427998233
0.0023,-0.0074,-3.5556904130924334,-0.020046754704595042,0.019250554494830426
0.0024,-0.0074,-3.5735668480751914,-0.021077648356177217,0.019582064529830297
0.0025,-0.0074,-3.5877069844911986,-0.022216356837088645,0.01981546994399084
0.0026000000000000003,-0.0074,-3.607232828153626,-0.023133695144577335,0.019520769166208263
0.0027,-0.0074,-3.623802868049855,-0.024052648895726787,0.01945274735078447
0.0028,-0.0074,-3.6408334952253196,-0.025049622994883964,0.019597333349913752
0.0029,-0.0074,-3.661790080192853,-0.025843257749363815,0.01934152688972369
0.003,-0.0074,-3.681451527093719,-0.02715352039187153,0.01882352159618539
0.0031,-0.0074,-3.6987703331351756,-0.027697350215315983,0.018696883970058767
0.0032,-0.0074,-3.7170461203466014,-0.028715198321459592,0.018183140187318935
0.0033000000000000004,-0.0074,-3.7384596758322552,-0.029099391922094958,0.017703989200039644
0.0034,-0.0074,-3.7609335217459416,-0.03001865943392768,0.017125560605197498
0.0034999999999999996,-0.0074,-3.779800589923896,-0.03065598590912938,0.016463801544407457
0.0036,-0.0074,-3.7982836159110027,-0.031284475667284546,0.01570937979728721
0.0037,-0.0074,-3.816649887263487,-0.03210851146001681,0.014992424326576631
0.0038,-0.0074,-3.8321689051561623,-0.0325857738164162,0.014357273072312006
0.0039,-0.0074,-3.8518672564938625,-0.032872396723314774,0.013331958123163132
0.004,-0.0074,-3.865823023999701,-0.03338610405249741,0.012319529423544277
0.0041,-0.0074,-3.881560406813997,-0.033942851667810525,0.011427714016331855
0.0042,-0.0074,-3.897958164780034,-0.034569869681137184,0.010316689788687806
0.0043,-0.0074,-3.907917438534593,-0.035030944960723204,0.009245516919123042
0.0044,-0.0074,-3.9157868195695524,-0.034962248466629646,0.00838468144681344
0.0045,-0.0074,-3.9438098021966375,-0.03516453199403194,0.0072132632734040044
0.0046,-0.0074,-3.9460760268673,-0.03599263940979801,0.0059459606650188734
0.0047,-0.0074,-3.950733095158125,-0.03632734856773125,0.004783087745271222
0.0048,-0.0074,-3.955275317550525,-0.03659429698250657,0.0037849129647021446
0.0049,-0.0074,-3.967700531852123,-0.03658331400761138,0.002582627995798321
0.005,-0.0074,-3.980487865813477,-0.036879154828189355,0.001281632414979627
0.0051,-0.0074,-3.983654161928217,-0.036907979632269904,-2.8439483674397306e-06
0.005200000000000001,-0.0074,-3.9820582386639076,-0.03745862340818003,-0.0012295740103648123
0.0053,-0.0074,-3.965427255081526,-0.03788882718429161,-0.0024728921324192175
0.0054,-0.0074,-3.987126307448907,-0.0379099516114777,-0.0036848588653056766
0.0055,-0.0074,-3.9738804293943515,-0.0386215105996761,-0.0052649701347867285
0.0056,-0.0074,-3.9145475469840747,-0.03821311172803856,-0.0070385737873539305
0.005700000000000001,-0.0074,-3.9774097023968062,-0.03588455020343263,-0.008549030545962314
0.0058,-0.0074,-3.9809971124926773,-0.03810541805321167,-0.008681447056952318
0.0059,-0.0074,-3.9366530374061033,-0.03778993390140554,-0.010362330810327456
0.006,-0.0074,-3.9767723976911653,-0.03772376073101134,-0.011378007421015806
0.0061,-0.0074,-3.93916320612033,-0.03802331940290496,-0.012365369787235493
0.0062,-0.0074,-3.931310388049944,-0.03729194973668331,-0.01353951392282411
0.0063,-0.0074,-3.9267065834217973,-0.036907634552532466,-0.015245416275109802
0.0064,-0.0074,-3.890081625139966,-0.03800096278518894,-0.016913916115464812
0.006499999999999999,-0.0074,-3.8746337166924514,-0.03762858354085602,-0.017329280723837028
0.006600000000000001,-0.0074,-3.865843553111651,-0.03680222291722859,-0.018866874201429847
0.0067,-0.0074,-3.8401301033092174,-0.036630901988393166,-0.020064457698618917
0.0068,-0.0074,-3.8217173375044027,-0.03605379249406587,-0.021119417411649445
0.0069,-0.0074,-3.8152240369604375,-0.035213589385798286,-0.02216780456021973
0.006999999999999999,-0.0074,-3.783544005330691,-0.034406773472836265,-0.022977759672794095
0.007100000000000001,-0.0074,-3.7702026485514186,-0.03383532147910943,-0.023678664627976534
0.0072,-0.0074,-3.7542426931324275,-0.03300543995510787,-0.0243469148500188
0.0073,-0.0074,-3.739665082084393,-0.032346545488027,-0.024909599615033022
0.0074,-0.0074,-3.716243859758971,-0.030971872149608327,-0.025284353864781707
0.0075,-0.0074,-3.6989456886842906,-0.029681526644942904,-0.02531880327784294
0.0076,-0.0074,-3.6863789433924183,-0.02838216886763738,-0.025527625073114416
0.0077,-0.0074,-3.664391997204349,-0.027004009836064314,-0.025216843857571804
0.0078,-0.0074,-3.6507284478610402,-0.025553078308543548,-0.025021244688111666
0.0079,-0.0074,-3.635009580717253,-0.023707351116544147,-0.024490843976448122
0.008,-0.0074,-3.622864097521692,-0.021799892614271954,-0.02349528435635908
0.0081,-0.0074,-3.611056699618712,-0.02025529159313552,-0.022072364744927575
0.0082,-0.0074,-3.6002134595340536,-0.018025334471691093,-0.02093988560693224
0.0083,-0.0074,-3.5949834836601147,-0.016066511404378463,-0.019389073725553388
0.0084,-0.0074,-3.5875255659801053,-0.014301484795174383,-0.017826034365539496
0.0085,-0.0074,-3.5820930907577893,-0.012384287190390121,-0.015827937831160967
0.0086,-0.0074,-3.5785168201874304,-0.010567805573450873,-0.014041373060666086
0.0087,-0.0074,-3.5761635161967535,-0.008717840238290605,-0.012169093485313143
0.0088,-0.0074,-3.5750494371769066,-0.007150663329320077,-0.009894537315629504
0.0089,-0.0074,-3.5748338257113352,-0.005767738184060536,-0.008194560718992182
0.009,-0.0074,-3.575562819347816,-0.004587622442265039,-0.0063602637031489676
0.0091,-0.0074,-3.576784154779816,-0.0035191106436946954,-0.00475919892814508
0.0092,-0.0074,-3.577607926712192,-0.002552624687766049,-0.0032505547433640683
0.0093,-0.0074,-3.5790889893350366,-0.0018193690457952248,-0.00196004530134414
0.0094,-0.0074,-3.5801839600586685,-0.0012120858882595197,-0.0008804484608451622
0.0095,-0.0074,-3.5823501442794345,-0.0007506033555338381,-3.928683415825407e-05
0.0096,-0.0074,-3.582854164019715,-0.00041679363856082205,0.0005319959851198527
0.0097,-0.0074,-3.5829757068446497,-0.0001999157024453983,0.0008434520621367508
0.0098,-0.0074,-3.585656248050347,-0.00011891916598536176,0.0008531946683232099
0.0099,-0.0074,-3.580886768385404,-5.4148411268347364e-05,0.0005394943250643724
0.01,-0.0074,-3.5739503454439796,0.0,0.0
0.0,-0.0073,-3.4233255763729873,0.0,0.0
0.0001,-0.0073,-3.4255338618459397,-0.000167454139946765,0.001932819763273786
0.0002,-0.0073,-3.4250226760450686,-0.0004899336186441388,0.003629842778739282
0.0003,-0.0073,-3.427549450486057,-0.000950422774427616,0.005087791919135975
0.0004,-0.0073,-3.4281033961895555,-0.0015247161839335164,0.006382848270165627
0.0005,-0.0073,-3.4303230959974855,-0.0022066312357571084,0.007516924920693104
0.0006,-0.0073,-3.431868927584637,-0.0029826630141070475,0.008563327978676477
0.0007,-0.0073,-3.4329740405910325,-0.0038030930959964703,0.009612812558140954
0.0008,-0.0073,-3.43511845574331,-0.004651624369577523,0.010337519639715926
0.0009,-0.0073,-3.438230332751532,-0.00563823421947425,0.011260743481339949
0.001,-0.0073,-3.4420590767845147,-0.006494476731509851,0.012075497819425835
0.0011,-0.0073,-3.4460770466351773,-0.007512638080683302,0.01306038239744434
0.0012,-0.0073,-3.4509608027611436,-0.008494204425130051,0.013985867503133352
0.0013000000000000002,-0.0073,-3.457607660377838,-0.009556511794474372,0.01482121304399496
0.0014,-0.0073,-3.4634861234044614,-0.010600440614784965,0.015657652513897176
0.0015,-0.0073,-3.472746941002774,-0.011552074024262494,0.015987483465702355
0.0016,-0.0073,-3.4816365218538303,-0.012780573915092092,0.016910931102193626
0.0017,-0.0073,-3.491901084840584,-0.01387174854885117,0.01771266992990968
0.0018,-0.0073,-3.5011375350129494,-0.014868597991277974,0.01826226806810063
0.0019,-0.0073,-3.5141567748811817,-0.0159964438453228,0.018801764111097644
0.002,-0.0073,-3.526064640546936,-0.017078520271802265,0.019277974480352823
0.0021,-0.0073,-3.54276200932651,-0.018282651506319348,0.019635971501350255
0.0022,-0.0073,-3.557256995424372,-0.01922320819294089,0.020043024593970785
0.0023,-0.0073,-3.577844168215725,-0.020169608266524686,0.02044896601073115
0.0024,-0.0073,-3.591552995913385,-0.021372234006827716,0.020315280613212472
0.0025,-0.0073,-3.60994856018922,-0.022289730373214738,0.020527811736072227
0.0026000000000000003,-0.0073,-3.6281223168792125,-0.023401451067534197,0.020558049862705596
0.0027,-0.0073,-3.646031877862027,-0.02402877440629567,0.020370255975220627
0.0028,-0.0073,-3.6671733804769717,-0.02513787388854737,0.0203502204531833
0.0029,-0.0073,-3.6847236804436614,-0.025964993938516562,0.020285986608326128
0.003,-0.0073,-3.705522663550047,-0.026819249342590546,0.019991099297982984
0.0031,-0.0073,-3.7279815160369965,-0.02768931873536199,0.019526920827092856
0.0032,-0.0073,-3.7485670036161456,-0.028244623880246664,0.018938206881976484
0.0033000000000000004,-0.0073,-3.7696284625360836,-0.029103825020003016,0.018485759027010756
0.0034,-0.0073,-3.789566309007173,-0.029732383468158086,0.017730533919923956
0.0034999999999999996,-0.0073,-3.8100807969240265,-0.03052768482285614,0.01710174791104907
0.0036,-0.0073,-3.8302993349156664,-0.0311081197370196,0.016235828026498034
0.0037,-0.0073,-3.8518996127309664,-0.03163588001474249,0.015453649994861799
0.0038,-0.0073,-3.87309863199092,-0.032018896105749844,0.014860557016221326
0.0039,-0.0073,-3.889070634806651,-0.03244725541828943,0.013807539103235025
0.004,-0.0073,-3.904740598813188,-0.033093856999712214,0.01287685077037988
0.0041,-0.0073,-3.9203770288673745,-0.03352324460756211,0.011903552706885201
0.0042,-0.0073,-3.9350234003536055,-0.03407110162807698,0.010822679688300625
0.0043,-0.0073,-3.947419535911434,-0.03416427823439963,0.009635593782213098
0.0044,-0.0073,-3.9560732621304413,-0.03490225575450058,0.008720118163399017
0.0045,-0.0073,-3.979353420859957,-0.03501486780506755,0.00748214494902661
0.0046,-0.0073,-3.9904793050689094,-0.03577643744743008,0.006283833750479306
0.0047,-0.0073,-3.986100580209525,-0.035497728544946726,0.005160800663354827
0.0048,-0.0073,-3.9978507081757226,-0.035684549260579755,0.0038784726641802056
0.0049,-0.0073,-4.016628704419523,-0.03579281481607887,0.0025301970788444276
0.005,-0.0073,-4.016173609928648,-0.036030666634558194,0.0013076244544197833
0.0051,-0.0073,-4.009943019211241,-0.03606922202341941,0.00023536980134906458
0.005200000000000001,-0.0073,-4.033772483442306,-0.03659383941578409,-0.0007323002247930738
0.0053,-0.0073,-4.0277023097003495,-0.03682310081335073,-0.002160823187227703
0.0054,-0.0073,-4.002069636625975,-0.0368123380898683,-0.0038384520948895025
0.0055,-0.0073,-4.009468343946671,-0.03742962362031585,-0.005316115409145361
0.0056,-0.0073,-3.992273587018819,-0.037166562072901636,-0.00650258761976901
0.005700000000000001,-0.0073,-3.999542182402148,-0.037529016040070695,-0.007505455516502505
0.0058,-0.0073,-3.993989368414412,-0.03770795196306107,-0.009262420087692519
0.0059,-0.0073,-4.0339006658455565,-0.03665427548311688,-0.010124295987225333
0.006,-0.0073,-4.055240067241981,-0.03735888795493488,-0.011849250533459943
0.0061,-0.0073,-3.9596083321969426,-0.0366592637305491,-0.012842032375458343
0.0062,-0.0073,-3.9397388541583336,-0.03637047078151789,-0.013794699645774412
0.0063,-0.0073,-3.9779240605214223,-0.03703162229445598,-0.01562838508090338
0.0064,-0.0073,-3.9271622596088793,-0.03723001509083309,-0.016852274788271084
0.006499999999999999,-0.0073,-3.9229087738522015,-0.03701870454685535,-0.01785395037472225
0.006600000000000001,-0.0073,-3.9056409371600176,-0.03729185848000925,-0.01907297743770664
0.0067,-0.0073,-3.8706618042456524,-0.03699357578530276,-0.020491534891346183
0.0068,-0.0073,-3.8866998265732113,-0.03575792264049404,-0.021294521696335278
0.0069,-0.0073,-3.846124238510902,-0.03556808117739091,-0.022920767323954736
0.006999999999999999,-0.0073,-3.8241885571281498,-0.035040313946378944,-0.02344122834876465
0.007100000000000001,-0.0073,-3.8234102532198246,-0.03421652790732862,-0.024340417656990146
0.0072,-0.0073,-3.789794332243877,-0.03345352466150395,-0.025401139911229345
0.0073,-0.0073,-3.774381601446757,-0.032521226577135076,-0.02600843123729404
0.0074,-0.0073,-3.7507136365540825,-0.03168857730238224,-0.026359847723228316
0.0075,-0.0073,-3.730425011974285,-0.030612895636421302,-0.026696675160375844
0.0076,-0.0073,-3.711304269067886,-0.02939147391443829,-0.02687193339758794
0.0077,-0.0073,-3.6904592816961324,-0.02765477175557085,-0.026684486903806117
0.0078,-0.0073,-3.6719069761776093,-0.026360679592571802,-0.02613934282802806
0.0079,-0.0073,-3.6562994422192894,-0.02521234924025159,-0.025782830006616887
0.008,-0.0073,-3.6405865708879848,-0.02292947476632118,-0.02495609109588816
0.0081,-0.0073,-3.625572966581493,-0.021096808205866374,-0.02402871832284312
0.0082,-0.0073,-3.619350049891671,-0.019245767660223824,-0.022915355469477997
0.0083,-0.0073,-3.606231089495618,-0.01750954747893538,-0.021336649690911154
0.0084,-0.0073,-3.5963468055400645,-0.01552126153734142,-0.01972116376237916
0.0085,-0.0073,-3.58983214841773,-0.013586297951160582,-0.01783330544307566
0.0086,-0.0073,-3.585905776114381,-0.011826527110160657,-0.015956230333080284
0.0087,-0.0073,-3.5828147261478964,-0.009512016871683708,-0.01388947471187434
0.0088,-0.0073,-3.580775887865645,-0.008162963873856718,-0.01165396125677924
0.0089,-0.0073,-3.5805407992228875,-0.006506362360082786,-0.009605283283994126
0.009,-0.0073,-3.5795358204634717,-0.005122999604445312,-0.007666935965652987
0.0091,-0.0073,-3.580801003489023,-0.0039068537848519,-0.005761479443028269
0.0092,-0.0073,-3.582434329810915,-0.0029241873418488526,-0.004187489218984629
0.0093,-0.0073,-3.5840429553478397,-0.002084719534836254,-0.00267850371629268
0.0094,-0.0073,-3.584668011355865,-0.0013921826285744352,-0.0014398167580275106
0.0095,-0.0073,-3.586854781593124,-0.0008786247313156965,-0.000465903575600634
0.0096,-0.0073,-3.5868699919805227,-0.0004924656288809411,0.0002502389661806271
0.0097,-0.0073,-3.589775669787782,-0.00025045765978263287,0.0006633279251746432
0.0098,-0.0073,-3.586025830864719,-3.98500585298749e-05,0.0007694630711518068
0.0099,-0.0073,-3.5839534818094827,3.885202437005576e-05,0.0005766682353470189
0.01,-0.0073,-3.5881263994728565,0.0,0.0
0.0,-0.0072,-3.4284619215948324,0.0,0.0
0.0001,-0.0072,-3.429309247674564,-0.00017086768225995166,0.00216079585306235
0.0002,-0.0072,-3.43013837804135,-0.0005077256652874445,0.004032977560314093
0.0003,-0.0072,-3.4310176277156597,-0.0009735936688302088,0.005646613877440128
0.0004,-0.0072,-3.4322286764195593,-0.00159778570499415,0.00703331374257435
0.0005,-0.0072,-3.434331022676311,-0.002345072187856044,0.008243601310030253
0.0006,-0.0072,-3.436378141673525,-0.0031006169379537247,0.009391318722095547
0.0007,-0.0072,-3.4381224237944776,-0.0038532858839083434,0.010393258256399383
0.0008,-0.0072,-3.4414814426125715,-0.004751730953120011,0.011352462119936145
0.0009,-0.0072,-3.443739482319574,-0.005788506842232189,0.012360725141465054
0.001,-0.0072,-3.447422352833416,-0.006715580842194652,0.013127946969849792
0.0011,-0.0072,-3.452438753867472,-0.007666910156417722,0.013791999003460365
0.0012,-0.0072,-3.4586448969472965,-0.008640368185790327,0.014975881000869022
0.0013000000000000002,-0.0072,-3.4645858867183414,-0.009684922651273459,0.015732895794732565
0.0014,-0.0072,-3.471395504913212,-0.010719087843692385,0.016485256588231714
0.0015,-0.0072,-3.4801688561540196,-0.011787980342360553,0.017265625978902795
0.0016,-0.0072,-3.490551832113641,-0.012858482387840717,0.01810236420894349
0.0017,-0.0072,-3.504141498050143,-0.013936892832047888,0.01872325523611363
0.0018,-0.0072,-3.511818394135427,-0.015040971361908068,0.01931023455922605
0.0019,-0.0072,-3.5258472067277724,-0.016069123708569014,0.01992838701864844
0.002,-0.0072,-3.5430896242313357,-0.017223380466400328,0.02039203527977755
0.0021,-0.0072,-3.5582612753139795,-0.018330056306473684,0.02083907204226502
0.0022,-0.0072,-3.5733682485431606,-0.019249526201939295,0.020942241109417836
0.0023,-0.0072,-3.589912115719467,-0.020180427202732477,0.021485350697662345
0.0024,-0.0072,-3.6119841703646522,-0.02130387564681073,0.021278682718424133
0.0025,-0.0072,-3.6304202696118044,-0.022115201508248195,0.02172290299395236
0.0026000000000000003,-0.0072,-3.6494268218045383,-0.023205929639144092,0.021463550364399356
0.0027,-0.0072,-3.669551977513504,-0.02386430881263703,0.021631214757154876
0.0028,-0.0072,-3.6906669085512758,-0.024904878358540394,0.02123455865271047
0.0029,-0.0072,-3.7116707112130802,-0.025775515472766422,0.020622477381319847
0.003,-0.0072,-3.7373361215798853,-0.02652370974335366,0.020586382530200138
0.0031,-0.0072,-3.7537820085328084,-0.027522423116752123,0.020186240234211818
0.0032,-0.0072,-3.7739239409924883,-0.028092835560865306,0.01971338199051304
0.0033000000000000004,-0.0072,-3.7987224369929353,-0.028879575363133566,0.019007278979535646
0.0034,-0.0072,-3.820180667292115,-0.02948109401502541,0.018362163483292598
0.0034999999999999996,-0.0072,-3.843608691897735,-0.030046616101908497,0.017598683832681174
0.0036,-0.0072,-3.866311103956513,-0.030612642462299167,0.016909502052733363
0.0037,-0.0072,-3.88453944877833,-0.031197482743393953,0.01613402310902396
0.0038,-0.0072,-3.904692058384819,-0.0316388280667183,0.01529094133357041
0.0039,-0.0072,-3.924348311769155,-0.03198349906256225,0.01417334191732998
0.004,-0.0072,-3.9391479821114945,-0.03236864725926714,0.013106762956626503
0.0041,-0.0072,-3.9533061740826363,-0.032889332428211675,0.012074678424954789
0.0042,-0.0072,-3.977209179070167,-0.03317452236467573,0.011273907492037088
0.0043,-0.0072,-3.9904428883609766,-0.03355745686861724,0.010261022890200018
0.0044,-0.0072,-4.000877379196161,-0.03399912523045992,0.008953098077534614
0.0045,-0.0072,-4.011434534971804,-0.03402329657282544,0.007752507312376736
0.0046,-0.0072,-4.028448326435806,-0.034365388456524634,0.006563668520356745
0.0047,-0.0072,-4.03252425827255,-0.03476421373796723,0.005537176993724412
0.0048,-0.0072,-4.0406837742888975,-0.03483444263001363,0.004274488852970367
0.0049,-0.0072,-4.046868144933068,-0.0350667911909675,0.0028967411733593676
0.005,-0.0072,-4.043696789090145,-0.035282444250084935,0.0017216872357685075
0.0051,-0.0072,-4.066996517937711,-0.03533602580764938,0.0005987286172348459
0.005200000000000001,-0.0072,-4.096260988964084,-0.03566598503840284,-0.0009226088812633078
0.0053,-0.0072,-4.08727653584089,-0.03590374481142173,-0.0024733055317157507
0.0054,-0.0072,-4.0514450769243915,-0.03701737521068121,-0.003629322914044525
0.0055,-0.0072,-4.0351757855471275,-0.03619226113818455,-0.00450608284991863
0.0056,-0.0072,-4.053076815453232,-0.03656705191739534,-0.0059073917214921695
0.005700000000000001,-0.0072,-3.9953296248250525,-0.03667539780372685,-0.008157089818842353
0.0058,-0.0072,-4.031223086673772,-0.036308048399677516,-0.00921770006744299
0.0059,-0.0072,-4.073787021545095,-0.03631680489522563,-0.009610924263734593
0.006,-0.0072,-4.104683960539229,-0.03698579324834189,-0.011508512014455083
0.0061,-0.0072,-4.0469723196756755,-0.03701601464454909,-0.012503626439524585
0.0062,-0.0072,-3.9910378298285116,-0.03652734630348538,-0.01415478231281716
0.0063,-0.0072,-4.027805599631119,-0.036508705686730064,-0.01531024070033913
0.0064,-0.0072,-3.9632150228426877,-0.036858140343962155,-0.016681249507223477
0.006499999999999999,-0.0072,-3.975522729885731,-0.0364276850822228,-0.018021724792003032
0.006600000000000001,-0.0072,-3.95378820769833,-0.03588453954149852,-0.019337840783617874
0.0067,-0.0072,-3.9255975712222035,-0.03619175324398021,-0.020624600517732516
0.0068,-0.0072,-3.9174649536189947,-0.03694630820921511,-0.02216153072705859
0.0069,-0.0072,-3.883366708729863,-0.03546304477769666,-0.022823324672548256
0.006999999999999999,-0.0072,-3.8791427440930004,-0.03548402039225642,-0.023827159583661148
0.007100000000000001,-0.0072,-3.858373632643694,-0.03444898038581718,-0.025050132901234867
0.0072,-0.0072,-3.840668196496052,-0.034056922090698424,-0.026031432876623597
0.0073,-0.0072,-3.810049227707382,-0.03323198004751563,-0.026850590502283
0.0074,-0.0072,-3.782270403237585,-0.03218431431835698,-0.027362328908278832
0.0075,-0.0072,-3.7667645779728285,-0.03130536427217325,-0.027885719843332303
0.0076,-0.0072,-3.7427154925244692,-0.030297020944070985,-0.02805377568172265
0.0077,-0.0072,-3.7172116646927136,-0.02899087629177355,-0.028012335881845818
0.0078,-0.0072,-3.6988366395423706,-0.027388438865240356,-0.02778527600365407
0.0079,-0.0072,-3.6781518532603537,-0.025974920329609266,-0.02785927661925587
0.008,-0.0072,-3.662068117332413,-0.024241047675946325,-0.026484914007855617
0.0081,-0.0072,-3.645749777242534,-0.02235156502655265,-0.02569088843155462
0.0082,-0.0072,-3.631768662700789,-0.0206779242165089,-0.024476667323426578
0.0083,-0.0072,-3.619421989463663,-0.01853605178983423,-0.02336829949519502
0.0084,-0.0072,-3.609776532315719,-0.016591497653095904,-0.021422089626647222
0.0085,-0.0072,-3.6013500351920107,-0.01455768400228502,-0.01967466716608618
0.0086,-0.0072,-3.595185912867315,-0.012587554916888325,-0.017760242971472967
0.0087,-0.0072,-3.5892686860855894,-0.010737231803651968,-0.015508706047335653
0.0088,-0.0072,-3.5867099024601985,-0.008876696051215395,-0.013166008309711059
0.0089,-0.0072,-3.585190038626454,-0.0071999932159279995,-0.01106643615761047
0.009,-0.0072,-3.5845425780428584,-0.005708019640008815,-0.008812177371675346
0.0091,-0.0072,-3.5854473185308477,-0.0044215766955243326,-0.006987574509727934
0.0092,-0.0072,-3.586355537232878,-0.003330279107839615,-0.005216690108905735
0.0093,-0.0072,-3.5877777098702186,-0.002372090732241638,-0.0034411640111722264
0.0094,-0.0072,-3.589019213213781,-0.0015966000271464627,-0.0021007632615819977
0.0095,-0.0072,-3.5907556096471276,-0.0010201644852540924,-0.0009526415940283551
0.0096,-0.0072,-3.59134392677609,-0.0005807274077144903,-9.050063114322559e-05
0.0097,-0.0072,-3.594351792791259,-0.00027888718200178426,0.00044948198636416694
0.0098,-0.0072,-3.5921811681852414,-5.893677671337635e-05,0.0007210295543064809
0.0099,-0.0072,-3.600415271126554,5.108987952665814e-05,0.0005806161450605936
0.01,-0.0072,-3.613742970531593,0.0,0.0
0.0,-0.007100000000000001,-3.432181970410028,0.0,0.0
0.0001,-0.007100000000000001,-3.4331309955886504,-0.00017542499854945708,0.002400556441462836
0.0002,-0.007100000000000001,-3.4351990868696234,-0.0005069780094275479,0.004450068982649703
0.0003,-0.007100000000000001,-3.4365972901298663,-0.001014769089054921,0.0062128243236919956
0.0004,-0.007100000000000001,-3.437017297316551,-0.0016093845390906922,0.007696415800389539
0.0005,-0.007100000000000001,-3.4399828285305647,-0.0023157740286351676,0.009022945170539847
0.0006,-0.007100000000000001,-3.4415021253265206,-0.003121209557146604,0.010238042088089792
0.0007,-0.007100000000000001,-3.4438543896074014,-0.004028371223323994,0.011276184137875109
0.0008,-0.007100000000000001,-3.446676437555145,-0.004835283485887203,0.012181808230465102
0.0009,-0.007100000000000001,-3.4502336890511898,-0.0058748120791775275,0.013200698526930508
0.001,-0.007100000000000001,-3.4542399751701387,-0.006817038352925972,0.014167899055898448
0.0011,-0.007100000000000001,-3.4600440695506944,-0.00764534820835231,0.015231292195140978
0.0012,-0.007100000000000001,-3.4653700874377655,-0.008741860319940198,0.015878287597385854
0.0013000000000000002,-0.007100000000000001,-3.4735305054307974,-0.00982642556425027,0.01667561247907803
0.0014,-0.007100000000000001,-3.4811005305409943,-0.010878759160662043,0.017568529643353915
0.0015,-0.007100000000000001,-3.4893783324909795,-0.01194111838472812,0.01842140197245992
0.0016,-0.007100000000000001,-3.503588626500954,-0.013007457978300281,0.01905572430776998
0.0017,-0.007100000000000001,-3.5144110536792383,-0.014048255743986727,0.01982956851522928
0.0018,-0.007100000000000001,-3.5292961934121356,-0.01510851105589012,0.020403987541731342
0.0019,-0.007100000000000001,-3.5427486983735976,-0.01621176250747486,0.0209920052168957
0.002,-0.007100000000000001,-3.5592148515328463,-0.01723455842044159,0.021460544643953194
0.0021,-0.007100000000000001,-3.576424187814501,-0.01829058365047473,0.021539202717854165
0.0022,-0.007100000000000001,-3.594033323657076,-0.019159166197743493,0.022297718895923933
0.0023,-0.007100000000000001,-3.6084325758178775,-0.020177787368686965,0.0224499996911476
0.0024,-0.007100000000000001,-3.629283135464268,-0.021273907857259505,0.022481790119505848
0.0025,-0.007100000000000001,-3.6504411864715425,-0.022081115739868883,0.02247569314831277
0.0026000000000000003,-0.007100000000000001,-3.6724062162162885,-0.023009401963703633,0.022572786176576307
0.0027,-0.007100000000000001,-3.694968609212884,-0.023945078759840296,0.022292768270125884
0.0028,-0.007100000000000001,-3.715916857194644,-0.024848510189603656,0.022219288437245317
0.0029,-0.007100000000000001,-3.7382094078846704,-0.02558817220392561,0.021607647489237214
0.003,-0.007100000000000001,-3.7593419177134404,-0.026411982745245383,0.02143514160763523
0.0031,-0.007100000000000001,-3.784557596552012,-0.027085807871119007,0.021037386068085164
0.0032,-0.007100000000000001,-3.8092047287414816,-0.027912118079188548,0.020453209276715997
0.0033000000000000004,-0.007100000000000001,-3.832485482851626,-0.028471249555215253,0.01970403729477621
0.0034,-0.007100000000000001,-3.854757071054019,-0.029023386547416197,0.019214930872713486
0.0034999999999999996,-0.007100000000000001,-3.876674543792272,-0.02947882188846313,0.018206524037135043
0.0036,-0.007100000000000001,-3.899406448168734,-0.030048374274989728,0.01747610670606538
0.0037,-0.007100000000000001,-3.9206448722927996,-0.03080860226297326,0.016274302659690838
0.0038,-0.007100000000000001,-3.9400622740896027,-0.031034729104621746,0.015611254526414445
0.0039,-0.007100000000000001,-3.961015494497541,-0.03138711946810103,0.014709666668658545
0.004,-0.007100000000000001,-3.9790983960538986,-0.032097550405241836,0.013713208011168255
0.0041,-0.007100000000000001,-3.9950375347114773,-0.03227472678629385,0.0126668882289979
0.0042,-0.007100000000000001,-4.01753935525856,-0.032344763260175956,0.011616036623251075
0.0043,-0.007100000000000001,-4.0310591210852875,-0.032971638922579774,0.01037446881580391
0.0044,-0.007100000000000001,-4.046112078668531,-0.03295949272949472,0.009286952560332823
0.0045,-0.007100000000000001,-4.048212621464077,-0.03339467498602935,0.008004205719658432
0.0046,-0.007100000000000001,-4.070883804264361,-0.03348203542671957,0.006839355650499307
0.0047,-0.007100000000000001,-4.082497396608597,-0.03368847790856815,0.0056956706677731535
0.0048,-0.007100000000000001,-4.088333069717066,-0.03410460863587162,0.004321948959192543
0.0049,-0.007100000000000001,-4.08383105275388,-0.03395946080146838,0.003042188399550359
0.005,-0.007100000000000001,-4.0833676378637245,-0.03453212402484922,0.0018654776721542428
0.0051,-0.007100000000000001,-4.117900183444238,-0.034005372842742854,0.0005112970328468496
0.005200000000000001,-0.007100000000000001,-4.138198962472518,-0.034677995181868905,-0.000842237600565583
0.0053,-0.007100000000000001,-4.1267090120988845,-0.03495353840540304,-0.0019851625473374887
0.0054,-0.007100000000000001,-4.121390887526769,-0.03466241297919487,-0.002698652249178802
0.0055,-0.007100000000000001,-4.123124248293009,-0.03526454746856783,-0.004594215445252148
0.0056,-0.007100000000000001,-4.077792127615067,-0.03495875607136162,-0.006820086727609819
0.005700000000000001,-0.007100000000000001,-4.089102366522675,-0.0356685415251647,-0.007913328279688837
0.0058,-0.007100000000000001,-4.096791959277262,-0.036174477563976924,-0.008815896260463666
0.0059,-0.007100000000000001,-4.081865505113604,-0.03667809024560436,-0.010275678259196383
0.006,-0.007100000000000001,-4.100712129850556,-0.03533159371969887,-0.011747859404185192
0.0061,-0.007100000000000001,-4.0738816808069185,-0.0361618123969199,-0.012662875583207757
0.0062,-0.007100000000000001,-4.038722178495939,-0.03583327043921939,-0.013959345035931207
0.0063,-0.007100000000000001,-4.070252839340709,-0.03541401851444356,-0.01543407379299531
0.0064,-0.007100000000000001,-4.03094168442779,-0.0359022066854312,-0.016841449080983572
0.006499999999999999,-0.007100000000000001,-4.00907780409037,-0.03587398245708569,-0.018159787294907
0.006600000000000001,-0.007100000000000001,-3.995513255529699,-0.035869896554703656,-0.019367034406475744
0.0067,-0.007100000000000001,-3.980644756273714,-0.03541041662180833,-0.020742862273982848
0.0068,-0.007100000000000001,-3.957769538199858,-0.035564680981274625,-0.022253690392595282
0.0069,-0.007100000000000001,-3.930733735562992,-0.03538285008953999,-0.023181233789409197
0.006999999999999999,-0.007100000000000001,-3.9181294784665472,-0.034246450404749156,-0.02461144595967954
0.007100000000000001,-0.007100000000000001,-3.8914490265158697,-0.03474271025791194,-0.025676454154901523
0.0072,-0.007100000000000001,-3.868127857220035,-0.03390899925553855,-0.026726695250710954
0.0073,-0.007100000000000001,-3.8440628574925464,-0.03341593312980994,-0.02774512465249635
0.0074,-0.007100000000000001,-3.8249476829672573,-0.03265517252427967,-0.028173162414076098
0.0075,-0.007100000000000001,-3.795642157725901,-0.031909453083723116,-0.028949906207575885
0.0076,-0.007100000000000001,-3.771640020831782,-0.030998598009627565,-0.029253557700446922
0.0077,-0.007100000000000001,-3.7528005716564907,-0.029612040957119286,-0.02955480266273698
0.0078,-0.007100000000000001,-3.725712923101971,-0.02834317041944818,-0.029474741510953313
0.0079,-0.007100000000000001,-3.7073051563847037,-0.02688889785018228,-0.029261358298931478
0.008,-0.007100000000000001,-3.6839861783747767,-0.025104880037864954,-0.02829209787641514
0.0081,-0.007100000000000001,-3.6655995958209844,-0.02355325540359756,-0.02801730512288946
0.0082,-0.007100000000000001,-3.649930758518848,-0.021837316558558154,-0.026642022848426712
0.0083,-0.007100000000000001,-3.636596478478189,-0.019728301900398815,-0.025118939775354773
0.0084,-0.007100000000000001,-3.6227808829780135,-0.01759865276851209,-0.023540644194045786
0.0085,-0.007100000000000001,-3.6117959617253503,-0.015646177107369062,-0.02165270117203956
0.0086,-0.007100000000000001,-3.6023397815107887,-0.013668312850153222,-0.019746818024092474
0.0087,-0.007100000000000001,-3.5972692886160287,-0.011627561019643318,-0.017797428067529583
0.0088,-0.007100000000000001,-3.5936486693675276,-0.009830925503711497,-0.01524178614917946
0.0089,-0.007100000000000001,-3.5912247442566954,-0.00802556436669177,-0.012854709414209825
0.009,-0.007100000000000001,-3.5902793667268105,-0.006436109246075259,-0.010322075631183397
0.0091,-0.007100000000000001,-3.5904798246394862,-0.005049201070719491,-0.008108284992357748
0.0092,-0.007100000000000001,-3.591222930498,-0.0036965042946688967,-0.006370574786551644
0.0093,-0.007100000000000001,-3.5921385536961514,-0.0026768597813719187,-0.004354944754528946
0.0094,-0.007100000000000001,-3.5940423182475594,-0.0018172528872176623,-0.002801943913330881
0.0095,-0.007100000000000001,-3.5960559625823505,-0.001176739825182249,-0.0014852186435065592
0.0096,-0.007100000000000001,-3.596878422039129,-0.0007092093360527842,-0.00048780587707618556
0.0097,-0.007100000000000001,-3.597575649876442,-0.0003752029352119113,0.00017175275281772738
0.0098,-0.007100000000000001,-3.604876300357218,-0.00021656751952449688,0.000489956988416575
0.0099,-0.007100000000000001,-3.60762175554965,-7.151552369133652e-05,0.00036440448855398874
0.01,-0.007100000000000001,-3.6057118282241167,0.0,0.0
0.0,-0.006999999999999999,-3.438887562770855,0.0,0.0
0.0001,-0.006999999999999999,-3.439391227929894,-0.00018241969648860303,0.002638605167384964
0.0002,-0.006999999999999999,-3.43944614522182,-0.0005039905920702436,0.004894251138936038
0.0003,-0.006999999999999999,-3.4418286754301244,-0.0010337194484488276,0.006775517613914487
0.0004,-0.006999999999999999,-3.4448867824556584,-0.0016318760812823526,0.008398066256206224
0.0005,-0.006999999999999999,-3.4460077531876276,-0.0023737713143036133,0.009750108318344344
0.0006,-0.006999999999999999,-3.4479570880171106,-0.0031227855159402253,0.010990379603473297
0.0007,-0.006999999999999999,-3.449487878454638,-0.004067069354293,0.01209083961508614
0.0008,-0.006999999999999999,-3.4530683301375134,-0.004981524924810327,0.013149692013793235
0.0009,-0.006999999999999999,-3.456945124927607,-0.005862552300488303,0.01394721482919224
0.001,-0.006999999999999999,-3.4618074632805715,-0.006689259360166278,0.015294710158601989
0.0011,-0.006999999999999999,-3.467644295999829,-0.007841558368654902,0.016020377385299763
0.0012,-0.006999999999999999,-3.4746573465322634,-0.008857943330719889,0.017103714774837252
0.0013000000000000002,-0.006999999999999999,-3.4831419769680045,-0.009913683736197759,0.017811632219365853
0.0014,-0.006999999999999999,-3.492194175028801,-0.010892950520969875,0.018598400734375853
0.0015,-0.006999999999999999,-3.5002607739695373,-0.011953965261515737,0.019286709052929313
0.0016,-0.006999999999999999,-3.51556234466325,-0.013016531756989797,0.020056931112833968
0.0017,-0.006999999999999999,-3.5257302167536912,-0.014082960134402762,0.02090844695125356
0.0018,-0.006999999999999999,-3.5416187370664165,-0.015116195213621765,0.021461499564622427
0.0019,-0.006999999999999999,-3.558029418849827,-0.016104467702166694,0.02200133684452507
0.002,-0.006999999999999999,-3.574959681269504,-0.01717514820815456,0.022474471334330712
0.0021,-0.006999999999999999,-3.5901483361345803,-0.01826317204518281,0.022573673444480115
0.0022,-0.006999999999999999,-3.6108720742880145,-0.01905938808957114,0.02312164290593835
0.0023,-0.006999999999999999,-3.630149493395408,-0.020059076500021575,0.023333340624841763
0.0024,-0.006999999999999999,-3.650824944826772,-0.02101246646990113,0.023626212097309876
0.0025,-0.006999999999999999,-3.672365174008604,-0.02201623334705789,0.02324673710919258
0.0026000000000000003,-0.006999999999999999,-3.694971528411407,-0.022779266752244967,0.023064767022442256
0.0027,-0.006999999999999999,-3.718433297616101,-0.023629622801511974,0.023263748261789927
0.0028,-0.006999999999999999,-3.7442319000296815,-0.02449299848519127,0.02295154758646565
0.0029,-0.006999999999999999,-3.7645768457898785,-0.025329210569791594,0.022652578257055918
0.003,-0.006999999999999999,-3.792289156071989,-0.02602319857443365,0.022103486204886082
0.0031,-0.006999999999999999,-3.815631403940459,-0.026658775407013446,0.021448971004643286
0.0032,-0.006999999999999999,-3.839310722782409,-0.027173834758136894,0.021041352521065444
0.0033000000000000004,-0.006999999999999999,-3.8607628276482933,-0.028106573210903346,0.020408616609682365
0.0034,-0.006999999999999999,-3.8879016657367327,-0.02857093568366926,0.019476211732151718
0.0034999999999999996,-0.006999999999999999,-3.910270938468282,-0.02901292509909747,0.01864427048628475
0.0036,-0.006999999999999999,-3.934819788179882,-0.029481020805944072,0.017909940923766313
0.0037,-0.006999999999999999,-3.9553989088129757,-0.030098763783291432,0.01699005607879171
0.0038,-0.006999999999999999,-3.9760103255185486,-0.02997046080211867,0.016242150751945045
0.0039,-0.006999999999999999,-3.996900064526401,-0.030591366840720044,0.014992547904421652
0.004,-0.006999999999999999,-4.0172501011147315,-0.031130492604485322,0.013954270095527539
0.0041,-0.006999999999999999,-4.034268367817459,-0.031343572881018016,0.013061372777859305
0.0042,-0.006999999999999999,-4.045450752028451,-0.031351068525687247,0.01178557834178917
0.0043,-0.006999999999999999,-4.07189571003994,-0.031910674336101445,0.010617126231228775
0.0044,-0.006999999999999999,-4.085361527115694,-0.03220868185190824,0.009451738078916975
0.0045,-0.006999999999999999,-4.0922880574620795,-0.032158703669938414,0.008263938786326258
0.0046,-0.006999999999999999,-4.111312917486459,-0.032436442316478055,0.007060884657006126
0.0047,-0.006999999999999999,-4.127048651375598,-0.03248062630803282,0.005822023412337453
0.0048,-0.006999999999999999,-4.130758052946356,-0.032903097987483275,0.004567696682281697
0.0049,-0.006999999999999999,-4.127639952131536,-0.03310579041631229,0.0033342076589283967
0.005,-0.006999999999999999,-4.140995915342591,-0.03298171464677949,0.0020138822469288067
0.0051,-0.006999999999999999,-4.162429709967903,-0.033498171917320484,0.0006351150033609178
0.005200000000000001,-0.006999999999999999,-4.162282360738612,-0.03376054751689472,-0.0006193026673036577
0.0053,-0.006999999999999999,-4.151474185961096,-0.03362892577946225,-0.0018214698336672178
0.0054,-0.006999999999999999,-4.15942026895451,-0.033716405145041074,-0.0031517443169331895
0.0055,-0.006999999999999999,-4.1461177707435475,-0.03434587278185112,-0.004447424486377111
0.0056,-0.006999999999999999,-4.1071108997253525,-0.033984685580353835,-0.005124464444659924
0.005700000000000001,-0.006999999999999999,-4.145697046872229,-0.03351840976178207,-0.006332333650293407
0.0058,-0.006999999999999999,-4.159883196602961,-0.033773770307041776,-0.00896824065733559
0.0059,-0.006999999999999999,-4.1238296946421045,-0.034551501663054644,-0.011064456601637103
0.006,-0.006999999999999999,-4.119593141294578,-0.03500062628058524,-0.011914902642897894
0.0061,-0.006999999999999999,-4.133261989556294,-0.03514125357491673,-0.012379249782540853
0.0062,-0.006999999999999999,-4.110901096524526,-0.03454500884235058,-0.01415194745393163
0.0063,-0.006999999999999999,-4.095663531959658,-0.03493064634874906,-0.015703281059348092
0.0064,-0.006999999999999999,-4.069739269944351,-0.0347623096378522,-0.016673926805893042
0.006499999999999999,-0.006999999999999999,-4.059896934162301,-0.03486459839394436,-0.018035566558995113
0.006600000000000001,-0.006999999999999999,-4.046082884747747,-0.03480816295247156,-0.019548320185906992
0.0067,-0.006999999999999999,-4.020272018985247,-0.03482330120286923,-0.020940719399542437
0.0068,-0.006999999999999999,-4.0041211580705305,-0.03494939752205999,-0.02221098318264062
0.0069,-0.006999999999999999,-3.979441965431641,-0.03457625253913684,-0.023635915451193364
0.006999999999999999,-0.006999999999999999,-3.966151041166848,-0.034852928382645997,-0.024926301592690617
0.007100000000000001,-0.006999999999999999,-3.937918238327863,-0.03444245677876493,-0.02635012912756909
0.0072,-0.006999999999999999,-3.9115530153125344,-0.034191123110654725,-0.027069991784257643
0.0073,-0.006999999999999999,-3.881214771536085,-0.03369205224880348,-0.02803261186868038
0.0074,-0.006999999999999999,-3.860956415892887,-0.032612999637321914,-0.028896478310293773
0.0075,-0.006999999999999999,-3.8323648114801294,-0.03221873879232559,-0.02968377606452104
0.0076,-0.006999999999999999,-3.8084277686028667,-0.031359945697621655,-0.03042604514702888
0.0077,-0.006999999999999999,-3.778375768648382,-0.030118985288680147,-0.030594867753384415
0.0078,-0.006999999999999999,-3.759339143956988,-0.028984585913676798,-0.030805297878012918
0.0079,-0.006999999999999999,-3.7304951521042615,-0.027653127814287783,-0.030780258033450494
0.008,-0.006999999999999999,-3.711546103156432,-0.026264525678430618,-0.030347331575807893
0.0081,-0.006999999999999999,-3.688379762410779,-0.024610059584401107,-0.029335877176829478
0.0082,-0.006999999999999999,-3.669780225070558,-0.022511321476929046,-0.028147634576004124
0.0083,-0.006999999999999999,-3.6527635105485787,-0.020875478649171983,-0.027372162313258903
0.0084,-0.006999999999999999,-3.638943942195197,-0.018848270145658763,-0.025698940703346357
0.0085,-0.006999999999999999,-3.6257233053879756,-0.016727730626871534,-0.023890320751744076
0.0086,-0.006999999999999999,-3.6154749259069043,-0.01470503217455637,-0.021742162216460956
0.0087,-0.006999999999999999,-3.6078072365660763,-0.012516046955363536,-0.01961048557655159
0.0088,-0.006999999999999999,-3.60173607694425,-0.010888465430274098,-0.01713767727114603
0.0089,-0.006999999999999999,-3.5984262077804248,-0.008905628397113391,-0.014666214730443598
0.009,-0.006999999999999999,-3.5967349766960837,-0.007044749221928062,-0.012250230208883928
0.0091,-0.006999999999999999,-3.5963217801103995,-0.0055052426081280085,-0.009687231949496862
0.0092,-0.006999999999999999,-3.596817800581041,-0.004070622407719556,-0.007304245298009108
0.0093,-0.006999999999999999,-3.5983974019885694,-0.0029827270076496493,-0.005412558068406157
0.0094,-0.006999999999999999,-3.599644528353627,-0.002096649691325277,-0.0035290696524082955
0.0095,-0.006999999999999999,-3.600780981731239,-0.0013633738067718596,-0.0020640079782259096
0.0096,-0.006999999999999999,-3.602128369769733,-0.0008194264741770937,-0.0008920082408817162
0.0097,-0.006999999999999999,-3.602493805376849,-0.00046959102379459357,-0.00013025005724031375
0.0098,-0.006999999999999999,-3.603638713067499,-0.00031091164393702266,0.0003336093963814465
0.0099,-0.006999999999999999,-3.5993980374758108,-0.00015811441384179262,0.00031374458576854665
0.01,-0.006999999999999999,-3.5863077752327674,0.0,0.0
0.0,-0.0069,-3.445484651350064,0.0,0.0
0.0001,-0.0069,-3.4453540603658577,-0.00018236165467459847,0.002882119501769732
0.0002,-0.0069,-3.447155073373611,-0.0005243475184207623,0.005312220761100057
0.0003,-0.0069,-3.447790316383956,-0.0010175215147778583,0.007318631174450913
0.0004,-0.0069,-3.4492444838758747,-0.0016309867452459687,0.008992974498731541
0.0005,-0.0069,-3.4523894438107168,-0.0024188263241994488,0.010455620557131453
0.0006,-0.0069,-3.45365947204138,-0.0031921576480158174,0.011856249142701034
0.0007,-0.0069,-3.4570669270996817,-0.004020907717398451,0.01315854151203149
0.0008,-0.0069,-3.4601179597641742,-0.004956794212375864,0.014221621804861452
0.0009,-0.0069,-3.4644340077711453,-0.005873913011368508,0.015223537459301068
0.001,-0.0069,-3.46983381508774,-0.006902930509334904,0.016043290408684754
0.0011,-0.0069,-3.4759492991941645,-0.007855918893318234,0.016973764973170193
0.0012,-0.0069,-3.4833370900250924,-0.008795252909024937,0.018016474656148557
0.0013000000000000002,-0.0069,-3.49314658822933,-0.009913075108064745,0.018937056487808586
0.0014,-0.0069,-3.503371581442868,-0.010965348117004376,0.01981583423463884
0.0015,-0.0069,-3.5136814494159863,-0.011918645334118223,0.02048633046736923
0.0016,-0.0069,-3.5288999314746436,-0.012980733208331041,0.02127226505954329
0.0017,-0.0069,-3.5433669311287592,-0.014013045799437025,0.02185997234635061
0.0018,-0.0069,-3.557980632013665,-0.015032958565057156,0.022527073367618358
0.0019,-0.0069,-3.5726730440316254,-0.016010722289736355,0.022933139525527373
0.002,-0.0069,-3.586864841578523,-0.01710103715478053,0.02344116280482959
0.0021,-0.0069,-3.609325562886455,-0.01803710154981444,0.02392731213805792
0.0022,-0.0069,-3.6289043704964916,-0.01891433942576603,0.024111567481384696
0.0023,-0.0069,-3.6490728553606195,-0.019951649381357798,0.024145720060832376
0.0024,-0.0069,-3.672504719981477,-0.020809488568946183,0.02423179175531566
0.0025,-0.0069,-3.6947799035577362,-0.021709794888802647,0.02447283790330322
0.0026000000000000003,-0.0069,-3.7213639626558987,-0.022490122186921282,0.024149625071959196
0.0027,-0.0069,-3.742888501901401,-0.023345581235321895,0.023936937801786698
0.0028,-0.0069,-3.7692680443772786,-0.024057518079912504,0.02366263858677325
0.0029,-0.0069,-3.792216742726844,-0.02481554808231355,0.023310224468743493
0.003,-0.0069,-3.8185450716083764,-0.025528637694507916,0.02271243807188897
0.0031,-0.0069,-3.8436136768210076,-0.026065652014144004,0.02226417592705914
0.0032,-0.0069,-3.8711187461189964,-0.02652934923180425,0.021492573379581905
0.0033000000000000004,-0.0069,-3.894782771847328,-0.027288742558229752,0.02098729453021586
0.0034,-0.0069,-3.9188781600545277,-0.0276736614880095,0.020275509133490546
0.0034999999999999996,-0.0069,-3.945362648333623,-0.028172431995703375,0.019414473689715012
0.0036,-0.0069,-3.9699854891387596,-0.028397342746540495,0.018610002516541005
0.0037,-0.0069,-3.99358735037977,-0.028946503752722414,0.01744297854459765
0.0038,-0.0069,-4.015484149358808,-0.029642567831749178,0.01645083007567256
0.0039,-0.0069,-4.030694608940045,-0.029677840517451138,0.015369173836813965
0.004,-0.0069,-4.05781509162742,-0.02993913382653325,0.014400989403140253
0.0041,-0.0069,-4.0777885930765505,-0.03048985715292136,0.013215092295697117
0.0042,-0.0069,-4.08658956525164,-0.03073388994413033,0.012076863870568786
0.0043,-0.0069,-4.111085948450372,-0.030926225066996563,0.010923177779764504
0.0044,-0.0069,-4.124861768802407,-0.031300299557398596,0.009676816021724814
0.0045,-0.0069,-4.131240631481697,-0.031047329060750795,0.008500513089541153
0.0046,-0.0069,-4.153561257107299,-0.03091323318233324,0.007235460138484468
0.0047,-0.0069,-4.168160096552762,-0.03129714008845678,0.005947599360662819
0.0048,-0.0069,-4.169586076387877,-0.031684907789790766,0.0046505334362769764
0.0049,-0.0069,-4.169962186795327,-0.032109364619006986,0.0035127641924530707
0.005,-0.0069,-4.183607536666784,-0.03209443274136975,0.002011814336967944
0.0051,-0.0069,-4.1992803171839235,-0.032190421577421684,0.0008757051574283105
0.005200000000000001,-0.0069,-4.2089305199169695,-0.031840064406633665,-0.0005197674615052388
0.0053,-0.0069,-4.207556080470104,-0.03213247010382516,-0.0017862545126488252
0.0054,-0.0069,-4.1956584275778,-0.032324120756647534,-0.0032179829183039883
0.0055,-0.0069,-4.181443933535912,-0.032842780793851535,-0.004451707169010716
0.0056,-0.0069,-4.152017953038401,-0.03257702528863437,-0.00560294989196812
0.005700000000000001,-0.0069,-4.1505354793090685,-0.03236321785715192,-0.007397247468907699
0.0058,-0.0069,-4.22094818617895,-0.032571498292391074,-0.00865189377544178
0.0059,-0.0069,-4.190138987272286,-0.03422314526543294,-0.009383969984514542
0.006,-0.0069,-4.145736152013102,-0.033409855466153104,-0.010757613578099743
0.0061,-0.0069,-4.204297616486637,-0.03350533702460825,-0.013049954578698017
0.0062,-0.0069,-4.151289475562918,-0.03381289223953256,-0.014130532641670086
0.0063,-0.0069,-4.130461520210224,-0.03438294352441308,-0.015244348859258487
0.0064,-0.0069,-4.122124054000028,-0.033948407622715115,-0.016577292659736197
0.006499999999999999,-0.0069,-4.107870940773149,-0.03376695492945083,-0.018151039999210212
0.006600000000000001,-0.0069,-4.088430631619875,-0.034323719981846225,-0.019586693426923592
0.0067,-0.0069,-4.062840413665461,-0.0342365213304912,-0.020904864772084336
0.0068,-0.0069,-4.058406499576401,-0.03405572759346104,-0.022359128601291377
0.0069,-0.0069,-4.021444939409533,-0.034033914976748084,-0.02381672264540907
0.006999999999999999,-0.0069,-4.0133143538400855,-0.034128411496189726,-0.024985475312115313
0.007100000000000001,-0.0069,-3.977607752466653,-0.033902729452763104,-0.026348696509065867
0.0072,-0.0069,-3.949482328340243,-0.033416724347907927,-0.027431506167251853
0.0073,-0.0069,-3.927080317903732,-0.03374847847427528,-0.028514373161590497
0.0074,-0.0069,-3.8961505648598553,-0.03324218328290453,-0.02988540443466799
0.0075,-0.0069,-3.871421023677344,-0.03209317912036266,-0.030638556594956946
0.0076,-0.0069,-3.843096438165751,-0.031462368530206605,-0.03121387291929463
0.0077,-0.0069,-3.8123930482732535,-0.030567783891522315,-0.031734278144072516
0.0078,-0.0069,-3.7834999766994466,-0.02956542916587872,-0.03204246895851408
0.0079,-0.0069,-3.770533666120801,-0.02821870537277407,-0.03204836065556881
0.008,-0.0069,-3.7380439569021258,-0.02674917066234484,-0.0318206499294141
0.0081,-0.0069,-3.714681133485398,-0.02555107141680355,-0.031382924789905044
0.0082,-0.0069,-3.6940431112185257,-0.023732367392837093,-0.030563476991781996
0.0083,-0.0069,-3.6727556447109517,-0.02174157178486301,-0.029333612669845563
0.0084,-0.0069,-3.6543537270061237,-0.019664126468075745,-0.027595943109783794
0.0085,-0.0069,-3.6405980486519804,-0.017586859587458963,-0.02604498833185563
0.0086,-0.0069,-3.629095853446187,-0.015684878314263802,-0.024045083688156912
0.0087,-0.0069,-3.6198129300530235,-0.013580286104349372,-0.02154694778476118
0.0088,-0.0069,-3.611607659736389,-0.011423224269000408,-0.01906475431361078
0.0089,-0.0069,-3.6073050951945405,-0.009543242074998287,-0.01688153627781208
0.009,-0.0069,-3.604144402422612,-0.007758232011753081,-0.013784357246795534
0.0091,-0.0069,-3.6026891135627026,-0.0061063384492552825,-0.011284212009425032
0.0092,-0.0069,-3.6027737243242184,-0.004604025421827317,-0.008599390702713917
0.0093,-0.0069,-3.604373624924368,-0.003378946476781759,-0.006377402499274479
0.0094,-0.0069,-3.605452379133024,-0.0023656684899072133,-0.004483347989033373
0.0095,-0.0069,-3.607563055417352,-0.001525912733284032,-0.002725250020613057
0.0096,-0.0069,-3.6096350709858482,-0.0009082827016958679,-0.0013622156182680192
0.0097,-0.0069,-3.611259923888712,-0.0004896473909372841,-0.00040340909964185805
0.0098,-0.0069,-3.6107342407900025,-0.00015456475619239868,0.0001580448159966743
0.0099,-0.0069,-3.609463283802936,-0.00010814343150016405,0.00040452909876242883
0.01,-0.0069,-3.6140028690316846,0.0,0.0
0.0,-0.0068,-3.4525888311259916,0.0,0.0
0.0001,-0.0068,-3.4522476946514153,-0.00017503265850592008,0.003082955531316329
0.0002,-0.0068,-3.4542496261896942,-0.0005504880627135814,0.005711707000495855
0.0003,-0.0068,-3.456635297307267,-0.001042165495424343,0.007868567248033987
0.0004,-0.0068,-3.457098137382451,-0.0016918630827680863,0.009734780656883893
0.0005,-0.0068,-3.45952444493613,-0.0023604186353411946,0.011286191793288401
0.0006,-0.0068,-3.460663445076834,-0.003194555801029411,0.012744473917294783
0.0007,-0.0068,-3.464357866851362,-0.004051930071951901,0.013963569946932161
0.0008,-0.0068,-3.4686066952744867,-0.005008940991258995,0.01486618570030325
0.0009,-0.0068,-3.4733013833872346,-0.005882948617505559,0.016091926588424905
0.001,-0.0068,-3.479140891587524,-0.006794579820928879,0.01720027393927987
0.0011,-0.0068,-3.4856749609457385,-0.007851744965078239,0.01787107456981224
0.0012,-0.0068,-3.4947096098562365,-0.008824302058550778,0.019021230135121504
0.0013000000000000002,-0.0068,-3.5043760294848116,-0.009752410722592739,0.01992600517561785
0.0014,-0.0068,-3.516522979818833,-0.01084549357859814,0.02077450519988997
0.0015,-0.0068,-3.5276716493065807,-0.01188057177396028,0.02143196187708353
0.0016,-0.0068,-3.540448043106443,-0.01288617980734822,0.02223080480756695
0.0017,-0.0068,-3.5520947519805075,-0.013814403001706178,0.022833278486830658
0.0018,-0.0068,-3.5702787898991484,-0.014919339022917278,0.02346244376849987
0.0019,-0.0068,-3.5884702392473367,-0.01590499730853537,0.023846565715775033
0.002,-0.0068,-3.609437310424388,-0.016830871534750422,0.024373815040224987
0.0021,-0.0068,-3.6277397560905524,-0.017810548575053882,0.024574492628034173
0.0022,-0.0068,-3.6487808341217227,-0.01868048787296546,0.025081890624125705
0.0023,-0.0068,-3.671864460018444,-0.019554820436721576,0.02519856643614514
0.0024,-0.0068,-3.694903777460167,-0.020353083918779588,0.025042449955385106
0.0025,-0.0068,-3.71999838184669,-0.02131415544954432,0.024993926733989355
0.0026000000000000003,-0.0068,-3.7438012903044644,-0.02209356602617163,0.024981482644710423
0.0027,-0.0068,-3.7690088999028717,-0.02282391094535838,0.02478478421045248
0.0028,-0.0068,-3.7955977481684884,-0.023537133456771046,0.02429124925083936
0.0029,-0.0068,-3.8207487633594917,-0.024265252063032518,0.023905299644578944
0.003,-0.0068,-3.849689937980468,-0.0248730466437879,0.023399923068474646
0.0031,-0.0068,-3.8756680184054315,-0.025439236746277273,0.0229300777748115
0.0032,-0.0068,-3.90039179030649,-0.025942257981885555,0.02220487886818988
0.0033000000000000004,-0.0068,-3.9298230286824376,-0.026630281779397604,0.02147183002160517
0.0034,-0.0068,-3.9542794233345613,-0.027129361690573246,0.020840110071068688
0.0034999999999999996,-0.0068,-3.978304513060477,-0.02745230279585202,0.019605968113563563
0.0036,-0.0068,-4.001821376135363,-0.027643514359118455,0.018741486462815555
0.0037,-0.0068,-4.024434660366148,-0.028197606591377756,0.017764655238696487
0.0038,-0.0068,-4.05156982867204,-0.02833961270834301,0.016787029712461224
0.0039,-0.0068,-4.068623343057249,-0.02894596667899492,0.01579233242584024
0.004,-0.0068,-4.094092826740877,-0.029241456655994782,0.014565510102721186
0.0041,-0.0068,-4.112395153092331,-0.029237447038381978,0.013262209153299304
0.0042,-0.0068,-4.122225243804387,-0.0295247270715864,0.012111791090245492
0.0043,-0.0068,-4.1483912215916074,-0.029572498779160867,0.010964441869011441
0.0044,-0.0068,-4.162743713969933,-0.030132426565468374,0.00976878659465329
0.0045,-0.0068,-4.1732232925147565,-0.03017442425559872,0.00860078134918568
0.0046,-0.0068,-4.187981933009186,-0.030237348046185438,0.0072366928401897766
0.0047,-0.0068,-4.197290935982787,-0.030368918237704302,0.00609574827229014
0.0048,-0.0068,-4.20951745409315,-0.030681635477903448,0.004789672023695591
0.0049,-0.0068,-4.213851087601155,-0.03052330841800915,0.003606038353469929
0.005,-0.0068,-4.229834157049888,-0.03036491455260758,0.0022957062825856617
0.0051,-0.0068,-4.229809640169791,-0.030269942633528765,0.0010041819560296908
0.005200000000000001,-0.0068,-4.24294104793869,-0.0309137237937272,-0.00036421052646238504
0.0053,-0.0068,-4.239009503615968,-0.031487501089051344,-0.0015963529516036816
0.0054,-0.0068,-4.22965917089546,-0.03131225778278173,-0.0027935261422326082
0.0055,-0.0068,-4.237531773291849,-0.030969039912135562,-0.00400471511915216
0.0056,-0.0068,-4.249149930143495,-0.030851322556982686,-0.005622720375462607
0.005700000000000001,-0.0068,-4.231220361112926,-0.031907658118720074,-0.0071765808011122634
0.0058,-0.0068,-4.239953020187962,-0.03222926875364818,-0.00848724491325085
0.0059,-0.0068,-4.203565466351256,-0.03223256452229039,-0.009917725038625844
0.006,-0.0068,-4.193751610975754,-0.03187175157882796,-0.011771778279998642
0.0061,-0.0068,-4.201458200003161,-0.03260323943776542,-0.012592188892196099
0.0062,-0.0068,-4.1903341084048735,-0.03268799543331565,-0.013334444483423037
0.0063,-0.0068,-4.201765578538139,-0.032590325273164654,-0.015134051929711546
0.0064,-0.0068,-4.164073800734715,-0.03343008144202874,-0.016662301195310508
0.006499999999999999,-0.0068,-4.149057888246734,-0.03334117908725337,-0.018065030684197177
0.006600000000000001,-0.0068,-4.1178854908361435,-0.03333638293909024,-0.0194607176732193
0.0067,-0.0068,-4.1061501201557205,-0.03329200353236303,-0.020882582729890554
0.0068,-0.0068,-4.0991350880782615,-0.03336311364270882,-0.022228065981987843
0.0069,-0.0068,-4.065842525284452,-0.03324236075426309,-0.023894773164366542
0.006999999999999999,-0.0068,-4.053276597875088,-0.033293962800919494,-0.02521693143720944
0.007100000000000001,-0.0068,-4.0206922969819745,-0.03344541377029769,-0.026319581877089795
0.0072,-0.0068,-3.9942773150809234,-0.03278807625893744,-0.027611198261598364
0.0073,-0.0068,-3.9798306455832835,-0.03334897670783088,-0.029068056282726507
0.0074,-0.0068,-3.938332239387583,-0.03244693050691913,-0.03034160162677643
0.0075,-0.0068,-3.9106682737069094,-0.03232629565823627,-0.030781987817290225
0.0076,-0.0068,-3.8860047860185056,-0.031659901148976426,-0.032173279882558935
0.0077,-0.0068,-3.8534094938121712,-0.030716745183820116,-0.032569767598642996
0.0078,-0.0068,-3.8239380376229706,-0.02999513963426302,-0.033139825721054145
0.0079,-0.0068,-3.787236787640184,-0.028591028066981855,-0.03349818906308129
0.008,-0.0068,-3.768724615946509,-0.027446910694568297,-0.033231786383041896
0.0081,-0.0068,-3.739871345907714,-0.02588706958729339,-0.032954164641745554
0.0082,-0.0068,-3.713122136952677,-0.024124107587590322,-0.03187511067563452
0.0083,-0.0068,-3.693231545415387,-0.02262225087132639,-0.03110311534627246
0.0084,-0.0068,-3.6739580959868263,-0.020741040465645816,-0.029573535966356607
0.0085,-0.0068,-3.6566332529380854,-0.018532196122054378,-0.027766742244405864
0.0086,-0.0068,-3.6431940002326524,-0.016709884224471987,-0.025758417656140287
0.0087,-0.0068,-3.6313563055453035,-0.014478202282892278,-0.023632582577091995
0.0088,-0.0068,-3.621864700732478,-0.012490045932247387,-0.02103596956863618
0.0089,-0.0068,-3.615777937543138,-0.01034907340635901,-0.018815078861004555
0.009,-0.0068,-3.6117224929452796,-0.008550135173121257,-0.015776004710923303
0.0091,-0.0068,-3.610036739470383,-0.006652920161255924,-0.01276450849727408
0.0092,-0.0068,-3.609724544177703,-0.005049492761670523,-0.010240886094794305
0.0093,-0.0068,-3.610226962910034,-0.00377843009293092,-0.00758320497454306
0.0094,-0.0068,-3.6119530523937784,-0.0026260942118242884,-0.005448165203432376
0.0095,-0.0068,-3.6138245070309023,-0.0017083830334313765,-0.0034458145423107546
0.0096,-0.0068,-3.616030247023284,-0.000992360277553967,-0.0019130154256484415
0.0097,-0.0068,-3.6167597407895675,-0.0005033649067132171,-0.0007807970089795107
0.0098,-0.0068,-3.619538225553121,-0.00014310391319297564,1.550727360799379e-05
0.0099,-0.0068,-3.6229342638390243,-5.863334938052082e-05,0.0003421274756463683
0.01,-0.0068,-3.6276525967017608,0.0,0.0
0.0,-0.0067,-3.4607459906546434,0.0,0.0
0.0001,-0.0067,-3.4602618050985328,-0.00017616821364415812,0.003353473256967549
0.0002,-0.0067,-3.4623742154764168,-0.0005338869215239418,0.006107561594790619
0.0003,-0.0067,-3.4641575744935054,-0.001003322100671027,0.008523325985937026
0.0004,-0.0067,-3.465321207787586,-0.001651364930883368,0.010412293887745797
0.0005,-0.0067,-3.468008485071411,-0.0023326560544515863,0.012063918463145468
0.0006,-0.0067,-3.470468132652988,-0.0031452279304472414,0.0135552601885984
0.0007,-0.0067,-3.4731903084125473,-0.004058888086084809,0.014599971039755175
0.0008,-0.0067,-3.4777842310436324,-0.004811674867098829,0.016069777319092815
0.0009,-0.0067,-3.4824600635262897,-0.005906780375934633,0.01706477651842146
0.001,-0.0067,-3.489141754202281,-0.006825206022803486,0.017908066001812502
0.0011,-0.0067,-3.4955162765435994,-0.007769843002568492,0.018879887606993762
0.0012,-0.0067,-3.5052441057997297,-0.008772182819619657,0.02009026766261516
0.0013000000000000002,-0.0067,-3.5149919594573276,-0.009745358519584676,0.02096671091115906
0.0014,-0.0067,-3.526477173665779,-0.010724787580601948,0.021769730607343864
0.0015,-0.0067,-3.5396763352610416,-0.01174073919818871,0.022474678375303023
0.0016,-0.0067,-3.5552352968642986,-0.012724592266629753,0.02326989140618474
0.0017,-0.0067,-3.5683376240120994,-0.013724356578157813,0.023909511006593512
0.0018,-0.0067,-3.588640039136696,-0.014638543076012495,0.02441463936007822
0.0019,-0.0067,-3.6065211110476247,-0.015692438800686496,0.024896211578445515
0.002,-0.0067,-3.6269811340798404,-0.01660169393035392,0.025153156092596475
0.0021,-0.0067,-3.647714161874284,-0.017497476850720665,0.025571509729875583
0.0022,-0.0067,-3.6687307536399567,-0.01836712839924499,0.0259056185259403
0.0023,-0.0067,-3.6936651503351037,-0.01916076283238541,0.025962436431817816
0.0024,-0.0067,-3.717701339181546,-0.020021503389327365,0.02597490351079383
0.0025,-0.0067,-3.7427693988544557,-0.020797161476275746,0.025712770138738253
0.0026000000000000003,-0.0067,-3.769694325782322,-0.0216021810509378,0.02578724917927105
0.0027,-0.0067,-3.794908026696356,-0.022246633213549694,0.02548366029329681
0.0028,-0.0067,-3.824378955409248,-0.022948292640517995,0.025031542053834035
0.0029,-0.0067,-3.851077217282646,-0.023514954935122113,0.02461561868708988
0.003,-0.0067,-3.877251311067665,-0.024142554868710104,0.024018470637796354
0.0031,-0.0067,-3.9050160717056626,-0.024845001219941543,0.023474865521033464
0.0032,-0.0067,-3.9323267493565006,-0.025282999135253545,0.022560691330502734
0.0033000000000000004,-0.0067,-3.9592472108834458,-0.025656261114294393,0.021778099353427217
0.0034,-0.0067,-3.987975611735249,-0.026181456187200493,0.0207793205093946
0.0034999999999999996,-0.0067,-4.013665418344643,-0.02638599166614602,0.020064088008415144
0.0036,-0.0067,-4.036877165988388,-0.02687081383251585,0.019186674703014668
0.0037,-0.0067,-4.061848486198946,-0.027219963352969046,0.01814682183873193
0.0038,-0.0067,-4.086118567015819,-0.027492863484033833,0.01691416670764365
0.0039,-0.0067,-4.108733246704633,-0.027913108247541882,0.015985780637441778
0.004,-0.0067,-4.127448122431973,-0.027895893358371657,0.014738724562919234
0.0041,-0.0067,-4.1484348036890815,-0.028155111189001353,0.013585374340226783
0.0042,-0.0067,-4.160170457065272,-0.028210431073299114,0.012418037249764974
0.0043,-0.0067,-4.188385738433723,-0.028377585013596808,0.011290467891404005
0.0044,-0.0067,-4.201819897013903,-0.028443925429428637,0.010073726120635111
0.0045,-0.0067,-4.209499352542036,-0.02887959156047118,0.008842560822346902
0.0046,-0.0067,-4.227629991118752,-0.029153181919904483,0.00752895880427337
0.0047,-0.0067,-4.238566934560232,-0.029147745463898225,0.006176678124541745
0.0048,-0.0067,-4.2501308264197055,-0.02923055668859746,0.005085584325625871
0.0049,-0.0067,-4.2550552913815425,-0.028998027762988834,0.0036175396880147844
0.005,-0.0067,-4.268875617742267,-0.029464483948116384,0.0024325993344879396
0.0051,-0.0067,-4.27468060357802,-0.029475793646483707,0.0010836481445649253
0.005200000000000001,-0.0067,-4.28193522069426,-0.029360984768726756,-0.00024902941405274235
0.0053,-0.0067,-4.274179662790456,-0.029992993378738887,-0.001523146149900085
0.0054,-0.0067,-4.261632474059875,-0.030027980377142674,-0.0027606980537744374
0.0055,-0.0067,-4.275990078419152,-0.030098900370005812,-0.004127760883522072
0.0056,-0.0067,-4.275503729818978,-0.029888757199619278,-0.005428688677228193
0.005700000000000001,-0.0067,-4.286655864723708,-0.030173871741026672,-0.006362521739661783
0.0058,-0.0067,-4.278318947407519,-0.030378846105160392,-0.008012047864507254
0.0059,-0.0067,-4.269447691660535,-0.03055621199057991,-0.00970530257461632
0.006,-0.0067,-4.2776027187073264,-0.031094338882219293,-0.010956361437352546
0.0061,-0.0067,-4.211796184256326,-0.0313950772993005,-0.012291034085879733
0.0062,-0.0067,-4.2350748596912435,-0.03132390592320902,-0.013645596420744616
0.0063,-0.0067,-4.204035296177704,-0.03189650648741309,-0.015133443196743618
0.0064,-0.0067,-4.189631393276221,-0.031889865322100586,-0.016087862346209496
0.006499999999999999,-0.0067,-4.214218640956829,-0.03172471540464788,-0.01770308024486237
0.006600000000000001,-0.0067,-4.168716369241501,-0.032004855398325406,-0.019489134058080566
0.0067,-0.0067,-4.153112454264165,-0.032004765493483654,-0.020824104106771033
0.0068,-0.0067,-4.134342821374025,-0.03250301866677693,-0.022283433576408888
0.0069,-0.0067,-4.104125075804772,-0.03228788202445273,-0.023540987946160843
0.006999999999999999,-0.0067,-4.106726788803589,-0.032451063611416885,-0.024957973040274098
0.007100000000000001,-0.0067,-4.066062134545308,-0.03271617235341661,-0.02636648377812735
0.0072,-0.0067,-4.029003377825698,-0.03257516398107634,-0.027893025776024163
0.0073,-0.0067,-4.015924081293662,-0.03238222637102123,-0.029051312282414463
0.0074,-0.0067,-3.978338182440221,-0.03249261582543387,-0.030679237868077885
0.0075,-0.0067,-3.9521410825001193,-0.03167039994981927,-0.03139891756922976
0.0076,-0.0067,-3.9240416428864613,-0.03115661221829287,-0.0326802467018092
0.0077,-0.0067,-3.8884677666950185,-0.030587558525167032,-0.033329117536023405
0.0078,-0.0067,-3.859490216386552,-0.02991055118907754,-0.03401499750849038
0.0079,-0.0067,-3.8268665678565275,-0.028893427054331566,-0.03431248892718347
0.008,-0.0067,-3.7933132513003334,-0.02786991820990837,-0.034568646735154605
0.0081,-0.0067,-3.7687462703938848,-0.02645981666820372,-0.034285693312943455
0.0082,-0.0067,-3.743462144594917,-0.02486830922967413,-0.03382571414972516
0.0083,-0.0067,-3.7174702732684266,-0.023112828449422473,-0.032745996722802706
0.0084,-0.0067,-3.6938362963419364,-0.021349772345759632,-0.03156347119693136
0.0085,-0.0067,-3.6751608686014055,-0.019643940448343757,-0.03038596291971877
0.0086,-0.0067,-3.659355597220827,-0.017394074503845055,-0.028251636225956424
0.0087,-0.0067,-3.644814207337805,-0.015318196119647715,-0.025821858152210272
0.0088,-0.0067,-3.634847842373653,-0.01326332842500423,-0.02325134380429489
0.0089,-0.0067,-3.6253098486332926,-0.011211082741130612,-0.0203773114659097
0.009,-0.0067,-3.6211649176172123,-0.009265055429767376,-0.017430677931005525
0.0091,-0.0067,-3.618303239445345,-0.007294654173564782,-0.014527724639285523
0.0092,-0.0067,-3.617548605052618,-0.005589350682733986,-0.011707346134982375
0.0093,-0.0067,-3.617683595710636,-0.004098731076295302,-0.008793763693672555
0.0094,-0.0067,-3.61920740625139,-0.002874388839047352,-0.0063397276047718835
0.0095,-0.0067,-3.6205291067122984,-0.001889037172197113,-0.004284190851389337
0.0096,-0.0067,-3.623360597915718,-0.0011421661060309998,-0.0025340067450873626
0.0097,-0.0067,-3.6242347536267343,-0.0005878565770014524,-0.0011865465070141873
0.0098,-0.0067,-3.627638409550777,-0.0001651637300874538,-0.00031316479217529975
0.0099,-0.0067,-3.627829038058184,-3.8015516761356235e-05,1.2291987085809136e-06
0.01,-0.0067,-3.6357806434295306,0.0,0.0
0.0,-0.006600000000000001,-3.468150553512577,0.0,0.0
0.0001,-0.006600000000000001,-3.469471013386577,-0.00017798210508386514,0.003599793197051927
0.0002,-0.006600000000000001,-3.4696661294435795,-0.0005062444630426999,0.0065278922034567284
0.0003,-0.006600000000000001,-3.4712790192048333,-0.000996373034032506,0.009050443368903987
0.0004,-0.006600000000000001,-3.474113592441678,-0.0016339915861687954,0.011103396889963741
0.0005,-0.006600000000000001,-3.477315094691955,-0.002348146796413308,0.01285973383371799
0.0006,-0.006600000000000001,-3.4796653971440294,-0.003101476693249592,0.014329476302218714
0.0007,-0.006600000000000001,-3.483128728866338,-0.003998618128704764,0.01562516008055865
0.0008,-0.006600000000000001,-3.48719259672829,-0.0048547388869718475,0.017012751470808524
0.0009,-0.006600000000000001,-3.4922912731749394,-0.00569758065323641,0.017983141151404848
0.001,-0.006600000000000001,-3.4991141658724594,-0.006702015257720278,0.019097717361445155
0.0011,-0.006600000000000001,-3.506594374559638,-0.007646388636009144,0.01998111180058155
0.0012,-0.006600000000000001,-3.5171398305880417,-0.00861565671964936,0.020916372850907666
0.0013000000000000002,-0.006600000000000001,-3.528491637923352,-0.009587215059424435,0.02182546225919521
0.0014,-0.006600000000000001,-3.5398562876689623,-0.010602399452051374,0.02268277082812295
0.0015,-0.006600000000000001,-3.5541002485254807,-0.01153044888408287,0.023511727583668186
0.0016,-0.006600000000000001,-3.5677053919282917,-0.012508520744103246,0.02420557609534538
0.0017,-0.006600000000000001,-3.5877921477286856,-0.013426100312764672,0.024837886068202017
0.0018,-0.006600000000000001,-3.602481577932172,-0.014470975702335671,0.02546939196620921
0.0019,-0.006600000000000001,-3.6234263766749732,-0.015392805372767854,0.025966526300711563
0.002,-0.006600000000000001,-3.6434836404452327,-0.01619031202099538,0.02616717451407773
0.0021,-0.006600000000000001,-3.6683392799738503,-0.017022020425397893,0.026572920160600602
0.0022,-0.006600000000000001,-3.689943428358671,-0.017864574973123035,0.02668090275082079
0.0023,-0.006600000000000001,-3.717736376761057,-0.018774442218170446,0.026904304814420046
0.0024,-0.006600000000000001,-3.741593139993599,-0.019550534973134474,0.026919835320598863
0.0025,-0.006600000000000001,-3.7680529523354944,-0.020321169971223275,0.026590080169532238
0.0026000000000000003,-0.006600000000000001,-3.7937658929415656,-0.021041883427876527,0.02649229746456292
0.0027,-0.006600000000000001,-3.824214190869906,-0.021663557752846698,0.026058494924913935
0.0028,-0.006600000000000001,-3.8491902422233504,-0.022324176554880823,0.025770205937439852
0.0029,-0.006600000000000001,-3.8804393842382128,-0.02289095684417791,0.02522981341950885
0.003,-0.006600000000000001,-3.9080805039953144,-0.023466866615489985,0.02444766777173194
0.0031,-0.006600000000000001,-3.93644854252113,-0.02404050952044394,0.023679390769872053
0.0032,-0.006600000000000001,-3.9632295818330294,-0.024313987594362426,0.023116523619771363
0.0033000000000000004,-0.006600000000000001,-3.990677956244342,-0.02465871541603266,0.022160990344693016
0.0034,-0.006600000000000001,-4.020130156565783,-0.025074238941805944,0.021596540716140672
0.0034999999999999996,-0.006600000000000001,-4.045068537059872,-0.02549313425108612,0.020484430037502506
0.0036,-0.006600000000000001,-4.072610010216532,-0.025771587603746038,0.019433585318992894
0.0037,-0.006600000000000001,-4.094029296637265,-0.026151782510078804,0.01843309493143826
0.0038,-0.006600000000000001,-4.118765555645006,-0.02632344133076017,0.017275209532681395
0.0039,-0.006600000000000001,-4.141189185433872,-0.026723625502207804,0.016025284667336395
0.004,-0.006600000000000001,-4.1597174895361135,-0.026729658105981487,0.015193690481291237
0.0041,-0.006600000000000001,-4.178244422718458,-0.026973527403266015,0.013796382416306725
0.0042,-0.006600000000000001,-4.2032685357426764,-0.026751061960310414,0.012564890703146332
0.0043,-0.006600000000000001,-4.2226491256125565,-0.026990329817017756,0.011429861373890779
0.0044,-0.006600000000000001,-4.233897482883802,-0.027260685928168257,0.009987117447084363
0.0045,-0.006600000000000001,-4.251637870685039,-0.02727611311774042,0.008660572716954314
0.0046,-0.006600000000000001,-4.262117785310156,-0.027729167318173667,0.007659549441224132
0.0047,-0.006600000000000001,-4.278852042527701,-0.02733931589594102,0.006521748809918085
0.0048,-0.006600000000000001,-4.287523297493942,-0.0279204194242747,0.005181386904722391
0.0049,-0.006600000000000001,-4.2932889085861285,-0.027921013294023436,0.0037894124785277775
0.005,-0.006600000000000001,-4.305250174271475,-0.028332335040245918,0.0023855268241888116
0.0051,-0.006600000000000001,-4.307601943314491,-0.028000186228573143,0.0012712696505313627
0.005200000000000001,-0.006600000000000001,-4.316913081285558,-0.028524278825793104,2.3323942891412958e-05
0.0053,-0.006600000000000001,-4.325441906264798,-0.028246186543985266,-0.0013189805382041978
0.0054,-0.006600000000000001,-4.317189100267758,-0.028520716229710166,-0.002596671119717285
0.0055,-0.006600000000000001,-4.3183219107449045,-0.028969953792608718,-0.003973022693779656
0.0056,-0.006600000000000001,-4.293303776109957,-0.028998693818330108,-0.0053145721535793585
0.005700000000000001,-0.006600000000000001,-4.295768280297747,-0.02886147357821689,-0.006664492552614223
0.0058,-0.006600000000000001,-4.28430995592457,-0.029119799082838817,-0.007965165864643166
0.0059,-0.006600000000000001,-4.3087839418170075,-0.02886207845024427,-0.009153701049820967
0.006,-0.006600000000000001,-4.299849467884776,-0.029634522988394713,-0.010402605696085839
0.0061,-0.006600000000000001,-4.274789534926577,-0.029658205068498623,-0.012332970092150874
0.0062,-0.006600000000000001,-4.317651475666058,-0.029656880679558264,-0.013611517338112345
0.0063,-0.006600000000000001,-4.267393996680316,-0.0309897177023579,-0.01465381382331698
0.0064,-0.006600000000000001,-4.257309861576317,-0.030484237981336704,-0.016254946830850884
0.006499999999999999,-0.006600000000000001,-4.232206650928441,-0.031085965165462387,-0.017835068685334698
0.006600000000000001,-0.006600000000000001,-4.208147458509669,-0.030646697385874333,-0.019059451400905682
0.0067,-0.006600000000000001,-4.2188371839088115,-0.03099204577379655,-0.020566908386031188
0.0068,-0.006600000000000001,-4.169696128835495,-0.031558026406409125,-0.02206132602854778
0.0069,-0.006600000000000001,-4.149502931162126,-0.03143133312834791,-0.023556804037190224
0.006999999999999999,-0.006600000000000001,-4.139098514580892,-0.03142755471413301,-0.024801455835008326
0.007100000000000001,-0.006600000000000001,-4.092531277999209,-0.03193592108800657,-0.0264926545780259
0.0072,-0.006600000000000001,-4.073564914996664,-0.03164744857495102,-0.02795143176553518
0.0073,-0.006600000000000001,-4.058255811697088,-0.031692077901541243,-0.029277698840975336
0.0074,-0.006600000000000001,-4.024689317862913,-0.03147030421283502,-0.030847089176658682
0.0075,-0.006600000000000001,-3.9912855460234957,-0.03143451348884346,-0.031711533035445445
0.0076,-0.006600000000000001,-3.96093348110314,-0.03058694445285017,-0.033320159173903297
0.0077,-0.006600000000000001,-3.9256403888838007,-0.030764968473360934,-0.03435916815241911
0.0078,-0.006600000000000001,-3.8964294288986987,-0.03001784729873874,-0.03482395859727443
0.0079,-0.006600000000000001,-3.8708469709501627,-0.029174716686187843,-0.03538041548751805
0.008,-0.006600000000000001,-3.83272219898953,-0.028231846607098154,-0.03574107527941212
0.0081,-0.006600000000000001,-3.801738278861073,-0.026836717346830064,-0.035970651303433764
0.0082,-0.006600000000000001,-3.768465262179012,-0.02541011815726825,-0.03532983410141246
0.0083,-0.006600000000000001,-3.742997631924172,-0.02363379053818269,-0.03436025872949689
0.0084,-0.006600000000000001,-3.7157903400244234,-0.02211646963813436,-0.03307493865868375
0.0085,-0.006600000000000001,-3.694125757247274,-0.02023116354780388,-0.032141087184752525
0.0086,-0.006600000000000001,-3.6768162267598434,-0.01824669064986644,-0.029827907149468782
0.0087,-0.006600000000000001,-3.6614605795838706,-0.016041805814424392,-0.027738282120361675
0.0088,-0.006600000000000001,-3.6494581262648706,-0.01404263051680816,-0.025286795617411307
0.0089,-0.006600000000000001,-3.6387659944455213,-0.011792351774231746,-0.022691338588348483
0.009,-0.006600000000000001,-3.6311754376071903,-0.00978268366380511,-0.019536634224842222
0.0091,-0.006600000000000001,-3.6274598593485847,-0.007920500731547514,-0.016131895798646618
0.0092,-0.006600000000000001,-3.625820974848312,-0.005978313540153692,-0.013102300308598889
0.0093,-0.006600000000000001,-3.6259315389879636,-0.004636561529674585,-0.010247831876291705
0.0094,-0.006600000000000001,-3.6275327299592224,-0.0032307845849443434,-0.007474197975528033
0.0095,-0.006600000000000001,-3.6293031589478684,-0.0021118633613966087,-0.005255363488341273
0.0096,-0.006600000000000001,-3.6307787447897417,-0.001276779968791231,-0.003205789051779064
0.0097,-0.006600000000000001,-3.6322056413963524,-0.000678731361449513,-0.0016667960248115674
0.0098,-0.006600000000000001,-3.6346366355873543,-0.00030523719222012044,-0.0005992293200969621
0.0099,-0.006600000000000001,-3.6351382194004613,-0.00010781969719297565,-0.00011148052459852144
0.01,-0.006600000000000001,-3.6440742042235357,0.0,0.0
0.0,-0.006499999999999999,-3.4777738185191396,0.0,0.0
0.0001,-0.006499999999999999,-3.4792082912666795,-0.0001708679831402476,0.00385079859612583
0.0002,-0.006499999999999999,-3.47822554747747,-0.000493095437364705,0.006965572737191577
0.0003,-0.006499999999999999,-3.4811235091958777,-0.0010012519798018775,0.009650830776085043
0.0004,-0.006499999999999999,-3.4821319236466914,-0.0015880787949102409,0.011720078314909269
0.0005,-0.006499999999999999,-3.4852567382662007,-0.0023143806357958006,0.013550805553570766
0.0006,-0.006499999999999999,-3.4887316646408126,-0.003042179182830568,0.01507509889808646
0.0007,-0.006499999999999999,-3.492942825463357,-0.003911837086377542,0.01639171570291392
0.0008,-0.006499999999999999,-3.497391453433289,-0.0047522502445020475,0.017486210204384064
0.0009,-0.006499999999999999,-3.5033344727311757,-0.005592555694597605,0.018890954041602865
0.001,-0.006499999999999999,-3.510649699515787,-0.006596317690268233,0.019990795204993368
0.0011,-0.006499999999999999,-3.519743364191456,-0.007482831769021231,0.02094661752329959
0.0012,-0.006499999999999999,-3.528837696374207,-0.00846496755802791,0.021913745564145517
0.0013000000000000002,-0.006499999999999999,-3.5397143339343002,-0.009448906461917714,0.022971405485715718
0.0014,-0.006499999999999999,-3.553278776142522,-0.010350948074594642,0.023612800426266452
0.0015,-0.006499999999999999,-3.569542752940584,-0.011312671131199124,0.024476404837290838
0.0016,-0.006499999999999999,-3.5823561360501683,-0.012248484091908624,0.02513882391607979
0.0017,-0.006499999999999999,-3.6018818862606756,-0.013126346871361345,0.02581517780292715
0.0018,-0.006499999999999999,-3.6232915266354087,-0.014031891094207757,0.026315597642337447
0.0019,-0.006499999999999999,-3.6431128352523943,-0.015076783937550168,0.026996641448168657
0.002,-0.006499999999999999,-3.6644145403254558,-0.01571101754748799,0.027151228075147377
0.0021,-0.006499999999999999,-3.687806686240944,-0.016677728449580816,0.027355777842969678
0.0022,-0.006499999999999999,-3.711275133457447,-0.017403613928702117,0.027420348549526977
0.0023,-0.006499999999999999,-3.739298558603655,-0.01821248705660994,0.027556380030971096
0.0024,-0.006499999999999999,-3.764608397039003,-0.018912442632805636,0.02738765429945447
0.0025,-0.006499999999999999,-3.790599192844534,-0.019708498198459542,0.027311274749370493
0.0026000000000000003,-0.006499999999999999,-3.82106933698406,-0.020367143115591103,0.026964982644409982
0.0027,-0.006499999999999999,-3.8499749887165535,-0.021006976100856483,0.02668990338380625
0.0028,-0.006499999999999999,-3.8792344245649653,-0.021501663157276786,0.02629784744252199
0.0029,-0.006499999999999999,-3.9062119874866306,-0.02199254863257756,0.025618066268780895
0.003,-0.006499999999999999,-3.934897205564891,-0.022602737303905097,0.025122583872464934
0.0031,-0.006499999999999999,-3.964868800185909,-0.022951282558560465,0.024150958083805383
0.0032,-0.006499999999999999,-3.992963505958104,-0.023606252393040678,0.023628841659065213
0.0033000000000000004,-0.006499999999999999,-4.0227416338920605,-0.023830230741742404,0.022869378067873078
0.0034,-0.006499999999999999,-4.049030060487349,-0.02420124866996215,0.021834809121862055
0.0034999999999999996,-0.006499999999999999,-4.0776605766059895,-0.024424846639570858,0.0207066685968873
0.0036,-0.006499999999999999,-4.1026828821032195,-0.02463124113858213,0.019722823101791784
0.0037,-0.006499999999999999,-4.128820244677526,-0.024981860228218845,0.018618489738579668
0.0038,-0.006499999999999999,-4.148282088874551,-0.025096670215444455,0.01742576038984529
0.0039,-0.006499999999999999,-4.172057031368955,-0.02547373325806769,0.01650359130398688
0.004,-0.006499999999999999,-4.196267335578751,-0.02526485411829095,0.015094986119054455
0.0041,-0.006499999999999999,-4.216075403288132,-0.025901310576104664,0.01410239431292956
0.0042,-0.006499999999999999,-4.232041411897112,-0.02536992082728456,0.012692967078156453
0.0043,-0.006499999999999999,-4.256368302821442,-0.025723807516649745,0.011469122038723172
0.0044,-0.006499999999999999,-4.272132386795779,-0.0258781424847782,0.01040229984959403
0.0045,-0.006499999999999999,-4.286217516024167,-0.026246734613638956,0.009106195842564797
0.0046,-0.006499999999999999,-4.2996825113337565,-0.026182721938342993,0.007661619651286889
0.0047,-0.006499999999999999,-4.314197784862951,-0.0263786585784972,0.006387679345686851
0.0048,-0.006499999999999999,-4.326820268736344,-0.02661879734130426,0.005095674719240316
0.0049,-0.006499999999999999,-4.331821784636203,-0.026682775041522867,0.003917782966290115
0.005,-0.006499999999999999,-4.332863501810561,-0.026550739471614484,0.002601435732551972
0.0051,-0.006499999999999999,-4.3407203732835375,-0.026846425374482487,0.0012899521915738445
0.005200000000000001,-0.006499999999999999,-4.344125104308356,-0.026902337234078463,0.00010526068470175214
0.0053,-0.006499999999999999,-4.354042239032882,-0.027110920634987046,-0.0011690481460915694
0.0054,-0.006499999999999999,-4.351383218648481,-0.027010376779563208,-0.002472880466706212
0.0055,-0.006499999999999999,-4.35736891002343,-0.027652542420964876,-0.0037939806091143655
0.0056,-0.006499999999999999,-4.357031716535333,-0.027745151616413978,-0.005097617021870721
0.005700000000000001,-0.006499999999999999,-4.3651050532190805,-0.02801355583046802,-0.0066689060177429794
0.0058,-0.006499999999999999,-4.330764556213993,-0.028433738199351213,-0.007985517979034391
0.0059,-0.006499999999999999,-4.322935912628801,-0.02803388206533619,-0.009305802351230434
0.006,-0.006499999999999999,-4.334333352980691,-0.028303543611816737,-0.010563099893993663
0.0061,-0.006499999999999999,-4.320000417701797,-0.02870900474594745,-0.011279952912546793
0.0062,-0.006499999999999999,-4.33137589951934,-0.02893996022748125,-0.01280645758122517
0.0063,-0.006499999999999999,-4.322106006366656,-0.029102266182314308,-0.014705546882204538
0.0064,-0.006499999999999999,-4.307417039001499,-0.02935234307814949,-0.016163611539700237
0.006499999999999999,-0.006499999999999999,-4.271146660588297,-0.029512727438233934,-0.017563466333054462
0.006600000000000001,-0.006499999999999999,-4.258567092463991,-0.02986147671534242,-0.01892300948399115
0.0067,-0.006499999999999999,-4.230747454263702,-0.030033135523735613,-0.02062845847342444
0.0068,-0.006499999999999999,-4.205927450048319,-0.030116459815873464,-0.021813843084390744
0.0069,-0.006499999999999999,-4.21406248667439,-0.030029507589354354,-0.02323307637729154
0.006999999999999999,-0.006499999999999999,-4.173694968809007,-0.03078384312174381,-0.02479507346094273
0.007100000000000001,-0.006499999999999999,-4.128433109892919,-0.030710995356899626,-0.02632801389033598
0.0072,-0.006499999999999999,-4.112879578750491,-0.03061005905868788,-0.027922312506097686
0.0073,-0.006499999999999999,-4.098812915775555,-0.030629713252365066,-0.029278113173602197
0.0074,-0.006499999999999999,-4.067468424995975,-0.03104108860304743,-0.03065572417789339
0.0075,-0.006499999999999999,-4.032363126311038,-0.03022721006896938,-0.03186244581325403
0.0076,-0.006499999999999999,-3.995316087796068,-0.0306647297399755,-0.033448360887361965
0.0077,-0.006499999999999999,-3.96442916363888,-0.0299968366229803,-0.03454287878185235
0.0078,-0.006499999999999999,-3.9317829764005685,-0.029705131890738673,-0.03541595044741384
0.0079,-0.006499999999999999,-3.9026938592815457,-0.029221672829782698,-0.03630832484691551
0.008,-0.006499999999999999,-3.861892079952982,-0.028047294305487087,-0.03682198432200714
0.0081,-0.006499999999999999,-3.833966895627912,-0.027107629797017363,-0.03701639308444456
0.0082,-0.006499999999999999,-3.7942346720591065,-0.026039618804884552,-0.03642047257601843
0.0083,-0.006499999999999999,-3.7705075570188824,-0.02443125641006266,-0.035960989384781754
0.0084,-0.006499999999999999,-3.743639473932275,-0.022606124768892642,-0.034806482489087534
0.0085,-0.006499999999999999,-3.718339360156785,-0.020864181643241247,-0.03390136490219657
0.0086,-0.006499999999999999,-3.6974136159596633,-0.019008843828127633,-0.03183916996284559
0.0087,-0.006499999999999999,-3.678740846997166,-0.01680155804868111,-0.030114423917205764
0.0088,-0.006499999999999999,-3.6642217671680806,-0.014655123755145988,-0.02755473185915759
0.0089,-0.006499999999999999,-3.6507115242335955,-0.012528081696072639,-0.02476564198877751
0.009,-0.006499999999999999,-3.642910272556438,-0.010319046613491523,-0.021792616201795602
0.0091,-0.006499999999999999,-3.6377429406710573,-0.008410486555877351,-0.01830222061734625
0.0092,-0.006499999999999999,-3.635074570320576,-0.006529398974636629,-0.015073176607614284
0.0093,-0.006499999999999999,-3.634396499535042,-0.004875669059414781,-0.012130148277076327
0.0094,-0.006499999999999999,-3.635445330478459,-0.0035111157264457837,-0.008689599240014442
0.0095,-0.006499999999999999,-3.6360628322633732,-0.0023336808502542315,-0.0062331443104650976
0.0096,-0.006499999999999999,-3.6391938452368797,-0.001405227857525706,-0.003991885947560262
0.0097,-0.006499999999999999,-3.6415784871816954,-0.0007568703912957637,-0.0021684451984012045
0.0098,-0.006499999999999999,-3.6414812963949994,-0.0002904630534002751,-0.0008564314740850125
0.0099,-0.006499999999999999,-3.643542385283809,-7.44072800536949e-05,-0.00018535846897771256
0.01,-0.006499999999999999,-3.6419531278307358,0.0,0.0
0.0,-0.0064,-3.488176439000864,0.0,0.0
0.0001,-0.0064,-3.4878522930709583,-0.00016665100475253992,0.004071351519487786
0.0002,-0.0064,-3.489614803766366,-0.00048347980867797586,0.00743177259828014
0.0003,-0.0064,-3.491832581133815,-0.0009445199981940668,0.010162318342848817
0.0004,-0.0064,-3.493038572891203,-0.001499965300953217,0.012406332030738388
0.0005,-0.0064,-3.4963671071088394,-0.0021849779475575453,0.014321518462441916
0.0006,-0.0064,-3.4987738016643237,-0.002969842970710533,0.01590095458482289
0.0007,-0.0064,-3.5031905620242543,-0.003784819405791433,0.017147738357668908
0.0008,-0.0064,-3.5081354245204115,-0.004651110281915391,0.018752719663519678
0.0009,-0.0064,-3.5144540336100096,-0.005520901079568775,0.019932452350460074
0.001,-0.0064,-3.521474927479887,-0.006407552967174975,0.02089824771083325
0.0011,-0.0064,-3.531065214360819,-0.007352869826895314,0.021903474025444458
0.0012,-0.0064,-3.542080985477334,-0.00826321752968674,0.02279552364356054
0.0013000000000000002,-0.0064,-3.5535999696236,-0.009180583404671644,0.02377431972242158
0.0014,-0.0064,-3.5677340395506363,-0.010116157736029441,0.024669570045485298
0.0015,-0.0064,-3.5837052875869784,-0.011008771833230058,0.025416116824070245
0.0016,-0.0064,-3.596953878531478,-0.011921643812609751,0.026097115285844876
0.0017,-0.0064,-3.616774591155422,-0.012765091830850672,0.02665789784818569
0.0018,-0.0064,-3.6392720466384523,-0.013747614468797624,0.027049605223035067
0.0019,-0.0064,-3.66049563585019,-0.014585547530231802,0.02737078164519807
0.002,-0.0064,-3.68629057609085,-0.015356684275762231,0.02784303275971378
0.0021,-0.0064,-3.7079891826490843,-0.016105151058885235,0.02808344882724248
0.0022,-0.0064,-3.732510319082869,-0.01684509886214638,0.028091925015864806
0.0023,-0.0064,-3.758875982571214,-0.017621151327271694,0.028236619190700002
0.0024,-0.0064,-3.7879025498431074,-0.018262680140261157,0.02821763151868427
0.0025,-0.0064,-3.816939769316351,-0.018969117595349475,0.027943273641681234
0.0026000000000000003,-0.0064,-3.8450887335034443,-0.019611469904569724,0.02772090882602716
0.0027,-0.0064,-3.8740759708384287,-0.020174495972746006,0.027338029569607986
0.0028,-0.0064,-3.904013925787219,-0.020718955385385134,0.026808786511351074
0.0029,-0.0064,-3.9351214402780905,-0.021236490014240796,0.026175241904488528
0.003,-0.0064,-3.964941282892104,-0.021614322215096737,0.02543576107535654
0.0031,-0.0064,-3.995661952302272,-0.022191423364516013,0.02481075550751881
0.0032,-0.0064,-4.024797798103782,-0.02248908856867153,0.02395839869971241
0.0033000000000000004,-0.0064,-4.052200723350408,-0.022716478931378563,0.023127106970842137
0.0034,-0.0064,-4.080108811696671,-0.023135886852481972,0.022087743311007962
0.0034999999999999996,-0.0064,-4.109767095231652,-0.023385027515016532,0.02099442859741484
0.0036,-0.0064,-4.132541814713001,-0.0234532850910725,0.019929987787849077
0.0037,-0.0064,-4.1614147993738,-0.02375866776322222,0.01864000241042518
0.0038,-0.0064,-4.185090127793517,-0.024046405009710174,0.017620035010789646
0.0039,-0.0064,-4.207346279514141,-0.024324637865355304,0.016307672097244937
0.004,-0.0064,-4.227721187788179,-0.024314141474697765,0.015342973118640277
0.0041,-0.0064,-4.247033407141355,-0.024183413261553755,0.014104167775265249
0.0042,-0.0064,-4.267929669787207,-0.024700839153232897,0.012878430681131503
0.0043,-0.0064,-4.285901673714514,-0.024822653310922243,0.011573775828590559
0.0044,-0.0064,-4.300335549660124,-0.024601925440808352,0.010464589656201954
0.0045,-0.0064,-4.324849819668407,-0.024636248286954224,0.00911644258995125
0.0046,-0.0064,-4.330975476451359,-0.0249039423925176,0.007858402983301283
0.0047,-0.0064,-4.343618698267548,-0.025033129959305945,0.006632868031091733
0.0048,-0.0064,-4.359451205666459,-0.025213477410703657,0.005293533425641585
0.0049,-0.0064,-4.362078040963488,-0.025085319383912986,0.004019246229356714
0.005,-0.0064,-4.372440428374316,-0.025269407481157524,0.002773559419631645
0.0051,-0.0064,-4.385937528318813,-0.025491556754152746,0.0014686355989861107
0.005200000000000001,-0.0064,-4.389505490341649,-0.025521065018297397,0.0001815170483631461
0.0053,-0.0064,-4.393609194761511,-0.026054903823805875,-0.0010445960789400002
0.0054,-0.0064,-4.389562933897343,-0.025905493400641768,-0.002329558932663632
0.0055,-0.0064,-4.394768251110412,-0.02611312305542672,-0.0036186916603657216
0.0056,-0.0064,-4.395896532124903,-0.026130720583813973,-0.00497766576915453
0.005700000000000001,-0.0064,-4.406575803913602,-0.026050741236300214,-0.0062802270123380605
0.0058,-0.0064,-4.407676081441185,-0.026502009801212846,-0.007569341599193227
0.0059,-0.0064,-4.379326010378948,-0.027206480223480867,-0.008958249275189343
0.006,-0.0064,-4.360468097536978,-0.02741797362794214,-0.010295968475791065
0.0061,-0.0064,-4.374013498543079,-0.027305216645907116,-0.011385274139945485
0.0062,-0.0064,-4.334307787388253,-0.02767798783884335,-0.013073569874223324
0.0063,-0.0064,-4.291966965031523,-0.02741561782416776,-0.014441177328795858
0.0064,-0.0064,-4.309391296615245,-0.027701716013545954,-0.01574648104485318
0.006499999999999999,-0.0064,-4.312954602480753,-0.027993794794873208,-0.017311491913482753
0.006600000000000001,-0.0064,-4.30306162808737,-0.028371457099745857,-0.018690643790827226
0.0067,-0.0064,-4.267835170661309,-0.028791053243163767,-0.020333675072776336
0.0068,-0.0064,-4.253231665526738,-0.028765562040375725,-0.021612191757472518
0.0069,-0.0064,-4.234227033747889,-0.029018374906186785,-0.023220588029901346
0.006999999999999999,-0.0064,-4.211167571358958,-0.0295168661275172,-0.024616326973268904
0.007100000000000001,-0.0064,-4.181043888899079,-0.02963561466638527,-0.026076732169380876
0.0072,-0.0064,-4.16152465869288,-0.029496015394515608,-0.027693021381679436
0.0073,-0.0064,-4.136168230146061,-0.02971666015519773,-0.02923510268145953
0.0074,-0.0064,-4.1016307479516625,-0.030087412106338335,-0.03083402345009977
0.0075,-0.0064,-4.075409211428098,-0.030102688336057844,-0.03223035789781918
0.0076,-0.0064,-4.037773078527978,-0.029769480979578822,-0.0334363949573768
0.0077,-0.0064,-4.0041116780307435,-0.029759427422629138,-0.03489470555462385
0.0078,-0.0064,-3.9717048150525858,-0.02944619368734033,-0.03591563430082416
0.0079,-0.0064,-3.9243884085176406,-0.028882789885928642,-0.036988433105288945
0.008,-0.0064,-3.8916868557592514,-0.02800654701330805,-0.03734862984828802
0.0081,-0.0064,-3.8685728206063446,-0.02707450257227615,-0.037981331915144315
0.0082,-0.0064,-3.8289087178181793,-0.026006671502804418,-0.03796215656607221
0.0083,-0.0064,-3.7899066558199825,-0.02485276773682961,-0.03764336948899606
0.0084,-0.0064,-3.7674005136767725,-0.02324142755455255,-0.036879967781960815
0.0085,-0.0064,-3.7421798825240646,-0.021413735414137686,-0.035424502780490176
0.0086,-0.0064,-3.7158324284816135,-0.019571224515425114,-0.03409053908955457
0.0087,-0.0064,-3.696554787220837,-0.017529002171211262,-0.03200990508204315
0.0088,-0.0064,-3.68003013555059,-0.015462489177320723,-0.029818728706558707
0.0089,-0.0064,-3.664635291139987,-0.01323131963339381,-0.02682225335767299
0.009,-0.0064,-3.6552002801820267,-0.01097159353456089,-0.023782886419562624
0.0091,-0.0064,-3.6491714738253287,-0.008918263549863513,-0.02040355026082113
0.0092,-0.0064,-3.645695943177456,-0.007024351163413459,-0.016706696078887823
0.0093,-0.0064,-3.6440756043918925,-0.005363273179054035,-0.01360698623934597
0.0094,-0.0064,-3.6445597890998704,-0.0038572992198854824,-0.010236461190396694
0.0095,-0.0064,-3.6455278220739253,-0.0026486140871340757,-0.007313590203813794
0.0096,-0.0064,-3.6470750592525154,-0.001574116694477476,-0.004775543504940582
0.0097,-0.0064,-3.6502160178191803,-0.0008624827235751535,-0.0027218102765492504
0.0098,-0.0064,-3.6525620366480327,-0.00033227251492147443,-0.0012177798057387242
0.0099,-0.0064,-3.655830096546813,-9.116628076888702e-05,-0.0002787712458990816
0.01,-0.0064,-3.6543223133509746,0.0,0.0
0.0,-0.0063,-3.4988474737707733,0.0,0.0
0.0001,-0.0063,-3.4992645150503012,-0.00015512379933858606,0.004222534244790947
0.0002,-0.0063,-3.500193574658593,-0.00046330029980046244,0.0077907952247081615
0.0003,-0.0063,-3.502139404470234,-0.0008933712423573724,0.01070039475006898
0.0004,-0.0063,-3.50350214649557,-0.0014730945082877124,0.01310258903840452
0.0005,-0.0063,-3.506604574790158,-0.0021379056220646227,0.015119672490140812
0.0006,-0.0063,-3.5097738058655312,-0.0028325285152733188,0.016840469411395064
0.0007,-0.0063,-3.5146150846560005,-0.0036383265856807043,0.018113705686811834
0.0008,-0.0063,-3.519426659277041,-0.004480440135763696,0.019532129392231198
0.0009,-0.0063,-3.5260788752608136,-0.005397867349083441,0.020841621786481763
0.001,-0.0063,-3.534825840992252,-0.006245277735640338,0.02192891336586116
0.0011,-0.0063,-3.5436426326547847,-0.007137180115501238,0.022768491483753667
0.0012,-0.0063,-3.555431656765789,-0.00801923449162979,0.023810955323937164
0.0013000000000000002,-0.0063,-3.5675751328590746,-0.00891000595609552,0.024647737906245283
0.0014,-0.0063,-3.580941851905465,-0.009774888875766295,0.025537079205533542
0.0015,-0.0063,-3.6004061844769963,-0.010717828588428228,0.026231178344781683
0.0016,-0.0063,-3.6145664604867194,-0.011568680997937335,0.026964501332078197
0.0017,-0.0063,-3.6364445140896646,-0.012388747268100036,0.027517989100060997
0.0018,-0.0063,-3.656115392633064,-0.01331033273474413,0.027948303702305024
0.0019,-0.0063,-3.6796324825103874,-0.013987051133387253,0.028437288009224116
0.002,-0.0063,-3.703447964306768,-0.014796350710742435,0.028669612971664506
0.0021,-0.0063,-3.7283605866515606,-0.0156969160326267,0.02905552437614072
0.0022,-0.0063,-3.7544340428569116,-0.016269894673207913,0.028959700781827215
0.0023,-0.0063,-3.7805358082416043,-0.016968334923435052,0.028942651587375336
0.0024,-0.0063,-3.8098487763585758,-0.017633989616046397,0.029024663927093367
0.0025,-0.0063,-3.8388852686887707,-0.01827319277288011,0.028586089039152385
0.0026000000000000003,-0.0063,-3.871774875804736,-0.018797644134514013,0.02819163960167205
0.0027,-0.0063,-3.901288896875375,-0.019313676229778656,0.027868398371508743
0.0028,-0.0063,-3.9297308169627128,-0.01984956397104694,0.02729702957278812
0.0029,-0.0063,-3.9621958233874977,-0.02022375703074111,0.026532417704770012
0.003,-0.0063,-3.992871918217996,-0.020710096127285037,0.025826341159231173
0.0031,-0.0063,-4.023201140609981,-0.021042559046351387,0.025299558986939648
0.0032,-0.0063,-4.051440744291073,-0.021406626611017752,0.024276805877611357
0.0033000000000000004,-0.0063,-4.082672851873353,-0.021629022246257564,0.02326357849025217
0.0034,-0.0063,-4.111712668325082,-0.021983193498306488,0.022344717707481362
0.0034999999999999996,-0.0063,-4.137047290905367,-0.022208611158342592,0.021358652226444588
0.0036,-0.0063,-4.16557600052491,-0.022292844621959268,0.020142651016946858
0.0037,-0.0063,-4.19221641706552,-0.022579462557762508,0.019047121566071322
0.0038,-0.0063,-4.213598207608126,-0.022500327115663795,0.017897720508342336
0.0039,-0.0063,-4.237510809575362,-0.022618599458819943,0.016669688764045204
0.004,-0.0063,-4.265362791356304,-0.02292166364170446,0.015449105069018521
0.0041,-0.0063,-4.28060651535834,-0.023206538552776313,0.014221908532303386
0.0042,-0.0063,-4.302226558801519,-0.023248929631241217,0.013256963054619554
0.0043,-0.0063,-4.3173120293448966,-0.023411986767034612,0.011881964610752832
0.0044,-0.0063,-4.334604708545727,-0.02326079944741036,0.010431194342786321
0.0045,-0.0063,-4.3514148610054075,-0.02322021617670228,0.009136331167030623
0.0046,-0.0063,-4.365682403343279,-0.023654341290258004,0.007961544698090864
0.0047,-0.0063,-4.379324278907271,-0.02357654179301445,0.006648620225123402
0.0048,-0.0063,-4.389395937811162,-0.023692778371361252,0.005428525646108514
0.0049,-0.0063,-4.399693160683414,-0.023701629276065974,0.004127291651690484
0.005,-0.0063,-4.408402613548493,-0.024040653138104648,0.0028531743774090606
0.0051,-0.0063,-4.412924386364005,-0.023925441143852796,0.0015834454188649806
0.005200000000000001,-0.0063,-4.41760239268399,-0.02408096471524363,0.00031550417934021887
0.0053,-0.0063,-4.423975778429717,-0.024442951767132532,-0.0009074658744527967
0.0054,-0.0063,-4.423121413358355,-0.024320548565264246,-0.0022037336692244595
0.0055,-0.0063,-4.424660213896202,-0.02461419913980067,-0.0034771231984686637
0.0056,-0.0063,-4.419874773890914,-0.024593169264990274,-0.0047637056595716465
0.005700000000000001,-0.0063,-4.41163079704677,-0.0244939570197231,-0.0061091842307160905
0.0058,-0.0063,-4.4078294721283635,-0.024831667952186973,-0.007338220313252152
0.0059,-0.0063,-4.416523104903921,-0.025208892107860877,-0.008554467706262158
0.006,-0.0063,-4.392489070114131,-0.02501065329983176,-0.009837021631434989
0.0061,-0.0063,-4.41949996870818,-0.024833786214911908,-0.011594055241583393
0.0062,-0.0063,-4.411684972001997,-0.026030296298024638,-0.013095721935371034
0.0063,-0.0063,-4.36590142425062,-0.02592620456809845,-0.014307906572224605
0.0064,-0.0063,-4.351115039665244,-0.026479133224519582,-0.01563775426472313
0.006499999999999999,-0.0063,-4.325575601740925,-0.026627706605552366,-0.017021320753871107
0.006600000000000001,-0.0063,-4.327585775440861,-0.026880990953491363,-0.018371464728219256
0.0067,-0.0063,-4.319347246173389,-0.026698381063669965,-0.019923248912313465
0.0068,-0.0063,-4.300300108303091,-0.02744944171640723,-0.02135933591645939
0.0069,-0.0063,-4.271230487811729,-0.02792678818872764,-0.023102104610342625
0.006999999999999999,-0.0063,-4.2441034732999325,-0.02814341068937336,-0.024389198650031627
0.007100000000000001,-0.0063,-4.218859858709196,-0.02826196651629356,-0.02602791253872988
0.0072,-0.0063,-4.205957800418315,-0.028465972070355464,-0.027536814938652166
0.0073,-0.0063,-4.177540587693853,-0.028743730765659215,-0.028978454209651613
0.0074,-0.0063,-4.140514692404732,-0.028880956617702482,-0.030527607804609436
0.0075,-0.0063,-4.106112103350423,-0.02923139522777711,-0.03210499763725958
0.0076,-0.0063,-4.073689422162636,-0.029163602660452467,-0.033855819195827565
0.0077,-0.0063,-4.045483328365644,-0.02883678536304113,-0.03522204822932547
0.0078,-0.0063,-4.01329888148802,-0.028861834294803126,-0.03656086043478709
0.0079,-0.0063,-3.975203935684907,-0.028246378267403883,-0.03731473990791537
0.008,-0.0063,-3.937040188755775,-0.027932470116781263,-0.0382471403234986
0.0081,-0.0063,-3.9261529383538796,-0.026829466908823436,-0.03883911640137062
0.0082,-0.0063,-3.876253289185993,-0.026011141629947984,-0.039021476863410495
0.0083,-0.0063,-3.8298637506665947,-0.024846841774400597,-0.039194629112716955
0.0084,-0.0063,-3.7979050230795597,-0.02340270852641119,-0.0383984722712643
0.0085,-0.0063,-3.766844275687179,-0.021812517430505093,-0.037675308815251676
0.0086,-0.0063,-3.7408644670698736,-0.020066906949470994,-0.03631915091668019
0.0087,-0.0063,-3.7152862012569283,-0.018176350572914734,-0.03392746879794538
0.0088,-0.0063,-3.694925528197084,-0.016081547167371882,-0.03212850036335765
0.0089,-0.0063,-3.6827503842149523,-0.013808306522171417,-0.028936693205678023
0.009,-0.0063,-3.6693905090613246,-0.011718130712880038,-0.025954570156090928
0.0091,-0.0063,-3.6621780415282097,-0.009581416727867572,-0.02226270476972815
0.0092,-0.0063,-3.6563628835664774,-0.007646101551587828,-0.018686585630080153
0.0093,-0.0063,-3.654002605238867,-0.0056391513100095625,-0.015269082744673408
0.0094,-0.0063,-3.6539260461971526,-0.004103054368539763,-0.011538261543489062
0.0095,-0.0063,-3.655466713849788,-0.0028004865692819116,-0.00846067455121001
0.0096,-0.0063,-3.657429335015183,-0.0017279060018803348,-0.0057017755390694445
0.0097,-0.0063,-3.659926001190544,-0.0009574672401848832,-0.003349264674690443
0.0098,-0.0063,-3.6621988721790513,-0.00044588652927467047,-0.0016100557639821722
0.0099,-0.0063,-3.663375295437671,-0.0001490560438763348,-0.0005106047727986598
0.01,-0.0063,-3.661685761864575,0.0,0.0
0.0,-0.0062,-3.509951541739816,0.0,0.0
0.0001,-0.0062,-3.508979436701973,-0.0001526728765067279,0.004449273391919107
0.0002,-0.0062,-3.5116596849852084,-0.0004338621213034178,0.008117732438966312
0.0003,-0.0062,-3.5131539134341474,-0.000880672465579134,0.0111857569203365
0.0004,-0.0062,-3.5147054476637263,-0.0013925333006655017,0.013733677573094648
0.0005,-0.0062,-3.517778264512752,-0.002034493139347977,0.015904964460674836
0.0006,-0.0062,-3.520865657959681,-0.0027704799674420156,0.017319347288872508
0.0007,-0.0062,-3.5258373863915633,-0.0035592776419502065,0.018892712272315752
0.0008,-0.0062,-3.5311337907755327,-0.004346249370922954,0.02012873276727303
0.0009,-0.0062,-3.539133367400627,-0.005169587821950302,0.021422477239660127
0.001,-0.0062,-3.546883894613573,-0.006038316332328275,0.022797628767013196
0.0011,-0.0062,-3.5571553943902945,-0.006865845438720575,0.023787694544808176
0.0012,-0.0062,-3.569943158912742,-0.007736003711083812,0.02461345566070914
0.0013000000000000002,-0.0062,-3.581190247119567,-0.008585812036498294,0.025559989829700803
0.0014,-0.0062,-3.5983529311389875,-0.00944415877115614,0.02639359839792653
0.0015,-0.0062,-3.6141350373889023,-0.010290959469452793,0.027113635573500862
0.0016,-0.0062,-3.6340696996155466,-0.011167529981878185,0.02785872000768467
0.0017,-0.0062,-3.654223176063366,-0.011900024106487739,0.028241675099879328
0.0018,-0.0062,-3.6740002845600936,-0.012731659704844762,0.02891847775751464
0.0019,-0.0062,-3.697424152466584,-0.013451488180849342,0.029139396282179847
0.002,-0.0062,-3.7229974771283447,-0.014269254571620399,0.029608681687089047
0.0021,-0.0062,-3.7507006846592774,-0.014851191234007778,0.029755994435945878
0.0022,-0.0062,-3.7763254816372234,-0.015622321070274997,0.029616497526872933
0.0023,-0.0062,-3.8055229067309018,-0.016273689367712105,0.029709709162375503
0.0024,-0.0062,-3.833982466595899,-0.01688727908654314,0.029555986714512733
0.0025,-0.0062,-3.862127310631432,-0.017486036392796403,0.029138274442911144
0.0026000000000000003,-0.0062,-3.8949424171395854,-0.017975574703352575,0.028817665990784308
0.0027,-0.0062,-3.925739287455308,-0.018396536204625186,0.02837474814999992
0.0028,-0.0062,-3.9564838735792534,-0.01898511539306231,0.027822653207569326
0.0029,-0.0062,-3.989884863079529,-0.01917892159454793,0.027070385575303044
0.003,-0.0062,-4.020405883880755,-0.019660804066829907,0.026416515338197877
0.0031,-0.0062,-4.050561523172213,-0.019943003896082025,0.025360403024376567
0.0032,-0.0062,-4.080653369441242,-0.02036131345468304,0.024402164158347475
0.0033000000000000004,-0.0062,-4.108769185897166,-0.020534308116543783,0.023691872027887566
0.0034,-0.0062,-4.140910700116307,-0.020884385943787442,0.02253447732591948
0.0034999999999999996,-0.0062,-4.167937454161983,-0.02110695767359257,0.02151339384632056
0.0036,-0.0062,-4.193870253072671,-0.02114053716711935,0.020261347242253615
0.0037,-0.0062,-4.221951790550461,-0.02131370547719671,0.01906638658263588
0.0038,-0.0062,-4.244417599806252,-0.021344201989611747,0.017815570494488463
0.0039,-0.0062,-4.26676484909891,-0.021444246646765558,0.016941563322709182
0.004,-0.0062,-4.289525876345977,-0.021746428252294572,0.015643991536076436
0.0041,-0.0062,-4.308771886446363,-0.021738568778351904,0.014183266200425294
0.0042,-0.0062,-4.3331201038049505,-0.021852025182427015,0.013148496242462655
0.0043,-0.0062,-4.349904417632551,-0.021892408477386938,0.011892821144070528
0.0044,-0.0062,-4.371449372271062,-0.0220404915672708,0.010512829644744894
0.0045,-0.0062,-4.384601935964506,-0.021836201215502112,0.009190505257084638
0.0046,-0.0062,-4.398998039818221,-0.022150854670397704,0.008033946601513546
0.0047,-0.0062,-4.411559584068485,-0.022347935231912242,0.00679288582857707
0.0048,-0.0062,-4.421118262267594,-0.022193658013839938,0.005465869884854625
0.0049,-0.0062,-4.431269425578975,-0.022396423675848143,0.0042502439744855096
0.005,-0.0062,-4.4376209766576515,-0.022575356943102115,0.0028770557061407946
0.0051,-0.0062,-4.4430514990988605,-0.022530936762332886,0.0015829050490085645
0.005200000000000001,-0.0062,-4.442814760557119,-0.022191263737849125,0.000432704337054159
0.0053,-0.0062,-4.450155329540379,-0.0225368795786324,-0.0008438001210505316
0.0054,-0.0062,-4.453961499922373,-0.022380731130166545,-0.0021610207562490643
0.0055,-0.0062,-4.447139885605752,-0.022999776431882276,-0.0034143556909638157
0.0056,-0.0062,-4.4503939975460955,-0.023078049007456282,-0.0046601719451913595
0.005700000000000001,-0.0062,-4.440823736030752,-0.023259138147404712,-0.00592703765893638
0.0058,-0.0062,-4.437279263812608,-0.02367696527936516,-0.007257579452619842
0.0059,-0.0062,-4.426404188775402,-0.023426844279113415,-0.008573560854271963
0.006,-0.0062,-4.437080759611381,-0.02328869076646689,-0.009809168148326745
0.0061,-0.0062,-4.4385769189192485,-0.02355030723973698,-0.01112600293075796
0.0062,-0.0062,-4.418518954746836,-0.02368150040638364,-0.01237442039608798
0.0063,-0.0062,-4.435596063878065,-0.02403248700041205,-0.013863529104587309
0.0064,-0.0062,-4.418008193379357,-0.024697608882623904,-0.015266263776210222
0.006499999999999999,-0.0062,-4.380465307340127,-0.02498875000413054,-0.016712810698806157
0.006600000000000001,-0.0062,-4.362781675372571,-0.02520452515310714,-0.01828559713065342
0.0067,-0.0062,-4.340996232939737,-0.025746838312405564,-0.01972841217103575
0.0068,-0.0062,-4.334572011175989,-0.025974153903695188,-0.021080814904425454
0.0069,-0.0062,-4.310786387897566,-0.02647270860892305,-0.022651191585767623
0.006999999999999999,-0.0062,-4.282081069028841,-0.026772169699015393,-0.0242533524221049
0.007100000000000001,-0.0062,-4.261845781405551,-0.02691912307229288,-0.025741680517654644
0.0072,-0.0062,-4.238177490088401,-0.027336004650607804,-0.027362014931727182
0.0073,-0.0062,-4.208480110844668,-0.027493087364788706,-0.028741457410558904
0.0074,-0.0062,-4.179982938667819,-0.02793492442784188,-0.030510949914291915
0.0075,-0.0062,-4.144236890109936,-0.028131173468710004,-0.032062498579920655
0.0076,-0.0062,-4.107869372900114,-0.028072024829453125,-0.033685501082406866
0.0077,-0.0062,-4.0713946956854565,-0.028266713637704183,-0.03543434534510159
0.0078,-0.0062,-4.044892972089893,-0.02780742965015904,-0.03648373553206379
0.0079,-0.0062,-4.0058965456393585,-0.027938412001710645,-0.0376539517421372
0.008,-0.0062,-3.979609863675724,-0.02725773329606079,-0.0389990348007353
0.0081,-0.0062,-3.9392812435164513,-0.026416554227098262,-0.03981351465618786
0.0082,-0.0062,-3.882887992807608,-0.026042837790325353,-0.040515191341109896
0.0083,-0.0062,-3.863185372709514,-0.025097214891393563,-0.040412979889696665
0.0084,-0.0062,-3.832457253924705,-0.023659023311086342,-0.03995383090950432
0.0085,-0.0062,-3.79468958196764,-0.022171859221075015,-0.039201929435724085
0.0086,-0.0062,-3.7647947647872604,-0.020359909943407434,-0.03774959184727949
0.0087,-0.0062,-3.740324506965631,-0.01847584268357412,-0.03655726282145451
0.0088,-0.0062,-3.718986023368426,-0.016729596170021288,-0.033536095161555535
0.0089,-0.0062,-3.702149900206231,-0.014380028129690178,-0.031217036147088907
0.009,-0.0062,-3.684260776621376,-0.012302101993196358,-0.027820203378778937
0.0091,-0.0062,-3.674814914798037,-0.01011687972615483,-0.024323379793382872
0.0092,-0.0062,-3.6687065983986056,-0.007991842553704262,-0.020807634094537758
0.0093,-0.0062,-3.665210262825724,-0.006195203620018574,-0.017059240930289776
0.0094,-0.0062,-3.66415849942278,-0.004433008874759634,-0.013170198421791613
0.0095,-0.0062,-3.664812096361037,-0.0029776231671931894,-0.009597681690739194
0.0096,-0.0062,-3.667458507589607,-0.001904407002275434,-0.006604089937758287
0.0097,-0.0062,-3.6699241872201394,-0.001053071752825955,-0.0040315578433446474
0.0098,-0.0062,-3.6723508665857962,-0.000472666970170784,-0.002019099736316938
0.0099,-0.0062,-3.6745601948260913,-0.0001455700642437103,-0.000648074168118431
0.01,-0.0062,-3.676013715833962,0.0,0.0
0.0,-0.0061,-3.5210223210394567,0.0,0.0
0.0001,-0.0061,-3.520982032641382,-0.00013908054480917358,0.004811171337905706
0.0002,-0.0061,-3.5229108871077774,-0.0004032324511369691,0.008408171080446827
0.0003,-0.0061,-3.5247517595727147,-0.0008099740239701595,0.011740519742536962
0.0004,-0.0061,-3.5263474734384013,-0.0013513634479286642,0.01425728538740726
0.0005,-0.0061,-3.5294745352196952,-0.0019342402075639004,0.016467583985956265
0.0006,-0.0061,-3.532542408259087,-0.0026463063527950356,0.018206935812059927
0.0007,-0.0061,-3.537725140986967,-0.0033903886405779204,0.019832166213233
0.0008,-0.0061,-3.5436734600182054,-0.004125223609992033,0.021116836471028834
0.0009,-0.0061,-3.5515687609745847,-0.004960010672703159,0.02251635849614696
0.001,-0.0061,-3.559288687959599,-0.005779646742925874,0.0237035213272159
0.0011,-0.0061,-3.5693806362628395,-0.006594557301857498,0.024477290617637877
0.0012,-0.0061,-3.583144677819602,-0.007436141956624787,0.02546145394987991
0.0013000000000000002,-0.0061,-3.5973749350393667,-0.00824383592331002,0.02644497056972457
0.0014,-0.0061,-3.6127819838304562,-0.009060861781556549,0.027208553905546353
0.0015,-0.0061,-3.6303746084509454,-0.009855453201983189,0.02792920316828758
0.0016,-0.0061,-3.6500422557093724,-0.010611110854874171,0.028493741762758852
0.0017,-0.0061,-3.672019270102096,-0.011382268923066631,0.029248120302884564
0.0018,-0.0061,-3.694421954334062,-0.01216240538012311,0.029721421244287186
0.0019,-0.0061,-3.718962294914738,-0.012876383188241209,0.029913347083443505
0.002,-0.0061,-3.74251160076793,-0.013575798094684122,0.030221356876559954
0.0021,-0.0061,-3.768647236445696,-0.014233165961480582,0.03021494395296208
0.0022,-0.0061,-3.799572210339092,-0.014906124471602401,0.03043543552947628
0.0023,-0.0061,-3.8250479684392005,-0.015468164114838779,0.030154933028482385
0.0024,-0.0061,-3.8575632873404873,-0.01605637351982252,0.03012574873345806
0.0025,-0.0061,-3.890425805004024,-0.016535173711288265,0.02982539793337359
0.0026000000000000003,-0.0061,-3.9187227618632643,-0.017115072999947332,0.02933341314271093
0.0027,-0.0061,-3.952269138274387,-0.017577140013105317,0.028717061554420654
0.0028,-0.0061,-3.9830691073896043,-0.017873240276121104,0.02810762261455728
0.0029,-0.0061,-4.015776290293976,-0.01829425561522035,0.027432718249448613
0.003,-0.0061,-4.047065528230146,-0.018622184697699457,0.02661097126739044
0.0031,-0.0061,-4.076330719564083,-0.01897695361310664,0.02586505025787558
0.0032,-0.0061,-4.1083332453090735,-0.01919743298858536,0.024885326703658013
0.0033000000000000004,-0.0061,-4.140482073220481,-0.019390486674785865,0.02380457355132991
0.0034,-0.0061,-4.1669936760803425,-0.019602916636545606,0.022846728344293955
0.0034999999999999996,-0.0061,-4.196432941227377,-0.019742192679303446,0.021662979704997094
0.0036,-0.0061,-4.222052206268562,-0.019941540380097534,0.020255154791860963
0.0037,-0.0061,-4.249677826308303,-0.020058960948623375,0.019236980812961005
0.0038,-0.0061,-4.273967737289883,-0.02012906146829819,0.018071913925850842
0.0039,-0.0061,-4.293687019179365,-0.020077327640437483,0.016699078790225735
0.004,-0.0061,-4.320103238984262,-0.020235729128516528,0.015681359892708534
0.0041,-0.0061,-4.345000641584136,-0.020444248271928603,0.014286784927658404
0.0042,-0.0061,-4.362637082950824,-0.0203185498994074,0.013246101593060234
0.0043,-0.0061,-4.3799000383574285,-0.020671663492403264,0.011827530759644043
0.0044,-0.0061,-4.397717112434784,-0.020462069568489893,0.01066796198200335
0.0045,-0.0061,-4.412077628765524,-0.02051850041668111,0.009401351632911205
0.0046,-0.0061,-4.423153081687691,-0.02076360244733822,0.008114598419460847
0.0047,-0.0061,-4.436255308701216,-0.021049579515697695,0.006787751851575316
0.0048,-0.0061,-4.447725881317214,-0.02072320476849791,0.005544635009993276
0.0049,-0.0061,-4.454673321593542,-0.021048675325712092,0.004194347633617961
0.005,-0.0061,-4.465878790911821,-0.020879146363024095,0.003173207538264779
0.0051,-0.0061,-4.473555878292869,-0.02107665622006269,0.0017619888629907413
0.005200000000000001,-0.0061,-4.4709216697671055,-0.02154624132087903,0.0005089063676076703
0.0053,-0.0061,-4.476620243345587,-0.02114394795789874,-0.0007530694466321968
0.0054,-0.0061,-4.47414228387291,-0.020811007125523803,-0.001956983820722794
0.0055,-0.0061,-4.482561650808355,-0.02140459112804667,-0.0032504807513812576
0.0056,-0.0061,-4.474766579432578,-0.021296016157384617,-0.004490698703306277
0.005700000000000001,-0.0061,-4.474534082922776,-0.02171812240948029,-0.0057372840602611845
0.0058,-0.0061,-4.469358218699612,-0.02215599896868216,-0.007018067554262539
0.0059,-0.0061,-4.470020092490195,-0.022464827190541048,-0.008337113400603493
0.006,-0.0061,-4.469323456078666,-0.022745204688991646,-0.009713802350570436
0.0061,-0.0061,-4.454173082193316,-0.02281215369380543,-0.011020536219825034
0.0062,-0.0061,-4.426022378340137,-0.022938986222031506,-0.012295023471927735
0.0063,-0.0061,-4.42507070280536,-0.022644588735521012,-0.013513317218869732
0.0064,-0.0061,-4.436662304768906,-0.022932205098098474,-0.014865105246448638
0.006499999999999999,-0.0061,-4.434960018856415,-0.023517691426789847,-0.016259446376616634
0.006600000000000001,-0.0061,-4.410438364087024,-0.02415368513269203,-0.017976492040738087
0.0067,-0.0061,-4.377168522961436,-0.024410458890243077,-0.019172491349627143
0.0068,-0.0061,-4.360073748044595,-0.02458218317204442,-0.020780653445084382
0.0069,-0.0061,-4.331450670534498,-0.0250208193301674,-0.022208658580868342
0.006999999999999999,-0.0061,-4.324718115253844,-0.025270967623051113,-0.023677625615285372
0.007100000000000001,-0.0061,-4.299664980835718,-0.02543576489083965,-0.025483572647129107
0.0072,-0.0061,-4.276228645210515,-0.026044986079502244,-0.027029963413159937
0.0073,-0.0061,-4.241266020137739,-0.026564364731356916,-0.028463502710181304
0.0074,-0.0061,-4.213684261500633,-0.026444993158472485,-0.03021557945786442
0.0075,-0.0061,-4.187736045140558,-0.026838706447111983,-0.031943236341632174
0.0076,-0.0061,-4.151348764086553,-0.02710812064879774,-0.033567537367476454
0.0077,-0.0061,-4.115677721358304,-0.027135668825810283,-0.03487756832919582
0.0078,-0.0061,-4.0806191484769885,-0.02705045553469452,-0.03673787216949841
0.0079,-0.0061,-4.041082135899454,-0.026856150476655072,-0.03806627686094871
0.008,-0.0061,-3.9984448953126273,-0.027046922168128807,-0.03948915064432199
0.0081,-0.0061,-3.9647405050189346,-0.026220147003636108,-0.040126962568106786
0.0082,-0.0061,-3.926835023460221,-0.025569575415037227,-0.040744035492670375
0.0083,-0.0061,-3.8664177107165063,-0.02468648908436612,-0.041291888193769055
0.0084,-0.0061,-3.8349741233964085,-0.023770069661765772,-0.04110274903449965
0.0085,-0.0061,-3.808372832732182,-0.022433251474158866,-0.040931804722473174
0.0086,-0.0061,-3.793139260614505,-0.02063878678310512,-0.039968940582512914
0.0087,-0.0061,-3.7653040221730505,-0.019006343362416873,-0.038216130583064355
0.0088,-0.0061,-3.7396822325349004,-0.017091595977998756,-0.03601773927979699
0.0089,-0.0061,-3.7169712450604213,-0.015015008296149344,-0.03348666247847088
0.009,-0.0061,-3.702171758660441,-0.012709090198415318,-0.03025533916243769
0.0091,-0.0061,-3.6894293777268823,-0.010612772009747548,-0.026611215539132135
0.0092,-0.0061,-3.682031499932548,-0.008730030397710314,-0.02267114000867453
0.0093,-0.0061,-3.677310916862446,-0.006484534335579791,-0.018750285818423702
0.0094,-0.0061,-3.6753668301659235,-0.004717850652296141,-0.014921703985038831
0.0095,-0.0061,-3.676284382908253,-0.0032754748821777788,-0.010940737349771933
0.0096,-0.0061,-3.6781862180651106,-0.002066703355024732,-0.007731048977245078
0.0097,-0.0061,-3.6801582015945313,-0.0011521923174655953,-0.004727083248813245
0.0098,-0.0061,-3.683073763021005,-0.0005223531292830243,-0.0024894995975000426
0.0099,-0.0061,-3.6851746040434383,-0.00015801519776451083,-0.0008811375985653156
0.01,-0.0061,-3.687151947364428,0.0,0.0
0.0,-0.006,-3.5335037147895942,0.0,0.0
0.0001,-0.006,-3.5341067275667224,-0.0001286077765976937,0.004791289470454982
0.0002,-0.006,-3.5348874339832856,-0.0003770481067775914,0.008951537616290462
0.0003,-0.006,-3.537172254799898,-0.0007484252924010829,0.012263878825826587
0.0004,-0.006,-3.538149603169132,-0.001255785392681674,0.01478391578176175
0.0005,-0.006,-3.5411252239047064,-0.0018194724463442267,0.017030138370883154
0.0006,-0.006,-3.544968221760067,-0.002483900306985458,0.018960377398897863
0.0007,-0.006,-3.549604729875681,-0.0031973924958305453,0.020679334301801397
0.0008,-0.006,-3.5565371445747656,-0.003953419527851817,0.02175140806872386
0.0009,-0.006,-3.563731179638891,-0.004704902973729084,0.023146374428979172
0.001,-0.006,-3.5733921142735494,-0.005501737150582871,0.024342943827591505
0.0011,-0.006,-3.5834691665438445,-0.006280474501211286,0.025247892551699944
0.0012,-0.006,-3.5969573860911375,-0.0070522484395708325,0.02629290833348771
0.0013000000000000002,-0.006,-3.6113781168659385,-0.007854867950334141,0.02724523328800771
0.0014,-0.006,-3.6268910744283698,-0.008627644468550452,0.028016008908476043
0.0015,-0.006,-3.6461090146503294,-0.009403118497589597,0.0287840549370378
0.0016,-0.006,-3.66715326643075,-0.010141424663225068,0.029360406824991764
0.0017,-0.006,-3.6877463122257095,-0.010920248101780751,0.02987130940803765
0.0018,-0.006,-3.71139331611166,-0.011586836869108887,0.030188538574925358
0.0019,-0.006,-3.7350419856471095,-0.012312995291994243,0.0307594287633038
0.002,-0.006,-3.763456129890384,-0.012930983635984637,0.030798477099830725
0.0021,-0.006,-3.7909968964933287,-0.013564050175887441,0.0308827343455549
0.0022,-0.006,-3.8179859090135064,-0.014127917589401174,0.031045745621705347
0.0023,-0.006,-3.8479393222548497,-0.014684150710052614,0.030907670036404506
0.0024,-0.006,-3.877153652279752,-0.0152350441086576,0.03065511988139623
0.0025,-0.006,-3.91003501449249,-0.01565900395278492,0.030275596571557928
0.0026000000000000003,-0.006,-3.942955678723368,-0.01614093577901678,0.029766675559386585
0.0027,-0.006,-3.9752422453469762,-0.01661124998203342,0.029058152458394482
0.0028,-0.006,-4.006591982730164,-0.016937098112949713,0.02867561651914771
0.0029,-0.006,-4.039806896033167,-0.01727154549001021,0.027733178847957837
0.003,-0.006,-4.071630252791165,-0.01755297291370443,0.026845092314411925
0.0031,-0.006,-4.10204111468961,-0.01777475937821458,0.026038948272439157
0.0032,-0.006,-4.136038172802952,-0.01798617724871241,0.02485973717291079
0.0033000000000000004,-0.006,-4.165534535445017,-0.018251862826015843,0.024023971694331566
0.0034,-0.006,-4.194393685580837,-0.01832046488260085,0.022888372417204532
0.0034999999999999996,-0.006,-4.222137585238361,-0.018552712409420948,0.021767695908689128
0.0036,-0.006,-4.249246060287808,-0.018755884002217,0.02060687445978193
0.0037,-0.006,-4.27313845038756,-0.01873269737012882,0.019418602515072755
0.0038,-0.006,-4.303207334782882,-0.018825945178085102,0.017989802983890895
0.0039,-0.006,-4.323201043367192,-0.018960438978837254,0.016992701013213426
0.004,-0.006,-4.348144795249911,-0.018975455977874034,0.015679104363546827
0.0041,-0.006,-4.364974623395726,-0.019107963238962102,0.01450141557064755
0.0042,-0.006,-4.386239888595234,-0.019133867910545336,0.013141961165687489
0.0043,-0.006,-4.4073562754814235,-0.01912707201899899,0.01183410072625899
0.0044,-0.006,-4.41922974071647,-0.019096514743395854,0.010771970121177019
0.0045,-0.006,-4.435784312211883,-0.019041105206721094,0.00926033454715513
0.0046,-0.006,-4.451569856905025,-0.01946281697665448,0.008211634297496684
0.0047,-0.006,-4.46505221389785,-0.019378047458062927,0.0068777246563374896
0.0048,-0.006,-4.4700977723535225,-0.019409406796222717,0.005662857988965314
0.0049,-0.006,-4.482902146904398,-0.019436782088856158,0.004353042698102684
0.005,-0.006,-4.494565802638482,-0.01911846975791037,0.002989191480445321
0.0051,-0.006,-4.50179311994602,-0.019692662021984306,0.0017655962271393988
0.005200000000000001,-0.006,-4.506320465310839,-0.019519542787493877,0.0006160235256160531
0.0053,-0.006,-4.500559600238402,-0.019661305149052597,-0.0006825488905874214
0.0054,-0.006,-4.499245753069996,-0.019571703916785678,-0.001870820591727647
0.0055,-0.006,-4.503667749478958,-0.020084779652928215,-0.003157445173168391
0.0056,-0.006,-4.507808021524177,-0.020274671257129513,-0.004393424862755336
0.005700000000000001,-0.006,-4.504055743830018,-0.01995267507214335,-0.005678953762658031
0.0058,-0.006,-4.5090134723197774,-0.020204145323110986,-0.006944369222599539
0.0059,-0.006,-4.502668314395973,-0.020836431026102734,-0.00824007530571317
0.006,-0.006,-4.501483617346847,-0.021361991961855013,-0.009547729396947627
0.0061,-0.006,-4.489396980216552,-0.021211118772069507,-0.0108484724114187
0.0062,-0.006,-4.469544221647948,-0.021533055300754524,-0.011883500719970014
0.0063,-0.006,-4.453596674647331,-0.02197434374188055,-0.01340722271609211
0.0064,-0.006,-4.433671278929388,-0.02186189339052416,-0.014794449380471026
0.006499999999999999,-0.006,-4.434892218971337,-0.021980623615367945,-0.0159480328844827
0.006600000000000001,-0.006,-4.434629501536377,-0.022283188734902943,-0.01752350338847815
0.0067,-0.006,-4.423142463461215,-0.022611633562046523,-0.018705476959733815
0.0068,-0.006,-4.396467295380835,-0.023268471466984474,-0.020453635660193266
0.0069,-0.006,-4.366751437526531,-0.023795328624424288,-0.021732133916125038
0.006999999999999999,-0.006,-4.3492774055026295,-0.023880022931319207,-0.023391098415047436
0.007100000000000001,-0.006,-4.3323599660971555,-0.02432500526053956,-0.02494122916813605
0.0072,-0.006,-4.309062920447847,-0.024616148427632985,-0.026544033854634178
0.0073,-0.006,-4.280764897980796,-0.024929359334383554,-0.028261866396281754
0.0074,-0.006,-4.249342551188136,-0.02552220976648789,-0.03009383450811226
0.0075,-0.006,-4.218823012374691,-0.02570407211841288,-0.03173503847291825
0.0076,-0.006,-4.188894875471507,-0.02600069500930254,-0.033177519232376634
0.0077,-0.006,-4.160816232595991,-0.026067760344536273,-0.03509783052259992
0.0078,-0.006,-4.129732002035603,-0.026359717188920842,-0.0365888701421577
0.0079,-0.006,-4.0877352295235365,-0.026208047242554877,-0.038227651258916265
0.008,-0.006,-4.041171234080982,-0.02611445794986978,-0.03929653936735964
0.0081,-0.006,-3.9942276795300433,-0.025980290949740237,-0.040545683796029235
0.0082,-0.006,-3.9818798557254587,-0.02539518911059766,-0.0413766714792376
0.0083,-0.006,-3.9350461551708293,-0.024623487414333203,-0.042195063848487854
0.0084,-0.006,-3.908158525655252,-0.023857540258354126,-0.042726902937489916
0.0085,-0.006,-3.9034653534080235,-0.02265375583678242,-0.04210135144255657
0.0086,-0.006,-3.8224184955749134,-0.021059401962969685,-0.041385252082821816
0.0087,-0.006,-3.783868367186546,-0.01920703663169077,-0.03989944275564026
0.0088,-0.006,-3.7516213521972444,-0.01747895098686029,-0.03769860013372188
0.0089,-0.006,-3.7356856728927244,-0.015620691374773926,-0.03500427690964116
0.009,-0.006,-3.720192289691839,-0.013219130101580318,-0.032276732053657886
0.0091,-0.006,-3.7049938014554225,-0.011207815229102767,-0.028689556574410264
0.0092,-0.006,-3.695399524044503,-0.008915182287605536,-0.02497532467042295
0.0093,-0.006,-3.69059230567937,-0.00694300572927588,-0.02004562302174589
0.0094,-0.006,-3.6879915259914444,-0.005106789450444012,-0.016505254321083903
0.0095,-0.006,-3.687793918538052,-0.003557864125965876,-0.01237072759260116
0.0096,-0.006,-3.690302918566812,-0.002252449492203711,-0.008961503765648323
0.0097,-0.006,-3.691151849162982,-0.0012650334333984524,-0.005522750152767575
0.0098,-0.006,-3.695483600447937,-0.0005726211775361874,-0.0029890432452651682
0.0099,-0.006,-3.696360984716384,-0.00017711998286474868,-0.0011194839345001033
0.01,-0.006,-3.6980997995395377,0.0,0.0
0.0,-0.0059,-3.545826132190302,0.0,0.0
0.0001,-0.0059,-3.546541679059741,-0.00011308069814255612,0.005078320237326861
0.0002,-0.0059,-3.5461717646398085,-0.0003506553569243829,0.009143666457121977
0.0003,-0.0059,-3.548177362426363,-0.0006888826021026265,0.012670927682647876
0.0004,-0.0059,-3.5506348431991137,-0.0011783633561979262,0.015322013981047959
0.0005,-0.0059,-3.553405215613096,-0.0017155799630495534,0.017599286560280928
0.0006,-0.0059,-3.5574454238071196,-0.002332675382942672,0.019534132088161252
0.0007,-0.0059,-3.5623951856896507,-0.0029869217046069488,0.021320033350488654
0.0008,-0.0059,-3.56881125124458,-0.0037072820707143234,0.022502629851304398
0.0009,-0.0059,-3.5769674996945,-0.0044380995121805645,0.023822911398855597
0.001,-0.0059,-3.587692637010358,-0.005189512210722999,0.025174875083837596
0.0011,-0.0059,-3.5978824983778503,-0.005934495539227088,0.026085501749103835
0.0012,-0.0059,-3.610767049711224,-0.006684289454719505,0.027088809254797702
0.0013000000000000002,-0.0059,-3.625499283498917,-0.007441284661060516,0.027890815445238294
0.0014,-0.0059,-3.6455205378637636,-0.008163816083525004,0.028641339608827893
0.0015,-0.0059,-3.664459672782535,-0.008925971092360915,0.029457227139118643
0.0016,-0.0059,-3.683561692921406,-0.009586378222400247,0.02998629805398801
0.0017,-0.0059,-3.7039127692046843,-0.010267258551362297,0.030743813965725328
0.0018,-0.0059,-3.730108995010063,-0.0109185816804523,0.03097691361226721
0.0019,-0.0059,-3.7534839063413687,-0.011635154760090345,0.03135312900358366
0.002,-0.0059,-3.7814214586191532,-0.0122157407061807,0.03147057424724883
0.0021,-0.0059,-3.8118284612957862,-0.012837774238824524,0.03142234545482014
0.0022,-0.0059,-3.8364827678167055,-0.013339040688093629,0.0314530544781556
0.0023,-0.0059,-3.8691336482449272,-0.013791703627511673,0.031419001538602005
0.0024,-0.0059,-3.9042834125710395,-0.01433092583531753,0.031059393110497546
0.0025,-0.0059,-3.9339568822839266,-0.014754685918082995,0.030558245983729606
0.0026000000000000003,-0.0059,-3.965586214301827,-0.015197521440653367,0.030166631810254165
0.0027,-0.0059,-3.998989995798718,-0.01550386577428619,0.029412196769044094
0.0028,-0.0059,-4.031228353774059,-0.01584315086611837,0.02887768530421868
0.0029,-0.0059,-4.065458958753733,-0.016096492341521208,0.028178457455559514
0.003,-0.0059,-4.096959532520087,-0.016412254186203772,0.027257413087201893
0.0031,-0.0059,-4.127339102860707,-0.01665610875766579,0.026390304060765618
0.0032,-0.0059,-4.157769076715793,-0.016806683964741075,0.025290133819131484
0.0033000000000000004,-0.0059,-4.188405633201405,-0.01700522455344794,0.024188768520710748
0.0034,-0.0059,-4.218321333802652,-0.017094951476997442,0.02309752662116071
0.0034999999999999996,-0.0059,-4.2495896866148115,-0.0172524393666565,0.021796429396522578
0.0036,-0.0059,-4.273855147799752,-0.017271081957166347,0.020811996112581835
0.0037,-0.0059,-4.3000876388402345,-0.017449380772892882,0.01938086737047519
0.0038,-0.0059,-4.325505482380631,-0.017563337615651143,0.01811089232755114
0.0039,-0.0059,-4.351084126326416,-0.01760006417851052,0.017080282995781928
0.004,-0.0059,-4.371701083160837,-0.017712975653661724,0.01573560544400318
0.0041,-0.0059,-4.391396710323495,-0.017600812358699237,0.014477973713710802
0.0042,-0.0059,-4.412431811014978,-0.017861086287839507,0.01327159900554607
0.0043,-0.0059,-4.430943015813385,-0.01781402680584627,0.011905975452429498
0.0044,-0.0059,-4.445746541933084,-0.017957881844476786,0.010776231871139304
0.0045,-0.0059,-4.460420833828671,-0.017944116691012035,0.009494171172772384
0.0046,-0.0059,-4.477193395060244,-0.017866102680055503,0.008234210648198221
0.0047,-0.0059,-4.485518150808621,-0.01797707340531444,0.007034628079655005
0.0048,-0.0059,-4.500406886050417,-0.018017278893896066,0.0056436984109194295
0.0049,-0.0059,-4.503710365940868,-0.01800253862948465,0.004433924444978861
0.005,-0.0059,-4.5123397366080304,-0.017935424704973155,0.003148318039806196
0.0051,-0.0059,-4.520200081338301,-0.018084236105444875,0.0018799795545073519
0.005200000000000001,-0.0059,-4.525623789025026,-0.0184367541943297,0.0007767651945230693
0.0053,-0.0059,-4.526514703665961,-0.018221810708728723,-0.0005033200341377421
0.0054,-0.0059,-4.523669444541042,-0.018859522864095712,-0.0017664638396386635
0.0055,-0.0059,-4.51741248386028,-0.018900756533897223,-0.0029725171744786577
0.0056,-0.0059,-4.52668485449571,-0.018973465084804506,-0.004249499122300416
0.005700000000000001,-0.0059,-4.525713776733007,-0.01917579691673979,-0.005451854576549941
0.0058,-0.0059,-4.521045041725905,-0.019146964106971778,-0.0067535540530643135
0.0059,-0.0059,-4.523111497553244,-0.01957957624653048,-0.007997324678467484
0.006,-0.0059,-4.514162554671358,-0.019725745753568613,-0.00921782832439339
0.0061,-0.0059,-4.5048262090654525,-0.01992764834854936,-0.010480805189598302
0.0062,-0.0059,-4.497138168674543,-0.019907288886275507,-0.011628909669838065
0.0063,-0.0059,-4.495305977494598,-0.02006684675406283,-0.013041122761700004
0.0064,-0.0059,-4.476365367920804,-0.02045544972490488,-0.014404935212486793
0.006499999999999999,-0.0059,-4.458381533854147,-0.020756738226710123,-0.015793835567821695
0.006600000000000001,-0.0059,-4.4428936244958885,-0.020749989167177935,-0.01701723439246906
0.0067,-0.0059,-4.4339006019387455,-0.021397111585141147,-0.018613402957432922
0.0068,-0.0059,-4.433190468843082,-0.021670779574005306,-0.019976664029427736
0.0069,-0.0059,-4.4053632091408375,-0.022119479973824005,-0.021378127725180926
0.006999999999999999,-0.0059,-4.384894459959644,-0.022518321710853266,-0.023091049579648477
0.007100000000000001,-0.0059,-4.358595942158778,-0.02303119384284341,-0.024627155841906914
0.0072,-0.0059,-4.332515934356633,-0.023181024784847553,-0.026211353455172344
0.0073,-0.0059,-4.315653183056036,-0.02363416690031187,-0.02777197376025009
0.0074,-0.0059,-4.284515930402385,-0.0239756594964697,-0.029598598048668646
0.0075,-0.0059,-4.252689705294992,-0.02447560626607706,-0.031354220556166754
0.0076,-0.0059,-4.221507436886976,-0.02485679349110678,-0.0329984677959684
0.0077,-0.0059,-4.1917830862969305,-0.025046145425721922,-0.03500412199841065
0.0078,-0.0059,-4.152558051010041,-0.025281484847656435,-0.03655972113983099
0.0079,-0.0059,-4.115293660123867,-0.02543026234952131,-0.03821669535391978
0.008,-0.0059,-4.085517956970749,-0.02539092002239575,-0.0399307068939226
0.0081,-0.0059,-4.042152106714784,-0.025068435763763094,-0.04061221246935688
0.0082,-0.0059,-4.004959768430966,-0.024942660078862738,-0.04271780745371578
0.0083,-0.0059,-3.9588076946298347,-0.02432941576178258,-0.04309873828832681
0.0084,-0.0059,-3.9136656940394956,-0.023303841619137535,-0.04383307402722565
0.0085,-0.0059,-3.840386691770201,-0.02233525866191188,-0.04378471899450478
0.0086,-0.0059,-3.8435930660681077,-0.021132108601882128,-0.04286664921176841
0.0087,-0.0059,-3.8081020085357618,-0.019612771472908658,-0.041529439072578375
0.0088,-0.0059,-3.7784311725323096,-0.01784759143940706,-0.03964054510859356
0.0089,-0.0059,-3.7552606614019655,-0.015724575239003558,-0.03755405472870648
0.009,-0.0059,-3.736587339561114,-0.013771480973001122,-0.03450490993075981
0.0091,-0.0059,-3.7212735761202897,-0.011510412672561162,-0.030974285444296246
0.0092,-0.0059,-3.711135550765165,-0.009356488019226736,-0.02663595661243965
0.0093,-0.0059,-3.704337506756247,-0.007275928180832911,-0.022452578075328616
0.0094,-0.0059,-3.7008738525597225,-0.0054681695532331435,-0.018197686896929993
0.0095,-0.0059,-3.7001833728192084,-0.003760186115142676,-0.013783212165455253
0.0096,-0.0059,-3.7020053806166113,-0.002382137188161223,-0.009695287086033375
0.0097,-0.0059,-3.704191460487216,-0.0013580707211437383,-0.0064050839752182905
0.0098,-0.0059,-3.70658349071316,-0.0006193557602212359,-0.003554427119645356
0.0099,-0.0059,-3.710420480807883,-0.0001923349372721758,-0.0013753449648471667
0.01,-0.0059,-3.7103366394526183,0.0,0.0
0.0,-0.0058,-3.557813986764279,0.0,0.0
0.0001,-0.0058,-3.5582260187281256,-0.00010372667296818318,0.005124054863481928
0.0002,-0.0058,-3.5602945566234423,-0.0003093318349035225,0.009257947367320657
0.0003,-0.0058,-3.560273765539571,-0.0006354403719127256,0.0128565017409673
0.0004,-0.0058,-3.5632225920113174,-0.0010684783526996341,0.01580214180915487
0.0005,-0.0058,-3.5656050907109305,-0.0015773446023541857,0.018186376125787156
0.0006,-0.0058,-3.5692997076146407,-0.0021655040102330765,0.01995781573292221
0.0007,-0.0058,-3.574518150987253,-0.002779053549865396,0.0219127264493382
0.0008,-0.0058,-3.5815384577184926,-0.0034654325820281107,0.023293117030695826
0.0009,-0.0058,-3.58998314387893,-0.004158295757657348,0.0246453448110402
0.001,-0.0058,-3.5999715626450595,-0.004849814610464311,0.025772053860034956
0.0011,-0.0058,-3.6123510210384335,-0.005557547042846455,0.026821444674181263
0.0012,-0.0058,-3.624634187725451,-0.006292689846538656,0.027832790280181555
0.0013000000000000002,-0.0058,-3.6406421060214202,-0.006979571373771107,0.028696030317874283
0.0014,-0.0058,-3.6593594284942,-0.007635731680869066,0.029429156138508872
0.0015,-0.0058,-3.6784079561996395,-0.008353994639170336,0.030120872031949582
0.0016,-0.0058,-3.699268600329922,-0.009026767422064782,0.030722661047790048
0.0017,-0.0058,-3.723246826540585,-0.00966743911221812,0.03115677911180296
0.0018,-0.0058,-3.746203668993054,-0.010297821561441912,0.03165766368690368
0.0019,-0.0058,-3.7727811287056325,-0.010888949622642922,0.03171633954547003
0.002,-0.0058,-3.801384971881252,-0.01139608420843582,0.032003939172168254
0.0021,-0.0058,-3.8302542272378957,-0.012003740155562404,0.03199019628884777
0.0022,-0.0058,-3.859261272210406,-0.012499688731331953,0.03204695543181052
0.0023,-0.0058,-3.888901643378611,-0.012976908024823753,0.031933638729888685
0.0024,-0.0058,-3.921578552070628,-0.013330624918924547,0.031479583852212896
0.0025,-0.0058,-3.955244498141726,-0.013802667245716941,0.031085432145002503
0.0026000000000000003,-0.0058,-3.987847220012586,-0.014171641432158972,0.03041738026939622
0.0027,-0.0058,-4.020958041327228,-0.01448006242192124,0.02975304924678614
0.0028,-0.0058,-4.053348040216693,-0.014777183202113959,0.029241113652431455
0.0029,-0.0058,-4.085832273040818,-0.015054273132312208,0.02818081554139755
0.003,-0.0058,-4.1186078490983,-0.015305570243651909,0.027430278666144753
0.0031,-0.0058,-4.1521527870161785,-0.015479905021030646,0.026408704191146406
0.0032,-0.0058,-4.1828230917436375,-0.015613912042786893,0.02549312761208058
0.0033000000000000004,-0.0058,-4.21238516831622,-0.015730873213655034,0.024333748351028424
0.0034,-0.0058,-4.243272829393069,-0.015949430158507385,0.02324131518283308
0.0034999999999999996,-0.0058,-4.269798547687354,-0.015961244121687108,0.0221411721596134
0.0036,-0.0058,-4.298631662043175,-0.016052250695688688,0.02087221622501489
0.0037,-0.0058,-4.324945462791287,-0.016204116920456285,0.019399371480476577
0.0038,-0.0058,-4.349134603365442,-0.016206454586674635,0.018275513064563067
0.0039,-0.0058,-4.373891952354385,-0.016236000017428733,0.017059984773917132
0.004,-0.0058,-4.3959033782278025,-0.016360240024335584,0.01580654564230435
0.0041,-0.0058,-4.41526950405974,-0.016368555065650322,0.014506091285783057
0.0042,-0.0058,-4.437276617582012,-0.01639808578478993,0.013307135160557558
0.0043,-0.0058,-4.453466069400947,-0.016361632649372928,0.012040604705875035
0.0044,-0.0058,-4.469489916623811,-0.016561931084563646,0.010758084417205077
0.0045,-0.0058,-4.484437801413243,-0.016366070632801374,0.009594474512182621
0.0046,-0.0058,-4.501080298193851,-0.016268160373381586,0.008200830129718182
0.0047,-0.0058,-4.509473144948399,-0.016689477550936995,0.0068905843792887115
0.0048,-0.0058,-4.517533895305073,-0.016548840589187593,0.005632963697815719
0.0049,-0.0058,-4.5241164255098765,-0.016688851673095157,0.004341313469813675
0.005,-0.0058,-4.539540596737143,-0.01665646888222381,0.003138639489705372
0.0051,-0.0058,-4.541603595714457,-0.016865541864167093,0.0021270861212255698
0.005200000000000001,-0.0058,-4.544174405190139,-0.01686401064497046,0.0008867603351983823
0.0053,-0.0058,-4.550132045542937,-0.016960795400526925,-0.0004589416124418409
0.0054,-0.0058,-4.548817360201369,-0.01703389174541446,-0.0016705460842755253
0.0055,-0.0058,-4.548605414315538,-0.017091052831715723,-0.002868522145876892
0.0056,-0.0058,-4.542459782174065,-0.01742164775823172,-0.004114036380669396
0.005700000000000001,-0.0058,-4.5449257337529625,-0.017099687084189148,-0.005306343215451561
0.0058,-0.0058,-4.540391166897552,-0.01759457394813733,-0.0065747783427258875
0.0059,-0.0058,-4.532079014992372,-0.018083958365061516,-0.007721558745868069
0.006,-0.0058,-4.531786117415269,-0.018149355914074936,-0.00897314948947464
0.0061,-0.0058,-4.5263883771455635,-0.018458891797071143,-0.010314989787314276
0.0062,-0.0058,-4.514928724304379,-0.01831573894735149,-0.011506749120546476
0.0063,-0.0058,-4.516957398445032,-0.018990231214002107,-0.013004333583102965
0.0064,-0.0058,-4.507168787800557,-0.01879786229038439,-0.014153592424419015
0.006499999999999999,-0.0058,-4.49192849014752,-0.01944395528279664,-0.015444450074399096
0.006600000000000001,-0.0058,-4.469592860929738,-0.019757140377794583,-0.016683063787872023
0.0067,-0.0058,-4.449825589488105,-0.019808731584201045,-0.018123823143047352
0.0068,-0.0058,-4.444301227186719,-0.020222913121096437,-0.0195786263422636
0.0069,-0.0058,-4.427315743544995,-0.020582446891457603,-0.020985402201475923
0.006999999999999999,-0.0058,-4.419217203806589,-0.020865238866776298,-0.022626412623461076
0.007100000000000001,-0.0058,-4.394197347853556,-0.02153778621985555,-0.024087252059029007
0.0072,-0.0058,-4.360580437749402,-0.022038339403447394,-0.0256968612748658
0.0073,-0.0058,-4.33914948459437,-0.022270137234927434,-0.02747067908578011
0.0074,-0.0058,-4.317488552502193,-0.02263293428441722,-0.029197329760416314
0.0075,-0.0058,-4.286364102878886,-0.022993802906564206,-0.030829564638316615
0.0076,-0.0058,-4.25283307012771,-0.023557593299968597,-0.032928466030152564
0.0077,-0.0058,-4.219077563348841,-0.02386638317180027,-0.03443416403677909
0.0078,-0.0058,-4.184318878233204,-0.02406572883803672,-0.03619423478223129
0.0079,-0.0058,-4.147383786374576,-0.02447722116408714,-0.03822810552059068
0.008,-0.0058,-4.108530662603628,-0.02457437836866177,-0.03976023140650149
0.0081,-0.0058,-4.072618834228378,-0.02432746543760238,-0.04105560038423967
0.0082,-0.0058,-4.025465776325745,-0.024393259775545885,-0.0428830067065855
0.0083,-0.0058,-3.9788891009553464,-0.023623760996880155,-0.0437584563560893
0.0084,-0.0058,-3.956422605119488,-0.02293962601073853,-0.044199256092490036
0.0085,-0.0058,-3.9408425704139023,-0.021960409710799794,-0.044322982230707374
0.0086,-0.0058,-3.9233126722969143,-0.02102524034146688,-0.044136734958258386
0.0087,-0.0058,-3.8444425773533197,-0.019784249152636633,-0.043173064978357455
0.0088,-0.0058,-3.808807027901692,-0.01792594494253439,-0.041251516016018605
0.0089,-0.0058,-3.7787743142874923,-0.015995277510538305,-0.03935017781097922
0.009,-0.0058,-3.7560439248743656,-0.014068382015021686,-0.03682856049839149
0.0091,-0.0058,-3.7381430310444936,-0.011977131810538486,-0.03284420624466413
0.0092,-0.0058,-3.7277323877765154,-0.009740128860804342,-0.02911138201807717
0.0093,-0.0058,-3.7190647303477826,-0.007685895306104181,-0.024936255929521506
0.0094,-0.0058,-3.7149226707665517,-0.005622446883845389,-0.020160545952513716
0.0095,-0.0058,-3.7135289986180524,-0.003913018044607185,-0.015647582617236016
0.0096,-0.0058,-3.714488084260543,-0.002533792619835332,-0.01098731580089358
0.0097,-0.0058,-3.7179109169220124,-0.0013988978329425757,-0.007401607616639876
0.0098,-0.0058,-3.720044208965095,-0.0006732241080764243,-0.004144468145787024
0.0099,-0.0058,-3.7231786779862865,-0.00021072842162243264,-0.0016532307171779838
0.01,-0.0058,-3.7242298473983517,0.0,0.0
0.0,-0.005700000000000001,-3.57034180703869,0.0,0.0
0.0001,-0.005700000000000001,-3.5716106622521826,-9.014419538755588e-05,0.005300557045935743
0.0002,-0.005700000000000001,-3.5718797616002096,-0.0002736035109336459,0.00967943151261152
0.0003,-0.005700000000000001,-3.5721932778457095,-0.0005768745751830835,0.013447472866384941
0.0004,-0.005700000000000001,-3.5743893664243673,-0.0009727362602717318,0.01625938056119076
0.0005,-0.005700000000000001,-3.5773313045834105,-0.0014302955165488242,0.01862693727421767
0.0006,-0.005700000000000001,-3.581821529705644,-0.0019641081516842272,0.020774239745089847
0.0007,-0.005700000000000001,-3.587205262199389,-0.0025696026340856753,0.022454457377058673
0.0008,-0.005700000000000001,-3.5940709915254767,-0.0031861577224624044,0.02397199785951575
0.0009,-0.005700000000000001,-3.6030319736802023,-0.0038294192922713626,0.025390088872455738
0.001,-0.005700000000000001,-3.6123736008049963,-0.004496685887598005,0.026443145809397148
0.0011,-0.005700000000000001,-3.626354840357043,-0.005181975710434059,0.027507755711115123
0.0012,-0.005700000000000001,-3.6393489547281725,-0.005829636206275706,0.028556088788571233
0.0013000000000000002,-0.005700000000000001,-3.6542349892364654,-0.006499226456319854,0.029323965840782062
0.0014,-0.005700000000000001,-3.6726661800809213,-0.007128340277072523,0.03016201408605105
0.0015,-0.005700000000000001,-3.691623819241526,-0.00783797058892251,0.030771941838392092
0.0016,-0.005700000000000001,-3.7137321249112176,-0.008442023700858675,0.031507522572314935
0.0017,-0.005700000000000001,-3.738288733107787,-0.008991501172872894,0.032041193418498565
0.0018,-0.005700000000000001,-3.763187339161279,-0.00960170072789864,0.032418086031076356
0.0019,-0.005700000000000001,-3.790002124130326,-0.010149009400047126,0.0325932538509617
0.002,-0.005700000000000001,-3.817919587303917,-0.010635485249473912,0.03251298756556039
0.0021,-0.005700000000000001,-3.846815264477736,-0.01117577756715983,0.03265520189578213
0.0022,-0.005700000000000001,-3.8818153986160193,-0.011607036902681988,0.03246521637296913
0.0023,-0.005700000000000001,-3.9086281249585957,-0.012072005028604027,0.03226870884823525
0.0024,-0.005700000000000001,-3.9413430664868017,-0.012451357956964334,0.03191214789742391
0.0025,-0.005700000000000001,-3.974875493504952,-0.012776102685987285,0.031478431363388105
0.0026000000000000003,-0.005700000000000001,-4.007956297911225,-0.01310569425114616,0.030871074155701245
0.0027,-0.005700000000000001,-4.0427702991289705,-0.013406835505876883,0.030169491359511087
0.0028,-0.005700000000000001,-4.074704746195371,-0.013674441014967915,0.029415574092452615
0.0029,-0.005700000000000001,-4.107059705507533,-0.01389461569918673,0.028565065988359395
0.003,-0.005700000000000001,-4.139942408708031,-0.014071092007626058,0.02754646500888458
0.0031,-0.005700000000000001,-4.173645994357999,-0.014235854333557677,0.026542292661026104
0.0032,-0.005700000000000001,-4.205170931127068,-0.014413102162894383,0.02549017002264243
0.0033000000000000004,-0.005700000000000001,-4.235640076628353,-0.01457048539265678,0.024384179558167945
0.0034,-0.005700000000000001,-4.267125126757156,-0.014689401425990418,0.023057865075829805
0.0034999999999999996,-0.005700000000000001,-4.292537519533515,-0.014747172699546625,0.02206764802225583
0.0036,-0.005700000000000001,-4.318559419777941,-0.01485827491376461,0.021016171937842804
0.0037,-0.005700000000000001,-4.347366642756574,-0.014806978922327225,0.019761831311964254
0.0038,-0.005700000000000001,-4.370033396001907,-0.01486474496297245,0.01828168781645467
0.0039,-0.005700000000000001,-4.394327170061238,-0.01495119233087358,0.017217946481966815
0.004,-0.005700000000000001,-4.418891423094541,-0.014940565247202602,0.015863718538218868
0.0041,-0.005700000000000001,-4.437320895272713,-0.014953071808954816,0.014534544855491438
0.0042,-0.005700000000000001,-4.455905991902668,-0.014913828209947341,0.0132589306710514
0.0043,-0.005700000000000001,-4.473258520336238,-0.01494230768975444,0.011931320692226147
0.0044,-0.005700000000000001,-4.492335698549241,-0.015189046553576724,0.010716186639254867
0.0045,-0.005700000000000001,-4.505530320179786,-0.015105209136114054,0.00937914252026864
0.0046,-0.005700000000000001,-4.522361795731747,-0.015142265179791385,0.007992554455284745
0.0047,-0.005700000000000001,-4.5281548784529075,-0.014988965331987193,0.007009085460069238
0.0048,-0.005700000000000001,-4.540415040946885,-0.015218950887185341,0.005619665546887177
0.0049,-0.005700000000000001,-4.549207976761863,-0.015004447210683303,0.004409553952619555
0.005,-0.005700000000000001,-4.557643892475884,-0.015141641116168529,0.003466812115300923
0.0051,-0.005700000000000001,-4.558575934139874,-0.015415680898487103,0.0020061387718881218
0.005200000000000001,-0.005700000000000001,-4.562734154364773,-0.015840501109348596,0.0007975876436845168
0.0053,-0.005700000000000001,-4.569483334300355,-0.015465758464361346,-0.00037677084371271695
0.0054,-0.005700000000000001,-4.568610360722218,-0.0157598449792032,-0.0015550850908097426
0.0055,-0.005700000000000001,-4.567199252781673,-0.015734327159228047,-0.0027548337702563326
0.0056,-0.005700000000000001,-4.568582122382607,-0.015885882175140954,-0.0039734505365619606
0.005700000000000001,-0.005700000000000001,-4.56440619213597,-0.015700397273704116,-0.005143645093141725
0.0058,-0.005700000000000001,-4.559758878304658,-0.01634699943632886,-0.0063665589312547205
0.0059,-0.005700000000000001,-4.553316425318926,-0.016206057960918025,-0.007521738165419559
0.006,-0.005700000000000001,-4.5525866031369,-0.016421056503652883,-0.008660533127536606
0.0061,-0.005700000000000001,-4.545090482823309,-0.016846869084177922,-0.010056088091594102
0.0062,-0.005700000000000001,-4.537260687663792,-0.017023323150519142,-0.011263362120731594
0.0063,-0.005700000000000001,-4.533081893047005,-0.017464916966015317,-0.012424490844167494
0.0064,-0.005700000000000001,-4.524151302144735,-0.017618768006834856,-0.013770989445930599
0.006499999999999999,-0.005700000000000001,-4.516568491719541,-0.01810190672420448,-0.015113353888316253
0.006600000000000001,-0.005700000000000001,-4.509007138384958,-0.01829274015404045,-0.016348974404352234
0.0067,-0.005700000000000001,-4.484557751863831,-0.018445432708317274,-0.01783392240455896
0.0068,-0.005700000000000001,-4.467453112299044,-0.019026725039563833,-0.019351122653208482
0.0069,-0.005700000000000001,-4.447789058824725,-0.019259126905925114,-0.020625729988611757
0.006999999999999999,-0.005700000000000001,-4.433682344219879,-0.01954226622523814,-0.02230777339344486
0.007100000000000001,-0.005700000000000001,-4.422843540584456,-0.019948649743246838,-0.023727727413232147
0.0072,-0.005700000000000001,-4.3979871566101565,-0.020696903464980435,-0.025423794114159716
0.0073,-0.005700000000000001,-4.3685479352170695,-0.020918456287517907,-0.026965721131058065
0.0074,-0.005700000000000001,-4.3417844174687295,-0.02138544746732773,-0.028762529941775628
0.0075,-0.005700000000000001,-4.317068471446709,-0.021611385837678118,-0.030460815178613515
0.0076,-0.005700000000000001,-4.286167219561992,-0.022175781263571226,-0.032270958172902535
0.0077,-0.005700000000000001,-4.254557239978334,-0.022569637301934883,-0.034097360883114325
0.0078,-0.005700000000000001,-4.22565859888994,-0.022964166421250126,-0.03595497942484754
0.0079,-0.005700000000000001,-4.194971210189023,-0.023348201669479363,-0.0378467686004999
0.008,-0.005700000000000001,-4.153881647886984,-0.023606550321194443,-0.03978691516779977
0.0081,-0.005700000000000001,-4.103035690390065,-0.023555715563396473,-0.04123750040089576
0.0082,-0.005700000000000001,-4.07190443826779,-0.02318487913003889,-0.04275973148801735
0.0083,-0.005700000000000001,-4.0353061147713465,-0.023160961859396492,-0.04409376101264267
0.0084,-0.005700000000000001,-4.0039434641570715,-0.022759006678919565,-0.04469196927352981
0.0085,-0.005700000000000001,-3.935839848193865,-0.022173616965719945,-0.04560007057876785
0.0086,-0.005700000000000001,-3.883364269740284,-0.020858376184194918,-0.04584459889352802
0.0087,-0.005700000000000001,-3.8437968250944037,-0.019527875208122266,-0.044952251491734777
0.0088,-0.005700000000000001,-3.837474274708057,-0.017961856323148794,-0.04357235052274822
0.0089,-0.005700000000000001,-3.8113123215105986,-0.016345141480706187,-0.04150592690880083
0.009,-0.005700000000000001,-3.7771226912675333,-0.014452410179694909,-0.03871741006263411
0.0091,-0.005700000000000001,-3.759216707591399,-0.012256382334196184,-0.03534136630122347
0.0092,-0.005700000000000001,-3.7447672651470016,-0.010156433444436765,-0.031054716473450646
0.0093,-0.005700000000000001,-3.734671093852324,-0.008040318326510216,-0.02669700616316502
0.0094,-0.005700000000000001,-3.729161803512732,-0.006098390065148314,-0.021812917450794445
0.0095,-0.005700000000000001,-3.726956494879325,-0.00432601216233246,-0.017189786063432893
0.0096,-0.005700000000000001,-3.7277668575496805,-0.0027372812624404334,-0.012299397445837261
0.0097,-0.005700000000000001,-3.7309312210179235,-0.0015610690274573866,-0.00822292522917153
0.0098,-0.005700000000000001,-3.7331240868371895,-0.0007233803248375436,-0.004803904267766508
0.0099,-0.005700000000000001,-3.734912616303682,-0.0002201566569476406,-0.0019642796607709837
0.01,-0.005700000000000001,-3.736906638538911,0.0,0.0
0.0,-0.0056,-3.582956000166644,0.0,0.0
0.0001,-0.0056,-3.5839158304145067,-7.609457755911084e-05,0.0054267100632048905
0.0002,-0.0056,-3.584584662218398,-0.00023814577784809284,0.009869977152313629
0.0003,-0.0056,-3.584985774361712,-0.0005018247443186691,0.01358540250773584
0.0004,-0.0056,-3.588104391656745,-0.0008615245803174935,0.016669246908671147
0.0005,-0.0056,-3.589412894573644,-0.0012890179193548535,0.019183079334865683
0.0006,-0.0056,-3.594357291217204,-0.0017784577057724906,0.021349517436830914
0.0007,-0.0056,-3.5997299908576794,-0.0023280344495060197,0.023129230990271105
0.0008,-0.0056,-3.6071339101056337,-0.0029181277907877005,0.024541447450374104
0.0009,-0.0056,-3.6156232454398727,-0.003508463830775325,0.026033815246748516
0.001,-0.0056,-3.6260103966824695,-0.004132887853258084,0.02710512067474918
0.0011,-0.0056,-3.6385548212369434,-0.004757594781089201,0.028114127010895485
0.0012,-0.0056,-3.6544417277360317,-0.005374947713380301,0.029097968916661433
0.0013000000000000002,-0.0056,-3.6687162036423104,-0.0060193909896690614,0.030018553393804537
0.0014,-0.0056,-3.6878667746754994,-0.00661531312512887,0.03069000137930456
0.0015,-0.0056,-3.707697006757068,-0.0071960561675638735,0.03135360978661629
0.0016,-0.0056,-3.7306795964602104,-0.007772429076358588,0.03206837287182756
0.0017,-0.0056,-3.7539553674379755,-0.008343193701332846,0.03236695378695633
0.0018,-0.0056,-3.779987410527917,-0.00879413869445347,0.032903183279718425
0.0019,-0.0056,-3.8073093793817048,-0.009354921174081779,0.03315340184485518
0.002,-0.0056,-3.8377791569010835,-0.009816329167217967,0.03305299603100591
0.0021,-0.0056,-3.864782530330496,-0.010320313708627729,0.03296844395409726
0.0022,-0.0056,-3.8960836799187755,-0.010654172218863433,0.03289857261393308
0.0023,-0.0056,-3.929583406219101,-0.011110409479710578,0.03243820074570899
0.0024,-0.0056,-3.962498642539741,-0.011511131517484419,0.03225172123752187
0.0025,-0.0056,-3.9960539340669894,-0.011793526764438561,0.03175470113022882
0.0026000000000000003,-0.0056,-4.029317614743343,-0.012120414285540174,0.031181368360011688
0.0027,-0.0056,-4.061853039625269,-0.012265805920712317,0.030620972412982114
0.0028,-0.0056,-4.093837353357142,-0.012526147684277126,0.029792410605050435
0.0029,-0.0056,-4.1277350640020085,-0.012793725171399095,0.028624134351362792
0.003,-0.0056,-4.1629844140401016,-0.01292620286097013,0.0278302340459667
0.0031,-0.0056,-4.192882422925834,-0.013098085790740505,0.02678140142285383
0.0032,-0.0056,-4.22428692794083,-0.013178330058176793,0.025621205393271524
0.0033000000000000004,-0.0056,-4.255993611740705,-0.013295200423939136,0.02446429420997345
0.0034,-0.0056,-4.283897537115907,-0.013396930132758651,0.023210437424210525
0.0034999999999999996,-0.0056,-4.313703089382418,-0.013442326613798024,0.022246252771512577
0.0036,-0.0056,-4.342429187492449,-0.013443022775844516,0.02080327578954514
0.0037,-0.0056,-4.366925845450265,-0.013589171230815072,0.019515635816136606
0.0038,-0.0056,-4.3923574710527316,-0.013571794891754764,0.018410638165836584
0.0039,-0.0056,-4.414819859157139,-0.01352951744817077,0.016995713785392975
0.004,-0.0056,-4.4375686154193765,-0.013528874475216302,0.015806831243811926
0.0041,-0.0056,-4.457009913585729,-0.013686386501777104,0.01470758851285452
0.0042,-0.0056,-4.4761696771932,-0.013661546722234505,0.0131845941836928
0.0043,-0.0056,-4.495323207083808,-0.013756454186409212,0.011947594324363299
0.0044,-0.0056,-4.507030503098844,-0.01371341483611053,0.010737628266284832
0.0045,-0.0056,-4.5242254427164585,-0.013873531338618808,0.00961037831523448
0.0046,-0.0056,-4.532388514245233,-0.01375488592037732,0.008307622837608919
0.0047,-0.0056,-4.545677917799828,-0.013792755350829156,0.007140724224719994
0.0048,-0.0056,-4.549387512977025,-0.013892796832877245,0.0056869238828650935
0.0049,-0.0056,-4.565069536000747,-0.013721385964494837,0.00444192926608416
0.005,-0.0056,-4.57398032356814,-0.014007498199532707,0.0033226559576714806
0.0051,-0.0056,-4.58042514511797,-0.013783583318804022,0.0022362785415356657
0.005200000000000001,-0.0056,-4.583755824492899,-0.01421428975435745,0.0009945970605782799
0.0053,-0.0056,-4.580058014238353,-0.014192636821495956,-0.0001805694581562413
0.0054,-0.0056,-4.585252601175111,-0.014340513793724747,-0.001430182325024806
0.0055,-0.0056,-4.583301593128138,-0.01452497995192141,-0.002598648818291846
0.0056,-0.0056,-4.581820042143354,-0.014511994020892436,-0.003780404518104856
0.005700000000000001,-0.0056,-4.586417690388594,-0.014857136020471132,-0.004969007917130022
0.0058,-0.0056,-4.584473847753814,-0.01487151412673089,-0.006199157083406912
0.0059,-0.0056,-4.574143286759317,-0.015057807873995436,-0.007318966859631632
0.006,-0.0056,-4.572944154212342,-0.015276445043136355,-0.00852369801387734
0.0061,-0.0056,-4.5665175970065475,-0.015370218233480419,-0.009814904668023348
0.0062,-0.0056,-4.55789299096107,-0.015643397445755294,-0.0110547385566652
0.0063,-0.0056,-4.551716174965952,-0.015884105367707842,-0.012103458077887975
0.0064,-0.0056,-4.543079051609902,-0.016231029342891487,-0.01349412784477516
0.006499999999999999,-0.0056,-4.533590055418303,-0.01655100527674609,-0.014762588893382837
0.006600000000000001,-0.0056,-4.5216234836392575,-0.016859011757576533,-0.01583916148944686
0.0067,-0.0056,-4.5071191972787075,-0.017138945094535674,-0.0174868275850011
0.0068,-0.0056,-4.493829883540876,-0.017602371357130785,-0.018826727171159408
0.0069,-0.0056,-4.4743658040169025,-0.017915245599156575,-0.020376240728298075
0.006999999999999999,-0.0056,-4.453703082551038,-0.01824069708126192,-0.02188845572034198
0.007100000000000001,-0.0056,-4.439191979012874,-0.018691955026030993,-0.023378147024162264
0.0072,-0.0056,-4.421372002356927,-0.01898465090625397,-0.024874387660310443
0.0073,-0.0056,-4.398412649311487,-0.01955797221403796,-0.026562990555532642
0.0074,-0.0056,-4.372852005546663,-0.019988423171776667,-0.02830913845892515
0.0075,-0.0056,-4.344843756215467,-0.0205572871323408,-0.030086007787311787
0.0076,-0.0056,-4.316345113336248,-0.0209245068345393,-0.031876471959183
0.0077,-0.0056,-4.286084208338157,-0.021373773998428283,-0.03390047583831259
0.0078,-0.0056,-4.256587731633707,-0.021857568405812836,-0.03567201677986953
0.0079,-0.0056,-4.216895777977432,-0.022258109314489505,-0.03761939453842581
0.008,-0.0056,-4.168715521618571,-0.022471793566784883,-0.03966567910105315
0.0081,-0.0056,-4.136906095900181,-0.02253099790609944,-0.04128667348429889
0.0082,-0.0056,-4.100035703700658,-0.02252958756498847,-0.04309642573751852
0.0083,-0.0056,-4.053142698299979,-0.02249891087216009,-0.04481052989349643
0.0084,-0.0056,-4.016865921425488,-0.021971735462170256,-0.04532605667926053
0.0085,-0.0056,-3.9827533601573335,-0.021446055476497673,-0.04602026553213661
0.0086,-0.0056,-3.948177573434471,-0.020379149004993033,-0.04598614941312201
0.0087,-0.0056,-3.9128431287699303,-0.019502010778043546,-0.04561415895230978
0.0088,-0.0056,-3.863100409003016,-0.01804758028916671,-0.04541426993548197
0.0089,-0.0056,-3.8291411228893897,-0.016459241450404026,-0.04308957901942701
0.009,-0.0056,-3.8035556232510035,-0.014549436400758762,-0.040642858969316076
0.0091,-0.0056,-3.7784243005498532,-0.012516999465392378,-0.037267441478045775
0.0092,-0.0056,-3.7618263549337945,-0.010391978291066839,-0.03335081052542098
0.0093,-0.0056,-3.751979010534496,-0.008320703441590615,-0.028386793371696056
0.0094,-0.0056,-3.7442794486328292,-0.006295357128462785,-0.024190156284737613
0.0095,-0.0056,-3.7420825282296764,-0.0044857018276691935,-0.019074319834505356
0.0096,-0.0056,-3.741048825841834,-0.002905550666362071,-0.013754360515452252
0.0097,-0.0056,-3.7430949034972243,-0.001631275244588038,-0.009236321285174686
0.0098,-0.0056,-3.7463043826253934,-0.0007722753336505526,-0.005528071135166783
0.0099,-0.0056,-3.748681188311248,-0.00024785662217953686,-0.002264208334774744
0.01,-0.0056,-3.7499800866067665,0.0,0.0
0.0,-0.0055,-3.5959373988251944,0.0,0.0
0.0001,-0.0055,-3.595650425895575,-6.21485054073149e-05,0.005483015379837821
0.0002,-0.0055,-3.5966454459278197,-0.0001985254877614396,0.010003629195180275
0.0003,-0.0055,-3.5970216740027103,-0.00042393955908551776,0.013895543329343127
0.0004,-0.0055,-3.5991207913496197,-0.0007387215852509554,0.017148917956116515
0.0005,-0.0055,-3.602255241406033,-0.001121866363813898,0.019743421263097354
0.0006,-0.0055,-3.606224690028928,-0.0015675792667997374,0.021991129203602574
0.0007,-0.0055,-3.611770283344524,-0.0020800880444381783,0.02353894987581013
0.0008,-0.0055,-3.6200910804197908,-0.002608976939835822,0.02497562102799188
0.0009,-0.0055,-3.628312753618806,-0.003167748017221245,0.026574134712436782
0.001,-0.0055,-3.639806740151448,-0.0037285273292646027,0.027825585617882856
0.0011,-0.0055,-3.6529087249781504,-0.00430979435361772,0.028757545788449107
0.0012,-0.0055,-3.6663558672968497,-0.004921581801369493,0.029719575227611053
0.0013000000000000002,-0.0055,-3.6838284167048445,-0.005467435617142868,0.030473662221464873
0.0014,-0.0055,-3.7021322205577967,-0.006068041731847481,0.031248880762409715
0.0015,-0.0055,-3.7248814283377123,-0.0065697826453822205,0.032034677418577705
0.0016,-0.0055,-3.745631342441569,-0.00706912072645698,0.03241275620971978
0.0017,-0.0055,-3.769321439704285,-0.0075622753998119095,0.033111636136360166
0.0018,-0.0055,-3.7967082082941923,-0.008094083215757194,0.0329805084619252
0.0019,-0.0055,-3.822200781858255,-0.008533451133810833,0.033434958742683554
0.002,-0.0055,-3.8517594386768117,-0.008971571996503456,0.03337742409083932
0.0021,-0.0055,-3.8839643442176786,-0.009451468691599862,0.03342600009990846
0.0022,-0.0055,-3.914632108845005,-0.00979590507111142,0.03334622205380138
0.0023,-0.0055,-3.943839251270657,-0.010137597229614916,0.03308482840886653
0.0024,-0.0055,-3.9787533458357323,-0.010419732492034409,0.03264817968002596
0.0025,-0.0055,-4.012379074922574,-0.010743983500144313,0.03200702704336294
0.0026000000000000003,-0.0055,-4.04749917889943,-0.010991579521346669,0.03147408699466877
0.0027,-0.0055,-4.0800877559065265,-0.011211111909233478,0.030688928650410008
0.0028,-0.0055,-4.113711233900117,-0.011422544790450524,0.02984144766374567
0.0029,-0.0055,-4.147699377877051,-0.011597888966711012,0.028905342609788495
0.003,-0.0055,-4.1799393835793985,-0.01172787713629786,0.027935411345613018
0.0031,-0.0055,-4.212863256750073,-0.01187350361441563,0.026835435337378845
0.0032,-0.0055,-4.243151271941178,-0.011938183914858055,0.025711324448148477
0.0033000000000000004,-0.0055,-4.273902498567408,-0.012131210233011612,0.02456462888802878
0.0034,-0.0055,-4.303391343806951,-0.012178278286787053,0.023492559317247294
0.0034999999999999996,-0.0055,-4.332252650533311,-0.012191670484080158,0.02230668805042038
0.0036,-0.0055,-4.359879690748079,-0.012245677634795508,0.02099788313507376
0.0037,-0.0055,-4.3857101802635,-0.012233129950995408,0.01978307062829608
0.0038,-0.0055,-4.410736351460632,-0.012243416262880117,0.018426031497225125
0.0039,-0.0055,-4.433532414813415,-0.012386961196574345,0.017144169732189754
0.004,-0.0055,-4.456059765561521,-0.012352139684348687,0.015953553114541535
0.0041,-0.0055,-4.474604775020153,-0.012301050525629595,0.014694816651266263
0.0042,-0.0055,-4.496446696180635,-0.012437050236014624,0.013330353471198013
0.0043,-0.0055,-4.5107164461370655,-0.01244907369843387,0.012075685762435215
0.0044,-0.0055,-4.521898572042669,-0.0123811134761039,0.010812556066687466
0.0045,-0.0055,-4.539235564727544,-0.012455984049327934,0.009448795040817214
0.0046,-0.0055,-4.550748712322626,-0.012345643559230225,0.0082949740095469
0.0047,-0.0055,-4.557254902241301,-0.012524558569095515,0.007186955717930288
0.0048,-0.0055,-4.563761432349837,-0.012508582086052706,0.005918412782140574
0.0049,-0.0055,-4.572864022334588,-0.01252001162648245,0.004654985853182261
0.005,-0.0055,-4.591097915461302,-0.01250591832659104,0.003278299126731523
0.0051,-0.0055,-4.588160139266842,-0.012706551141447017,0.002143939306255464
0.005200000000000001,-0.0055,-4.596649725469095,-0.01291033774354909,0.000969003978230644
0.0053,-0.0055,-4.602933958079706,-0.012945387591282748,-0.0001513680014754791
0.0054,-0.0055,-4.603580163832887,-0.01316594082921007,-0.0013081363204498658
0.0055,-0.0055,-4.601537926340894,-0.013058116688353877,-0.0024378799624349633
0.0056,-0.0055,-4.602472719199127,-0.013545517961909179,-0.003630540725292514
0.005700000000000001,-0.0055,-4.6008869281537015,-0.013559707645478836,-0.0047786527481955485
0.0058,-0.0055,-4.59671328803862,-0.013678029972519032,-0.006016529607273917
0.0059,-0.0055,-4.591986152493821,-0.01398978628228537,-0.007168912239199772
0.006,-0.0055,-4.594201144688803,-0.013983952148553198,-0.00821424637384202
0.0061,-0.0055,-4.5777540810935555,-0.014185266651477752,-0.009439095816738699
0.0062,-0.0055,-4.575289582064452,-0.01444072061518143,-0.010789158169485176
0.0063,-0.0055,-4.5694429029302555,-0.014703426085443703,-0.012033022919179216
0.0064,-0.0055,-4.560720208384843,-0.014994129299254068,-0.013256689796212097
0.006499999999999999,-0.0055,-4.552328742331595,-0.015306842347088505,-0.014433035022038528
0.006600000000000001,-0.0055,-4.541073864197552,-0.015506152828961074,-0.01564977617561267
0.0067,-0.0055,-4.526766168162967,-0.015844858733239316,-0.01721454839835225
0.0068,-0.0055,-4.517330757874389,-0.016102776114099538,-0.018602239121676727
0.0069,-0.0055,-4.501641402992394,-0.01667574487720481,-0.02005178195329155
0.006999999999999999,-0.0055,-4.480776105983362,-0.01702057386983803,-0.02132624380092787
0.007100000000000001,-0.0055,-4.4612822806600265,-0.01733271047062334,-0.023019558241013507
0.0072,-0.0055,-4.4413189936287045,-0.017757397117560674,-0.024527119651232682
0.0073,-0.0055,-4.4195968850221155,-0.018162039627075393,-0.026236395555587017
0.0074,-0.0055,-4.399268689552973,-0.018555096347998082,-0.027806194224688642
0.0075,-0.0055,-4.3737906390398145,-0.019112543852426646,-0.029483094834461005
0.0076,-0.0055,-4.343987674145465,-0.019660634178741632,-0.03149910318048343
0.0077,-0.0055,-4.31036199565579,-0.02013569297483532,-0.033359986227766994
0.0078,-0.0055,-4.278064919704004,-0.020690494789321084,-0.03527022068951945
0.0079,-0.0055,-4.241891532940245,-0.02104361193697136,-0.03711701937872693
0.008,-0.0055,-4.200170267708427,-0.0214351365633293,-0.0391945096994242
0.0081,-0.0055,-4.154894868469664,-0.02157211425362454,-0.0411615704545839
0.0082,-0.0055,-4.123123269366307,-0.021742474364197364,-0.04278484018458824
0.0083,-0.0055,-4.091971360695663,-0.02181950812945768,-0.04456656042623571
0.0084,-0.0055,-4.065277371001443,-0.021313458031207565,-0.04616674598607263
0.0085,-0.0055,-4.016976321201131,-0.02118552452407986,-0.04708020070771474
0.0086,-0.0055,-3.9281290897042442,-0.02065050366108718,-0.047761326485182554
0.0087,-0.0055,-3.854147774651913,-0.01918103096085966,-0.04747869636775931
0.0088,-0.0055,-3.8624251678443677,-0.017856589513418227,-0.04653613147424059
0.0089,-0.0055,-3.842759880870247,-0.016405428596266213,-0.04483994739532295
0.009,-0.0055,-3.8332019546199216,-0.014770481107746045,-0.04250387233720838
0.0091,-0.0055,-3.8043824504184425,-0.012708402071818031,-0.03940426171700431
0.0092,-0.0055,-3.782411917809098,-0.010661054911759518,-0.03556327086297497
0.0093,-0.0055,-3.7689454328240966,-0.008591197704819637,-0.030723942984309735
0.0094,-0.0055,-3.7600444165768088,-0.006579230866470824,-0.025610711710381928
0.0095,-0.0055,-3.756968211925399,-0.00471300692509609,-0.02015549555098339
0.0096,-0.0055,-3.755725590572317,-0.0030291650076576066,-0.015147269830013431
0.0097,-0.0055,-3.757399255484875,-0.001740876540797342,-0.010457903606582268
0.0098,-0.0055,-3.7602124453703367,-0.0008330035248424968,-0.0061132792079099905
0.0099,-0.0055,-3.764503789515946,-0.000264865738259235,-0.002641861801783935
0.01,-0.0055,-3.765249297610223,0.0,0.0
0.0,-0.0054,-3.6079114357461823,0.0,0.0
0.0001,-0.0054,-3.6087289945040566,-4.673078540334561e-05,0.005639845171848465
0.0002,-0.0054,-3.6087627272608174,-0.00016023559334602257,0.01042048554745922
0.0003,-0.0054,-3.610326445599329,-0.00034732525440458697,0.01421201886746647
0.0004,-0.0054,-3.611207596779788,-0.0006182773731781407,0.017341386812815957
0.0005,-0.0054,-3.613343094520307,-0.0009615196991629269,0.02006013777070083
0.0006,-0.0054,-3.618750790465382,-0.0013597054534257328,0.022308371693095633
0.0007,-0.0054,-3.6243236989797,-0.0018104700536967077,0.024326635618505035
0.0008,-0.0054,-3.631648273919746,-0.0023032282074588076,0.025607786812700036
0.0009,-0.0054,-3.641560874795041,-0.0028221101340680866,0.0272223006390499
0.001,-0.0054,-3.651027076244082,-0.0033342851814905368,0.028290276367798795
0.0011,-0.0054,-3.664927443298924,-0.003848667989746478,0.02921004329388969
0.0012,-0.0054,-3.681011112160185,-0.004420014644267659,0.03022831079538594
0.0013000000000000002,-0.0054,-3.697798692052464,-0.0049205646508077875,0.03117833319426222
0.0014,-0.0054,-3.7162482385844116,-0.005433656284347016,0.03176361808987202
0.0015,-0.0054,-3.737515119438211,-0.005954057340887081,0.03244216247128199
0.0016,-0.0054,-3.7599957007718454,-0.0063763786133207365,0.03296918684619372
0.0017,-0.0054,-3.78451176139788,-0.006908641491098865,0.03341541612838247
0.0018,-0.0054,-3.811246453463945,-0.007301210839615247,0.03347951900107459
0.0019,-0.0054,-3.838656508990354,-0.00771971289956911,0.03388922963654171
0.002,-0.0054,-3.8666532615434415,-0.008126714062713295,0.033955259455988124
0.0021,-0.0054,-3.8980245515827514,-0.008456497282819822,0.03370040339880126
0.0022,-0.0054,-3.9337494395489747,-0.008840039258705789,0.03359372934487458
0.0023,-0.0054,-3.9648226344086166,-0.009195445594730487,0.03335897707882267
0.0024,-0.0054,-3.9944949791111752,-0.009415501527675472,0.03287433656254094
0.0025,-0.0054,-4.029730093270071,-0.009667392926091242,0.03233175896588927
0.0026000000000000003,-0.0054,-4.0641851216143134,-0.009882446218859899,0.03158369114528156
0.0027,-0.0054,-4.097328905074429,-0.010082123682265695,0.03094003982155917
0.0028,-0.0054,-4.130204916468093,-0.010286472514680418,0.03018877282440846
0.0029,-0.0054,-4.166724235336783,-0.010426722221272505,0.02898540231752841
0.003,-0.0054,-4.196756754640557,-0.010531899087265907,0.028141899684978933
0.0031,-0.0054,-4.229439023852543,-0.010662969919012985,0.026959541953137274
0.0032,-0.0054,-4.261967752305368,-0.010731450152319251,0.025785753069563457
0.0033000000000000004,-0.0054,-4.291620774952307,-0.010779591330488498,0.024618357672627895
0.0034,-0.0054,-4.321304344468192,-0.010893905328004029,0.023392403782759558
0.0034999999999999996,-0.0054,-4.351001594286777,-0.010881026455476981,0.022316011849283897
0.0036,-0.0054,-4.377432886549998,-0.010931158521553026,0.021001333261766245
0.0037,-0.0054,-4.4025480361297795,-0.010938400680213204,0.019733365763381246
0.0038,-0.0054,-4.4270876095586145,-0.01094043911433902,0.018380864400274262
0.0039,-0.0054,-4.448782785018739,-0.011066658870373204,0.017196573744621774
0.004,-0.0054,-4.472120315386897,-0.010973557249010769,0.01579321077873223
0.0041,-0.0054,-4.490318899037484,-0.010993537357934999,0.014620528144284821
0.0042,-0.0054,-4.508924164098974,-0.011042806221579778,0.013512779901118177
0.0043,-0.0054,-4.528144343931081,-0.01097768908290573,0.011872513764550363
0.0044,-0.0054,-4.542355143473863,-0.011010541052162667,0.010834339104641353
0.0045,-0.0054,-4.552913849767658,-0.011003074376001537,0.00964247460121378
0.0046,-0.0054,-4.570321759460016,-0.010977342383784311,0.008363561340416995
0.0047,-0.0054,-4.580420741757018,-0.011137727966971937,0.007127079703736873
0.0048,-0.0054,-4.588527245295674,-0.011174094202776161,0.00575362496417546
0.0049,-0.0054,-4.593382599346172,-0.011320402867141073,0.004675909116080671
0.005,-0.0054,-4.605041132768156,-0.011285274618638362,0.0035575236672911537
0.0051,-0.0054,-4.606636976563072,-0.011554547710029991,0.002401307198827365
0.005200000000000001,-0.0054,-4.608960068995785,-0.011516285198001906,0.0011390125834672819
0.0053,-0.0054,-4.614735838238337,-0.01150624971161698,7.056558886622301e-05
0.0054,-0.0054,-4.616782179182729,-0.011712281866212022,-0.001254736075790158
0.0055,-0.0054,-4.615867880422966,-0.011871111362587079,-0.0023550517022985222
0.0056,-0.0054,-4.617397125415973,-0.01201694927689823,-0.00354490387398643
0.005700000000000001,-0.0054,-4.620508559765544,-0.01223495210019953,-0.004606340547902835
0.0058,-0.0054,-4.620702205869809,-0.01249705254414538,-0.005847932498064848
0.0059,-0.0054,-4.608991315631363,-0.012487510717163072,-0.007021540408389907
0.006,-0.0054,-4.607612805940174,-0.012838824810161487,-0.00811674827679502
0.0061,-0.0054,-4.600756802125246,-0.012909307180204188,-0.009311894078633252
0.0062,-0.0054,-4.595589721730681,-0.013260143070979759,-0.010553975682964704
0.0063,-0.0054,-4.592905177273909,-0.013476683575214901,-0.011737184635312254
0.0064,-0.0054,-4.578650864516354,-0.013774441900888574,-0.013104006013835549
0.006499999999999999,-0.0054,-4.571023398448058,-0.013947118567365574,-0.014240623036834025
0.006600000000000001,-0.0054,-4.559546050275781,-0.014173414877292016,-0.015548274465148244
0.0067,-0.0054,-4.546392229073465,-0.014584325357117137,-0.01692924659013876
0.0068,-0.0054,-4.5310165200498504,-0.014918587274623094,-0.01821081912599742
0.0069,-0.0054,-4.517175214183985,-0.015247568197684642,-0.019456276606920238
0.006999999999999999,-0.0054,-4.504183020171255,-0.01564929460384388,-0.0209211823418865
0.007100000000000001,-0.0054,-4.485555726566926,-0.016014966949052648,-0.02255856659454693
0.0072,-0.0054,-4.4633241285092256,-0.01640971166355519,-0.02417301133428141
0.0073,-0.0054,-4.440636541631357,-0.016870381025198073,-0.025630513593700523
0.0074,-0.0054,-4.419356871130878,-0.017286742004386558,-0.027290612339370864
0.0075,-0.0054,-4.399268584689297,-0.01771638888386953,-0.029151145475094953
0.0076,-0.0054,-4.371840122498103,-0.01834755542877305,-0.030984355459199777
0.0077,-0.0054,-4.338533416747058,-0.018964659532749336,-0.03279194751225339
0.0078,-0.0054,-4.3025596252655145,-0.019413322658890772,-0.03491830705277702
0.0079,-0.0054,-4.274588140802868,-0.01962294213905491,-0.03692042762037742
0.008,-0.0054,-4.24566492468975,-0.02016367468033859,-0.03875160991960512
0.0081,-0.0054,-4.217128200020849,-0.020498051591082922,-0.0407923177890788
0.0082,-0.0054,-4.201968732600677,-0.020792045999794666,-0.04261577093085256
0.0083,-0.0054,-4.151132574137201,-0.02118561689839298,-0.04464455834289945
0.0084,-0.0054,-4.105640907239628,-0.020600637386214996,-0.045947558224060575
0.0085,-0.0054,-4.021945400063276,-0.02062437645641485,-0.047496298357136965
0.0086,-0.0054,-4.018937656127756,-0.019559774485564382,-0.04782585871912373
0.0087,-0.0054,-4.000076362654902,-0.019006072350999294,-0.048357610937138015
0.0088,-0.0054,-3.923970819117739,-0.017982074438259575,-0.0476275035739811
0.0089,-0.0054,-3.887416587922165,-0.016670478411303643,-0.04665928316895313
0.009,-0.0054,-3.847587076231409,-0.014674656822906583,-0.04430613709967648
0.0091,-0.0054,-3.80225458321364,-0.012922858361077861,-0.04125492310987138
0.0092,-0.0054,-3.8002362998203885,-0.01095601161101914,-0.03764614452162587
0.0093,-0.0054,-3.785822603709673,-0.008833338047770773,-0.03278987192499401
0.0094,-0.0054,-3.7772159902888127,-0.006748683244953988,-0.027668637430067883
0.0095,-0.0054,-3.7719382198588858,-0.004881330561238725,-0.022509248875792462
0.0096,-0.0054,-3.770974540258528,-0.00321207638035931,-0.016978765966460353
0.0097,-0.0054,-3.7729613724532594,-0.0018413753775829537,-0.011543210064029108
0.0098,-0.0054,-3.7761037693252466,-0.0008820980444805119,-0.006937894598534737
0.0099,-0.0054,-3.7784702138859867,-0.0002816882276383706,-0.003055932934450851
0.01,-0.0054,-3.779539010435447,0.0,0.0
0.0,-0.0053,-3.620463736471145,0.0,0.0
0.0001,-0.0053,-3.6198780311593017,-3.637517817224331e-05,0.00566833742602976
0.0002,-0.0053,-3.6204822223983544,-0.00013507245891512953,0.01041651865888907
0.0003,-0.0053,-3.620780850634511,-0.00027311594373587145,0.014542209866880262
0.0004,-0.0053,-3.62251081763816,-0.0004949139522722716,0.017627827900744082
0.0005,-0.0053,-3.6256585914728494,-0.000787192035310818,0.02044875421947527
0.0006,-0.0053,-3.6298216680742037,-0.0011446634519663636,0.022576268108835625
0.0007,-0.0053,-3.636528737296861,-0.001543259843375159,0.024536881639508082
0.0008,-0.0053,-3.643857509780906,-0.0019856938983128943,0.026105346027070125
0.0009,-0.0053,-3.6525212756128926,-0.002454300792969651,0.02759026561195889
0.001,-0.0053,-3.6650196496269145,-0.0029105826363930256,0.028738266792146597
0.0011,-0.0053,-3.6777559390200576,-0.003413935267423887,0.029943592952979672
0.0012,-0.0053,-3.6921144350567645,-0.003887739926427592,0.030846233069839357
0.0013000000000000002,-0.0053,-3.710094142937524,-0.004386728560981676,0.03161108791567568
0.0014,-0.0053,-3.7284305403529663,-0.004823794112762778,0.03227352593471739
0.0015,-0.0053,-3.750723122919023,-0.005269094967137022,0.03304444946903997
0.0016,-0.0053,-3.7749690882574445,-0.005697869108535614,0.03348547882033072
0.0017,-0.0053,-3.79945429750597,-0.0061563039987416,0.03400181623225892
0.0018,-0.0053,-3.8257490377853314,-0.006521635658576105,0.034106271403622324
0.0019,-0.0053,-3.854510492354256,-0.0068449650190166664,0.03430960601876412
0.002,-0.0053,-3.8808469890434676,-0.0072497468442201205,0.034386304894429835
0.0021,-0.0053,-3.911869530337537,-0.007575683968432636,0.034161938288906145
0.0022,-0.0053,-3.945697689068871,-0.007844724992978688,0.03394453857315972
0.0023,-0.0053,-3.97837391610415,-0.008179282491914727,0.03351706709021264
0.0024,-0.0053,-4.010138102106016,-0.008372664596170268,0.033121479993377674
0.0025,-0.0053,-4.045592076751357,-0.008594741661156076,0.032477151469227396
0.0026000000000000003,-0.0053,-4.079213445819735,-0.008787309122580666,0.0319405848421217
0.0027,-0.0053,-4.113200593486146,-0.008985452267579519,0.030972570576168208
0.0028,-0.0053,-4.14665687393472,-0.009151752353938784,0.030182622201639826
0.0029,-0.0053,-4.181131096500804,-0.009223538957631923,0.029116470417652175
0.003,-0.0053,-4.214029430662962,-0.009296076439305126,0.028249299722982707
0.0031,-0.0053,-4.2467156098459355,-0.009376245981510233,0.027034068109825483
0.0032,-0.0053,-4.276496603873996,-0.009501141347033136,0.02591854205589197
0.0033000000000000004,-0.0053,-4.3077094849154856,-0.009541039173164368,0.02471227771275967
0.0034,-0.0053,-4.336999756579499,-0.009593077081699118,0.023515542417269372
0.0034999999999999996,-0.0053,-4.366216595656647,-0.009578395177174152,0.022268168252693395
0.0036,-0.0053,-4.391933142703746,-0.009625782828195224,0.021032973198132465
0.0037,-0.0053,-4.417236809707285,-0.009634006785213362,0.019782935368649793
0.0038,-0.0053,-4.442928285175183,-0.009656166646261441,0.018371107437657196
0.0039,-0.0053,-4.465072226222453,-0.009672323966102373,0.017197003665293937
0.004,-0.0053,-4.4845053622368285,-0.009636181742943574,0.015919566057994085
0.0041,-0.0053,-4.504676822513322,-0.009645603579695065,0.014578041303003237
0.0042,-0.0053,-4.524566890959687,-0.009683941480674974,0.013350660922917819
0.0043,-0.0053,-4.542868504300412,-0.009692971330466963,0.012063960951183502
0.0044,-0.0053,-4.556642665402167,-0.009649375851018495,0.010965319343622422
0.0045,-0.0053,-4.568619542799628,-0.009764012566686025,0.009505679821953925
0.0046,-0.0053,-4.582838689008321,-0.009765134972148464,0.008295819054225691
0.0047,-0.0053,-4.590587621516238,-0.009935024634900386,0.007113113158599448
0.0048,-0.0053,-4.599405561399022,-0.009956757940155193,0.005842248091794584
0.0049,-0.0053,-4.6098079463657635,-0.010026935276798687,0.004743583499600825
0.005,-0.0053,-4.6153722694365005,-0.010132693045962371,0.0036977169725748837
0.0051,-0.0053,-4.6204530112064335,-0.01005336296290231,0.0024940495634625886
0.005200000000000001,-0.0053,-4.62398267526706,-0.010186153911650243,0.0011906497476213416
0.0053,-0.0053,-4.631269687900789,-0.010577409868987999,0.00012088199171950247
0.0054,-0.0053,-4.626187602421064,-0.010471625181950772,-0.0010276996362883796
0.0055,-0.0053,-4.6286801342553945,-0.010814002500351281,-0.0021938965613946156
0.0056,-0.0053,-4.632063524004861,-0.010471786780104766,-0.0033619628000010437
0.005700000000000001,-0.0053,-4.638519314596822,-0.01136079574481867,-0.004521541235718627
0.0058,-0.0053,-4.632369606735729,-0.011078056373974902,-0.005606754223761007
0.0059,-0.0053,-4.627446614445716,-0.01134061147518995,-0.006761441509515901
0.006,-0.0053,-4.626852930100884,-0.011514156605550272,-0.007929266191346766
0.0061,-0.0053,-4.62065887376546,-0.01191790679341642,-0.009105792982019318
0.0062,-0.0053,-4.6130385065826385,-0.011823763700876205,-0.010262809834916732
0.0063,-0.0053,-4.604421057859052,-0.012293590802315991,-0.01162675916284976
0.0064,-0.0053,-4.597324815752709,-0.012427896679547336,-0.012879080930471177
0.006499999999999999,-0.0053,-4.591700851802455,-0.01258673855619366,-0.013967612342952192
0.006600000000000001,-0.0053,-4.5808770983038825,-0.012954915165246184,-0.01512438037504691
0.0067,-0.0053,-4.569078084673795,-0.013321835889722411,-0.01653161594171889
0.0068,-0.0053,-4.55391066511502,-0.013614422183604497,-0.017868814110276864
0.0069,-0.0053,-4.5378023252112225,-0.01390758897278008,-0.01908488893526654
0.006999999999999999,-0.0053,-4.5232995270611145,-0.014256731871579553,-0.020798668617488483
0.007100000000000001,-0.0053,-4.506827136070627,-0.014629821284473774,-0.022041127999638806
0.0072,-0.0053,-4.488311063677498,-0.015105389140466713,-0.023637785805422803
0.0073,-0.0053,-4.4635573129926,-0.01548522920742449,-0.025319112314323725
0.0074,-0.0053,-4.440139641187017,-0.016004201609025825,-0.026792961945779004
0.0075,-0.0053,-4.416641519069099,-0.016464917613311175,-0.028509795824436995
0.0076,-0.0053,-4.393983075852824,-0.017080282176886962,-0.03038888373515577
0.0077,-0.0053,-4.367429561763727,-0.017495942056940585,-0.03220411055721006
0.0078,-0.0053,-4.335709851195938,-0.017932277302546703,-0.03438067760673075
0.0079,-0.0053,-4.301275400918228,-0.018515227183045962,-0.036561786754090046
0.008,-0.0053,-4.2771738883952635,-0.019019008163855933,-0.0384123380487086
0.0081,-0.0053,-4.2329147809226635,-0.019591530070498468,-0.04089607683249243
0.0082,-0.0053,-4.181357215725911,-0.019954808140183557,-0.04301552924689716
0.0083,-0.0053,-4.137045372277026,-0.020025224576247294,-0.04484144621785116
0.0084,-0.0053,-4.113885559462793,-0.01993871154042813,-0.04623644867457715
0.0085,-0.0053,-4.0395551099965585,-0.019194971345005085,-0.04803598273875732
0.0086,-0.0053,-4.012791113153631,-0.01936164394311149,-0.049113640896178555
0.0087,-0.0053,-3.9838232059481746,-0.018850619528234996,-0.04940447635206579
0.0088,-0.0053,-3.9397539407927984,-0.017810275794235813,-0.04897189082777595
0.0089,-0.0053,-3.904280278762856,-0.01622707891477841,-0.048390173078010246
0.009,-0.0053,-3.8516069379169475,-0.014883061412720897,-0.046224509316173085
0.0091,-0.0053,-3.865860446472611,-0.013060491921183394,-0.043275799540769246
0.0092,-0.0053,-3.8205368356076286,-0.011098479168967668,-0.039763358280986066
0.0093,-0.0053,-3.8040805758008265,-0.00911091951177075,-0.034969416608004636
0.0094,-0.0053,-3.794434072113435,-0.007001057530277755,-0.02979448489157878
0.0095,-0.0053,-3.78825357133825,-0.005075976683530454,-0.024140294911221244
0.0096,-0.0053,-3.7867280229798825,-0.003311731548678181,-0.018524817171482782
0.0097,-0.0053,-3.7873911565954423,-0.0019280011336318568,-0.012720442821423754
0.0098,-0.0053,-3.791043119312878,-0.0009650009690919765,-0.00789111096220175
0.0099,-0.0053,-3.7940868658780524,-0.0002950055879109455,-0.003403884968306278
0.01,-0.0053,-3.793836559703418,0.0,0.0
0.0,-0.005200000000000001,-3.6317893812652207,0.0,0.0
0.0001,-0.005200000000000001,-3.63209091023056,-1.2828931913604255e-05,0.005723466849353905
0.0002,-0.005200000000000001,-3.6319892052254077,-0.00015312111009600977,0.01046383373147581
0.0003,-0.005200000000000001,-3.631763883961867,-0.0001974890117351023,0.014600723245505643
0.0004,-0.005200000000000001,-3.634212255900931,-0.00035947637455261235,0.01800197405278153
0.0005,-0.005200000000000001,-3.637070215708624,-0.0006148131685705443,0.020767913050847183
0.0006,-0.005200000000000001,-3.6414359325498844,-0.0009107204233799833,0.023040350707427174
0.0007,-0.005200000000000001,-3.6466391089261267,-0.0012664690816667824,0.025020346660301958
0.0008,-0.005200000000000001,-3.6546734239093293,-0.0016488955906913312,0.02652053590967654
0.0009,-0.005200000000000001,-3.664046667072679,-0.002059727447844148,0.0280994429567145
0.001,-0.005200000000000001,-3.6768569463375056,-0.0025179392600896133,0.02938060524188664
0.0011,-0.005200000000000001,-3.6887887317964063,-0.002931082057435724,0.030321210638354974
0.0012,-0.005200000000000001,-3.703831089631183,-0.003364464557812157,0.031270576871941236
0.0013000000000000002,-0.005200000000000001,-3.7213867054446346,-0.0037658080322551545,0.032021088312641895
0.0014,-0.005200000000000001,-3.741834723488651,-0.004214455251639828,0.03286056466991549
0.0015,-0.005200000000000001,-3.7614934852018767,-0.004663554154603146,0.033342244581868755
0.0016,-0.005200000000000001,-3.787627037862032,-0.004974870209774514,0.03395036218317276
0.0017,-0.005200000000000001,-3.812487227634894,-0.005357040131722665,0.03425057304131101
0.0018,-0.005200000000000001,-3.8375217147958747,-0.005711505324239985,0.03447329192514215
0.0019,-0.005200000000000001,-3.8677935530588248,-0.0060339316927530825,0.034629023047692775
0.002,-0.005200000000000001,-3.899654060697448,-0.006397565951285953,0.03455166430340114
0.0021,-0.005200000000000001,-3.9266798733182253,-0.006708049182243617,0.03453050506434131
0.0022,-0.005200000000000001,-3.9551436807765996,-0.006839944331318662,0.034299562217041356
0.0023,-0.005200000000000001,-3.9912250606159243,-0.007088831451040352,0.03382510025256782
0.0024,-0.005200000000000001,-4.025198258070221,-0.007356098421387575,0.03326621882538554
0.0025,-0.005200000000000001,-4.060010719222573,-0.007520877141368421,0.03275912566215833
0.0026000000000000003,-0.005200000000000001,-4.093651763681757,-0.007693255461226168,0.032070005524579025
0.0027,-0.005200000000000001,-4.1266707332875665,-0.007829850232868195,0.031227246683467647
0.0028,-0.005200000000000001,-4.163822814559431,-0.007941556915772858,0.030362098651833442
0.0029,-0.005200000000000001,-4.194987013670926,-0.008054156320825024,0.029192631634037475
0.003,-0.005200000000000001,-4.227588752212867,-0.00811073334573635,0.02828923471069765
0.0031,-0.005200000000000001,-4.260556993721907,-0.008181499091066496,0.027093729931460083
0.0032,-0.005200000000000001,-4.2915573682487,-0.008251449516697457,0.02600609983266581
0.0033000000000000004,-0.005200000000000001,-4.321617345133071,-0.008352692318440226,0.024824265162797315
0.0034,-0.005200000000000001,-4.352036564505712,-0.008323971016556206,0.02344324795337009
0.0034999999999999996,-0.005200000000000001,-4.379189071706847,-0.008290873006006198,0.022279725085374125
0.0036,-0.005200000000000001,-4.406001644419172,-0.00832383824338446,0.021104327806987313
0.0037,-0.005200000000000001,-4.431846057905392,-0.008363063353870284,0.019725465762279144
0.0038,-0.005200000000000001,-4.454158085836812,-0.008391681811505647,0.01846200947360272
0.0039,-0.005200000000000001,-4.47611037500544,-0.008360989459344197,0.01712000855505855
0.004,-0.005200000000000001,-4.498711485572392,-0.008340645803703011,0.01593548894037375
0.0041,-0.005200000000000001,-4.517442833133486,-0.008401631395592335,0.014586013452250962
0.0042,-0.005200000000000001,-4.533944658204623,-0.008378349894217875,0.013435198954199038
0.0043,-0.005200000000000001,-4.55484339007923,-0.00838250539270205,0.012163192028436923
0.0044,-0.005200000000000001,-4.567611573443206,-0.008426471793676187,0.011024085709331485
0.0045,-0.005200000000000001,-4.578038303595639,-0.008436955458036497,0.009758556169204714
0.0046,-0.005200000000000001,-4.593487888890326,-0.008528339109107405,0.00827022475004306
0.0047,-0.005200000000000001,-4.599764167211868,-0.00859475850235952,0.0072396367162696346
0.0048,-0.005200000000000001,-4.610711589422606,-0.008664347740751565,0.006053941127792442
0.0049,-0.005200000000000001,-4.616437711017751,-0.00881815520950609,0.004785493582096303
0.005,-0.005200000000000001,-4.626304182622728,-0.008935359130319257,0.0036316455026341103
0.0051,-0.005200000000000001,-4.629410293107118,-0.008947852800862353,0.002575975206123959
0.005200000000000001,-0.005200000000000001,-4.636407800348924,-0.009064321003883996,0.001457748523062659
0.0053,-0.005200000000000001,-4.641344113756089,-0.00932790843212519,0.000312793649697532
0.0054,-0.005200000000000001,-4.646579236082101,-0.009171946165872701,-0.00094444142654323
0.0055,-0.005200000000000001,-4.646462604331465,-0.009527496755913212,-0.0020136664205944294
0.0056,-0.005200000000000001,-4.649306075140984,-0.009540660241742233,-0.0031786697123700695
0.005700000000000001,-0.005200000000000001,-4.6489391713918575,-0.009925343339434317,-0.0043870800890055146
0.0058,-0.005200000000000001,-4.64434584687021,-0.009663001473449203,-0.005416035397719754
0.0059,-0.005200000000000001,-4.645812050792485,-0.009900605516964485,-0.006577579654827706
0.006,-0.005200000000000001,-4.639271615182397,-0.010114162375743734,-0.007802097127200653
0.0061,-0.005200000000000001,-4.637415135368104,-0.010404971076466438,-0.00890291048931993
0.0062,-0.005200000000000001,-4.637257373903271,-0.011093582327917871,-0.010073154743655856
0.0063,-0.005200000000000001,-4.621248806054322,-0.010937797867477875,-0.011235596577236625
0.0064,-0.005200000000000001,-4.620197208449192,-0.011269130716647244,-0.012468048214948865
0.006499999999999999,-0.005200000000000001,-4.610125109852875,-0.01156961006643542,-0.013652788799978175
0.006600000000000001,-0.005200000000000001,-4.592420119770237,-0.01183423071155006,-0.015015647878023619
0.0067,-0.005200000000000001,-4.590391381324114,-0.01194323848906674,-0.016196581050878223
0.0068,-0.005200000000000001,-4.57242686499119,-0.012262438252444408,-0.01753044918093524
0.0069,-0.005200000000000001,-4.5565808073954965,-0.012661302209611409,-0.018692768373162746
0.006999999999999999,-0.005200000000000001,-4.543534043431008,-0.013052296740504324,-0.020247770243008723
0.007100000000000001,-0.005200000000000001,-4.524514126218863,-0.013399305412774454,-0.02168565710333044
0.0072,-0.005200000000000001,-4.505904472757744,-0.013797781273258376,-0.02327385685404238
0.0073,-0.005200000000000001,-4.4879163164760465,-0.014187834665779393,-0.024734675751075318
0.0074,-0.005200000000000001,-4.4624540955586465,-0.014652390560351653,-0.026489100868438982
0.0075,-0.005200000000000001,-4.437711331100405,-0.015176455666104184,-0.027992827485167654
0.0076,-0.005200000000000001,-4.412911149701125,-0.015695900673316034,-0.0299141235538266
0.0077,-0.005200000000000001,-4.3897760760421285,-0.016199095764762635,-0.031870771978868284
0.0078,-0.005200000000000001,-4.361277692950525,-0.016812933538392385,-0.03351184394805556
0.0079,-0.005200000000000001,-4.322897082442697,-0.017312087511957487,-0.035738693254616975
0.008,-0.005200000000000001,-4.289248581414391,-0.017970373689189252,-0.038022115798065886
0.0081,-0.005200000000000001,-4.249949949422863,-0.01840773160173424,-0.04010755960277475
0.0082,-0.005200000000000001,-4.196931467782582,-0.01879725891577229,-0.04230105320845861
0.0083,-0.005200000000000001,-4.175090952993687,-0.019055402738128637,-0.04442888916471461
0.0084,-0.005200000000000001,-4.137402046280775,-0.019285069075333866,-0.04626860045883168
0.0085,-0.005200000000000001,-4.123347622005834,-0.01898172256793353,-0.047725015850527124
0.0086,-0.005200000000000001,-4.0376864514701545,-0.018786343404230285,-0.049567032421356724
0.0087,-0.005200000000000001,-4.01660712146983,-0.01822719439043832,-0.04999965816779226
0.0088,-0.005200000000000001,-3.985823492763174,-0.01729013717964377,-0.05020578678976373
0.0089,-0.005200000000000001,-3.9404848537341737,-0.01633461114304228,-0.04926740331083309
0.009,-0.005200000000000001,-3.86708006209134,-0.015062690178777422,-0.047313837935918625
0.0091,-0.005200000000000001,-3.841045138768406,-0.01313221219723092,-0.04559079754796235
0.0092,-0.005200000000000001,-3.841803710258175,-0.011281571356783655,-0.041714171120637224
0.0093,-0.005200000000000001,-3.8230884311964344,-0.009188147686476912,-0.03718879784536935
0.0094,-0.005200000000000001,-3.811430241040791,-0.007225888871633332,-0.031525646948830165
0.0095,-0.005200000000000001,-3.804216603115944,-0.005217418759277612,-0.02590254198289517
0.0096,-0.005200000000000001,-3.802198424475259,-0.0035239761059214824,-0.01998176477380429
0.0097,-0.005200000000000001,-3.8026248160105114,-0.002062266536084527,-0.014287240987458358
0.0098,-0.005200000000000001,-3.806121964367013,-0.0010114292649516785,-0.008758566812626337
0.0099,-0.005200000000000001,-3.8078329047549535,-0.00031539471609709214,-0.003856689627236318
0.01,-0.005200000000000001,-3.809568056767068,0.0,0.0
0.0,-0.0051,-3.643583614318117,0.0,0.0
0.0001,-0.0051,-3.6431723427940823,-1.040416031907592e-05,0.005686881837735225
0.0002,-0.0051,-3.642592163756364,-9.695731559369565e-05,0.010507953621852174
0.0003,-0.0051,-3.642593072661854,-0.0001121013138560876,0.014596170213032653
0.0004,-0.0051,-3.6459142954903276,-0.00022760340707428766,0.01797618795288046
0.0005,-0.0051,-3.647136270380133,-0.0004301833667080764,0.020923720687198683
0.0006,-0.0051,-3.650938393426279,-0.0006909919456261062,0.023421955639354352
0.0007,-0.0051,-3.657225871793435,-0.000986589503154604,0.02529499923169456
0.0008,-0.0051,-3.6655539676681532,-0.0013302315889454977,0.026887048207695975
0.0009,-0.0051,-3.6752009178726213,-0.0016586379726982786,0.028386924016215877
0.001,-0.0051,-3.6878997906066973,-0.0020654103023300357,0.02963688066773546
0.0011,-0.0051,-3.7006120852226565,-0.0024397891718708348,0.030692688409904557
0.0012,-0.0051,-3.7163930160409273,-0.0028261645426863706,0.03166183990959251
0.0013000000000000002,-0.0051,-3.7332421865221317,-0.003204848026225387,0.03249413979567197
0.0014,-0.0051,-3.752604958215234,-0.003578489348471608,0.03322657189101041
0.0015,-0.0051,-3.7720971925469384,-0.004004052122142897,0.03381192528652247
0.0016,-0.0051,-3.800923264365251,-0.004245858711280948,0.034316964230235635
0.0017,-0.0051,-3.8257024885298767,-0.004596726939939309,0.03454368567303039
0.0018,-0.0051,-3.8487567896710755,-0.0048821980072567455,0.034742600257537684
0.0019,-0.0051,-3.875408296896285,-0.005164649795965828,0.03485893653311455
0.002,-0.0051,-3.9113338649450777,-0.0053128167501073666,0.03480265296330453
0.0021,-0.0051,-3.9423395773979597,-0.00574564394129645,0.03475527474114429
0.0022,-0.0051,-3.974430397107172,-0.00597749383771621,0.034457438035137414
0.0023,-0.0051,-4.005274611376013,-0.006099715150529453,0.033963564860396304
0.0024,-0.0051,-4.039847970672097,-0.006298830142432416,0.03348655765514197
0.0025,-0.0051,-4.072318792988296,-0.006408928117090396,0.03285695836635092
0.0026000000000000003,-0.0051,-4.10726641104282,-0.006562570756838547,0.03202421175100948
0.0027,-0.0051,-4.140788948983656,-0.006720366255159947,0.031229984995399886
0.0028,-0.0051,-4.173512804863168,-0.006770862904605976,0.030338440021401278
0.0029,-0.0051,-4.207943584002566,-0.006885689032983128,0.029472166751175977
0.003,-0.0051,-4.2422496986557325,-0.0069232859832859045,0.02832949906529323
0.0031,-0.0051,-4.272952245496131,-0.006958429366213663,0.027157690803626636
0.0032,-0.0051,-4.304222605778125,-0.006991585431215067,0.026049068401621512
0.0033000000000000004,-0.0051,-4.33551086257515,-0.007001849226570812,0.02480619021178236
0.0034,-0.0051,-4.3637019350482955,-0.007092561810990908,0.02345808493364746
0.0034999999999999996,-0.0051,-4.391022488869312,-0.007089738267844529,0.022341659909622474
0.0036,-0.0051,-4.417555603441358,-0.007055947454145341,0.021020995962853575
0.0037,-0.0051,-4.442558394285178,-0.007090058651540289,0.01975330442577852
0.0038,-0.0051,-4.467033502212489,-0.007076316487300064,0.018489790093272847
0.0039,-0.0051,-4.488483016853017,-0.007123082427492345,0.01714992224473588
0.004,-0.0051,-4.509350922736082,-0.0071254260130248145,0.015935953931968658
0.0041,-0.0051,-4.529651539743141,-0.007094489087495455,0.01471326399316205
0.0042,-0.0051,-4.546763954334136,-0.007143779902972275,0.0133571133672379
0.0043,-0.0051,-4.560032504411267,-0.007161764543123706,0.012104356992098995
0.0044,-0.0051,-4.582304423223019,-0.007221404154443924,0.01091660844243128
0.0045,-0.0051,-4.593245630708599,-0.007192722315311541,0.009706412645316373
0.0046,-0.0051,-4.604799681698282,-0.0072279205431767,0.008482724115852843
0.0047,-0.0051,-4.615955788965343,-0.007442488484191972,0.007307740299405273
0.0048,-0.0051,-4.622742111462051,-0.0073309186795044255,0.006118886825145407
0.0049,-0.0051,-4.634871659236129,-0.007358480092173946,0.005078715130544451
0.005,-0.0051,-4.63924223641708,-0.007423532150122029,0.0038152975899703604
0.0051,-0.0051,-4.646428091082194,-0.007690287736446262,0.002612643490695643
0.005200000000000001,-0.0051,-4.651646885182168,-0.00800872952733282,0.001517185968115956
0.0053,-0.0051,-4.655614375431996,-0.007771329044242892,0.0004887158773593328
0.0054,-0.0051,-4.660421491942228,-0.008065132535394875,-0.0007541595427624868
0.0055,-0.0051,-4.66402413311456,-0.00826317109661637,-0.0019173576628451457
0.0056,-0.0051,-4.665192374384505,-0.008448189140549931,-0.003041215661457196
0.005700000000000001,-0.0051,-4.666310499865044,-0.008510663590584269,-0.004213789733742364
0.0058,-0.0051,-4.662519706463895,-0.008400248669858635,-0.005285523754219351
0.0059,-0.0051,-4.65903205232504,-0.00893610746830915,-0.006383463052275407
0.006,-0.0051,-4.655130818460245,-0.009180498685717492,-0.007582978241461489
0.0061,-0.0051,-4.650745906423876,-0.00896246548103564,-0.008621438471141017
0.0062,-0.0051,-4.65136779655646,-0.00950707953585576,-0.00979077850711866
0.0063,-0.0051,-4.643814457299861,-0.009928660316596519,-0.010965545235972117
0.0064,-0.0051,-4.638224851944973,-0.0099129067319223,-0.012141622946098753
0.006499999999999999,-0.0051,-4.624296093355462,-0.009999468418495099,-0.013358294180148295
0.006600000000000001,-0.0051,-4.616681153064484,-0.010517450307927962,-0.014675114205195385
0.0067,-0.0051,-4.6021007792111925,-0.01064707667711669,-0.015893710389690757
0.0068,-0.0051,-4.588741548384391,-0.011172669374905063,-0.01721298915121592
0.0069,-0.0051,-4.574528786824898,-0.011370887530555178,-0.018634979083382547
0.006999999999999999,-0.0051,-4.562526201489779,-0.011739104759743223,-0.019947112098290847
0.007100000000000001,-0.0051,-4.545063568789185,-0.012023395651117128,-0.021331845090031207
0.0072,-0.0051,-4.522430287605825,-0.012487727022391176,-0.022760039798049095
0.0073,-0.0051,-4.50592137298381,-0.012913248391259725,-0.024286864452638352
0.0074,-0.0051,-4.482905718927101,-0.013402913207994714,-0.025961537166344487
0.0075,-0.0051,-4.459819652463191,-0.013894981624367704,-0.027559421006610903
0.0076,-0.0051,-4.433169130504819,-0.014405805085165778,-0.02924348144164364
0.0077,-0.0051,-4.406164959549814,-0.014902348853405257,-0.03121597995709198
0.0078,-0.0051,-4.381692722820766,-0.015524250033888765,-0.03319715021861813
0.0079,-0.0051,-4.354831450247177,-0.01595562716583034,-0.03533225591604583
0.008,-0.0051,-4.31068685962852,-0.016644538424177662,-0.037410241830787914
0.0081,-0.0051,-4.281365062457964,-0.017067390620841043,-0.03957383791659742
0.0082,-0.0051,-4.265498824314575,-0.01751935590570434,-0.041807480145819705
0.0083,-0.0051,-4.2187868875147725,-0.01809416119595002,-0.04408685260797868
0.0084,-0.0051,-4.150536911110527,-0.018434237804929206,-0.04660777965968811
0.0085,-0.0051,-4.11477996736301,-0.01745603163192668,-0.048386202011989426
0.0086,-0.0051,-4.090866339854442,-0.017563954018915053,-0.049187587197535555
0.0087,-0.0051,-4.021663348020954,-0.017286776993389062,-0.05028599916895198
0.0088,-0.0051,-3.9743074037244615,-0.016964277470976095,-0.05077735596312516
0.0089,-0.0051,-3.9300753524221843,-0.016539030762777053,-0.050813731022530555
0.009,-0.0051,-3.9111949222785762,-0.01494117237438361,-0.049000210996610755
0.0091,-0.0051,-3.869227692143052,-0.013066731278299755,-0.04732280456666575
0.0092,-0.0051,-3.8623539310540327,-0.011219680196684989,-0.0435083967921365
0.0093,-0.0051,-3.843516127506264,-0.009354206119859597,-0.03913405987822933
0.0094,-0.0051,-3.8293920194024884,-0.007315017686772277,-0.033815235855051064
0.0095,-0.0051,-3.8206745755854747,-0.00541741932936159,-0.028128409113404064
0.0096,-0.0051,-3.817521940064684,-0.00366712852294439,-0.021410964098354204
0.0097,-0.0051,-3.8181291053494366,-0.002116404600038505,-0.015460730494643964
0.0098,-0.0051,-3.820981009212824,-0.0010051592246827158,-0.009488794560449682
0.0099,-0.0051,-3.823749489640804,-0.0003317219691680413,-0.004273346515265576
0.01,-0.0051,-3.824436193552133,0.0,0.0
0.0,-0.005,-3.6532024488080435,0.0,0.0
0.0001,-0.005,-3.654036357018764,-1.083807100425026e-05,0.005732469081244577
0.0002,-0.005,-3.6526863859089347,-0.00010693932960423713,0.010720294217322183
0.0003,-0.005,-3.652867065926837,-3.43318895380224e-05,0.014811377310812722
0.0004,-0.005,-3.655048373438304,-0.00012055123084189451,0.018172684639928435
0.0005,-0.005,-3.65761666036059,-0.00023533316840678527,0.021062032148417665
0.0006,-0.005,-3.662229703221531,-0.00045283420128426014,0.023611276450071734
0.0007,-0.005,-3.6681149387906578,-0.0007024158958713495,0.02556360683412511
0.0008,-0.005,-3.6756221751262164,-0.0009881846548452783,0.027220679718527704
0.0009,-0.005,-3.685290180128009,-0.0012744528002093657,0.028730022902909554
0.001,-0.005,-3.696599380921325,-0.0016278163974524766,0.029903036458222648
0.0011,-0.005,-3.712271267910804,-0.0019460677131053032,0.031148145355164827
0.0012,-0.005,-3.727023635611802,-0.0022656510523563324,0.03200536265065703
0.0013000000000000002,-0.005,-3.7438109258256866,-0.002611366453525088,0.03284248034370826
0.0014,-0.005,-3.766019158582143,-0.0028803863275704174,0.033345382752629195
0.0015,-0.005,-3.784998595842589,-0.00327936471360192,0.03395108705981263
0.0016,-0.005,-3.8066090822526277,-0.0035208963136853498,0.034313051985599925
0.0017,-0.005,-3.8325853471995623,-0.0037864874317967744,0.03463215135987473
0.0018,-0.005,-3.862379186433192,-0.0041171670222171185,0.0351981942936736
0.0019,-0.005,-3.8858764540651975,-0.0043662538310407055,0.03514332643794204
0.002,-0.005,-3.912529122254887,-0.0043921393363629225,0.034954247044213786
0.0021,-0.005,-3.94895157739771,-0.004777981199110919,0.03491277244884629
0.0022,-0.005,-3.9853801277108634,-0.004951592451174726,0.034483424593390814
0.0023,-0.005,-4.01716185446155,-0.005066569111616022,0.034206152852762774
0.0024,-0.005,-4.051158317589069,-0.005249052657569294,0.033630294656484094
0.0025,-0.005,-4.0827578881707005,-0.005398277196301956,0.03298493858524273
0.0026000000000000003,-0.005,-4.117226687146881,-0.005440108654985582,0.03232967268476418
0.0027,-0.005,-4.154440373419812,-0.00558254018942881,0.031302096158561964
0.0028,-0.005,-4.186278742790154,-0.005601329256240881,0.03035939136670053
0.0029,-0.005,-4.218908588804022,-0.0057150937174372425,0.029450901691553802
0.003,-0.005,-4.252961060708209,-0.005753312451759077,0.02832245490365697
0.0031,-0.005,-4.283023414864564,-0.005740364457564269,0.027248082203342752
0.0032,-0.005,-4.315466802804348,-0.005806264687397369,0.02607214565981982
0.0033000000000000004,-0.005,-4.3459642652146515,-0.005811621080529532,0.024816775432391833
0.0034,-0.005,-4.3738066958615045,-0.005817557284233337,0.023504133394683935
0.0034999999999999996,-0.005,-4.40191853071156,-0.005840323974911282,0.022277027622368065
0.0036,-0.005,-4.427776150252368,-0.005817693814748443,0.020991503561065168
0.0037,-0.005,-4.453224928873549,-0.0058276116208381265,0.019744400615928213
0.0038,-0.005,-4.476985365874243,-0.00580990550687168,0.01844261843533167
0.0039,-0.005,-4.498981451265854,-0.0058066947524591595,0.01716846439326601
0.004,-0.005,-4.518528494087027,-0.005854351451177287,0.016001570275296265
0.0041,-0.005,-4.5385814447965,-0.005824940167700077,0.014688518853010714
0.0042,-0.005,-4.557066087967892,-0.005863827986209161,0.013478317470171348
0.0043,-0.005,-4.572868350160947,-0.0058952577265204064,0.012078457594637302
0.0044,-0.005,-4.584184623629758,-0.005889248596941874,0.01092676761965617
0.0045,-0.005,-4.601085991143453,-0.0058755114035862555,0.00964239911961442
0.0046,-0.005,-4.614136321163364,-0.0059428256272129176,0.008524545873311692
0.0047,-0.005,-4.620709079225575,-0.006075640020945758,0.0073830712793014446
0.0048,-0.005,-4.631311001060929,-0.006233478936063836,0.006241322588101654
0.0049,-0.005,-4.643779237783299,-0.006044337479364642,0.005125000768666295
0.005,-0.005,-4.648569536581268,-0.006258931975774614,0.0039643996921897365
0.0051,-0.005,-4.658232144801114,-0.006339712956402076,0.002708926073122412
0.005200000000000001,-0.005,-4.663479025999935,-0.006467501267582363,0.001554320621834929
0.0053,-0.005,-4.668747282307578,-0.006862522996078688,0.0004843852065770423
0.0054,-0.005,-4.6706173607695805,-0.006932667422116754,-0.000547916644326037
0.0055,-0.005,-4.672622830277886,-0.006984524052995444,-0.0016217175615236348
0.0056,-0.005,-4.67508767956942,-0.007180742731856761,-0.0028328933059081716
0.005700000000000001,-0.005,-4.682263630023857,-0.007698322325625603,-0.003919612635091526
0.0058,-0.005,-4.677026391881977,-0.0075890755373386395,-0.005110711156147397
0.0059,-0.005,-4.67704114808891,-0.007503432689632158,-0.006183965775880141
0.006,-0.005,-4.67266650991577,-0.008117398128841376,-0.007373873686304955
0.0061,-0.005,-4.667609923065709,-0.00784307774738075,-0.008512108487980998
0.0062,-0.005,-4.669656833066996,-0.008565769163146565,-0.00969235318880714
0.0063,-0.005,-4.6627984588658205,-0.008446142983584084,-0.01086479840528405
0.0064,-0.005,-4.653653968924496,-0.008661699039820161,-0.012030896435333525
0.006499999999999999,-0.005,-4.643828728768748,-0.008687223854750521,-0.013244527101326287
0.006600000000000001,-0.005,-4.627728584661089,-0.009139161578496303,-0.014376306373405251
0.0067,-0.005,-4.622200971603799,-0.009311255458106899,-0.01565363640131645
0.0068,-0.005,-4.60575165997596,-0.009786555095090273,-0.016969207665079238
0.0069,-0.005,-4.595374132050536,-0.010129339346810623,-0.018198652326709877
0.006999999999999999,-0.005,-4.576911093907139,-0.01055361768687375,-0.019529909756414693
0.007100000000000001,-0.005,-4.563350228474206,-0.01076469031918652,-0.02090392074913818
0.0072,-0.005,-4.540994044182997,-0.011204165372364645,-0.02234649060239649
0.0073,-0.005,-4.521756398895106,-0.011565040966131509,-0.023848125554477174
0.0074,-0.005,-4.500268422384866,-0.01205522935991944,-0.02543686562045569
0.0075,-0.005,-4.480223526685535,-0.012571333441444269,-0.027113604712650882
0.0076,-0.005,-4.455038519532007,-0.013090136511619927,-0.028836320790092487
0.0077,-0.005,-4.426980666144301,-0.013634309176480827,-0.030631901031502953
0.0078,-0.005,-4.395925179487865,-0.014178918540053417,-0.03257409509639341
0.0079,-0.005,-4.371952405498093,-0.014709365682732779,-0.03478919943267345
0.008,-0.005,-4.3478475870578555,-0.015344440387683816,-0.03686888087762251
0.0081,-0.005,-4.3013350344047545,-0.016125222955619484,-0.03906907108979604
0.0082,-0.005,-4.261903307981978,-0.016593923523113153,-0.04165523841581727
0.0083,-0.005,-4.2132197711734625,-0.0170460642114267,-0.04373208083827926
0.0084,-0.005,-4.140690648057275,-0.01738807560130905,-0.045986261840233814
0.0085,-0.005,-4.137075865993181,-0.01715736716268646,-0.048701519725331203
0.0086,-0.005,-4.144938519476812,-0.017540996382143684,-0.04999997009084684
0.0087,-0.005,-4.090662426594097,-0.017238565019070663,-0.050759568978432104
0.0088,-0.005,-3.9881609413171164,-0.016686269007187584,-0.05151909662848408
0.0089,-0.005,-3.8970046989195346,-0.015492996122963665,-0.05287381103176361
0.009,-0.005,-3.945797276077884,-0.014338148612256046,-0.050861969539377716
0.0091,-0.005,-3.8990008460607695,-0.013108978256532684,-0.04869683312406002
0.0092,-0.005,-3.870179124272619,-0.011227083109479553,-0.04533562931674762
0.0093,-0.005,-3.8594089600243513,-0.009421086842024837,-0.04090223571441406
0.0094,-0.005,-3.847562055306397,-0.007446178146259252,-0.03576287848415807
0.0095,-0.005,-3.8379639263150183,-0.005493920565380441,-0.029747300690512613
0.0096,-0.005,-3.833867845948261,-0.003729454926217364,-0.0234011130936307
0.0097,-0.005,-3.834199435336719,-0.0022232320411785175,-0.01654787750230499
0.0098,-0.005,-3.836067177019489,-0.0010574547848915894,-0.010202653634047024
0.0099,-0.005,-3.839339122527756,-0.0003464769877533308,-0.004798587481383296
0.01,-0.005,-3.8404569487732267,0.0,0.0
0.0,-0.0049,-3.6629306089796088,0.0,0.0
0.0001,-0.0049,-3.664099366622774,3.0027685693439558e-05,0.005657809102683472
0.0002,-0.0049,-3.6634209069150523,-1.759662752629657e-05,0.010605806867880867
0.0003,-0.0049,-3.6622253629419306,1.357259201205125e-05,0.014845219068842563
0.0004,-0.0049,-3.663978227117323,1.0247814620954841e-05,0.018439051866112634
0.0005,-0.0049,-3.667168614749947,-6.287323079220073e-05,0.02147079627982507
0.0006,-0.0049,-3.671667120111742,-0.0002073504468997797,0.023837353852604777
0.0007,-0.0049,-3.6773526287740177,-0.0004137068864836464,0.025943111143075678
0.0008,-0.0049,-3.684242768256349,-0.000647403898741252,0.027508631300145373
0.0009,-0.0049,-3.695361824254733,-0.0008855031533855486,0.028920889685796893
0.001,-0.0049,-3.7060171586779185,-0.001177273771055016,0.03039588708051898
0.0011,-0.0049,-3.719968632058618,-0.001412248592117283,0.031356291089557536
0.0012,-0.0049,-3.736643816286737,-0.0016782745690480782,0.03235271873266969
0.0013000000000000002,-0.0049,-3.7539392827565785,-0.002020073161060954,0.033196167828398945
0.0014,-0.0049,-3.7736379729163287,-0.0023082558628023495,0.03376554005466747
0.0015,-0.0049,-3.7954655624791966,-0.002593665520603809,0.03449154904030894
0.0016,-0.0049,-3.8163269878113915,-0.0028085483543507485,0.03485923642875212
0.0017,-0.0049,-3.8449808701432238,-0.002940309498497009,0.03496981711202806
0.0018,-0.0049,-3.8758179244133837,-0.003184855089990782,0.035347817862673984
0.0019,-0.0049,-3.909029991658657,-0.0035298829086141807,0.035297471905300075
0.002,-0.0049,-3.926136450979985,-0.003651066310225116,0.03553504288321223
0.0021,-0.0049,-3.9556599244090913,-0.0037524908466574566,0.03511820740438776
0.0022,-0.0049,-3.9917390518702165,-0.003947118905159216,0.03482564978592458
0.0023,-0.0049,-4.028673452013063,-0.004103734364499257,0.03436614022776693
0.0024,-0.0049,-4.061798533684524,-0.00416300184212704,0.03372861624694231
0.0025,-0.0049,-4.097389981018259,-0.004263328094819292,0.033040439989761604
0.0026000000000000003,-0.0049,-4.1283187282671046,-0.004404468030421953,0.03236966753401579
0.0027,-0.0049,-4.161147670509979,-0.004403771716505196,0.031430179978383606
0.0028,-0.0049,-4.195963383099569,-0.004473418220135964,0.030474144098910305
0.0029,-0.0049,-4.230226943859274,-0.004535437680803711,0.02947595940114637
0.003,-0.0049,-4.260653632349037,-0.0045034841386683445,0.028321127391416595
0.0031,-0.0049,-4.2934260367413515,-0.004572372759406876,0.027182926748909243
0.0032,-0.0049,-4.324498551479214,-0.004572616190098579,0.026006955389852173
0.0033000000000000004,-0.0049,-4.354222929715682,-0.0045994718804603365,0.024754945395550884
0.0034,-0.0049,-4.382519393543064,-0.004580407759836919,0.02360067549697398
0.0034999999999999996,-0.0049,-4.409914648175732,-0.004544459360635677,0.0222908212160204
0.0036,-0.0049,-4.4368338608388855,-0.0045642317427049385,0.020964152685706828
0.0037,-0.0049,-4.461864442337695,-0.004576012682962872,0.01975359901233141
0.0038,-0.0049,-4.48363474908325,-0.004562273550083984,0.018443965377007453
0.0039,-0.0049,-4.506298549911571,-0.004560472089848602,0.017149706124332132
0.004,-0.0049,-4.526423766159186,-0.004574629434795524,0.015958991259150332
0.0041,-0.0049,-4.5469275012121475,-0.004609502263657911,0.014632377631903308
0.0042,-0.0049,-4.564556505685779,-0.004677127949199471,0.013351328685148848
0.0043,-0.0049,-4.580284443180836,-0.004612223057808339,0.012261066783890391
0.0044,-0.0049,-4.593448530305066,-0.004562260210344732,0.01088331781850655
0.0045,-0.0049,-4.608852276604848,-0.004717116939658634,0.009805449246145655
0.0046,-0.0049,-4.617674254758945,-0.004591667429174791,0.008600003785628965
0.0047,-0.0049,-4.631853431110957,-0.0049198075416601724,0.007434841389901974
0.0048,-0.0049,-4.641355093276247,-0.004986262638913013,0.006283669972130196
0.0049,-0.0049,-4.6515242314102405,-0.005059569701967127,0.005162577216262684
0.005,-0.0049,-4.660743048528207,-0.005142080939877454,0.0039413530123915816
0.0051,-0.0049,-4.663804647938893,-0.005228237345286258,0.002830313438778687
0.005200000000000001,-0.0049,-4.673690580272906,-0.005332537500358253,0.0017632929462091992
0.0053,-0.0049,-4.679121135098511,-0.005553959757501631,0.0006130187472496722
0.0054,-0.0049,-4.67849582874524,-0.005723803929423328,-0.0005804920314504521
0.0055,-0.0049,-4.686464511755512,-0.0059447486463572495,-0.0015834688177000001
0.0056,-0.0049,-4.68951654028782,-0.005892402396580583,-0.0026370483007037617
0.005700000000000001,-0.0049,-4.691423058955231,-0.006031808676508302,-0.0037868384342945615
0.0058,-0.0049,-4.6911856161453445,-0.006333384902421098,-0.004926665521174071
0.0059,-0.0049,-4.694830272330944,-0.006293770322524224,-0.006002146410644888
0.006,-0.0049,-4.684366491899643,-0.006793871164106115,-0.007099304020169986
0.0061,-0.0049,-4.687071415349017,-0.006645219634965523,-0.008320539457349374
0.0062,-0.0049,-4.678327147604978,-0.00703161060039129,-0.009417348032627481
0.0063,-0.0049,-4.673824063928405,-0.006942898741270541,-0.010641054710560163
0.0064,-0.0049,-4.667665940548764,-0.00742150312895665,-0.01174529276742675
0.006499999999999999,-0.0049,-4.65220846337162,-0.00771168809821688,-0.01297444924150927
0.006600000000000001,-0.0049,-4.64817847468898,-0.007779928704994436,-0.014095612501329638
0.0067,-0.0049,-4.636389384801828,-0.008078398120905076,-0.015431244140692314
0.0068,-0.0049,-4.621442300236429,-0.008366645323438835,-0.016680837422517022
0.0069,-0.0049,-4.6101045740091,-0.008789671828671955,-0.017943658527746577
0.006999999999999999,-0.0049,-4.59437796632202,-0.009140645157505338,-0.019197075311127812
0.007100000000000001,-0.0049,-4.574296678229927,-0.00949962144123466,-0.02050733710782411
0.0072,-0.0049,-4.558002807675012,-0.009887103497864515,-0.02196926397296809
0.0073,-0.0049,-4.53863504846028,-0.010301844303038987,-0.02339779884536841
0.0074,-0.0049,-4.519075747961959,-0.010743492002807185,-0.024934397045135313
0.0075,-0.0049,-4.496886899234411,-0.011241641311478862,-0.02656385932252856
0.0076,-0.0049,-4.474425421055739,-0.011756915873484139,-0.028292381102979686
0.0077,-0.0049,-4.447757616786206,-0.012301728884355653,-0.030079474029401726
0.0078,-0.0049,-4.417869890869326,-0.012933382473637081,-0.03193072539829517
0.0079,-0.0049,-4.386008092079177,-0.01357412778566432,-0.0341062580364411
0.008,-0.0049,-4.364524864964827,-0.014077857591041673,-0.03633107639117364
0.0081,-0.0049,-4.328797509302405,-0.014760903194600534,-0.03849740526869826
0.0082,-0.0049,-4.2897796301639834,-0.015393046979820791,-0.04092996001859829
0.0083,-0.0049,-4.264310749825581,-0.01593079070986628,-0.043354398442979114
0.0084,-0.0049,-4.241737598512119,-0.016473021321380923,-0.04606150974787002
0.0085,-0.0049,-4.189944639138846,-0.016736881242606364,-0.04842145388249654
0.0086,-0.0049,-4.150721482858303,-0.016342559875213044,-0.05015805600181679
0.0087,-0.0049,-4.148825989490211,-0.01642737458283653,-0.05000936824672103
0.0088,-0.0049,-4.108862893123738,-0.01557624666250197,-0.05113147248148936
0.0089,-0.0049,-3.9678155770750054,-0.01582787505093106,-0.05248752036602723
0.009,-0.0049,-3.987788817282049,-0.014583015376785287,-0.05128112143129502
0.0091,-0.0049,-3.9304043682339107,-0.012920676456185224,-0.049895543254852216
0.0092,-0.0049,-3.9687816428901974,-0.011212232097829712,-0.04748660807079382
0.0093,-0.0049,-3.8804013513451525,-0.009467551784206475,-0.042851275912029724
0.0094,-0.0049,-3.8667994094182148,-0.007582988921025872,-0.03806515258574633
0.0095,-0.0049,-3.855847850899312,-0.005650118750035012,-0.03161346288411684
0.0096,-0.0049,-3.850050438515716,-0.003885023797406552,-0.024965846508444186
0.0097,-0.0049,-3.849270736935301,-0.0022995118838801927,-0.018033324409919237
0.0098,-0.0049,-3.8516159463420063,-0.0011170504732859296,-0.011441995148290533
0.0099,-0.0049,-3.853985472616682,-0.0003647201705321562,-0.005232510661620636
0.01,-0.0049,-3.855382499998419,0.0,0.0
0.0,-0.0048,-3.6727369386633804,0.0,0.0
0.0001,-0.0048,-3.6757228971154343,4.601743184711226e-05,0.005707068511574286
0.0002,-0.0048,-3.6716277167170395,1.797606388954879e-05,0.010581266277274019
0.0003,-0.0048,-3.6697661567405007,9.896943594399155e-05,0.014742133373447234
0.0004,-0.0048,-3.673109137214918,0.00016509750532999216,0.01851471332996044
0.0005,-0.0048,-3.676310655587698,0.00010986678761743703,0.021324353936392874
0.0006,-0.0048,-3.6805274453191443,3.0818521772111794e-06,0.02396412937950758
0.0007,-0.0048,-3.6852834282257785,-0.00011674471877308962,0.026131457937702957
0.0008,-0.0048,-3.6935147342039185,-0.0002914048354377576,0.027706832547569983
0.0009,-0.0048,-3.703718728245963,-0.0004859653844235142,0.029254878909849003
0.001,-0.0048,-3.7166699836315784,-0.0006979149830797596,0.03056526431344079
0.0011,-0.0048,-3.728493735772219,-0.0009207192057142096,0.03164960897916393
0.0012,-0.0048,-3.7451159320380354,-0.001136617777622454,0.03249376810001932
0.0013000000000000002,-0.0048,-3.764921535642439,-0.0013322417496918358,0.03340512914081613
0.0014,-0.0048,-3.7834560001369533,-0.0015973719211097325,0.03402488500290076
0.0015,-0.0048,-3.806115735619882,-0.0018262804409527008,0.0346042557523812
0.0016,-0.0048,-3.8298105100457955,-0.001988461164072441,0.03529947073570888
0.0017,-0.0048,-3.855228458970438,-0.002187800072262319,0.03529468051697637
0.0018,-0.0048,-3.8813610292409275,-0.0022599093975976914,0.03546767241755752
0.0019,-0.0048,-3.910947136256038,-0.002485307828763144,0.03550038812779151
0.002,-0.0048,-3.9552354650886716,-0.002738451320119391,0.03541975749715507
0.0021,-0.0048,-3.974526212757229,-0.0028239637434203588,0.03541673113974553
0.0022,-0.0048,-4.004125025883634,-0.0029265132638889753,0.034843024431605675
0.0023,-0.0048,-4.038395857095839,-0.003060456452592114,0.03452674388175578
0.0024,-0.0048,-4.067349651410544,-0.0031750885111071106,0.03395116640550897
0.0025,-0.0048,-4.1007092938978715,-0.003155543141556373,0.03307891738932941
0.0026000000000000003,-0.0048,-4.139652509751131,-0.003218792796505867,0.032473512872291804
0.0027,-0.0048,-4.171124255005537,-0.0032656353991571646,0.031396363690491515
0.0028,-0.0048,-4.203457043033472,-0.0033325995703684407,0.030494944347044167
0.0029,-0.0048,-4.236239033326356,-0.003334090182764315,0.029487779733596644
0.003,-0.0048,-4.2681620536905855,-0.003365296158550888,0.02834601229406161
0.0031,-0.0048,-4.301764262200485,-0.003317274627170146,0.027277932475310365
0.0032,-0.0048,-4.332848998136421,-0.0033315327818661117,0.025999546088791806
0.0033000000000000004,-0.0048,-4.361994866661414,-0.0033628467410137548,0.024817486513553155
0.0034,-0.0048,-4.389896006154165,-0.0033749850913337037,0.02353083638725284
0.0034999999999999996,-0.0048,-4.417481603338542,-0.0033568259617125108,0.022393132984565634
0.0036,-0.0048,-4.443924053541692,-0.003322421931593735,0.021073712987789064
0.0037,-0.0048,-4.468137244049983,-0.0033172578995978187,0.019728265351176826
0.0038,-0.0048,-4.490650906472788,-0.0033252409516167317,0.018421307993961997
0.0039,-0.0048,-4.51414322501158,-0.0033092092156841143,0.0172208836433
0.004,-0.0048,-4.534559093150565,-0.0032876370994551784,0.015906077042943695
0.0041,-0.0048,-4.552445330790201,-0.003304506134884174,0.014724081712296617
0.0042,-0.0048,-4.570895470131103,-0.003310907743339564,0.013417587137463636
0.0043,-0.0048,-4.585169967304516,-0.0033177012145798645,0.012300082117635433
0.0044,-0.0048,-4.601219670609934,-0.0033666160644176047,0.011010161110179361
0.0045,-0.0048,-4.615709957292887,-0.0034767543759476,0.009814092910769222
0.0046,-0.0048,-4.626150621015386,-0.003519923358754732,0.008651611502338159
0.0047,-0.0048,-4.638852051186432,-0.0036067518085004706,0.007521537030288301
0.0048,-0.0048,-4.646697505496342,-0.0036194381040033224,0.006336973244890406
0.0049,-0.0048,-4.659249693024202,-0.0038410987731909377,0.005193468548676569
0.005,-0.0048,-4.668571365163182,-0.0036785173768168994,0.004070138236361621
0.0051,-0.0048,-4.678609966773209,-0.0037468032291558817,0.0029670745286738483
0.005200000000000001,-0.0048,-4.6795928770868676,-0.004033699549758627,0.0018668242970298087
0.0053,-0.0048,-4.6910008695952,-0.004320919368516091,0.0007439921502444512
0.0054,-0.0048,-4.695378358665045,-0.0043435925702623055,-0.0004279079460385985
0.0055,-0.0048,-4.695171801789286,-0.004427663870983713,-0.0014596688003875845
0.0056,-0.0048,-4.702712541012343,-0.004507211272739421,-0.0025888360502932146
0.005700000000000001,-0.0048,-4.704761882051143,-0.005037154994039606,-0.0036179825695127153
0.0058,-0.0048,-4.707987718893947,-0.0051456881540460336,-0.004667913650285378
0.0059,-0.0048,-4.703948660804236,-0.005149980225902821,-0.005889886875324695
0.006,-0.0048,-4.703140371765835,-0.005352418011302085,-0.006971890085212946
0.0061,-0.0048,-4.696919516258164,-0.005780703089306632,-0.008126592951640208
0.0062,-0.0048,-4.692937436603672,-0.005283976861461093,-0.00920839951105958
0.0063,-0.0048,-4.688359594697601,-0.005814684754918522,-0.010321076261319416
0.0064,-0.0048,-4.679055686509666,-0.005926986975334339,-0.011506135953853256
0.006499999999999999,-0.0048,-4.66919085157586,-0.006596201898019656,-0.012705709016043346
0.006600000000000001,-0.0048,-4.665622434261777,-0.0067831005969562486,-0.013861933077045
0.0067,-0.0048,-4.651935388264731,-0.006889666143781801,-0.015092407525890411
0.0068,-0.0048,-4.636031345744939,-0.007161304768752654,-0.0163445061728855
0.0069,-0.0048,-4.625929817839783,-0.007435021631949736,-0.01756556241552222
0.006999999999999999,-0.0048,-4.609485357713311,-0.007845905315869787,-0.018862685919043425
0.007100000000000001,-0.0048,-4.591895943675882,-0.008119660561751852,-0.02021157625449156
0.0072,-0.0048,-4.576574258854654,-0.008611878688736802,-0.021490345572462016
0.0073,-0.0048,-4.553784201397171,-0.008991879297752288,-0.02299898381910811
0.0074,-0.0048,-4.536448383429471,-0.009455054211456457,-0.024423335171111834
0.0075,-0.0048,-4.5116067584114035,-0.009982484931183986,-0.02607386981375273
0.0076,-0.0048,-4.48864056173902,-0.010463268801577809,-0.027744833759223864
0.0077,-0.0048,-4.464594236721859,-0.011028792553477404,-0.02962224761369822
0.0078,-0.0048,-4.437704531790166,-0.011645649590982998,-0.03145762391037671
0.0079,-0.0048,-4.407121033458853,-0.012224060944365107,-0.03360249085970284
0.008,-0.0048,-4.375216124279138,-0.012923953763226052,-0.035685778057991516
0.0081,-0.0048,-4.355304660931215,-0.013478291071375643,-0.03789190633013564
0.0082,-0.0048,-4.313254149596655,-0.014242788733597984,-0.04040351583771914
0.0083,-0.0048,-4.2731159639767355,-0.014832877518651366,-0.04297035217295906
0.0084,-0.0048,-4.2364340521618065,-0.015370765639092739,-0.04564793140454041
0.0085,-0.0048,-4.1656241090223345,-0.015956715066466686,-0.04798417231585351
0.0086,-0.0048,-4.121192198833939,-0.01610215831101452,-0.04975063567085199
0.0087,-0.0048,-4.067848688002696,-0.015840787393550493,-0.05188205979438348
0.0088,-0.0048,-4.111164034396598,-0.015208465269531275,-0.053032409722116286
0.0089,-0.0048,-3.9840545464240864,-0.014540090922882233,-0.05397587092219014
0.009,-0.0048,-4.02014526881359,-0.014064984844991161,-0.05383284865886258
0.0091,-0.0048,-3.9481248868357888,-0.012974324767402021,-0.05315192009780382
0.0092,-0.0048,-3.9017314736649897,-0.011237482900450641,-0.04904455270135369
0.0093,-0.0048,-3.899375409693398,-0.009441586500343692,-0.04527155326041084
0.0094,-0.0048,-3.882580911294141,-0.007665259557065026,-0.03993370029658081
0.0095,-0.0048,-3.8721834655369665,-0.005687574297551625,-0.03339880716555976
0.0096,-0.0048,-3.866114140070594,-0.0039105662789357285,-0.026455510849573805
0.0097,-0.0048,-3.8646802301180823,-0.002394611030719273,-0.01953617387772102
0.0098,-0.0048,-3.866520533585469,-0.0011429188054236951,-0.012359698623714891
0.0099,-0.0048,-3.8693720320721616,-0.00037232786104244117,-0.005792599489596793
0.01,-0.0048,-3.8702061999160247,0.0,0.0
0.0,-0.0047,-3.680247723593179,0.0,0.0
0.0001,-0.0047,-3.681247094729038,5.3767680885397186e-05,0.00564076409903255
0.0002,-0.0047,-3.6802537240372253,9.036477070967142e-05,0.010588396614561799
0.0003,-0.0047,-3.680124927954216,0.00020664043579012113,0.01472876058509724
0.0004,-0.0047,-3.681633900012416,0.00029102401486268527,0.018369110447523245
0.0005,-0.0047,-3.6834595643775905,0.00030452054336022033,0.021385282069695068
0.0006,-0.0047,-3.688927172558368,0.00024714734905680535,0.02415817008605732
0.0007,-0.0047,-3.694368715268416,0.00013429666853749072,0.026152946783730348
0.0008,-0.0047,-3.700699850921692,8.101497483709864e-05,0.0278540364831119
0.0009,-0.0047,-3.710861083222256,-9.561176576928649e-05,0.02945712801190912
0.001,-0.0047,-3.7236978688676055,-0.00023982560603433983,0.030810020689454626
0.0011,-0.0047,-3.7369879168426845,-0.00042157441057035536,0.031873766413333705
0.0012,-0.0047,-3.752560953603863,-0.000599053929276159,0.0327931839450945
0.0013000000000000002,-0.0047,-3.770788901162684,-0.0007430212468702895,0.03355577752985089
0.0014,-0.0047,-3.7905937747765464,-0.0009245598139963496,0.03425253106853709
0.0015,-0.0047,-3.8128256734093653,-0.0010810549165332667,0.03476546017180137
0.0016,-0.0047,-3.843870224510082,-0.0012884263033518051,0.03511723366011155
0.0017,-0.0047,-3.861916844972655,-0.0015189998611829026,0.03549646287125809
0.0018,-0.0047,-3.8710802727300404,-0.0015891500640734598,0.035480302228864974
0.0019,-0.0047,-3.914077961182928,-0.0015936413521986008,0.03546966024126731
0.002,-0.0047,-3.9507244620556445,-0.0017441754373130032,0.03506977599065647
0.0021,-0.0047,-3.986977122402332,-0.0019306794649059545,0.035068854343332345
0.0022,-0.0047,-4.009875427953822,-0.0019162132689881557,0.03510218312321763
0.0023,-0.0047,-4.0463919390188945,-0.001904235673540267,0.03446854706993954
0.0024,-0.0047,-4.081107163972516,-0.002124890245868435,0.0339145874427269
0.0025,-0.0047,-4.108536187251745,-0.0021205262565294654,0.03322589269214852
0.0026000000000000003,-0.0047,-4.140225082260187,-0.0021332615132398955,0.03240345911853113
0.0027,-0.0047,-4.177379994378383,-0.002146573901398896,0.03149044977159589
0.0028,-0.0047,-4.212706069045455,-0.0021793918202807415,0.030519289305594267
0.0029,-0.0047,-4.243216370377169,-0.00217561045797324,0.02946116716746146
0.003,-0.0047,-4.275792054966693,-0.0021502176695969424,0.028408358554271984
0.0031,-0.0047,-4.307973480650127,-0.002145869099180842,0.027207257609343477
0.0032,-0.0047,-4.337981620274606,-0.0021405297274640195,0.025991500634418227
0.0033000000000000004,-0.0047,-4.366667743780255,-0.002147901769626684,0.02479476877878254
0.0034,-0.0047,-4.396472914113924,-0.002117523105152929,0.023537289436365256
0.0034999999999999996,-0.0047,-4.423013021744839,-0.002118856937633353,0.022238718657194373
0.0036,-0.0047,-4.449256445645637,-0.002092254389907269,0.021031579380186294
0.0037,-0.0047,-4.4739044830318875,-0.0020919684006495748,0.019712882749386592
0.0038,-0.0047,-4.496803838585919,-0.0020671215474020663,0.018484045209440993
0.0039,-0.0047,-4.51695673586606,-0.002043411164417399,0.01720021743610031
0.004,-0.0047,-4.539024864813786,-0.0020755833766440052,0.01596423893518524
0.0041,-0.0047,-4.556784950595675,-0.0020731275437699476,0.014706953103371424
0.0042,-0.0047,-4.575917263318571,-0.002074295658311823,0.01345284094551632
0.0043,-0.0047,-4.590725340562909,-0.002188943390187998,0.012298711671684101
0.0044,-0.0047,-4.604444914607787,-0.0020825645594962946,0.011055308394257918
0.0045,-0.0047,-4.621037604300529,-0.002222511203253371,0.009882736389450919
0.0046,-0.0047,-4.632733402020052,-0.002266094182945035,0.008728642292719123
0.0047,-0.0047,-4.64495505717095,-0.002259622913478266,0.007555163457637822
0.0048,-0.0047,-4.656666611940637,-0.0024531922828102,0.006367584089724214
0.0049,-0.0047,-4.664811586305845,-0.0023838228684018373,0.005306007277477236
0.005,-0.0047,-4.676056950585401,-0.002681138678896432,0.0041416242192741275
0.0051,-0.0047,-4.680384151746461,-0.0023184345679927035,0.0031136925410533154
0.005200000000000001,-0.0047,-4.689716712580524,-0.0027754953627619552,0.001874746398522971
0.0053,-0.0047,-4.6978467875564665,-0.002917404240585074,0.0008432159496703246
0.0054,-0.0047,-4.700371995924437,-0.002866749983265356,-0.00019424439864973583
0.0055,-0.0047,-4.705346240234278,-0.003379057215449076,-0.0012402714619428098
0.0056,-0.0047,-4.713814179535422,-0.0033568384148106737,-0.002465202531700998
0.005700000000000001,-0.0047,-4.713913646885196,-0.0035649864176718325,-0.003317284482750791
0.0058,-0.0047,-4.710506157455084,-0.0037321770032393963,-0.004599204910011442
0.0059,-0.0047,-4.7162711608083825,-0.003540858171804313,-0.005665380176542285
0.006,-0.0047,-4.715064455956462,-0.003831292709790779,-0.006841027290321041
0.0061,-0.0047,-4.7150569064741115,-0.004196594589156664,-0.007952984667931057
0.0062,-0.0047,-4.7083752449568195,-0.004444648133439032,-0.009057707382563136
0.0063,-0.0047,-4.701377077548388,-0.00479019285290521,-0.010199641785490631
0.0064,-0.0047,-4.687861521343869,-0.004656295665261003,-0.011303055651589395
0.006499999999999999,-0.0047,-4.674114007199961,-0.005156166168557675,-0.012487482907831929
0.006600000000000001,-0.0047,-4.676651486365096,-0.005187770792312813,-0.013625561198365294
0.0067,-0.0047,-4.6614969412003155,-0.0054624474931856855,-0.01476014822637356
0.0068,-0.0047,-4.6543911114455145,-0.0058257100713837925,-0.016040315949618834
0.0069,-0.0047,-4.634219586392263,-0.006256491193760672,-0.017179259802197137
0.006999999999999999,-0.0047,-4.624990398420545,-0.006433215832938244,-0.01850119728621738
0.007100000000000001,-0.0047,-4.601626181041309,-0.0068293448345899226,-0.01982217633663899
0.0072,-0.0047,-4.584531842437869,-0.007264402974001722,-0.021085834590683257
0.0073,-0.0047,-4.569332509524779,-0.007623426052490848,-0.02252761705536912
0.0074,-0.0047,-4.546770828725191,-0.00811164136389721,-0.024004084460614784
0.0075,-0.0047,-4.528789785083279,-0.008617183707397974,-0.025494636129006584
0.0076,-0.0047,-4.50371542502391,-0.009154657112758783,-0.027160466050199825
0.0077,-0.0047,-4.479361337770113,-0.00972202043991061,-0.028865452240015417
0.0078,-0.0047,-4.452925618253296,-0.010304455837711274,-0.030899562817437595
0.0079,-0.0047,-4.426088861039203,-0.01104041550210864,-0.03272637384172763
0.008,-0.0047,-4.390199036939335,-0.011685069690173295,-0.03489403432739638
0.0081,-0.0047,-4.360976409264127,-0.012374879033445153,-0.0372175329552264
0.0082,-0.0047,-4.332042089547628,-0.012996037060907562,-0.03965716701822239
0.0083,-0.0047,-4.285403101645162,-0.013774187117093595,-0.04226326142229722
0.0084,-0.0047,-4.255848241902381,-0.014319814705689722,-0.0448696701777825
0.0085,-0.0047,-4.227124858591022,-0.014718088835360006,-0.04709080370267343
0.0086,-0.0047,-4.2020727186962485,-0.015011346915832464,-0.049413689587589564
0.0087,-0.0047,-4.195527772913596,-0.015528383943562455,-0.05159743390614146
0.0088,-0.0047,-4.116315586966817,-0.015343009031286763,-0.05364278296129563
0.0089,-0.0047,-3.9547884945060723,-0.01419977412435004,-0.05372671685022125
0.009,-0.0047,-3.997048335601113,-0.013687829713343988,-0.05483385868823246
0.0091,-0.0047,-3.8891715235119166,-0.012463066948072941,-0.05297622925986452
0.0092,-0.0047,-3.915481680981645,-0.011111148022097022,-0.050787533348816694
0.0093,-0.0047,-3.9214476001156586,-0.009351860716394857,-0.04665526788252788
0.0094,-0.0047,-3.900456021290603,-0.007747535274953705,-0.04165058474811549
0.0095,-0.0047,-3.8884662010065134,-0.005826487828013899,-0.03554610888432826
0.0096,-0.0047,-3.8817397703103413,-0.004031947425427263,-0.02812657749931224
0.0097,-0.0047,-3.8797574809882085,-0.0024132352922601424,-0.020494132476564147
0.0098,-0.0047,-3.8815495499003174,-0.0011770084086524355,-0.013369050759474869
0.0099,-0.0047,-3.883784664858537,-0.00038823821656403597,-0.006383716708483989
0.01,-0.0047,-3.885870467407483,0.0,0.0
0.0,-0.0046,-3.6894640171893758,0.0,0.0
0.0001,-0.0046,-3.688427244375452,5.886048151802859e-05,0.005548222206012229
0.0002,-0.0046,-3.6874552820713355,0.00018179614628180882,0.010474060571031583
0.0003,-0.0046,-3.6882831879434064,0.00031657638856773246,0.014626662026320526
0.0004,-0.0046,-3.6898091850089876,0.0003906063087730956,0.018338042354216665
0.0005,-0.0046,-3.6915029726881614,0.00046081958437768026,0.021315653310861778
0.0006,-0.0046,-3.6949702221875236,0.0004562748228239091,0.0239621526000494
0.0007,-0.0046,-3.701078962050143,0.0004327917615224967,0.026229047835561237
0.0008,-0.0046,-3.7079030449085644,0.00038027067912264835,0.02796225744065982
0.0009,-0.0046,-3.7179791985958572,0.0003267566627530444,0.029527440252917904
0.001,-0.0046,-3.730740901939924,0.0002427150906156755,0.03087298404989058
0.0011,-0.0046,-3.743913229991951,9.703302787700247e-05,0.031985833504263414
0.0012,-0.0046,-3.760054610620281,-4.481123059645494e-05,0.03298283992323233
0.0013000000000000002,-0.0046,-3.77758630121116,-0.00012410861228379384,0.03380461847651791
0.0014,-0.0046,-3.7976032017551384,-0.0002825159285474702,0.034432317924061144
0.0015,-0.0046,-3.816386340947645,-0.00034270797377978314,0.034934525546196804
0.0016,-0.0046,-3.8455670172302923,-0.0004933853025125024,0.0351931400750672
0.0017,-0.0046,-3.871094540897368,-0.00045113984768818465,0.03560460567560432
0.0018,-0.0046,-3.87933556582333,-0.001070741956374305,0.036123761801086694
0.0019,-0.0046,-3.92803566796384,-0.0008385549437421633,0.03574175467995847
0.002,-0.0046,-3.937025673345362,-0.0008879193754395925,0.035795590748558724
0.0021,-0.0046,-3.9794064508224305,-0.0007059047631534478,0.03526287026383312
0.0022,-0.0046,-4.0128843745301515,-0.0010140719375101364,0.03492844612377882
0.0023,-0.0046,-4.045152402768954,-0.0010417764819234553,0.03454892888367678
0.0024,-0.0046,-4.07922980846427,-0.0009555935031194292,0.033938953479256954
0.0025,-0.0046,-4.118828013649971,-0.0010143733363879952,0.03322051832036115
0.0026000000000000003,-0.0046,-4.149881551242956,-0.0010615859252181617,0.032501027975846745
0.0027,-0.0046,-4.181751826395894,-0.001035865067928729,0.031508365918287096
0.0028,-0.0046,-4.214884163701758,-0.0010648810530910443,0.030525712663327587
0.0029,-0.0046,-4.248063214433901,-0.0010317980074864483,0.029550292384598827
0.003,-0.0046,-4.281749783453709,-0.0009718213955300248,0.028421765000092847
0.0031,-0.0046,-4.311782755247355,-0.0010036364742953053,0.02727642903566055
0.0032,-0.0046,-4.341554061370054,-0.0009584252388187439,0.025976352516888776
0.0033000000000000004,-0.0046,-4.3712610637549245,-0.0009130137548454113,0.024786184333627878
0.0034,-0.0046,-4.3995753001388875,-0.000923402244589153,0.02350635603692219
0.0034999999999999996,-0.0046,-4.426991130917021,-0.0008971216341745026,0.022218358718242244
0.0036,-0.0046,-4.451877979317977,-0.0008580316776119791,0.020947070210072298
0.0037,-0.0046,-4.476769456743138,-0.0008505143373787297,0.019658938805017272
0.0038,-0.0046,-4.499521701438808,-0.0008435669424291654,0.01847318070840398
0.0039,-0.0046,-4.522086756779586,-0.000796595262858522,0.01720700298995941
0.004,-0.0046,-4.5440225502127785,-0.0008414204025324005,0.015943688354101766
0.0041,-0.0046,-4.558987208705758,-0.0008025474603517526,0.014703146940257268
0.0042,-0.0046,-4.578105429315663,-0.0008124124035368369,0.013458733000938073
0.0043,-0.0046,-4.594082365832609,-0.0008583532174948708,0.012278514880367138
0.0044,-0.0046,-4.60967886833914,-0.0008843851854800887,0.01108830938066802
0.0045,-0.0046,-4.624857960385673,-0.0009948454420878302,0.009902585229086597
0.0046,-0.0046,-4.637930039689765,-0.000988386378564419,0.008787478423062557
0.0047,-0.0046,-4.650182164516686,-0.0009799207142408214,0.007663241455967452
0.0048,-0.0046,-4.6605369395438,-0.0010481816815574728,0.006517172805628005
0.0049,-0.0046,-4.671341026225935,-0.0012938488351487587,0.005451421905141206
0.005,-0.0046,-4.681673685454819,-0.0011630504544233664,0.004248780584586277
0.0051,-0.0046,-4.691731526162031,-0.0014031255041549642,0.0032084713859229508
0.005200000000000001,-0.0046,-4.697210057583102,-0.0013928376436350449,0.0021200237025046555
0.0053,-0.0046,-4.703499679827561,-0.0014519644370547078,0.0010294931242121128
0.0054,-0.0046,-4.70539320414165,-0.0014849612738234638,-0.00012604752054178048
0.0055,-0.0046,-4.7143135908310825,-0.001713477849649359,-0.001200331061984236
0.0056,-0.0046,-4.7149310976143015,-0.001862017787380191,-0.0022536171406514678
0.005700000000000001,-0.0046,-4.721852470409312,-0.0020944430903713568,-0.0032797290990695667
0.0058,-0.0046,-4.716411266979518,-0.002126655300670089,-0.004479130904185412
0.0059,-0.0046,-4.718616416274931,-0.0023558233340936763,-0.005505859896650239
0.006,-0.0046,-4.724158103350132,-0.00271452173527183,-0.006579070386295111
0.0061,-0.0046,-4.715048860869039,-0.002717703019473444,-0.007703466112111103
0.0062,-0.0046,-4.711061202557136,-0.00260236965467903,-0.008860617962822621
0.0063,-0.0046,-4.707324452018704,-0.0030557447372707653,-0.010014789852700101
0.0064,-0.0046,-4.701782606074365,-0.003534915915659004,-0.011093047334161103
0.006499999999999999,-0.0046,-4.697302033520071,-0.0036308879634931405,-0.012175387461274025
0.006600000000000001,-0.0046,-4.689527908185955,-0.0039461924333182045,-0.013353841655326548
0.0067,-0.0046,-4.677205679001278,-0.004101314588303479,-0.01455814689063669
0.0068,-0.0046,-4.665283806238273,-0.004360820183208598,-0.015749868559473548
0.0069,-0.0046,-4.647829035449679,-0.004626712947691433,-0.016867728875258427
0.006999999999999999,-0.0046,-4.630456914767243,-0.005096202430237021,-0.01812364909134231
0.007100000000000001,-0.0046,-4.622354400875778,-0.005397744585888558,-0.019363002967352414
0.0072,-0.0046,-4.597656656279151,-0.005810571684181797,-0.020677581540448794
0.0073,-0.0046,-4.578679432449414,-0.006333347013233502,-0.022096623409787276
0.0074,-0.0046,-4.5591088276454546,-0.006773049637298294,-0.02349580158294737
0.0075,-0.0046,-4.538729357418514,-0.007316670276157876,-0.02499382065347571
0.0076,-0.0046,-4.514231610927688,-0.007873400244954787,-0.02663309750363986
0.0077,-0.0046,-4.490776401057336,-0.00843360299864405,-0.02823368133184219
0.0078,-0.0046,-4.466555986121778,-0.009083128512175574,-0.03013886571163246
0.0079,-0.0046,-4.44093743657406,-0.00972640194991628,-0.032031747501873126
0.008,-0.0046,-4.408734800549132,-0.010462649547478636,-0.034104187327561125
0.0081,-0.0046,-4.36942503630222,-0.011191043834302403,-0.03660274261842857
0.0082,-0.0046,-4.351075529475121,-0.011770017512828817,-0.03897182767534024
0.0083,-0.0046,-4.313626650111631,-0.01256235422488804,-0.041618930501153555
0.0084,-0.0046,-4.277320108680545,-0.0132390516477758,-0.04442821003723251
0.0085,-0.0046,-4.245301467607449,-0.013824345541081319,-0.04713328485806692
0.0086,-0.0046,-4.200451226939267,-0.014614980945585665,-0.049459068550617505
0.0087,-0.0046,-4.128304055169929,-0.014574764766011812,-0.05202872075412547
0.0088,-0.0046,-4.019600889963043,-0.013999237295152418,-0.0543072281215912
0.0089,-0.0046,-4.099154284377163,-0.013837059054114446,-0.05314582334033283
0.009,-0.0046,-4.033052389358165,-0.013631742111885621,-0.053000010776138966
0.0091,-0.0046,-3.9631356568665317,-0.012532373661884184,-0.05319179220312367
0.0092,-0.0046,-3.9851269410229717,-0.011986266809324778,-0.051958928559487055
0.0093,-0.0046,-3.9343701005602516,-0.009427484150560873,-0.04851168926046454
0.0094,-0.0046,-3.915790605740094,-0.00760154009471329,-0.04372568327821872
0.0095,-0.0046,-3.904599763058231,-0.005861859577631834,-0.037417849344697496
0.0096,-0.0046,-3.897830930564854,-0.004099091894029668,-0.030310328620170968
0.0097,-0.0046,-3.8943962540744708,-0.0024382327888597005,-0.022181541722324245
0.0098,-0.0046,-3.895675297917792,-0.001211340789252553,-0.014412178563462628
0.0099,-0.0046,-3.8982663552126833,-0.0004064262436142146,-0.006806484438969324
0.01,-0.0046,-3.8992726283333474,0.0,0.0
0.0,-0.0045,-3.6971092460028916,0.0,0.0
0.0001,-0.0045,-3.695445468609712,7.322345448463706e-05,0.0054179576493804185
0.0002,-0.0045,-3.694795264979098,0.00022289855049307042,0.010290476883831598
0.0003,-0.0045,-3.695362020034927,0.00036267322122398844,0.01458899621923064
0.0004,-0.0045,-3.6958436730693918,0.0005031707081257818,0.018139753588373143
0.0005,-0.0045,-3.69721068309235,0.0005974986319132316,0.021213763237419005
0.0006,-0.0045,-3.7009357967423036,0.0006699671234501212,0.024078420028813604
0.0007,-0.0045,-3.7073008644194623,0.000731756891760527,0.026188527025162153
0.0008,-0.0045,-3.7145054545342,0.00073406413999252,0.027984858170945648
0.0009,-0.0045,-3.724005930737972,0.0007074781179123978,0.029747652787099232
0.001,-0.0045,-3.736094693783402,0.0006771602696735237,0.030943272816331104
0.0011,-0.0045,-3.7497425547077268,0.0006162926722017161,0.03208763607824622
0.0012,-0.0045,-3.7656076390453386,0.0005265789449328238,0.03306341372339534
0.0013000000000000002,-0.0045,-3.782125439852466,0.00044918596912931906,0.03379228159011364
0.0014,-0.0045,-3.8036351309420975,0.000365480836341877,0.034485080792664054
0.0015,-0.0045,-3.815942785584053,0.0003376686189750036,0.03498871173301765
0.0016,-0.0045,-3.8571724386745183,0.00029290129960839184,0.03540390889990512
0.0017,-0.0045,-3.878041511577992,0.00020850425756271005,0.03561283139485786
0.0018,-0.0045,-3.9125938933902424,7.923051447408722e-05,0.03582470782264751
0.0019,-0.0045,-3.953837186375123,-0.00038030778348673716,0.03596206937338808
0.002,-0.0045,-3.964022411470004,-0.00023267451614152857,0.0362416998785867
0.0021,-0.0045,-3.989020255131234,0.00024005839755602347,0.0355887036326222
0.0022,-0.0045,-4.025154428867584,4.6676175392869335e-06,0.03494788555963546
0.0023,-0.0045,-4.056964486617571,-4.752339770854736e-06,0.03454445652210726
0.0024,-0.0045,-4.080686248976779,-5.6854621781708e-06,0.03402847377422318
0.0025,-0.0045,-4.114995617869211,6.857427001776655e-05,0.033179103124072344
0.0026000000000000003,-0.0045,-4.15291177322619,7.429055868890083e-05,0.032440108133216364
0.0027,-0.0045,-4.187271975708095,6.714522593073043e-05,0.031526426988632957
0.0028,-0.0045,-4.218283500953409,9.021711487194641e-05,0.030565831181045153
0.0029,-0.0045,-4.250500184229943,0.00015442235802266314,0.029447506621959663
0.003,-0.0045,-4.283227122571682,0.00016289479425538045,0.028393899459112616
0.0031,-0.0045,-4.314537030949387,0.00025229191747054536,0.02713255602649834
0.0032,-0.0045,-4.345053237572569,0.00019761396210609406,0.025995725564041006
0.0033000000000000004,-0.0045,-4.374050845043789,0.0002728933651985916,0.024751250780898904
0.0034,-0.0045,-4.401299017107315,0.00031523001507277815,0.023470415111155187
0.0034999999999999996,-0.0045,-4.429263771475849,0.00034666024771820813,0.022295500659729267
0.0036,-0.0045,-4.454775801688831,0.0003477092268214181,0.02105260868567739
0.0037,-0.0045,-4.47864772110779,0.00037205531919284245,0.0196955075112151
0.0038,-0.0045,-4.50192665926913,0.0004145323235316793,0.01844315314286749
0.0039,-0.0045,-4.523935974938925,0.00037326936894147066,0.017152279257150023
0.004,-0.0045,-4.542959618774139,0.00042157598168311754,0.015953127076161484
0.0041,-0.0045,-4.56439064350031,0.0004050515577332787,0.014730043850749565
0.0042,-0.0045,-4.579765864999415,0.0004349865156588629,0.013488271709634883
0.0043,-0.0045,-4.596278897275336,0.00034262553486437213,0.012322454372977618
0.0044,-0.0045,-4.611413024632789,0.0003837580359216518,0.011120792186957822
0.0045,-0.0045,-4.626034044526527,0.00026596457579508017,0.009975834007729495
0.0046,-0.0045,-4.639139502303038,0.0003756454707965883,0.008817992805565888
0.0047,-0.0045,-4.653725005757864,0.0001677158389548109,0.0076898159434200565
0.0048,-0.0045,-4.662426427446363,0.00018976923296338614,0.006601749457399614
0.0049,-0.0045,-4.676853092674537,5.394296855857871e-05,0.005560073024324977
0.005,-0.0045,-4.683551974195943,-3.9464957159373286e-05,0.004366001139228701
0.0051,-0.0045,-4.689107188519189,-3.731169547996193e-05,0.0033975698734701344
0.005200000000000001,-0.0045,-4.696337415444082,-0.00016381285077585636,0.002208659279800153
0.0053,-0.0045,-4.707365582793753,-0.00015664741035360046,0.0012060616157531661
0.0054,-0.0045,-4.710276140562851,-0.00024457944569057036,7.642763970557958e-05
0.0055,-0.0045,-4.7149524296059635,-0.0006529111472089763,-0.0009644154039493741
0.0056,-0.0045,-4.726148590217326,-0.0008340338579214221,-0.0020937254470733877
0.005700000000000001,-0.0045,-4.721129953944599,-0.0006361397987800801,-0.0032506036582985484
0.0058,-0.0045,-4.729897003604966,-0.0011726966908651658,-0.00430387990065071
0.0059,-0.0045,-4.727224249258673,-0.0009702661681882486,-0.005343910861455094
0.006,-0.0045,-4.724044812347874,-0.0011775386833851218,-0.00643157612178327
0.0061,-0.0045,-4.72250277299594,-0.0014056028608132533,-0.007499403824356474
0.0062,-0.0045,-4.721456104139646,-0.0013022243242085702,-0.008649829373197113
0.0063,-0.0045,-4.716201376582338,-0.0018470820956429633,-0.009721330180203396
0.0064,-0.0045,-4.702316686235869,-0.0021400427366431492,-0.010900181449832297
0.006499999999999999,-0.0045,-4.703430000148893,-0.0022037867419572323,-0.01196228078535084
0.006600000000000001,-0.0045,-4.693898996233498,-0.002419514319927136,-0.013083543663742188
0.0067,-0.0045,-4.681955204578568,-0.0027314133221784873,-0.01438652379567308
0.0068,-0.0045,-4.67491927693567,-0.0030346011973785914,-0.015538012396656399
0.0069,-0.0045,-4.65534958049188,-0.0034167714549923293,-0.016489015431711548
0.006999999999999999,-0.0045,-4.646549493710594,-0.003740533342332172,-0.017810949800098976
0.007100000000000001,-0.0045,-4.624471553363628,-0.004105423085426102,-0.018958083189486927
0.0072,-0.0045,-4.611389479683232,-0.004457992148546169,-0.02030035083016393
0.0073,-0.0045,-4.5925870325861915,-0.004967084759922974,-0.021637180410893884
0.0074,-0.0045,-4.569886396429312,-0.005445447101506568,-0.02298885520635156
0.0075,-0.0045,-4.5492089574818815,-0.005991232477294274,-0.024456203998475708
0.0076,-0.0045,-4.526652127799596,-0.006513848401474599,-0.026019096976921563
0.0077,-0.0045,-4.503243224857403,-0.007095179223619683,-0.027617341197711105
0.0078,-0.0045,-4.476092307530992,-0.007791243254345205,-0.029548573561154486
0.0079,-0.0045,-4.451122533348769,-0.008459390066098705,-0.031419925527909405
0.008,-0.0045,-4.424203218490808,-0.00916367520888877,-0.03356914692869519
0.0081,-0.0045,-4.388479788415769,-0.00995160660020161,-0.03566341934843339
0.0082,-0.0045,-4.358820389091171,-0.010651708119007482,-0.03823162843354138
0.0083,-0.0045,-4.3329966780989615,-0.011363248269574796,-0.040889578192271916
0.0084,-0.0045,-4.28501158819926,-0.012220685908547193,-0.04369119176071199
0.0085,-0.0045,-4.243085299892124,-0.012906387249242497,-0.04648219521956193
0.0086,-0.0045,-4.183859479729506,-0.013440070571128289,-0.0491009381318611
0.0087,-0.0045,-4.155507100542984,-0.013262066494477793,-0.05193971591808699
0.0088,-0.0045,-4.099998061533013,-0.013445407697839917,-0.05379411586111915
0.0089,-0.0045,-4.092737176225121,-0.01408798136787442,-0.054765335023893684
0.009,-0.0045,-4.059412713885483,-0.01260362740062874,-0.055099478253077275
0.0091,-0.0045,-4.2173049846135955,-0.012013930621544107,-0.05420694963019876
0.0092,-0.0045,-3.9446860956469516,-0.01114433828461605,-0.053947231934764694
0.0093,-0.0045,-3.9653691798242745,-0.009884101928162938,-0.05033451834741505
0.0094,-0.0045,-3.9366927311390847,-0.007779919410527663,-0.045465311634624306
0.0095,-0.0045,-3.921218379386325,-0.005862372212067979,-0.038983765406850196
0.0096,-0.0045,-3.912700893261154,-0.004051425800282499,-0.03180917030788636
0.0097,-0.0045,-3.909097601529266,-0.0024747666112935993,-0.023813028086733103
0.0098,-0.0045,-3.910130199193168,-0.0012371299309526542,-0.015541853866999326
0.0099,-0.0045,-3.9110522693449887,-0.00042325632126756957,-0.007411190204882786
0.01,-0.0045,-3.9136979938173946,0.0,0.0
0.0,-0.0044,-3.704094257860912,0.0,0.0
0.0001,-0.0044,-3.702742059191445,8.05012527178786e-05,0.00539388339017797
0.0002,-0.0044,-3.701927512491368,0.00023207766277509123,0.010162851906091414
0.0003,-0.0044,-3.7021044979601054,0.0004273873275087725,0.01437485026143785
0.0004,-0.0044,-3.7004097885941674,0.0005880472249690772,0.01814275357962856
0.0005,-0.0044,-3.7020383018856156,0.0007733566675849567,0.021261015974832927
0.0006,-0.0044,-3.7066627982580638,0.0008906951167239239,0.023889005117633574
0.0007,-0.0044,-3.711995873470486,0.0010133604664189098,0.026183604960261755
0.0008,-0.0044,-3.7199518043184976,0.0010766596418501273,0.02806838581388616
0.0009,-0.0044,-3.728661625450966,0.0010901377328112669,0.029561869856977643
0.001,-0.0044,-3.7406694444898916,0.0011388560246449208,0.031098492716868292
0.0011,-0.0044,-3.7537149653088284,0.0010733415751508577,0.03214289403352584
0.0012,-0.0044,-3.770352141665205,0.0010921629564275136,0.03313181412799841
0.0013000000000000002,-0.0044,-3.787916603469682,0.0010199293246715834,0.033824759776608496
0.0014,-0.0044,-3.80852757100402,0.00101546919343148,0.03453687078966596
0.0015,-0.0044,-3.8287868427013603,0.0009052252720594928,0.0350350771756708
0.0016,-0.0044,-3.841121526225587,0.0010775897182885295,0.03537969060547827
0.0017,-0.0044,-3.8629490289660486,0.001286937535457544,0.035665437300002704
0.0018,-0.0044,-3.907050781302309,0.0009378672796647122,0.035240914937284394
0.0019,-0.0044,-3.9774628958923692,0.000939654926069403,0.0352230769581733
0.002,-0.0044,-3.9874306947509557,0.00034291796509704106,0.035495754246536546
0.0021,-0.0044,-3.994756220192143,0.0007521952131107041,0.03546181405832411
0.0022,-0.0044,-4.011491634537859,0.0011190546768196923,0.0351336259934525
0.0023,-0.0044,-4.058602361599981,0.001123286846289901,0.034497002994156166
0.0024,-0.0044,-4.093827314479313,0.001019325259786184,0.03392295585715645
0.0025,-0.0044,-4.123378816665068,0.0010975335237184275,0.03326322810184958
0.0026000000000000003,-0.0044,-4.154528724690338,0.0011560070572106463,0.032419344440700125
0.0027,-0.0044,-4.187001038576027,0.0012340156033379683,0.03145707680655723
0.0028,-0.0044,-4.219996045525519,0.0012681322003350146,0.030599706354482628
0.0029,-0.0044,-4.253657386465614,0.0012852083448468936,0.029459770208462813
0.003,-0.0044,-4.28387733213904,0.001326299406565357,0.028303828658150888
0.0031,-0.0044,-4.314492610712267,0.0013922457145790672,0.02719873475893979
0.0032,-0.0044,-4.346115260540731,0.0014041904526424728,0.026027700741014556
0.0033000000000000004,-0.0044,-4.374700306121056,0.0014666973553168672,0.02473234494147056
0.0034,-0.0044,-4.402889386579959,0.0015366658954694898,0.02348327755180535
0.0034999999999999996,-0.0044,-4.429417777105091,0.0015453139971397106,0.02224215284377109
0.0036,-0.0044,-4.454955770912108,0.0015835520810051707,0.02098669898861813
0.0037,-0.0044,-4.479697177844118,0.001610222772780525,0.019723070001588874
0.0038,-0.0044,-4.50156542377233,0.001640776903044528,0.01843051232501073
0.0039,-0.0044,-4.524172226023145,0.001616905912558661,0.017161251592097415
0.004,-0.0044,-4.544941747072266,0.0016840389288820237,0.015920009962344328
0.0041,-0.0044,-4.563282679454368,0.0016700139386894661,0.014721363905075538
0.0042,-0.0044,-4.581735600401177,0.0016413305544340112,0.013501163909862649
0.0043,-0.0044,-4.598032109708777,0.0016238143489996624,0.012313541775253308
0.0044,-0.0044,-4.613436077105984,0.001534373611468006,0.0111591430165017
0.0045,-0.0044,-4.628019590381004,0.0014424886713596489,0.009998864236676919
0.0046,-0.0044,-4.64043637149718,0.001611445820083643,0.00888657902210252
0.0047,-0.0044,-4.655872889478963,0.001462510685210806,0.007765020885570262
0.0048,-0.0044,-4.666933832620849,0.001448975239336887,0.0066502942091896085
0.0049,-0.0044,-4.6756418231604355,0.0014391288551605305,0.0055099708104933524
0.005,-0.0044,-4.689154077968618,0.0014621065602172596,0.004425412684052807
0.0051,-0.0044,-4.6944201046404075,0.0014037469243273941,0.0033175164326385204
0.005200000000000001,-0.0044,-4.703823844233741,0.0013441796839214434,0.0022000268876074037
0.0053,-0.0044,-4.7089348962530115,0.0011588320349888955,0.0012608337476308186
0.0054,-0.0044,-4.714670922354004,0.0008771828760551482,0.00022066714323430264
0.0055,-0.0044,-4.715116994396164,0.0009002319011434151,-0.0008017987847552918
0.0056,-0.0044,-4.724314253482343,0.0008172263834007132,-0.001981206165440725
0.005700000000000001,-0.0044,-4.731144479111473,0.000780417087517167,-0.0030709070148236157
0.0058,-0.0044,-4.733622397594634,0.0005540880089637943,-0.00413286014371707
0.0059,-0.0044,-4.729818362000024,0.00042414010766717844,-0.005186605348149516
0.006,-0.0044,-4.724245722925833,0.0002725009216080033,-0.006269328065529398
0.0061,-0.0044,-4.7287446530859505,0.00017816038562022392,-0.007327312499373476
0.0062,-0.0044,-4.723950932971117,-0.00010926042482797879,-0.008465827175912195
0.0063,-0.0044,-4.716942362919047,-0.000379778950507875,-0.009476609378381937
0.0064,-0.0044,-4.714864153000236,-0.0005622266845573312,-0.010570320735385441
0.006499999999999999,-0.0044,-4.7051701094304805,-0.000688578597761826,-0.011740953148958802
0.006600000000000001,-0.0044,-4.691175415239905,-0.001026660254396056,-0.013003347902062277
0.0067,-0.0044,-4.683332832212859,-0.0012454796107188605,-0.013932848289748154
0.0068,-0.0044,-4.674258648632566,-0.0015674550341185105,-0.015126616134033849
0.0069,-0.0044,-4.660756610212248,-0.0018939546509428283,-0.0161714572192807
0.006999999999999999,-0.0044,-4.645593351900533,-0.0022959700401285576,-0.017408669319498627
0.007100000000000001,-0.0044,-4.631051951597549,-0.0026892053789378868,-0.018662452931885166
0.0072,-0.0044,-4.618026698298048,-0.003111616245920528,-0.01985822391792196
0.0073,-0.0044,-4.593307079006047,-0.0035660757787134567,-0.02114644841109142
0.0074,-0.0044,-4.579396217243115,-0.004048365117566374,-0.02249326670969223
0.0075,-0.0044,-4.552804354762372,-0.004562604549249643,-0.023917568326298697
0.0076,-0.0044,-4.53203649368088,-0.00512443636199516,-0.02542991446075704
0.0077,-0.0044,-4.510304797012289,-0.0058276915362958275,-0.027067986639000993
0.0078,-0.0044,-4.485902362772247,-0.006491398660531295,-0.028867895040458863
0.0079,-0.0044,-4.459892352971804,-0.007186901737735141,-0.03061606770887383
0.008,-0.0044,-4.432916843307055,-0.007907852925861995,-0.03277078155010451
0.0081,-0.0044,-4.404631406862359,-0.008671106091418425,-0.03498583838972776
0.0082,-0.0044,-4.372914800964692,-0.00955663905867736,-0.03745764211625963
0.0083,-0.0044,-4.335234985260573,-0.01027640620718231,-0.04004341609426773
0.0084,-0.0044,-4.291071988241733,-0.011034816942428274,-0.042859636950167875
0.0085,-0.0044,-4.256284303224588,-0.011715537199084854,-0.04599939368529376
0.0086,-0.0044,-4.235047142868665,-0.012181601458033695,-0.04838730134860806
0.0087,-0.0044,-4.21262434898174,-0.012254076597270467,-0.051583466010985124
0.0088,-0.0044,-4.1768698178874555,-0.012567781788638552,-0.053782613367897726
0.0089,-0.0044,-4.155184243873935,-0.01341924437918341,-0.055214716584011336
0.009,-0.0044,-4.015186084592207,-0.013099216345134746,-0.05649690304008335
0.0091,-0.0044,-4.002537041657392,-0.011591875909713745,-0.05615242145420362
0.0092,-0.0044,-4.140226090246024,-0.00923305603607356,-0.05474660816565409
0.0093,-0.0044,-4.028514062101844,-0.00938484320784584,-0.05203619644997187
0.0094,-0.0044,-3.9548211722650772,-0.0077881391280261855,-0.04706981384821967
0.0095,-0.0044,-3.9320612087698184,-0.005795396010339828,-0.041090450254336164
0.0096,-0.0044,-3.9265432682351853,-0.004068345928686689,-0.033498619045833344
0.0097,-0.0044,-3.922475920305954,-0.0025654754886835335,-0.024867335041843425
0.0098,-0.0044,-3.9226262990324923,-0.0012668372427100082,-0.016960393354523057
0.0099,-0.0044,-3.924189351858577,-0.0004406001531753153,-0.007947424802604306
0.01,-0.0044,-3.925246914327102,0.0,0.0
0.0,-0.0043,-3.7088746995321373,0.0,0.0
0.0001,-0.0043,-3.7080323157713404,8.637037900706738e-05,0.005247160317636829
0.0002,-0.0043,-3.7069346600300066,0.00024686920303036675,0.009924834981674931
0.0003,-0.0043,-3.7047656302396583,0.0004524117484089539,0.014251711143897443
0.0004,-0.0043,-3.7061711094726504,0.0007084020472773614,0.01777629609206786
0.0005,-0.0043,-3.707657054754987,0.0009324231823922071,0.020966011184818095
0.0006,-0.0043,-3.7112664200812344,0.0010995745150623707,0.023703375131109802
0.0007,-0.0043,-3.7164238460324355,0.0012487733363061712,0.026051500314501076
0.0008,-0.0043,-3.724073371768504,0.001382900234742448,0.027947066255292165
0.0009,-0.0043,-3.733325218222671,0.0014837124189454633,0.029599789432489466
0.001,-0.0043,-3.744320183701593,0.0015463813502196147,0.030946214602009216
0.0011,-0.0043,-3.757867041189255,0.0016319905748323742,0.032154701687578134
0.0012,-0.0043,-3.772504161057893,0.0016361741847560696,0.0331140690224497
0.0013000000000000002,-0.0043,-3.790801721024583,0.001676137155707718,0.033850838616247124
0.0014,-0.0043,-3.811315338790602,0.00171753866101702,0.034564184865898344
0.0015,-0.0043,-3.833614312005544,0.0017099840060022962,0.035136752988613365
0.0016,-0.0043,-3.853576196417231,0.00174936165100639,0.035418855609327136
0.0017,-0.0043,-3.865910766131594,0.0017875055778597913,0.03576996055969398
0.0018,-0.0043,-3.8707788040715116,0.002197282214263716,0.03580706114204969
0.0019,-0.0043,-3.9345628751241164,0.002068536651118835,0.03579133240497625
0.002,-0.0043,-3.9703909817628764,0.001967108842397578,0.03546006107429992
0.0021,-0.0043,-4.014997770463267,0.0016262044051912777,0.03510605888739677
0.0022,-0.0043,-4.023266129636607,0.0017893577242116604,0.03495704647839551
0.0023,-0.0043,-4.046108149877337,0.0019908054033476487,0.034601736530377916
0.0024,-0.0043,-4.084698055396682,0.002115976803251106,0.03385701092103214
0.0025,-0.0043,-4.122848669321985,0.002153667095726041,0.0331726113657939
0.0026000000000000003,-0.0043,-4.15377961241915,0.002247288738033482,0.03231760092595071
0.0027,-0.0043,-4.185010034584219,0.002312956985989839,0.031491800786270605
0.0028,-0.0043,-4.219965466787877,0.0024017681885199114,0.030411413754627983
0.0029,-0.0043,-4.2519378861820245,0.002408107445918182,0.02934706615300736
0.003,-0.0043,-4.283754038044385,0.0024661120892282475,0.0282765580363865
0.0031,-0.0043,-4.314014536085254,0.002544505637593438,0.027175063833745756
0.0032,-0.0043,-4.344276412286414,0.0025820712690971317,0.02584512512218136
0.0033000000000000004,-0.0043,-4.37377455378223,0.0026825446211642193,0.024675016953535824
0.0034,-0.0043,-4.401220881076605,0.0027307941499527884,0.02338641536101224
0.0034999999999999996,-0.0043,-4.428631903918576,0.002759434979259819,0.02211732195903018
0.0036,-0.0043,-4.452732276252586,0.002800839784476319,0.02095269695602369
0.0037,-0.0043,-4.477293111151998,0.0028411039602270864,0.01968247606253717
0.0038,-0.0043,-4.5007392032955975,0.00285617525921463,0.018402515376353006
0.0039,-0.0043,-4.522834623105813,0.002886657042912258,0.01719729783185527
0.004,-0.0043,-4.542259493527546,0.002862392088292134,0.0159226596890739
0.0041,-0.0043,-4.562114847586104,0.0028965298152564454,0.014753045566078605
0.0042,-0.0043,-4.580650221265885,0.00294693809108282,0.013506250425052975
0.0043,-0.0043,-4.59748154868448,0.002903921687986938,0.012352490004580882
0.0044,-0.0043,-4.612314192901527,0.0028014305125885343,0.011212446670703431
0.0045,-0.0043,-4.629042775188905,0.0027217240772983127,0.009991515591550579
0.0046,-0.0043,-4.641109271270668,0.0028203039826973655,0.008920995757461947
0.0047,-0.0043,-4.652339470401928,0.002686797839527952,0.007775387573642253
0.0048,-0.0043,-4.66313036339768,0.00273196358857171,0.0067221747939121895
0.0049,-0.0043,-4.675821263387191,0.002706890837430479,0.005592148196293195
0.005,-0.0043,-4.687448250098486,0.0025091087614049893,0.004483853409186645
0.0051,-0.0043,-4.697908568784121,0.002529660578372111,0.003482940712293345
0.005200000000000001,-0.0043,-4.699377882897416,0.002485070753784658,0.002329930049936395
0.0053,-0.0043,-4.7120938453803864,0.002407506702568736,0.0012704609988351421
0.0054,-0.0043,-4.714542988909855,0.002552308407537899,0.00013467517899124135
0.0055,-0.0043,-4.722270231043417,0.002168132073895101,-0.000821984194580079
0.0056,-0.0043,-4.723201094098392,0.002191832982364697,-0.0020265672448196654
0.005700000000000001,-0.0043,-4.727430750490101,0.0021768690712801316,-0.002918168117239864
0.0058,-0.0043,-4.726557410232376,0.0019851976058994653,-0.0039725665132569424
0.0059,-0.0043,-4.734121332364756,0.0017832790830769358,-0.005038685118970232
0.006,-0.0043,-4.729668194226068,0.0017862937807897037,-0.006166524287081757
0.0061,-0.0043,-4.726237099068467,0.0016332125950037036,-0.007172869039006925
0.0062,-0.0043,-4.723819712985373,0.0013704702147967472,-0.008233216217148565
0.0063,-0.0043,-4.721186023952201,0.001110391189505006,-0.009335100684818637
0.0064,-0.0043,-4.70805405781183,0.0009320286722731983,-0.010355202412900524
0.006499999999999999,-0.0043,-4.704533545682223,0.0006956367340733428,-0.011509437883001824
0.006600000000000001,-0.0043,-4.694129605145933,0.00043444907799569947,-0.012632038640994235
0.0067,-0.0043,-4.687122465587765,0.00022021651949673303,-0.013726494959304015
0.0068,-0.0043,-4.675753114166677,-0.00012300572666374272,-0.014766615278371543
0.0069,-0.0043,-4.662022533252946,-0.000512571174012851,-0.015940642483073267
0.006999999999999999,-0.0043,-4.645725832741177,-0.0008304617507230273,-0.01702896883469379
0.007100000000000001,-0.0043,-4.632119970794815,-0.0011354571830363266,-0.018138959009325863
0.0072,-0.0043,-4.615682454416342,-0.001611045231275083,-0.01937718689473343
0.0073,-0.0043,-4.601061771157416,-0.0020868616844183854,-0.020679652729914094
0.0074,-0.0043,-4.581784660229669,-0.0026604875245587172,-0.021980588839313038
0.0075,-0.0043,-4.561313284036166,-0.0032364110656794634,-0.023318083656819307
0.0076,-0.0043,-4.541476481096872,-0.003854478098782849,-0.024800458402516948
0.0077,-0.0043,-4.513670509556767,-0.004422181469912914,-0.026367586613629392
0.0078,-0.0043,-4.490772851817936,-0.005147704901748793,-0.028065230026119388
0.0079,-0.0043,-4.466151244181075,-0.005867863544475202,-0.02989854433031089
0.008,-0.0043,-4.439516511970035,-0.0066529226815371925,-0.03204433132338327
0.0081,-0.0043,-4.413660546613061,-0.0073876522237747546,-0.03422816811083939
0.0082,-0.0043,-4.385651353864209,-0.008262998160273554,-0.03666542425505921
0.0083,-0.0043,-4.349297519127453,-0.00911401703016,-0.03923865232783396
0.0084,-0.0043,-4.324750818123051,-0.009764042512984187,-0.042140184149932675
0.0085,-0.0043,-4.28079301911627,-0.01067344919014607,-0.04507210965497075
0.0086,-0.0043,-4.264532788833726,-0.01153881040766338,-0.04824244140101377
0.0087,-0.0043,-4.14807950622338,-0.011976445174923505,-0.0510290971320535
0.0088,-0.0043,-4.048233499199143,-0.011668177608867906,-0.05364889657067612
0.0089,-0.0043,-4.1316229075713435,-0.012176913824693922,-0.05431822295545329
0.009,-0.0043,-4.095652237645182,-0.012069573361429534,-0.055126700857864364
0.0091,-0.0043,-3.9864894392038477,-0.012017346973221227,-0.05613846314260637
0.0092,-0.0043,-3.9917488241596124,-0.010886183543169076,-0.05503281487898264
0.0093,-0.0043,-3.9989621451645108,-0.008802402615447789,-0.05398398829592235
0.0094,-0.0043,-3.9625121214020353,-0.0073704679533797245,-0.04873163525403183
0.0095,-0.0043,-3.9473602326332817,-0.005909173515565873,-0.042961932767219595
0.0096,-0.0043,-3.939606414744977,-0.0040995748835080765,-0.03502236388018222
0.0097,-0.0043,-3.93455700685637,-0.0025520233599935845,-0.02700334973248064
0.0098,-0.0043,-3.93654883846224,-0.0012862220333538573,-0.017471878914654484
0.0099,-0.0043,-3.936902082742897,-0.00044106657375963187,-0.008662804152385847
0.01,-0.0043,-3.937601205090076,0.0,0.0
0.0,-0.0042,-3.713645350945396,0.0,0.0
0.0001,-0.0042,-3.712457498914254,9.336044139955472e-05,0.005074632960364314
0.0002,-0.0042,-3.710300769287577,0.00030510677284795477,0.00972869395632982
0.0003,-0.0042,-3.710138367724679,0.000522502814473819,0.013924220617575138
0.0004,-0.0042,-3.709411814592623,0.0007855867417505095,0.01770439101103812
0.0005,-0.0042,-3.711809652398581,0.0010582051539659784,0.0207410919061676
0.0006,-0.0042,-3.7148486738865807,0.0013000615264902586,0.023577790963540516
0.0007,-0.0042,-3.7195890369826445,0.0015143689966295633,0.025874519868090386
0.0008,-0.0042,-3.7271144409211048,0.001727514243078409,0.027921724517492332
0.0009,-0.0042,-3.735898564552895,0.001891803373615711,0.029493701556346577
0.001,-0.0042,-3.7475150157656554,0.0019771191345361538,0.03095720120610336
0.0011,-0.0042,-3.760986425747598,0.0020729337983792866,0.03204437031914238
0.0012,-0.0042,-3.7757016299235335,0.0021819254408266832,0.03301572998098581
0.0013000000000000002,-0.0042,-3.792422204855083,0.0022612873775291207,0.033743106508405195
0.0014,-0.0042,-3.8118140019031537,0.0023238720833868875,0.03457623550731114
0.0015,-0.0042,-3.8370161742322413,0.002470593513597894,0.03504544488710625
0.0016,-0.0042,-3.8622082346791964,0.0024960474653644847,0.03541572313226902
0.0017,-0.0042,-3.895753071484476,0.0024698891846435286,0.03611376404377544
0.0018,-0.0042,-3.903726113783836,0.0024480340536484494,0.03614895701178379
0.0019,-0.0042,-3.9022426636718968,0.0024994891080748873,0.035733228217521874
0.002,-0.0042,-3.9641833645153532,0.002694677941862088,0.03527104468112182
0.0021,-0.0042,-4.000423017345258,0.0030319713672871144,0.03507530185940339
0.0022,-0.0042,-4.022957747821289,0.0029094476945450273,0.03473450202134818
0.0023,-0.0042,-4.060366084739409,0.002900447461904481,0.0345413606122727
0.0024,-0.0042,-4.09005453207999,0.0030668315406725223,0.03389808921877865
0.0025,-0.0042,-4.1189989543766234,0.003206634281107171,0.03309424275750377
0.0026000000000000003,-0.0042,-4.152190996499531,0.0033090892418212088,0.03227811301916595
0.0027,-0.0042,-4.1858483701912865,0.0033557220689650496,0.0314524345368476
0.0028,-0.0042,-4.219113562154078,0.003454160517203009,0.030422108467772546
0.0029,-0.0042,-4.249094246968442,0.0035936756662281093,0.029301291465938226
0.003,-0.0042,-4.280903982375353,0.003639851131020733,0.02820015292001627
0.0031,-0.0042,-4.312039453013505,0.0036640232190055834,0.02703361825700748
0.0032,-0.0042,-4.341787268890047,0.0038044939654128442,0.025831059627896526
0.0033000000000000004,-0.0042,-4.3702386253449195,0.0038620502632694315,0.024618594860037535
0.0034,-0.0042,-4.397824276263544,0.003906938638569196,0.023392378262995908
0.0034999999999999996,-0.0042,-4.425590414565385,0.003948895702898433,0.022126972734570594
0.0036,-0.0042,-4.450847547529529,0.004007833336247534,0.020896268534108448
0.0037,-0.0042,-4.475250277559117,0.0040314514318261375,0.019593219558851578
0.0038,-0.0042,-4.497602959541859,0.004091697589795668,0.018394581224316746
0.0039,-0.0042,-4.519254484652122,0.004085046764627994,0.017134530641011583
0.004,-0.0042,-4.540335264531743,0.004160413542192289,0.01589585836411368
0.0041,-0.0042,-4.559717092655467,0.004178592634464651,0.014698441933837743
0.0042,-0.0042,-4.576660422897467,0.004152549376855756,0.013519136937918133
0.0043,-0.0042,-4.59433212221002,0.004159276289681273,0.012344067807144428
0.0044,-0.0042,-4.61093860618499,0.004053775557175742,0.011206373130262574
0.0045,-0.0042,-4.624391655674864,0.004166264179757107,0.009995221795371956
0.0046,-0.0042,-4.641129370300833,0.004099204530262248,0.00889360710891512
0.0047,-0.0042,-4.652014861248526,0.004114667265527891,0.007804616736226089
0.0048,-0.0042,-4.661912765174443,0.00405785765306451,0.006644756935093677
0.0049,-0.0042,-4.671944253414176,0.004135930766933202,0.005630188670441141
0.005,-0.0042,-4.687476805312864,0.0038876932041268897,0.004573684914068611
0.0051,-0.0042,-4.691336193397524,0.004027451459017272,0.003558767402216891
0.005200000000000001,-0.0042,-4.699527561987372,0.0038452549219910887,0.0023841756031356778
0.0053,-0.0042,-4.707956398952879,0.003739377151005172,0.0014435322570371181
0.0054,-0.0042,-4.7136800656922055,0.003809685447215783,0.00021822566661150388
0.0055,-0.0042,-4.7187649059229955,0.0037705989622173267,-0.0005386031465860399
0.0056,-0.0042,-4.723789670666468,0.003620268978586936,-0.0016719600210290458
0.005700000000000001,-0.0042,-4.723827253957664,0.0034416007913260767,-0.0029199226457895452
0.0058,-0.0042,-4.726872495174471,0.003321058996139133,-0.003876089168953871
0.0059,-0.0042,-4.7299358655412265,0.0033046979124301476,-0.00488568643996162
0.006,-0.0042,-4.724073548540891,0.003076789578848483,-0.005955255594268041
0.0061,-0.0042,-4.725007564962804,0.003067893973013247,-0.007005440311656154
0.0062,-0.0042,-4.721517373279835,0.0027455418327427053,-0.008120284117893409
0.0063,-0.0042,-4.716995316852791,0.00268064135601538,-0.0091580128995122
0.0064,-0.0042,-4.705751350442932,0.0024880952297291464,-0.010219955444461372
0.006499999999999999,-0.0042,-4.704224089500138,0.002218176988733892,-0.011215408941579347
0.006600000000000001,-0.0042,-4.690936929965301,0.001954709746076854,-0.012219313747989615
0.0067,-0.0042,-4.684163119778045,0.0016236675637175263,-0.013246576640915992
0.0068,-0.0042,-4.6734018327430125,0.0012917643864846678,-0.014482417195919875
0.0069,-0.0042,-4.658050739680791,0.0010038226055614574,-0.015499360703461005
0.006999999999999999,-0.0042,-4.642559973167598,0.0006787597856021474,-0.016635070648011927
0.007100000000000001,-0.0042,-4.62921587506205,0.00022823386676080784,-0.017818519372297104
0.0072,-0.0042,-4.617082012374799,-0.00025183538248907975,-0.018890126980988343
0.0073,-0.0042,-4.599301216682205,-0.0007464485181373328,-0.020183767001908787
0.0074,-0.0042,-4.581361382157391,-0.0012062827507414852,-0.021395058623489418
0.0075,-0.0042,-4.562546156485991,-0.0018431862840210236,-0.022744532118465402
0.0076,-0.0042,-4.543206285613862,-0.002461379233581466,-0.024204854039298035
0.0077,-0.0042,-4.519469135407551,-0.0030286466192745356,-0.0256583629713319
0.0078,-0.0042,-4.494621917924916,-0.0038065784926094785,-0.027330329510858273
0.0079,-0.0042,-4.473172514290918,-0.004576625878645005,-0.02920111672573944
0.008,-0.0042,-4.44675755401528,-0.005344028123480503,-0.03128483233902111
0.0081,-0.0042,-4.418249565435549,-0.006169077721244607,-0.033476856803760634
0.0082,-0.0042,-4.39263924865871,-0.007042510142645915,-0.03589903824263139
0.0083,-0.0042,-4.359236553474858,-0.007984546201160351,-0.03842062594040379
0.0084,-0.0042,-4.3251068245708115,-0.008757910224276386,-0.04135123973109956
0.0085,-0.0042,-4.27983432678559,-0.009522053548338245,-0.044446984213433655
0.0086,-0.0042,-4.233605170236448,-0.01016082613640202,-0.04748574154535562
0.0087,-0.0042,-4.26182229472797,-0.010652858929769853,-0.04988730164541823
0.0088,-0.0042,-4.280778529019703,-0.011006997479424886,-0.05142595202737224
0.0089,-0.0042,-4.211802347051896,-0.012310563927194538,-0.054817862064635785
0.009,-0.0042,-4.089085178497494,-0.0107118356333721,-0.05662945438627712
0.0091,-0.0042,-4.261727204214487,-0.011037003770318502,-0.05480571373040245
0.0092,-0.0042,-4.0689171149973795,-0.009507075889370279,-0.05590843304009994
0.0093,-0.0042,-3.953623360644895,-0.009485045802717135,-0.05405588573844647
0.0094,-0.0042,-3.9888735375279216,-0.008125858995952423,-0.05003804475307945
0.0095,-0.0042,-3.9601124456872405,-0.005832849860060708,-0.044471007634918354
0.0096,-0.0042,-3.952438134129337,-0.004135599789061198,-0.03691309250353639
0.0097,-0.0042,-3.948516606288288,-0.0025689458280823314,-0.027654776094953006
0.0098,-0.0042,-3.9461557583138527,-0.0013176926447504686,-0.019085692277289
0.0099,-0.0042,-3.949775816971375,-0.0004280917812749763,-0.00898086104852889
0.01,-0.0042,-3.949476347172813,0.0,0.0
0.0,-0.0041,-3.716424555892711,0.0,0.0
0.0001,-0.0041,-3.7166181118606976,0.00011265858426541816,0.004988169332071912
0.0002,-0.0041,-3.714708441185455,0.00031850613762607425,0.009589421815385975
0.0003,-0.0041,-3.713281850449974,0.0005969809841229657,0.01359457560621223
0.0004,-0.0041,-3.713279858092759,0.0008940925530302603,0.017249350253606233
0.0005,-0.0041,-3.7138992536172366,0.0012243510132066424,0.02066268491166058
0.0006,-0.0041,-3.7164208806755736,0.001540450081416643,0.023256509757979663
0.0007,-0.0041,-3.72184220557425,0.0017526317451494928,0.02560197157956955
0.0008,-0.0041,-3.728555906228342,0.001978250479798762,0.02767232046130339
0.0009,-0.0041,-3.7374059108871145,0.0021945250079597966,0.029271622720921688
0.001,-0.0041,-3.748010211986341,0.0023788287955350275,0.03080994181867046
0.0011,-0.0041,-3.762027738948198,0.0025130547572050532,0.031896264918135214
0.0012,-0.0041,-3.7759304593488903,0.0027244156099802477,0.032824566395727534
0.0013000000000000002,-0.0041,-3.793667502874322,0.0028106200355678466,0.03369004064098798
0.0014,-0.0041,-3.8135433688711315,0.002941400920390794,0.03439122982370598
0.0015,-0.0041,-3.8368458237328644,0.0031888086847069123,0.03490656348536305
0.0016,-0.0041,-3.8703639204733795,0.0034508080779529016,0.03521686288672447
0.0017,-0.0041,-3.905853989568168,0.0030066741267388386,0.035315327775969754
0.0018,-0.0041,-3.936207035184829,0.0036703090860248904,0.03534932805428298
0.0019,-0.0041,-3.9509386811947933,0.0032209111858905698,0.03530377190982282
0.002,-0.0041,-3.997574791565576,0.0033224377513582436,0.03534541286596375
0.0021,-0.0041,-3.9844531276622193,0.0038156357126223634,0.03536379778527706
0.0022,-0.0041,-4.019437134598375,0.004013023757646313,0.03491176256144319
0.0023,-0.0041,-4.06133446478723,0.003919626468058743,0.03413623192496917
0.0024,-0.0041,-4.087804234857997,0.004105966592218103,0.03358037926972437
0.0025,-0.0041,-4.117319123279091,0.004208354535835755,0.03294428872340025
0.0026000000000000003,-0.0041,-4.149850504809463,0.0043777998133087016,0.03205714955706042
0.0027,-0.0041,-4.184643914964853,0.004501034156341103,0.031163581848112132
0.0028,-0.0041,-4.213913904824306,0.004573201110319422,0.030228122806272226
0.0029,-0.0041,-4.245596346537241,0.0046926305335148535,0.02919616626000477
0.003,-0.0041,-4.2772295607385695,0.004739220365008324,0.028057006398978374
0.0031,-0.0041,-4.3076964569535106,0.004893768718979272,0.027004666156636714
0.0032,-0.0041,-4.337532255158757,0.004926869718820225,0.025756722674588273
0.0033000000000000004,-0.0041,-4.366052767389223,0.004984918233696553,0.02454659887732413
0.0034,-0.0041,-4.394127077733604,0.005081123320232725,0.02327506181039614
0.0034999999999999996,-0.0041,-4.420038035051964,0.005159748653766713,0.02202820481108053
0.0036,-0.0041,-4.445999206088989,0.005225099508646034,0.020840420392897685
0.0037,-0.0041,-4.469553189617253,0.00526167448605651,0.019582249803834724
0.0038,-0.0041,-4.493031976714127,0.005301319249140905,0.018323440241227062
0.0039,-0.0041,-4.515068351549244,0.005343192731392214,0.017131540379409404
0.004,-0.0041,-4.535677680842511,0.00537810382371235,0.01585551227146897
0.0041,-0.0041,-4.555345373940609,0.005404307667656079,0.014696423357937985
0.0042,-0.0041,-4.5730680947133955,0.005355923811703459,0.013523523018575293
0.0043,-0.0041,-4.589230803056415,0.005428614615901626,0.012331007106727628
0.0044,-0.0041,-4.606049078814212,0.005377141571804944,0.0112181823174252
0.0045,-0.0041,-4.620244296073448,0.0054294231415984075,0.010032097069215568
0.0046,-0.0041,-4.633620203571475,0.005470307836634228,0.008911365342785993
0.0047,-0.0041,-4.648148920517061,0.0054259560021619165,0.0078030356484398225
0.0048,-0.0041,-4.657200699803139,0.005341836322668761,0.006761351656489285
0.0049,-0.0041,-4.6686256146026786,0.00538896329872544,0.005572553250753066
0.005,-0.0041,-4.679355277268946,0.005304113595399715,0.0046117672995878095
0.0051,-0.0041,-4.69056357274595,0.005291030312505532,0.003562954653184179
0.005200000000000001,-0.0041,-4.700213771395635,0.0053032710686626685,0.0024965834583477163
0.0053,-0.0041,-4.70451993288655,0.005283920892724564,0.0014134974188175194
0.0054,-0.0041,-4.710685741695543,0.0050492243227144035,0.00037323922850007827
0.0055,-0.0041,-4.713837557211626,0.005150979396010198,-0.0007652787011173054
0.0056,-0.0041,-4.7148326213486715,0.004899165944314706,-0.0018679515778169575
0.005700000000000001,-0.0041,-4.716517132738829,0.004812516618257643,-0.0027240016485169513
0.0058,-0.0041,-4.722249911713279,0.00480431503718691,-0.003748669127411843
0.0059,-0.0041,-4.718377800693966,0.0047124387636297204,-0.004785378926911796
0.006,-0.0041,-4.718293660606499,0.004604245605829031,-0.005841450571202449
0.0061,-0.0041,-4.718567653988094,0.004435112708698531,-0.006865183459895651
0.0062,-0.0041,-4.711983619456164,0.004183412108761164,-0.007936243104248383
0.0063,-0.0041,-4.708010106619382,0.004183497999223888,-0.00892115437132066
0.0064,-0.0041,-4.702056145595255,0.0039571845216960526,-0.009956703943988475
0.006499999999999999,-0.0041,-4.69304128988658,0.003567517370099082,-0.01093287515804639
0.006600000000000001,-0.0041,-4.687957869608911,0.003345756310433323,-0.01196533480907028
0.0067,-0.0041,-4.67768753981271,0.0030924863806605037,-0.013100782827444478
0.0068,-0.0041,-4.665561174314151,0.0027147630443038833,-0.014101001740486008
0.0069,-0.0041,-4.656356047500737,0.002440765646671901,-0.01526989414403572
0.006999999999999999,-0.0041,-4.641968993498335,0.002056783042488172,-0.016215978200355936
0.007100000000000001,-0.0041,-4.625123442481746,0.0016596861834265203,-0.0173386266758138
0.0072,-0.0041,-4.6100875309189915,0.0012198160034140476,-0.01857654229470998
0.0073,-0.0041,-4.596205448375218,0.0007409644158272779,-0.019779302033728043
0.0074,-0.0041,-4.578398435400424,0.00016793677198483732,-0.020830744127630675
0.0075,-0.0041,-4.55926876863859,-0.0003845265802813067,-0.022158241123778358
0.0076,-0.0041,-4.539593031101054,-0.0010933013350458872,-0.023542503680413877
0.0077,-0.0041,-4.517379489179973,-0.0017625131275850908,-0.025016537375438887
0.0078,-0.0041,-4.500132681565772,-0.002479389166633845,-0.026636483403777673
0.0079,-0.0041,-4.4743557365575235,-0.003286497310661802,-0.028394270479306812
0.008,-0.0041,-4.45241595583165,-0.0040840018237973345,-0.03047908428865901
0.0081,-0.0041,-4.424223800219785,-0.004948632968725355,-0.032491871339828636
0.0082,-0.0041,-4.397584929118892,-0.005810341495440622,-0.034931829886691544
0.0083,-0.0041,-4.3707297136442556,-0.006728711821673013,-0.0376410339595186
0.0084,-0.0041,-4.336860235004053,-0.007619615595054048,-0.04047600562624083
0.0085,-0.0041,-4.321162040991377,-0.008327115215739653,-0.0434886359734003
0.0086,-0.0041,-4.298748300089668,-0.009419159388930912,-0.04687642922617319
0.0087,-0.0041,-4.254022719071787,-0.0103601883028275,-0.05042469511881631
0.0088,-0.0041,-4.24627814317011,-0.010773884588985386,-0.053803334489842515
0.0089,-0.0041,-4.262414993518224,-0.010928567480568946,-0.05555346177826667
0.009,-0.0041,-4.056273039004273,-0.01141819605273277,-0.057392007843165116
0.0091,-0.0041,-4.175828055444554,-0.011085740331389982,-0.0581617095134109
0.0092,-0.0041,-4.032862603632518,-0.00956904285826169,-0.06003643212857183
0.0093,-0.0041,-4.105078391560194,-0.008275167469132183,-0.056249432801392364
0.0094,-0.0041,-4.013721040267466,-0.007621274626181957,-0.051960136268999285
0.0095,-0.0041,-3.981108785237166,-0.005842478438955061,-0.04623491506652333
0.0096,-0.0041,-3.961519016525109,-0.004194453836460392,-0.038522357156391324
0.0097,-0.0041,-3.9588108422196604,-0.002587682724541789,-0.02941685760200622
0.0098,-0.0041,-3.957833873179834,-0.0012959321528572582,-0.019676586998273897
0.0099,-0.0041,-3.9589910595884397,-0.0004333768697490765,-0.009942871558864294
0.01,-0.0041,-3.9575322651010065,0.0,0.0
0.0,-0.004,-3.7189590042675387,0.0,0.0
0.0001,-0.004,-3.7198493440880966,0.0001203546330745286,0.0048060349922100995
0.0002,-0.004,-3.7174253563181052,0.0003487282524171057,0.009278023423724224
0.0003,-0.004,-3.7154288567198748,0.0006272107183105173,0.013269205634659385
0.0004,-0.004,-3.715047087843023,0.0009865660461157075,0.01707563998249854
0.0005,-0.004,-3.7156511491617863,0.001356332364438274,0.02027057313842125
0.0006,-0.004,-3.719380145081144,0.0017064649961010697,0.022874429239660182
0.0007,-0.004,-3.7241046309500097,0.002057715583119205,0.025444750541572022
0.0008,-0.004,-3.7294694891457243,0.0022907559098965594,0.027484476342898547
0.0009,-0.004,-3.7388555562225445,0.0025242834469334503,0.02922184821915968
0.001,-0.004,-3.7495064907615374,0.0027963907165780622,0.03043032822294219
0.0011,-0.004,-3.761862514012713,0.0030093640390774002,0.031741852503766876
0.0012,-0.004,-3.7770523881021885,0.0031859358641808146,0.03276698832283306
0.0013000000000000002,-0.004,-3.7933443519779764,0.003335480700760449,0.0335920195850281
0.0014,-0.004,-3.809695545218683,0.003553932621977829,0.03422303795588182
0.0015,-0.004,-3.829173703727153,0.0037078538537346608,0.03470283016310373
0.0016,-0.004,-3.844889763060934,0.003780308470187623,0.03496213794546546
0.0017,-0.004,-3.8680158612920765,0.003948322882239299,0.03521997380894747
0.0018,-0.004,-3.8908626056621327,0.004146644160412037,0.03562870406477533
0.0019,-0.004,-3.938030011324028,0.004454402904895678,0.035207403412386075
0.002,-0.004,-3.978324817107012,0.004668466835578751,0.03532836500863339
0.0021,-0.004,-4.0052566974811015,0.004384792515474386,0.03479301765365945
0.0022,-0.004,-4.018390389118356,0.004655851950521484,0.034708864810065375
0.0023,-0.004,-4.031569286201993,0.0049780530113949515,0.03425672609061997
0.0024,-0.004,-4.070670967666389,0.005134906389513385,0.033566580815428695
0.0025,-0.004,-4.109114840791502,0.0052630158138064305,0.0328894455003927
0.0026000000000000003,-0.004,-4.144884794811871,0.005415246153074429,0.03202859047442907
0.0027,-0.004,-4.176575638896195,0.00555143275881665,0.031112653175253566
0.0028,-0.004,-4.208147862392251,0.005655101571512312,0.030073057859592103
0.0029,-0.004,-4.24065416515578,0.005774944635050877,0.0291417921071385
0.003,-0.004,-4.271695252119826,0.005912562618743946,0.02795533864881396
0.0031,-0.004,-4.302057455180796,0.005990156267277122,0.026802442725120557
0.0032,-0.004,-4.331781159555112,0.006068793405530479,0.02569568576456669
0.0033000000000000004,-0.004,-4.359440877927568,0.006209730823603324,0.024436995721838526
0.0034,-0.004,-4.387789769110358,0.006271026279340075,0.02325356388466203
0.0034999999999999996,-0.004,-4.413925209306877,0.006331742313582779,0.02199890177179794
0.0036,-0.004,-4.438580620247646,0.006389800470206284,0.020761593958276547
0.0037,-0.004,-4.464440665794721,0.0064405038438958674,0.01950731795941911
0.0038,-0.004,-4.4863557855102405,0.006494280164889262,0.01826251432285786
0.0039,-0.004,-4.509520618470683,0.0065720332233735225,0.017039504137993794
0.004,-0.004,-4.528865421561506,0.0065830185159445,0.015900167699972417
0.0041,-0.004,-4.549290444746989,0.006618919646119652,0.014654173840083363
0.0042,-0.004,-4.567851653992226,0.006658527610867992,0.013493972382829525
0.0043,-0.004,-4.585463400218446,0.006685230760237415,0.012352238938591378
0.0044,-0.004,-4.601405727411328,0.00667395087815129,0.011163030869730042
0.0045,-0.004,-4.616430516763246,0.006709425452686928,0.01010636788665638
0.0046,-0.004,-4.629064627439093,0.006653426271109631,0.008965688676521222
0.0047,-0.004,-4.641396421245136,0.0067526992747146495,0.007855694699263165
0.0048,-0.004,-4.654895962241343,0.006635510927659924,0.0067755466389538875
0.0049,-0.004,-4.663849845732244,0.006668990028491703,0.005671396977595014
0.005,-0.004,-4.674753626622335,0.0067148382690982574,0.004685027968207624
0.0051,-0.004,-4.68357146944718,0.006624418921183839,0.0036345706929214955
0.005200000000000001,-0.004,-4.688441270432633,0.006674658600026787,0.002615553230801969
0.0053,-0.004,-4.692985834303006,0.006606465069656055,0.0013776566274067204
0.0054,-0.004,-4.705783133971513,0.006304118409826882,0.00033218868149938966
0.0055,-0.004,-4.7174979648404,0.00654980400456568,-0.0005349331427189734
0.0056,-0.004,-4.710404846451501,0.006605897275519442,-0.001513556729847775
0.005700000000000001,-0.004,-4.710084307194544,0.006097499373897123,-0.002638666140652529
0.0058,-0.004,-4.713083942423105,0.0061635985875785814,-0.00361053169570593
0.0059,-0.004,-4.711305452940332,0.006056587433189116,-0.00465597666731006
0.006,-0.004,-4.709700593517881,0.00607622400568727,-0.005713154918149152
0.0061,-0.004,-4.703834104609924,0.005904017215506556,-0.006686768216050966
0.0062,-0.004,-4.704271351042314,0.005679042025530914,-0.007733919457734351
0.0063,-0.004,-4.697018660921845,0.00537606901732054,-0.008684377144654623
0.0064,-0.004,-4.689993249610257,0.005289186193172901,-0.009833774910323854
0.006499999999999999,-0.004,-4.6813318289564805,0.0050441130693260165,-0.010962322474335087
0.006600000000000001,-0.004,-4.671577685217874,0.004838537605011214,-0.011870241275978237
0.0067,-0.004,-4.6679470235280585,0.00456745934529204,-0.012848571763710634
0.0068,-0.004,-4.657210547242082,0.004128136007103105,-0.013886068560332202
0.0069,-0.004,-4.64642389553598,0.00391047410287204,-0.014769653758800001
0.006999999999999999,-0.004,-4.630523359851734,0.0034764241464697366,-0.015876576045347226
0.007100000000000001,-0.004,-4.616347049226993,0.0030571282310004055,-0.016838455721332506
0.0072,-0.004,-4.602544497372924,0.002613673061058521,-0.01794387507104357
0.0073,-0.004,-4.590345553135937,0.0020869156080915575,-0.019217658913445998
0.0074,-0.004,-4.571537164381075,0.0015713734989048498,-0.02023866445270177
0.0075,-0.004,-4.555879825851876,0.0009610530252260509,-0.021531718608556162
0.0076,-0.004,-4.536359747268353,0.00026480084792663807,-0.022851595567184316
0.0077,-0.004,-4.516404138908689,-0.00042174277381171605,-0.024338481139223406
0.0078,-0.004,-4.495271429455215,-0.0011322691124154894,-0.02590508275004362
0.0079,-0.004,-4.475878294577689,-0.0019347001491393165,-0.027621180946588678
0.008,-0.004,-4.450214972012859,-0.002796692798252114,-0.029491575835256714
0.0081,-0.004,-4.426169053110613,-0.0037114102828307745,-0.03163709239798029
0.0082,-0.004,-4.400927224220476,-0.004627264425668601,-0.03401842476497807
0.0083,-0.004,-4.370913681218819,-0.005587450463028594,-0.03668270914991157
0.0084,-0.004,-4.346186935229221,-0.006586856456153426,-0.03952264264494033
0.0085,-0.004,-4.316749176552362,-0.00752917211540924,-0.04268969426457418
0.0086,-0.004,-4.285164290776109,-0.0086445453008955,-0.046010669091295225
0.0087,-0.004,-4.192582974762338,-0.009414494238241778,-0.049145234718893406
0.0088,-0.004,-4.139039713101556,-0.009780958611300551,-0.05244565525521314
0.0089,-0.004,-4.08185482771329,-0.010081112900031344,-0.05429753846133504
0.009,-0.004,-4.200801515882207,-0.010466978200230473,-0.05669423351655598
0.0091,-0.004,-4.099158785554769,-0.010761011153473183,-0.05926168063426342
0.0092,-0.004,-4.07736696940344,-0.008805659454199885,-0.057660081326544876
0.0093,-0.004,-4.031524767855836,-0.007042349416518218,-0.057272091540831176
0.0094,-0.004,-4.001093053986713,-0.006958995716894147,-0.052968520579388556
0.0095,-0.004,-3.9874864327928283,-0.0056692017948901646,-0.047832987772841895
0.0096,-0.004,-3.9775373543944434,-0.004292214638821786,-0.04024761715238247
0.0097,-0.004,-3.967580278638937,-0.002601046488194968,-0.031452517043812155
0.0098,-0.004,-3.9681784377804394,-0.0013257801806125708,-0.020889518701046675
0.0099,-0.004,-3.9676582768376205,-0.0004746555740976126,-0.010246847734575055
0.01,-0.004,-3.964517835496517,0.0,0.0
0.0,-0.0039,-3.7210365500238414,0.0,0.0
0.0001,-0.0039,-3.722359842624738,0.0001242429318713254,0.00463909686454993
0.0002,-0.0039,-3.7197389730603585,0.0003548689503257137,0.008989504264556086
0.0003,-0.0039,-3.7165776961351447,0.0006673590799538185,0.013005434164491382
0.0004,-0.0039,-3.7164715456556165,0.0010616801500260597,0.01654383805000408
0.0005,-0.0039,-3.717302251938741,0.0014237168186218366,0.019932972453491085
0.0006,-0.0039,-3.7194723999896673,0.0018144312427046103,0.0224419343795741
0.0007,-0.0039,-3.724726770306113,0.0022280299514992456,0.024988142687191923
0.0008,-0.0039,-3.7304441941391704,0.0025643503526740392,0.027102065944543802
0.0009,-0.0039,-3.7392309682870017,0.002876539952471056,0.02889858180652244
0.001,-0.0039,-3.749305318526138,0.0031615908915723703,0.030199316119220145
0.0011,-0.0039,-3.760388075797829,0.003463649904762136,0.0316407858831446
0.0012,-0.0039,-3.77487236170306,0.0036981207504845817,0.032508392579359634
0.0013000000000000002,-0.0039,-3.7913062829207513,0.0038919280075410904,0.03333627292858054
0.0014,-0.0039,-3.809845170218992,0.0040961938861527455,0.034049835988145365
0.0015,-0.0039,-3.8275853696570517,0.004262977092768019,0.03459254658927894
0.0016,-0.0039,-3.848890672288266,0.004453598582170759,0.035071243189711984
0.0017,-0.0039,-3.8640609174863165,0.004731950737001062,0.035535445134244774
0.0018,-0.0039,-3.893498863222735,0.004995129684955158,0.03544643656692914
0.0019,-0.0039,-3.930375260466992,0.005186702561686094,0.035200180063586294
0.002,-0.0039,-3.9083283416703116,0.005347250440171303,0.03518762046296504
0.0021,-0.0039,-3.9673952542160857,0.005603720341921213,0.034629414464638755
0.0022,-0.0039,-4.017222874397779,0.005801066662688937,0.03440548971323092
0.0023,-0.0039,-4.06328945318078,0.00602386982143191,0.03411853827798004
0.0024,-0.0039,-4.079657999961528,0.006084114014865734,0.033389374182610794
0.0025,-0.0039,-4.111015250799356,0.006234150731197652,0.03268754188715134
0.0026000000000000003,-0.0039,-4.142432068233477,0.0063887276906969305,0.031861794218589645
0.0027,-0.0039,-4.170032956217089,0.006540939813611925,0.030953512856021582
0.0028,-0.0039,-4.201917929667284,0.006712029766194719,0.029963398489506483
0.0029,-0.0039,-4.233574838837696,0.006883926014991298,0.028948611813899485
0.003,-0.0039,-4.264122315967269,0.006976915190772217,0.027846599744162943
0.0031,-0.0039,-4.294506329839532,0.007094913949147516,0.026770775757769618
0.0032,-0.0039,-4.3238575731661575,0.007285831877655167,0.02555265078956774
0.0033000000000000004,-0.0039,-4.352692595904709,0.0073320844063653225,0.024408322068270847
0.0034,-0.0039,-4.379587918569417,0.007460397701022372,0.023170912794268105
0.0034999999999999996,-0.0039,-4.40676541880256,0.007486177909294559,0.021956640297036575
0.0036,-0.0039,-4.431862386763645,0.007573922553094116,0.020738450435983324
0.0037,-0.0039,-4.456499410962501,0.00767339903254238,0.0194810611147217
0.0038,-0.0039,-4.4799867991713676,0.0077484960230879175,0.018255660851668007
0.0039,-0.0039,-4.501612068508411,0.007786303806680487,0.016972841768774987
0.004,-0.0039,-4.5214578547730415,0.007799788682593229,0.01584847989952794
0.0041,-0.0039,-4.541365347349279,0.007838095442719907,0.01465538979611658
0.0042,-0.0039,-4.559818648278668,0.007866229733160932,0.013473193485677088
0.0043,-0.0039,-4.575867394527644,0.007897391570425513,0.012310087667976588
0.0044,-0.0039,-4.59220742602128,0.007944544439171624,0.011133227113256719
0.0045,-0.0039,-4.608577229378015,0.007933292056871983,0.010094200194581597
0.0046,-0.0039,-4.624597446892079,0.008019939335481343,0.008935830338588488
0.0047,-0.0039,-4.635399413440361,0.008023346253131731,0.007858591452091961
0.0048,-0.0039,-4.64681407909066,0.007936597004529157,0.006782876639738005
0.0049,-0.0039,-4.656900781062514,0.007958901765530333,0.005756162780868438
0.005,-0.0039,-4.667931164848879,0.007990354365996651,0.004664507581431697
0.0051,-0.0039,-4.675394303881877,0.00799770131530082,0.0035717491885165036
0.005200000000000001,-0.0039,-4.681324512445105,0.007937883703451337,0.002522278104406399
0.0053,-0.0039,-4.687476279277826,0.008039572096856835,0.0015774264544042263
0.0054,-0.0039,-4.692128577890097,0.0077815255227967894,0.000572613462163003
0.0055,-0.0039,-4.698110806969265,0.00770479251273883,-0.00031788627140119375
0.0056,-0.0039,-4.695811101133728,0.008007387855196686,-0.0013220782065418366
0.005700000000000001,-0.0039,-4.693728277663888,0.007625614205839861,-0.0024194600428334594
0.0058,-0.0039,-4.699786098644565,0.007649109146490108,-0.0034776990907947475
0.0059,-0.0039,-4.698631378701294,0.007521980574376874,-0.004581092352692095
0.006,-0.0039,-4.700397750213887,0.007429490359537722,-0.005593472741783151
0.0061,-0.0039,-4.695746932105483,0.00729104143490034,-0.006556287248333195
0.0062,-0.0039,-4.684491591411589,0.006929420081521344,-0.007532373244040518
0.0063,-0.0039,-4.6845048032591805,0.006926003973296244,-0.008531091129044654
0.0064,-0.0039,-4.675584616152393,0.006797778602568115,-0.00956004835808982
0.006499999999999999,-0.0039,-4.671620539010439,0.00657981745445507,-0.010546542360380884
0.006600000000000001,-0.0039,-4.663941289798733,0.006216450125729284,-0.011651810786721912
0.0067,-0.0039,-4.653823498043884,0.005876892825247399,-0.012598685288906697
0.0068,-0.0039,-4.642948878952134,0.0055349100846516465,-0.013480418571177722
0.0069,-0.0039,-4.630370449997169,0.005239528438385693,-0.014486047173862638
0.006999999999999999,-0.0039,-4.618475921724814,0.0048955044135647625,-0.015495522624644632
0.007100000000000001,-0.0039,-4.608293391666163,0.004499735895162663,-0.016513857720700815
0.0072,-0.0039,-4.5909901291971575,0.004000871305066104,-0.017556355155166535
0.0073,-0.0039,-4.574937107173886,0.003482969198978018,-0.018492490549288167
0.0074,-0.0039,-4.562984240973354,0.0028999926792904565,-0.019744333829648394
0.0075,-0.0039,-4.544274691220007,0.0023542840222711527,-0.02088811521462351
0.0076,-0.0039,-4.526834286973591,0.0015698224370692038,-0.022178538351961666
0.0077,-0.0039,-4.506795438566968,0.0008561866369397903,-0.023574245146771006
0.0078,-0.0039,-4.490648474240821,0.00013459802174885864,-0.02508937517561668
0.0079,-0.0039,-4.469124431646928,-0.0005989514225532757,-0.026768529253694398
0.008,-0.0039,-4.449114886187045,-0.0015603850902802868,-0.02864492964092179
0.0081,-0.0039,-4.424777661895684,-0.0024908747320223773,-0.030676721162513344
0.0082,-0.0039,-4.400967419546267,-0.0034691219922887207,-0.03296603468248115
0.0083,-0.0039,-4.37622960238151,-0.004448729257587903,-0.035554125232583465
0.0084,-0.0039,-4.350563198421243,-0.005480867514338319,-0.03849628858121783
0.0085,-0.0039,-4.314397017245087,-0.006556425748248583,-0.04155499418770702
0.0086,-0.0039,-4.277781147775604,-0.007371921674546367,-0.04494007148889925
0.0087,-0.0039,-4.282743891942445,-0.008141232722534305,-0.04788408583287495
0.0088,-0.0039,-4.2710015634391745,-0.008993661861609062,-0.050567806233963924
0.0089,-0.0039,-4.21181688342235,-0.00965057973477923,-0.053427470621120556
0.009,-0.0039,-4.05408947450335,-0.009812950439573689,-0.056643039892880775
0.0091,-0.0039,-4.217577719704471,-0.008893704551669693,-0.059877920914106264
0.0092,-0.0039,-4.166372251077289,-0.008703169075749027,-0.057847181267978734
0.0093,-0.0039,-4.025180588855607,-0.008800534785500032,-0.058854227090747474
0.0094,-0.0039,-4.038774731406731,-0.00730172185915451,-0.054881863385603906
0.0095,-0.0039,-3.981859832145643,-0.005443462763371975,-0.049777661986327076
0.0096,-0.0039,-3.9805930975466164,-0.004093745462018952,-0.04180752559535278
0.0097,-0.0039,-3.973736267209541,-0.002651259888590643,-0.0326122034675285
0.0098,-0.0039,-3.977491366222076,-0.001406396831638322,-0.021955224364083394
0.0099,-0.0039,-3.9746783943534783,-0.000491086398211344,-0.010937327976073476
0.01,-0.0039,-3.9649804475857704,0.0,0.0
0.0,-0.0038,-3.722800168360532,0.0,0.0
0.0001,-0.0038,-3.7204789698637497,0.00013098437395555525,0.0044775368312795485
0.0002,-0.0038,-3.719377172581144,0.00038344939479756135,0.008648065304338785
0.0003,-0.0038,-3.7169000425275533,0.0007236331870740219,0.012588290585940916
0.0004,-0.0038,-3.7176606507619128,0.0010946493663034212,0.016131945893983937
0.0005,-0.0038,-3.716901581856688,0.001569984127758538,0.01930911925207981
0.0006,-0.0038,-3.719324005515971,0.001984666653875002,0.02212116414097786
0.0007,-0.0038,-3.723893440954299,0.0023986577347138525,0.024649265542366024
0.0008,-0.0038,-3.72963386261423,0.0029061299020045547,0.02674167044533173
0.0009,-0.0038,-3.737308749337746,0.0031967434068999436,0.028549626786513717
0.001,-0.0038,-3.7475056903294925,0.0035490395520442284,0.02996528260058824
0.0011,-0.0038,-3.758797436556752,0.0038339899410567307,0.03124058749782014
0.0012,-0.0038,-3.7735064019901676,0.004149453649605528,0.03229962786060504
0.0013000000000000002,-0.0038,-3.789690822136096,0.0044456965964422964,0.03310540389234156
0.0014,-0.0038,-3.8055963640115618,0.0047036612697904075,0.03384675788568834
0.0015,-0.0038,-3.8246654456218003,0.0048844584622690385,0.034407534903100175
0.0016,-0.0038,-3.84427949338188,0.005171632855882063,0.034905761606185734
0.0017,-0.0038,-3.872834313568262,0.00568301303644354,0.0352081630826818
0.0018,-0.0038,-3.8992551247957206,0.00570303355267621,0.0352075250830457
0.0019,-0.0038,-3.9240811342975648,0.005865378744384234,0.035110385691187206
0.002,-0.0038,-3.950709659534311,0.005986533442830892,0.035310270972218186
0.0021,-0.0038,-3.950217912582769,0.006446535725257338,0.03486040011808783
0.0022,-0.0038,-3.9926124130845055,0.006654566459667221,0.034422346221238055
0.0023,-0.0038,-4.025421964674495,0.0069355686020136685,0.033709909107269134
0.0024,-0.0038,-4.071103461485453,0.007143557412409286,0.03319792241213292
0.0025,-0.0038,-4.101488944423109,0.0072279527674897065,0.03247742028333946
0.0026000000000000003,-0.0038,-4.128673304199316,0.007413871505522994,0.031659147358742305
0.0027,-0.0038,-4.160688098193678,0.007632561000278648,0.0308079292965137
0.0028,-0.0038,-4.1934487365538615,0.007857413229568894,0.02983223367856542
0.0029,-0.0038,-4.22442745860191,0.007993884452195444,0.028810688645267542
0.003,-0.0038,-4.254841474775744,0.008126941989318084,0.027822165318467398
0.0031,-0.0038,-4.28491057409854,0.008252286689634706,0.02663737683840929
0.0032,-0.0038,-4.314756997989974,0.008373657354983802,0.025522930151733614
0.0033000000000000004,-0.0038,-4.343163391780449,0.008520770771514927,0.02424778004256004
0.0034,-0.0038,-4.370368976917179,0.008590402098041414,0.023091758588735307
0.0034999999999999996,-0.0038,-4.397614183291334,0.008669259836670709,0.021831456253306056
0.0036,-0.0038,-4.4227408796740875,0.008767979368462261,0.020583447229780234
0.0037,-0.0038,-4.4471994201628,0.008872353759483451,0.0194395589451946
0.0038,-0.0038,-4.469792676037993,0.00895078843895052,0.018192429411049767
0.0039,-0.0038,-4.491794272036328,0.008987021345793319,0.017001194824424685
0.004,-0.0038,-4.512267302189398,0.009048218052064537,0.015737836185526557
0.0041,-0.0038,-4.532862414801094,0.009060805718499652,0.014576497083394067
0.0042,-0.0038,-4.550797401496257,0.009125393152499436,0.01347108544052924
0.0043,-0.0038,-4.570084516532608,0.009166045562154952,0.012274451404381439
0.0044,-0.0038,-4.584571314376024,0.009186735208457537,0.011098225919012354
0.0045,-0.0038,-4.599745334144422,0.009230048136280219,0.01000929786430919
0.0046,-0.0038,-4.612600018068917,0.009248408464469662,0.008884979193386862
0.0047,-0.0038,-4.624630080865378,0.00924834786254459,0.00784143443741977
0.0048,-0.0038,-4.636365850288522,0.009308957020114719,0.0067382736820693874
0.0049,-0.0038,-4.6493255310018675,0.009298426982209956,0.00566484475964404
0.005,-0.0038,-4.655067545493429,0.009309718717711569,0.004648313709098068
0.0051,-0.0038,-4.664345270921646,0.009260938960034352,0.003620118240310423
0.005200000000000001,-0.0038,-4.670017874157329,0.009204472332388835,0.002598714448141054
0.0053,-0.0038,-4.676657671803974,0.009200882210757771,0.0016039826856078531
0.0054,-0.0038,-4.677659942468151,0.009183486082805626,0.00048346516140619546
0.0055,-0.0038,-4.685687227634344,0.00929855138660341,-0.0006408694386234944
0.0056,-0.0038,-4.68338146059064,0.009282096057229709,-0.0015063864847433554
0.005700000000000001,-0.0038,-4.684804236080609,0.009049121624683045,-0.002577009209739226
0.0058,-0.0038,-4.691801933613133,0.00913166168793462,-0.003600386786668309
0.0059,-0.0038,-4.68567018628672,0.009053309331109025,-0.004597147748307386
0.006,-0.0038,-4.682563291329171,0.008785169936812574,-0.005403962706034857
0.0061,-0.0038,-4.681920971173993,0.0085392168010438,-0.006390877274472757
0.0062,-0.0038,-4.674079037421722,0.008408410319905654,-0.007432503970180757
0.0063,-0.0038,-4.668990763493455,0.008269545977664512,-0.008421826151849882
0.0064,-0.0038,-4.663449575182439,0.008141943729664902,-0.009343636888913768
0.006499999999999999,-0.0038,-4.654277364498189,0.007826234298860871,-0.010263632691169176
0.006600000000000001,-0.0038,-4.644915871122364,0.00764013516477695,-0.011326595334782422
0.0067,-0.0038,-4.637379762430077,0.007388661941648789,-0.012170995733402148
0.0068,-0.0038,-4.62299281492407,0.006927761905264868,-0.013239756450558818
0.0069,-0.0038,-4.6134771860321715,0.0066289488643385104,-0.014146194909502492
0.006999999999999999,-0.0038,-4.598926923563228,0.006339855568044507,-0.01500637811403356
0.007100000000000001,-0.0038,-4.593159435555846,0.005893586119549181,-0.01597163279622368
0.0072,-0.0038,-4.576030318713498,0.005399486768732871,-0.017017478813700266
0.0073,-0.0038,-4.567003228935139,0.004846113390641435,-0.018037970992537036
0.0074,-0.0038,-4.550445700768857,0.004198155356081583,-0.01909032832009668
0.0075,-0.0038,-4.532981972816627,0.0036892189707097775,-0.02022697855826918
0.0076,-0.0038,-4.5165453301104685,0.0029420431983423613,-0.021431870086414506
0.0077,-0.0038,-4.496666658185782,0.0022263805293414366,-0.022781068366725655
0.0078,-0.0038,-4.483268415974454,0.001372144047068865,-0.0242958543856691
0.0079,-0.0038,-4.46215168004485,0.0006052825701318344,-0.02593129250353924
0.008,-0.0038,-4.444087384183463,-0.0003254915077906571,-0.027738156938517496
0.0081,-0.0038,-4.418227762706421,-0.0013425533262445299,-0.02969407737003768
0.0082,-0.0038,-4.3964782763594155,-0.002318066428436333,-0.03203540669602082
0.0083,-0.0038,-4.375712976634869,-0.0033162246375472645,-0.034624685981269644
0.0084,-0.0038,-4.34242626983862,-0.004366779949447058,-0.03753100860865928
0.0085,-0.0038,-4.322801184709854,-0.005466331795739179,-0.040578277184322456
0.0086,-0.0038,-4.296444528040227,-0.006404989763958702,-0.044170905009485915
0.0087,-0.0038,-4.280709680810825,-0.007548818914638313,-0.048197294323079995
0.0088,-0.0038,-4.248130040615086,-0.008305527518537543,-0.05229986727539082
0.0089,-0.0038,-4.240496132923233,-0.008434900770997232,-0.053906481526432216
0.009,-0.0038,-4.200664835849359,-0.010173858771153314,-0.05814340527842006
0.0091,-0.0038,-4.102986195130997,-0.008778970449852829,-0.05831349811196251
0.0092,-0.0038,-4.0754568512891325,-0.010057053681844388,-0.05971574131520653
0.0093,-0.0038,-3.950943102828461,-0.007744273994693446,-0.059788413550694246
0.0094,-0.0038,-3.9537159186814397,-0.006678270721323907,-0.05670105877559937
0.0095,-0.0038,-3.9906392586527417,-0.0054512071291547785,-0.050617160065515455
0.0096,-0.0038,-3.982642287256614,-0.00432997240568152,-0.04374883174329924
0.0097,-0.0038,-3.9838094601945397,-0.002565074571587788,-0.03400887992305599
0.0098,-0.0038,-3.9834516977396683,-0.0015075376298756106,-0.02341945727291069
0.0099,-0.0038,-3.977425974134447,-0.0005282958423800925,-0.011503267569024513
0.01,-0.0038,-3.9678981525236763,0.0,0.0
0.0,-0.0037,-3.724020454714623,0.0,0.0
0.0001,-0.0037,-3.7212260175159675,0.00012921033941929775,0.004298340979643345
0.0002,-0.0037,-3.719212658466273,0.00038439185198493495,0.008395305298478607
0.0003,-0.0037,-3.718379756730768,0.0007555045893904256,0.012276941814839508
0.0004,-0.0037,-3.71638105196171,0.00118351441151127,0.01584519256426805
0.0005,-0.0037,-3.716620283984351,0.0016729198502638755,0.018949349522446982
0.0006,-0.0037,-3.7195136677108978,0.0021249259815471926,0.021735662415825363
0.0007,-0.0037,-3.722031800911497,0.0025851691253336033,0.024129805127148782
0.0008,-0.0037,-3.7286976683204895,0.00305969435295431,0.02636666507240684
0.0009,-0.0037,-3.736098752483008,0.003490224243350444,0.02807583502844533
0.001,-0.0037,-3.7446630859557812,0.003931471702970301,0.029603745414425522
0.0011,-0.0037,-3.7562324285215625,0.004252628962274231,0.03088773676695666
0.0012,-0.0037,-3.769483664386062,0.0046157267429700706,0.03198475118396496
0.0013000000000000002,-0.0037,-3.785470864369561,0.0049441776388141805,0.032807238527938
0.0014,-0.0037,-3.803480691186864,0.005237727015787597,0.03362441913025175
0.0015,-0.0037,-3.82214237130476,0.005547458839716836,0.034140440661069305
0.0016,-0.0037,-3.8453201620619315,0.005932857902289314,0.034446968393381225
0.0017,-0.0037,-3.873790004357669,0.0061586169512646985,0.03463096029346141
0.0018,-0.0037,-3.8832167704191396,0.006430777837489138,0.034550913271449435
0.0019,-0.0037,-3.908795967585773,0.006739304540855172,0.034826929170552745
0.002,-0.0037,-3.949089754320483,0.006894288628423194,0.034715676052989045
0.0021,-0.0037,-3.9929434278353626,0.007246318266246308,0.03456816858393192
0.0022,-0.0037,-4.005795764144579,0.00755691755563115,0.03435095928059912
0.0023,-0.0037,-4.028049052282998,0.007764867464628675,0.033535569970870996
0.0024,-0.0037,-4.066183599358891,0.007958335982621674,0.032930349953475456
0.0025,-0.0037,-4.085553494150436,0.008263254049336772,0.03227852422451139
0.0026000000000000003,-0.0037,-4.117296955514898,0.008430167426049464,0.03152304790809296
0.0027,-0.0037,-4.151928555870448,0.008656618743582383,0.030632072833413522
0.0028,-0.0037,-4.183371629322396,0.008814101998066273,0.02963881230301721
0.0029,-0.0037,-4.214141613397002,0.009059193568932825,0.028664825190000333
0.003,-0.0037,-4.244358748923713,0.009194980903512926,0.027587482312229423
0.0031,-0.0037,-4.2742916697977495,0.00932257180753599,0.02645587139050422
0.0032,-0.0037,-4.303507572527217,0.009483025133950537,0.02534117138160956
0.0033000000000000004,-0.0037,-4.332225427293822,0.009617220592836874,0.024196223365648875
0.0034,-0.0037,-4.359146411226479,0.009711255577179714,0.02297232519636158
0.0034999999999999996,-0.0037,-4.385950420107385,0.00982018603968255,0.0217310832540418
0.0036,-0.0037,-4.411185484179954,0.00996776056547716,0.020561140618405246
0.0037,-0.0037,-4.435748416414868,0.010046158599073363,0.01936832533451491
0.0038,-0.0037,-4.458949035690927,0.01010529547322752,0.018110735642145482
0.0039,-0.0037,-4.480175854906952,0.010211499344317934,0.016917458445507877
0.004,-0.0037,-4.500942980225296,0.010258139486182833,0.015715353697411266
0.0041,-0.0037,-4.52113390733359,0.010332466750917958,0.01452681895438627
0.0042,-0.0037,-4.541025335135138,0.010337639343959048,0.013409738586880746
0.0043,-0.0037,-4.556520702303263,0.010422495932709342,0.01224598682264155
0.0044,-0.0037,-4.573777884000464,0.010486016615755387,0.01116790062327806
0.0045,-0.0037,-4.58884898036322,0.010497741130767946,0.009976717229027507
0.0046,-0.0037,-4.603560610650813,0.010524884654846424,0.008947984930968383
0.0047,-0.0037,-4.613783854261901,0.010558158475188264,0.007794711180493462
0.0048,-0.0037,-4.624455646617121,0.010570821443848353,0.006762373546216012
0.0049,-0.0037,-4.637420751040975,0.010590197146978451,0.0057227888557372575
0.005,-0.0037,-4.64613131490951,0.010607051458289888,0.004691775504936699
0.0051,-0.0037,-4.653008905068526,0.010578692593352963,0.0036453174236875997
0.005200000000000001,-0.0037,-4.659615236073187,0.010606053573443462,0.002548529307007255
0.0053,-0.0037,-4.66493541752512,0.010668928919584063,0.0016488440025701151
0.0054,-0.0037,-4.667311904932243,0.010594884631534771,0.0006155900487714804
0.0055,-0.0037,-4.6727593577121045,0.010453186201871235,-0.00038739315322412483
0.0056,-0.0037,-4.672675768357307,0.010491333626196031,-0.0014427266869440998
0.005700000000000001,-0.0037,-4.6747145624515545,0.010431976533553941,-0.0024696560140628357
0.0058,-0.0037,-4.672954773436666,0.010613180551637125,-0.003332621040735579
0.0059,-0.0037,-4.6689971918476605,0.010307214778854396,-0.0041795621198181185
0.006,-0.0037,-4.667454416393915,0.009971925336254003,-0.005185360296482265
0.0061,-0.0037,-4.664795930967553,0.009922377349599826,-0.006302611436330216
0.0062,-0.0037,-4.6552661202733905,0.009911544790525376,-0.007223114617452029
0.0063,-0.0037,-4.649308317314185,0.009759033376555993,-0.008238221077986064
0.0064,-0.0037,-4.643053959026838,0.009158983106576297,-0.009101262081277773
0.006499999999999999,-0.0037,-4.63436831837106,0.009151913293971413,-0.010098610318401622
0.006600000000000001,-0.0037,-4.624538674955279,0.009044749552576682,-0.010974046845187888
0.0067,-0.0037,-4.6150081302987545,0.008846545663897134,-0.011961616185339597
0.0068,-0.0037,-4.607259411925715,0.008298469855913555,-0.012635780642964022
0.0069,-0.0037,-4.592158012502667,0.00790752155292115,-0.013669843214980389
0.006999999999999999,-0.0037,-4.5821112424074855,0.0075984520974239,-0.014624862979805704
0.007100000000000001,-0.0037,-4.570812527529876,0.007221403862134564,-0.015680903833375528
0.0072,-0.0037,-4.557903639783696,0.006577799767446198,-0.016479224657703045
0.0073,-0.0037,-4.545046764438809,0.0061486035983406495,-0.017411530730900602
0.0074,-0.0037,-4.529721094259343,0.005479512916648445,-0.01855294927037007
0.0075,-0.0037,-4.516228202348514,0.00489234836676959,-0.019539250645004582
0.0076,-0.0037,-4.503027319533061,0.004204096765071196,-0.020786019862219555
0.0077,-0.0037,-4.486216895712137,0.0035054725453735206,-0.022054459814121997
0.0078,-0.0037,-4.470067306581614,0.002603434030078101,-0.02347130485082616
0.0079,-0.0037,-4.452484421525422,0.001796513685011373,-0.02505355199780493
0.008,-0.0037,-4.434100535872603,0.0008513076201459847,-0.026732527703810773
0.0081,-0.0037,-4.412280652618787,-0.00010920959289387744,-0.028752841819586972
0.0082,-0.0037,-4.390819771977342,-0.0011117200433618678,-0.030952777573563586
0.0083,-0.0037,-4.368724566879026,-0.002198558191414193,-0.03351424439153308
0.0084,-0.0037,-4.343593308220319,-0.0032979892464792453,-0.03630107879662466
0.0085,-0.0037,-4.324020709781924,-0.004463217585748302,-0.039598139425678275
0.0086,-0.0037,-4.288443538483384,-0.0057062791135486035,-0.04291353757948525
0.0087,-0.0037,-4.210483734877989,-0.006806335255089852,-0.0466408930674072
0.0088,-0.0037,-4.123153390966721,-0.00740152755260854,-0.0504036855400509
0.0089,-0.0037,-4.129157262362915,-0.007999802159784108,-0.05343332902585632
0.009,-0.0037,-4.096864155688677,-0.008714032062370192,-0.05816652837904099
0.0091,-0.0037,-4.055309582287302,-0.007795982740512928,-0.05866851706264373
0.0092,-0.0037,-4.079902420616573,-0.00839941380016014,-0.060734781868649224
0.0093,-0.0037,-4.101849752646765,-0.006816292886430534,-0.06025594025947725
0.0094,-0.0037,-3.977772319863011,-0.007102616353153984,-0.05677549425786135
0.0095,-0.0037,-3.9995884504673853,-0.005237760912137582,-0.0523676688598497
0.0096,-0.0037,-3.9905631732962266,-0.00458639432324775,-0.045055491434411135
0.0097,-0.0037,-3.9884245634588162,-0.002649803556789985,-0.03510431282488028
0.0098,-0.0037,-3.986631367388969,-0.0014570650356336458,-0.024381153521365412
0.0099,-0.0037,-3.986999006343708,-0.0004835808348833574,-0.01235368277148908
0.01,-0.0037,-3.976714362587194,0.0,0.0
0.0,-0.0036,-3.722865186789386,0.0,0.0
0.0001,-0.0036,-3.720890865993056,0.00014019799715067274,0.004105804678814558
0.0002,-0.0036,-3.718090393615091,0.0004049163657584621,0.008063943432632307
0.0003,-0.0036,-3.7165007058375337,0.0007841461138662404,0.011825964146863592
0.0004,-0.0036,-3.714218333181227,0.001258980678626913,0.015264976070861427
0.0005,-0.0036,-3.7142520975586866,0.0017412551088077611,0.018373110520644345
0.0006,-0.0036,-3.7154442906624268,0.002286527274805421,0.021329818109504226
0.0007,-0.0036,-3.7199182497569416,0.0028091806559324157,0.023712090198853803
0.0008,-0.0036,-3.7259634465772624,0.003282744813531024,0.02590497274908279
0.0009,-0.0036,-3.7321015386645904,0.003770742704845476,0.02769367984768445
0.001,-0.0036,-3.740862005627787,0.004199483088259713,0.029248036962078984
0.0011,-0.0036,-3.752861131377023,0.004625486619977267,0.03052906243531421
0.0012,-0.0036,-3.7667213219398836,0.005073303244502291,0.03161717336660931
0.0013000000000000002,-0.0036,-3.7805320426830047,0.005433077961501651,0.03250467515689807
0.0014,-0.0036,-3.797889301648104,0.005783871066009513,0.03322935846452259
0.0015,-0.0036,-3.815069626331701,0.006125870318592379,0.033775655709743245
0.0016,-0.0036,-3.835727282646198,0.006492912519042503,0.03411683407440471
0.0017,-0.0036,-3.8536134601296466,0.006799615223714495,0.034495900782466685
0.0018,-0.0036,-3.880903831547612,0.007102602335823525,0.03453789116333879
0.0019,-0.0036,-3.9031689963916394,0.007497624257044858,0.03456182893202519
0.002,-0.0036,-3.92715574369039,0.007807884018186175,0.034473751969426286
0.0021,-0.0036,-3.9667995996167225,0.008124259521279658,0.03402034283227919
0.0022,-0.0036,-4.010282209845031,0.00840316387570683,0.033576675338434836
0.0023,-0.0036,-4.017403637551698,0.008548460996103263,0.03316602453014613
0.0024,-0.0036,-4.037258026011795,0.00882556214624124,0.032723333690843785
0.0025,-0.0036,-4.075165123425917,0.009214040890660722,0.03207343283741771
0.0026000000000000003,-0.0036,-4.109244045390806,0.009424122665650554,0.031289227092222704
0.0027,-0.0036,-4.140839336404309,0.00966741859343612,0.030432279078717723
0.0028,-0.0036,-4.170976568617838,0.009864182215663762,0.029477207675040425
0.0029,-0.0036,-4.201728844855597,0.010089600145252137,0.02848872650670762
0.003,-0.0036,-4.232227785626219,0.010222977876504766,0.027380959847008102
0.0031,-0.0036,-4.262023242582442,0.010404945648067864,0.026271171410748397
0.0032,-0.0036,-4.291287429170601,0.010573328160778123,0.025154931294347888
0.0033000000000000004,-0.0036,-4.319247930956053,0.010734104958919348,0.02400216647610042
0.0034,-0.0036,-4.347118333518364,0.010881890357560221,0.022850431983933307
0.0034999999999999996,-0.0036,-4.373588739667825,0.010989866595967668,0.021622937246348253
0.0036,-0.0036,-4.39872727714714,0.011151013245488506,0.020434425992212193
0.0037,-0.0036,-4.42284288387518,0.011202899173021941,0.019212170803684522
0.0038,-0.0036,-4.4465085138741145,0.011291611217817486,0.018013395055393858
0.0039,-0.0036,-4.468800857714137,0.011428050353593108,0.016851181650203457
0.004,-0.0036,-4.488879134799813,0.011476260037904189,0.015670218339064703
0.0041,-0.0036,-4.508617956190455,0.011527619450072264,0.014495049221812323
0.0042,-0.0036,-4.527425724093103,0.011580246928726971,0.013362795515799695
0.0043,-0.0036,-4.545291956876549,0.0116574061882882,0.012215752129864157
0.0044,-0.0036,-4.561801105409411,0.011725013964822808,0.01102663280859435
0.0045,-0.0036,-4.5746597416656,0.0117250835401419,0.00994868308011311
0.0046,-0.0036,-4.590799370826941,0.011738896864649464,0.008848382172367768
0.0047,-0.0036,-4.600333224783857,0.011799643712828982,0.007797439789508054
0.0048,-0.0036,-4.612385188314256,0.011849501180613535,0.006715971082118028
0.0049,-0.0036,-4.624530433612632,0.011819262257818867,0.005713947584362809
0.005,-0.0036,-4.631970742113999,0.011865194735676736,0.004635673909741981
0.0051,-0.0036,-4.641247173013988,0.01190674166429657,0.003636298242896638
0.005200000000000001,-0.0036,-4.648619589589449,0.011749683353384763,0.002619472667191886
0.0053,-0.0036,-4.649236146153229,0.01187825552082803,0.0015828121173782973
0.0054,-0.0036,-4.654322929828054,0.011792552842779615,0.000600666535936684
0.0055,-0.0036,-4.65672553939743,0.011794774701891789,-0.0003738785957826566
0.0056,-0.0036,-4.655370924613329,0.011724576418250313,-0.001325116934811171
0.005700000000000001,-0.0036,-4.653768231821097,0.011526938900566162,-0.0022013274367390875
0.0058,-0.0036,-4.6510884891587345,0.012084052631726199,-0.0031630052671007994
0.0059,-0.0036,-4.642897051300888,0.011422592671057613,-0.004201123948804889
0.006,-0.0036,-4.6443360686199355,0.011237204732159736,-0.005220433186207319
0.0061,-0.0036,-4.642526407154605,0.011316767984292639,-0.006126517838685067
0.0062,-0.0036,-4.634050768668387,0.010854683196656535,-0.007108926626004631
0.0063,-0.0036,-4.631029488241308,0.010968210264611783,-0.008010263057864776
0.0064,-0.0036,-4.622563236789396,0.010737754692849613,-0.008882354626028603
0.006499999999999999,-0.0036,-4.613468115163603,0.010628082703598947,-0.009795010923342763
0.006600000000000001,-0.0036,-4.603384533386305,0.010116632646818221,-0.01071106579921128
0.0067,-0.0036,-4.592966424069692,0.009871360591578879,-0.011581333923763891
0.0068,-0.0036,-4.58460132582905,0.009702797475914557,-0.012479362226378174
0.0069,-0.0036,-4.572523050268096,0.009338380055845209,-0.013370789927341392
0.006999999999999999,-0.0036,-4.560428516041764,0.008848886372635197,-0.014130567127600514
0.007100000000000001,-0.0036,-4.5482055727499215,0.008456678617590049,-0.015152382678051158
0.0072,-0.0036,-4.540528755310793,0.007937617525160895,-0.01599440029567631
0.0073,-0.0036,-4.524663714412857,0.0074979571498905336,-0.01693157312818337
0.0074,-0.0036,-4.5135857386605585,0.006877706555560173,-0.017851651972168647
0.0075,-0.0036,-4.499487631339785,0.0062210005726798705,-0.01894629883791777
0.0076,-0.0036,-4.485077987016896,0.005413229607318745,-0.020060782041311155
0.0077,-0.0036,-4.468674936031546,0.004722212838618867,-0.0212877424394379
0.0078,-0.0036,-4.454248976389295,0.003901290575643457,-0.022641312045686247
0.0079,-0.0036,-4.437771536181555,0.003051293030264199,-0.02410293894957155
0.008,-0.0036,-4.423027787933412,0.002027968007279009,-0.02587153208595047
0.0081,-0.0036,-4.4028916209138975,0.001051069866821664,-0.027635627029118395
0.0082,-0.0036,-4.382029740517957,1.1112607522584945e-06,-0.029965825519443847
0.0083,-0.0036,-4.360716545561422,-0.0010608892919055574,-0.03238946420627978
0.0084,-0.0036,-4.338488292281054,-0.0022846321557236015,-0.0352154406125254
0.0085,-0.0036,-4.303950426108838,-0.0034215195285646873,-0.038395838583433824
0.0086,-0.0036,-4.284628834995202,-0.00459260232038742,-0.04180082829492298
0.0087,-0.0036,-4.280422458700098,-0.005480139387238548,-0.04527440477445473
0.0088,-0.0036,-4.290798065735478,-0.006590907573224456,-0.04868931366625281
0.0089,-0.0036,-4.216743077420502,-0.007055132412779698,-0.052471594623905805
0.009,-0.0036,-4.211541764340677,-0.007649354375679901,-0.055560221490478984
0.0091,-0.0036,-4.21732230885088,-0.009104236905587313,-0.05818140221241411
0.0092,-0.0036,-4.045962236152282,-0.009171628611228102,-0.061909858979753964
0.0093,-0.0036,-4.0239650222947025,-0.00650847548631232,-0.06127418245783811
0.0094,-0.0036,-4.0359462482765425,-0.0058424482995587486,-0.05840277381147329
0.0095,-0.0036,-4.017975590436463,-0.006745692428704106,-0.05400773559315597
0.0096,-0.0036,-4.018724160144975,-0.004290783164476802,-0.046410583328168956
0.0097,-0.0036,-3.988021709487378,-0.0026830131794729596,-0.036314638983776536
0.0098,-0.0036,-3.991171201404557,-0.0014143510107914323,-0.025139459968140085
0.0099,-0.0036,-3.993317082525076,-0.0004692719432179077,-0.013086670471632245
0.01,-0.0036,-3.9875111775236753,0.0,0.0
0.0,-0.0034999999999999996,-3.7205482253489603,0.0,0.0
0.0001,-0.0034999999999999996,-3.721237658578993,0.0001400609812271555,0.003914521853474494
0.0002,-0.0034999999999999996,-3.7170845189016815,0.0004345908331429523,0.007725793432152051
0.0003,-0.0034999999999999996,-3.7144911969045,0.0008355095449569258,0.011413527244957221
0.0004,-0.0034999999999999996,-3.7127940772100785,0.0012322235330781478,0.014700287473759364
0.0005,-0.0034999999999999996,-3.7121613969513,0.0017994996768998005,0.017783049190847073
0.0006,-0.0034999999999999996,-3.7154128196192593,0.0024150683341364067,0.02055051813048368
0.0007,-0.0034999999999999996,-3.717937161290132,0.0029275944152752295,0.02330289442256276
0.0008,-0.0034999999999999996,-3.7221597214104545,0.003467510573574299,0.025366919292308124
0.0009,-0.0034999999999999996,-3.7286010268603427,0.004031868751392023,0.027236111741661226
0.001,-0.0034999999999999996,-3.737085503628928,0.004516728825997344,0.028671258043915755
0.0011,-0.0034999999999999996,-3.7475881491425924,0.00504362286642664,0.030051652611593163
0.0012,-0.0034999999999999996,-3.759778903149901,0.005470991669465496,0.0312356153453745
0.0013000000000000002,-0.0034999999999999996,-3.774685673708896,0.0059169737190434175,0.03208950483589738
0.0014,-0.0034999999999999996,-3.7912488914385385,0.0063347184510568755,0.03286084973765244
0.0015,-0.0034999999999999996,-3.8081620263351477,0.006684072806790656,0.033412917959526445
0.0016,-0.0034999999999999996,-3.824856149496139,0.007061021029088954,0.033817020004011135
0.0017,-0.0034999999999999996,-3.8497457684958603,0.007510046895510551,0.034131421308071556
0.0018,-0.0034999999999999996,-3.8760634473455418,0.007831917230056893,0.03419316268571742
0.0019,-0.0034999999999999996,-3.906011725136382,0.008204486145491316,0.03421646272801867
0.002,-0.0034999999999999996,-3.9267247252874227,0.00850168635344325,0.03411745328710736
0.0021,-0.0034999999999999996,-3.9488801611861875,0.008805984115993216,0.033806836475681466
0.0022,-0.0034999999999999996,-3.959338813851336,0.009163756157950646,0.03347544245165262
0.0023,-0.0034999999999999996,-3.986786673352549,0.009529072728733413,0.03321911352500705
0.0024,-0.0034999999999999996,-4.037104085836725,0.009863864702385552,0.03255567309597937
0.0025,-0.0034999999999999996,-4.068069712296592,0.01010115096251833,0.031833810252386796
0.0026000000000000003,-0.0034999999999999996,-4.096853691546509,0.010385546049776114,0.031096957017954587
0.0027,-0.0034999999999999996,-4.127277561800389,0.010624823669320757,0.030180333032468233
0.0028,-0.0034999999999999996,-4.15784753484109,0.010859706311144905,0.029251512364028343
0.0029,-0.0034999999999999996,-4.187882054686953,0.011074481974321088,0.028268712653097897
0.003,-0.0034999999999999996,-4.218125829476108,0.011334932752733255,0.027257610681045197
0.0031,-0.0034999999999999996,-4.248221982523742,0.01149626078769421,0.02613764426670271
0.0032,-0.0034999999999999996,-4.277078798530616,0.011704881257004815,0.02503519907721279
0.0033000000000000004,-0.0034999999999999996,-4.305372169111723,0.011894783512524099,0.02387379571063386
0.0034,-0.0034999999999999996,-4.332243965712514,0.012011414095468895,0.022720821845383474
0.0034999999999999996,-0.0034999999999999996,-4.359525164968388,0.012173865555580275,0.021528565161408515
0.0036,-0.0034999999999999996,-4.384761420684245,0.012244681313404957,0.020299180549633106
0.0037,-0.0034999999999999996,-4.409750952626627,0.012386225757522929,0.01910635722630797
0.0038,-0.0034999999999999996,-4.432374863205763,0.012499417167905627,0.017932271259224555
0.0039,-0.0034999999999999996,-4.455286917660213,0.01259042672012509,0.016764976406795817
0.004,-0.0034999999999999996,-4.475524533219552,0.012688069367395492,0.015589324431668695
0.0041,-0.0034999999999999996,-4.496080677773908,0.012752424149164802,0.014412681468797742
0.0042,-0.0034999999999999996,-4.514288582904698,0.012853106987255442,0.013256945902346587
0.0043,-0.0034999999999999996,-4.530974934768722,0.012861875480433339,0.012111634755027478
0.0044,-0.0034999999999999996,-4.547988434867572,0.012923040076959281,0.010982744529142642
0.0045,-0.0034999999999999996,-4.562084443646222,0.012993341576048948,0.009899122211508807
0.0046,-0.0034999999999999996,-4.575686044612596,0.013008941994412543,0.008803850034089733
0.0047,-0.0034999999999999996,-4.586279145273162,0.013076828329267154,0.007778675090196945
0.0048,-0.0034999999999999996,-4.598002200099007,0.01308844730024009,0.006698763885235319
0.0049,-0.0034999999999999996,-4.605619463326447,0.013164747775670027,0.005670325552836398
0.005,-0.0034999999999999996,-4.614621264877914,0.013117927230691828,0.004655708284921026
0.0051,-0.0034999999999999996,-4.623043736958293,0.013174874759255531,0.0036294975471533805
0.005200000000000001,-0.0034999999999999996,-4.629150032362468,0.013280496084063856,0.0026622983048759895
0.0053,-0.0034999999999999996,-4.632743894977238,0.013262782585935984,0.0016109547148769974
0.0054,-0.0034999999999999996,-4.637714018168381,0.013088931760012391,0.0006325025667676673
0.0055,-0.0034999999999999996,-4.639663262034978,0.013046693511213637,-0.0003100708277545038
0.0056,-0.0034999999999999996,-4.638322617320718,0.012937158706543564,-0.0012846741049412373
0.005700000000000001,-0.0034999999999999996,-4.63705557890544,0.013020434533341979,-0.002317457165792434
0.0058,-0.0034999999999999996,-4.634373117448956,0.012965947514468341,-0.0033305924968612026
0.0059,-0.0034999999999999996,-4.6302229815254945,0.012684638815239452,-0.004278984957907722
0.006,-0.0034999999999999996,-4.629773177634611,0.012553614293950355,-0.005186205007142836
0.0061,-0.0034999999999999996,-4.624100637740961,0.012812769527333585,-0.0060889246523929035
0.0062,-0.0034999999999999996,-4.615992392293744,0.012421635464619276,-0.006867350208809167
0.0063,-0.0034999999999999996,-4.609789997608784,0.012118374215294502,-0.00784341552832131
0.0064,-0.0034999999999999996,-4.595866818544744,0.012177169718181752,-0.008679102886405532
0.006499999999999999,-0.0034999999999999996,-4.590772405319197,0.011579517001207717,-0.009565655022197169
0.006600000000000001,-0.0034999999999999996,-4.582358637676267,0.011498053009621506,-0.010370186499989886
0.0067,-0.0034999999999999996,-4.5706455257339265,0.011180675577372491,-0.011302544974438845
0.0068,-0.0034999999999999996,-4.559758262974054,0.010747467712258874,-0.01212716467128307
0.0069,-0.0034999999999999996,-4.548126426475951,0.010608044110732538,-0.013000556024561719
0.006999999999999999,-0.0034999999999999996,-4.538725257971223,0.010053883025495319,-0.013783086714738952
0.007100000000000001,-0.0034999999999999996,-4.519564575567311,0.009583104765694878,-0.014571501504731799
0.0072,-0.0034999999999999996,-4.514602211103866,0.009112397148068496,-0.015440577750038393
0.0073,-0.0034999999999999996,-4.498230153755041,0.008595407229317627,-0.01634444053820578
0.0074,-0.0034999999999999996,-4.490956418518974,0.008015624655962698,-0.017248483181851265
0.0075,-0.0034999999999999996,-4.47574845922831,0.007291820069445735,-0.018274641860615472
0.0076,-0.0034999999999999996,-4.462912826946713,0.006682437648072906,-0.019336225811626914
0.0077,-0.0034999999999999996,-4.451333052317093,0.005894349387268829,-0.02050183999311003
0.0078,-0.0034999999999999996,-4.43894037685371,0.005022585368836676,-0.021783077305476784
0.0079,-0.0034999999999999996,-4.4190890486251995,0.00423494808532121,-0.023185803317185873
0.008,-0.0034999999999999996,-4.402719207050936,0.0032107518259843846,-0.024850305194841868
0.0081,-0.0034999999999999996,-4.389571539203483,0.0022207472348062195,-0.026596416531102864
0.0082,-0.0034999999999999996,-4.371419667583835,0.0011710333403763956,-0.02870771611366435
0.0083,-0.0034999999999999996,-4.35001369412804,3.1771181698757316e-05,-0.031262379623208124
0.0084,-0.0034999999999999996,-4.3269813787250415,-0.0011443759150058523,-0.03397274092149329
0.0085,-0.0034999999999999996,-4.305437156110432,-0.0023746771846264946,-0.0372277877302733
0.0086,-0.0034999999999999996,-4.290009115764512,-0.0035480921407653673,-0.04082395693532473
0.0087,-0.0034999999999999996,-4.277079650996798,-0.004816170970409274,-0.04473145609579249
0.0088,-0.0034999999999999996,-4.233201355375013,-0.005974542571790441,-0.049022510368041006
0.0089,-0.0034999999999999996,-4.211238665227157,-0.006592002496737446,-0.053024049371675465
0.009,-0.0034999999999999996,-4.214153569108209,-0.0073465830925399135,-0.057583432662187795
0.0091,-0.0034999999999999996,-4.134259076401893,-0.00810785154194257,-0.06071374201999095
0.0092,-0.0034999999999999996,-4.0621317396515355,-0.0068784611781628376,-0.06165974196743032
0.0093,-0.0034999999999999996,-3.998945225174989,-0.006939238797805303,-0.06178130478755335
0.0094,-0.0034999999999999996,-4.0274084023032035,-0.0073431563497428215,-0.05886633495323515
0.0095,-0.0034999999999999996,-4.001361654292744,-0.00595839275075628,-0.055216905814362074
0.0096,-0.0034999999999999996,-3.996769036892948,-0.004022519494787164,-0.04810143904839986
0.0097,-0.0034999999999999996,-3.994039801888717,-0.00283140409323409,-0.037820198808750524
0.0098,-0.0034999999999999996,-3.990997906190088,-0.0014007779492296731,-0.02688575663445172
0.0099,-0.0034999999999999996,-3.9915285199714137,-0.0005205478088557077,-0.01356212347642148
0.01,-0.0034999999999999996,-3.991441244151914,0.0,0.0
0.0,-0.0034,-3.7159411508685576,0.0,0.0
0.0001,-0.0034,-3.7163830113974785,0.00014291455902587912,0.00374841850150833
0.0002,-0.0034,-3.716687540004326,0.00038560587287087125,0.007403849467555132
0.0003,-0.0034,-3.7124268371663804,0.0008170712727667292,0.010915078743268532
0.0004,-0.0034,-3.7104547759720647,0.0012633947669359394,0.01425605423250776
0.0005,-0.0034,-3.710761603510184,0.001976773116236726,0.017347621493972513
0.0006,-0.0034,-3.71009068457423,0.0024784206077084255,0.02001794752820876
0.0007,-0.0034,-3.7142804909042764,0.0031525844136894793,0.022514523612603067
0.0008,-0.0034,-3.7176702674703486,0.0037139368554493578,0.024826195850077698
0.0009,-0.0034,-3.7241716573165236,0.004170090525729575,0.026523850491407475
0.001,-0.0034,-3.7326467580714517,0.004831542421727402,0.028227395534197387
0.0011,-0.0034,-3.7425989086415075,0.005385693833931166,0.029699735253576068
0.0012,-0.0034,-3.7540629447377643,0.005884419618311661,0.030837730533928232
0.0013000000000000002,-0.0034,-3.767617470281527,0.006330116675842591,0.0316839738282285
0.0014,-0.0034,-3.7828726049095134,0.006754485670556695,0.0324013120270748
0.0015,-0.0034,-3.7983117491899967,0.007269888695653759,0.032974244853912704
0.0016,-0.0034,-3.8229902973516636,0.00768560911108252,0.033448685636178664
0.0017,-0.0034,-3.841298560858953,0.008097281622485502,0.03368926411085561
0.0018,-0.0034,-3.864581488674788,0.008484959299820136,0.03386407481821728
0.0019,-0.0034,-3.8840029299859826,0.008901650953536079,0.03378836567933951
0.002,-0.0034,-3.898677713374448,0.0092722348355731,0.03356865448946313
0.0021,-0.0034,-3.9366641121087453,0.009615091913674972,0.033475659745998136
0.0022,-0.0034,-3.9690466880074826,0.010054108732061492,0.033254796282028064
0.0023,-0.0034,-4.015332059283926,0.010382851615080138,0.03271921213110713
0.0024,-0.0034,-4.039595374947536,0.01064064446408761,0.032114773132516775
0.0025,-0.0034,-4.055622621707429,0.010948805037216493,0.03146817044401007
0.0026000000000000003,-0.0034,-4.082230518475546,0.011292142421099797,0.03072160278683146
0.0027,-0.0034,-4.1114838116827634,0.011578696009605384,0.02991936832963458
0.0028,-0.0034,-4.142593848537415,0.011857437786439733,0.029041795811389538
0.0029,-0.0034,-4.173097669555956,0.012117590883699507,0.028089263429466
0.003,-0.0034,-4.202645363514897,0.012358600382993398,0.026996308066544412
0.0031,-0.0034,-4.232253674940686,0.01258928964209323,0.025934456892818283
0.0032,-0.0034,-4.261064964998691,0.012807787256012027,0.024860660774041705
0.0033000000000000004,-0.0034,-4.289437014731458,0.012930476211234086,0.023693366767384223
0.0034,-0.0034,-4.317349042250069,0.013151100361691846,0.022538655200773968
0.0034999999999999996,-0.0034,-4.343806609027824,0.013253543890734708,0.021374689187727253
0.0036,-0.0034,-4.36913271660217,0.013414504997049548,0.020194998638539435
0.0037,-0.0034,-4.394212820639985,0.0135564755018324,0.019018440799270692
0.0038,-0.0034,-4.4174557595192825,0.013656010761916054,0.01783022070920789
0.0039,-0.0034,-4.439118649467622,0.013744564155312743,0.016639533402292846
0.004,-0.0034,-4.459902718465137,0.013866216481966155,0.015488683261347459
0.0041,-0.0034,-4.479922961705602,0.01397217234881788,0.014335360091096663
0.0042,-0.0034,-4.498377194527356,0.014047377448381998,0.013209071705517878
0.0043,-0.0034,-4.515297139854238,0.01410991587313004,0.012091946613049437
0.0044,-0.0034,-4.532111675328541,0.014139446446603053,0.010964584139376291
0.0045,-0.0034,-4.546135644996743,0.014206611981346297,0.009875937703447824
0.0046,-0.0034,-4.559815599732393,0.014200765408680524,0.008790764230178749
0.0047,-0.0034,-4.572243374464694,0.014324983999183492,0.0077089527051501325
0.0048,-0.0034,-4.5823818841627775,0.014404525943513359,0.006670953984775016
0.0049,-0.0034,-4.590973196224764,0.014369576026601528,0.005641527582907361
0.005,-0.0034,-4.5981839381451985,0.014415786864080633,0.004616319401942956
0.0051,-0.0034,-4.607165314729152,0.014411115876238695,0.003644562121404147
0.005200000000000001,-0.0034,-4.613027851905985,0.014456177943728742,0.0026245145826503296
0.0053,-0.0034,-4.617463004488697,0.014341993717282956,0.0016455431837742375
0.0054,-0.0034,-4.61928105801136,0.014388615923846371,0.0006428319402947373
0.0055,-0.0034,-4.619718043695216,0.014336012081212143,-0.0002546844633388338
0.0056,-0.0034,-4.620988674788104,0.01428287560813387,-0.0012610491162265078
0.005700000000000001,-0.0034,-4.618611866791568,0.014223023581646569,-0.002201414971987692
0.0058,-0.0034,-4.617953839068864,0.014294299121326674,-0.003142125619012856
0.0059,-0.0034,-4.612484607630433,0.01409590901907159,-0.003942344746499554
0.006,-0.0034,-4.613065670789433,0.013744346506173398,-0.004903896863492262
0.0061,-0.0034,-4.6054609220187865,0.014012375728790728,-0.005807906548793165
0.0062,-0.0034,-4.593903841236555,0.01362763430069913,-0.006688149568384386
0.0063,-0.0034,-4.584164778938515,0.013552469418780484,-0.007567097394100344
0.0064,-0.0034,-4.573448687505126,0.013092598464776265,-0.00840792118468408
0.006499999999999999,-0.0034,-4.565863154463314,0.012939664579610417,-0.009279137974438653
0.006600000000000001,-0.0034,-4.555637031783241,0.012663996888421286,-0.01013154059782376
0.0067,-0.0034,-4.5485866533871,0.012503617287883554,-0.010905158658797692
0.0068,-0.0034,-4.534053006971792,0.01205924317724992,-0.011767900354847613
0.0069,-0.0034,-4.524045989760079,0.011681849192160528,-0.012493144910997523
0.006999999999999999,-0.0034,-4.507969053710027,0.011239984628679096,-0.01337865300910811
0.007100000000000001,-0.0034,-4.496088135659101,0.010861673663531343,-0.014166924875262244
0.0072,-0.0034,-4.4907644288248445,0.01017118702314532,-0.015061244069516559
0.0073,-0.0034,-4.472092918783927,0.009767370309151232,-0.015757923142701337
0.0074,-0.0034,-4.4682083953742895,0.00907923672603811,-0.016659924948625143
0.0075,-0.0034,-4.45243789826909,0.008457674637506825,-0.017614184566616505
0.0076,-0.0034,-4.439929461368784,0.0077345209458999226,-0.01860226040520111
0.0077,-0.0034,-4.427032091463053,0.007000703187575823,-0.019700851866846936
0.0078,-0.0034,-4.415194410697297,0.006272964565771391,-0.02091462087589124
0.0079,-0.0034,-4.403710844412209,0.005309511754383842,-0.022292112337601408
0.008,-0.0034,-4.386573677888333,0.0044221792290793085,-0.023829805131425654
0.0081,-0.0034,-4.3678611562337375,0.003331354579123329,-0.025645200530770032
0.0082,-0.0034,-4.356888163111548,0.0022563135582483076,-0.0276757056828469
0.0083,-0.0034,-4.337661805782238,0.001112024317656548,-0.030072296884787526
0.0084,-0.0034,-4.317855580631904,-0.00011129147241944471,-0.032824192608195295
0.0085,-0.0034,-4.297178388074247,-0.0013735954472008283,-0.03587551798952855
0.0086,-0.0034,-4.270110850006531,-0.0026078143327508806,-0.039521102562128166
0.0087,-0.0034,-4.244779405359627,-0.004093400962635352,-0.04323183959895449
0.0088,-0.0034,-4.167195607223283,-0.005245061281803259,-0.047341466407923416
0.0089,-0.0034,-4.129124939830948,-0.0066496686294435685,-0.050892439873703024
0.009,-0.0034,-3.991968378425304,-0.007429268888681915,-0.055734326022160066
0.0091,-0.0034,-3.920624664520498,-0.007703661719521936,-0.06062041471891036
0.0092,-0.0034,-4.199410780771312,-0.0072617183731123695,-0.0609701964722754
0.0093,-0.0034,-4.080419653464048,-0.007511446136327988,-0.062182999113293926
0.0094,-0.0034,-4.01537594193616,-0.006561855060591014,-0.060939082088054375
0.0095,-0.0034,-4.019508258894242,-0.006510642729602283,-0.057586207489986996
0.0096,-0.0034,-4.014592995860408,-0.003993903733728498,-0.05018637492177933
0.0097,-0.0034,-4.000707216124869,-0.0025240077111517876,-0.03972028275161775
0.0098,-0.0034,-3.994127857226465,-0.0014148375309110265,-0.027505095384325953
0.0099,-0.0034,-3.993462599180861,-0.0004938448049611092,-0.014121786009160585
0.01,-0.0034,-3.9937260835025463,0.0,0.0
0.0,-0.0033000000000000004,-3.7090035329289672,0.0,0.0
0.0001,-0.0033000000000000004,-3.715394421200736,7.70348245882924e-05,0.003516272470065292
0.0002,-0.0033000000000000004,-3.7117339088514227,0.00044920709369528685,0.00714314275346708
0.0003,-0.0033000000000000004,-3.709002147157216,0.0007627134161865316,0.010435770273532397
0.0004,-0.0033000000000000004,-3.7078209983104413,0.0013745100855114291,0.013632583366280693
0.0005,-0.0033000000000000004,-3.70608380431458,0.002057665883213327,0.0166164616582371
0.0006,-0.0033000000000000004,-3.706987196696641,0.0025088588145310655,0.019395716340003186
0.0007,-0.0033000000000000004,-3.708928492353259,0.0032478026576848226,0.022043833461971328
0.0008,-0.0033000000000000004,-3.7113700513831995,0.0038185222161703997,0.024074785043680273
0.0009,-0.0033000000000000004,-3.719163335208534,0.004499363372774383,0.026015353059556868
0.001,-0.0033000000000000004,-3.7260967668525247,0.005072221291982071,0.027671635053444357
0.0011,-0.0033000000000000004,-3.7364718778252697,0.0056272485590778375,0.02918881229107552
0.0012,-0.0033000000000000004,-3.7463598049452673,0.006220933694101868,0.030189855973647074
0.0013000000000000002,-0.0033000000000000004,-3.760024191272947,0.006772321936458581,0.031194236317038517
0.0014,-0.0033000000000000004,-3.776406680745296,0.007150861093502086,0.03197191188407887
0.0015,-0.0033000000000000004,-3.7902862422717853,0.0076959562378168984,0.03254838682569255
0.0016,-0.0033000000000000004,-3.8090422491133116,0.008201830114373103,0.033083446591773306
0.0017,-0.0033000000000000004,-3.829921620271338,0.00870774698486607,0.03324728290425447
0.0018,-0.0033000000000000004,-3.8519763372541767,0.009145426398436376,0.03346386562345643
0.0019,-0.0033000000000000004,-3.8732520365709253,0.009530725769829496,0.03351769607088389
0.002,-0.0033000000000000004,-3.8963603210191438,0.010007213256163014,0.03331266065201554
0.0021,-0.0033000000000000004,-3.9265485352952587,0.010432947127543897,0.033252053900953614
0.0022,-0.0033000000000000004,-3.9538512879637397,0.010768539335266808,0.03279614570907765
0.0023,-0.0033000000000000004,-3.9709472566743194,0.011158739878331787,0.03229536896482795
0.0024,-0.0033000000000000004,-3.9999322285858474,0.01152646886686025,0.03168841854157776
0.0025,-0.0033000000000000004,-4.036907903195776,0.01189062170084882,0.031091035936791234
0.0026000000000000003,-0.0033000000000000004,-4.067121903178672,0.012203356311617085,0.030447385530096623
0.0027,-0.0033000000000000004,-4.096219783510148,0.012518431273514397,0.029627624081250283
0.0028,-0.0033000000000000004,-4.1265766179737655,0.01280910582752288,0.028746676373745273
0.0029,-0.0033000000000000004,-4.155887766359433,0.01310497756283487,0.02777328213756914
0.003,-0.0033000000000000004,-4.185753604934628,0.013373039546195438,0.026773638969075426
0.0031,-0.0033000000000000004,-4.2153634056445055,0.013591711360675466,0.025684862715545893
0.0032,-0.0033000000000000004,-4.244197488675722,0.013810810944182057,0.024659175355676265
0.0033000000000000004,-0.0033000000000000004,-4.272390995368092,0.014040345379760236,0.02351865473914892
0.0034,-0.0033000000000000004,-4.2998588567804275,0.014204167256250445,0.022357280706624034
0.0034999999999999996,-0.0033000000000000004,-4.326057965227149,0.014414480015997922,0.02122444575918509
0.0036,-0.0033000000000000004,-4.352001593408359,0.014556538604515721,0.020049021511545303
0.0037,-0.0033000000000000004,-4.376342451342807,0.014675820019417349,0.018864409656345418
0.0038,-0.0033000000000000004,-4.399966525188055,0.014850476832289917,0.01773494482974471
0.0039,-0.0033000000000000004,-4.421455101137327,0.014970751431582094,0.016544969604971163
0.004,-0.0033000000000000004,-4.442885316137953,0.01506390985782901,0.015374254639261828
0.0041,-0.0033000000000000004,-4.463492361005323,0.015130451431585298,0.014245936862856984
0.0042,-0.0033000000000000004,-4.4817420414518665,0.015252399103329154,0.013120374154534684
0.0043,-0.0033000000000000004,-4.499113497557479,0.015291424816946567,0.011994849862469513
0.0044,-0.0033000000000000004,-4.514330402337822,0.015362675003969498,0.010901397690644663
0.0045,-0.0033000000000000004,-4.529118243733448,0.015455356355082762,0.00983310844333636
0.0046,-0.0033000000000000004,-4.541494357952238,0.01545836783482208,0.008726855425222023
0.0047,-0.0033000000000000004,-4.555849209311949,0.015580988764304355,0.0076797053170882534
0.0048,-0.0033000000000000004,-4.5649023871734435,0.015612524104949281,0.006665620477910277
0.0049,-0.0033000000000000004,-4.575331646275705,0.01565510889262129,0.005614026333779137
0.005,-0.0033000000000000004,-4.581932505853129,0.015552812085341783,0.004629416550430321
0.0051,-0.0033000000000000004,-4.588757210055554,0.01561775411129465,0.0036456167311069085
0.005200000000000001,-0.0033000000000000004,-4.594543376905361,0.015617068460421596,0.0026109886974455074
0.0053,-0.0033000000000000004,-4.597452470978471,0.015667567834789575,0.0016534915946910867
0.0054,-0.0033000000000000004,-4.598682152354077,0.01573949583787376,0.0006547272772729552
0.0055,-0.0033000000000000004,-4.599315167045173,0.015583722351813429,-0.0002773502227138812
0.0056,-0.0033000000000000004,-4.5979990609763695,0.015552468287621241,-0.0012540254501211376
0.005700000000000001,-0.0033000000000000004,-4.596575835504702,0.015501200356069056,-0.002125753966363602
0.0058,-0.0033000000000000004,-4.593134521085057,0.015438714539336016,-0.003065607102320367
0.0059,-0.0033000000000000004,-4.588226906604803,0.015303869381915847,-0.0038802674044136594
0.006,-0.0033000000000000004,-4.5855224914879935,0.0151618943649042,-0.004757791240575323
0.0061,-0.0033000000000000004,-4.577411907457375,0.01496962017964513,-0.005592886968285287
0.0062,-0.0033000000000000004,-4.567726973747246,0.014883114875582876,-0.006538088669865336
0.0063,-0.0033000000000000004,-4.558581713624891,0.014530446936213219,-0.00739516023754972
0.0064,-0.0033000000000000004,-4.548362239419774,0.014333618539915719,-0.008172693615449172
0.006499999999999999,-0.0033000000000000004,-4.539624371646465,0.014138497604357864,-0.008999895262211828
0.006600000000000001,-0.0033000000000000004,-4.528471786555899,0.013797456953439242,-0.009826069229126391
0.0067,-0.0033000000000000004,-4.516762927435584,0.013452230840223229,-0.010633563870116228
0.0068,-0.0033000000000000004,-4.507064297730212,0.013142592811812043,-0.011393781341557833
0.0069,-0.0033000000000000004,-4.500964047567599,0.012815036178725285,-0.012167311664800878
0.006999999999999999,-0.0033000000000000004,-4.482648825166963,0.012391062513720566,-0.012921664962875841
0.007100000000000001,-0.0033000000000000004,-4.4726513069004294,0.011739547716101487,-0.01367424836969515
0.0072,-0.0033000000000000004,-4.456004089704873,0.01125905581317891,-0.01443665145712422
0.0073,-0.0033000000000000004,-4.450006661478714,0.010821570179946323,-0.015228908306174
0.0074,-0.0033000000000000004,-4.435419230612187,0.01015283277067746,-0.016018857866761372
0.0075,-0.0033000000000000004,-4.429968714146473,0.009515991976488595,-0.016942101171353502
0.0076,-0.0033000000000000004,-4.417330040173886,0.00890564144708334,-0.01784125225771858
0.0077,-0.0033000000000000004,-4.402771604691923,0.008135166053724342,-0.018883870488701188
0.0078,-0.0033000000000000004,-4.3938194215615844,0.007283730437002323,-0.02002757000662649
0.0079,-0.0033000000000000004,-4.378441397786555,0.006399098484867822,-0.021349561414155827
0.008,-0.0033000000000000004,-4.363936040483891,0.005410203308668669,-0.0228565056453269
0.0081,-0.0033000000000000004,-4.353301547951262,0.004318833277617146,-0.024540838645245616
0.0082,-0.0033000000000000004,-4.335621386906116,0.003365425994682845,-0.02651775083108517
0.0083,-0.0033000000000000004,-4.319811125021805,0.0021120966126161145,-0.02886667231530117
0.0084,-0.0033000000000000004,-4.301248701336524,0.0009292035067605731,-0.031534446613501535
0.0085,-0.0033000000000000004,-4.285180397779662,-0.00037530118014740196,-0.03460705385404302
0.0086,-0.0033000000000000004,-4.25126480734091,-0.0016385880319367777,-0.03805897155172477
0.0087,-0.0033000000000000004,-4.235519439949715,-0.0029650739490931066,-0.04181387954784269
0.0088,-0.0033000000000000004,-4.235291606047622,-0.0038300981071952133,-0.04565351086356767
0.0089,-0.0033000000000000004,-4.269538329876151,-0.0046083258381516366,-0.05040016964172476
0.009,-0.0033000000000000004,-4.4005410225524,-0.006128981673506186,-0.05322861607156722
0.0091,-0.0033000000000000004,-4.174937297525933,-0.00745009013191198,-0.05769578008944133
0.0092,-0.0033000000000000004,-4.01228398962076,-0.009157413631751694,-0.06318780471547024
0.0093,-0.0033000000000000004,-4.069774005682335,-0.007687649078270645,-0.06309513906214095
0.0094,-0.0033000000000000004,-4.036489242387588,-0.005613794256536866,-0.0640320034281902
0.0095,-0.0033000000000000004,-4.103585104093373,-0.003943744253884382,-0.05732447110451434
0.0096,-0.0033000000000000004,-4.015176232048025,-0.002706422252710734,-0.05085398663890959
0.0097,-0.0033000000000000004,-4.015117758555356,-0.0025701210717992626,-0.04121784785134697
0.0098,-0.0033000000000000004,-3.9882531754959385,-0.0013222752083581315,-0.028578598984882488
0.0099,-0.0033000000000000004,-3.994981480473667,-0.0005038663393434671,-0.014785737562917504
0.01,-0.0033000000000000004,-3.99032241092298,0.0,0.0
0.0,-0.0032,-3.714751195976163,0.0,0.0
0.0001,-0.0032,-3.7099436455775137,0.0002496037776420429,0.0032831792518802014
0.0002,-0.0032,-3.7096803369126845,0.00033025652220728286,0.00666875064711841
0.0003,-0.0032,-3.706191758424425,0.000889537905461368,0.009946842714140577
0.0004,-0.0032,-3.7039395038271046,0.0014335982706518014,0.01310686261958074
0.0005,-0.0032,-3.6997388987874853,0.0019784397076204347,0.016104537009684273
0.0006,-0.0032,-3.7024455218746013,0.0027022689339474856,0.018754063124752997
0.0007,-0.0032,-3.70539468529623,0.0032811926278536415,0.021246231704955546
0.0008,-0.0032,-3.705404929370301,0.003997018441957551,0.02348886810958624
0.0009,-0.0032,-3.7113769237307297,0.004671066533825351,0.025518054530159748
0.001,-0.0032,-3.719135689623496,0.005288354913128255,0.027058774631755163
0.0011,-0.0032,-3.7285129372576686,0.006005110125636583,0.02855748871199662
0.0012,-0.0032,-3.738767141207595,0.006506387801581994,0.02970507100082294
0.0013000000000000002,-0.0032,-3.7510051899954493,0.00715704015500744,0.030638137201608906
0.0014,-0.0032,-3.7659048897008445,0.007689289238209051,0.03143191468402186
0.0015,-0.0032,-3.783422573430248,0.008232265725856438,0.03203096545490302
0.0016,-0.0032,-3.797568304259541,0.008671604617044259,0.03248263516456499
0.0017,-0.0032,-3.818554867784547,0.009199017684417696,0.032736216420436004
0.0018,-0.0032,-3.838809457245806,0.009701849224473723,0.03290546706441307
0.0019,-0.0032,-3.8604472476299483,0.010176509839591839,0.03301699984229641
0.002,-0.0032,-3.8894479399165913,0.01062276958726395,0.03294505095389327
0.0021,-0.0032,-3.9155916486477156,0.011105270242716387,0.03260557429525651
0.0022,-0.0032,-3.9375959773323244,0.011522919226185929,0.03230810482424953
0.0023,-0.0032,-3.96137592781213,0.011912130824278945,0.032023899702176485
0.0024,-0.0032,-3.9894371344483557,0.012364962437375018,0.031490450893146546
0.0025,-0.0032,-4.018679293792497,0.012710554586395384,0.03083474170260865
0.0026000000000000003,-0.0032,-4.049075922328907,0.013081715708284035,0.030084560033411346
0.0027,-0.0032,-4.078681362520588,0.013438552486627729,0.029343412914347135
0.0028,-0.0032,-4.1082875618515535,0.013759613874253552,0.028475953401645257
0.0029,-0.0032,-4.137894052669959,0.014064745713741318,0.027496351242413127
0.003,-0.0032,-4.167180790316674,0.014352742548162229,0.026505000731411106
0.0031,-0.0032,-4.196631089518453,0.014599299200592523,0.025503681887812137
0.0032,-0.0032,-4.225074030075401,0.014835386549458247,0.024414076048287783
0.0033000000000000004,-0.0032,-4.253697868211857,0.015154567722015783,0.02331002740997495
0.0034,-0.0032,-4.281173992303364,0.015350397797393249,0.02219581403183541
0.0034999999999999996,-0.0032,-4.3073087307368025,0.015481012119362026,0.021016478770070235
0.0036,-0.0032,-4.333105534604495,0.015659706540045126,0.019911266502471082
0.0037,-0.0032,-4.357529566281328,0.01577734888701552,0.018752446132346924
0.0038,-0.0032,-4.38122903555868,0.015952536043820412,0.017581429790359947
0.0039,-0.0032,-4.40380346769488,0.016085980666226792,0.0164387878399698
0.004,-0.0032,-4.425319662508911,0.016192673834736993,0.015283032606579441
0.0041,-0.0032,-4.445446916492772,0.016310725503776248,0.01415071443179759
0.0042,-0.0032,-4.462784137557653,0.01640134252290523,0.01303377835565031
0.0043,-0.0032,-4.480353943390511,0.016486737663435745,0.01190802058216614
0.0044,-0.0032,-4.497004841795023,0.016575708420724013,0.010843997934203544
0.0045,-0.0032,-4.510848098157113,0.01661532186833079,0.00975034640156023
0.0046,-0.0032,-4.524108894388323,0.01666749181302041,0.00869454215357803
0.0047,-0.0032,-4.535796699347642,0.016754859299800296,0.007655966919605972
0.0048,-0.0032,-4.54748407014479,0.016811074681258892,0.006623205867368279
0.0049,-0.0032,-4.5543235562830695,0.0167299507950836,0.005579967045902726
0.005,-0.0032,-4.562943288989812,0.016890542163376192,0.004576978170289482
0.0051,-0.0032,-4.569020208062561,0.016806291705734878,0.0035940205335864717
0.005200000000000001,-0.0032,-4.574068547095186,0.016858708350865417,0.0026209169082086984
0.0053,-0.0032,-4.576064087258364,0.016856451061095352,0.0016800529787880326
0.0054,-0.0032,-4.5778642634789515,0.01677204317199363,0.0007266453694173094
0.0055,-0.0032,-4.579775316612488,0.016901119567682112,-0.00021627611505703592
0.0056,-0.0032,-4.5778999407376375,0.016633327072707975,-0.001139801157566973
0.005700000000000001,-0.0032,-4.57449982080354,0.01658131595463649,-0.0019937796745804087
0.0058,-0.0032,-4.571847033039504,0.016643992468139825,-0.0029141084032913256
0.0059,-0.0032,-4.566100993164848,0.016326619200566477,-0.003776768954485207
0.006,-0.0032,-4.558342146442811,0.016376754798974807,-0.004733756409337358
0.0061,-0.0032,-4.552016639449926,0.01607990570269467,-0.005489170334754226
0.0062,-0.0032,-4.541863642114471,0.01574714565879077,-0.0063464464031598115
0.0063,-0.0032,-4.532965704119699,0.015856054521470108,-0.0071584110762223825
0.0064,-0.0032,-4.524336518551772,0.01529331127062239,-0.00796758001661181
0.006499999999999999,-0.0032,-4.514727751218639,0.015309024674816095,-0.00873887461961238
0.006600000000000001,-0.0032,-4.500020486536184,0.014780933117626219,-0.009511346987474143
0.0067,-0.0032,-4.486742091279383,0.014685622996723786,-0.010285053615938951
0.0068,-0.0032,-4.480581460135813,0.014176685567845869,-0.011039779762905315
0.0069,-0.0032,-4.465967166743802,0.013695968317564292,-0.011738543698423094
0.006999999999999999,-0.0032,-4.456504771507537,0.013433803913571407,-0.01247772067587681
0.007100000000000001,-0.0032,-4.442934490192312,0.012933736327168863,-0.013184478524778893
0.0072,-0.0032,-4.429662599127035,0.012363193237312262,-0.013875256671061162
0.0073,-0.0032,-4.419100166671014,0.011832412208118814,-0.014599799325003113
0.0074,-0.0032,-4.410535828534759,0.011191077170004116,-0.01541932281515506
0.0075,-0.0032,-4.396605916683483,0.010625761255290167,-0.0162944916400527
0.0076,-0.0032,-4.383096808195466,0.009879062636129511,-0.01713445800347158
0.0077,-0.0032,-4.3764188158676545,0.009057501927264447,-0.018053105638131044
0.0078,-0.0032,-4.362849846314808,0.008263598253378529,-0.01918930828112602
0.0079,-0.0032,-4.352960452871745,0.007334360161156505,-0.020424781430176148
0.008,-0.0032,-4.342538066072472,0.0064444146236257134,-0.021861655869931343
0.0081,-0.0032,-4.332507069440498,0.005476148258943886,-0.02349576787223663
0.0082,-0.0032,-4.3206249025252275,0.004260486244979676,-0.025391754463287786
0.0083,-0.0032,-4.3018394147591845,0.0031429902621913468,-0.027679541791839443
0.0084,-0.0032,-4.2851587205785755,0.0018687385663517877,-0.03025665365020871
0.0085,-0.0032,-4.267976039156341,0.0006220122641426272,-0.033263964674830115
0.0086,-0.0032,-4.2498829150533455,-0.0007071170299446181,-0.03695300483807149
0.0087,-0.0032,-4.2263040601858535,-0.0019413884803800019,-0.04082355765433176
0.0088,-0.0032,-4.205769776990151,-0.0032214086694125686,-0.04499676492429743
0.0089,-0.0032,-4.111838376915853,-0.004222320387127559,-0.0505030016610609
0.009,-0.0032,-4.126447858110888,-0.005636829339333707,-0.055461497197389346
0.0091,-0.0032,-4.206405185090318,-0.006125289685321359,-0.058435842137824184
0.0092,-0.0032,-4.082050784965671,-0.006751475510373595,-0.061173709180543406
0.0093,-0.0032,-4.043293006272664,-0.007830948569905445,-0.06194843196047766
0.0094,-0.0032,-4.040266922584197,-0.006084386874134411,-0.06250677565788866
0.0095,-0.0032,-3.9912049379745116,-0.005240446505270715,-0.05977076862212441
0.0096,-0.0032,-3.9688060808881307,-0.003746772062193403,-0.05117752896425895
0.0097,-0.0032,-3.973645214594734,-0.002843005322456997,-0.04246128231208756
0.0098,-0.0032,-3.994252025049767,-0.0013457354970843865,-0.02991933448382534
0.0099,-0.0032,-3.9873893720582245,-0.0004387567216383047,-0.015430366656819922
0.01,-0.0032,-3.9857954306764736,0.0,0.0
0.0,-0.0031,-3.7055446241425885,0.0,0.0
0.0001,-0.0031,-3.710557274321183,9.392460022609839e-05,0.0031695058146070498
0.0002,-0.0031,-3.703819824465139,0.0003723008748503603,0.006320860937362735
0.0003,-0.0031,-3.7003053186921613,0.0008564325070514061,0.009455522805231783
0.0004,-0.0031,-3.6987944187129873,0.0014797411998855841,0.012500165305927818
0.0005,-0.0031,-3.6953714515613907,0.0019247891389934423,0.015435683490837702
0.0006,-0.0031,-3.6989283911862176,0.0026361726643932275,0.018143452322627648
0.0007,-0.0031,-3.7005444304780957,0.003428362967130424,0.02067945333934222
0.0008,-0.0031,-3.701250626943565,0.004163569358329076,0.02280006286171093
0.0009,-0.0031,-3.7056948427061815,0.004825530470032447,0.024704785476786784
0.001,-0.0031,-3.7115688614702944,0.005491713189039789,0.02632612631906674
0.0011,-0.0031,-3.719231375066101,0.006188632829159113,0.02786737901500083
0.0012,-0.0031,-3.729305747831869,0.006865457723737284,0.02904486807589909
0.0013000000000000002,-0.0031,-3.7418129415050836,0.007479658416309648,0.030038150885263227
0.0014,-0.0031,-3.7547672420815363,0.008048108222759141,0.030888890669761235
0.0015,-0.0031,-3.769339006270171,0.008653638146044671,0.03152501972608598
0.0016,-0.0031,-3.786067929638293,0.009211961772918262,0.0319955776697129
0.0017,-0.0031,-3.8013875405942197,0.009760612070683329,0.03238168711271501
0.0018,-0.0031,-3.824401004071025,0.010305640606680095,0.03252565250583545
0.0019,-0.0031,-3.847487268811284,0.010815658360127519,0.032558122752019546
0.002,-0.0031,-3.8708430727697216,0.011265881488546488,0.03238820294530711
0.0021,-0.0031,-3.8931619944989357,0.011753895792528935,0.03219206248463402
0.0022,-0.0031,-3.916899317987845,0.012240394020787877,0.03189442009361106
0.0023,-0.0031,-3.9450950781345555,0.012669154540451375,0.0315724065650076
0.0024,-0.0031,-3.97342746690982,0.013113852167916891,0.031020207351886476
0.0025,-0.0031,-4.0005601977404845,0.013551240716191269,0.030479508980848287
0.0026000000000000003,-0.0031,-4.030108750142025,0.01394114137045642,0.029715742052114975
0.0027,-0.0031,-4.059514466744031,0.014313727020699447,0.02891194456191605
0.0028,-0.0031,-4.088861532498521,0.014662361071171743,0.028101916638284315
0.0029,-0.0031,-4.117723793808445,0.015008484100723833,0.027186668418706463
0.003,-0.0031,-4.147336808288249,0.015312227683043132,0.026243515591869965
0.0031,-0.0031,-4.1767185456998,0.015590681266969612,0.025177590343467362
0.0032,-0.0031,-4.205393443232624,0.015908470437259174,0.024188682898070826
0.0033000000000000004,-0.0031,-4.2332223749153295,0.016141815386194643,0.02308255766501674
0.0034,-0.0031,-4.261040166549349,0.016357840331483797,0.021979729043002383
0.0034999999999999996,-0.0031,-4.287387582163313,0.016552106511233934,0.020822860526587827
0.0036,-0.0031,-4.313164860157923,0.016737945893373407,0.01972014724919345
0.0037,-0.0031,-4.337510785977872,0.01688598909259834,0.018584024762531466
0.0038,-0.0031,-4.361978768399752,0.01711701817659271,0.017419332410497687
0.0039,-0.0031,-4.383772683975791,0.017218306126245975,0.016307769559347422
0.004,-0.0031,-4.405480242094176,0.017344910916318436,0.015174200929562183
0.0041,-0.0031,-4.425293129442566,0.01746651167735316,0.014042186298045909
0.0042,-0.0031,-4.444360080306304,0.01755612268755377,0.012936618110363918
0.0043,-0.0031,-4.461249940387369,0.01769374506869819,0.011833339870529657
0.0044,-0.0031,-4.477430142350962,0.01772974934287582,0.010775907983224439
0.0045,-0.0031,-4.491060191891252,0.017820558388179787,0.00969272131353744
0.0046,-0.0031,-4.506035090310335,0.017834123488964765,0.00861394935568038
0.0047,-0.0031,-4.515997927793097,0.017859923386548033,0.0075892983779648916
0.0048,-0.0031,-4.5282585440201295,0.01798789378275698,0.006561339032401273
0.0049,-0.0031,-4.535711072231298,0.018029614736146667,0.005564807223433686
0.005,-0.0031,-4.543890457764536,0.01807301556715382,0.00458560054629248
0.0051,-0.0031,-4.548239751156657,0.01808511255044511,0.0035767003581619466
0.005200000000000001,-0.0031,-4.553447932748314,0.01804810404945099,0.002655590600678263
0.0053,-0.0031,-4.554859339983863,0.017892165236500984,0.0016924786896442348
0.0054,-0.0031,-4.557836791188681,0.017990515662502825,0.0007594568398366978
0.0055,-0.0031,-4.556028986391854,0.017848144027792317,-0.0001411346618004683
0.0056,-0.0031,-4.554784181495829,0.01784329980031991,-0.0009959126212829336
0.005700000000000001,-0.0031,-4.551515402167836,0.017730528016018217,-0.001961725979142986
0.0058,-0.0031,-4.546736775217058,0.01758920046211316,-0.00281192349489292
0.0059,-0.0031,-4.5425045150198855,0.01738671548637721,-0.003658446089990558
0.006,-0.0031,-4.534988033153336,0.017349022520633927,-0.004560158062877677
0.0061,-0.0031,-4.527455614077013,0.017082409624602925,-0.005314640547810589
0.0062,-0.0031,-4.517444399659981,0.017092901676071495,-0.006147625134950144
0.0063,-0.0031,-4.507258751816514,0.016817448678424045,-0.006878320690738158
0.0064,-0.0031,-4.494968146844656,0.016425764708094988,-0.007683611913798525
0.006499999999999999,-0.0031,-4.487658994041076,0.01617925435752165,-0.008449884285107232
0.006600000000000001,-0.0031,-4.474256841895617,0.015830085318863648,-0.009203107614145698
0.0067,-0.0031,-4.459109900424504,0.015571658445262477,-0.009913132224294139
0.0068,-0.0031,-4.45021326622149,0.01536601387910315,-0.010617464355998136
0.0069,-0.0031,-4.440852915382414,0.014804788496546165,-0.011285779309463315
0.006999999999999999,-0.0031,-4.4256660657880085,0.014223471680204032,-0.012032947134145607
0.007100000000000001,-0.0031,-4.412072551931001,0.013890309296578064,-0.01271489899749071
0.0072,-0.0031,-4.400052099187199,0.013375534050983335,-0.013396908481846288
0.0073,-0.0031,-4.393947259336291,0.012743186738699905,-0.014091430417958701
0.0074,-0.0031,-4.382813707140276,0.012198861789569792,-0.014828120660765609
0.0075,-0.0031,-4.36957881254502,0.0115679526442837,-0.015577874424656283
0.0076,-0.0031,-4.358427922696678,0.010786651575566068,-0.0164038456353447
0.0077,-0.0031,-4.346444089137214,0.010151833613820063,-0.01730165547420642
0.0078,-0.0031,-4.33951391318743,0.009274092323004223,-0.018339794578876512
0.0079,-0.0031,-4.330428991758269,0.008379300852155358,-0.019462786863638577
0.008,-0.0031,-4.319250302342738,0.007437601791400969,-0.020897987630383433
0.0081,-0.0031,-4.307141362599864,0.006317165405392578,-0.02236552066111178
0.0082,-0.0031,-4.292934420605889,0.005285535071680137,-0.024339459210551913
0.0083,-0.0031,-4.28318588020513,0.004120211325241359,-0.026454608692359757
0.0084,-0.0031,-4.267259597784782,0.0028169154695325215,-0.028998834146063836
0.0085,-0.0031,-4.252749679688865,0.0015552472166330878,-0.03201236427388973
0.0086,-0.0031,-4.235334902230927,0.00018740373852752513,-0.035430215183234776
0.0087,-0.0031,-4.207688902551737,-0.0011447830674349226,-0.03948739598316326
0.0088,-0.0031,-4.188677260928203,-0.0026360749302390364,-0.04369397749637985
0.0089,-0.0031,-4.147233679833317,-0.0039464778738306115,-0.047810047978061904
0.009,-0.0031,-4.060534319580587,-0.005109444468419529,-0.05256681105665861
0.0091,-0.0031,-4.075086529288794,-0.005684266923121319,-0.05726430756587513
0.0092,-0.0031,-4.046151179655639,-0.005859125234779897,-0.06050856464901
0.0093,-0.0031,-3.920897874195213,-0.006014148550449697,-0.06336330678081835
0.0094,-0.0031,-3.9096209531642905,-0.0059248820816524845,-0.062158045297247
0.0095,-0.0031,-3.953466428751087,-0.00443648598002119,-0.05991656572385491
0.0096,-0.0031,-3.982667904398651,-0.0041065068809754725,-0.05289411230501961
0.0097,-0.0031,-3.9798965318211814,-0.0021311688067413713,-0.04383953990775566
0.0098,-0.0031,-3.983212639166858,-0.0017039373088951636,-0.031223073844354705
0.0099,-0.0031,-3.9788371009390473,-0.0005738566258149174,-0.016133600846648628
0.01,-0.0031,-3.9788455987498343,0.0,0.0
0.0,-0.003,-3.710125899121258,0.0,0.0
0.0001,-0.003,-3.7057555660007826,3.6740170961071035e-05,0.0030269246564996605
0.0002,-0.003,-3.6999695103997765,0.0003988936226988252,0.005991172149564775
0.0003,-0.003,-3.696395084286646,0.0008302535629842296,0.008978852183269728
0.0004,-0.003,-3.6894968773567673,0.0014178267180676794,0.01190644298249523
0.0005,-0.003,-3.6901303434146193,0.001968291846341562,0.014733046679569334
0.0006,-0.003,-3.690909114713183,0.00269382788325657,0.01745912399058781
0.0007,-0.003,-3.6917692118515135,0.003500623681222516,0.019842805000519437
0.0008,-0.003,-3.6907651083213184,0.004228352980010907,0.022006043123038513
0.0009,-0.003,-3.6970479852100175,0.004989001114119718,0.023989693727209924
0.001,-0.003,-3.7033050706887014,0.005645212328528042,0.02566176973363787
0.0011,-0.003,-3.7102497644557104,0.006365390082426187,0.02710652981344538
0.0012,-0.003,-3.7193297179594875,0.0071041881807852566,0.028450631672824536
0.0013000000000000002,-0.003,-3.730149783276689,0.007771182795983653,0.029448397858431744
0.0014,-0.003,-3.7432501890733074,0.008382668977425779,0.03026357986178857
0.0015,-0.003,-3.7568169539171343,0.009032006312936275,0.030929794874977302
0.0016,-0.003,-3.772366527258637,0.009690202892647591,0.03142371679907702
0.0017,-0.003,-3.7936097037191203,0.010221248767751743,0.03173903297187142
0.0018,-0.003,-3.8115924213122536,0.010760822572029058,0.03199768728877482
0.0019,-0.003,-3.831785581391519,0.011319114546439864,0.03197286804956689
0.002,-0.003,-3.852510032031291,0.011910319761748592,0.03196615784829708
0.0021,-0.003,-3.8760104387870555,0.012429306222499121,0.03183606276136316
0.0022,-0.003,-3.900861028369292,0.012914708953132546,0.031449306691766536
0.0023,-0.003,-3.928234966871662,0.013405456748961176,0.031045583609164908
0.0024,-0.003,-3.9535584997716287,0.013869061495818492,0.03057531080409044
0.0025,-0.003,-3.9813240497980384,0.014298218781627082,0.029993655797309678
0.0026000000000000003,-0.003,-4.009694372598743,0.01476855672916227,0.029333376953894652
0.0027,-0.003,-4.039006275530663,0.015169846218846324,0.028554176257803994
0.0028,-0.003,-4.067995414311235,0.015554812965956195,0.027753690161524472
0.0029,-0.003,-4.097059369148725,0.015909053325113026,0.026833530887588802
0.003,-0.003,-4.125753531501277,0.01624321347132703,0.025930237810309415
0.0031,-0.003,-4.1546816763740395,0.016572094009887933,0.02492770323164588
0.0032,-0.003,-4.18382433424464,0.016867333816013515,0.023889426301377283
0.0033000000000000004,-0.003,-4.211250600641103,0.017126073900850986,0.02283584567429225
0.0034,-0.003,-4.239505943263778,0.017409645431121442,0.021711898172517532
0.0034999999999999996,-0.003,-4.265951772829116,0.017626634159344186,0.02060999105626653
0.0036,-0.003,-4.291369885723765,0.01786634959334769,0.019541653552327606
0.0037,-0.003,-4.3171454721846825,0.018021665065416626,0.018421181585269945
0.0038,-0.003,-4.34005438629791,0.018218952820588077,0.017281316046182004
0.0039,-0.003,-4.362525637732826,0.018353734991406755,0.01617028051983015
0.004,-0.003,-4.384534378062516,0.018519527594476958,0.015027273926588064
0.0041,-0.003,-4.404697342585792,0.018633160386754145,0.013935989118333337
0.0042,-0.003,-4.423402077745898,0.018746735527125368,0.012835566141606195
0.0043,-0.003,-4.440813869480305,0.01882582015342414,0.011727714589606109
0.0044,-0.003,-4.456812511274287,0.01890377504049673,0.01068331337068853
0.0045,-0.003,-4.472149704500545,0.018977269018694787,0.00960364828614771
0.0046,-0.003,-4.4849623244545604,0.019020232233256308,0.008603129901494245
0.0047,-0.003,-4.4967441543684625,0.019118103323595342,0.007559172786560212
0.0048,-0.003,-4.50672689815842,0.019111446446492177,0.006550583946028206
0.0049,-0.003,-4.5143589499120305,0.019154511012687992,0.0055479143022729455
0.005,-0.003,-4.521704923670468,0.019226651060453483,0.004597261469857375
0.0051,-0.003,-4.527332442938669,0.019191966178167274,0.0036037755489633973
0.005200000000000001,-0.003,-4.53111041438306,0.019155949142214333,0.002692653630162342
0.0053,-0.003,-4.534826038714421,0.019123582048792394,0.001714136067949849
0.0054,-0.003,-4.533960587992421,0.019092989325099244,0.0007817664758432504
0.0055,-0.003,-4.531597532885977,0.018972598627990164,-5.243827024550493e-05
0.0056,-0.003,-4.530010074712187,0.019023570289942334,-0.000967756893059577
0.005700000000000001,-0.003,-4.528218601891539,0.018857863264847955,-0.00188944774640279
0.0058,-0.003,-4.5241868561253265,0.018768973734668102,-0.0026251436262789783
0.0059,-0.003,-4.5162348069851035,0.018637468029297638,-0.0034906439957792367
0.006,-0.003,-4.512127407930016,0.018441468035532007,-0.004325423210403541
0.0061,-0.003,-4.501550916286555,0.018209506230505237,-0.005115522207786419
0.0062,-0.003,-4.490672209886833,0.017954109559219094,-0.0058963668219255685
0.0063,-0.003,-4.479558083250963,0.017726998782803646,-0.006663245819993783
0.0064,-0.003,-4.469439366945349,0.017448594453744182,-0.007437249126665157
0.006499999999999999,-0.003,-4.46096415132752,0.01718203706264925,-0.008129907604871763
0.006600000000000001,-0.003,-4.446155219137664,0.01693499255697153,-0.008861034006246906
0.0067,-0.003,-4.431494501893889,0.016552126748689177,-0.009517575505370135
0.0068,-0.003,-4.416515521302712,0.016058561038698,-0.010210394937132748
0.0069,-0.003,-4.405106678900167,0.015735807980386814,-0.010919480254829124
0.006999999999999999,-0.003,-4.3972487355891525,0.015307705583740453,-0.011522345119729925
0.007100000000000001,-0.003,-4.3817847204246645,0.014738039194989004,-0.012211088306262994
0.0072,-0.003,-4.370322534585015,0.014239729849044203,-0.012842760470825899
0.0073,-0.003,-4.354246891441039,0.013678451252391305,-0.013517292521488032
0.0074,-0.003,-4.353597908981438,0.012994848059866448,-0.014231225210044374
0.0075,-0.003,-4.342558167491791,0.012416923919689134,-0.014902181079888206
0.0076,-0.003,-4.327703539494278,0.011673761253071256,-0.015659272140891346
0.0077,-0.003,-4.319266969402331,0.01096808457207039,-0.016560380962621912
0.0078,-0.003,-4.309907746050076,0.010130849233474445,-0.017454217142294393
0.0079,-0.003,-4.299319819853111,0.009289103770814934,-0.018611130211274165
0.008,-0.003,-4.287848033834864,0.008281267794522257,-0.0198961628067876
0.0081,-0.003,-4.282562697871693,0.007291202882265705,-0.021382454944433367
0.0082,-0.003,-4.270982265027247,0.006192074736933716,-0.0231741872320148
0.0083,-0.003,-4.255545207923743,0.005007256060741337,-0.02522618010492756
0.0084,-0.003,-4.248245378086235,0.0037818953017674014,-0.027780569949955144
0.0085,-0.003,-4.228771424213382,0.002455670456577066,-0.030550334244367663
0.0086,-0.003,-4.215317243608621,0.0010653727766313994,-0.03415998807117617
0.0087,-0.003,-4.191641429913091,-0.00033245639157964313,-0.03797308259513097
0.0088,-0.003,-4.1900418359003275,-0.0017502849538816316,-0.042503026567936364
0.0089,-0.003,-4.225034189265791,-0.003059353658327562,-0.0472656708081772
0.009,-0.003,-4.283808385079802,-0.004365877908985322,-0.05175538113634172
0.0091,-0.003,-4.285969415238587,-0.00504910385687372,-0.05583158554467421
0.0092,-0.003,-4.104555646159557,-0.005742543876485072,-0.06035179720880271
0.0093,-0.003,-4.173580667348138,-0.006687465706966343,-0.06019050740447762
0.0094,-0.003,-3.854524819803506,-0.0053166204547284365,-0.06115351573160275
0.0095,-0.003,-3.9792942344363076,-0.006494334489688655,-0.060091860347206885
0.0096,-0.003,-4.012960078884835,-0.004753481551347978,-0.05428180091394361
0.0097,-0.003,-3.9629121930234557,-0.0029303539059081455,-0.04495251437073995
0.0098,-0.003,-3.979553047539252,-0.0015491826467747835,-0.03308796892223179
0.0099,-0.003,-3.9697164033134595,-0.0005612512428279371,-0.0167400718327382
0.01,-0.003,-3.9707911427418727,0.0,0.0
0.0,-0.0029,-3.6970487377909502,0.0,0.0
0.0001,-0.0029,-3.701257403489915,0.0002559316368597833,0.0028214555817263967
0.0002,-0.0029,-3.6930738859903496,0.00037728664113935353,0.005671290632734697
0.0003,-0.0029,-3.6874942039579874,0.0008229062487706534,0.008468159193123962
0.0004,-0.0029,-3.6866220905311797,0.001319354764286808,0.011331934110959757
0.0005,-0.0029,-3.6839265132318157,0.0019837062437219883,0.014084192618472581
0.0006,-0.0029,-3.684942675974838,0.002732287452096877,0.016629815355809707
0.0007,-0.0029,-3.6848919644775853,0.0035848142001176984,0.019078850698227873
0.0008,-0.0029,-3.6835736338336034,0.004307401929897286,0.021256989449963643
0.0009,-0.0029,-3.6885094608959688,0.005081239165856614,0.023180988367093647
0.001,-0.0029,-3.6941526129651208,0.005822980915638285,0.024977079951384835
0.0011,-0.0029,-3.7004558976763406,0.006531925735594236,0.026528194429884657
0.0012,-0.0029,-3.7089733721896017,0.00733475367957619,0.027761809685063917
0.0013000000000000002,-0.0029,-3.719512109547351,0.008046856221472082,0.02870483307544704
0.0014,-0.0029,-3.731049433032777,0.00870646563570994,0.02952307515378254
0.0015,-0.0029,-3.7434528137562695,0.009429650856775593,0.030222789146891874
0.0016,-0.0029,-3.7595016707536444,0.010094045670797254,0.030796187391349296
0.0017,-0.0029,-3.7760039720601295,0.01069917945492273,0.031130216270256708
0.0018,-0.0029,-3.7943284687620604,0.011315861451483214,0.03136476771404567
0.0019,-0.0029,-3.814205153433704,0.011884066809989664,0.03139510147540342
0.002,-0.0029,-3.836129748757979,0.012461674632484843,0.03145235091300213
0.0021,-0.0029,-3.8589591825919833,0.013029386483705732,0.03121787043178985
0.0022,-0.0029,-3.8830635339305233,0.013571569242579913,0.030968152770638226
0.0023,-0.0029,-3.9084183662860195,0.014056708277252439,0.030569906747821663
0.0024,-0.0029,-3.9338492528253943,0.014552032349689412,0.03003521054061233
0.0025,-0.0029,-3.9600174185494645,0.015052607475886352,0.029510621704531465
0.0026000000000000003,-0.0029,-3.9888256810112264,0.015528976289021749,0.02889275194742882
0.0027,-0.0029,-4.016497247969427,0.015974408786154453,0.028117339386520016
0.0028,-0.0029,-4.045971015570696,0.016392750613825623,0.02738027447507667
0.0029,-0.0029,-4.07467551303283,0.016790221372216554,0.026497433058271697
0.003,-0.0029,-4.1043106607215645,0.01716227786792936,0.025569938203293202
0.0031,-0.0029,-4.131827214837347,0.017501981096635085,0.024580924575699128
0.0032,-0.0029,-4.160911215766566,0.01782281246591459,0.023585237136334775
0.0033000000000000004,-0.0029,-4.189460112595025,0.018121816934407974,0.022587225162689708
0.0034,-0.0029,-4.216481362360131,0.018381042515429154,0.021498653683696217
0.0034999999999999996,-0.0029,-4.243358208737745,0.018635704992283054,0.020428179954703037
0.0036,-0.0029,-4.269165715738448,0.018844356992814,0.019334925030545465
0.0037,-0.0029,-4.294019825675368,0.01907907220132677,0.018199526766529524
0.0038,-0.0029,-4.317844037136179,0.019274093820173893,0.017130885148702677
0.0039,-0.0029,-4.341004662103043,0.019463624172905487,0.01599483702486476
0.004,-0.0029,-4.362754053703625,0.019591163226265227,0.014918866256443758
0.0041,-0.0029,-4.382065650887895,0.019731426046923725,0.013809420930700934
0.0042,-0.0029,-4.401763038961804,0.019874759183501983,0.012741292683090788
0.0043,-0.0029,-4.4192741308005195,0.019979770959840888,0.011649279235998785
0.0044,-0.0029,-4.435285287230051,0.020036744307078278,0.010598082268806187
0.0045,-0.0029,-4.449305958459584,0.02011803088741709,0.009533723978605692
0.0046,-0.0029,-4.463529571963496,0.02023372546269492,0.008515288964908187
0.0047,-0.0029,-4.474644270468665,0.020245576765855384,0.007507077418653982
0.0048,-0.0029,-4.484166527477896,0.020278365206090512,0.0065182620155553915
0.0049,-0.0029,-4.492838607679204,0.02030340774609113,0.005491292338749757
0.005,-0.0029,-4.498479378137018,0.020282731857219582,0.004568280616475483
0.0051,-0.0029,-4.5038278866029895,0.020242088834975653,0.0036520851130621974
0.005200000000000001,-0.0029,-4.5085371903958675,0.02031061387353275,0.0026708061443853817
0.0053,-0.0029,-4.511138532847863,0.020236535738355432,0.0017544744288667713
0.0054,-0.0029,-4.511134516477875,0.020138212685990878,0.0008777729030414225
0.0055,-0.0029,-4.511235930113414,0.01998815071577267,-7.435180622730325e-05
0.0056,-0.0029,-4.50731096845574,0.019963112311243564,-0.0009032524112249851
0.005700000000000001,-0.0029,-4.504316961324894,0.01992894742798559,-0.001676358121815773
0.0058,-0.0029,-4.4989121595370625,0.019771033178679412,-0.002526157252651739
0.0059,-0.0029,-4.492721227150518,0.019657159576247342,-0.003402048161535247
0.006,-0.0029,-4.4849126009535665,0.019334187815698553,-0.00413303682047843
0.0061,-0.0029,-4.475654754307623,0.019338216607837706,-0.004849282562762019
0.0062,-0.0029,-4.465310097747253,0.018849669436512367,-0.005621862423270126
0.0063,-0.0029,-4.452560916253098,0.01880544735428093,-0.0064278798519660126
0.0064,-0.0029,-4.443108974545617,0.018432756110013937,-0.00712525208254074
0.006499999999999999,-0.0029,-4.430371711104497,0.018092839682720626,-0.007836796717827018
0.006600000000000001,-0.0029,-4.417037703101515,0.017713310543142492,-0.008547227909086751
0.0067,-0.0029,-4.404481371209786,0.017422488591294933,-0.009146696195712279
0.0068,-0.0029,-4.389728212705773,0.017123065154654626,-0.00981074398576639
0.0069,-0.0029,-4.379540672372325,0.016555321536766032,-0.010484854727767784
0.006999999999999999,-0.0029,-4.363664757976465,0.016104644462884603,-0.011102766180516387
0.007100000000000001,-0.0029,-4.351978583211207,0.015582805632080539,-0.011684296414498646
0.0072,-0.0029,-4.33988785972924,0.015113144349763128,-0.012297124940106685
0.0073,-0.0029,-4.329116333282511,0.01451680253135828,-0.012963949651391471
0.0074,-0.0029,-4.321612344401702,0.013881838229043646,-0.013567816122050137
0.0075,-0.0029,-4.311718623253006,0.013246525143407626,-0.014239383121202731
0.0076,-0.0029,-4.2990952155861795,0.01250843245145045,-0.014988287712267519
0.0077,-0.0029,-4.287005302206474,0.011798142532714847,-0.01574750491273814
0.0078,-0.0029,-4.276779379657293,0.01098022100018422,-0.016656428001648054
0.0079,-0.0029,-4.271859247734387,0.010106216242402245,-0.017671512087843354
0.008,-0.0029,-4.260077552191956,0.009158220914753169,-0.01892077585860692
0.0081,-0.0029,-4.253523775964414,0.008164042239547765,-0.020232878162954326
0.0082,-0.0029,-4.240928378902709,0.007060005188597518,-0.022009292900510465
0.0083,-0.0029,-4.234212876408625,0.0059153146082901505,-0.0240439253887889
0.0084,-0.0029,-4.223435263265936,0.0046820854840842144,-0.02643156956891716
0.0085,-0.0029,-4.210106304807001,0.0033654922811742673,-0.029350894266227542
0.0086,-0.0029,-4.195682377823194,0.0019465891596540396,-0.03271812083473101
0.0087,-0.0029,-4.186293901443616,0.0005216415911906101,-0.03663427902708335
0.0088,-0.0029,-4.166435778389395,-0.0009592982122319902,-0.04111724567919337
0.0089,-0.0029,-4.124709122558927,-0.0026648149007278566,-0.046067254279756165
0.009,-0.0029,-4.016345129799422,-0.0047752621719798685,-0.05133066858788107
0.0091,-0.0029,-3.999708130352991,-0.004669788057103233,-0.057079338024562956
0.0092,-0.0029,-4.167197319439906,-0.004728937798514472,-0.061523531473085424
0.0093,-0.0029,-4.229103634902884,-0.0043929090788992,-0.061044693335852454
0.0094,-0.0029,-4.239427112331856,-0.005852214274303095,-0.06304872764404502
0.0095,-0.0029,-4.056766352449561,-0.006379209180261113,-0.06229325051393978
0.0096,-0.0029,-3.998079122159112,-0.004063893819738431,-0.0573065207906264
0.0097,-0.0029,-3.98003191325582,-0.0032323596594826727,-0.04722037832469081
0.0098,-0.0029,-3.9681964522303677,-0.0015318814816374475,-0.03340797720373968
0.0099,-0.0029,-3.966888945956783,-0.0005782621138480463,-0.017539787962641086
0.01,-0.0029,-3.9646085790062986,0.0,0.0
0.0,-0.0028,-3.6824181312630215,0.0,0.0
0.0001,-0.0028,-3.685910432324813,0.00015853975819899075,0.002747013698117117
0.0002,-0.0028,-3.688561334107279,0.0005072982359983799,0.0053477750192803064
0.0003,-0.0028,-3.682031200449503,0.0008327262452459411,0.008005415376151646
0.0004,-0.0028,-3.677964946983306,0.0013494394053238702,0.010733114805042954
0.0005,-0.0028,-3.6758507858905096,0.001990803255674509,0.013395429774366426
0.0006,-0.0028,-3.676791675392685,0.002672026119939435,0.015893096361659403
0.0007,-0.0028,-3.6769313549574214,0.0035482333539304705,0.018292805919450362
0.0008,-0.0028,-3.675864822648866,0.00443764352411217,0.02049652633750757
0.0009,-0.0028,-3.680073681102596,0.005093919470657198,0.022454601001140988
0.001,-0.0028,-3.6841384352718016,0.00603528416388106,0.02416270514881907
0.0011,-0.0028,-3.6894688726253,0.00678701741110714,0.02568508372182572
0.0012,-0.0028,-3.6969379719077455,0.00745524596332236,0.026844824857982803
0.0013000000000000002,-0.0028,-3.706310049249187,0.00827639358224067,0.028008511079833598
0.0014,-0.0028,-3.7165601165901005,0.009064164346536448,0.028941709465038615
0.0015,-0.0028,-3.729581983800333,0.009706521573197943,0.029631439671311682
0.0016,-0.0028,-3.742551714498036,0.010456435774658537,0.030104645391851405
0.0017,-0.0028,-3.7577961005016114,0.011182745403340785,0.030510884053546263
0.0018,-0.0028,-3.7763155485250297,0.011752006930727869,0.030729077977775982
0.0019,-0.0028,-3.7961042420401228,0.012365608494870648,0.03083419711680841
0.002,-0.0028,-3.8158124069416237,0.012984527510015473,0.03076249079048307
0.0021,-0.0028,-3.837994653216264,0.013578290076379977,0.03069991685217991
0.0022,-0.0028,-3.861261547820437,0.014160444523378675,0.030466643769916257
0.0023,-0.0028,-3.8861614086432743,0.014711669057041672,0.029967042626970142
0.0024,-0.0028,-3.9117522188255895,0.015270628086025657,0.029569538364954764
0.0025,-0.0028,-3.939533759105912,0.01579889929887532,0.02910642524559992
0.0026000000000000003,-0.0028,-3.9660107579495643,0.016276171101008704,0.028371550203848652
0.0027,-0.0028,-3.9933193925063097,0.016760002517451935,0.027682449208976674
0.0028,-0.0028,-4.022151680089025,0.017202658055482194,0.026962431210366608
0.0029,-0.0028,-4.0509553233115945,0.017626095838016113,0.026092156249373624
0.003,-0.0028,-4.079026920268132,0.018028962997036952,0.025208813452761006
0.0031,-0.0028,-4.107589721460323,0.018400074956442213,0.024257384538365893
0.0032,-0.0028,-4.136370354231211,0.018731868040527143,0.023279417953485218
0.0033000000000000004,-0.0028,-4.164711913318706,0.01906839323514333,0.02224667598055634
0.0034,-0.0028,-4.192604690855721,0.019379044729347927,0.02124136214417868
0.0034999999999999996,-0.0028,-4.219454448305806,0.019629211815453285,0.020184965687764407
0.0036,-0.0028,-4.244775538206829,0.019879349789898106,0.01907056045178292
0.0037,-0.0028,-4.270413780910613,0.020143688833363652,0.01802989691255524
0.0038,-0.0028,-4.294004850290811,0.020337407389466006,0.016923215557448083
0.0039,-0.0028,-4.318047558289091,0.0205287295043938,0.015821075465618846
0.004,-0.0028,-4.339085735196843,0.020672361586020285,0.014745542608145833
0.0041,-0.0028,-4.35995932437646,0.02080615724222979,0.013675968188803782
0.0042,-0.0028,-4.3790925296001175,0.020923434079744153,0.012605287332986251
0.0043,-0.0028,-4.396440968944129,0.02101592748403833,0.011544506612265335
0.0044,-0.0028,-4.412670830450678,0.021176973635877273,0.010520351819529586
0.0045,-0.0028,-4.4270426736617745,0.021270028162438444,0.009472165322522244
0.0046,-0.0028,-4.44033221909558,0.02131481014776104,0.008492236857764448
0.0047,-0.0028,-4.451593097905849,0.021352819757819125,0.007480419731611241
0.0048,-0.0028,-4.4623374795250745,0.02137964746576675,0.006451685557708806
0.0049,-0.0028,-4.468700654516224,0.021386861331465275,0.0055305707070075925
0.005,-0.0028,-4.477263089833736,0.021379651913352688,0.004512079014746188
0.0051,-0.0028,-4.4818475385690855,0.021333882162512512,0.0035770695274618585
0.005200000000000001,-0.0028,-4.485244116786898,0.021357872274053183,0.0027032045581495264
0.0053,-0.0028,-4.487037897381344,0.02130338178974027,0.0018353153468707078
0.0054,-0.0028,-4.488138454925541,0.021190354340940833,0.0009589111763303224
0.0055,-0.0028,-4.486176862127786,0.02109795238477266,8.330847937170396e-05
0.0056,-0.0028,-4.483646390095581,0.020997580262168344,-0.0007557042654747503
0.005700000000000001,-0.0028,-4.478753692011746,0.02087162987882457,-0.0015806158143533595
0.0058,-0.0028,-4.47387498174416,0.020697136105058155,-0.002380828698603324
0.0059,-0.0028,-4.4654775908863975,0.020540607013075356,-0.0031418803634012064
0.006,-0.0028,-4.457943922147695,0.020468803539572866,-0.00394415348919937
0.0061,-0.0028,-4.447090584162101,0.020067498138193432,-0.0047021666074911934
0.0062,-0.0028,-4.437210932905602,0.019974717529355014,-0.005362695984653129
0.0063,-0.0028,-4.426559490750524,0.019673850461526424,-0.006159137648726817
0.0064,-0.0028,-4.414962196269227,0.01948061631520141,-0.006814751801625669
0.006499999999999999,-0.0028,-4.402466093711873,0.019052453161270723,-0.007483887219008541
0.006600000000000001,-0.0028,-4.391895466408627,0.018626095050272976,-0.008132863239037265
0.0067,-0.0028,-4.377698877615675,0.01816877959465762,-0.008772373154602475
0.0068,-0.0028,-4.362988665091659,0.017774091816071997,-0.009370309236341136
0.0069,-0.0028,-4.353849834549304,0.01735971688260067,-0.010008734386651452
0.006999999999999999,-0.0028,-4.333175218851824,0.01683553733010656,-0.01061540053154329
0.007100000000000001,-0.0028,-4.319821329330677,0.016453659130328136,-0.011172178425588175
0.0072,-0.0028,-4.3136405754633,0.015898084635691125,-0.01175610432206723
0.0073,-0.0028,-4.296974281649334,0.015217661395327426,-0.012331320903269858
0.0074,-0.0028,-4.283254451581683,0.014618346163772951,-0.01294161532618268
0.0075,-0.0028,-4.276907722290636,0.014019372178487359,-0.013576117160973875
0.0076,-0.0028,-4.2658384798334446,0.01334489273997333,-0.01426271451398959
0.0077,-0.0028,-4.260564839315901,0.012628525111026218,-0.014952801449490377
0.0078,-0.0028,-4.250107684864809,0.011722611153029113,-0.01578878406965689
0.0079,-0.0028,-4.245227971449338,0.01093317561463115,-0.016776172936002212
0.008,-0.0028,-4.238514669844275,0.00999918975334807,-0.01792001679232183
0.0081,-0.0028,-4.226795340895745,0.009009387642461382,-0.0192401339492258
0.0082,-0.0028,-4.218709488909051,0.007908939753771797,-0.020826300543821723
0.0083,-0.0028,-4.208770210871731,0.006739495498496785,-0.02288756622931125
0.0084,-0.0028,-4.197368764721471,0.005501676286200297,-0.025138589762485942
0.0085,-0.0028,-4.184290414174672,0.00420123063440155,-0.027948523449041737
0.0086,-0.0028,-4.176068389527426,0.0027671574346103114,-0.03139415909605423
0.0087,-0.0028,-4.161683622666126,0.0012824679400890622,-0.03496141419036016
0.0088,-0.0028,-4.134138388487379,-0.0001782248196487521,-0.03934063631535597
0.0089,-0.0028,-4.097976736923172,-0.0017683714261856741,-0.043799290310964606
0.009,-0.0028,-4.0691994013649575,-0.002934358942541813,-0.04872935272656177
0.0091,-0.0028,-3.950575904612664,-0.004368676600307374,-0.0536490724061555
0.0092,-0.0028,-3.9673537971637294,-0.005356527751038483,-0.059096401021168046
0.0093,-0.0028,-4.142267999756683,-0.00603835037684016,-0.06453287424616992
0.0094,-0.0028,-4.1340429634631235,-0.004872940432512238,-0.064556184121155
0.0095,-0.0028,-4.03817521025939,-0.0046664375738167735,-0.062277895166805625
0.0096,-0.0028,-3.9585841526901886,-0.004214640253733671,-0.058165464130829195
0.0097,-0.0028,-3.961828024825505,-0.003375082632580014,-0.048768988936379175
0.0098,-0.0028,-3.9572590718067566,-0.0016313928058430142,-0.03464486827576445
0.0099,-0.0028,-3.9551738947056125,-0.0005010358786508696,-0.0185678475340806
0.01,-0.0028,-3.9526276907419446,0.0,0.0
0.0,-0.0027,-3.6710127564084862,0.0,0.0
0.0001,-0.0027,-3.6730185342038637,0.0001273702420051684,0.0023619108436162568
0.0002,-0.0027,-3.6814415663037314,0.0007473109859094154,0.004943079149214154
0.0003,-0.0027,-3.6735216229047203,0.0008126601269541824,0.007525883901610127
0.0004,-0.0027,-3.6726366538554345,0.0014040340145800218,0.010127697534947397
0.0005,-0.0027,-3.6696758851609625,0.0019757166330588317,0.012674900613335885
0.0006,-0.0027,-3.6699051608909787,0.002725656592766787,0.015187080348078537
0.0007,-0.0027,-3.667983479380423,0.0035479233024788234,0.017489179900290776
0.0008,-0.0027,-3.666836954512369,0.004291437465871301,0.019584703152195154
0.0009,-0.0027,-3.6698065775324658,0.005164505941581628,0.021744287477668475
0.001,-0.0027,-3.674562781592852,0.006012970689189725,0.02330360101835327
0.0011,-0.0027,-3.6790287434684807,0.006854528252946808,0.024861565440477462
0.0012,-0.0027,-3.6844717901438693,0.007631689620435672,0.02606469648958223
0.0013000000000000002,-0.0027,-3.6933624673883547,0.00852692617616565,0.027202690088639132
0.0014,-0.0027,-3.702592157371236,0.009160851849748344,0.02814233887111747
0.0015,-0.0027,-3.715688213377511,0.010010707606305074,0.028902609537836823
0.0016,-0.0027,-3.728036477243181,0.010699686103047371,0.02944527881843972
0.0017,-0.0027,-3.7433717984074923,0.01144871040018173,0.029805545878556078
0.0018,-0.0027,-3.7578632142930157,0.012103127994991792,0.03006819230941292
0.0019,-0.0027,-3.7777429192794605,0.012810639604849473,0.03016898214484817
0.002,-0.0027,-3.7962126322677334,0.013462875041249933,0.030208957352573736
0.0021,-0.0027,-3.8181774835660685,0.014098165513064738,0.030065525928902367
0.0022,-0.0027,-3.840827817713204,0.014723105785220153,0.029814774523785517
0.0023,-0.0027,-3.8643736343506374,0.015302038243879929,0.029439161851600115
0.0024,-0.0027,-3.8899342230736185,0.015869720998209894,0.02915401792270146
0.0025,-0.0027,-3.9137876224338535,0.01642454873787057,0.02853125873155521
0.0026000000000000003,-0.0027,-3.941317450605072,0.01695299196795962,0.027891814241090725
0.0027,-0.0027,-3.9690639061198034,0.017498280926094397,0.02718843469940792
0.0028,-0.0027,-3.9977189109698363,0.01795363040526916,0.026463315116995248
0.0029,-0.0027,-4.0262504077653585,0.01841859809030973,0.025639871221056872
0.003,-0.0027,-4.05520551472228,0.018853570196895653,0.024805574815946987
0.0031,-0.0027,-4.083484542181373,0.019257698295302435,0.02389135217424944
0.0032,-0.0027,-4.110743542650995,0.01963403571521216,0.02290853679553489
0.0033000000000000004,-0.0027,-4.139773298294225,0.019992284080650204,0.02192604867289176
0.0034,-0.0027,-4.167491755645821,0.020295103476627493,0.020909154327777093
0.0034999999999999996,-0.0027,-4.193530581497085,0.020625081765125525,0.019883647567682534
0.0036,-0.0027,-4.2197627984320425,0.02088949017642666,0.018837860926011953
0.0037,-0.0027,-4.245276857585139,0.021096729340271222,0.017774201635035937
0.0038,-0.0027,-4.269451333257903,0.02136220198099222,0.01673476917110221
0.0039,-0.0027,-4.2929190587974855,0.021575467377917705,0.015660868703092835
0.004,-0.0027,-4.3157318097438875,0.02172389350796973,0.014594707420132547
0.0041,-0.0027,-4.335872313512277,0.02187645408039283,0.013553135196238453
0.0042,-0.0027,-4.354578826556369,0.02204572214604611,0.012478348793147728
0.0043,-0.0027,-4.373647795305929,0.02214165008946646,0.011463826314607573
0.0044,-0.0027,-4.389373474041837,0.022263127070275206,0.010425545750907327
0.0045,-0.0027,-4.403707396330086,0.02233880278648252,0.00939660240197029
0.0046,-0.0027,-4.416669644818687,0.022378117317328125,0.00840777733273343
0.0047,-0.0027,-4.428319186164989,0.022438388553940505,0.007428035458353946
0.0048,-0.0027,-4.439106902950729,0.02250355969528954,0.006472448529329095
0.0049,-0.0027,-4.447536451648749,0.022436597274923,0.005537554069484475
0.005,-0.0027,-4.453899986506307,0.022494406117544045,0.0046063590984275204
0.0051,-0.0027,-4.458905397895361,0.022429590531142615,0.0036537150123607826
0.005200000000000001,-0.0027,-4.461974862945315,0.022445841422732368,0.0027603066091649187
0.0053,-0.0027,-4.463928401075657,0.022309155887284673,0.0019209566211239517
0.0054,-0.0027,-4.463613239949414,0.02223025422905562,0.001003613525543247
0.0055,-0.0027,-4.461574021472052,0.022176602321761496,0.0002256515381994998
0.0056,-0.0027,-4.459756831926989,0.022013726126319633,-0.000571688241914774
0.005700000000000001,-0.0027,-4.455197159563919,0.02190166586300503,-0.0014239626219045836
0.0058,-0.0027,-4.4493100848825895,0.02168990077809931,-0.002181899703450021
0.0059,-0.0027,-4.440642119072981,0.021482453639306346,-0.0029436481676003196
0.006,-0.0027,-4.434185733001897,0.0213009848909213,-0.0036605085182639927
0.0061,-0.0027,-4.421267310261194,0.02103059925444542,-0.004394571764947958
0.0062,-0.0027,-4.411197190771813,0.02076220149237766,-0.005170973650237151
0.0063,-0.0027,-4.3998319247761515,0.020479137059866086,-0.005818578262227799
0.0064,-0.0027,-4.39033639222567,0.020180674190409732,-0.006488325334885402
0.006499999999999999,-0.0027,-4.373723590447558,0.01986294046677286,-0.007126922820697064
0.006600000000000001,-0.0027,-4.357764459336834,0.019353067286163865,-0.007751288913408264
0.0067,-0.0027,-4.345454773270531,0.019033251971848332,-0.008377104182045242
0.0068,-0.0027,-4.335881472571354,0.018663880035622648,-0.008948023179061616
0.0069,-0.0027,-4.325714603816626,0.01818229505799554,-0.009535038643988194
0.006999999999999999,-0.0027,-4.306019427369457,0.017661552120571824,-0.010093205237228892
0.007100000000000001,-0.0027,-4.296393131266434,0.01723113470869733,-0.010643045543056975
0.0072,-0.0027,-4.2865366138659455,0.016570385321155654,-0.011210740952588623
0.0073,-0.0027,-4.270640306724359,0.01596793481702295,-0.011769967842714037
0.0074,-0.0027,-4.2598054536820635,0.015342924036724936,-0.012309398740251623
0.0075,-0.0027,-4.243078211104134,0.01467781350594624,-0.012912095235894214
0.0076,-0.0027,-4.2341311401443775,0.014035734255128674,-0.013536731510591624
0.0077,-0.0027,-4.219556593358346,0.013318596195175484,-0.01418353117674817
0.0078,-0.0027,-4.216839385334314,0.012454467787313947,-0.014995237975268694
0.0079,-0.0027,-4.2086485153702595,0.011684042730773914,-0.01589857725093498
0.008,-0.0027,-4.203555953066964,0.01075133765406982,-0.01692328724712242
0.0081,-0.0027,-4.197030077397772,0.009811763921979917,-0.018262703353135862
0.0082,-0.0027,-4.184823770570453,0.00870559558642506,-0.019701357404087867
0.0083,-0.0027,-4.18013123432336,0.007509662890038402,-0.02168719596053378
0.0084,-0.0027,-4.17150934216936,0.006285133843762003,-0.02383278796213093
0.0085,-0.0027,-4.1633404889601335,0.005012764717836378,-0.026546374639929638
0.0086,-0.0027,-4.150302552056649,0.0035879651323131355,-0.029773962963680112
0.0087,-0.0027,-4.135597840287344,0.0019910500460087743,-0.033638884650084494
0.0088,-0.0027,-4.114491213299729,0.0006604586768573742,-0.03796554154940318
0.0089,-0.0027,-4.119798317511415,-0.0007580483870283355,-0.042630102513730284
0.009,-0.0027,-4.203034034597972,-0.0015393015395990153,-0.048095207806973767
0.0091,-0.0027,-4.269142153813561,-0.00403927773804819,-0.05281461485896123
0.0092,-0.0027,-4.10261707601189,-0.006503155183721543,-0.05787673340572322
0.0093,-0.0027,-3.866371151726323,-0.006415299374162631,-0.062250924486559
0.0094,-0.0027,-3.9964667400152494,-0.006260018162645338,-0.06625519970848902
0.0095,-0.0027,-3.950144683432994,-0.004464602547783828,-0.06384466045248031
0.0096,-0.0027,-3.949595211540993,-0.0031752065483050644,-0.058635253341494366
0.0097,-0.0027,-3.9796834119893996,-0.0023734875330571697,-0.049468211950511834
0.0098,-0.0027,-3.93858353633549,-0.0014406261588091056,-0.03611256497545282
0.0099,-0.0027,-3.941086360055292,-0.0005685985350807218,-0.01902021398036442
0.01,-0.0027,-3.9355017206523324,0.0,0.0
0.0,-0.0026000000000000003,-3.681654467517689,0.0,0.0
0.0001,-0.0026000000000000003,-3.6763112099631274,0.00014565204531215105,0.0022136673956477055
0.0002,-0.0026000000000000003,-3.6714779726549747,0.000339147528630886,0.0045745547224306715
0.0003,-0.0026000000000000003,-3.6703202957241228,0.0008014729583665412,0.00707196207816263
0.0004,-0.0026000000000000003,-3.6631903887400368,0.0013161116275972405,0.009510792096607977
0.0005,-0.0026000000000000003,-3.6620417117939037,0.0019641582274401484,0.011985643685134151
0.0006,-0.0026000000000000003,-3.660947990754154,0.00269599613330502,0.01438587185854135
0.0007,-0.0026000000000000003,-3.657789161127837,0.00353321565776797,0.016652435481514107
0.0008,-0.0026000000000000003,-3.6579702028932135,0.004348153789480418,0.018854953318872054
0.0009,-0.0026000000000000003,-3.6602967241472624,0.005233939058239473,0.02077528671893463
0.001,-0.0026000000000000003,-3.6633381017002904,0.006127203169002201,0.02248065537126769
0.0011,-0.0026000000000000003,-3.666502637141073,0.006936245034047045,0.024099624276641526
0.0012,-0.0026000000000000003,-3.6712241383411657,0.007867280842917502,0.025430673729632494
0.0013000000000000002,-0.0026000000000000003,-3.6783152098029035,0.008537370441336335,0.026432090435687228
0.0014,-0.0026000000000000003,-3.6888770270201507,0.009453622528831347,0.02736996755411187
0.0015,-0.0026000000000000003,-3.6976841992123255,0.010211504744513931,0.028101165484832238
0.0016,-0.0026000000000000003,-3.707098589069952,0.011076969641059427,0.028624764368688334
0.0017,-0.0026000000000000003,-3.723942176113088,0.01177266911637772,0.029112066916307917
0.0018,-0.0026000000000000003,-3.74016789216188,0.01248977049479743,0.029391505552548852
0.0019,-0.0026000000000000003,-3.7582615245676627,0.013186192698414593,0.02952959342994084
0.002,-0.0026000000000000003,-3.7765266806864255,0.013879558011170573,0.029546333944653676
0.0021,-0.0026000000000000003,-3.795223264546873,0.014557324396869426,0.029385124721030765
0.0022,-0.0026000000000000003,-3.816590065833382,0.015222307002548955,0.029226335294527908
0.0023,-0.0026000000000000003,-3.840378326806049,0.015836588138821783,0.02890912817665965
0.0024,-0.0026000000000000003,-3.8648085092433946,0.016440767883295,0.028455208025252088
0.0025,-0.0026000000000000003,-3.890570775756771,0.017040492041091794,0.027984348306954523
0.0026000000000000003,-0.0026000000000000003,-3.917111061080684,0.01764304695320007,0.02743306100834797
0.0027,-0.0026000000000000003,-3.944244452872559,0.018188951329518598,0.026735643382285585
0.0028,-0.0026000000000000003,-3.971987339536988,0.01868261646764644,0.025969263808760752
0.0029,-0.0026000000000000003,-4.000110895383791,0.01919977460669538,0.025258700941062986
0.003,-0.0026000000000000003,-4.028645422701505,0.01962036513197683,0.024354753929181124
0.0031,-0.0026000000000000003,-4.0565104295607295,0.02007921166865056,0.02346318172850133
0.0032,-0.0026000000000000003,-4.0847717985812615,0.020486322594138462,0.022544092800341767
0.0033000000000000004,-0.0026000000000000003,-4.112806675723556,0.020851905390026848,0.021581652098229306
0.0034,-0.0026000000000000003,-4.140744329995053,0.021216935947349476,0.02061149297761057
0.0034999999999999996,-0.0026000000000000003,-4.1676445713195935,0.021526583813656304,0.019601238161398783
0.0036,-0.0026000000000000003,-4.193903945227114,0.021815168587744595,0.01858853963359283
0.0037,-0.0026000000000000003,-4.22009889263304,0.022113810693519507,0.017539588159902388
0.0038,-0.0026000000000000003,-4.244255853247879,0.022317387964349324,0.016518368405952895
0.0039,-0.0026000000000000003,-4.2668641608528,0.022513232354434545,0.015467029214487466
0.004,-0.0026000000000000003,-4.290088965866381,0.022768340774467016,0.014424911816356585
0.0041,-0.0026000000000000003,-4.310080775773678,0.022930429447389558,0.013386185479058704
0.0042,-0.0026000000000000003,-4.330468238544448,0.023063670975265092,0.012374379025462326
0.0043,-0.0026000000000000003,-4.347600196183259,0.023184905789745653,0.011339058844103068
0.0044,-0.0026000000000000003,-4.364222786330283,0.02329527121515003,0.010368897146817154
0.0045,-0.0026000000000000003,-4.380129729889381,0.02339742517736996,0.009330527226457894
0.0046,-0.0026000000000000003,-4.393364247046658,0.023453625603730988,0.008335392452242548
0.0047,-0.0026000000000000003,-4.404457541649011,0.023482948859471626,0.007412348595081431
0.0048,-0.0026000000000000003,-4.414366040854172,0.023530031918794152,0.006467698886709986
0.0049,-0.0026000000000000003,-4.423508742464288,0.02356529057568195,0.005553363339505568
0.005,-0.0026000000000000003,-4.4302188123796045,0.023538793578540232,0.004593897941536181
0.0051,-0.0026000000000000003,-4.434620701484457,0.023468320883799347,0.003682177702198332
0.005200000000000001,-0.0026000000000000003,-4.4373413494223275,0.023401118718961597,0.002854354152005172
0.0053,-0.0026000000000000003,-4.439210788215465,0.023324460810634717,0.0019289253623348901
0.0054,-0.0026000000000000003,-4.439688261100865,0.02322275131825169,0.0011426108528234582
0.0055,-0.0026000000000000003,-4.438153999019747,0.023170746798895355,0.0003756484303953556
0.0056,-0.0026000000000000003,-4.434575031125158,0.02300140121607583,-0.00045309300277907933
0.005700000000000001,-0.0026000000000000003,-4.430609431600603,0.022829436824959932,-0.0012257846101130028
0.0058,-0.0026000000000000003,-4.422047797519021,0.02266499333933088,-0.0019978123808148357
0.0059,-0.0026000000000000003,-4.417065610389393,0.022395066621104825,-0.002786615552471768
0.006,-0.0026000000000000003,-4.408147943810876,0.022155827329865586,-0.003418911705600808
0.0061,-0.0026000000000000003,-4.39861281930513,0.021983754504726404,-0.004218726660926975
0.0062,-0.0026000000000000003,-4.386831491914672,0.02168650038757555,-0.004819006624762892
0.0063,-0.0026000000000000003,-4.372850956900096,0.021338262070356107,-0.0054761073820194725
0.0064,-0.0026000000000000003,-4.3594168198086,0.02099958557515665,-0.006184987758673349
0.006499999999999999,-0.0026000000000000003,-4.3482799035360165,0.020623012672283326,-0.006732176551200202
0.006600000000000001,-0.0026000000000000003,-4.333855966785247,0.020225162601517212,-0.0073601467751839185
0.0067,-0.0026000000000000003,-4.3172947066885685,0.019848335374964995,-0.007903281889055777
0.0068,-0.0026000000000000003,-4.309762738443704,0.019321016356172054,-0.008478956446727396
0.0069,-0.0026000000000000003,-4.2919061953771935,0.01886379140445868,-0.00906409006801801
0.006999999999999999,-0.0026000000000000003,-4.277641098466978,0.018341488299068422,-0.009568263799070857
0.007100000000000001,-0.0026000000000000003,-4.261393767719652,0.01781049856024216,-0.010136201613553395
0.0072,-0.0026000000000000003,-4.250081894620494,0.017271100550320825,-0.010612907731847901
0.0073,-0.0026000000000000003,-4.240467697631159,0.016725706436161007,-0.011124292505962407
0.0074,-0.0026000000000000003,-4.229705490606308,0.016052374616652654,-0.011669129630787626
0.0075,-0.0026000000000000003,-4.212745027835865,0.015401475160917374,-0.012197025219713553
0.0076,-0.0026000000000000003,-4.208522918766154,0.014674286549598736,-0.012789334853495869
0.0077,-0.0026000000000000003,-4.194873673485113,0.013960290348302894,-0.01343818387450459
0.0078,-0.0026000000000000003,-4.193040480708383,0.013185457467469503,-0.014165551323737785
0.0079,-0.0026000000000000003,-4.182338218756747,0.012292959312873842,-0.015022684054101232
0.008,-0.0026000000000000003,-4.177723500829941,0.011448908194494248,-0.016003536222644246
0.0081,-0.0026000000000000003,-4.160411502809639,0.010493874652362782,-0.017242511677370533
0.0082,-0.0026000000000000003,-4.158727018603373,0.009437774988037884,-0.018660761359372963
0.0083,-0.0026000000000000003,-4.149627985296862,0.008290811388382032,-0.02037542330296978
0.0084,-0.0026000000000000003,-4.143097929102072,0.007073603575423918,-0.02253286806722111
0.0085,-0.0026000000000000003,-4.136653538134671,0.005737150438334901,-0.025097043527606416
0.0086,-0.0026000000000000003,-4.124820207299429,0.004289794395614053,-0.028385636994563507
0.0087,-0.0026000000000000003,-4.114474718835538,0.002878925957622112,-0.03198834876869374
0.0088,-0.0026000000000000003,-4.107082660612604,0.0013248381038646886,-0.0365871620752996
0.0089,-0.0026000000000000003,-4.092428652676677,-0.00018455692243136564,-0.04173111384410531
0.009,-0.0026000000000000003,-4.038240614074303,-0.001951683297965181,-0.04724136960518645
0.0091,-0.0026000000000000003,-3.9880207517631963,-0.0037043354017727336,-0.05293211258493004
0.0092,-0.0026000000000000003,-4.047579192168587,-0.0038920180874760252,-0.0576961322459591
0.0093,-0.0026000000000000003,-3.8874894915530938,-0.004089936647928159,-0.061675260423234395
0.0094,-0.0026000000000000003,-3.806206535005583,-0.00720874903228856,-0.06523081772611458
0.0095,-0.0026000000000000003,-3.797869238081966,-0.004674472183479983,-0.06394093310064318
0.0096,-0.0026000000000000003,-3.890466484096844,-0.004269404444144066,-0.05940111561363242
0.0097,-0.0026000000000000003,-3.907984489537123,-0.0031276344636794215,-0.05124687268448583
0.0098,-0.0026000000000000003,-3.9225394493001096,-0.001606778407104162,-0.03680664025287962
0.0099,-0.0026000000000000003,-3.9219759355622754,-0.0005862364319850315,-0.01989935027129718
0.01,-0.0026000000000000003,-3.9161908514934614,0.0,0.0
0.0,-0.0025,-3.662437532572351,0.0,0.0
0.0001,-0.0025,-3.673923250137221,0.00018123865101756054,0.002092543123159089
0.0002,-0.0025,-3.660397459494943,0.00012537032173503965,0.004275758660848751
0.0003,-0.0025,-3.660109467681963,0.0007734276648552702,0.006561953805315952
0.0004,-0.0025,-3.6556864493888357,0.0012995832857676793,0.008958779375572845
0.0005,-0.0025,-3.652064474423011,0.0019494645328984033,0.011298247217076297
0.0006,-0.0025,-3.650462658767737,0.002659197643852529,0.01360994250506288
0.0007,-0.0025,-3.6468896035541416,0.0035151344796695975,0.01584513620546882
0.0008,-0.0025,-3.6477724422650084,0.004298941110513304,0.0179320092229524
0.0009,-0.0025,-3.6491820319022548,0.005201190512845912,0.019871685500728403
0.001,-0.0025,-3.6505011592877046,0.0060333271762664335,0.02160774147965703
0.0011,-0.0025,-3.653579660485336,0.006839567920148452,0.023087066092673282
0.0012,-0.0025,-3.658495857496697,0.007953419273625683,0.02445505830069946
0.0013000000000000002,-0.0025,-3.6636680448988646,0.008740837356572653,0.02551094542629422
0.0014,-0.0025,-3.6736588460318225,0.00965819486325398,0.026529168810448603
0.0015,-0.0025,-3.6820800947422914,0.010397048720075141,0.027342159025514824
0.0016,-0.0025,-3.694021971685107,0.011217298687247242,0.027862665074527854
0.0017,-0.0025,-3.7065572702616643,0.012030631030345832,0.028337082340149245
0.0018,-0.0025,-3.720068912268221,0.012696345716335228,0.028636834949432945
0.0019,-0.0025,-3.7366675241955463,0.013482541620350797,0.028764656506014386
0.002,-0.0025,-3.7530437547758346,0.014280400450663852,0.028773373906613487
0.0021,-0.0025,-3.774206551706727,0.01498339619574108,0.02874476921357351
0.0022,-0.0025,-3.7947587455496645,0.01566508118785083,0.0285185402358165
0.0023,-0.0025,-3.816481217230097,0.01634252028877254,0.02820566731839787
0.0024,-0.0025,-3.8407442972955095,0.016966217315575374,0.027813021171745406
0.0025,-0.0025,-3.8647508321619917,0.017644403003908887,0.027333236483708286
0.0026000000000000003,-0.0025,-3.891235552692445,0.0182359476971225,0.02681236788967169
0.0027,-0.0025,-3.917474354728923,0.018805075322447507,0.0261433536742952
0.0028,-0.0025,-3.945069983057066,0.019309588431441906,0.02546709849590602
0.0029,-0.0025,-3.973369340093823,0.019884229109363397,0.02468944431420151
0.003,-0.0025,-4.000538269055999,0.020365874687855404,0.023915062146223028
0.0031,-0.0025,-4.029825482110765,0.020847920145717427,0.023016942666345214
0.0032,-0.0025,-4.057769741350419,0.021255888455273667,0.022130685506859423
0.0033000000000000004,-0.0025,-4.0860846809295905,0.02167971345850916,0.02119805565112471
0.0034,-0.0025,-4.114015772908313,0.02205855303715509,0.020254710296415544
0.0034999999999999996,-0.0025,-4.1408808415412945,0.022395115718846552,0.01927346828914456
0.0036,-0.0025,-4.167495041170893,0.02273449445718469,0.01826615275237913
0.0037,-0.0025,-4.193285925570125,0.023011756811933903,0.017238416002884473
0.0038,-0.0025,-4.2178735071912765,0.023274976760716017,0.016248492229901514
0.0039,-0.0025,-4.241238252133197,0.02348466818153881,0.015232036147958062
0.004,-0.0025,-4.263892214164911,0.02372917357734752,0.01424131505876512
0.0041,-0.0025,-4.2847821472467835,0.023899767023230184,0.013222255129493677
0.0042,-0.0025,-4.304890781950433,0.024050832738869085,0.012232689421768531
0.0043,-0.0025,-4.322365032865909,0.024209455537810953,0.01125795232359527
0.0044,-0.0025,-4.340024550354947,0.024312515214194832,0.010248200620908407
0.0045,-0.0025,-4.35530545834131,0.024379050362998436,0.009241925718761672
0.0046,-0.0025,-4.36804826899916,0.02445910143205724,0.008307278194729059
0.0047,-0.0025,-4.380587493458442,0.024505690573781765,0.007355525705549143
0.0048,-0.0025,-4.391099113108465,0.024544837383668187,0.0064671002070397585
0.0049,-0.0025,-4.398861387312,0.02451875963021227,0.005522162222316017
0.005,-0.0025,-4.406152511153643,0.0245187865344599,0.0046438814755654905
0.0051,-0.0025,-4.41111243461571,0.02443447450832828,0.003728956936477352
0.005200000000000001,-0.0025,-4.413300399789751,0.024400361549846004,0.002925095785727891
0.0053,-0.0025,-4.414956048433036,0.02435525829958705,0.0020634359053450938
0.0054,-0.0025,-4.4151083380716445,0.02418605781381036,0.001261749609035085
0.0055,-0.0025,-4.414565997430507,0.02407984937532869,0.00044868132660709617
0.0056,-0.0025,-4.409565626559921,0.02391385192523855,-0.00031706279268668393
0.005700000000000001,-0.0025,-4.404906591644961,0.023717503927884537,-0.0010203754673696335
0.0058,-0.0025,-4.397814389364411,0.02356689718723163,-0.0017911185523663657
0.0059,-0.0025,-4.390549994969798,0.023327857961061366,-0.0025347896568542506
0.006,-0.0025,-4.379956860574396,0.022996672575645756,-0.0031840886503729906
0.0061,-0.0025,-4.370237676593248,0.022789349674804803,-0.003900924040602083
0.0062,-0.0025,-4.358677738152464,0.022506000757309148,-0.004517713560636875
0.0063,-0.0025,-4.346963651999447,0.02217502378915301,-0.005180268176540846
0.0064,-0.0025,-4.333927316422444,0.021723498625096923,-0.0057566944335240315
0.006499999999999999,-0.0025,-4.321982875258014,0.02140960594664879,-0.006388618334768517
0.006600000000000001,-0.0025,-4.305594184507975,0.02101697394202368,-0.006940588964783428
0.0067,-0.0025,-4.294556372954213,0.020553891739992353,-0.007489372979565433
0.0068,-0.0025,-4.27955068240438,0.020045245046864515,-0.008027447813494574
0.0069,-0.0025,-4.266635658411952,0.01952764919488437,-0.008556031966352438
0.006999999999999999,-0.0025,-4.252470607682528,0.019011277625769686,-0.009054928773375838
0.007100000000000001,-0.0025,-4.236082948746128,0.018490572996363887,-0.009558984076954581
0.0072,-0.0025,-4.225580238027584,0.017871108204266805,-0.010047921404422299
0.0073,-0.0025,-4.209304526559053,0.017274458027781266,-0.010536566811066727
0.0074,-0.0025,-4.1973278244584264,0.016656143368831814,-0.011013289282773404
0.0075,-0.0025,-4.185809140271765,0.01604594677123049,-0.011531616958967627
0.0076,-0.0025,-4.178641488258645,0.015289528557289576,-0.012097642576109374
0.0077,-0.0025,-4.171076990732281,0.014586738129455865,-0.012692205482855308
0.0078,-0.0025,-4.159281332045683,0.013785316565387534,-0.013385725207165673
0.0079,-0.0025,-4.150258740602762,0.012939500634287171,-0.014221585724483166
0.008,-0.0025,-4.144926672480631,0.012093206032677101,-0.015076313975540752
0.0081,-0.0025,-4.136409706136228,0.011145795897926958,-0.016297870342530173
0.0082,-0.0025,-4.132418413411077,0.010120137898757299,-0.017563584180964324
0.0083,-0.0025,-4.120504181541116,0.00905886307987871,-0.01925923280658058
0.0084,-0.0025,-4.11554144707883,0.007847246726645328,-0.021367261001402234
0.0085,-0.0025,-4.108087230829146,0.0065467943586021695,-0.02385662839366197
0.0086,-0.0025,-4.097539561880734,0.005069721507724396,-0.02695534033994966
0.0087,-0.0025,-4.085332957125133,0.0035246038209418838,-0.030770702816225085
0.0088,-0.0025,-4.076114085934679,0.001907154939513698,-0.03483316578037984
0.0089,-0.0025,-4.04694145348559,0.00012411626764346136,-0.039814977283686936
0.009,-0.0025,-4.010295418098214,-0.0018265094949467446,-0.04477873149685784
0.0091,-0.0025,-3.903909595151863,-0.0027901923143733784,-0.050648207106192306
0.0092,-0.0025,-3.8976235027594788,-0.0022303105484794586,-0.056739790444736316
0.0093,-0.0025,-4.107710690570001,-0.0025405780379887714,-0.06048070925546938
0.0094,-0.0025,-4.060463922725097,-0.00644064437008115,-0.06390264124266547
0.0095,-0.0025,-3.874275707351282,-0.007010285795170439,-0.06614637565210933
0.0096,-0.0025,-3.894494948349908,-0.003457890172727747,-0.06094924458267592
0.0097,-0.0025,-3.9195023487212364,-0.00280726079957027,-0.0519322906443384
0.0098,-0.0025,-3.8889902457333045,-0.0023413361390990733,-0.03827575172063972
0.0099,-0.0025,-3.89329007018337,-0.0005223329622779824,-0.020658101286546597
0.01,-0.0025,-3.8960288639991467,0.0,0.0
0.0,-0.0024,-3.6615254271056163,0.0,0.0
0.0001,-0.0024,-3.6574222104389875,0.00010505288716522717,0.0019254106000063738
0.0002,-0.0024,-3.6535976197473117,0.0002192698590087147,0.003901482244501913
0.0003,-0.0024,-3.6512282029064895,0.0007429546607083594,0.006047403408549112
0.0004,-0.0024,-3.6458008529459596,0.001252098324132641,0.008371137613181123
0.0005,-0.0024,-3.64191217601194,0.0018882281611076808,0.010633018838514988
0.0006,-0.0024,-3.640158272355978,0.0026467415482611025,0.012836102328318234
0.0007,-0.0024,-3.638159452799179,0.003421505735323011,0.015012015206691777
0.0008,-0.0024,-3.6373977968088855,0.004271414314387356,0.017088534621713263
0.0009,-0.0024,-3.6369600935700728,0.005156488982150568,0.018993568144895275
0.001,-0.0024,-3.6394005937340848,0.005972983558536939,0.020791110202272468
0.0011,-0.0024,-3.6411650527574584,0.006910632323825243,0.02218018883906423
0.0012,-0.0024,-3.644746371548566,0.00789374944596787,0.023635018524313024
0.0013000000000000002,-0.0024,-3.650031515210359,0.008766150724865703,0.024711968018864956
0.0014,-0.0024,-3.6570434874237776,0.009617277775792278,0.025685846655276335
0.0015,-0.0024,-3.6659764694251447,0.010472391892734132,0.026482076359806202
0.0016,-0.0024,-3.6757180414051986,0.011370235987454827,0.027034034788032225
0.0017,-0.0024,-3.6865732414860393,0.012181945945454999,0.027567319555524508
0.0018,-0.0024,-3.7000906952728756,0.012937730397911094,0.02783492833081679
0.0019,-0.0024,-3.7149527681663375,0.013734185100988961,0.02803418581768511
0.002,-0.0024,-3.7311819676528057,0.014519446097221883,0.02807168809931465
0.0021,-0.0024,-3.749016592109464,0.01527383114253484,0.02797983466165059
0.0022,-0.0024,-3.768991409853986,0.016021607599131515,0.027832079826821496
0.0023,-0.0024,-3.7922518146874395,0.016743845146296732,0.027520480755909467
0.0024,-0.0024,-3.8141461376050527,0.017415678716014068,0.027127394355349756
0.0025,-0.0024,-3.8389485054158476,0.018135557559224164,0.0267725345466472
0.0026000000000000003,-0.0024,-3.8639177013043593,0.018752431225244337,0.026169912792276213
0.0027,-0.0024,-3.890791175243529,0.01935987600752695,0.025610494583084148
0.0028,-0.0024,-3.9177087863966844,0.019916327639448464,0.024898881116999068
0.0029,-0.0024,-3.945232999590334,0.020508472003274082,0.024150574442833878
0.003,-0.0024,-3.9736110115800294,0.02104417753258235,0.023403182254305595
0.0031,-0.0024,-4.001582986325186,0.02155339086156562,0.022543786015011613
0.0032,-0.0024,-4.029488462241029,0.02199638209561351,0.0217065528179715
0.0033000000000000004,-0.0024,-4.057991157432867,0.022426257684057975,0.020810869393721516
0.0034,-0.0024,-4.085527297471716,0.022867887651565267,0.019877174587841523
0.0034999999999999996,-0.0024,-4.113847434285195,0.023213226188277557,0.018928850187058407
0.0036,-0.0024,-4.140390928716527,0.023561266575320587,0.017964164520095815
0.0037,-0.0024,-4.16531361633516,0.023891308368411447,0.01698192954986823
0.0038,-0.0024,-4.190480126816958,0.024163716216251144,0.01602826155197709
0.0039,-0.0024,-4.21462068001632,0.024426421019097422,0.015013884437094697
0.004,-0.0024,-4.2376374578567395,0.024648492565757137,0.014016256796861215
0.0041,-0.0024,-4.258608371630399,0.02483153653304813,0.013043928136722772
0.0042,-0.0024,-4.278425110561977,0.025027526399274226,0.012080548015627525
0.0043,-0.0024,-4.29739786786875,0.02513333495677731,0.011114798490225874
0.0044,-0.0024,-4.314613540116324,0.02525354327738555,0.010084543918791612
0.0045,-0.0024,-4.3304875431673,0.02537226545364303,0.009205126203287976
0.0046,-0.0024,-4.343963002818997,0.025403857538115273,0.008274858972696341
0.0047,-0.0024,-4.355859419721059,0.025478591780022403,0.007310010474837517
0.0048,-0.0024,-4.365861568704507,0.02549284662937871,0.0064639137904856986
0.0049,-0.0024,-4.375459944147276,0.025489195537754573,0.005591393761556637
0.005,-0.0024,-4.380929557106944,0.025468031809788585,0.004705535555062379
0.0051,-0.0024,-4.387201350483119,0.025388445661347556,0.0038332761009181714
0.005200000000000001,-0.0024,-4.390803606120562,0.025317229533429547,0.0029916575397090058
0.0053,-0.0024,-4.392304953578134,0.025232528515777255,0.0021323155203478105
0.0054,-0.0024,-4.3924992306281565,0.02513738812531588,0.0013910466127691297
0.0055,-0.0024,-4.389114531320081,0.024973143819191787,0.0005617396255845015
0.0056,-0.0024,-4.385841452863482,0.02477454535884735,-0.00016621787561108946
0.005700000000000001,-0.0024,-4.381502150000538,0.02461446364812003,-0.0008716140964836849
0.0058,-0.0024,-4.373726593844997,0.024370635304023197,-0.0016282556637882792
0.0059,-0.0024,-4.368077413325652,0.02413733087058841,-0.002268197530276171
0.006,-0.0024,-4.357399267885869,0.023893787185137155,-0.0029213868989213603
0.0061,-0.0024,-4.347717719365471,0.023615900758789356,-0.003580392462375929
0.0062,-0.0024,-4.336872264057937,0.023272469287532866,-0.004240273910918302
0.0063,-0.0024,-4.3227609597481855,0.022911021621530313,-0.004846563202892038
0.0064,-0.0024,-4.311714193782608,0.022555268287787863,-0.005359574544431651
0.006499999999999999,-0.0024,-4.2994952629319245,0.022077099578909343,-0.0059964274604652895
0.006600000000000001,-0.0024,-4.2811754091608725,0.02170517550833031,-0.0064782409864887845
0.0067,-0.0024,-4.2639527919646065,0.021255590876698944,-0.007030918135150563
0.0068,-0.0024,-4.253021910583194,0.020690821608234933,-0.007527721362259829
0.0069,-0.0024,-4.2381046347087254,0.020162839938015792,-0.008025068849505154
0.006999999999999999,-0.0024,-4.21880490405402,0.019700131004133783,-0.008502308287788148
0.007100000000000001,-0.0024,-4.21265724372998,0.019100409470865623,-0.008952880687819787
0.0072,-0.0024,-4.197477021854739,0.01852180047181474,-0.009422743523133612
0.0073,-0.0024,-4.1848376884218945,0.017893677711064784,-0.009937586813463729
0.0074,-0.0024,-4.169762017731839,0.01726465173520985,-0.010388216403069334
0.0075,-0.0024,-4.159620293981844,0.01661199490941284,-0.010870820676453808
0.0076,-0.0024,-4.146517071866154,0.01593636775825295,-0.011370050953387924
0.0077,-0.0024,-4.139725778994984,0.01515386037978585,-0.011958747478523706
0.0078,-0.0024,-4.127695848675428,0.014370578029511583,-0.012603933821410482
0.0079,-0.0024,-4.120747112652133,0.013560247199440437,-0.01327882707824791
0.008,-0.0024,-4.110642265176759,0.012699538510119674,-0.014209316296586711
0.0081,-0.0024,-4.1086648062503475,0.011786452393841351,-0.015271996745714986
0.0082,-0.0024,-4.100809982991194,0.01072246844192926,-0.01652664914057258
0.0083,-0.0024,-4.0972267895300085,0.009732403356758977,-0.01811963424710742
0.0084,-0.0024,-4.086946768859225,0.008518073705105591,-0.020022475202737092
0.0085,-0.0024,-4.0796747902078385,0.007250437462556463,-0.022443128827080695
0.0086,-0.0024,-4.0690405094300335,0.005836779682893219,-0.02539612192066596
0.0087,-0.0024,-4.056636155871582,0.00430264682273659,-0.028798802019278133
0.0088,-0.0024,-4.039432398611,0.0027314656379853596,-0.03311400609310391
0.0089,-0.0024,-4.011568200303032,0.0009651358149684951,-0.03818277761509311
0.009,-0.0024,-4.030345875681943,-0.00041262486228226886,-0.04383013524077743
0.0091,-0.0024,-4.1743848814550155,-0.0016474604533859459,-0.04924104781213762
0.0092,-0.0024,-4.138757787164705,-0.0031649068726872388,-0.054433483522647874
0.0093,-0.0024,-3.8832062628984305,-0.004563191157815811,-0.062016496366325426
0.0094,-0.0024,-3.9094856599234045,-0.0025078922097238397,-0.06332386915447252
0.0095,-0.0024,-3.8638638185704024,-0.0046995934512714605,-0.06398316106161978
0.0096,-0.0024,-3.8365267369595606,-0.004737503504632943,-0.061154685282881587
0.0097,-0.0024,-3.929434113410925,-0.002826184446201386,-0.05368157663193908
0.0098,-0.0024,-3.868680426112375,-0.0018815006813663882,-0.03948800293470311
0.0099,-0.0024,-3.8758031885065978,-0.0005171665485340168,-0.021462879567087867
0.01,-0.0024,-3.878161706845719,0.0,0.0
0.0,-0.0023,-3.649059799272631,0.0,0.0
0.0001,-0.0023,-3.646787368899065,0.0001361545920018067,0.0017688218081177477
0.0002,-0.0023,-3.646674261893445,0.0003836770961769381,0.003608850137172772
0.0003,-0.0023,-3.639813094288013,0.0007171256179337053,0.005607605985318842
0.0004,-0.0023,-3.6373240892898817,0.0012321180342897663,0.007762676774161173
0.0005,-0.0023,-3.633106565856367,0.0018241944342071064,0.009919325840143291
0.0006,-0.0023,-3.6296285878795302,0.0025316711047726967,0.012081494838414794
0.0007,-0.0023,-3.625090346902284,0.0032846429689278945,0.014198062698527842
0.0008,-0.0023,-3.6266805446973294,0.0041293915226039415,0.016208578823830946
0.0009,-0.0023,-3.6243429804967096,0.004977435207615456,0.01808675889646896
0.001,-0.0023,-3.6252466667732093,0.005919829530193984,0.019751904118843977
0.0011,-0.0023,-3.6269441680072267,0.006867696191342649,0.02133764326848435
0.0012,-0.0023,-3.630179116997869,0.00788425308101325,0.02259384367234755
0.0013000000000000002,-0.0023,-3.6351843907205392,0.00878538867924757,0.023802244175680914
0.0014,-0.0023,-3.6403938800125126,0.009578771820119082,0.024845849368810343
0.0015,-0.0023,-3.6472958843877827,0.010583356103014377,0.025460441904866817
0.0016,-0.0023,-3.6547776900529816,0.011456504188488772,0.026259771977720437
0.0017,-0.0023,-3.665558135277723,0.012249710401188139,0.02673922676261059
0.0018,-0.0023,-3.677941814524628,0.013097328874974463,0.026985109038156485
0.0019,-0.0023,-3.693141456270843,0.013937541391026787,0.02726129037697793
0.002,-0.0023,-3.7082570505102606,0.014792613333503533,0.027243126929627777
0.0021,-0.0023,-3.7252582272479495,0.015582056891151136,0.02725145876297315
0.0022,-0.0023,-3.745173132741337,0.0163320310661056,0.027029261943242646
0.0023,-0.0023,-3.7659055431677526,0.01707657873860484,0.026805817769838904
0.0024,-0.0023,-3.787992191747244,0.017812974503928766,0.026465459010606443
0.0025,-0.0023,-3.81146901611409,0.01851756283674329,0.026039363365064423
0.0026000000000000003,-0.0023,-3.8359930162637026,0.01926504017954816,0.02557954676915182
0.0027,-0.0023,-3.8619979854001145,0.019853511642213346,0.024928161265259305
0.0028,-0.0023,-3.8884234226639265,0.020508151470422856,0.02430301408062491
0.0029,-0.0023,-3.9165732992539204,0.021071583800204137,0.023586652438318156
0.003,-0.0023,-3.9443104795658757,0.02166836184620803,0.022853472843084113
0.0031,-0.0023,-3.9722948475039144,0.022165795888711638,0.022079718724427645
0.0032,-0.0023,-4.000528786088965,0.022710468546409002,0.021245897788839754
0.0033000000000000004,-0.0023,-4.029154890679615,0.02316736610577133,0.020387189623562143
0.0034,-0.0023,-4.056530253080114,0.023578291301460937,0.019474412054490936
0.0034999999999999996,-0.0023,-4.085121018257212,0.02396347503037396,0.018559586546229755
0.0036,-0.0023,-4.112015284110276,0.024350295025556478,0.017601946726749078
0.0037,-0.0023,-4.137651347906815,0.024688922342253547,0.016672047415532854
0.0038,-0.0023,-4.16265533228949,0.025002266119865738,0.015725486595657413
0.0039,-0.0023,-4.18746985302204,0.025274527600474012,0.014731786042177923
0.004,-0.0023,-4.2105429213603305,0.02550045314696201,0.013812199538183096
0.0041,-0.0023,-4.23143056581497,0.025717326181418556,0.012832030130725753
0.0042,-0.0023,-4.252577453266831,0.025869807661817835,0.011912082585720116
0.0043,-0.0023,-4.271955022317593,0.02604393078022406,0.010953668951924995
0.0044,-0.0023,-4.288761677234521,0.026197696248387893,0.010071623374628113
0.0045,-0.0023,-4.304938306193113,0.026292134261344663,0.00910425897777494
0.0046,-0.0023,-4.318223628198678,0.02633600280147801,0.008177951243238207
0.0047,-0.0023,-4.330430085668953,0.02638287310553422,0.007315233776723918
0.0048,-0.0023,-4.34094403718499,0.02641923468370354,0.006431671181631549
0.0049,-0.0023,-4.350896605702116,0.02639912943965156,0.0055437682021618265
0.005,-0.0023,-4.356714364992352,0.026366359473176223,0.004683010194114508
0.0051,-0.0023,-4.362735680045813,0.026344826412095602,0.0038976414224588516
0.005200000000000001,-0.0023,-4.365922541165065,0.02620960984075793,0.003057329298473009
0.0053,-0.0023,-4.367909116519409,0.026155290674334204,0.0022815840017539183
0.0054,-0.0023,-4.3673978967151,0.026026277649025514,0.001488209654645249
0.0055,-0.0023,-4.36570820437225,0.0258231096629714,0.0008167976756001144
0.0056,-0.0023,-4.362981149057029,0.025672480683588017,4.239617171695378e-05
0.005700000000000001,-0.0023,-4.357276051552452,0.02542129133125627,-0.0006957976792591981
0.0058,-0.0023,-4.350047873983501,0.025205521786585996,-0.0013541605771650103
0.0059,-0.0023,-4.3430309218867515,0.02488622046933836,-0.0020414876897371353
0.006,-0.0023,-4.3318693285245695,0.024678284670445007,-0.002642366960512646
0.0061,-0.0023,-4.323281160082791,0.024355091997398604,-0.003318102673918709
0.0062,-0.0023,-4.311602772397362,0.024000390451446377,-0.003780253398567026
0.0063,-0.0023,-4.296660843498771,0.023600212495931232,-0.0044483830672924565
0.0064,-0.0023,-4.283884592341271,0.023213440251040583,-0.0049663189194557806
0.006499999999999999,-0.0023,-4.270885555635383,0.02276320664763555,-0.005528424717925655
0.006600000000000001,-0.0023,-4.254023277395144,0.02237951443939938,-0.0060429980750051696
0.0067,-0.0023,-4.242036359444125,0.02184764474603232,-0.006536120312915204
0.0068,-0.0023,-4.2262122222377565,0.02144791537625524,-0.007031945892063836
0.0069,-0.0023,-4.2119371847421885,0.020894207679696082,-0.007479026125497031
0.006999999999999999,-0.0023,-4.195175136429882,0.0203010223845034,-0.007930168723057728
0.007100000000000001,-0.0023,-4.1853672181323605,0.019727545795498777,-0.00840546791252284
0.0072,-0.0023,-4.169586457842091,0.019100924222750372,-0.00882043424673786
0.0073,-0.0023,-4.1546197176511415,0.018485289992601312,-0.00923811154292721
0.0074,-0.0023,-4.146278738914369,0.017834664243737638,-0.009704142029612754
0.0075,-0.0023,-4.130569382757756,0.01714940970089603,-0.010174616416148557
0.0076,-0.0023,-4.1162027397530245,0.016453129585868906,-0.010664673308467819
0.0077,-0.0023,-4.113744037664773,0.015699086568453254,-0.01119609124844965
0.0078,-0.0023,-4.098203450703498,0.014936614385909125,-0.011793347235571842
0.0079,-0.0023,-4.092263970727497,0.01414195637261629,-0.012474448148908902
0.008,-0.0023,-4.08780408115776,0.013296376720268926,-0.01335978224806832
0.0081,-0.0023,-4.07821777074635,0.01241749383727972,-0.014293584806114519
0.0082,-0.0023,-4.070281774259216,0.011432252006365863,-0.015508601622372227
0.0083,-0.0023,-4.066768814184351,0.010345204163176063,-0.01700444437969347
0.0084,-0.0023,-4.059345087594209,0.009264520076442049,-0.01883163966755327
0.0085,-0.0023,-4.051085401267778,0.00802832011314399,-0.021068301981926427
0.0086,-0.0023,-4.043808127147309,0.006564714144337319,-0.02376353340888912
0.0087,-0.0023,-4.032241964309814,0.005172776933100751,-0.02732096539210693
0.0088,-0.0023,-4.017999775076071,0.0036262988266435358,-0.031549622011302784
0.0089,-0.0023,-4.010888750671971,0.0021901233097390356,-0.036394389556714916
0.009,-0.0023,-3.9905661455019303,0.0005763024658454234,-0.04229429622473696
0.0091,-0.0023,-3.939200618620445,-0.0018729029371258093,-0.049067803467651605
0.0092,-0.0023,-3.821524786570847,-0.003521825719817168,-0.054601826877054
0.0093,-0.0023,-3.7214071995428473,-0.0048011924195012065,-0.05988405479976994
0.0094,-0.0023,-3.9094671606794185,-0.002647054415982491,-0.06564375567383413
0.0095,-0.0023,-3.6846254492050172,-0.0038357968223126995,-0.06431711436034505
0.0096,-0.0023,-3.971773762259331,-0.0047693946571983285,-0.06198711536705446
0.0097,-0.0023,-3.849599841363964,-0.0038812575484035213,-0.0550136183365566
0.0098,-0.0023,-3.850434596805969,-0.001966933070373841,-0.04155170675196499
0.0099,-0.0023,-3.839715322061975,-0.0008611395494721805,-0.022631011993440378
0.01,-0.0023,-3.842854131342645,0.0,0.0
0.0,-0.0022,-3.632778657206276,0.0,0.0
0.0001,-0.0022,-3.6385711088204746,0.00014872553718340369,0.0016130195430577917
0.0002,-0.0022,-3.6377007344221206,0.0005134187923699342,0.003339499044135361
0.0003,-0.0022,-3.6291959544900507,0.0006911450551406228,0.005226873919011741
0.0004,-0.0022,-3.6264962705991257,0.0011874787018537794,0.007223725765936002
0.0005,-0.0022,-3.6212678459883785,0.0017607240327698688,0.00924600106254672
0.0006,-0.0022,-3.619178909708421,0.0024514834261597455,0.011317311112854526
0.0007,-0.0022,-3.6166717907772297,0.0031673458453056595,0.013390456497577542
0.0008,-0.0022,-3.6127488935309326,0.004067734715989071,0.01535372365540767
0.0009,-0.0022,-3.613148261341202,0.004922920935857178,0.017182270345677816
0.001,-0.0022,-3.6129729113385007,0.0058210336662667325,0.018882055680056506
0.0011,-0.0022,-3.6123939427701313,0.006815159227800398,0.020377432248111546
0.0012,-0.0022,-3.6138624527793257,0.007763947194323339,0.021781040420696323
0.0013000000000000002,-0.0022,-3.6186967323871513,0.008673713616202795,0.022880153425197065
0.0014,-0.0022,-3.6227436624597154,0.009616382908716624,0.02387213865142411
0.0015,-0.0022,-3.6287794069971357,0.010468394891042787,0.02461492120571393
0.0016,-0.0022,-3.6367387892701757,0.011413162754591767,0.025313856659863257
0.0017,-0.0022,-3.644527071903244,0.012438070435632994,0.025833716130483
0.0018,-0.0022,-3.656359156057034,0.013215374855914914,0.026197826486885428
0.0019,-0.0022,-3.668890674034515,0.014087727275051913,0.026327499537891826
0.002,-0.0022,-3.684076485101221,0.014912243746679847,0.02648996407009432
0.0021,-0.0022,-3.700712544438412,0.01574986989551738,0.026407071645843407
0.0022,-0.0022,-3.718864036375593,0.016591127331767142,0.026326598750323473
0.0023,-0.0022,-3.738818322102537,0.017321871549454287,0.026095505834089046
0.0024,-0.0022,-3.760397852107783,0.018118340195265314,0.025749129508127345
0.0025,-0.0022,-3.784140052275878,0.018836041907437064,0.02531727851224415
0.0026000000000000003,-0.0022,-3.8082546486367943,0.019602984596358272,0.0248920831106501
0.0027,-0.0022,-3.833574443463178,0.020301053323757062,0.02430995537856568
0.0028,-0.0022,-3.8601725688001705,0.020954382809594285,0.023724738971084503
0.0029,-0.0022,-3.8872756717624752,0.021564250248523372,0.023025960655484585
0.003,-0.0022,-3.9146543049156963,0.022164353033371133,0.022298742820653823
0.0031,-0.0022,-3.9430282529058247,0.02277217893592068,0.021536510317602387
0.0032,-0.0022,-3.9713182301468546,0.023233991599564442,0.020747592239573665
0.0033000000000000004,-0.0022,-4.00043715304044,0.023737740158352272,0.019901361496508126
0.0034,-0.0022,-4.028080436106427,0.02423239269682099,0.01902564137158507
0.0034999999999999996,-0.0022,-4.055541223730744,0.024652415160588526,0.018152349791718873
0.0036,-0.0022,-4.082895344836815,0.025049925514895773,0.01725572583987072
0.0037,-0.0022,-4.109487971879022,0.025422039673668774,0.01635683985471711
0.0038,-0.0022,-4.134774678108145,0.02571720589399359,0.015417206990032984
0.0039,-0.0022,-4.159185935616932,0.026025401541323007,0.01450055732655169
0.004,-0.0022,-4.182117548632553,0.02628971868156473,0.013571069779585221
0.0041,-0.0022,-4.205809300043658,0.02654011755422625,0.012631340195867608
0.0042,-0.0022,-4.2251948354521565,0.026719327966923757,0.01171899951413502
0.0043,-0.0022,-4.243956630798343,0.026902582016514687,0.010816375699972004
0.0044,-0.0022,-4.262759209366443,0.0270436052366478,0.009897426148864973
0.0045,-0.0022,-4.2792657592077195,0.027128360692125472,0.00899534166067623
0.0046,-0.0022,-4.292678786123672,0.027231869064807485,0.008119378931680712
0.0047,-0.0022,-4.305751585671156,0.02724145805508457,0.007264965909086503
0.0048,-0.0022,-4.3164655356458,0.027300497627134858,0.006361831774353447
0.0049,-0.0022,-4.325497109486754,0.02728025489304229,0.005600667241872706
0.005,-0.0022,-4.3329587272898955,0.027238508533563962,0.004714384663524087
0.0051,-0.0022,-4.338517401246324,0.02715663744435201,0.003961740828919716
0.005200000000000001,-0.0022,-4.342451814457217,0.027048447112211205,0.00321387458695745
0.0053,-0.0022,-4.343164098654721,0.026982254455624334,0.002361908204833601
0.0054,-0.0022,-4.344093673301538,0.02682930751032618,0.0016673370044539126
0.0055,-0.0022,-4.3424474169959115,0.02664226152950554,0.0009122192368946181
0.0056,-0.0022,-4.3388905277553,0.026456273267023957,0.000294887992213145
0.005700000000000001,-0.0022,-4.3348990691922085,0.026275175147442112,-0.0004828513139079043
0.0058,-0.0022,-4.327734713682542,0.025954771562157,-0.0011022652381044626
0.0059,-0.0022,-4.3173410316300584,0.025723240042272607,-0.0017724043744693837
0.006,-0.0022,-4.309141086915557,0.025427240556529118,-0.002343952380596974
0.0061,-0.0022,-4.300355275920069,0.025025469790684325,-0.0029322606755137117
0.0062,-0.0022,-4.287448196766818,0.024661519427674538,-0.0034821121081624754
0.0063,-0.0022,-4.272461347090881,0.024347534761921037,-0.004057186496208792
0.0064,-0.0022,-4.261522709677966,0.023858575182364884,-0.004537835949940109
0.006499999999999999,-0.0022,-4.247970658302741,0.02349269739853442,-0.005077238491284983
0.006600000000000001,-0.0022,-4.233337001974727,0.02305077904055401,-0.0055472174579956094
0.0067,-0.0022,-4.220364789101184,0.022497283547934024,-0.006031215564344486
0.0068,-0.0022,-4.201918345292823,0.021962741684829548,-0.006513178641069227
0.0069,-0.0022,-4.192433458715124,0.021455636398687014,-0.00692283621201973
0.006999999999999999,-0.0022,-4.176270080117852,0.020845716496434654,-0.007373698316541577
0.007100000000000001,-0.0022,-4.157058744685971,0.02025318206051581,-0.007798511802919985
0.0072,-0.0022,-4.144940209763143,0.01967412312717761,-0.0081987517235665
0.0073,-0.0022,-4.133611155804763,0.019011967222390853,-0.008639728095572728
0.0074,-0.0022,-4.1220981199385776,0.018362458371330877,-0.009050985262554328
0.0075,-0.0022,-4.108183299329316,0.017650458709825578,-0.009479205579223006
0.0076,-0.0022,-4.099873280759319,0.016971528474677925,-0.009910022830200822
0.0077,-0.0022,-4.084491761640622,0.016231008721275385,-0.01043982244380319
0.0078,-0.0022,-4.077448099004967,0.01550682600411906,-0.01102162225206318
0.0079,-0.0022,-4.071484029992253,0.014679592258221248,-0.011647249103558568
0.008,-0.0022,-4.059932085365675,0.01387084536055499,-0.012417958915029517
0.0081,-0.0022,-4.053118391398658,0.012972809101242553,-0.013390584001453413
0.0082,-0.0022,-4.041699114592242,0.012038500137206146,-0.014443694729319981
0.0083,-0.0022,-4.038092497922683,0.011013722516758563,-0.01599488624545711
0.0084,-0.0022,-4.031550417751333,0.009906274321268583,-0.01777786412101975
0.0085,-0.0022,-4.023469242121428,0.008773980987530128,-0.019827759197642427
0.0086,-0.0022,-4.013733663116248,0.007344482852739183,-0.02281373764393445
0.0087,-0.0022,-4.004920784237409,0.005915327486793502,-0.025728862928611276
0.0088,-0.0022,-3.9954287501645567,0.00441272578442988,-0.03001436458443987
0.0089,-0.0022,-3.9786111677313283,0.0028447603115058753,-0.034773349778200346
0.009,-0.0022,-3.9559629378967562,0.0011817832331049325,-0.04027163799894895
0.0091,-0.0022,-3.888568435805958,-0.0008306838324264494,-0.045905486824874275
0.0092,-0.0022,-3.822723617874008,-0.001953348790375558,-0.051641004953588525
0.0093,-0.0022,-3.8944805403857927,-0.0010686852788862641,-0.058370450183328954
0.0094,-0.0022,-4.155258431596977,-0.003596789264164088,-0.06090914611361188
0.0095,-0.0022,-3.891434986457806,-0.005464478941324604,-0.06297538262649409
0.0096,-0.0022,-3.8477532672371257,-0.004325147999164398,-0.06351416882950041
0.0097,-0.0022,-3.8228527443093427,-0.004135160564029046,-0.05656885646730028
0.0098,-0.0022,-3.8068633458843593,-0.0022819079149129632,-0.04296520098810977
0.0099,-0.0022,-3.8049007976240916,-0.0006148691088899206,-0.023706816063140367
0.01,-0.0022,-3.8026489388043183,0.0,0.0
0.0,-0.0021,-3.618227641756641,0.0,0.0
0.0001,-0.0021,-3.626202702409471,9.509977045086174e-05,0.0014397605377433336
0.0002,-0.0021,-3.627203322365482,0.0004398399967161691,0.003046278497803424
0.0003,-0.0021,-3.6192281917420885,0.0006111005731581575,0.004786755260574464
0.0004,-0.0021,-3.613759654215937,0.0011162757777829974,0.006732470779796402
0.0005,-0.0021,-3.6073474694569443,0.0016721269418726384,0.00863263170913588
0.0006,-0.0021,-3.6061012482836734,0.0023549610383117336,0.01056873308519451
0.0007,-0.0021,-3.6023796061049134,0.0031037335384661354,0.012564032540304288
0.0008,-0.0021,-3.6000525252441307,0.003889994567330893,0.014491078403640535
0.0009,-0.0021,-3.5995340103208147,0.00472593040629794,0.016314667653849337
0.001,-0.0021,-3.59923089676664,0.005688302835148789,0.017974845064465266
0.0011,-0.0021,-3.5976758388697485,0.006614034804212307,0.01940885517316479
0.0012,-0.0021,-3.5992716361293,0.0076175287189514905,0.02083402597216126
0.0013000000000000002,-0.0021,-3.60156223755815,0.008527524200783496,0.021983999908136487
0.0014,-0.0021,-3.6042740800791404,0.009509840629049424,0.02286058179666702
0.0015,-0.0021,-3.608295432160711,0.010443816179781384,0.023881559805727433
0.0016,-0.0021,-3.6155482530994503,0.011226863805939262,0.02440769163636557
0.0017,-0.0021,-3.623893991453271,0.012288135668248358,0.024866245612820793
0.0018,-0.0021,-3.6337733229951716,0.01316864139306418,0.02528592893847479
0.0019,-0.0021,-3.6462969004452037,0.014128872967296664,0.025493048450794767
0.002,-0.0021,-3.659818480110903,0.01499886710152177,0.025594237376237883
0.0021,-0.0021,-3.674250901470844,0.015878837737238805,0.025569263710291553
0.0022,-0.0021,-3.6929732348978064,0.016694984816176615,0.02549805483883459
0.0023,-0.0021,-3.71159554300157,0.017519127935523196,0.0252834396423277
0.0024,-0.0021,-3.7332630308849204,0.01833141852913143,0.02495408621453087
0.0025,-0.0021,-3.754439506840192,0.019081153174371958,0.02458277593209268
0.0026000000000000003,-0.0021,-3.779436921159547,0.019921222570323374,0.024141488848892972
0.0027,-0.0021,-3.8042521397294236,0.020617081272008494,0.023620296712180425
0.0028,-0.0021,-3.8301742181780343,0.02128321038907731,0.02301700484514133
0.0029,-0.0021,-3.857374892429298,0.021932916847330116,0.02239335016254974
0.003,-0.0021,-3.8850508717096552,0.02260174600242404,0.021669000218972098
0.0031,-0.0021,-3.912688418979748,0.023179731294298445,0.02098273576320493
0.0032,-0.0021,-3.941774535991934,0.02372630425943935,0.02020134858999375
0.0033000000000000004,-0.0021,-3.969957906289107,0.02427278323445744,0.019386657304832064
0.0034,-0.0021,-3.9978120583431638,0.02479149292034006,0.01860098719829185
0.0034999999999999996,-0.0021,-4.026322228974449,0.02521832082306711,0.017738957475977892
0.0036,-0.0021,-4.053291627848988,0.025657618973741442,0.016852438096289554
0.0037,-0.0021,-4.08001389378862,0.026066608738065197,0.015989528525073748
0.0038,-0.0021,-4.1061802901289415,0.02639888779837096,0.015103720756722323
0.0039,-0.0021,-4.130674086788904,0.026729600196051775,0.014200275559060236
0.004,-0.0021,-4.155478240012231,0.027000316844897943,0.01332881556139588
0.0041,-0.0021,-4.177045334431256,0.02723417762829084,0.012412675493193791
0.0042,-0.0021,-4.197971352270039,0.02747406413122563,0.011546451514972791
0.0043,-0.0021,-4.217740002147167,0.027647772465227066,0.01064132349038448
0.0044,-0.0021,-4.237169726794881,0.027785344196728207,0.009759970655417836
0.0045,-0.0021,-4.253176029950324,0.027923362519308204,0.008966330042634862
0.0046,-0.0021,-4.267403123189106,0.02799863692179957,0.008052379648416567
0.0047,-0.0021,-4.280379936609806,0.028045199984355874,0.007237972407013862
0.0048,-0.0021,-4.291596553340487,0.028082625474548335,0.006382093787715143
0.0049,-0.0021,-4.301020477752466,0.028051674864179022,0.005627532195621592
0.005,-0.0021,-4.307988688147035,0.028021406550860318,0.004804447305380296
0.0051,-0.0021,-4.315166522515445,0.027959579113310474,0.004047185459181059
0.005200000000000001,-0.0021,-4.318922263973531,0.027884156681037643,0.0032674353266599595
0.0053,-0.0021,-4.320136097907496,0.02772488331229933,0.002571983626729886
0.0054,-0.0021,-4.320430793782088,0.027589314306258297,0.0018269935096592333
0.0055,-0.0021,-4.319295474788371,0.027400164759691793,0.0010618157708956269
0.0056,-0.0021,-4.316636070953897,0.027204352888983215,0.00042126364282328024
0.005700000000000001,-0.0021,-4.312388713817002,0.02699393278938681,-0.0001554306291238164
0.0058,-0.0021,-4.3044747385489694,0.02669925552295685,-0.0007903708002490828
0.0059,-0.0021,-4.296779091472651,0.02646550594868511,-0.001453513629350934
0.006,-0.0021,-4.288790834514423,0.026089863234720248,-0.002074501795016083
0.0061,-0.0021,-4.2787183408312455,0.025723977425726414,-0.0025810746843680163
0.0062,-0.0021,-4.268599982189398,0.025356103588601315,-0.0031019107016077886
0.0063,-0.0021,-4.250416359326024,0.024949313508681306,-0.0036326051461559837
0.0064,-0.0021,-4.242779688940126,0.024564701053712557,-0.00419320831824361
0.006499999999999999,-0.0021,-4.226824523258694,0.024050262783724147,-0.004599187763065443
0.006600000000000001,-0.0021,-4.211772867724562,0.023635980765251655,-0.0051111742022566
0.0067,-0.0021,-4.196782061372259,0.0231249415517929,-0.00553551669425199
0.0068,-0.0021,-4.179448386812318,0.022563783749023153,-0.0059698670166825835
0.0069,-0.0021,-4.16718651009064,0.02196154307345477,-0.006392827438153403
0.006999999999999999,-0.0021,-4.150766577232181,0.021391640343326107,-0.006784665229316523
0.007100000000000001,-0.0021,-4.137154444201407,0.02085247327312712,-0.007189250019389949
0.0072,-0.0021,-4.121475428767458,0.02019169659116081,-0.007570151270525132
0.0073,-0.0021,-4.11052756690354,0.019616086546256743,-0.007963305533979562
0.0074,-0.0021,-4.097547446242603,0.01886461764314091,-0.008355061037424411
0.0075,-0.0021,-4.084235696228426,0.018203173265132943,-0.008806292962312317
0.0076,-0.0021,-4.074259280383398,0.017492876156319774,-0.009260739526834419
0.0077,-0.0021,-4.06618014469553,0.01674510502947726,-0.00970086881449473
0.0078,-0.0021,-4.051516126857796,0.01600381187528393,-0.010254408718469547
0.0079,-0.0021,-4.045476647855427,0.015253480154928223,-0.010799904167680209
0.008,-0.0021,-4.030689611372414,0.014426352667164483,-0.011545408016257556
0.0081,-0.0021,-4.025702041942277,0.013539437859681909,-0.012574496792374271
0.0082,-0.0021,-4.021929184697517,0.012627093852613618,-0.013631705567424313
0.0083,-0.0021,-4.011247906922514,0.011715058319978162,-0.014835851221531355
0.0084,-0.0021,-4.003027064120727,0.010647480143004234,-0.016445935963020703
0.0085,-0.0021,-3.9944022522639906,0.009541400988962898,-0.018624676280118213
0.0086,-0.0021,-3.9859502687470387,0.008079769712160354,-0.02128211615939253
0.0087,-0.0021,-3.975489854134953,0.006793489860514862,-0.024475357504924727
0.0088,-0.0021,-3.9617665818412213,0.005064396784429033,-0.02844234311195072
0.0089,-0.0021,-3.94148705703039,0.003410487144334855,-0.032953561615156106
0.009,-0.0021,-3.9100287147202586,0.0017510550850534778,-0.038446009925792834
0.0091,-0.0021,-3.9152725491728155,0.00015644682864019503,-0.04464563181031757
0.0092,-0.0021,-4.071984830721974,-0.0011473577936449778,-0.05208292121760793
0.0093,-0.0021,-3.992489649021643,-0.0017385725064526945,-0.058950590429919604
0.0094,-0.0021,-3.9026422140741905,-0.0038265286566178296,-0.06495307514982773
0.0095,-0.0021,-3.890669685672691,-0.004692951419079945,-0.06607199772799843
0.0096,-0.0021,-3.724720090001034,-0.004913634374552967,-0.06409827684513703
0.0097,-0.0021,-3.7424934423243554,-0.003223296878966134,-0.057430246704070514
0.0098,-0.0021,-3.7883882077186843,-0.0017760734194038627,-0.043995943429148865
0.0099,-0.0021,-3.7792119065223604,-0.0008672043985298582,-0.024286817335759728
0.01,-0.0021,-3.7671743392847397,0.0,0.0
0.0,-0.002,-3.609784163503029,0.0,0.0
0.0001,-0.002,-3.6172873918545645,0.00013106100036843423,0.0012871050569791965
0.0002,-0.002,-3.6153596494562468,0.00039741229563797285,0.002777453453960262
0.0003,-0.002,-3.6070648014109468,0.0005528767185760677,0.0043971254278813016
0.0004,-0.002,-3.6021509257874578,0.0010520357224767574,0.006168626318554863
0.0005,-0.002,-3.596259240185681,0.0015880110836150889,0.008015851998317607
0.0006,-0.002,-3.5915552054533375,0.0022140208286834553,0.009912570855566379
0.0007,-0.002,-3.59157494164801,0.0029285866097003843,0.011811167203304884
0.0008,-0.002,-3.5882482604245447,0.003709041519996874,0.013676252392140138
0.0009,-0.002,-3.585499605085037,0.004544133847470234,0.01541611422998649
0.001,-0.002,-3.5827917914052874,0.005477036550765426,0.01703238164429167
0.0011,-0.002,-3.582395585261544,0.006314031936165646,0.018519759696984453
0.0012,-0.002,-3.58288987795962,0.007395903896390686,0.01983130853471294
0.0013000000000000002,-0.002,-3.5827991329922813,0.008276690004468956,0.021012766428471566
0.0014,-0.002,-3.5858457792488982,0.009263288398636518,0.022020954666427818
0.0015,-0.002,-3.590578402393133,0.010147893323202485,0.02274791934126378
0.0016,-0.002,-3.5941796226884875,0.011195559727962318,0.02335091731542153
0.0017,-0.002,-3.6024909703474344,0.012179175371522537,0.02406038240936959
0.0018,-0.002,-3.6119052162582705,0.013081044888012925,0.024315539300608653
0.0019,-0.002,-3.620593554675027,0.013948415502557814,0.02458429211817767
0.002,-0.002,-3.634867133260261,0.0149057335178992,0.024759341809512347
0.0021,-0.002,-3.6480433924468385,0.015814404116693985,0.024695410663645917
0.0022,-0.002,-3.6659423097195303,0.016699589716442476,0.024607856420943583
0.0023,-0.002,-3.6838061416264702,0.017622287801225333,0.0244562750389837
0.0024,-0.002,-3.7044238543051287,0.018453261456330607,0.0241325247874795
0.0025,-0.002,-3.7266474949755133,0.019273808445659638,0.023783593400000802
0.0026000000000000003,-0.002,-3.748515180513927,0.020070867915287106,0.023390480859970805
0.0027,-0.002,-3.7746223256644655,0.020797995938442594,0.022865464370814867
0.0028,-0.002,-3.7997345503917854,0.021595781167363565,0.022323946773828204
0.0029,-0.002,-3.8270226255192132,0.0222509710107783,0.02171363071852272
0.003,-0.002,-3.8546787378457417,0.02292811648505355,0.021067060395567414
0.0031,-0.002,-3.882561488738714,0.023579598417858068,0.020341771787139973
0.0032,-0.002,-3.911991725369891,0.024183393779134726,0.019618271941555576
0.0033000000000000004,-0.002,-3.9406696385113484,0.024795997704649575,0.0188568771066407
0.0034,-0.002,-3.968055365347079,0.025259159360957274,0.01809738992161027
0.0034999999999999996,-0.002,-3.995916096344869,0.025768110803096978,0.01726634970205548
0.0036,-0.002,-4.023957492936946,0.026156153237300694,0.016435316951631845
0.0037,-0.002,-4.05059719635165,0.026573222677267708,0.015596421011363885
0.0038,-0.002,-4.077751837911814,0.026969296050636568,0.014760261321094632
0.0039,-0.002,-4.103378046867502,0.027313431124897675,0.013892590183869439
0.004,-0.002,-4.127463929351816,0.02763630252147603,0.013039167901293459
0.0041,-0.002,-4.149887109132138,0.02791687199640516,0.01218145603665026
0.0042,-0.002,-4.171854015603658,0.028137606524256203,0.011324449274239047
0.0043,-0.002,-4.191989425533454,0.028348476447392326,0.010487318466641622
0.0044,-0.002,-4.209622942404748,0.028504516421961425,0.009646524614308484
0.0045,-0.002,-4.227720163040231,0.028597850560840982,0.008829832923036558
0.0046,-0.002,-4.242230934627674,0.02870930908149374,0.007989456005515648
0.0047,-0.002,-4.256057260709768,0.028766256887633603,0.007171938763985056
0.0048,-0.002,-4.26729774022307,0.02878919306960605,0.006364284784191815
0.0049,-0.002,-4.2775707200116475,0.02879051475930627,0.005620489831672708
0.005,-0.002,-4.284929769399806,0.028764852239366603,0.004859894505576506
0.0051,-0.002,-4.291071933533217,0.028718801139581182,0.004066194700033681
0.005200000000000001,-0.002,-4.2953099291037535,0.02857069170339679,0.0033779534620381
0.0053,-0.002,-4.297542310886654,0.028476664263402486,0.002663236501929884
0.0054,-0.002,-4.297589641097837,0.028361502026156296,0.002025459159892034
0.0055,-0.002,-4.2981681721267195,0.028146552911711267,0.0013463440901353423
0.0056,-0.002,-4.2935572869247505,0.027923712696877625,0.000611275274038517
0.005700000000000001,-0.002,-4.2885653371810974,0.027689382531017617,4.957373087354361e-05
0.0058,-0.002,-4.282254405044643,0.027438893495530782,-0.0005142199275366046
0.0059,-0.002,-4.274405211816991,0.027080991195528675,-0.001124550010413048
0.006,-0.002,-4.265230362762792,0.02675876428102364,-0.001616826879516726
0.0061,-0.002,-4.257069294430658,0.026446975516083573,-0.0021879529146762093
0.0062,-0.002,-4.2453004378255175,0.025975019230856294,-0.0027097884508020076
0.0063,-0.002,-4.230348000629806,0.025581862698530668,-0.00317558838062441
0.0064,-0.002,-4.219334609390966,0.025148540831973043,-0.0036522708895766684
0.006499999999999999,-0.002,-4.20368234646698,0.024670168654006605,-0.00413631633916563
0.006600000000000001,-0.002,-4.192814058591021,0.02410639416109523,-0.004557416763890625
0.0067,-0.002,-4.173551346555239,0.023691765778355363,-0.005006155095863361
0.0068,-0.002,-4.160806636236839,0.023114888558398335,-0.00542888686864729
0.0069,-0.002,-4.1461785445136705,0.022582874089611307,-0.005787188763827015
0.006999999999999999,-0.002,-4.1321935309707785,0.021939585879304755,-0.006203641438589854
0.007100000000000001,-0.002,-4.1141075913572145,0.021338075812758536,-0.006560391687879393
0.0072,-0.002,-4.099647633441562,0.020688981825042647,-0.006924841689876904
0.0073,-0.002,-4.094430945674767,0.02003168937856714,-0.007304982109983946
0.0074,-0.002,-4.076610225791457,0.019406287251768267,-0.007694195001476028
0.0075,-0.002,-4.060662897298788,0.018697400083291047,-0.008071020396007296
0.0076,-0.002,-4.05208038297595,0.01793373568911822,-0.008508037171249276
0.0077,-0.002,-4.040134243631077,0.01730149509037905,-0.008970613217976145
0.0078,-0.002,-4.028640781971274,0.016594809523906084,-0.009487234441938414
0.0079,-0.002,-4.01859839648567,0.015789771702076082,-0.010119531792180336
0.008,-0.002,-4.008305330638633,0.014947711830064532,-0.010698617234905394
0.0081,-0.002,-3.99880415308069,0.014177960928862933,-0.011573516924953259
0.0082,-0.002,-3.9918192050608856,0.013264267255486165,-0.012663562530988909
0.0083,-0.002,-3.984232879136352,0.012266982208589829,-0.013878128622506043
0.0084,-0.002,-3.973910658390576,0.011288495915094884,-0.015396002207181299
0.0085,-0.002,-3.9679153119062565,0.01008750947975465,-0.017516436025796722
0.0086,-0.002,-3.9576137282974595,0.00880633693762929,-0.019789039145428157
0.0087,-0.002,-3.9459478513665904,0.0076299211649953486,-0.022988352814624607
0.0088,-0.002,-3.9324398793715614,0.006033006045223914,-0.026718145492606305
0.0089,-0.002,-3.9189840234592803,0.004487545325386638,-0.03125566460865732
0.009,-0.002,-3.9080978127041983,0.0024983869291831753,-0.03667655764986091
0.0091,-0.002,-3.8790036576962024,0.0010663633046983322,-0.04334906392482285
0.0092,-0.002,-3.8353316678298377,-0.001413149535454513,-0.051206995258968595
0.0093,-0.002,-3.7633395948428725,-0.0026345971532675465,-0.05767407176063669
0.0094,-0.002,-3.8179680750475287,-0.000985109259874158,-0.06110165871505552
0.0095,-0.002,-3.878643538809864,-0.004457113394009374,-0.06513561334076542
0.0096,-0.002,-3.6120075841556765,-0.005684005485529374,-0.06496789093416551
0.0097,-0.002,-3.662553517116133,-0.0021382458342697227,-0.057869872056648786
0.0098,-0.002,-3.7317376043567085,-0.0015074512663349826,-0.04536887408389126
0.0099,-0.002,-3.718724406714094,-0.0006893125094010905,-0.025155637355973204
0.01,-0.002,-3.7143527249312944,0.0,0.0
0.0,-0.0019,-3.602880882467874,0.0,0.0
0.0001,-0.0019,-3.605650772799393,0.000139552261298263,0.001118102596886024
0.0002,-0.0019,-3.6019509845713182,0.0002512731149696223,0.00260604458422457
0.0003,-0.0019,-3.591467150039562,0.0005424439667304504,0.00408382018491405
0.0004,-0.0019,-3.585902407756757,0.0009454278988166632,0.005646590888156656
0.0005,-0.0019,-3.5830123381546444,0.0014614165209803126,0.007488868374543953
0.0006,-0.0019,-3.5785381171458397,0.0020327418847156838,0.00923649496451815
0.0007,-0.0019,-3.575885096125896,0.002732425927249011,0.011105245509337565
0.0008,-0.0019,-3.572699080282768,0.0034651532487216656,0.012858726043100083
0.0009,-0.0019,-3.5710622843716116,0.004281469984930927,0.01454284173654568
0.001,-0.0019,-3.567238958818275,0.0050714556107886895,0.016154701478962117
0.0011,-0.0019,-3.5653191793490047,0.0060823475265959675,0.01756685591511618
0.0012,-0.0019,-3.5663332705534354,0.00697825909494949,0.018888555768147117
0.0013000000000000002,-0.0019,-3.5646100215768204,0.007968624599305292,0.02008230971131421
0.0014,-0.0019,-3.5663400704069286,0.009056431591342364,0.021059074950290056
0.0015,-0.0019,-3.5693625994153844,0.009964072612311432,0.021872534840406986
0.0016,-0.0019,-3.573566238164285,0.010859252168522855,0.02243946107635764
0.0017,-0.0019,-3.5776078140674943,0.011917751415120225,0.02307420989354555
0.0018,-0.0019,-3.5869428344398813,0.012818015671752173,0.023361148238373847
0.0019,-0.0019,-3.597003301573587,0.013891648044494116,0.023585931420788915
0.002,-0.0019,-3.6085818009735178,0.014824266426413393,0.023796313668857563
0.0021,-0.0019,-3.622426071581837,0.015802007280216003,0.023796177389342085
0.0022,-0.0019,-3.638139553096721,0.0166915649570001,0.023744487610720007
0.0023,-0.0019,-3.6563033201435555,0.017554770899055796,0.023534859094063616
0.0024,-0.0019,-3.6758084523667796,0.01846754109613825,0.023332133810345226
0.0025,-0.0019,-3.696783092292677,0.019337810442068296,0.022972575690851028
0.0026000000000000003,-0.0019,-3.7198583300404486,0.02012767514056471,0.022598229705364747
0.0027,-0.0019,-3.74405661860906,0.02097882220960369,0.022120655632719324
0.0028,-0.0019,-3.769450230865182,0.02173421615549576,0.021596841740378382
0.0029,-0.0019,-3.796790613170477,0.022509054567495947,0.021017647804255364
0.003,-0.0019,-3.8239493350243197,0.023160839435038705,0.02039235728430274
0.0031,-0.0019,-3.8525989198024857,0.0238443686674594,0.0197505113961315
0.0032,-0.0019,-3.8809872641505585,0.024485565998884615,0.019057887264839958
0.0033000000000000004,-0.0019,-3.9096474340209424,0.02507853544985632,0.01830615281206163
0.0034,-0.0019,-3.9379688603756033,0.02562351342654089,0.01755825582482989
0.0034999999999999996,-0.0019,-3.966562507963554,0.026116922850715426,0.016777280135204128
0.0036,-0.0019,-3.994673844932699,0.026602224839985197,0.0159942746779265
0.0037,-0.0019,-4.021700617719852,0.02702062992931419,0.01520747856932574
0.0038,-0.0019,-4.049202875191578,0.02742029107439238,0.014380663925692861
0.0039,-0.0019,-4.074400216374827,0.027854115731629155,0.013560194589055897
0.004,-0.0019,-4.098272602165708,0.028161557368958617,0.012739055463091216
0.0041,-0.0019,-4.122518438293511,0.02846354655178479,0.011923599471815585
0.0042,-0.0019,-4.144375346052759,0.028717535649997097,0.011105312751096033
0.0043,-0.0019,-4.165945571358364,0.02890558704346898,0.010294322930922873
0.0044,-0.0019,-4.183622920784979,0.0290727357497457,0.009492112339756796
0.0045,-0.0019,-4.202123529951335,0.02921219378864245,0.008699989554728364
0.0046,-0.0019,-4.2164366644400495,0.02932443887056322,0.00792000599860508
0.0047,-0.0019,-4.230874605822822,0.029413917262817408,0.007111005287635398
0.0048,-0.0019,-4.242818874011733,0.0294357089064155,0.006369962582496886
0.0049,-0.0019,-4.252556015669268,0.029433965318819946,0.005620726531754173
0.005,-0.0019,-4.261136610128837,0.029407030232950215,0.004945480961032044
0.0051,-0.0019,-4.267680570386407,0.029318768447586997,0.00420582528233372
0.005200000000000001,-0.0019,-4.273109042168601,0.029238950029956596,0.003462204579309488
0.0053,-0.0019,-4.27517145805534,0.029117737267540945,0.00285993262666621
0.0054,-0.0019,-4.276613513117899,0.028967553484431665,0.002166523205698764
0.0055,-0.0019,-4.274621201876585,0.028779405311481734,0.0015010464899932376
0.0056,-0.0019,-4.272467920634148,0.028554172722402252,0.0009136374024621832
0.005700000000000001,-0.0019,-4.267847962684047,0.028286525831837064,0.0003588274459108195
0.0058,-0.0019,-4.261980305813005,0.028031772169155724,-0.0002226921010789043
0.0059,-0.0019,-4.254957887770691,0.02770056783572184,-0.0007578543029866714
0.006,-0.0019,-4.246231155196354,0.027371503887837934,-0.0013295305377576808
0.0061,-0.0019,-4.23434794420102,0.02707184107677174,-0.0018428927822965885
0.0062,-0.0019,-4.223912142461022,0.02658599069449028,-0.002312733283433978
0.0063,-0.0019,-4.21439249582749,0.02618255880292926,-0.002787353453589659
0.0064,-0.0019,-4.201783015402353,0.0257088231090248,-0.0032370823164372606
0.006499999999999999,-0.0019,-4.184797710486289,0.02529996488365166,-0.003702911304599073
0.006600000000000001,-0.0019,-4.171172646446545,0.024652661663573185,-0.004057047771102698
0.0067,-0.0019,-4.156296048329915,0.02422732060506843,-0.00448541702919943
0.0068,-0.0019,-4.144673657129649,0.02367117030228938,-0.00485395474278864
0.0069,-0.0019,-4.128949307245128,0.023089621497724994,-0.005191718222554679
0.006999999999999999,-0.0019,-4.1108773404057946,0.02246167658704979,-0.005564396450011392
0.007100000000000001,-0.0019,-4.099804886747331,0.02182587905650571,-0.00592748298324525
0.0072,-0.0019,-4.0863307747717155,0.02122224059125402,-0.0062752582635612845
0.0073,-0.0019,-4.070447263114466,0.020596176139695943,-0.006637006808884917
0.0074,-0.0019,-4.052596600102442,0.01986941430037317,-0.007029601708008936
0.0075,-0.0019,-4.043239012949307,0.019207089281593908,-0.007418691640934972
0.0076,-0.0019,-4.028509258842409,0.018505571092701595,-0.007787452567244259
0.0077,-0.0019,-4.022637950682946,0.01781416134192177,-0.008225416938676813
0.0078,-0.0019,-4.0090210484007205,0.01709901335830152,-0.008773582528252114
0.0079,-0.0019,-3.9953735946684175,0.016259305401286468,-0.009353437017501852
0.008,-0.0019,-3.9872513250665502,0.015533517432515027,-0.009990478582280768
0.0081,-0.0019,-3.9754921656147038,0.014776523690633054,-0.010901385843810632
0.0082,-0.0019,-3.966495625994673,0.013929604889993272,-0.011787002095179225
0.0083,-0.0019,-3.9614276580109746,0.012915119381241553,-0.012992355378661311
0.0084,-0.0019,-3.9477884086554407,0.01197252862389369,-0.0143396656588511
0.0085,-0.0019,-3.9403697925094026,0.010993584896699547,-0.016350743145428875
0.0086,-0.0019,-3.928674662073533,0.009748187743432267,-0.01877766162033744
0.0087,-0.0019,-3.916416408153895,0.008269051988123733,-0.021475186355218865
0.0088,-0.0019,-3.901611703943715,0.00681841183449817,-0.02514219611883009
0.0089,-0.0019,-3.88912292321304,0.005419773956649207,-0.029611379094860432
0.009,-0.0019,-3.89483272339748,0.00332089431155147,-0.03499352166276809
0.0091,-0.0019,-3.8471435070411575,0.0017337574110162794,-0.04111811311577012
0.0092,-0.0019,-3.7819706978247503,-0.0004764579689464116,-0.048259045873048745
0.0093,-0.0019,-3.791766390304281,-0.002784613412754145,-0.0550177632873617
0.0094,-0.0019,-3.8048420455009584,-0.002477939920855049,-0.05920937636673898
0.0095,-0.0019,-3.72327286771726,-0.006046114832619191,-0.06305499487649245
0.0096,-0.0019,-3.6509530069957012,-0.005653745100328421,-0.062481821575294166
0.0097,-0.0019,-3.74730499673365,-0.00300473314239247,-0.05944247632045507
0.0098,-0.0019,-3.682174787123464,-0.0016252114791163203,-0.04638054494046877
0.0099,-0.0019,-3.6642991895013672,-0.0006329328279905671,-0.026108714631978693
0.01,-0.0019,-3.6696280713090066,0.0,0.0
0.0,-0.0018,-3.5928808019873695,0.0,0.0
0.0001,-0.0018,-3.5908590997484717,8.537050074961932e-05,0.0010307239080896253
0.0002,-0.0018,-3.5877350605281744,0.00022534310549303003,0.0023395719338689344
0.0003,-0.0018,-3.5788104669003333,0.0005042419266869759,0.0037823559687931206
0.0004,-0.0018,-3.5729569451449286,0.0008598699730267919,0.005306965196722977
0.0005,-0.0018,-3.5679568652645424,0.0013400073153417775,0.007027776536545358
0.0006,-0.0018,-3.563865942116195,0.001782801414032975,0.008691698230021859
0.0007,-0.0018,-3.5604216328585605,0.0024376498393118935,0.010370334295063455
0.0008,-0.0018,-3.5569198771583865,0.003174337032681965,0.012082220711905171
0.0009,-0.0018,-3.5543927133467195,0.003907816782984375,0.013715792508882356
0.001,-0.0018,-3.55025533099718,0.004801941959924943,0.015253250400063825
0.0011,-0.0018,-3.548173697496084,0.005676426755590471,0.01666162266886034
0.0012,-0.0018,-3.5484734512752176,0.0066333692222828675,0.017875026159979403
0.0013000000000000002,-0.0018,-3.547189735114454,0.007529462388906398,0.01901977045486078
0.0014,-0.0018,-3.547455303608799,0.008492308180608721,0.02004768126634886
0.0015,-0.0018,-3.54682420824978,0.009670358633308779,0.020924289776977675
0.0016,-0.0018,-3.5513767197706083,0.010534744546280547,0.02147262764950744
0.0017,-0.0018,-3.55703801209813,0.01146660947513181,0.021943879539136207
0.0018,-0.0018,-3.562602256403972,0.012579017594745218,0.02233096796433508
0.0019,-0.0018,-3.5721135974469655,0.013490697295280088,0.022616820910680263
0.002,-0.0018,-3.582637590171201,0.014532983952462811,0.022817798952477812
0.0021,-0.0018,-3.595236327428056,0.015506691234415226,0.022938205873635938
0.0022,-0.0018,-3.609803383627233,0.016404376398914122,0.022817894885935105
0.0023,-0.0018,-3.6274123776867473,0.017363782709176084,0.022651826933498667
0.0024,-0.0018,-3.64637674674496,0.018318805766142126,0.02234075788046905
0.0025,-0.0018,-3.667618986086695,0.019190303625250617,0.022091620263199455
0.0026000000000000003,-0.0018,-3.6901485636468205,0.020112311037259346,0.021751481425051917
0.0027,-0.0018,-3.7146062288051556,0.020902804024726277,0.021308309595366778
0.0028,-0.0018,-3.7399294752785455,0.02176479116568217,0.02081718777765472
0.0029,-0.0018,-3.7658726202080683,0.022479086824898496,0.020260955556000566
0.003,-0.0018,-3.7941646735257497,0.02331686688671902,0.01969303728503248
0.0031,-0.0018,-3.8216616518039035,0.02395704674545011,0.019082962340400467
0.0032,-0.0018,-3.851069476521237,0.024634250741105153,0.018417646948894608
0.0033000000000000004,-0.0018,-3.8792804371565195,0.025225741069846066,0.017714352442409424
0.0034,-0.0018,-3.9079890723341557,0.025862443572195207,0.017001441940706637
0.0034999999999999996,-0.0018,-3.9374931899454606,0.026444738690020498,0.016252392066906117
0.0036,-0.0018,-3.9656420870272524,0.02694922700276622,0.015531743281792423
0.0037,-0.0018,-3.993313554888731,0.027440125149825436,0.014747024728900843
0.0038,-0.0018,-4.020201011526711,0.027814145300111583,0.013978662562567079
0.0039,-0.0018,-4.046343696356123,0.02824254303702144,0.013208274275028138
0.004,-0.0018,-4.071452648272112,0.028550468344424724,0.012426755700474591
0.0041,-0.0018,-4.09533761622994,0.028855694258379527,0.01164558139060084
0.0042,-0.0018,-4.11782857174737,0.02910555989889571,0.01085947783749304
0.0043,-0.0018,-4.139216218622059,0.029358080858562893,0.010111945241505436
0.0044,-0.0018,-4.158354922827817,0.029620804603999625,0.00934501360226807
0.0045,-0.0018,-4.176254693155954,0.029735747333656765,0.008572779134533621
0.0046,-0.0018,-4.1923328282840515,0.029875575247112512,0.0077977124614994515
0.0047,-0.0018,-4.2071578812499455,0.029951097308109555,0.007086647178992001
0.0048,-0.0018,-4.219092826985756,0.029988863305845537,0.006369787001557204
0.0049,-0.0018,-4.230324860956808,0.02999696967987189,0.005651281408697564
0.005,-0.0018,-4.238189040059853,0.029969055276556425,0.004961023338290564
0.0051,-0.0018,-4.245445840197973,0.029906807658330287,0.004289752619774216
0.005200000000000001,-0.0018,-4.250197658866585,0.029827935821539087,0.00360438271528429
0.0053,-0.0018,-4.253709650913232,0.02970920951787047,0.00295752681647612
0.0054,-0.0018,-4.255749268640113,0.02954785389299068,0.0023794763922362185
0.0055,-0.0018,-4.2545104791568304,0.029365985778027348,0.001746762780955008
0.0056,-0.0018,-4.251769140591189,0.029148645412288954,0.001193639186579042
0.005700000000000001,-0.0018,-4.2471271337145335,0.02889618986720001,0.0005457326995290714
0.0058,-0.0018,-4.2411750121316105,0.028642922126749022,3.6743732655475375e-05
0.0059,-0.0018,-4.235973071466118,0.02823072653982919,-0.00043185460733696627
0.006,-0.0018,-4.226596271869442,0.02793209399180642,-0.0010085179864106728
0.0061,-0.0018,-4.216278682088402,0.027513971330846272,-0.0014563664570815876
0.0062,-0.0018,-4.206130176076506,0.027140077411971636,-0.0019012711141272846
0.0063,-0.0018,-4.191517668236595,0.02671984221753021,-0.002324242469269374
0.0064,-0.0018,-4.180262535219964,0.02631199022901076,-0.002751446083710071
0.006499999999999999,-0.0018,-4.16662559191555,0.025824172021988435,-0.0031675680348786464
0.006600000000000001,-0.0018,-4.153980421592751,0.025249312317512665,-0.0035320395028116403
0.0067,-0.0018,-4.1394134765219235,0.024759986065031613,-0.003933747513045841
0.0068,-0.0018,-4.123717480954072,0.024161616113272742,-0.004291538983983669
0.0069,-0.0018,-4.108476944215941,0.02360990010666343,-0.004630457607074811
0.006999999999999999,-0.0018,-4.098689026706202,0.02298058748135263,-0.004983094196237362
0.007100000000000001,-0.0018,-4.078637389396015,0.022395325360308457,-0.005291630052097464
0.0072,-0.0018,-4.06337442726934,0.021839338582599118,-0.005635195856069817
0.0073,-0.0018,-4.050206292373891,0.02111805109686321,-0.005969543326212058
0.0074,-0.0018,-4.036007852027708,0.020518097939657146,-0.00633999297389767
0.0075,-0.0018,-4.018394637100418,0.019784477416714664,-0.006708224838949336
0.0076,-0.0018,-4.010496664501114,0.01907485503841518,-0.007078012237243889
0.0077,-0.0018,-3.9966489179021285,0.018374476252950075,-0.007504972978460984
0.0078,-0.0018,-3.986603049206355,0.0176175472519511,-0.008019209022804806
0.0079,-0.0018,-3.9741076010438676,0.016844979341292098,-0.008503186505283955
0.008,-0.0018,-3.9651403489957384,0.0160983337542443,-0.00927210623981849
0.0081,-0.0018,-3.9512198987770972,0.015293182725140995,-0.009979513708613432
0.0082,-0.0018,-3.9421823665138267,0.014608073409395052,-0.010833872029333027
0.0083,-0.0018,-3.9350970453340715,0.013764581686231098,-0.011846942624282271
0.0084,-0.0018,-3.9215466751106094,0.012861915956090915,-0.013556694600375209
0.0085,-0.0018,-3.911775749093176,0.011932210176427023,-0.015106308089410315
0.0086,-0.0018,-3.89985266610183,0.010430732991656873,-0.017406833508187402
0.0087,-0.0018,-3.8879188570057965,0.009275709325559062,-0.02016824034105622
0.0088,-0.0018,-3.872341230744798,0.0076878030694405965,-0.023445296728211325
0.0089,-0.0018,-3.8550890055853198,0.006216363853892583,-0.02767370597046409
0.009,-0.0018,-3.8302775584122535,0.004291994137202373,-0.03325623467068161
0.0091,-0.0018,-3.8139824649687712,0.002136170439073997,-0.039257298158727444
0.0092,-0.0018,-3.779639625533667,0.0006745361971250106,-0.04555998458175508
0.0093,-0.0018,-3.834859561187097,-0.0015477982924399932,-0.0538639621812705
0.0094,-0.0018,-3.7302336553636377,-0.0023891404498362686,-0.06051239645593292
0.0095,-0.0018,-3.9450922096258356,-0.002647377070253214,-0.06332650184921979
0.0096,-0.0018,-3.9371446932971472,-0.006696995611347323,-0.065372590791943
0.0097,-0.0018,-3.681541533477354,-0.0032693071520579343,-0.06096561935251085
0.0098,-0.0018,-3.652829252711846,-0.0029358920379576464,-0.04816083451711967
0.0099,-0.0018,-3.62381951880693,-0.0004785844201657213,-0.027095435812632462
0.01,-0.0018,-3.631080518299718,0.0,0.0
0.0,-0.0017,-3.5737174446803976,0.0,0.0
0.0001,-0.0017,-3.575701630744738,3.793204130171916e-05,0.0010196141660659217
0.0002,-0.0017,-3.569372757021699,0.00018565119373991097,0.0021129230048280213
0.0003,-0.0017,-3.56236649963906,0.00042504938911139267,0.0034890082983503445
0.0004,-0.0017,-3.55728905555381,0.0007766565491110124,0.004975708533888581
0.0005,-0.0017,-3.5510124609164357,0.0010922132753008787,0.00656362784952915
0.0006,-0.0017,-3.547236881576963,0.0015943810197981253,0.008082577173379122
0.0007,-0.0017,-3.544343821555745,0.002149789261731944,0.009800191004252955
0.0008,-0.0017,-3.5408597787911607,0.00279012166531216,0.01140978635965443
0.0009,-0.0017,-3.5373569813458356,0.003548280094942786,0.01288510858932699
0.001,-0.0017,-3.5326325824623885,0.004361356160832207,0.01440564457604156
0.0011,-0.0017,-3.5306284125447576,0.005196016103466376,0.01575861968080172
0.0012,-0.0017,-3.5291914007308445,0.006114958079761323,0.016952140706973786
0.0013000000000000002,-0.0017,-3.5269629293535467,0.007009687202568133,0.018156989660004386
0.0014,-0.0017,-3.525322952891001,0.008056804960922303,0.01909893235950622
0.0015,-0.0017,-3.5257060427485825,0.009039343018632276,0.019834856414930803
0.0016,-0.0017,-3.528053567580466,0.010054244857601896,0.020419748787766867
0.0017,-0.0017,-3.5337142988422396,0.011008614365658531,0.021028504157018443
0.0018,-0.0017,-3.537839658268929,0.012090324772680986,0.021400425263065237
0.0019,-0.0017,-3.546525489175133,0.013078260239831352,0.021687331029120765
0.002,-0.0017,-3.5567219822791127,0.014192143079836557,0.02180726242640671
0.0021,-0.0017,-3.5675898037145384,0.015114510965564355,0.02186724267180313
0.0022,-0.0017,-3.5822627364074324,0.016122589503827767,0.021841736147907548
0.0023,-0.0017,-3.5988979167657704,0.017074028624843956,0.021683150959949923
0.0024,-0.0017,-3.617555731698356,0.01804466043902823,0.021480540179948816
0.0025,-0.0017,-3.6378383259981275,0.019004038276483094,0.021165054916809964
0.0026000000000000003,-0.0017,-3.6602488540720906,0.019843255537071135,0.020851445392729748
0.0027,-0.0017,-3.6840288485238855,0.02080987568282419,0.020446166602115925
0.0028,-0.0017,-3.7097275004419177,0.021626829947532972,0.019999683858421352
0.0029,-0.0017,-3.736020115801343,0.02246669515216397,0.019469790939554157
0.003,-0.0017,-3.7635578633413544,0.023187703836765133,0.018932471052738802
0.0031,-0.0017,-3.7916630439169245,0.023981898241963395,0.018366785832273688
0.0032,-0.0017,-3.820441648528078,0.02464369457087992,0.017735702407792826
0.0033000000000000004,-0.0017,-3.8496701006181584,0.0253033851451978,0.017108178603735275
0.0034,-0.0017,-3.87924804976371,0.02596186503919545,0.01640484897896991
0.0034999999999999996,-0.0017,-3.9082724392397856,0.02650848424442578,0.015708658014500967
0.0036,-0.0017,-3.9366111036441,0.027054306736520775,0.015007223224618386
0.0037,-0.0017,-3.9654287056260085,0.0276202362564551,0.014280538177393297
0.0038,-0.0017,-3.991921549634086,0.028014129625390984,0.013552722639879814
0.0039,-0.0017,-4.018976262470244,0.028461733030538606,0.012812739591248776
0.004,-0.0017,-4.0439715494242225,0.02883105673407691,0.012090903084158899
0.0041,-0.0017,-4.0691539025783054,0.02918203545639907,0.011338439278826929
0.0042,-0.0017,-4.091282485525867,0.029437516051439874,0.010584850076983844
0.0043,-0.0017,-4.113417868331076,0.029738261837349525,0.00985300247518641
0.0044,-0.0017,-4.133011946837768,0.029975886409610665,0.009121474592869064
0.0045,-0.0017,-4.150758200619873,0.030148518068927585,0.008391394666522594
0.0046,-0.0017,-4.16762075403146,0.030262087441587995,0.007728380127747192
0.0047,-0.0017,-4.183005427825318,0.030377599525268684,0.007008348258363634
0.0048,-0.0017,-4.1960823734600865,0.030438120454938433,0.0063123134920241054
0.0049,-0.0017,-4.207496840569133,0.030501613536820227,0.0056486924235131675
0.005,-0.0017,-4.217029952098089,0.0304409701614655,0.0050135481308645705
0.0051,-0.0017,-4.2241829857108995,0.030388091147573765,0.004351497373149114
0.005200000000000001,-0.0017,-4.2296144656946115,0.030318653086454872,0.0037521135750490844
0.0053,-0.0017,-4.232762266816598,0.030221766657523203,0.0031049349623387982
0.0054,-0.0017,-4.234711784844575,0.030045709420570662,0.0025107585087861613
0.0055,-0.0017,-4.234499470657688,0.029839426009415516,0.0019718766339540217
0.0056,-0.0017,-4.232577634183373,0.029626426614552528,0.0013514479869486016
0.005700000000000001,-0.0017,-4.229828488991754,0.029383696821078054,0.0008811087935355993
0.0058,-0.0017,-4.223764345331238,0.029093673468259418,0.0003210137887519083
0.0059,-0.0017,-4.2171485525311745,0.02879262408083166,-0.00012287244007513806
0.006,-0.0017,-4.208368873702203,0.028426338962490184,-0.0006333515598649971
0.0061,-0.0017,-4.199693999540344,0.028112426789827245,-0.0010912973402551825
0.0062,-0.0017,-4.190998291334422,0.027666365776581672,-0.001494365775138383
0.0063,-0.0017,-4.176717116885284,0.027231560050254427,-0.0018798944917130464
0.0064,-0.0017,-4.163329474758813,0.026768504479648653,-0.0022925999314145832
0.006499999999999999,-0.0017,-4.15210071445738,0.026308530428494372,-0.0026458934422473874
0.006600000000000001,-0.0017,-4.136725935582271,0.025781337555720013,-0.0030141473793058138
0.0067,-0.0017,-4.123659531115086,0.02528547601154757,-0.0033675567230295952
0.0068,-0.0017,-4.108816946986603,0.024750783214866512,-0.0037277341365924525
0.0069,-0.0017,-4.093995077211725,0.02417335515409328,-0.0040434775880176166
0.006999999999999999,-0.0017,-4.077631889263357,0.02356755869821306,-0.004352151942493505
0.007100000000000001,-0.0017,-4.06400181460317,0.022928499214408496,-0.004684123761792657
0.0072,-0.0017,-4.048463726176353,0.022366036369256933,-0.0050011047366956985
0.0073,-0.0017,-4.035426113644703,0.021663185616974792,-0.005321740155648858
0.0074,-0.0017,-4.022943836965595,0.020985127944433614,-0.005674952543968001
0.0075,-0.0017,-4.007511283633197,0.020344651646199266,-0.006032868005810259
0.0076,-0.0017,-3.989963795380373,0.019681097804863257,-0.006397711813205916
0.0077,-0.0017,-3.9789984907342695,0.01892518527634425,-0.006830720763616707
0.0078,-0.0017,-3.971643253077438,0.01825610546454478,-0.007248096401790383
0.0079,-0.0017,-3.953293630738477,0.017609354614388,-0.007847150184544177
0.008,-0.0017,-3.944003311909835,0.016767471497959,-0.008495666791458726
0.0081,-0.0017,-3.9332159906266515,0.0160148684954909,-0.009077236630855842
0.0082,-0.0017,-3.921137620249789,0.015295260623170027,-0.009997136953840116
0.0083,-0.0017,-3.9102345082402694,0.014558057344643317,-0.011158383048461873
0.0084,-0.0017,-3.8972088644261076,0.013461088917891523,-0.012522846122148691
0.0085,-0.0017,-3.8850332308445625,0.012559197103024883,-0.014230230993505963
0.0086,-0.0017,-3.8714250353500446,0.01149528912723985,-0.016193765892718787
0.0087,-0.0017,-3.8557710505019775,0.010142399060581264,-0.018758650420834074
0.0088,-0.0017,-3.83934969926737,0.008742489745917703,-0.022235998415210463
0.0089,-0.0017,-3.8193109665362504,0.007072494563356634,-0.026191070625760083
0.009,-0.0017,-3.795732890990734,0.005332774310266062,-0.031119648434466348
0.0091,-0.0017,-3.771714633162972,0.0031636556594744226,-0.036832775466725774
0.0092,-0.0017,-3.7377644573071347,0.001050569203507219,-0.04390895196401243
0.0093,-0.0017,-3.7621312242454734,-0.0009686184356895493,-0.05201322154892366
0.0094,-0.0017,-3.6810156543449812,-0.0025761684851396353,-0.059388553623288834
0.0095,-0.0017,-3.639956149471055,-0.0046211833015151575,-0.06571815994658932
0.0096,-0.0017,-3.8040092895659674,-0.0021927485408147155,-0.06836565524627598
0.0097,-0.0017,-3.612705799947135,-0.002932635213729654,-0.06338542178840134
0.0098,-0.0017,-3.5812759674960253,-0.0027474726685559315,-0.04921784964963362
0.0099,-0.0017,-3.5769833150060837,-0.0013429951105737809,-0.02836152624771476
0.01,-0.0017,-3.5956730176320786,0.0,0.0
0.0,-0.0016,-3.562149052109082,0.0,0.0
0.0001,-0.0016,-3.5568380372033914,4.404259663991063e-05,0.0009209552650433277
0.0002,-0.0016,-3.5510239868329077,0.00012703604120635083,0.0018508325867313475
0.0003,-0.0016,-3.543680986565594,0.0003566443649456277,0.0032617080903879834
0.0004,-0.0016,-3.5383868858213883,0.0005205110776989076,0.004639024867855771
0.0005,-0.0016,-3.5321128553200203,0.0008482012871896616,0.006103021424370825
0.0006,-0.0016,-3.529307017313723,0.0012954220697741874,0.007574219966093607
0.0007,-0.0016,-3.526708522291715,0.001756322794416563,0.009098470707290666
0.0008,-0.0016,-3.521831499007335,0.0023743136511722844,0.010674418712591185
0.0009,-0.0016,-3.51822931367395,0.0030444540243976977,0.012198770570519525
0.001,-0.0016,-3.5143460274789518,0.00384075799216016,0.013612726189296268
0.0011,-0.0016,-3.5113215619783618,0.004691175256625935,0.01490398637856549
0.0012,-0.0016,-3.509329712331388,0.005495130932713772,0.01607079673741394
0.0013000000000000002,-0.0016,-3.506881170494322,0.0063114526009591405,0.017090652222665544
0.0014,-0.0016,-3.5043857524633073,0.00740060640313369,0.018055453113462027
0.0015,-0.0016,-3.5034957494738634,0.00848563330820687,0.018898638054108116
0.0016,-0.0016,-3.5070202342440906,0.009513413768823475,0.019462346016440743
0.0017,-0.0016,-3.5091892933307474,0.01041951969040279,0.01996469166213168
0.0018,-0.0016,-3.513935499010394,0.011467390316104697,0.02027053854695143
0.0019,-0.0016,-3.5209538096323225,0.012516256838905143,0.02059209918230852
0.002,-0.0016,-3.5304224420222057,0.013595919207020088,0.02069046342055039
0.0021,-0.0016,-3.5410338115184183,0.014561638142155246,0.020767038799704467
0.0022,-0.0016,-3.5551414057355206,0.01563319444822237,0.020802291566006822
0.0023,-0.0016,-3.569974496526787,0.0165694749315252,0.02067139312643404
0.0024,-0.0016,-3.589079160496833,0.01763085879277405,0.02053997517351242
0.0025,-0.0016,-3.6096716280618866,0.0185829398265081,0.02028372803725249
0.0026000000000000003,-0.0016,-3.630713644237363,0.019535884730963623,0.019931346835598312
0.0027,-0.0016,-3.6547518492889703,0.020439510541408377,0.019599126510908067
0.0028,-0.0016,-3.6803279624459404,0.021334630738247835,0.0191537977058366
0.0029,-0.0016,-3.70626165415021,0.022195028967873075,0.018683327890114627
0.003,-0.0016,-3.7333766254806497,0.023043658190558564,0.01814358480597018
0.0031,-0.0016,-3.7617878303839043,0.023755521503110846,0.017645424528101052
0.0032,-0.0016,-3.7906852379236264,0.024506222131545186,0.017046411048409767
0.0033000000000000004,-0.0016,-3.820097931445743,0.02526820015577576,0.01642443045028504
0.0034,-0.0016,-3.849447095079115,0.025867824928213802,0.01577345807772278
0.0034999999999999996,-0.0016,-3.878839721955947,0.026557746128042254,0.015129392816566948
0.0036,-0.0016,-3.9081241580000574,0.027104797572048187,0.014475049091181517
0.0037,-0.0016,-3.936432701929665,0.027664302077303606,0.013790058459685013
0.0038,-0.0016,-3.9644794086269632,0.028177254473289448,0.013089385742889368
0.0039,-0.0016,-3.991557287249234,0.028612866638001257,0.01240581318627644
0.004,-0.0016,-4.017894340118754,0.02898329372472043,0.011708468280075721
0.0041,-0.0016,-4.042748428736488,0.029450316194612622,0.011004438128802946
0.0042,-0.0016,-4.066839303529773,0.029691320102818077,0.010300110518623144
0.0043,-0.0016,-4.088197699353599,0.029979712172981694,0.00960942582506761
0.0044,-0.0016,-4.108378826635448,0.030208068883060525,0.008932815475663157
0.0045,-0.0016,-4.127633586261325,0.030410758827279484,0.008237381984114563
0.0046,-0.0016,-4.14518170292788,0.030596011400404667,0.007591269880988305
0.0047,-0.0016,-4.1602079570138395,0.030709089054402384,0.006897779965806323
0.0048,-0.0016,-4.17322172431857,0.030821743508194083,0.006231900957697344
0.0049,-0.0016,-4.1858756617677555,0.030840104155411746,0.005637353906686393
0.005,-0.0016,-4.195509270001359,0.03081888614421129,0.005007229320805358
0.0051,-0.0016,-4.20322408330671,0.030786806801912515,0.004394431019035371
0.005200000000000001,-0.0016,-4.208847227346154,0.030737757718444936,0.0038212682758587664
0.0053,-0.0016,-4.213504305827225,0.030622783013590223,0.0032493124590764633
0.0054,-0.0016,-4.215170537476744,0.030469284938319924,0.00267309268075094
0.0055,-0.0016,-4.2158464745038895,0.03029321853344947,0.002149851028879378
0.0056,-0.0016,-4.214423877851954,0.030096846264050417,0.001644845787947722
0.005700000000000001,-0.0016,-4.210962761184809,0.029829380484370473,0.0011050005285358944
0.0058,-0.0016,-4.206587421074055,0.029566558405263434,0.0006360464084433845
0.0059,-0.0016,-4.199509271996571,0.029232487845289302,0.00014433389617236233
0.006,-0.0016,-4.191158083160588,0.028880217698420453,-0.0002777979011358997
0.0061,-0.0016,-4.180985216965977,0.02854311672102236,-0.000670667197657179
0.0062,-0.0016,-4.173662709991403,0.02811972946999068,-0.0010710801077433699
0.0063,-0.0016,-4.161861017740099,0.027693175214011448,-0.0014244217794370856
0.0064,-0.0016,-4.146961390624608,0.02725859678443874,-0.0018539362085445113
0.006499999999999999,-0.0016,-4.137474914487517,0.026762803083133543,-0.002152753797867829
0.006600000000000001,-0.0016,-4.123014511183691,0.02635308256933638,-0.002523128015021669
0.0067,-0.0016,-4.106929843141399,0.02577331524270496,-0.0028274211610388672
0.0068,-0.0016,-4.092070747319373,0.025239842082607756,-0.003146339417875491
0.0069,-0.0016,-4.076893054815397,0.024605037863136343,-0.0034610320165765138
0.006999999999999999,-0.0016,-4.067357593802621,0.024135066430803626,-0.0037577518554728073
0.007100000000000001,-0.0016,-4.048792374750955,0.023557658331758703,-0.004087917793161077
0.0072,-0.0016,-4.035831775671388,0.022909708784739625,-0.004391711190560775
0.0073,-0.0016,-4.018651222899685,0.02230341365969077,-0.004671236531743982
0.0074,-0.0016,-4.009558502807963,0.021534897687280147,-0.005007955822060626
0.0075,-0.0016,-3.99226357554989,0.020883740463630285,-0.005349888251306164
0.0076,-0.0016,-3.977198558877654,0.02031124160774515,-0.005738985498539039
0.0077,-0.0016,-3.965687737680138,0.019621962678474353,-0.006168876361928009
0.0078,-0.0016,-3.951107957404298,0.01898821029201287,-0.006638576352400669
0.0079,-0.0016,-3.9400370200528188,0.018177079183551527,-0.007035371332252973
0.008,-0.0016,-3.9287499162000628,0.017539798389254107,-0.007789541173732201
0.0081,-0.0016,-3.915551731146724,0.016820310153325784,-0.008331444986097279
0.0082,-0.0016,-3.9006812204559234,0.01594580497839725,-0.009307504523850178
0.0083,-0.0016,-3.8856185761311597,0.015300340815289918,-0.010339685961787122
0.0084,-0.0016,-3.8715707025514385,0.014468848019512676,-0.011623067538237448
0.0085,-0.0016,-3.858011061179239,0.013603870984447689,-0.013052762587676984
0.0086,-0.0016,-3.843063774157511,0.012489849273510418,-0.015107534046270344
0.0087,-0.0016,-3.822473884103287,0.011245657250074866,-0.017537459954697025
0.0088,-0.0016,-3.8037950928552537,0.00979284719949011,-0.020570613501987956
0.0089,-0.0016,-3.780985481973518,0.008193560031098389,-0.024481744930588915
0.009,-0.0016,-3.7530583483608915,0.006329281665913421,-0.0291778894102923
0.0091,-0.0016,-3.722112259356138,0.004401990337328264,-0.0348976176860332
0.0092,-0.0016,-3.6942617136258296,0.0014692291239976143,-0.041729498986998494
0.0093,-0.0016,-3.5359193477990125,-0.0003937111879821428,-0.048922484502349595
0.0094,-0.0016,-3.450154126689499,-0.002266666291031756,-0.056718622203077884
0.0095,-0.0016,-3.4934742460503414,-0.003388375097298507,-0.062225028212852876
0.0096,-0.0016,-3.5011142826649846,-0.00509337265328758,-0.0672521210535258
0.0097,-0.0016,-3.5651002137609793,-0.0020103734647499423,-0.0631858467605864
0.0098,-0.0016,-3.5573197716704543,-0.0014406165576147775,-0.0501117229402706
0.0099,-0.0016,-3.5286995638859042,-0.00175340015850467,-0.029255488406132346
0.01,-0.0016,-3.5435792162098294,0.0,0.0
0.0,-0.0015,-3.5438807047648524,0.0,0.0
0.0001,-0.0015,-3.5397325192915736,2.5325305868554835e-05,0.0008383105830562385
0.0002,-0.0015,-3.532600803873682,6.874194017557799e-05,0.001828949312144789
0.0003,-0.0015,-3.5275700085073702,0.00018344329720180409,0.003070571055083413
0.0004,-0.0015,-3.5178115203239497,0.0003252184456177929,0.004361978148726983
0.0005,-0.0015,-3.511826493200424,0.0005990884374133462,0.00585048412773986
0.0006,-0.0015,-3.508883307685419,0.0008965512487256904,0.007205870680282992
0.0007,-0.0015,-3.506499266968887,0.0013344290850437106,0.008659937195493822
0.0008,-0.0015,-3.5024866335329143,0.0018608841575464162,0.010051183950391347
0.0009,-0.0015,-3.4992604722071476,0.0024982215415353943,0.011538846318917963
0.001,-0.0015,-3.4962605929289565,0.0031606594078476278,0.012825355112240491
0.0011,-0.0015,-3.4930554664154747,0.003917259703874273,0.01406102715853164
0.0012,-0.0015,-3.489463934573822,0.004776187186476506,0.015195582396710894
0.0013000000000000002,-0.0015,-3.486375608829986,0.005730308141922242,0.016194450020149465
0.0014,-0.0015,-3.4836056821226102,0.006701399353076257,0.017119174081796775
0.0015,-0.0015,-3.4829883534079906,0.007608615505621455,0.017884681102541072
0.0016,-0.0015,-3.4817322394421675,0.008613012215802752,0.018503086190310703
0.0017,-0.0015,-3.484379653834111,0.009658617036790424,0.01907371980185829
0.0018,-0.0015,-3.487805964901913,0.010755587210881734,0.01942709889999111
0.0019,-0.0015,-3.4955420384076294,0.011761188689640387,0.01959361710985121
0.002,-0.0015,-3.5036056087495266,0.012804389081492284,0.01973315649385579
0.0021,-0.0015,-3.5138253461988675,0.013927519512896704,0.019801799717399544
0.0022,-0.0015,-3.527420779128746,0.014951416785093586,0.019807426645976307
0.0023,-0.0015,-3.5424206276600834,0.015968341476336866,0.019717724042751975
0.0024,-0.0015,-3.5597220816732174,0.016971205760977534,0.019515922040153923
0.0025,-0.0015,-3.580801989119309,0.018060508667511833,0.019342752401407794
0.0026000000000000003,-0.0015,-3.6023921820499685,0.019007541473803263,0.01895880103820114
0.0027,-0.0015,-3.6258567144531595,0.01999208957962638,0.018661732835007903
0.0028,-0.0015,-3.6508613426078322,0.020925990557018128,0.01826709100488913
0.0029,-0.0015,-3.6769773407997017,0.021725883138606083,0.01779594181202587
0.003,-0.0015,-3.704937720182677,0.022660163901580276,0.017356059196305784
0.0031,-0.0015,-3.733717343759917,0.023484738343555484,0.016836775016367225
0.0032,-0.0015,-3.762822832765104,0.024293611381187814,0.01630488464449925
0.0033000000000000004,-0.0015,-3.7921656647970874,0.025006492209572875,0.015702431731736938
0.0034,-0.0015,-3.821348127350803,0.025722619369127588,0.015127827027142826
0.0034999999999999996,-0.0015,-3.8511114537316624,0.026368806056597072,0.014509234603676542
0.0036,-0.0015,-3.881326557683719,0.026983472912385027,0.013888006070438597
0.0037,-0.0015,-3.9085316569267032,0.027588102660717956,0.013238098487773381
0.0038,-0.0015,-3.93695812487929,0.02811816514260785,0.012594857062198102
0.0039,-0.0015,-3.9656803265312375,0.028581398103472135,0.0119536340530971
0.004,-0.0015,-3.9913909663457163,0.029007508393450423,0.011298050259160636
0.0041,-0.0015,-4.017472539854798,0.029448774873647266,0.010645115202434352
0.0042,-0.0015,-4.040914912099198,0.02979194504240979,0.009982667273239565
0.0043,-0.0015,-4.063925806388417,0.030079645089014728,0.00933124607716806
0.0044,-0.0015,-4.08612721323588,0.030344387568918187,0.008689022698643245
0.0045,-0.0015,-4.105279654414161,0.030589943732372917,0.008051391258608567
0.0046,-0.0015,-4.122589257582943,0.030794819495493314,0.007417838979478776
0.0047,-0.0015,-4.138299347084059,0.03091493986949366,0.006783933930546682
0.0048,-0.0015,-4.15223651416246,0.03101678304397254,0.006199404748876984
0.0049,-0.0015,-4.164777680207146,0.031091974343365254,0.005617836877403293
0.005,-0.0015,-4.174780234510715,0.031112915201273374,0.005043164101462227
0.0051,-0.0015,-4.183812755993162,0.031101589548112252,0.004431444315446145
0.005200000000000001,-0.0015,-4.189847475927168,0.031017186115840603,0.0038998408409033226
0.0053,-0.0015,-4.194774597090219,0.03092066199642853,0.0033612175598206786
0.0054,-0.0015,-4.197397283427436,0.03082894090986032,0.0028393837789642776
0.0055,-0.0015,-4.197730385368963,0.030656406391489522,0.002360650344508152
0.0056,-0.0015,-4.1978089314648495,0.030412656152197654,0.0018793697401733877
0.005700000000000001,-0.0015,-4.195028107730121,0.03023088980080284,0.001402372096756123
0.0058,-0.0015,-4.190241815899634,0.030003255134522136,0.0009509617731315701
0.0059,-0.0015,-4.184420080458263,0.02965436647872431,0.000533015583297941
0.006,-0.0015,-4.177556979478388,0.02933459188749378,0.00011270507374617524
0.0061,-0.0015,-4.167899814375706,0.028970267645147263,-0.0003211929635594992
0.0062,-0.0015,-4.15732519184533,0.02858673080442452,-0.0006790331362233615
0.0063,-0.0015,-4.147809509979151,0.02815780424058526,-0.0010295004488331317
0.0064,-0.0015,-4.137696491314772,0.02774877095267124,-0.001381550866207522
0.006499999999999999,-0.0015,-4.122969369762886,0.027314770548284618,-0.0016776261249916526
0.006600000000000001,-0.0015,-4.110728263162206,0.026839048262594402,-0.0020149742998346355
0.0067,-0.0015,-4.096486752000898,0.02627068025351803,-0.0023373390079414456
0.0068,-0.0015,-4.086378296691532,0.025819936629589424,-0.002588736064970589
0.0069,-0.0015,-4.068126037521919,0.02528652738623159,-0.002886772345940622
0.006999999999999999,-0.0015,-4.05345960863257,0.02463837068361968,-0.0032079704198024863
0.007100000000000001,-0.0015,-4.041209493774245,0.024208385415369977,-0.0034867407736234785
0.0072,-0.0015,-4.02186522090898,0.02355755875013737,-0.0037858522636258387
0.0073,-0.0015,-4.009539911339785,0.02305021122568626,-0.0040569803061899215
0.0074,-0.0015,-3.994464811082599,0.0223842974736457,-0.004366499123218923
0.0075,-0.0015,-3.979894063049331,0.021717520210734982,-0.0047098947495701
0.0076,-0.0015,-3.9648377471567615,0.021016873577146305,-0.0050560139484239295
0.0077,-0.0015,-3.9497024708470088,0.020431535920658148,-0.005458429988096809
0.0078,-0.0015,-3.934448028927813,0.01974047757277911,-0.005829542533887561
0.0079,-0.0015,-3.9236390858469643,0.019142449437571398,-0.00650871208944755
0.008,-0.0015,-3.9114000737359698,0.01844070775750062,-0.0070273050940501515
0.0081,-0.0015,-3.895861759015735,0.017570331906711232,-0.007791327688757323
0.0082,-0.0015,-3.880530885800889,0.016923287344623707,-0.008518943325966196
0.0083,-0.0015,-3.8637669303446045,0.016190530454286745,-0.009452781754388122
0.0084,-0.0015,-3.849478420016264,0.015388273360197957,-0.010796895918547055
0.0085,-0.0015,-3.831690371240947,0.014364384521982061,-0.012133176291175482
0.0086,-0.0015,-3.812592353981424,0.01341180289555184,-0.013786855784310575
0.0087,-0.0015,-3.7901052656549523,0.012204330852922019,-0.016249634731248484
0.0088,-0.0015,-3.7672914954720795,0.010916757348742782,-0.019073787277435857
0.0089,-0.0015,-3.741216005831703,0.009415933278537222,-0.022743484111745642
0.009,-0.0015,-3.7137896607648204,0.0075809367872616525,-0.02725678386052298
0.0091,-0.0015,-3.6827998164806655,0.0057135895111632825,-0.032579429706410534
0.0092,-0.0015,-3.6426396750931924,0.0032930239593299466,-0.03932353431997995
0.0093,-0.0015,-3.564614418590516,0.0014909020708836055,-0.04613901296453914
0.0094,-0.0015,-3.6594216749111634,-0.002552027664326386,-0.055903840764439244
0.0095,-0.0015,-3.4054754536826195,-0.004316071604503505,-0.06235739453184091
0.0096,-0.0015,-3.1475400781956657,-0.003421845141174064,-0.0683378153944851
0.0097,-0.0015,-3.4970110238612784,-0.0020557057120145677,-0.06458229985796562
0.0098,-0.0015,-3.561383667386802,-0.0016830215541307752,-0.05195365975933863
0.0099,-0.0015,-3.457708223122337,-0.0023582086479999667,-0.03105265140598498
0.01,-0.0015,-3.4736680111965987,0.0,0.0
0.0,-0.0014,-3.518630803649972,0.0,0.0
0.0001,-0.0014,-3.5159974961876372,-7.780048894588248e-06,0.0008471009241736564
0.0002,-0.0014,-3.5096610099613885,-8.182445907173494e-05,0.001961200499284269
0.0003,-0.0014,-3.502652327483862,8.709924559814463e-05,0.0030351843112231152
0.0004,-0.0014,-3.4954482219559693,0.0001011688425342995,0.004287405621080603
0.0005,-0.0014,-3.4901344580451252,0.00015625856362292724,0.005556648332394186
0.0006,-0.0014,-3.4873275586185595,0.00040095472376204517,0.0068649468689057636
0.0007,-0.0014,-3.4850601131293955,0.0007637403606374697,0.008116062303825345
0.0008,-0.0014,-3.48031521908352,0.0012027160934139235,0.009468708348128047
0.0009,-0.0014,-3.4755126591708447,0.0017819722045199207,0.010945838309597493
0.001,-0.0014,-3.473175058538047,0.002351540021530882,0.012149911138109641
0.0011,-0.0014,-3.471954110314114,0.003098359843867082,0.013292225649408646
0.0012,-0.0014,-3.467263777388484,0.003946343258697446,0.014310070868564964
0.0013000000000000002,-0.0014,-3.464879771705853,0.0047340753817466455,0.01527276818571548
0.0014,-0.0014,-3.461706753193581,0.005630736577049215,0.016135299990970114
0.0015,-0.0014,-3.4585943851969114,0.006591043355048093,0.016876039215577978
0.0016,-0.0014,-3.460373642945917,0.007587101626111415,0.017427283033434878
0.0017,-0.0014,-3.461468551670359,0.008740112628238426,0.017938884862213646
0.0018,-0.0014,-3.465064993878295,0.009819739373957987,0.018340817852773642
0.0019,-0.0014,-3.469793198009679,0.01080158574168273,0.01853034809241717
0.002,-0.0014,-3.4777926208190464,0.011990349045275413,0.018719145793829616
0.0021,-0.0014,-3.487781725850522,0.013005659948504179,0.018915850167366244
0.0022,-0.0014,-3.5006625832142917,0.014082758240894467,0.018786328705753263
0.0023,-0.0014,-3.5159911923973852,0.015190185088987923,0.018636906276926657
0.0024,-0.0014,-3.5319824588325344,0.016242091756467635,0.018410285385289986
0.0025,-0.0014,-3.551866885233504,0.01727337915626743,0.018263901214928192
0.0026000000000000003,-0.0014,-3.57389807117311,0.018305353851482808,0.017985234566464166
0.0027,-0.0014,-3.5978801345390328,0.019356619042126034,0.017716854475499155
0.0028,-0.0014,-3.6224008501294054,0.020253578402276613,0.017301720123967936
0.0029,-0.0014,-3.649389953594709,0.021182420600397822,0.016912227450978347
0.003,-0.0014,-3.6773089768231118,0.02213141454653422,0.01651528412638173
0.0031,-0.0014,-3.705520746875713,0.022979082850046226,0.016014935694268328
0.0032,-0.0014,-3.7348308703171327,0.02381250810260331,0.015513492070995805
0.0033000000000000004,-0.0014,-3.7632431926120393,0.024593115100836796,0.014991602311657182
0.0034,-0.0014,-3.794890510406943,0.02532319857952206,0.014426634710123107
0.0034999999999999996,-0.0014,-3.8243080683950588,0.026111573071264417,0.013840737885933076
0.0036,-0.0014,-3.853406766915996,0.02664700082257028,0.013255493703833733
0.0037,-0.0014,-3.8818684944841126,0.02731389994394691,0.012672454866490627
0.0038,-0.0014,-3.9124170106180696,0.027903840559841825,0.012079343283605276
0.0039,-0.0014,-3.941080426262497,0.028465632941262864,0.011471471728644317
0.004,-0.0014,-3.966705012180339,0.02893252286415047,0.010862879630858161
0.0041,-0.0014,-3.9931350890315556,0.029339250202939385,0.010244830159293805
0.0042,-0.0014,-4.017546114465034,0.029755036995836526,0.009634946997895542
0.0043,-0.0014,-4.039842148807502,0.03005348265566208,0.00903258846607365
0.0044,-0.0014,-4.062228712329924,0.0303845869101166,0.008425231417636151
0.0045,-0.0014,-4.082485274434381,0.030632427431626464,0.007832909782537822
0.0046,-0.0014,-4.101746988440256,0.030831755408725015,0.007239358498105296
0.0047,-0.0014,-4.118401462938043,0.031021617890493337,0.006676489844359346
0.0048,-0.0014,-4.132267599512452,0.03115695651107142,0.006096773694391565
0.0049,-0.0014,-4.144885979707879,0.0312633782973771,0.005558871904900173
0.005,-0.0014,-4.155753884499439,0.0312582500612118,0.005010420833199875
0.0051,-0.0014,-4.16489125245419,0.03135827826062578,0.0044897567851802074
0.005200000000000001,-0.0014,-4.171044527556372,0.03128139781021051,0.003965823445534379
0.0053,-0.0014,-4.17693895850213,0.031193937519551008,0.003478629921183723
0.0054,-0.0014,-4.180890700873297,0.031151398659575863,0.0029572128469543602
0.0055,-0.0014,-4.18155146902815,0.030937204869016372,0.0025275773748202647
0.0056,-0.0014,-4.180531531464337,0.030749922885000683,0.00205505292778107
0.005700000000000001,-0.0014,-4.177918083090612,0.030560341928308823,0.001614969005957849
0.0058,-0.0014,-4.175297861105734,0.030330753853898086,0.001213884314805751
0.0059,-0.0014,-4.170846424121371,0.030065872859692283,0.0007853746694681252
0.006,-0.0014,-4.1625066674396765,0.029757158528852957,0.0004217596786171929
0.0061,-0.0014,-4.156215081161649,0.029458500519878528,6.122519051183843e-05
0.0062,-0.0014,-4.145822744817243,0.029056437965022237,-0.0003284347155947044
0.0063,-0.0014,-4.136507271763928,0.028672451301367537,-0.0006204836437130219
0.0064,-0.0014,-4.1271699867599985,0.02823446624408321,-0.0009470545892150527
0.006499999999999999,-0.0014,-4.112075623598531,0.02781024282032027,-0.0012354904037420152
0.006600000000000001,-0.0014,-4.09961600752681,0.02733664930457851,-0.0015462045079856724
0.0067,-0.0014,-4.084261700803727,0.026969412919308457,-0.0018094375085326922
0.0068,-0.0014,-4.073473461656099,0.026425380617230012,-0.0020928062622924968
0.0069,-0.0014,-4.05583499264743,0.025853677027438182,-0.002402173563287381
0.006999999999999999,-0.0014,-4.0417946700342195,0.02537579392058098,-0.002654528634364793
0.007100000000000001,-0.0014,-4.029104837487801,0.024910306964087258,-0.002894797030638473
0.0072,-0.0014,-4.013433191595923,0.024141283147764755,-0.0032230569216874757
0.0073,-0.0014,-4.002107205048632,0.0236733549579593,-0.0034509783367834587
0.0074,-0.0014,-3.983123411929288,0.02311678357175266,-0.003750514889227935
0.0075,-0.0014,-3.9692059988584703,0.02256434960333515,-0.004104316256962754
0.0076,-0.0014,-3.956354531760954,0.021837491579602027,-0.004352637421657787
0.0077,-0.0014,-3.9385022636207516,0.021357497509243685,-0.004761862777689464
0.0078,-0.0014,-3.9225875681190883,0.020692545654579817,-0.005279985182831673
0.0079,-0.0014,-3.9078341268305734,0.020043816592195195,-0.005644095256852312
0.008,-0.0014,-3.892111242382378,0.019260971066374893,-0.006448388413035364
0.0081,-0.0014,-3.8746793491833276,0.01878257591404993,-0.006882692141810013
0.0082,-0.0014,-3.8595045085900486,0.018082122451862637,-0.007860299119585525
0.0083,-0.0014,-3.842039482724957,0.0171933710162898,-0.008686840823654441
0.0084,-0.0014,-3.8248918060738624,0.016396097610454616,-0.009889241071116673
0.0085,-0.0014,-3.8032510550306893,0.015728310574323143,-0.011258486057477264
0.0086,-0.0014,-3.78158078863923,0.014706527900991901,-0.012967753992553222
0.0087,-0.0014,-3.7554866048915665,0.013624988900080792,-0.01523361729420454
0.0088,-0.0014,-3.7315797478926713,0.012269659094196944,-0.017764307227707093
0.0089,-0.0014,-3.7005469325907385,0.010753349023552737,-0.021195383917709962
0.009,-0.0014,-3.671145037764742,0.009012040359496471,-0.025371638978010338
0.0091,-0.0014,-3.6271321209860483,0.007059156240399475,-0.030560141901759614
0.0092,-0.0014,-3.5892970213103292,0.0045223426780785815,-0.03686037019695429
0.0093,-0.0014,-3.495193219305142,0.003010710528989378,-0.04416691581551505
0.0094,-0.0014,-3.646644735977673,-0.001811339693273105,-0.05390127891580409
0.0095,-0.0014,-3.4299408471938784,-0.003828676561298214,-0.058558370781880933
0.0096,-0.0014,-3.158134683428352,-0.005321039805540769,-0.0648736988048771
0.0097,-0.0014,-3.29270199589725,-0.003289851900966573,-0.0645561188374109
0.0098,-0.0014,-3.4435790850766255,-0.0024554257457170604,-0.0530741202437802
0.0099,-0.0014,-3.4263398046157247,-0.0021318681449711517,-0.032071519867619025
0.01,-0.0014,-3.3746763341065464,0.0,0.0
0.0,-0.0013000000000000002,-3.4928219371166183,0.0,0.0
0.0001,-0.0013000000000000002,-3.488654916837486,-9.244458015394611e-05,0.0006252884420361416
0.0002,-0.0013000000000000002,-3.481043261788692,-0.00018412440063341785,0.001971292362215462
0.0003,-0.0013000000000000002,-3.473090377357466,-0.00010063510095293528,0.002961152074284124
0.0004,-0.0013000000000000002,-3.468194676791479,-0.0002189775789642989,0.004322862778837948
0.0005,-0.0013000000000000002,-3.4658441220500595,-0.00023342095984226456,0.005512770123906895
0.0006,-0.0013000000000000002,-3.4635600001878846,-4.244407164178824e-05,0.006544360871301658
0.0007,-0.0013000000000000002,-3.460587384051495,0.0001299362615589673,0.007967462512324427
0.0008,-0.0013000000000000002,-3.455899812547092,0.000505094002426559,0.009068814048596321
0.0009,-0.0013000000000000002,-3.45854002712066,0.0009486905193633954,0.01034896862366984
0.001,-0.0013000000000000002,-3.458725545641032,0.0014574901307753286,0.011528816465091497
0.0011,-0.0013000000000000002,-3.451844639865165,0.0021350536679647213,0.01259054212308102
0.0012,-0.0013000000000000002,-3.4472187829542182,0.0028522772903380768,0.013536202840689944
0.0013000000000000002,-0.0013000000000000002,-3.4424343464681058,0.003728037771934096,0.014392869904350049
0.0014,-0.0013000000000000002,-3.44048485280833,0.004664170367636231,0.015185790983983
0.0015,-0.0013000000000000002,-3.4391792307113733,0.005513855097316945,0.015816683314186425
0.0016,-0.0013000000000000002,-3.438392448751682,0.006566861724658361,0.016395694013404002
0.0017,-0.0013000000000000002,-3.4363546674122403,0.007494071129627089,0.01674459288557245
0.0018,-0.0013000000000000002,-3.4414852949328267,0.008558199053567554,0.017071859930077492
0.0019,-0.0013000000000000002,-3.444019451076411,0.009663372169695567,0.017484253092144762
0.002,-0.0013000000000000002,-3.4527965109670893,0.010819600834625506,0.0176055004625809
0.0021,-0.0013000000000000002,-3.4624565551668596,0.011922096127215934,0.017699080210381978
0.0022,-0.0013000000000000002,-3.475845085958833,0.012998830352099259,0.017589580800742292
0.0023,-0.0013000000000000002,-3.490034334419367,0.014112301827754376,0.017540682982560517
0.0024,-0.0013000000000000002,-3.5046524305842404,0.015223963448917178,0.017381196625780106
0.0025,-0.0013000000000000002,-3.526345009513651,0.016314569267215483,0.017145229771485228
0.0026000000000000003,-0.0013000000000000002,-3.5468114942070113,0.01737406344325881,0.017020504448111262
0.0027,-0.0013000000000000002,-3.571846600333812,0.018521727906940476,0.016672670309927324
0.0028,-0.0013000000000000002,-3.5972881980065243,0.019550858067803333,0.016386408315664226
0.0029,-0.0013000000000000002,-3.6216785890570473,0.020419966973423503,0.01601901092802339
0.003,-0.0013000000000000002,-3.647665407767315,0.021330837431989737,0.015588635025984727
0.0031,-0.0013000000000000002,-3.6774971140554804,0.022304563742440213,0.015148558395337262
0.0032,-0.0013000000000000002,-3.709264190160905,0.02322738465674747,0.014649588326468283
0.0033000000000000004,-0.0013000000000000002,-3.7375965670058586,0.02405244273758638,0.014187097341975869
0.0034,-0.0013000000000000002,-3.7692554487708785,0.024771846722112398,0.013637852312376464
0.0034999999999999996,-0.0013000000000000002,-3.7963557492626263,0.025517946687165328,0.013148455544569119
0.0036,-0.0013000000000000002,-3.827751995585957,0.026209388306940785,0.012630111643258246
0.0037,-0.0013000000000000002,-3.860145155960444,0.026927026143975047,0.012069040818341042
0.0038,-0.0013000000000000002,-3.88673318314833,0.027524857253910608,0.011501600897223026
0.0039,-0.0013000000000000002,-3.9167798122369426,0.028065225216739764,0.010950944158144588
0.004,-0.0013000000000000002,-3.9451473754665454,0.02854028098068362,0.010389451694972936
0.0041,-0.0013000000000000002,-3.969325006946722,0.029116640298196095,0.00980477575832945
0.0042,-0.0013000000000000002,-3.995221573843199,0.029509277858229172,0.009236209335643007
0.0043,-0.0013000000000000002,-4.019447602134261,0.02994821294466876,0.008682532325411635
0.0044,-0.0013000000000000002,-4.041141492794058,0.03028220364924137,0.00813136833216827
0.0045,-0.0013000000000000002,-4.061743167390521,0.03058098042873091,0.007579132932490161
0.0046,-0.0013000000000000002,-4.080292888548502,0.030806796310867687,0.007018915996797057
0.0047,-0.0013000000000000002,-4.097916849534732,0.031020083808523682,0.0064946134308150735
0.0048,-0.0013000000000000002,-4.112946729712855,0.03118024791412867,0.005973187738007168
0.0049,-0.0013000000000000002,-4.126819542446114,0.031297712575681126,0.005457882807995486
0.005,-0.0013000000000000002,-4.13801213287949,0.031387892180337794,0.004946975681195966
0.0051,-0.0013000000000000002,-4.147324397065382,0.03143389774617163,0.00446871291922036
0.005200000000000001,-0.0013000000000000002,-4.15469878322663,0.031442994598873134,0.0039778753461569075
0.0053,-0.0013000000000000002,-4.160557070256302,0.031388115619589034,0.003538652219461068
0.0054,-0.0013000000000000002,-4.163792557308392,0.03133205095094988,0.0030517424747522823
0.0055,-0.0013000000000000002,-4.166445571327457,0.031204225735687808,0.002669671639015747
0.0056,-0.0013000000000000002,-4.1666949324682285,0.031075304989491237,0.002261713452322834
0.005700000000000001,-0.0013000000000000002,-4.164827192451575,0.03089660581487068,0.0018450919556582915
0.0058,-0.0013000000000000002,-4.161755130084427,0.030676092817630663,0.0014715820193893997
0.0059,-0.0013000000000000002,-4.15757038047415,0.030432701107450107,0.0010766688322082954
0.006,-0.0013000000000000002,-4.150901794178191,0.03021855629703133,0.0007322580389637549
0.0061,-0.0013000000000000002,-4.1447460654538295,0.029872857811193657,0.0004067452172697146
0.0062,-0.0013000000000000002,-4.133523442333704,0.029506496799461365,7.605445600461155e-05
0.0063,-0.0013000000000000002,-4.126605525486375,0.02923004135918546,-0.00020617164283367117
0.0064,-0.0013000000000000002,-4.113630317919276,0.028838308564225312,-0.000556396669635837
0.006499999999999999,-0.0013000000000000002,-4.099761552131307,0.02831013974983554,-0.0008093526278416197
0.006600000000000001,-0.0013000000000000002,-4.090427849886366,0.028072064539795594,-0.0010877272081498434
0.0067,-0.0013000000000000002,-4.076696544611272,0.02757007834194434,-0.0013830867575320427
0.0068,-0.0013000000000000002,-4.065145308698956,0.02709151858734738,-0.001595093718309193
0.0069,-0.0013000000000000002,-4.049490397639493,0.026607590238351665,-0.0018447174199927052
0.006999999999999999,-0.0013000000000000002,-4.034981232015581,0.02624511916572425,-0.0021178306142108196
0.007100000000000001,-0.0013000000000000002,-4.016307520250605,0.02565925407604899,-0.002371156792598462
0.0072,-0.0013000000000000002,-4.003692275215422,0.025193274896251873,-0.0026405931408721092
0.0073,-0.0013000000000000002,-3.989782571358606,0.024528357130946494,-0.002916711541676595
0.0074,-0.0013000000000000002,-3.9741931466932714,0.024032556397233243,-0.00319485507063599
0.0075,-0.0013000000000000002,-3.957291710225473,0.023600899323086576,-0.0035604007853178438
0.0076,-0.0013000000000000002,-3.941724610214747,0.022949244016506665,-0.003925342244613563
0.0077,-0.0013000000000000002,-3.925704203758811,0.022503822903371357,-0.00425531587559961
0.0078,-0.0013000000000000002,-3.909412888744637,0.021721204505829317,-0.00464491914165519
0.0079,-0.0013000000000000002,-3.8953014206267085,0.021271347807237065,-0.005191709640798289
0.008,-0.0013000000000000002,-3.877042461979359,0.02059552178390459,-0.005742248366453231
0.0081,-0.0013000000000000002,-3.85954865248653,0.02012526666866579,-0.00634992253603299
0.0082,-0.0013000000000000002,-3.838982724622199,0.01934365000964395,-0.007097412012566595
0.0083,-0.0013000000000000002,-3.8245493952669674,0.018571643329934755,-0.007797953349757753
0.0084,-0.0013000000000000002,-3.798705961362669,0.017918446822314322,-0.009004342824909495
0.0085,-0.0013000000000000002,-3.7749913704407336,0.016984818974189724,-0.01029877070635764
0.0086,-0.0013000000000000002,-3.7510308055178507,0.016233585508439678,-0.011912204165732923
0.0087,-0.0013000000000000002,-3.724151365101644,0.01510859443076166,-0.01379614099284412
0.0088,-0.0013000000000000002,-3.692008557122631,0.013922177389175817,-0.01652804685523728
0.0089,-0.0013000000000000002,-3.661380278240744,0.012303277657172896,-0.019320359115878507
0.009,-0.0013000000000000002,-3.617117673909384,0.010514888342237978,-0.023389872795121776
0.0091,-0.0013000000000000002,-3.575224416787757,0.008623066759029525,-0.028381298005880014
0.0092,-0.0013000000000000002,-3.5260879688669533,0.005935852844752186,-0.03451233619330955
0.0093,-0.0013000000000000002,-3.4698546312644134,0.003873360233931792,-0.04118701136097669
0.0094,-0.0013000000000000002,-3.4273747494497404,0.002252981153233491,-0.050560619492911
0.0095,-0.0013000000000000002,-3.5657868485474484,-0.0005765049991555366,-0.057320457628514766
0.0096,-0.0013000000000000002,-3.432536754426491,-0.0049452846873005215,-0.0630159207881114
0.0097,-0.0013000000000000002,-3.1532889336095185,-0.0032835583612579214,-0.06377087727527422
0.0098,-0.0013000000000000002,-3.3159822010952595,-0.0017876551295848185,-0.05440802923449373
0.0099,-0.0013000000000000002,-3.2237414767243306,-0.0015005473203566187,-0.03412115572951934
0.01,-0.0013000000000000002,-3.2768319214436263,0.0,0.0
0.0,-0.0012,-3.4628044501651294,0.0,0.0
0.0001,-0.0012,-3.4615913957163684,-0.000213600957280894,0.0008464419764042489
0.0002,-0.0012,-3.4519118811894223,-0.0002968164370889886,0.0019883499246681996
0.0003,-0.0012,-3.443776549159514,-0.0005138944758200414,0.00315754370658317
0.0004,-0.0012,-3.4380616126664467,-0.0006823032062739085,0.004221627206845019
0.0005,-0.0012,-3.437726013402971,-0.0006231962676778608,0.005460012168133391
0.0006,-0.0012,-3.436941037112529,-0.0007801615906166359,0.006524160116170461
0.0007,-0.0012,-3.4358373616731757,-0.0006698526991348736,0.007817340458799232
0.0008,-0.0012,-3.428325193156015,-0.0004772547566026875,0.008788035269541429
0.0009,-0.0012,-3.431907156726783,-0.00017844965984896953,0.009945249582092343
0.001,-0.0012,-3.4373662043210236,0.0003902021928030311,0.010904563576255629
0.0011,-0.0012,-3.430159941517573,0.000950448971213334,0.011890699488612398
0.0012,-0.0012,-3.425154310062179,0.0016559491333789926,0.012806500664580837
0.0013000000000000002,-0.0012,-3.4222039929278436,0.0024205560511007286,0.013618427609854067
0.0014,-0.0012,-3.420098005227155,0.0032238599130209934,0.014263439934344715
0.0015,-0.0012,-3.4180768844204423,0.0042578565506795705,0.014915496359310288
0.0016,-0.0012,-3.415358899940087,0.005124021876685492,0.015461054026242406
0.0017,-0.0012,-3.417562864702785,0.006217844150111691,0.015811799047934904
0.0018,-0.0012,-3.415988049319776,0.00723691197705853,0.01608340201374472
0.0019,-0.0012,-3.4214670347583844,0.008334563434270732,0.01629750564738626
0.002,-0.0012,-3.4281674598633587,0.009563893369772971,0.01653199236600301
0.0021,-0.0012,-3.4379791216294584,0.010638892410179679,0.016430083834036553
0.0022,-0.0012,-3.4525994385311383,0.01179778892754661,0.016393745146763238
0.0023,-0.0012,-3.465600466240025,0.012991939648392632,0.01640073751160875
0.0024,-0.0012,-3.4818238899066687,0.014062592384194182,0.01626538566324262
0.0025,-0.0012,-3.4945678404095153,0.015281285852776933,0.016117535305509745
0.0026000000000000003,-0.0012,-3.5175455946358882,0.016377042717641253,0.015847520122919387
0.0027,-0.0012,-3.5450959915313387,0.017477524587905385,0.01563980596435915
0.0028,-0.0012,-3.575342682862593,0.018398511140208813,0.015404351298735597
0.0029,-0.0012,-3.600275010364169,0.019443492662879938,0.01499252424893164
0.003,-0.0012,-3.6254836694636245,0.02052521721780954,0.014567334088493578
0.0031,-0.0012,-3.6535494009538603,0.021490815064842374,0.014194593293148594
0.0032,-0.0012,-3.6813679509957242,0.022382073643877162,0.013839111998767343
0.0033000000000000004,-0.0012,-3.7088996250017687,0.023279010931709438,0.013354353424276398
0.0034,-0.0012,-3.747240053103682,0.024159115102700707,0.012922303738054237
0.0034999999999999996,-0.0012,-3.7780068493725065,0.024850572496447478,0.012407445845321809
0.0036,-0.0012,-3.80286262328334,0.02556667596555895,0.01193629054271183
0.0037,-0.0012,-3.833869809840722,0.026334393401229107,0.011403673597154548
0.0038,-0.0012,-3.863372648595273,0.027061959739498605,0.010863611521647196
0.0039,-0.0012,-3.89644479190884,0.027651918080114732,0.01037567991361284
0.004,-0.0012,-3.922162120571914,0.02823629953220834,0.009856497052646487
0.0041,-0.0012,-3.9461505201699913,0.02871994053712656,0.009308217919966888
0.0042,-0.0012,-3.9738700477349242,0.02928673220176948,0.00881062716697607
0.0043,-0.0012,-3.9989368812300614,0.029690614052793343,0.008292734758675261
0.0044,-0.0012,-4.021254864497111,0.030051782832088154,0.0077823228088055064
0.0045,-0.0012,-4.042764216442366,0.0303680310281685,0.007281727982878803
0.0046,-0.0012,-4.061919920123058,0.030691602745762256,0.006782468322153401
0.0047,-0.0012,-4.07931488239757,0.030935982020736108,0.006296405762021149
0.0048,-0.0012,-4.0952448488785,0.03116403699097145,0.005815479256018466
0.0049,-0.0012,-4.109303241542091,0.03130707449361985,0.005334038056749339
0.005,-0.0012,-4.120886782427846,0.031419355599924995,0.004873850512818969
0.0051,-0.0012,-4.131590861198576,0.0315553982729429,0.004427760112673873
0.005200000000000001,-0.0012,-4.139719161649868,0.031531274012232706,0.0039761304881651876
0.0053,-0.0012,-4.146032354334678,0.031589414241889456,0.0035467004493028144
0.0054,-0.0012,-4.150873457239346,0.03153433906214422,0.0031575899151207567
0.0055,-0.0012,-4.152695927662417,0.03143380375147299,0.002743003953381054
0.0056,-0.0012,-4.153898744050957,0.03137387193280713,0.002360776829992218
0.005700000000000001,-0.0012,-4.1533672443428,0.031220234016391124,0.002015623648579937
0.0058,-0.0012,-4.150565167618702,0.031090606881738165,0.0016447019829714062
0.0059,-0.0012,-4.146494344687798,0.030854198973334825,0.0013046307146276793
0.006,-0.0012,-4.139648663058471,0.030668629256532017,0.0009987982174612694
0.0061,-0.0012,-4.133504007654627,0.030420025193426438,0.000687003197638954
0.0062,-0.0012,-4.124949867037539,0.03009525385568932,0.00040832745272374185
0.0063,-0.0012,-4.115354888755101,0.02978341740863094,7.445246070808716e-05
0.0064,-0.0012,-4.106086354068001,0.029410167150476826,-0.00017266753365615778
0.006499999999999999,-0.0012,-4.0946754880866045,0.029068460595744017,-0.0004289256556875638
0.006600000000000001,-0.0012,-4.079064622028837,0.02875011915425001,-0.0006893431256058791
0.0067,-0.0012,-4.071252528023383,0.028516012764577228,-0.0009260692166959038
0.0068,-0.0012,-4.052912480985492,0.027946822162661752,-0.001168570382004753
0.0069,-0.0012,-4.042181199119463,0.0275941761214923,-0.0014200859888531252
0.006999999999999999,-0.0012,-4.027242116939129,0.0270895081920998,-0.0016721302273765446
0.007100000000000001,-0.0012,-4.011073806929385,0.026746896300003882,-0.0018641351941717649
0.0072,-0.0012,-3.992832520955158,0.026073773400316864,-0.002118521824482352
0.0073,-0.0012,-3.981905155593158,0.025712284800079845,-0.002396669052242144
0.0074,-0.0012,-3.96497762117254,0.025134310099054116,-0.002727849836520291
0.0075,-0.0012,-3.9482572357781427,0.02466298650821935,-0.0030153600430174845
0.0076,-0.0012,-3.932737351862247,0.024221289187926737,-0.003337006860420796
0.0077,-0.0012,-3.917272046446691,0.0238507891473076,-0.003700919784829785
0.0078,-0.0012,-3.898799062659199,0.02319043076886118,-0.004095545591551725
0.0079,-0.0012,-3.8813192853177676,0.022590583972285586,-0.0046401763200309715
0.008,-0.0012,-3.862119032531938,0.021966050057096148,-0.0050154166297861
0.0081,-0.0012,-3.8416267746294483,0.02135889424137451,-0.005785528506672314
0.0082,-0.0012,-3.8221189731118583,0.02093884893276922,-0.006478324209516878
0.0083,-0.0012,-3.797098925976194,0.02019193132093859,-0.007262894532421011
0.0084,-0.0012,-3.7717747384527724,0.01954529820997005,-0.008256047980859571
0.0085,-0.0012,-3.7464467331623963,0.01867745949274674,-0.009411012575600002
0.0086,-0.0012,-3.7153923206119432,0.017854228994229226,-0.010930783782358747
0.0087,-0.0012,-3.687353245961865,0.016747826849372795,-0.012693540969593187
0.0088,-0.0012,-3.645811084085799,0.01549042549927576,-0.014988927143487424
0.0089,-0.0012,-3.6111695511485933,0.014082992317957448,-0.017861238026025083
0.009,-0.0012,-3.5607376566454048,0.012380177851273095,-0.021475554557864502
0.0091,-0.0012,-3.52202599746917,0.010152180809392897,-0.02609984272264821
0.0092,-0.0012,-3.455967273063507,0.008142701736897904,-0.03207301768787988
0.0093,-0.0012,-3.4175434128426234,0.005263855459728308,-0.03909168870305962
0.0094,-0.0012,-3.34576622278201,0.0036902339940889997,-0.047943369614615955
0.0095,-0.0012,-3.438848541070924,7.924659170119534e-05,-0.05553448338749563
0.0096,-0.0012,-3.3738115830623157,-0.00560052755185574,-0.06385599712457125
0.0097,-0.0012,-3.285847360800544,-0.0021588073928476945,-0.0678197308688373
0.0098,-0.0012,-3.326683599250547,-0.0016912177590787296,-0.05449729301094933
0.0099,-0.0012,-3.177967805280313,-0.0022950187329381397,-0.034751295162844587
0.01,-0.0012,-3.125404278190204,0.0,0.0
0.0,-0.0011,-3.428981637985055,0.0,0.0
0.0001,-0.0011,-3.422116408044653,-0.0003066033104558546,0.0010511991901322915
0.0002,-0.0011,-3.413586103781139,-0.0006914152716112257,0.002283167480282874
0.0003,-0.0011,-3.408543075977452,-0.0008183028074964721,0.0033835909842013117
0.0004,-0.0011,-3.4044891518430207,-0.0012082728142446177,0.004479747438558882
0.0005,-0.0011,-3.404858037230832,-0.0013795640721044513,0.005651998414923781
0.0006,-0.0011,-3.4066978674962916,-0.0015106066088058116,0.006578080941710043
0.0007,-0.0011,-3.405045300365722,-0.001511204864320661,0.007866044959755583
0.0008,-0.0011,-3.420335734312486,-0.0016366476821770136,0.00878482010177422
0.0009,-0.0011,-3.415090558263771,-0.001328774446634074,0.00947750149372761
0.001,-0.0011,-3.406763252332984,-0.0008204350223812359,0.010337922187441534
0.0011,-0.0011,-3.4106210794609777,-0.0004246547989630603,0.01134505850444586
0.0012,-0.0011,-3.406346479402806,0.00014060985726438124,0.012095854714567308
0.0013000000000000002,-0.0011,-3.4007732097605583,0.0009107516291521734,0.012772611205982469
0.0014,-0.0011,-3.3998010974433845,0.0017926493371451754,0.01336332208419487
0.0015,-0.0011,-3.396354194790092,0.0026533418948392743,0.01385451417438271
0.0016,-0.0011,-3.398004183975051,0.0035717044819384204,0.0144560437221783
0.0017,-0.0011,-3.396546995588975,0.004613252799205299,0.014654339663453081
0.0018,-0.0011,-3.3980595027156966,0.005696724754377266,0.014879369299906476
0.0019,-0.0011,-3.395909715126516,0.006791031687724464,0.015231557786922707
0.002,-0.0011,-3.4053184595495063,0.00797814376412638,0.015252446543874596
0.0021,-0.0011,-3.4140673072482848,0.009123404156611337,0.015440446554894733
0.0022,-0.0011,-3.427259287085853,0.010279534360304264,0.01536703030534063
0.0023,-0.0011,-3.440382040656505,0.011639104452256238,0.015249428047203412
0.0024,-0.0011,-3.4605198011429668,0.012836860988077334,0.015074769681095647
0.0025,-0.0011,-3.480006899829425,0.014050096356653195,0.0148094711798754
0.0026000000000000003,-0.0011,-3.500471784921713,0.015192619119705077,0.014776424513726894
0.0027,-0.0011,-3.5196015110656043,0.01627248720287575,0.01470894096699605
0.0028,-0.0011,-3.5435188341595873,0.01727566053506156,0.014326579185300618
0.0029,-0.0011,-3.571387935572693,0.018468262577822227,0.014020992640397516
0.003,-0.0011,-3.6025682210391747,0.019365254776036275,0.013677720977504235
0.0031,-0.0011,-3.6365369795947573,0.020424514859556417,0.013253847831130573
0.0032,-0.0011,-3.6626689754219734,0.021344540951349328,0.012877015894538608
0.0033000000000000004,-0.0011,-3.6785629236193595,0.0222446557910814,0.012526790647304168
0.0034,-0.0011,-3.7172810580069675,0.023339486401837587,0.012065084651355527
0.0034999999999999996,-0.0011,-3.7574283377189097,0.024132807979252314,0.011595536055634842
0.0036,-0.0011,-3.7827705186019287,0.02483993827673402,0.011050114861661848
0.0037,-0.0011,-3.811390364010434,0.025716631963374127,0.010681317651900196
0.0038,-0.0011,-3.8385146460919977,0.0264361052102854,0.010229290533288233
0.0039,-0.0011,-3.8780394779195064,0.027131520750665494,0.009757467918665087
0.004,-0.0011,-3.901682917329585,0.0276600571750386,0.00926644146397086
0.0041,-0.0011,-3.924199345527132,0.028318857782940018,0.008806012136336578
0.0042,-0.0011,-3.957431015487175,0.028906714919333384,0.00832273919531904
0.0043,-0.0011,-3.980215611456015,0.029347694910854805,0.00786436421644803
0.0044,-0.0011,-4.002426493242581,0.029849719752985632,0.0073842862849113405
0.0045,-0.0011,-4.024932870150643,0.030177915072536855,0.0069304793295421625
0.0046,-0.0011,-4.0446518421720254,0.03048897659242185,0.006478330371657387
0.0047,-0.0011,-4.062954388027899,0.030828027897335648,0.006042110233946078
0.0048,-0.0011,-4.0795215298306715,0.03103524950264737,0.005583088203901174
0.0049,-0.0011,-4.094591519169664,0.03134427333422345,0.005135980285598445
0.005,-0.0011,-4.106921098819672,0.03145226601215937,0.004731180705917083
0.0051,-0.0011,-4.116711597823638,0.031694697459174186,0.004340343858936657
0.005200000000000001,-0.0011,-4.125760975697826,0.0317323355907846,0.003936156672829813
0.0053,-0.0011,-4.132879990459754,0.03178133496214654,0.0035504770618398976
0.0054,-0.0011,-4.138815536027077,0.03179036020974237,0.0031733249284861516
0.0055,-0.0011,-4.141081884147714,0.03184622063110606,0.002820079445504169
0.0056,-0.0011,-4.1430795149053115,0.03177701790967507,0.0024674083337682586
0.005700000000000001,-0.0011,-4.141628674973028,0.031677721851698835,0.0021132868485195916
0.0058,-0.0011,-4.139306697207216,0.03151692805435698,0.00179643328369201
0.0059,-0.0011,-4.137014603788457,0.03145971685062882,0.0014850527704861434
0.006,-0.0011,-4.133106649360631,0.0313443271982939,0.001188425408583907
0.0061,-0.0011,-4.125199925047126,0.031118886364084632,0.0009032529690026985
0.0062,-0.0011,-4.115458064190039,0.03075826335864547,0.000665290512006319
0.0063,-0.0011,-4.106965282857149,0.030596692267527897,0.000397947793670328
0.0064,-0.0011,-4.096728825591995,0.03034573159543867,0.00011556244527472955
0.006499999999999999,-0.0011,-4.08557204746455,0.030045169371424332,-0.00010936801471870678
0.006600000000000001,-0.0011,-4.07308119557854,0.02967949541871802,-0.0003374142365797535
0.0067,-0.0011,-4.061270123209976,0.0294544521917242,-0.0005799935198246966
0.0068,-0.0011,-4.050597246074366,0.029054571422858444,-0.000802891176724762
0.0069,-0.0011,-4.036446077225384,0.028797302119080572,-0.0010296375069751493
0.006999999999999999,-0.0011,-4.021548533394206,0.028243459027499473,-0.0012324720106292341
0.007100000000000001,-0.0011,-4.005275087789846,0.027920151326430404,-0.00146616308809112
0.0072,-0.0011,-3.9875182579740853,0.02769966818775718,-0.0017144158288493535
0.0073,-0.0011,-3.9751197786651895,0.02712613223425438,-0.0019298960330687094
0.0074,-0.0011,-3.9595391698018565,0.02679316091904528,-0.002239975039494555
0.0075,-0.0011,-3.9405474068518114,0.026066985996283633,-0.0024879160821457682
0.0076,-0.0011,-3.924782790886478,0.02575971419873574,-0.0027554032485224023
0.0077,-0.0011,-3.9061524621804695,0.0251364803872286,-0.003145369295299655
0.0078,-0.0011,-3.8874437225170206,0.02471830483616795,-0.0036217701600775283
0.0079,-0.0011,-3.867676383466158,0.02445730151946501,-0.004023891784449218
0.008,-0.0011,-3.8468176705707706,0.023849543967261345,-0.0045158677506389805
0.0081,-0.0011,-3.8249694920760198,0.02314397428775058,-0.00513241099605762
0.0082,-0.0011,-3.7999439373343162,0.02277354938268409,-0.005868861626695494
0.0083,-0.0011,-3.7737191238801033,0.022131672712923434,-0.00665377038525202
0.0084,-0.0011,-3.7439398837094573,0.02138596058687163,-0.0076393785609841225
0.0085,-0.0011,-3.7141249087511974,0.020469602597217168,-0.008647242189185554
0.0086,-0.0011,-3.6808078739709797,0.019705519305820762,-0.00997478401328359
0.0087,-0.0011,-3.645413858810004,0.018792244616157916,-0.011697713129040617
0.0088,-0.0011,-3.606291019712647,0.01764060737699381,-0.013754673336658857
0.0089,-0.0011,-3.556951259298622,0.01606889762887032,-0.016306660000239625
0.009,-0.0011,-3.5069774914693763,0.014476483880457927,-0.019620448267140097
0.0091,-0.0011,-3.455460841342393,0.012241553007087777,-0.023722612382470993
0.0092,-0.0011,-3.395061262041155,0.009775006849799418,-0.02931333891881313
0.0093,-0.0011,-3.3757096483123457,0.00684107512727385,-0.036110777048802875
0.0094,-0.0011,-3.203062159540214,0.005253929889775947,-0.04430849437455159
0.0095,-0.0011,-3.263934846117904,-0.0014176937122818924,-0.05090306105194277
0.0096,-0.0011,-3.073200930005349,-0.004915059361045173,-0.06104724672498879
0.0097,-0.0011,-3.0974837248299143,-0.003202683173348539,-0.0653729202133333
0.0098,-0.0011,-3.2619748732612797,-0.0017453318606671508,-0.05834134136859535
0.0099,-0.0011,-2.9965733248185242,-0.0028295530109493454,-0.036438322731103055
0.01,-0.0011,-3.0401300457154106,0.0,0.0
0.0,-0.001,-3.383894857931351,0.0,0.0
0.0001,-0.001,-3.3813255133760163,-0.00026427524635469344,0.0014433102425890172
0.0002,-0.001,-3.3745415805778,-0.0008663039055197476,0.0027493539744102512
0.0003,-0.001,-3.3664969358424557,-0.0013435329684972717,0.003906468162646562
0.0004,-0.001,-3.3646355663195235,-0.0019371217976264232,0.0049423314862448
0.0005,-0.001,-3.367702775737735,-0.0023428073303635526,0.005807002409781201
0.0006,-0.001,-3.370701416356237,-0.0025507083350991746,0.006683120541394336
0.0007,-0.001,-3.379936961758102,-0.0026863439175585017,0.007763771248719561
0.0008,-0.001,-3.40619936366344,-0.002811911222117855,0.00833315909459662
0.0009,-0.001,-3.3939261686340845,-0.0029353768381291338,0.009218763352542217
0.001,-0.001,-3.384263116338224,-0.0024539489384721117,0.009796608740041717
0.0011,-0.001,-3.392581591316975,-0.002121358290017444,0.010750854715093442
0.0012,-0.001,-3.388571069259397,-0.0014668669835320607,0.011421489166743284
0.0013000000000000002,-0.001,-3.382799377914104,-0.0008509872022611054,0.012028113102749649
0.0014,-0.001,-3.3775241188746787,9.866749297978637e-05,0.012613066162721424
0.0015,-0.001,-3.3775125447036456,0.000858218825566802,0.01303805548321374
0.0016,-0.001,-3.373380183875424,0.0017860679214890666,0.013250843723244421
0.0017,-0.001,-3.3732092222214782,0.00291665843828057,0.013916341902678962
0.0018,-0.001,-3.3778882684625025,0.00413096496286978,0.013807986436992015
0.0019,-0.001,-3.3888100915339074,0.005290352372083994,0.014004385254769536
0.002,-0.001,-3.3955033677511515,0.0062476676708025595,0.014237632416899411
0.0021,-0.001,-3.3906672544695198,0.007296759303714859,0.014093691179057233
0.0022,-0.001,-3.389796149439057,0.008747846427184777,0.014132930801716804
0.0023,-0.001,-3.404443633916018,0.01005286656742018,0.013779202160338486
0.0024,-0.001,-3.441832972441636,0.01145787437192549,0.013888443850403349
0.0025,-0.001,-3.4678397768496025,0.012662459019979295,0.01370112591157608
0.0026000000000000003,-0.001,-3.4944242443536453,0.013647164481773678,0.01358817991623827
0.0027,-0.001,-3.5155860135691,0.014588722288250023,0.01342680322875958
0.0028,-0.001,-3.5150390353794205,0.015621012155504908,0.01316681318517371
0.0029,-0.001,-3.5339093466718388,0.01721489798125043,0.012902095137341696
0.003,-0.001,-3.5701164658641384,0.018196423237733867,0.012575792807472806
0.0031,-0.001,-3.619933693537428,0.01954611500444149,0.012243642818938777
0.0032,-0.001,-3.663899770183602,0.020379394902629404,0.01179072553299298
0.0033000000000000004,-0.001,-3.6656430831733,0.021248217396338705,0.01144660135234569
0.0034,-0.001,-3.6896030839173637,0.022311091244329086,0.011181852225682324
0.0034999999999999996,-0.001,-3.7249290257106558,0.02349783504241255,0.010692496064217108
0.0036,-0.001,-3.761324020198462,0.02425094365598345,0.01027635759963492
0.0037,-0.001,-3.799180114460959,0.024996956037513996,0.009896150559039175
0.0038,-0.001,-3.8180293361640443,0.02581659471224822,0.009463094222670096
0.0039,-0.001,-3.8503857855123753,0.02658393440478889,0.009032663752665999
0.004,-0.001,-3.8873350226338643,0.027218554419671394,0.008659667863604217
0.0041,-0.001,-3.905217462604635,0.02778968695083921,0.008234042357046311
0.0042,-0.001,-3.9393331482398004,0.028535102330438957,0.007812186394659
0.0043,-0.001,-3.9589517547843482,0.02906650260351358,0.007339529334012402
0.0044,-0.001,-3.9856061608566518,0.029550386246216344,0.006929086229430271
0.0045,-0.001,-4.0082814535187925,0.030067963675170117,0.0065237259632100995
0.0046,-0.001,-4.029382210246231,0.030367340587743513,0.006094737440571941
0.0047,-0.001,-4.048012979892076,0.03073924207132396,0.0057136476105624735
0.0048,-0.001,-4.064874639080585,0.031097890245302774,0.005330812514825499
0.0049,-0.001,-4.079317197962922,0.031400583303509845,0.004921319454681061
0.005,-0.001,-4.092146046000478,0.03166920435127845,0.004551013224483488
0.0051,-0.001,-4.103433981485285,0.03187860850176457,0.004184114382367378
0.005200000000000001,-0.001,-4.1141777445883125,0.032083027519078364,0.0038226849167362353
0.0053,-0.001,-4.121467971019504,0.03222514403550053,0.0034708474811374285
0.0054,-0.001,-4.125887241397063,0.03226032485572392,0.003145666087127226
0.0055,-0.001,-4.1301259218634385,0.032257819800712274,0.002802278946292567
0.0056,-0.001,-4.131476983403815,0.03233164255372581,0.0024934549697497757
0.005700000000000001,-0.001,-4.1322544071182365,0.03233435881726789,0.0021879604718470485
0.0058,-0.001,-4.13136059200622,0.03232653510126683,0.0018869676023122936
0.0059,-0.001,-4.128131057371007,0.0322023625413855,0.0016130852870574635
0.006,-0.001,-4.123722038871666,0.032103686214682084,0.0013416646194436364
0.0061,-0.001,-4.116412230886554,0.031990776603455284,0.001102877999662425
0.0062,-0.001,-4.108607615928041,0.03172397280655268,0.000842804767667424
0.0063,-0.001,-4.100723485609618,0.03166188457165926,0.0006060557085013755
0.0064,-0.001,-4.092412822530027,0.03146566327017646,0.0003645768819048762
0.006499999999999999,-0.001,-4.078777141108546,0.03138445216537694,0.0001559912010845113
0.006600000000000001,-0.001,-4.067305312057034,0.031047853292418704,-7.548085326290616e-05
0.0067,-0.001,-4.055327983729897,0.03076606174907518,-0.0002601928835431811
0.0068,-0.001,-4.045554037633905,0.030488376373208167,-0.0004904555868765554
0.0069,-0.001,-4.02929349565715,0.03013912514555164,-0.000720646470211827
0.006999999999999999,-0.001,-4.01219973754507,0.029779920976414243,-0.0009009148730299899
0.007100000000000001,-0.001,-3.999392235026147,0.0298272477799374,-0.0011107889236960488
0.0072,-0.001,-3.986858938774153,0.029141193158916653,-0.0013418749945449046
0.0073,-0.001,-3.967978685420778,0.028847100317844872,-0.001531732688551115
0.0074,-0.001,-3.9525457863471547,0.028505216502339305,-0.001837903488514263
0.0075,-0.001,-3.9329321000066964,0.02805198613079414,-0.002106141128930248
0.0076,-0.001,-3.9131611013167578,0.02773696285430002,-0.002461016317311275
0.0077,-0.001,-3.8963151044569333,0.027289589196472265,-0.0027210920116759636
0.0078,-0.001,-3.8758868413105976,0.026940478371846422,-0.003107256938346191
0.0079,-0.001,-3.854579241732969,0.02639879242490143,-0.0035053934367136235
0.008,-0.001,-3.831487814489759,0.025914610306845567,-0.004097772588625853
0.0081,-0.001,-3.8062109295743616,0.025505707974938986,-0.004616151027753162
0.0082,-0.001,-3.7815086774872513,0.024817879327046637,-0.005229811795100114
0.0083,-0.001,-3.7495374075658736,0.02425129872878785,-0.0060051917672652045
0.0084,-0.001,-3.7186293294092034,0.023557630711599616,-0.006832772723144288
0.0085,-0.001,-3.6841764884806403,0.022766722181796515,-0.007957876727201947
0.0086,-0.001,-3.6472830248630297,0.02196131942017246,-0.009063746339755369
0.0087,-0.001,-3.6057173950768693,0.02107871988545331,-0.010583927397905783
0.0088,-0.001,-3.553467502198198,0.019909901930606162,-0.012459979431003724
0.0089,-0.001,-3.5049551387370927,0.01848646628579236,-0.014762987183410676
0.009,-0.001,-3.446021710548015,0.016735925198034903,-0.017667598765389182
0.0091,-0.001,-3.386025996143758,0.014491866217751732,-0.021575175108951062
0.0092,-0.001,-3.3141066445729095,0.012132629604482071,-0.02638780737755621
0.0093,-0.001,-3.265854002161518,0.008214766784553665,-0.03294806775071904
0.0094,-0.001,-3.1082114651516255,0.00584235303236476,-0.040104961109715426
0.0095,-0.001,-3.243443683998948,0.0009449882133026659,-0.04945572950967097
0.0096,-0.001,-2.822786270459171,-0.0023106208184292334,-0.05756778005325515
0.0097,-0.001,-2.8849365596246233,-0.0014816058750449328,-0.06302574693784872
0.0098,-0.001,-3.226081887485879,-0.002110568550214851,-0.061820056195507345
0.0099,-0.001,-2.9709382518811154,-0.0008521932839410522,-0.038968947344097865
0.01,-0.001,-2.8491780432126106,0.0,0.0
0.0,-0.0009,-3.3323256232957386,0.0,0.0
0.0001,-0.0009,-3.3302303937087396,-0.0004891442476219733,0.001871927940291316
0.0002,-0.0009,-3.323997659636578,-0.0011035346882347365,0.0034975466135387743
0.0003,-0.0009,-3.3167480577631197,-0.001924661892962755,0.004514344551643575
0.0004,-0.0009,-3.3156695579844877,-0.0026173837380444177,0.0054867601077102125
0.0005,-0.0009,-3.3225041856585453,-0.003368457697184855,0.006341262874617145
0.0006,-0.0009,-3.3369563753713307,-0.003901947461495513,0.00698087675155944
0.0007,-0.0009,-3.3552049121566436,-0.004658589878884194,0.007774364788739755
0.0008,-0.0009,-3.35116706948533,-0.00453212368654451,0.008404233501188086
0.0009,-0.0009,-3.3515239380772694,-0.0043672181451616995,0.008941602028326109
0.001,-0.0009,-3.3570059593412465,-0.004343064261244792,0.009498870645956026
0.0011,-0.0009,-3.368119466224643,-0.0037997531771654883,0.010366511069106854
0.0012,-0.0009,-3.370715031087073,-0.0032616922560014007,0.010803599498577442
0.0013000000000000002,-0.0009,-3.366454774440579,-0.002640542867439356,0.01125762798602698
0.0014,-0.0009,-3.3720652655630725,-0.0018243842817989464,0.011684888630651433
0.0015,-0.0009,-3.3698374418465784,-0.0012192777968269967,0.012089291073167106
0.0016,-0.0009,-3.3498943447399165,-0.00023198695157702968,0.012338495339894536
0.0017,-0.0009,-3.339791712795153,0.0010468253286657666,0.01237466327138368
0.0018,-0.0009,-3.352499201863899,0.0024022823399106347,0.012807448542374917
0.0019,-0.0009,-3.3789095481544056,0.0035489187626344103,0.01298458676071915
0.002,-0.0009,-3.3939591091813677,0.004445238253279535,0.013011912098079618
0.0021,-0.0009,-3.395701594944595,0.005361953064537194,0.012696715333196416
0.0022,-0.0009,-3.3739485165237997,0.006938659009061369,0.012639922933425949
0.0023,-0.0009,-3.378276542171674,0.008520000615344253,0.012747061700911368
0.0024,-0.0009,-3.397814781062092,0.00999777701341886,0.012523505423853061
0.0025,-0.0009,-3.430467721458704,0.011475987923863607,0.012493463705523079
0.0026000000000000003,-0.0009,-3.4856280544317166,0.012703606733909752,0.012666918910135922
0.0027,-0.0009,-3.504633855859336,0.013345610663899207,0.012390689202341577
0.0028,-0.0009,-3.499248659368659,0.014550639195897455,0.011922493639101422
0.0029,-0.0009,-3.514361548927093,0.016444219006877803,0.011658169314677806
0.003,-0.0009,-3.558867339425017,0.017188648520857105,0.011330135325509312
0.0031,-0.0009,-3.5927594246837677,0.01810910757669881,0.010985585119597033
0.0032,-0.0009,-3.6252107317422193,0.01950384166516842,0.011065403678994744
0.0033000000000000004,-0.0009,-3.6673729028388733,0.020337388263212703,0.010571788072795832
0.0034,-0.0009,-3.6780894961613235,0.021202138389371853,0.00999797573024524
0.0034999999999999996,-0.0009,-3.696790641616129,0.022549596484877928,0.009742808229004501
0.0036,-0.0009,-3.737729377385018,0.02378904378326313,0.009420528994954332
0.0037,-0.0009,-3.7822634552658703,0.02452013350064713,0.009041205418456159
0.0038,-0.0009,-3.8014722728363566,0.025309207055040042,0.008714125280230403
0.0039,-0.0009,-3.838315409967352,0.026178126033371597,0.008385282872851554
0.004,-0.0009,-3.8681189745634037,0.026810542604231193,0.007919480746185792
0.0041,-0.0009,-3.8930421328670817,0.027671183108192166,0.0075368326056656
0.0042,-0.0009,-3.9250427909725616,0.028306431904509446,0.007170970515907507
0.0043,-0.0009,-3.942249486863254,0.028886669558789636,0.0067691751221166056
0.0044,-0.0009,-3.9718633024362666,0.029525464458298303,0.006440420935974692
0.0045,-0.0009,-3.9942669108172217,0.03005955202272871,0.0060457677348555675
0.0046,-0.0009,-4.013896675864935,0.03047096301038435,0.005675136107971024
0.0047,-0.0009,-4.034300981077406,0.030941175454347672,0.005317946684255236
0.0048,-0.0009,-4.051070593983035,0.03151687022143329,0.004965467224575875
0.0049,-0.0009,-4.066015717566361,0.03175303394845609,0.004618291347633943
0.005,-0.0009,-4.080976264239026,0.03211864515593273,0.00427523282313681
0.0051,-0.0009,-4.093034067594189,0.03233805992846248,0.0039573402495699725
0.005200000000000001,-0.0009,-4.102879811660038,0.0326638256950836,0.003638189363335305
0.0053,-0.0009,-4.110540841673157,0.03281566450594755,0.003316664760989385
0.0054,-0.0009,-4.116391105949828,0.03284083142391738,0.00301761167060741
0.0055,-0.0009,-4.12110299258381,0.03314875416708143,0.0027234437760344956
0.0056,-0.0009,-4.123411373155145,0.03327227476082978,0.0024405245998447246
0.005700000000000001,-0.0009,-4.124053684193956,0.03327700029084415,0.0021916414929214127
0.0058,-0.0009,-4.121616999729793,0.03331401045302477,0.0019047481064004682
0.0059,-0.0009,-4.120656823848631,0.03330028698586939,0.001664982071718366
0.006,-0.0009,-4.116512541283428,0.033190066950330666,0.001428361333120313
0.0061,-0.0009,-4.110327716414449,0.03325491119320273,0.0011923975328340852
0.0062,-0.0009,-4.1026529436994785,0.03323219889922698,0.0009609919910027504
0.0063,-0.0009,-4.093937142763711,0.03309415646833541,0.0007565289052476154
0.0064,-0.0009,-4.084493536296047,0.03306855116019513,0.0005440367941926312
0.006499999999999999,-0.0009,-4.0762587852491725,0.03273681659625703,0.0003576328482647788
0.006600000000000001,-0.0009,-4.063207696255378,0.03276087929993995,0.00014461854698702618
0.0067,-0.0009,-4.051534756173259,0.03241865223174282,-5.01730460689881e-05
0.0068,-0.0009,-4.038800333953169,0.03228140859518868,-0.0002159484326294075
0.0069,-0.0009,-4.026148023109387,0.03203672458002572,-0.00043892839430170164
0.006999999999999999,-0.0009,-4.010143402753827,0.03206374581325621,-0.0005933732326708047
0.007100000000000001,-0.0009,-3.99367975415163,0.03186515444995943,-0.0008109037309885985
0.0072,-0.0009,-3.9808114443857274,0.03120005859348217,-0.0010522287015060792
0.0073,-0.0009,-3.9612896283711625,0.031037054893139848,-0.0011845884400114956
0.0074,-0.0009,-3.9431929675289714,0.030708897238750577,-0.0014858902466112361
0.0075,-0.0009,-3.926964534702261,0.03072586553603164,-0.0016788955054080701
0.0076,-0.0009,-3.904978226123739,0.029958593656855777,-0.002046509179821325
0.0077,-0.0009,-3.884960369708385,0.02996022728736271,-0.0023477646626846854
0.0078,-0.0009,-3.8640206955996077,0.029253946160123213,-0.0026574732129038565
0.0079,-0.0009,-3.8412026230415046,0.0288939815305137,-0.0031511968503396648
0.008,-0.0009,-3.815816903009438,0.028614671902960964,-0.003549786334733813
0.0081,-0.0009,-3.788038418882298,0.02803665985917238,-0.004022922822767978
0.0082,-0.0009,-3.7585917943359735,0.02748996360227228,-0.004682031424486969
0.0083,-0.0009,-3.7280168487528815,0.026906710122887503,-0.005390204642545102
0.0084,-0.0009,-3.68784648144613,0.026299429945323378,-0.006159779833906029
0.0085,-0.0009,-3.6487375282921684,0.025480708087576683,-0.007075213090419238
0.0086,-0.0009,-3.60321497266302,0.024746292483629546,-0.008103817442957155
0.0087,-0.0009,-3.558443236243536,0.023767683850936885,-0.009457213823428658
0.0088,-0.0009,-3.499039972323444,0.022657401648169526,-0.011144335400708565
0.0089,-0.0009,-3.439752028346524,0.021180033320351874,-0.013259760907735603
0.009,-0.0009,-3.3766279578956295,0.019429454902495456,-0.015904281461362118
0.0091,-0.0009,-3.299958797263942,0.017172911707071855,-0.019159372662999257
0.0092,-0.0009,-3.217463518840028,0.014649781095829551,-0.023447791203414517
0.0093,-0.0009,-3.1467525851684557,0.010899849085975638,-0.02938053255745318
0.0094,-0.0009,-2.967883991852733,0.00794560376105642,-0.03667319905865827
0.0095,-0.0009,-3.0682569295196767,0.0014176891604759053,-0.045913074814717944
0.0096,-0.0009,-2.981466996509502,0.00037022262400878835,-0.055777412924168095
0.0097,-0.0009,-2.7917678219834157,0.0010245921446216718,-0.06510016029611357
0.0098,-0.0009,-2.7927666274582026,-0.003285549136125682,-0.06072523093902631
0.0099,-0.0009,-2.703249047945912,-0.0017072877457389116,-0.04038873249189728
0.01,-0.0009,-2.741027297296847,0.0,0.0
0.0,-0.0008,-3.271892375769981,0.0,0.0
0.0001,-0.0008,-3.2720620966294787,-0.0006156770911692668,0.0025055751484223884
0.0002,-0.0008,-3.2644046003876306,-0.0015887023635693658,0.004426765897813399
0.0003,-0.0008,-3.26252142662332,-0.002790369655621761,0.005701246473611142
0.0004,-0.0008,-3.260986988711685,-0.0037795979135840717,0.006227145881399398
0.0005,-0.0008,-3.2829491892085625,-0.0045702888164221665,0.0069892314292160085
0.0006,-0.0008,-3.321678504722902,-0.005540902712303793,0.007964553812193747
0.0007,-0.0008,-3.3050135501345825,-0.006474859485278425,0.007853126292635213
0.0008,-0.0008,-3.343975490751744,-0.006041954318132469,0.008197359824272667
0.0009,-0.0008,-3.338725838991746,-0.006029845623022882,0.009306769775579848
0.001,-0.0008,-3.326000913750842,-0.0063040529428278124,0.00952367429887429
0.0011,-0.0008,-3.3514942187791474,-0.005483577062039502,0.009813312231039309
0.0012,-0.0008,-3.3458262389697784,-0.005303414525607186,0.010272935637008053
0.0013000000000000002,-0.0008,-3.3351950872855687,-0.004560468088207806,0.0106203401686338
0.0014,-0.0008,-3.3831360910805865,-0.0036757413041653185,0.010956809272179123
0.0015,-0.0008,-3.381102844332878,-0.003322718620150545,0.01105083775892864
0.0016,-0.0008,-3.3424201203116253,-0.002329660008027158,0.011057083897761081
0.0017,-0.0008,-3.3315558278511745,-0.000962804313220017,0.011370823968129965
0.0018,-0.0008,-3.31599182603688,0.0008222395762229093,0.011683015470752236
0.0019,-0.0008,-3.3510468942290106,0.0019380695936841797,0.011571831410967234
0.002,-0.0008,-3.3689425762007312,0.0025536547976454703,0.011305427260274628
0.0021,-0.0008,-3.368268926922985,0.004082994815408305,0.011496278808518771
0.0022,-0.0008,-3.354619797062361,0.005326384458865361,0.011615859201145733
0.0023,-0.0008,-3.3737896104794047,0.006661920619215374,0.011466719086446022
0.0024,-0.0008,-3.378948380874089,0.008505062358198284,0.011050480520078624
0.0025,-0.0008,-3.4098806987654315,0.010507807433000818,0.01115314757602986
0.0026000000000000003,-0.0008,-3.4616828915443407,0.01138188625869974,0.011396938602198398
0.0027,-0.0008,-3.495188635112851,0.012199585485375664,0.011354670352267976
0.0028,-0.0008,-3.4750462955839887,0.013460994303432111,0.01102734062874656
0.0029,-0.0008,-3.4875988902970345,0.015258623688736556,0.01049526230492178
0.003,-0.0008,-3.5565259431993783,0.01630075491515732,0.010453542901125915
0.0031,-0.0008,-3.59243786259918,0.0176212440818947,0.010261174886005406
0.0032,-0.0008,-3.5967325377568486,0.01873367299329887,0.009531205723875941
0.0033000000000000004,-0.0008,-3.623872405779959,0.019552629341210243,0.009339604389988857
0.0034,-0.0008,-3.6557771167633284,0.02078341534972428,0.008990167863380081
0.0034999999999999996,-0.0008,-3.68006378751518,0.022402213351971182,0.00834915749857099
0.0036,-0.0008,-3.7270862427884883,0.023363175672819203,0.008254536684987424
0.0037,-0.0008,-3.767449558391162,0.024225469761138572,0.007899377479854985
0.0038,-0.0008,-3.7862738171508368,0.02523180146692044,0.007871598695791137
0.0039,-0.0008,-3.8127913553497272,0.025816308238215225,0.007352008830334803
0.004,-0.0008,-3.845590928811958,0.026853902939522813,0.00701148429740229
0.0041,-0.0008,-3.8857864022619104,0.027838210138167164,0.006811347893503042
0.0042,-0.0008,-3.9083166235149984,0.028468726005848967,0.0064331733337809754
0.0043,-0.0008,-3.933497392291045,0.029256138878777028,0.006156625730211161
0.0044,-0.0008,-3.9587384644149273,0.029915540539324548,0.005823296342334152
0.0045,-0.0008,-3.981102237899063,0.030456037123019572,0.005481557155637569
0.0046,-0.0008,-4.001587807513287,0.031068128168094858,0.0051575157391865745
0.0047,-0.0008,-4.022074395133181,0.031583596934331215,0.004845068543937554
0.0048,-0.0008,-4.039719949801678,0.032055038278340796,0.0045388909848602275
0.0049,-0.0008,-4.055706290004618,0.03257029528716548,0.004236064121428192
0.005,-0.0008,-4.07023493269832,0.032921445605989016,0.0039220010647198055
0.0051,-0.0008,-4.082628415066843,0.033455488803559016,0.0036391240200278037
0.005200000000000001,-0.0008,-4.09246478760087,0.033681250540812634,0.0033694078898118605
0.0053,-0.0008,-4.100975847141989,0.03386231766837452,0.0030974002393980666
0.0054,-0.0008,-4.107647704027432,0.03416488854989929,0.0028201773865257056
0.0055,-0.0008,-4.112967891112045,0.034589991663044294,0.0025554033916395536
0.0056,-0.0008,-4.115753712471145,0.034519342800008776,0.0023074935985242513
0.005700000000000001,-0.0008,-4.115537944317865,0.03475128067925424,0.0020905690637283026
0.0058,-0.0008,-4.115002696800507,0.03504382865021231,0.0018278284805098924
0.0059,-0.0008,-4.1126788508212675,0.035127514938570116,0.0016249755480872076
0.006,-0.0008,-4.109434539247883,0.03525376919311591,0.0014248696385213715
0.0061,-0.0008,-4.104128968786459,0.03506806969676342,0.0012084018584167624
0.0062,-0.0008,-4.097330812068904,0.03496009325780249,0.001014873986308424
0.0063,-0.0008,-4.089710214104751,0.03523212777454129,0.0008221675153042417
0.0064,-0.0008,-4.080334774388912,0.03502036249292156,0.0006391060708092294
0.006499999999999999,-0.0008,-4.071817089475965,0.03502969027343156,0.00043033555345724467
0.006600000000000001,-0.0008,-4.058586443437477,0.03484957003689193,0.0002644127102422133
0.0067,-0.0008,-4.048182167066219,0.03505827004073342,6.889937162786308e-05
0.0068,-0.0008,-4.034509497433177,0.034784989467889375,-6.836131752700793e-05
0.0069,-0.0008,-4.019199182965094,0.034649298024758766,-0.00022768403045120896
0.006999999999999999,-0.0008,-4.005547933225016,0.034493713719200396,-0.0004289850180219695
0.007100000000000001,-0.0008,-3.9892746884255548,0.03438945226635857,-0.0005859371046923825
0.0072,-0.0008,-3.9732225419500034,0.03406871545148661,-0.0007784248493456974
0.0073,-0.0008,-3.9535415583973936,0.033922379969083725,-0.000981948056341039
0.0074,-0.0008,-3.937775071122125,0.0338268818318739,-0.0011885714034135467
0.0075,-0.0008,-3.9179414100861187,0.03353234720139514,-0.0014417615485640511
0.0076,-0.0008,-3.8973788265092586,0.03307282746794576,-0.0017307940400831602
0.0077,-0.0008,-3.8757386112420185,0.032792653591066256,-0.001983770110017351
0.0078,-0.0008,-3.8507831356981583,0.03254756080460456,-0.0023271998048048806
0.0079,-0.0008,-3.826420175324438,0.03211323262453799,-0.0027055727300575524
0.008,-0.0008,-3.798936375686583,0.03188730476436389,-0.003109024295282838
0.0081,-0.0008,-3.7674248861779214,0.0312597414035998,-0.0035508441946268212
0.0082,-0.0008,-3.738045541886655,0.030678924246729574,-0.004113318767475525
0.0083,-0.0008,-3.6985203171558023,0.030204939883407368,-0.004716879336159059
0.0084,-0.0008,-3.6586594063212545,0.02951533901177274,-0.005491757289268974
0.0085,-0.0008,-3.6142017035451195,0.028842048734211534,-0.006332628348031261
0.0086,-0.0008,-3.564189239515515,0.027991708304078884,-0.007283929389832045
0.0087,-0.0008,-3.512881765981283,0.0270134118948264,-0.008476694796989993
0.0088,-0.0008,-3.4457932586656264,0.025818748299626132,-0.009867299396401602
0.0089,-0.0008,-3.3752487365288353,0.024418025570060304,-0.011725667259933419
0.009,-0.0008,-3.303538867809237,0.02276291400357136,-0.013932552464398963
0.0091,-0.0008,-3.216674370201628,0.020528533409910885,-0.016743413066300065
0.0092,-0.0008,-3.125597828766401,0.017973701203286948,-0.020512543385890675
0.0093,-0.0008,-3.03077302398412,0.014272315036085663,-0.02532580637019434
0.0094,-0.0008,-2.8894840120612444,0.010532317227972482,-0.03243543531992029
0.0095,-0.0008,-2.881553689763833,0.004849806877866153,-0.042316238531748936
0.0096,-0.0008,-2.62564753256962,0.00012737250885333092,-0.05328314075181622
0.0097,-0.0008,-2.3382312023178478,0.0001038566291138944,-0.060370927304215255
0.0098,-0.0008,-2.582347390928509,-0.0015144015908905293,-0.06268470158956689
0.0099,-0.0008,-2.6436010020493614,-0.0006755254668450339,-0.04226095405862347
0.01,-0.0008,-2.5341944235948444,0.0,0.0
0.0,-0.0007,-3.1945337551443442,0.0,0.0
0.0001,-0.0007,-3.1977798889225113,-0.0008889974541271346,0.0036597513174036972
0.0002,-0.0007,-3.1906806711439937,-0.0022469524802965143,0.005786744161745447
0.0003,-0.0007,-3.194559164692025,-0.003845227525461108,0.00702932994023249
0.0004,-0.0007,-3.185450015198425,-0.005448533454504749,0.007527556479499924
0.0005,-0.0007,-3.228600964913292,-0.006057167827583879,0.008244260518133973
0.0006,-0.0007,-3.2952328903666346,-0.007949803338926151,0.009298151094651335
0.0007,-0.0007,-3.284050662783367,-0.008074424922827112,0.009090801704627042
0.0008,-0.0007,-3.3208757838534897,-0.007788284277113373,0.00840512186725465
0.0009,-0.0007,-3.3670439216462973,-0.008076451577663221,0.008520145078380528
0.001,-0.0007,-3.3411672933238727,-0.008103122614259405,0.009249403207986576
0.0011,-0.0007,-3.35374033982834,-0.007539862512107577,0.009571352025142189
0.0012,-0.0007,-3.3488133783819607,-0.007484174331509108,0.009638029601902205
0.0013000000000000002,-0.0007,-3.326262910542964,-0.006404005296235297,0.010031614908376065
0.0014,-0.0007,-3.3378607597184566,-0.005548669685289618,0.010084156328482932
0.0015,-0.0007,-3.3325697853287988,-0.0040722151716852594,0.01022225388063375
0.0016,-0.0007,-3.3367871152324207,-0.0037698439370087013,0.010143979486779914
0.0017,-0.0007,-3.3526153322810353,-0.002288474821061664,0.009876127137192471
0.0018,-0.0007,-3.3080730604152517,-0.0007129902117060682,0.010625484379211316
0.0019,-0.0007,-3.3396984987693226,0.0012072632542536488,0.010243554086464365
0.002,-0.0007,-3.355312969635709,0.0021999098315731865,0.010809204936844528
0.0021,-0.0007,-3.3499148813432753,0.0028865412633437867,0.01036481657798107
0.0022,-0.0007,-3.3718103642571378,0.004420741688125148,0.009985688641340501
0.0023,-0.0007,-3.3865940105403065,0.006399597718739303,0.009950506670328929
0.0024,-0.0007,-3.3614931771863077,0.007973972692293786,0.009124866302158264
0.0025,-0.0007,-3.409041332317465,0.009684973573234605,0.009886182060156163
0.0026000000000000003,-0.0007,-3.4534610235997105,0.010524713249357704,0.009287984434068744
0.0027,-0.0007,-3.4816792780979737,0.010819668808454556,0.009271564127105067
0.0028,-0.0007,-3.4753699827606472,0.011957983515314578,0.010190980967477697
0.0029,-0.0007,-3.477330755071699,0.013793045485647006,0.009141810033437147
0.003,-0.0007,-3.5230225555149453,0.015947067636028593,0.008690685368270104
0.0031,-0.0007,-3.5879260395720007,0.018110175166373116,0.008779769587604212
0.0032,-0.0007,-3.6106315821638986,0.018650889928620986,0.008392891475247067
0.0033000000000000004,-0.0007,-3.605872023675268,0.019572375742976388,0.008419966757888362
0.0034,-0.0007,-3.6074206183639896,0.021602252658591118,0.007977972179277294
0.0034999999999999996,-0.0007,-3.6479936449938317,0.022831719372556746,0.007464517842154014
0.0036,-0.0007,-3.7608690438325607,0.02359860930954195,0.007407296061450873
0.0037,-0.0007,-3.7627230433221297,0.02434982483540917,0.007273209266190997
0.0038,-0.0007,-3.7790862421996403,0.02579063550463333,0.006888474084559195
0.0039,-0.0007,-3.7980739326004653,0.026383712237162595,0.006419330268681155
0.004,-0.0007,-3.8422392591069694,0.027745933800523905,0.00626441522555677
0.0041,-0.0007,-3.872334076532117,0.028571811064868825,0.005969641353160655
0.0042,-0.0007,-3.894778978654571,0.029072733730454665,0.005655661044704479
0.0043,-0.0007,-3.91954173453885,0.03023935391530952,0.005405971669934861
0.0044,-0.0007,-3.94647521347809,0.030990454657327193,0.00510270693542764
0.0045,-0.0007,-3.9697014439155267,0.03166296688529388,0.004830028871917952
0.0046,-0.0007,-3.9909534449331048,0.03219069434499599,0.004553596226837223
0.0047,-0.0007,-4.012217568470538,0.03296450514143247,0.004274191548568518
0.0048,-0.0007,-4.030110814748258,0.033495054755478704,0.0040068209202757275
0.0049,-0.0007,-4.045712945183239,0.034108932038844166,0.0037433033006965713
0.005,-0.0007,-4.060667302542652,0.03445200425140077,0.0034868463108640984
0.0051,-0.0007,-4.0739215730216305,0.03514630971911648,0.0032343592179412198
0.005200000000000001,-0.0007,-4.083888283826939,0.03563559251565329,0.003004524674800601
0.0053,-0.0007,-4.092890014409563,0.03598821264359727,0.002769268572822832
0.0054,-0.0007,-4.099633022693561,0.03631457551043297,0.002539470142957783
0.0055,-0.0007,-4.1044814204661,0.03670552551045753,0.002309247011131215
0.0056,-0.0007,-4.107544169868679,0.03677729045377275,0.0020710510822076786
0.005700000000000001,-0.0007,-4.109993856943217,0.037240350275620934,0.001887664503750608
0.0058,-0.0007,-4.109616974065417,0.03734767949948866,0.0016800520366043678
0.0059,-0.0007,-4.107506507945257,0.037421001853739214,0.0014894028497523825
0.006,-0.0007,-4.104847586806017,0.03760894727860305,0.001311500281923839
0.0061,-0.0007,-4.099181135640108,0.03772653054513195,0.001134015779038175
0.0062,-0.0007,-4.091526254075521,0.03793124400840044,0.000949845859963102
0.0063,-0.0007,-4.085499173445965,0.037903118680403906,0.0008035671153493731
0.0064,-0.0007,-4.0755953611601194,0.03823267073446379,0.0006164718917358951
0.006499999999999999,-0.0007,-4.066359726373388,0.03805624133604945,0.0004539199003364971
0.006600000000000001,-0.0007,-4.054557690116642,0.037903209240615895,0.00031220880769615997
0.0067,-0.0007,-4.042858026905225,0.03818040396929458,0.0002066133636962458
0.0068,-0.0007,-4.028577022623591,0.03804662013823884,3.2019147888024194e-05
0.0069,-0.0007,-4.014453721958999,0.038114017156720296,-0.00014148673406055856
0.006999999999999999,-0.0007,-3.998791604527615,0.037943132378153416,-0.0003223057894431688
0.007100000000000001,-0.0007,-3.9833591360381804,0.03772944271470019,-0.0004604281843748481
0.0072,-0.0007,-3.967054537043098,0.037664964337090295,-0.0005980722493736685
0.0073,-0.0007,-3.9494234118866065,0.03766930482301015,-0.0007796724426902464
0.0074,-0.0007,-3.9299417867240716,0.03738919877299509,-0.0009898685158086877
0.0075,-0.0007,-3.9096459975728903,0.037200340582808925,-0.0011857894041441188
0.0076,-0.0007,-3.8868542228091,0.03687115724523087,-0.001437201321549001
0.0077,-0.0007,-3.8652413285148013,0.03650328284225253,-0.0016432216285067502
0.0078,-0.0007,-3.8378729444138098,0.036303628713384765,-0.0019255942602047099
0.0079,-0.0007,-3.8117055392670665,0.035921522527263834,-0.002302788248223047
0.008,-0.0007,-3.7835175886006254,0.035648346887467604,-0.0026338464967689285
0.0081,-0.0007,-3.746263854148458,0.03517666842369456,-0.003087841648695026
0.0082,-0.0007,-3.712501131969619,0.03466575004704218,-0.003583890680706468
0.0083,-0.0007,-3.6713593813551952,0.03411409938813895,-0.004158598870885201
0.0084,-0.0007,-3.6223451921159313,0.033421920497729206,-0.004731081347404122
0.0085,-0.0007,-3.5715420046149875,0.03268739875476564,-0.00551473280572462
0.0086,-0.0007,-3.5186521657494017,0.03180775170408938,-0.00634778582510706
0.0087,-0.0007,-3.451180056082054,0.030799238199432033,-0.007363527548092662
0.0088,-0.0007,-3.389202603841024,0.0296145274079914,-0.008540045301876185
0.0089,-0.0007,-3.308841078254944,0.028234331130371083,-0.010095514570508907
0.009,-0.0007,-3.227280684794025,0.026576329157957997,-0.011936108270197046
0.0091,-0.0007,-3.128220015014444,0.024271997687750443,-0.014341072121251379
0.0092,-0.0007,-3.0281668170841067,0.021736174075251663,-0.017244043478304886
0.0093,-0.0007,-2.9210606372652452,0.018403175544620058,-0.02170761028027643
0.0094,-0.0007,-2.8102178229198684,0.014383201007738862,-0.027322997098040338
0.0095,-0.0007,-2.6912100484036516,0.008811745174261969,-0.03669543985553179
0.0096,-0.0007,-2.4524913654736373,0.0030205445569252386,-0.04814944560896009
0.0097,-0.0007,-2.310281193950546,-0.0005149435868718445,-0.05649767077002045
0.0098,-0.0007,-2.358740406505564,0.00010555474298845,-0.060074685767887374
0.0099,-0.0007,-2.4370990406606476,-0.002194724573863288,-0.04579146668722317
0.01,-0.0007,-2.3698928240332777,0.0,0.0
0.0,-0.0006,-3.0933638408897046,0.0,0.0
0.0001,-0.0006,-3.097331367473675,-0.0012268514338306246,0.004720264313542994
0.0002,-0.0006,-3.10395284602496,-0.003107352042645694,0.007565834584065845
0.0003,-0.0006,-3.115958120050954,-0.0053008163916661915,0.00866396308629901
0.0004,-0.0006,-3.13257878252418,-0.006450303288936553,0.009501823275803298
0.0005,-0.0006,-3.257320747474875,-0.007685900101057551,0.009908772734562643
0.0006,-0.0006,-3.2880975811570714,-0.009259278565388092,0.008903766770115678
0.0007,-0.0006,-3.2586414976843594,-0.009801140546291625,0.009426342712224332
0.0008,-0.0006,-3.2869849454838005,-0.010646659363764837,0.008940258896119189
0.0009,-0.0006,-3.2814031523197067,-0.009672188389790795,0.008683485698130822
0.001,-0.0006,-3.352902312359295,-0.009567757296906537,0.008877906283444481
0.0011,-0.0006,-3.351899849033537,-0.009771560886860532,0.008876715795822462
0.0012,-0.0006,-3.354942796448062,-0.008414165817615258,0.009021832449489625
0.0013000000000000002,-0.0006,-3.3719346446618266,-0.008100038862464439,0.008626576334133136
0.0014,-0.0006,-3.3235806756875306,-0.006949209958299034,0.008564484105100419
0.0015,-0.0006,-3.293652243176481,-0.005307605821245232,0.008638159918603379
0.0016,-0.0006,-3.322568485729079,-0.003026872932392353,0.008738083812662145
0.0017,-0.0006,-3.3436044317291507,-0.002740573575803887,0.008850363842917406
0.0018,-0.0006,-3.3307220967320017,-0.0015535877456835507,0.009195982930573783
0.0019,-0.0006,-3.310204465798716,0.0011219875557920247,0.009120031013146391
0.002,-0.0006,-3.340322570228546,0.0012014892167341161,0.009023394370041229
0.0021,-0.0006,-3.3449623011084717,0.00321194803993208,0.008648684647724576
0.0022,-0.0006,-3.3375318269798537,0.004920378686935538,0.007718883293447357
0.0023,-0.0006,-3.3271805606966374,0.006282193531610164,0.008001747594746226
0.0024,-0.0006,-3.3622028847354946,0.007900849959480696,0.008429612850750652
0.0025,-0.0006,-3.408603001247103,0.010190666049288805,0.008629159177774416
0.0026000000000000003,-0.0006,-3.429391138765034,0.01192813146471244,0.008162481044043116
0.0027,-0.0006,-3.4473648776072174,0.011597017894816469,0.007772434873211099
0.0028,-0.0006,-3.47356140760288,0.012757348670358416,0.007868616658173429
0.0029,-0.0006,-3.485011316503186,0.01476978876093536,0.007658124779230504
0.003,-0.0006,-3.4676579267221785,0.01697288498683283,0.007219877305031228
0.0031,-0.0006,-3.549954870411164,0.01833535568932361,0.007158510443044327
0.0032,-0.0006,-3.5888447223432074,0.020170979648735255,0.007051608153425218
0.0033000000000000004,-0.0006,-3.6181834139269884,0.02076506056786739,0.006645239323172979
0.0034,-0.0006,-3.6253653141293096,0.022306958701036883,0.00669951869988952
0.0034999999999999996,-0.0006,-3.6640745433706505,0.02404710344424605,0.006277716849146967
0.0036,-0.0006,-3.706989428816575,0.025136053591224613,0.006249629181928703
0.0037,-0.0006,-3.7391820308419477,0.025741597060555926,0.0059346142165078615
0.0038,-0.0006,-3.771928801729248,0.027310911409423558,0.005802356141388995
0.0039,-0.0006,-3.7998751984808843,0.02842806411249322,0.005518735807316759
0.004,-0.0006,-3.8294688337346057,0.029486604258766303,0.005273257617802697
0.0041,-0.0006,-3.8580238163536698,0.030423788616261785,0.005002347108924161
0.0042,-0.0006,-3.8841383065326225,0.03143397287801947,0.004769667751146314
0.0043,-0.0006,-3.910723018405648,0.032413534317068574,0.004550265727475128
0.0044,-0.0006,-3.936388740872665,0.03333781317241855,0.004314526239736184
0.0045,-0.0006,-3.9593689845185778,0.03394769597393633,0.004074498707939532
0.0046,-0.0006,-3.9825937268689233,0.034668518299661354,0.003839180204873273
0.0047,-0.0006,-4.001701071073666,0.035730331862945386,0.003611188188229301
0.0048,-0.0006,-4.020774451277653,0.036166984681631244,0.003388876939998382
0.0049,-0.0006,-4.037522160201797,0.03680457663902425,0.00316512041477951
0.005,-0.0006,-4.052834584616505,0.03739273733016153,0.002955646756762041
0.0051,-0.0006,-4.064914940063449,0.03796341894790374,0.0027488115901935627
0.005200000000000001,-0.0006,-4.076418480591607,0.03848276789346583,0.002535282266624259
0.0053,-0.0006,-4.085756344633728,0.03898085854182758,0.0023350019686989884
0.0054,-0.0006,-4.0924893596621095,0.039479483845424705,0.0021582804476635814
0.0055,-0.0006,-4.098264814734692,0.039701932601074734,0.0019676916980178234
0.0056,-0.0006,-4.101331722327543,0.040309859082544856,0.0017875897075081363
0.005700000000000001,-0.0006,-4.103850305075777,0.0405727089272685,0.0015980874364697893
0.0058,-0.0006,-4.103070053868834,0.040741853909645354,0.0014232466087217676
0.0059,-0.0006,-4.10128901411249,0.04102047881276824,0.001282725418373905
0.006,-0.0006,-4.098650430926285,0.04149324697065098,0.0011240327436137117
0.0061,-0.0006,-4.094228759713441,0.041404196002572086,0.00101211396268392
0.0062,-0.0006,-4.087129813113439,0.041933658733364756,0.0008398386859102454
0.0063,-0.0006,-4.080240682742166,0.0421617345567822,0.0006865551883853237
0.0064,-0.0006,-4.070896751653045,0.042099759024603264,0.0005601995605078385
0.006499999999999999,-0.0006,-4.061066657889338,0.042179712027774235,0.00042907639845316155
0.006600000000000001,-0.0006,-4.051232726663237,0.0424018405436893,0.0002874244115793052
0.0067,-0.0006,-4.0364262131141455,0.04217904431439861,0.00015711740912124022
0.0068,-0.0006,-4.023805089484484,0.04231729492429572,2.7758706723301792e-05
0.0069,-0.0006,-4.010885698514736,0.04231133020366931,-9.143389965288549e-05
0.006999999999999999,-0.0006,-3.994242614268305,0.0424199584610854,-0.00019505324775039544
0.007100000000000001,-0.0006,-3.978628318081226,0.0420739318492301,-0.00035158782374037473
0.0072,-0.0006,-3.96054808149775,0.042167138691324116,-0.0004999781625562613
0.0073,-0.0006,-3.9420868431918588,0.04191950545391696,-0.0006582636225293757
0.0074,-0.0006,-3.9225308558647454,0.041746112870605735,-0.0007928272217821777
0.0075,-0.0006,-3.89981903464116,0.04175742536112557,-0.0010137827064191046
0.0076,-0.0006,-3.876818873677004,0.04143991107535808,-0.0011661226764133135
0.0077,-0.0006,-3.8525024229409572,0.04124092584585439,-0.0014080089374244684
0.0078,-0.0006,-3.8245537579786273,0.0409190037181407,-0.0016259542477316796
0.0079,-0.0006,-3.796076672304332,0.04063141713144214,-0.0019476380672280556
0.008,-0.0006,-3.7610971023036224,0.040229082341449514,-0.002241211390229588
0.0081,-0.0006,-3.7278798289059805,0.03984128030300717,-0.002627689643054864
0.0082,-0.0006,-3.68401424437284,0.03931279925697494,-0.0030228823424437836
0.0083,-0.0006,-3.642784181440304,0.038690205293611835,-0.0035243969884503866
0.0084,-0.0006,-3.587330760996345,0.03802382346740524,-0.004091451783066527
0.0085,-0.0006,-3.534639987301286,0.03732447933308642,-0.004706144198882607
0.0086,-0.0006,-3.4738291624791806,0.036350188276710056,-0.005435264318123966
0.0087,-0.0006,-3.4036121669446615,0.03526996979205286,-0.006300799986990279
0.0088,-0.0006,-3.3201926954115355,0.03418779869626647,-0.007293799533770517
0.0089,-0.0006,-3.2380531787283564,0.032731522348366036,-0.008581973820900101
0.009,-0.0006,-3.1416413467803754,0.030917939770739263,-0.010018914501173617
0.0091,-0.0006,-3.0332037515252894,0.028860740501473133,-0.012027041960414464
0.0092,-0.0006,-2.923330667051495,0.026282492474744824,-0.014500190372982308
0.0093,-0.0006,-2.80042926849098,0.022998671647934163,-0.017898310265043838
0.0094,-0.0006,-2.6794731028881023,0.018369067431905174,-0.023074782460695352
0.0095,-0.0006,-2.521361607761008,0.014221492104300994,-0.030526244066870302
0.0096,-0.0006,-2.4268568140893145,0.006634543049590942,-0.04109664882778973
0.0097,-0.0006,-2.067108605323893,8.334982106096567e-07,-0.05261838211763893
0.0098,-0.0006,-1.9614663346838836,-0.0013799887209673671,-0.060253168407192526
0.0099,-0.0006,-2.122828658925721,-0.0010116482655690444,-0.04426665448239902
0.01,-0.0006,-2.075458929057234,0.0,0.0
0.0,-0.0005,-2.9496193407040656,0.0,0.0
0.0001,-0.0005,-2.9524980761410826,-0.0016175167464568434,0.006566049832618235
0.0002,-0.0005,-3.0012351687713346,-0.004194977232961833,0.009601714826464639
0.0003,-0.0005,-2.982645321016011,-0.007173878349773132,0.010573817968399188
0.0004,-0.0005,-3.051605739648726,-0.0070759042237955845,0.01032408908268854
0.0005,-0.0005,-3.234104098322653,-0.008906655801103683,0.00968457647593781
0.0006,-0.0005,-3.264192298036601,-0.00994233468282011,0.009097000700010868
0.0007,-0.0005,-3.2686667471245445,-0.010298744891029115,0.008825005663376625
0.0008,-0.0005,-3.318250768248755,-0.010818208063867601,0.008363590830211754
0.0009,-0.0005,-3.3005546644983337,-0.009451269255074323,0.008983462248228997
0.001,-0.0005,-3.355824989281807,-0.009167083345635388,0.00845832201115497
0.0011,-0.0005,-3.3537146686377692,-0.00924534573891701,0.008141120578922613
0.0012,-0.0005,-3.346826270119058,-0.007410264248192214,0.008466736330763633
0.0013000000000000002,-0.0005,-3.3473119590504656,-0.006588888446870023,0.0077545909140622595
0.0014,-0.0005,-3.3435042350329516,-0.005838510706421463,0.00740131239789654
0.0015,-0.0005,-3.3301272106615443,-0.004283081228097149,0.007223323802699808
0.0016,-0.0005,-3.3144020341920024,-0.0024824792180573275,0.007536415108100731
0.0017,-0.0005,-3.3082873120951803,-0.0012586668567548436,0.007172584767390288
0.0018,-0.0005,-3.332694575654532,0.0009060884467168355,0.007642119655088409
0.0019,-0.0005,-3.340391412423577,0.0018201322368340764,0.006984196782350974
0.002,-0.0005,-3.328672242642119,0.0036936145273259915,0.006882645530227944
0.0021,-0.0005,-3.3320105180260606,0.005193634190389263,0.00685455333229959
0.0022,-0.0005,-3.322699632727517,0.0069977616575018775,0.006906906652033221
0.0023,-0.0005,-3.3203626546002507,0.008790178067001626,0.007174198711957469
0.0024,-0.0005,-3.369007186442135,0.010891144076113392,0.007255043376213699
0.0025,-0.0005,-3.4085544940748944,0.011933857040691444,0.007244333651302626
0.0026000000000000003,-0.0005,-3.431952667456203,0.013373750438558474,0.0067329003641505986
0.0027,-0.0005,-3.405491097298627,0.014627969004433717,0.006358027824962042
0.0028,-0.0005,-3.4604734561338604,0.016698644860494678,0.005757396495235692
0.0029,-0.0005,-3.473755709395436,0.018279191376207208,0.0058500686065788374
0.003,-0.0005,-3.486161379574145,0.019965369787008948,0.0059272437302115115
0.0031,-0.0005,-3.5347127271105423,0.021568138722354753,0.0059010341158194455
0.0032,-0.0005,-3.5687148789661305,0.02306787379695258,0.005520650713343552
0.0033000000000000004,-0.0005,-3.604438984680949,0.0241879958214232,0.005491405001862216
0.0034,-0.0005,-3.6216805580117453,0.02575470872054582,0.005393919732373654
0.0034999999999999996,-0.0005,-3.6612441118699257,0.02694669704592408,0.0051709327119529545
0.0036,-0.0005,-3.694052586237773,0.028348805183870587,0.004879141749429834
0.0037,-0.0005,-3.7272052183459956,0.029618829778298807,0.004574654064396685
0.0038,-0.0005,-3.7565792248780725,0.030561283865095393,0.0046222438714349215
0.0039,-0.0005,-3.7884217928068287,0.032159678419968106,0.004421645482428707
0.004,-0.0005,-3.8168440408762336,0.03304295132122688,0.004184758253670108
0.0041,-0.0005,-3.847771789588063,0.0342284530152652,0.003993908739976795
0.0042,-0.0005,-3.8752429373509996,0.03540477077676363,0.0038059453014436654
0.0043,-0.0005,-3.902452296470721,0.036316452806550305,0.003624953145444543
0.0044,-0.0005,-3.926709915245635,0.03730574605718713,0.0034298564297577
0.0045,-0.0005,-3.951649603316044,0.03814952336515153,0.003237525270273881
0.0046,-0.0005,-3.973334700625933,0.038790620567101294,0.003056343035605628
0.0047,-0.0005,-3.9940442415348234,0.03973566043969229,0.002868483064476228
0.0048,-0.0005,-4.012986391284304,0.0404931349215805,0.002689342653407017
0.0049,-0.0005,-4.02995769367506,0.04102615982006001,0.002511130334460988
0.005,-0.0005,-4.0453925540012525,0.04181554517720156,0.0023412956067734294
0.0051,-0.0005,-4.058474314658998,0.04240065430770004,0.002175880817235721
0.005200000000000001,-0.0005,-4.070131058679313,0.043146367862683825,0.0020113993562714096
0.0053,-0.0005,-4.079213826736306,0.04363824324249424,0.0018490738041754236
0.0054,-0.0005,-4.086529238193966,0.04410308018286094,0.0016983975667995872
0.0055,-0.0005,-4.092299503507775,0.04465537819951952,0.0015487749863325939
0.0056,-0.0005,-4.0966367272436734,0.045112056029543775,0.001402999796775029
0.005700000000000001,-0.0005,-4.09745244845736,0.04535130138819106,0.0012646862854076158
0.0058,-0.0005,-4.097730838500507,0.045730264312990127,0.0011408472522467245
0.0059,-0.0005,-4.097130784386809,0.04591943663447137,0.0010053884895068958
0.006,-0.0005,-4.094537265742268,0.04642150151109667,0.0008911635314627409
0.0061,-0.0005,-4.089124517739921,0.04655155626037463,0.0007895175814840342
0.0062,-0.0005,-4.083686102111448,0.0467991667709472,0.0006570657495345368
0.0063,-0.0005,-4.076235868553735,0.04698745034857668,0.0005412541722218168
0.0064,-0.0005,-4.068034870829265,0.047152786195333536,0.0004350257932921191
0.006499999999999999,-0.0005,-4.057407923482977,0.04717917670845387,0.0003344028406350128
0.006600000000000001,-0.0005,-4.044742434134264,0.047345820925485366,0.00020399246624685396
0.0067,-0.0005,-4.032838908113786,0.047448463128931084,0.00012714543053552233
0.0068,-0.0005,-4.021512043443812,0.04747249265812891,1.1829570851979105e-05
0.0069,-0.0005,-4.005341399153134,0.047623662250190046,-8.013376154783768e-05
0.006999999999999999,-0.0005,-3.98960514529471,0.047548004186645725,-0.00019362381366964574
0.007100000000000001,-0.0005,-3.972783157335143,0.04762649152366887,-0.00030532212152137306
0.0072,-0.0005,-3.954117174443875,0.047552454205560195,-0.00042113088073372757
0.0073,-0.0005,-3.9343666634085506,0.04744335678536371,-0.0005268157457610053
0.0074,-0.0005,-3.913056031427578,0.04732442750128871,-0.0006790713469266253
0.0075,-0.0005,-3.889677063413434,0.047150650610511685,-0.0008066489164298025
0.0076,-0.0005,-3.8655157430914184,0.046969375995558914,-0.000998324917007825
0.0077,-0.0005,-3.8394300727467496,0.04682969761206583,-0.0011595574274934413
0.0078,-0.0005,-3.810828042402732,0.046492276816416905,-0.0013651621641620041
0.0079,-0.0005,-3.778017888116036,0.04626467539665128,-0.0016021586615707864
0.008,-0.0005,-3.7434371265889275,0.04576868315298815,-0.0018756044220586356
0.0081,-0.0005,-3.7033888690439083,0.04548700656964342,-0.002154485484990333
0.0082,-0.0005,-3.661282209455453,0.04483524085212257,-0.0024931186944289795
0.0083,-0.0005,-3.611420527988108,0.04438944418289468,-0.002887444484923804
0.0084,-0.0005,-3.5583092872059225,0.043542473370918856,-0.0033321302391019283
0.0085,-0.0005,-3.498597057006413,0.042631195277642996,-0.003847652479803369
0.0086,-0.0005,-3.427315280193396,0.04173193393611141,-0.004477954101322279
0.0087,-0.0005,-3.3523171124338424,0.04072966087461083,-0.005180813717877285
0.0088,-0.0005,-3.257993149024374,0.03954709039644814,-0.005948741668948986
0.0089,-0.0005,-3.1687313597014404,0.03793979498988003,-0.006908086218495879
0.009,-0.0005,-3.0602198514331755,0.036362542974113496,-0.008152333486161895
0.0091,-0.0005,-2.939745651772808,0.034054223209005655,-0.00960404446982948
0.0092,-0.0005,-2.8077561498279766,0.03135758908339146,-0.01162664331916117
0.0093,-0.0005,-2.6795384621782796,0.028513738195829186,-0.014317663243151011
0.0094,-0.0005,-2.526118903172082,0.023907539429468286,-0.018372375261361706
0.0095,-0.0005,-2.3498964595444454,0.018952165247907552,-0.024569543773835013
0.0096,-0.0005,-2.2392608719439933,0.01211482010840861,-0.03422294960019242
0.0097,-0.0005,-2.0043514322583276,0.006651870704247733,-0.046289200999123155
0.0098,-0.0005,-1.9716360561102593,0.0040031796425290395,-0.05410204898470999
0.0099,-0.0005,-2.0634667233792934,-0.00567528283230445,-0.04658113985991504
0.01,-0.0005,-1.7987826577864363,0.0,0.0
0.0,-0.0004,-2.7594499352915345,0.0,0.0
0.0001,-0.0004,-2.7640528282232446,-0.0024832960649126255,0.008849256597992836
0.0002,-0.0004,-2.8455696397350896,-0.005441471517799747,0.011651448709560334
0.0003,-0.0004,-2.912668782106027,-0.00763779955064375,0.012293782344280748
0.0004,-0.0004,-2.9910983133436972,-0.0077449744666546255,0.011516145380102913
0.0005,-0.0004,-3.1526603732990526,-0.0087678043724946,0.009811737021353135
0.0006,-0.0004,-3.2038453353332312,-0.009535543747280129,0.009934557231785426
0.0007,-0.0004,-3.276842142030451,-0.00946270560746509,0.009479571647340024
0.0008,-0.0004,-3.326854023293912,-0.008985796248160795,0.008339352735300842
0.0009,-0.0004,-3.3381677856050618,-0.00816256033465708,0.008224524202839303
0.001,-0.0004,-3.3545889896608676,-0.006704024056510091,0.007517809495863868
0.0011,-0.0004,-3.3538142143766385,-0.005513185556732064,0.007026900326864344
0.0012,-0.0004,-3.349087563932201,-0.0042633858387669836,0.006695831664526231
0.0013000000000000002,-0.0004,-3.34845175099114,-0.002735467362920742,0.006273782813379878
0.0014,-0.0004,-3.340832611873846,-0.0015822447458809772,0.006136795753498923
0.0015,-0.0004,-3.3360665281011657,0.0006593867912335037,0.006157403715822051
0.0016,-0.0004,-3.3266894287631112,0.0012940190281358621,0.006018522707013997
0.0017,-0.0004,-3.320529888290932,0.0032402859058442454,0.005804904147886249
0.0018,-0.0004,-3.325123134230763,0.005312044213121574,0.005672410468073221
0.0019,-0.0004,-3.327865424719486,0.007209612793527576,0.005419495656241336
0.002,-0.0004,-3.3261221030493147,0.009087674042548248,0.005426324012459692
0.0021,-0.0004,-3.325418678090276,0.010541075414464954,0.005344136649032112
0.0022,-0.0004,-3.3378597322733294,0.012014489486531969,0.005539303568445783
0.0023,-0.0004,-3.3440180887707913,0.013496977835654829,0.005278078678715738
0.0024,-0.0004,-3.370421129743674,0.015598521669675791,0.005365970983290638
0.0025,-0.0004,-3.3787827067601763,0.017243583917486708,0.005019764731055845
0.0026000000000000003,-0.0004,-3.414776207374825,0.019444062976627575,0.004866051397498405
0.0027,-0.0004,-3.4253489991561588,0.02095788761725668,0.004846924454780786
0.0028,-0.0004,-3.452971282259793,0.02261880518871818,0.004524175098655139
0.0029,-0.0004,-3.467673473764555,0.024381772931009658,0.004601532690954685
0.003,-0.0004,-3.493672911688272,0.02553963760979916,0.0045952001927786704
0.0031,-0.0004,-3.528318576799406,0.02740655513698353,0.004417872721523635
0.0032,-0.0004,-3.556876183508789,0.0287369158943275,0.004217253131837873
0.0033000000000000004,-0.0004,-3.588811273753833,0.030313391409018245,0.00406606947267252
0.0034,-0.0004,-3.6222934091029666,0.0317613293800972,0.003963147062971242
0.0034999999999999996,-0.0004,-3.6635650533740596,0.03303241976038278,0.003841372192911498
0.0036,-0.0004,-3.6887715138855484,0.03447446679604215,0.0037100043454333016
0.0037,-0.0004,-3.7178637597943203,0.03574625658777685,0.003447248275676804
0.0038,-0.0004,-3.749535680960795,0.03700957031276162,0.0033520459922477598
0.0039,-0.0004,-3.781070700236417,0.03832381039361826,0.0032424485731346736
0.004,-0.0004,-3.810831180829413,0.039254266672539014,0.0030855350763781524
0.0041,-0.0004,-3.8410966773757917,0.04045191043846812,0.002933861705716319
0.0042,-0.0004,-3.8675318637151666,0.04154999412695331,0.0027867176790467114
0.0043,-0.0004,-3.8952327473874164,0.04246195747017873,0.0026457952661263825
0.0044,-0.0004,-3.9206692811818327,0.04337901864186934,0.002500196024074339
0.0045,-0.0004,-3.9443999323779613,0.0444185120296013,0.002357906800802224
0.0046,-0.0004,-3.9666681967742465,0.0453244064755849,0.0022201527896711466
0.0047,-0.0004,-3.9876158451511126,0.04608191653299759,0.002081396734937854
0.0048,-0.0004,-4.005879718723525,0.04676888803932158,0.00195016843196741
0.0049,-0.0004,-4.0233611191700325,0.047613257045574,0.0018168797789311682
0.005,-0.0004,-4.039299151018344,0.04825165957482461,0.0016898779815394003
0.0051,-0.0004,-4.051881570936665,0.04887065842926616,0.0015619973779588848
0.005200000000000001,-0.0004,-4.063553502889555,0.04943014962687008,0.0014462167398819805
0.0053,-0.0004,-4.0735422798919965,0.05004153493431617,0.0013248576248057792
0.0054,-0.0004,-4.081343370523483,0.050517792648838426,0.0012144872621904894
0.0055,-0.0004,-4.087287931616194,0.05104347425793539,0.0011022341308010199
0.0056,-0.0004,-4.0908262639964965,0.051475492256469614,0.0009958470409927153
0.005700000000000001,-0.0004,-4.093359016625643,0.051854819321748374,0.0008937698574048403
0.0058,-0.0004,-4.092967528359874,0.05226495159331579,0.0007939644209110485
0.0059,-0.0004,-4.0917998944183855,0.05256332448206458,0.0007003669868820869
0.006,-0.0004,-4.088525659136597,0.05288720421351145,0.0006126561880802199
0.0061,-0.0004,-4.084708083874992,0.05312553922898782,0.0005220951707685274
0.0062,-0.0004,-4.079194699010346,0.053390140448776505,0.00043338425995541894
0.0063,-0.0004,-4.071721141206915,0.053580983159580375,0.0003540000365192084
0.0064,-0.0004,-4.0644023533570195,0.053728617165986384,0.0002625133157585983
0.006499999999999999,-0.0004,-4.052317041456098,0.053914210638812014,0.00019949859588674828
0.006600000000000001,-0.0004,-4.042204723962211,0.05397179784052445,0.0001082748463321207
0.0067,-0.0004,-4.028487099989357,0.05412525267548777,3.820448487149959e-05
0.0068,-0.0004,-4.015119105244471,0.05423197473143977,-3.848851176004309e-05
0.0069,-0.0004,-3.9997825747327957,0.05420562696692841,-0.00011614529421871673
0.006999999999999999,-0.0004,-3.983224740823468,0.05422108704128327,-0.00019834399402473575
0.007100000000000001,-0.0004,-3.964795341658111,0.05415014311861961,-0.00028036680668412894
0.0072,-0.0004,-3.946567608052693,0.05413699421426091,-0.0003771401829553979
0.0073,-0.0004,-3.9261068310810416,0.054031187231402,-0.0004574403000037938
0.0074,-0.0004,-3.903869779802608,0.054030100750951576,-0.0005559445636746082
0.0075,-0.0004,-3.8812961907325154,0.05376982305345928,-0.0006574922114769229
0.0076,-0.0004,-3.856119975648801,0.053610349656129375,-0.0007768353992200086
0.0077,-0.0004,-3.8266702199005302,0.05346160418992527,-0.0009180567781786626
0.0078,-0.0004,-3.7958649636681296,0.05323392401490436,-0.0010668840159367807
0.0079,-0.0004,-3.762893542419599,0.05279486528016515,-0.0012496234750575257
0.008,-0.0004,-3.724536178195409,0.05245067247816892,-0.0014424910639709238
0.0081,-0.0004,-3.682893495734792,0.05194152300277704,-0.0016825057835928672
0.0082,-0.0004,-3.6343529162827566,0.05132449131151795,-0.0019497953758128594
0.0083,-0.0004,-3.5808550533982566,0.05078811197628054,-0.0022379713714201473
0.0084,-0.0004,-3.525600464110793,0.05000037880153239,-0.0025861294593713053
0.0085,-0.0004,-3.459571159718059,0.04923408896072553,-0.0029889501727125216
0.0086,-0.0004,-3.383740621101444,0.04841460474452843,-0.003436272353660912
0.0087,-0.0004,-3.2981356983169294,0.04721692742484426,-0.003980667224014803
0.0088,-0.0004,-3.205406741860257,0.046064911294263364,-0.00459695497311038
0.0089,-0.0004,-3.094341986514549,0.04447297898068626,-0.005307661434486029
0.009,-0.0004,-2.9776547290405126,0.04266480405277593,-0.006244056211786388
0.0091,-0.0004,-2.842264314323258,0.04059412043926875,-0.007404853545388371
0.0092,-0.0004,-2.69970623207859,0.03801108577720084,-0.008772251043510471
0.0093,-0.0004,-2.541703206213559,0.034742826068260194,-0.010692834779164226
0.0094,-0.0004,-2.3907141455891447,0.03073270141641751,-0.014026663201417183
0.0095,-0.0004,-2.201772850184032,0.02532135120343997,-0.01878994354316368
0.0096,-0.0004,-2.0446966477139217,0.018178351984031827,-0.027272557189335106
0.0097,-0.0004,-1.9017461178202013,0.009466756957987002,-0.038415934426331226
0.0098,-0.0004,-1.7788583808129528,0.003157484845754763,-0.05160837389536313
0.0099,-0.0004,-1.5414326543590804,0.004133491325989609,-0.04673775588148273
0.01,-0.0004,-1.378793604324992,0.0,0.0
0.0,-0.0003,-2.378933977210553,0.0,0.0
0.0001,-0.0003,-2.4251193268469717,-0.003304572773345555,0.012265479468978914
0.0002,-0.0003,-2.6029847022023103,-0.006005106253590783,0.014238142738230925
0.0003,-0.0003,-2.8085957309889427,-0.006866295332336155,0.01344421028364707
0.0004,-0.0003,-3.0007307800637486,-0.006771798929901741,0.012325339398401908
0.0005,-0.0003,-3.135376416061423,-0.006939913971865261,0.01059473730538647
0.0006,-0.0003,-3.232356539078149,-0.005832602137408487,0.009340223781139764
0.0007,-0.0003,-3.2949576734569503,-0.00361235991571256,0.008263768532641385
0.0008,-0.0003,-3.34041436087503,-0.0024481335650596626,0.007526612353513745
0.0009,-0.0003,-3.366083830365199,-0.0006008076004428792,0.0066731745199405425
0.001,-0.0003,-3.36921325798139,0.0012948664958148206,0.006001836220078003
0.0011,-0.0003,-3.3676590200941803,0.0029539665618333617,0.005527404183405811
0.0012,-0.0003,-3.366343470776888,0.004968740283486785,0.0050881861187819545
0.0013000000000000002,-0.0003,-3.3562901041413182,0.006705150092908287,0.004784324141546513
0.0014,-0.0003,-3.340182352222903,0.008738957295829226,0.00458686591849159
0.0015,-0.0003,-3.3334902290337958,0.010341062607116758,0.0043685266223510285
0.0016,-0.0003,-3.3327028714493347,0.012148804028296092,0.004173148891566391
0.0017,-0.0003,-3.3276159880079104,0.014009319488023947,0.004118596588536634
0.0018,-0.0003,-3.3259024337711303,0.01574190976432928,0.003978987324933493
0.0019,-0.0003,-3.3226001706670494,0.017691070981403566,0.003597864884511997
0.002,-0.0003,-3.3206057399288778,0.019359454159676034,0.003545886360685219
0.0021,-0.0003,-3.324242800590886,0.02110582241368529,0.0036499169233575285
0.0022,-0.0003,-3.335652682624856,0.02257181275365656,0.0036476996167454263
0.0023,-0.0003,-3.3526437325035174,0.024437276625840814,0.003578522597921278
0.0024,-0.0003,-3.3785919934382953,0.026041588521564452,0.003658140636289274
0.0025,-0.0003,-3.3835792760583456,0.028100455309135793,0.003390522375500733
0.0026000000000000003,-0.0003,-3.416721773921404,0.029289700152649437,0.0032010860534105972
0.0027,-0.0003,-3.422375536965733,0.03099918404637631,0.0031878367503640074
0.0028,-0.0003,-3.449267315810548,0.032782781509725155,0.0031004208011790116
0.0029,-0.0003,-3.475006046608047,0.03433367300393215,0.003022684577261465
0.003,-0.0003,-3.4900287231816525,0.03588370384631904,0.002953592431313189
0.0031,-0.0003,-3.525127836563832,0.037330721729069524,0.0028483335509637475
0.0032,-0.0003,-3.553523112714664,0.038753373191459994,0.002794324789990372
0.0033000000000000004,-0.0003,-3.58629992138598,0.040189844838867665,0.00266068050177054
0.0034,-0.0003,-3.6185853248695103,0.0414398809955544,0.00262334088504544
0.0034999999999999996,-0.0003,-3.647637106167978,0.042858439680646114,0.0024440725640510683
0.0036,-0.0003,-3.6820238719408205,0.044092854765141826,0.002341454389420854
0.0037,-0.0003,-3.713697823567519,0.04529298214922983,0.0022452862678592326
0.0038,-0.0003,-3.7452231770371007,0.04645255085715736,0.0021975170491705816
0.0039,-0.0003,-3.774160391434093,0.0475235735415858,0.0020859479822678043
0.004,-0.0003,-3.8052572328660887,0.04872003909898784,0.001985639606903411
0.0041,-0.0003,-3.833671620056381,0.04968694061034532,0.0018888923375684945
0.0042,-0.0003,-3.861795843613956,0.05068309359845791,0.0017906595295583535
0.0043,-0.0003,-3.889324806490342,0.051635049389929605,0.0017008575531264698
0.0044,-0.0003,-3.915286764208291,0.052515088854432956,0.001589057443619095
0.0045,-0.0003,-3.9382613180696167,0.05331871747067736,0.0015049078062800406
0.0046,-0.0003,-3.961334273770615,0.054156411104860164,0.0014122400953290263
0.0047,-0.0003,-3.9815588621732236,0.05487811700507233,0.0013194340234517826
0.0048,-0.0003,-3.9998964187247577,0.05558979968415539,0.0012281609432780857
0.0049,-0.0003,-4.018337197020966,0.0563226612186579,0.0011369623031389925
0.005,-0.0003,-4.033598333572582,0.05690220988808306,0.0010583459491053024
0.0051,-0.0003,-4.046767060919454,0.05747566012890229,0.0009609528935539026
0.005200000000000001,-0.0003,-4.058367419604038,0.05800466880988972,0.0008886581248889214
0.0053,-0.0003,-4.068264472047066,0.058588119558069446,0.0008133245051912051
0.0054,-0.0003,-4.0762210601541655,0.05900302626050631,0.0007372930560475311
0.0055,-0.0003,-4.081878933484017,0.05943391815586399,0.0006667861342019489
0.0056,-0.0003,-4.086431488788905,0.05986219040927923,0.0005970473182124835
0.005700000000000001,-0.0003,-4.0880980976259504,0.06018964915674635,0.000530790406673841
0.0058,-0.0003,-4.0891216134598976,0.06049219441111763,0.00046510794105164663
0.0059,-0.0003,-4.087843823221403,0.06087595126577338,0.00040032041251614246
0.006,-0.0003,-4.0848758259669165,0.06114767510204641,0.0003379941299215383
0.0061,-0.0003,-4.07960470693377,0.06128332065929745,0.000286168247732456
0.0062,-0.0003,-4.072745908608777,0.06147012524134787,0.00023575934099381545
0.0063,-0.0003,-4.06627562574936,0.06161020113631166,0.00018430633941656676
0.0064,-0.0003,-4.058381571470725,0.06195276062214292,0.00012804148186926304
0.006499999999999999,-0.0003,-4.048928572172108,0.0619252028810717,7.407286772751745e-05
0.006600000000000001,-0.0003,-4.038040200650558,0.06200113851302289,1.3175264443045168e-05
0.0067,-0.0003,-4.023999777387679,0.06206280827887256,-4.710298597577198e-05
0.0068,-0.0003,-4.009773457042696,0.06206339572712636,-7.56238135140605e-05
0.0069,-0.0003,-3.9951086828917206,0.062114599018332634,-0.00012695835685518284
0.006999999999999999,-0.0003,-3.9769223229688566,0.062074247904710216,-0.00017525921666838049
0.007100000000000001,-0.0003,-3.9598446916535592,0.06221432796713351,-0.00022872055444202283
0.0072,-0.0003,-3.9394156298337806,0.06197954485131703,-0.00028393988609692856
0.0073,-0.0003,-3.9185621079613635,0.062009218595943376,-0.00035405741195806766
0.0074,-0.0003,-3.8956753740435888,0.061957403760845645,-0.0004133017771902586
0.0075,-0.0003,-3.871399267489711,0.06146454119472697,-0.0004817219036236928
0.0076,-0.0003,-3.844297386932535,0.06157656678193371,-0.0005790129885727296
0.0077,-0.0003,-3.8147623273115276,0.06106692124104462,-0.0006698803040649951
0.0078,-0.0003,-3.782693622527411,0.0608895708912262,-0.0007654725003876455
0.0079,-0.0003,-3.746501446634215,0.060618344876165665,-0.0008870063158765388
0.008,-0.0003,-3.7057305555499727,0.060238845878801045,-0.0010322744200670943
0.0081,-0.0003,-3.6623873028576894,0.05994752513640749,-0.001184865764302016
0.0082,-0.0003,-3.6140957800266045,0.05913420103265604,-0.0013631912503755794
0.0083,-0.0003,-3.557071159113566,0.05867398588790103,-0.001572940478547997
0.0084,-0.0003,-3.496294611851255,0.05772975158538416,-0.0018136147318195837
0.0085,-0.0003,-3.422225438150213,0.05684726132193303,-0.0020838277794644916
0.0086,-0.0003,-3.340436878100455,0.05605341289222078,-0.0024100085403739122
0.0087,-0.0003,-3.2513332636772936,0.05478643143349149,-0.0027807559354197688
0.0088,-0.0003,-3.1437894454545066,0.05354672633651243,-0.0032082156268766026
0.0089,-0.0003,-3.0338383883040616,0.0521996873466124,-0.003731531553592885
0.009,-0.0003,-2.896849481741981,0.05065783137994441,-0.004281483327734476
0.0091,-0.0003,-2.7582262265687767,0.04823740494897708,-0.005085975744104064
0.0092,-0.0003,-2.585577202687817,0.04610857417819641,-0.006021176878304308
0.0093,-0.0003,-2.4110086695045276,0.04308115481515627,-0.007295655893599432
0.0094,-0.0003,-2.2198588405660606,0.03918678130124242,-0.009481360726507718
0.0095,-0.0003,-2.0196453240026147,0.03416272396164096,-0.012987429680758498
0.0096,-0.0003,-1.8262974334626627,0.027060478060321587,-0.01910157064379829
0.0097,-0.0003,-1.6151017743346048,0.017793029197567246,-0.03022403986628428
0.0098,-0.0003,-1.3229138916068923,0.0076949902182608335,-0.042242187340699
0.0099,-0.0003,-1.2801649147921639,0.0007564689395410885,-0.04711934840030522
0.01,-0.0003,-1.2326712185935413,0.0,0.0
0.0,-0.0002,-1.8263634188176514,0.0,0.0
0.0001,-0.0002,-2.0649599659158007,-0.0029094821960166358,0.015903572001675498
0.0002,-0.0002,-2.4536215156791665,-0.0046851919759939836,0.015661479711128534
0.0003,-0.0002,-2.7422121524047225,-0.0020600183702160694,0.013187816483003484
0.0004,-0.0002,-3.006401220921352,0.001431490118131314,0.010573184765610148
0.0005,-0.0002,-3.1634836099319052,0.004017678928465019,0.00874851675845912
0.0006,-0.0002,-3.2683361800489075,0.007342024334975142,0.007409265090350287
0.0007,-0.0002,-3.328029660826232,0.010608214394882258,0.006243692099125246
0.0008,-0.0002,-3.3646012303625823,0.013306244969731646,0.005199561981004981
0.0009,-0.0002,-3.380276490289423,0.015935673300449295,0.004550567710712764
0.001,-0.0002,-3.3876530596252485,0.01844521529454661,0.0039393225131131955
0.0011,-0.0002,-3.381545357192798,0.020585313892071744,0.0035699940266201097
0.0012,-0.0002,-3.3762386583179764,0.022692365403547493,0.0031997197646267948
0.0013000000000000002,-0.0002,-3.361353895932766,0.024744213409287365,0.0029450260015743785
0.0014,-0.0002,-3.349084348704615,0.026557690203952468,0.002738330825918534
0.0015,-0.0002,-3.34438617895691,0.02856637847818068,0.002601150804045247
0.0016,-0.0002,-3.333899212844091,0.03063913410404491,0.002431052890367867
0.0017,-0.0002,-3.333583611796389,0.0320457965549929,0.0022961522132992
0.0018,-0.0002,-3.3240523520690686,0.0338247240431731,0.002229739004884826
0.0019,-0.0002,-3.32219207748309,0.03515498217828791,0.0021546265141394543
0.002,-0.0002,-3.323469403115015,0.03692361053174614,0.002095465380493306
0.0021,-0.0002,-3.322306526899653,0.03848492443233931,0.00208525517853643
0.0022,-0.0002,-3.330842157504572,0.03991304544554557,0.002070922129159654
0.0023,-0.0002,-3.347867657221191,0.04152520504812601,0.002019841578669295
0.0024,-0.0002,-3.367943148564219,0.04281248190975493,0.0019094806218817627
0.0025,-0.0002,-3.382669534831571,0.04433608910241604,0.001760190925106232
0.0026000000000000003,-0.0002,-3.3998932086130216,0.04571213367277225,0.0017221619187725143
0.0027,-0.0002,-3.4144291232977153,0.04717559743801487,0.0016964842632383637
0.0028,-0.0002,-3.4346799898680014,0.04850719039473868,0.001677198970566686
0.0029,-0.0002,-3.46910796817604,0.04963203229235711,0.0016596781657057644
0.003,-0.0002,-3.4921937638299645,0.050892403247185164,0.0016245919827528766
0.0031,-0.0002,-3.5203953586340053,0.05222370879024621,0.0015066069549512
0.0032,-0.0002,-3.550188356226158,0.05308653469235228,0.0014842067160141287
0.0033000000000000004,-0.0002,-3.5787041896904146,0.0542127844327294,0.00142599629799939
0.0034,-0.0002,-3.611041460552393,0.05547590426673508,0.00138928765697811
0.0034999999999999996,-0.0002,-3.6396788131107494,0.05658548439883501,0.0013421971455976794
0.0036,-0.0002,-3.676883093647713,0.05770002565486929,0.001255505284804661
0.0037,-0.0002,-3.706573707612724,0.05877719380398049,0.0012187498594162316
0.0038,-0.0002,-3.739138645768582,0.05965978557099416,0.0011245453791102061
0.0039,-0.0002,-3.7684350326635947,0.06067910850067736,0.0010802453895191525
0.004,-0.0002,-3.7987681017691313,0.06131202179332756,0.0010452974186667319
0.0041,-0.0002,-3.8284411844814232,0.06206984880982058,0.0009766188375816814
0.0042,-0.0002,-3.8567699447561905,0.06280310425627203,0.0009136375985933211
0.0043,-0.0002,-3.8830193902075116,0.06380566188031134,0.0008800329449219307
0.0044,-0.0002,-3.909580685567895,0.06443718707163,0.0008292198648125152
0.0045,-0.0002,-3.9324878092200297,0.06494449850358935,0.0007757369969447327
0.0046,-0.0002,-3.955554097245654,0.06549120307722556,0.0007161401897932933
0.0047,-0.0002,-3.976643910413929,0.06615103194636361,0.0006684914710390452
0.0048,-0.0002,-3.9963192924738697,0.06670110910532522,0.0006161638534117316
0.0049,-0.0002,-4.013481533520359,0.06732041923260607,0.0005703581534702884
0.005,-0.0002,-4.029578926056646,0.0678166392280296,0.0005136361527433939
0.0051,-0.0002,-4.042455072414157,0.06830970076169715,0.00047935182872754886
0.005200000000000001,-0.0002,-4.054909167809075,0.06876469772839688,0.00043357029231857905
0.0053,-0.0002,-4.06484413746559,0.06905022971817805,0.0003891324763781578
0.0054,-0.0002,-4.07242668326789,0.06941697862528355,0.00035028708213704675
0.0055,-0.0002,-4.078443798439337,0.0697297518246137,0.0003098177846523955
0.0056,-0.0002,-4.08281917734318,0.07005243016054098,0.00027015495882738147
0.005700000000000001,-0.0002,-4.085202190043743,0.07024448050928571,0.00023987099503598394
0.0058,-0.0002,-4.085920647840323,0.07039578572866372,0.00020220667126663833
0.0059,-0.0002,-4.084866932392331,0.07058471740696928,0.00017958315202787467
0.006,-0.0002,-4.082264586261114,0.07075140168304779,0.00014487005181165912
0.0061,-0.0002,-4.077744139598763,0.07097055343419427,0.00011163932410937266
0.0062,-0.0002,-4.071475807952934,0.07096015188892871,8.874981276770808e-05
0.0063,-0.0002,-4.063248482491593,0.07123827120605015,7.737277677853864e-05
0.0064,-0.0002,-4.055202389285204,0.07134488298461196,5.3557986406878856e-05
0.006499999999999999,-0.0002,-4.044894712995558,0.0712102765340083,4.234166962591203e-06
0.006600000000000001,-0.0002,-4.031871580753989,0.07145936611419325,-6.377342187611075e-05
0.0067,-0.0002,-4.020229843729762,0.07137059971272723,-5.803748610729123e-05
0.0068,-0.0002,-4.004621237634883,0.07133506869422081,-8.055328556857901e-05
0.0069,-0.0002,-3.9894997576357927,0.07141501990068487,-0.00010700453627928275
0.006999999999999999,-0.0002,-3.9718587576056312,0.07135345137460823,-0.00013666852929522622
0.007100000000000001,-0.0002,-3.9528332917744704,0.07120544641784014,-0.00016642065932086312
0.0072,-0.0002,-3.93265720825342,0.07106067855257231,-0.00019919974766593012
0.0073,-0.0002,-3.911572347692846,0.07124627478756639,-0.0002345418445070015
0.0074,-0.0002,-3.8882309930038477,0.07087532967992942,-0.00027011877580642823
0.0075,-0.0002,-3.861566528414664,0.07054999234808275,-0.0003068815517753312
0.0076,-0.0002,-3.834402238563315,0.07049646617415377,-0.0003541022642650639
0.0077,-0.0002,-3.8034063671479714,0.07036530255351163,-0.00040917601764344034
0.0078,-0.0002,-3.7706372607896914,0.06984192313904945,-0.00047084227831437655
0.0079,-0.0002,-3.7319807347746394,0.06983561809712531,-0.0005379904486043815
0.008,-0.0002,-3.6910215034744778,0.06923737089371919,-0.0006158445369071366
0.0081,-0.0002,-3.6427999924187393,0.06883445613795573,-0.0007096322687896956
0.0082,-0.0002,-3.591645567024526,0.06851152208104865,-0.000813858502200791
0.0083,-0.0002,-3.5357279044797245,0.06768431936819926,-0.0009334680904531895
0.0084,-0.0002,-3.4679399340941703,0.06718760407878896,-0.001078436581638006
0.0085,-0.0002,-3.394616254853279,0.06645904823601301,-0.0012463558805086601
0.0086,-0.0002,-3.310121477344629,0.065487109649358,-0.001433562930882246
0.0087,-0.0002,-3.209409390984364,0.06438803657831561,-0.0016492565622257612
0.0088,-0.0002,-3.1036960272689145,0.0633143331137781,-0.0018806599425460317
0.0089,-0.0002,-2.979447759461158,0.061864638168707076,-0.002169584988725077
0.009,-0.0002,-2.8364244840898296,0.060423715092397336,-0.002550484711439569
0.0091,-0.0002,-2.673350426996199,0.05843148845331354,-0.00300439498092649
0.0092,-0.0002,-2.487895790683265,0.0562118132844087,-0.0035452520570616835
0.0093,-0.0002,-2.288968141140757,0.05368882954316717,-0.004273646713022193
0.0094,-0.0002,-2.0687721922487547,0.05028854247311254,-0.005437687372879362
0.0095,-0.0002,-1.8163537086772836,0.0459538355160084,-0.007360786724641666
0.0096,-0.0002,-1.5406999549179583,0.039036670673331754,-0.010890067768893369
0.0097,-0.0002,-1.262389621681712,0.03019698937626681,-0.01918964581283381
0.0098,-0.0002,-1.1018534761082959,0.018169248225167734,-0.029267927373607408
0.0099,-0.0002,-0.9835522076725953,0.0039062481422943635,-0.04088260563868665
0.01,-0.0002,-0.7917453270550288,0.0,0.0
0.0,-0.0001,-0.7611267504711445,0.0,0.0
0.0001,-0.0001,-1.3529310141678281,0.009048440588638467,0.012215686966314223
0.0002,-0.0001,-2.231984254295817,0.014038525754537283,0.009829233991200986
0.0003,-0.0001,-2.6993413959615875,0.022331908826828426,0.007737555318025668
0.0004,-0.0001,-3.011834341870013,0.02849378638484982,0.006073983511104584
0.0005,-0.0001,-3.1830478576508963,0.03343621842351228,0.004655459038388537
0.0006,-0.0001,-3.2878008201080267,0.03764369580350411,0.0037248788192986966
0.0007,-0.0001,-3.347228043473731,0.04132794166891508,0.0029347277731170494
0.0008,-0.0001,-3.3778299686788524,0.0441467182844288,0.002431954288784638
0.0009,-0.0001,-3.392937221981591,0.046775268165489804,0.0020203258666104187
0.001,-0.0001,-3.3963015185531793,0.048725182503136705,0.001711301720011644
0.0011,-0.0001,-3.3897115140565024,0.05088536103055167,0.0014829770186663017
0.0012,-0.0001,-3.3800896343058713,0.05249855517632662,0.00132003035848948
0.0013000000000000002,-0.0001,-3.36887160765451,0.0536511842401706,0.0011777631414613605
0.0014,-0.0001,-3.35658215045469,0.05523906337164463,0.0010801876502834187
0.0015,-0.0001,-3.3483712417832696,0.05667533995391714,0.0009957120088729767
0.0016,-0.0001,-3.3378786178947366,0.05790850323787175,0.0009358269716041985
0.0017,-0.0001,-3.3298593623819213,0.05891763702800197,0.00084297838196922
0.0018,-0.0001,-3.330585629720344,0.06012404181277923,0.0008444402508380006
0.0019,-0.0001,-3.321038066172115,0.06098741417027059,0.0008487325402012811
0.002,-0.0001,-3.3225635334606296,0.06225474031952995,0.0008008777794902633
0.0021,-0.0001,-3.3318615597619163,0.06311984312411227,0.0007534154678021549
0.0022,-0.0001,-3.3368528796428243,0.06399222020056297,0.0007483414194243243
0.0023,-0.0001,-3.3508663773948726,0.06505548462282389,0.000709201419301477
0.0024,-0.0001,-3.3642261497498542,0.06581921842470458,0.0006871833890116936
0.0025,-0.0001,-3.374279028486155,0.0666198505095513,0.0006580930144237424
0.0026000000000000003,-0.0001,-3.3958164286009787,0.06787540934754643,0.0006481552508819503
0.0027,-0.0001,-3.41558018819463,0.06851243702884889,0.0006082331686200681
0.0028,-0.0001,-3.4399437304262253,0.06919141734321498,0.0005813232402607603
0.0029,-0.0001,-3.4644245031880483,0.06977705464957273,0.0005764801519499346
0.003,-0.0001,-3.4928224430564296,0.07085935060386447,0.0005556705319723004
0.0031,-0.0001,-3.520174183471941,0.07130423612600434,0.0005462963536688462
0.0032,-0.0001,-3.546791689980465,0.07232801270760852,0.0005364435365196863
0.0033000000000000004,-0.0001,-3.576810053867592,0.07251017621488229,0.0005040650575566064
0.0034,-0.0001,-3.608576916605321,0.07352016621218296,0.00048433424200722833
0.0034999999999999996,-0.0001,-3.640794182467313,0.07399381525641212,0.0004753560871003947
0.0036,-0.0001,-3.670656250653868,0.07447645110187721,0.00045098360544620973
0.0037,-0.0001,-3.7034178634431196,0.07536934030189649,0.00041481381562864165
0.0038,-0.0001,-3.7341955732631233,0.07596206867898059,0.00038938561271504527
0.0039,-0.0001,-3.76755283602636,0.07627988224063154,0.0003672149780294394
0.004,-0.0001,-3.796295132289903,0.07673118129905748,0.00035713093918826903
0.0041,-0.0001,-3.8252130321055335,0.07734522760121915,0.0003338668871805951
0.0042,-0.0001,-3.8531807217368885,0.07765461716061789,0.000312038364868104
0.0043,-0.0001,-3.879364171575441,0.07823766572049935,0.00029696442053096485
0.0044,-0.0001,-3.9067304793360798,0.07848617403475447,0.00026962726004069464
0.0045,-0.0001,-3.9310698963920436,0.0788724330209365,0.0002504204804472785
0.0046,-0.0001,-3.9532179362082065,0.0792714855922585,0.00023020994585169703
0.0047,-0.0001,-3.9743398483432912,0.0796948633840309,0.00021578578207351575
0.0048,-0.0001,-3.9940378392571647,0.07987561571502184,0.0002044084983455673
0.0049,-0.0001,-4.010426928747499,0.08009621862113799,0.0001767743258082826
0.005,-0.0001,-4.026389046515299,0.08032915836270536,0.00016315042698664126
0.0051,-0.0001,-4.0399032269851505,0.0806401335627754,0.00014995301962946107
0.005200000000000001,-0.0001,-4.052322011205342,0.08073743498924293,0.0001336652919792066
0.0053,-0.0001,-4.062294921140755,0.0809799243010829,0.0001178142313336096
0.0054,-0.0001,-4.070024576611641,0.08111451963111721,0.00010197160059916941
0.0055,-0.0001,-4.076471259142917,0.0813065913575004,8.968524262056304e-05
0.0056,-0.0001,-4.080219767659818,0.08149311834992784,7.490969927068721e-05
0.005700000000000001,-0.0001,-4.082939659538234,0.08149494469330774,6.591288593364116e-05
0.0058,-0.0001,-4.08402370799052,0.08172556013557192,6.257801127824327e-05
0.0059,-0.0001,-4.082227290479016,0.08180639531557661,5.2663718550128605e-05
0.006,-0.0001,-4.080191495766032,0.08180733290784586,3.5794811190963715e-05
0.0061,-0.0001,-4.076263303228064,0.08185762071592788,1.6737176300344518e-05
0.0062,-0.0001,-4.069624173790795,0.08189688483163088,1.9068194078376567e-05
0.0063,-0.0001,-4.059941521374443,0.08191605041577274,1.831672576650762e-05
0.0064,-0.0001,-4.0524016859971965,0.0818785782112223,4.983524781303593e-06
0.006499999999999999,-0.0001,-4.041479083656568,0.08191558416497144,-1.6818241915035114e-05
0.006600000000000001,-0.0001,-4.030580444726812,0.08190361322296011,-2.0143755773701922e-05
0.0067,-0.0001,-4.0167835256336915,0.08175773429483522,-2.441206133193539e-05
0.0068,-0.0001,-4.001794698266321,0.08192289121817062,-4.4166138214940575e-05
0.0069,-0.0001,-3.985582834175451,0.08182185622670515,-5.403540298323732e-05
0.006999999999999999,-0.0001,-3.9678276307898086,0.08183599062454718,-6.701118046555927e-05
0.007100000000000001,-0.0001,-3.948676109084782,0.08167233957955364,-7.812502398694556e-05
0.0072,-0.0001,-3.9292135846858156,0.08150595044025372,-8.867071494417353e-05
0.0073,-0.0001,-3.906637754621607,0.0815273899971507,-0.00010286041987731209
0.0074,-0.0001,-3.8818313100651793,0.0812406856240475,-0.00011704355189310545
0.0075,-0.0001,-3.856299133582328,0.08110168853878834,-0.00013136466884425862
0.0076,-0.0001,-3.8272215004546073,0.08109162664470004,-0.0001497513629075546
0.0077,-0.0001,-3.795403340840125,0.08088204114095215,-0.0001689110035292106
0.0078,-0.0001,-3.7613276986203465,0.08065552660270098,-0.00019418316617738008
0.0079,-0.0001,-3.722843773829286,0.08031676645386827,-0.00022064397734763327
0.008,-0.0001,-3.6796811814023704,0.08005483590773436,-0.00025151290548782455
0.0081,-0.0001,-3.633784634843986,0.07976068715922074,-0.00028655893521306944
0.0082,-0.0001,-3.58080029808171,0.07938922372232643,-0.0003305715237813739
0.0083,-0.0001,-3.519718751999084,0.07903168787782056,-0.0003747900323062788
0.0084,-0.0001,-3.452690212731153,0.07853317218175049,-0.0004331994199313991
0.0085,-0.0001,-3.3768466073599384,0.0778664872723801,-0.0004971891770342252
0.0086,-0.0001,-3.2857233350992825,0.07725663399405923,-0.0005696282652182319
0.0087,-0.0001,-3.1846962329164334,0.07652162988631386,-0.0006597919634205241
0.0088,-0.0001,-3.0691379590320675,0.07570043529065723,-0.0007698316736771152
0.0089,-0.0001,-2.938743938011167,0.07476399646794164,-0.0008928347758717381
0.009,-0.0001,-2.786790040027283,0.07354326801888651,-0.0010347318322668196
0.0091,-0.0001,-2.6174639740862187,0.07229151531429567,-0.0012115019557725178
0.0092,-0.0001,-2.4207813636929383,0.07069837609785433,-0.0014091748152785667
0.0093,-0.0001,-2.1971550994344504,0.06884331177930096,-0.0017251308412396472
0.0094,-0.0001,-1.958882914906958,0.06650685969928619,-0.002129135420938935
0.0095,-0.0001,-1.6687760207247029,0.06332373009980312,-0.0028808370795269152
0.0096,-0.0001,-1.3623093475600156,0.05861321550529505,-0.004327683148374456
0.0097,-0.0001,-1.0164297265262916,0.05244308333887598,-0.007528021539034724
0.0098,-0.0001,-0.7472131715409908,0.03787317370903264,-0.014425660315121694
0.0099,-0.0001,-0.5611988237125787,0.02322998351389284,-0.02172508488328382
0.01,-0.0001,-0.19661203083207276,0.0,0.0
0.0,0.0,0.0,0.1,0.0
0.0001,0.0,-0.750360807127094,0.1,0.0
0.0002,0.0,-1.9523012434719649,0.1,0.0
0.0003,0.0,-2.640497417519225,0.1,0.0
0.0004,0.0,-2.99471264281246,0.1,0.0
0.0005,0.0,-3.1700493455749865,0.1,0.0
0.0006,0.0,-3.2911984513134405,0.1,0.0
0.0007,0.0,-3.350432316051449,0.1,0.0
0.0008,0.0,-3.383907829688631,0.1,0.0
0.0009,0.0,-3.3941079158052267,0.1,0.0
0.001,0.0,-3.397968000941465,0.1,0.0
0.0011,0.0,-3.3925764948359904,0.1,0.0
0.0012,0.0,-3.381704473721874,0.1,0.0
0.0013000000000000002,0.0,-3.370627507416942,0.1,0.0
0.0014,0.0,-3.359072051099291,0.1,0.0
0.0015,0.0,-3.3503517089867607,0.1,0.0
0.0016,0.0,-3.3397134344862285,0.1,0.0
0.0017,0.0,-3.333888848425841,0.1,0.0
0.0018,0.0,-3.3271726389934546,0.1,0.0
0.0019,0.0,-3.324899563896102,0.1,0.0
0.002,0.0,-3.3202963950157747,0.1,0.0
0.0021,0.0,-3.332007941382149,0.1,0.0
0.0022,0.0,-3.3475615947061317,0.1,0.0
0.0023,0.0,-3.3539869365139903,0.1,0.0
0.0024,0.0,-3.3595224651647366,0.1,0.0
0.0025,0.0,-3.381666844745941,0.1,0.0
0.0026000000000000003,0.0,-3.4009290905109335,0.1,0.0
0.0027,0.0,-3.41576490400055,0.1,0.0
0.0028,0.0,-3.4394076584710938,0.1,0.0
0.0029,0.0,-3.4646191871411456,0.1,0.0
0.003,0.0,-3.489084292427838,0.1,0.0
0.0031,0.0,-3.518992988625022,0.1,0.0
0.0032,0.0,-3.5452970487318045,0.1,0.0
0.0033000000000000004,0.0,-3.5776512433390524,0.1,0.0
0.0034,0.0,-3.608175454128668,0.1,0.0
0.0034999999999999996,0.0,-3.637263177425245,0.1,0.0
0.0036,0.0,-3.6716439502197167,0.1,0.0
0.0037,0.0,-3.7010579228936673,0.1,0.0
0.0038,0.0,-3.7347338226066333,0.1,0.0
0.0039,0.0,-3.764448955713068,0.1,0.0
0.004,0.0,-3.7938658478446308,0.1,0.0
0.0041,0.0,-3.8242772285813156,0.1,0.0
0.0042,0.0,-3.8518846173399663,0.1,0.0
0.0043,0.0,-3.8788692414341877,0.1,0.0
0.0044,0.0,-3.905401901976663,0.1,0.0
0.0045,0.0,-3.928999861716974,0.1,0.0
0.0046,0.0,-3.9513056598602825,0.1,0.0
0.0047,0.0,-3.9726030058735855,0.1,0.0
0.0048,0.0,-3.992710091890872,0.1,0.0
0.0049,0.0,-4.00970185362328,0.1,0.0
0.005,0.0,-4.025732374296997,0.1,0.0
0.0051,0.0,-4.039204264717941,0.1,0.0
0.005200000000000001,0.0,-4.051663745636478,0.1,0.0
0.0053,0.0,-4.061256340095109,0.1,0.0
0.0054,0.0,-4.069342230591566,0.1,0.0
0.0055,0.0,-4.075570069469147,0.1,0.0
0.0056,0.0,-4.078891487620926,0.1,0.0
0.005700000000000001,0.0,-4.082231655878266,0.1,0.0
0.0058,0.0,-4.083067762078374,0.1,0.0
0.0059,0.0,-4.081931972465708,0.1,0.0
0.006,0.0,-4.077820624490995,0.1,0.0
0.0061,0.0,-4.073066020223637,0.1,0.0
0.0062,0.0,-4.069055423982807,0.1,0.0
0.0063,0.0,-4.061073173021998,0.1,0.0
0.0064,0.0,-4.048080407290904,0.1,0.0
0.006499999999999999,0.0,-4.039638471467681,0.1,0.0
0.006600000000000001,0.0,-4.030459078133044,0.1,0.0
0.0067,0.0,-4.015800591671552,0.1,0.0
0.0068,0.0,-3.999708546877933,0.1,0.0
0.0069,0.0,-3.9840987521520868,0.1,0.0
0.006999999999999999,0.0,-3.9674179660084,0.1,0.0
0.007100000000000001,0.0,-3.946738572591716,0.1,0.0
0.0072,0.0,-3.926973691738133,0.1,0.0
0.0073,0.0,-3.904769904746217,0.1,0.0
0.0074,0.0,-3.8808389415846407,0.1,0.0
0.0075,0.0,-3.853570899031031,0.1,0.0
0.0076,0.0,-3.824167320927136,0.1,0.0
0.0077,0.0,-3.793379772176034,0.1,0.0
0.0078,0.0,-3.757271950843524,0.1,0.0
0.0079,0.0,-3.7211240434808532,0.1,0.0
0.008,0.0,-3.67757037854614,0.1,0.0
0.0081,0.0,-3.6293738915064453,0.1,0.0
0.0082,0.0,-3.576224654980477,0.1,0.0
0.0083,0.0,-3.5165258533305415,0.1,0.0
0.0084,0.0,-3.4423999879617297,0.1,0.0
0.0085,0.0,-3.3667420847940064,0.1,0.0
0.0086,0.0,-3.279021053928558,0.1,0.0
0.0087,0.0,-3.1752484477857332,0.1,0.0
0.0088,0.0,-3.0607871330019707,0.1,0.0
0.0089,0.0,-2.9284281114517063,0.1,0.0
0.009,0.0,-2.774565532456304,0.1,0.0
0.0091,0.0,-2.6032262764815997,0.1,0.0
0.0092,0.0,-2.3995010401895804,0.1,0.0
0.0093,0.0,-2.173236058799797,0.1,0.0
0.0094,0.0,-1.9104235191280008,0.1,0.0
0.0095,0.0,-1.6132576045681897,0.1,0.0
0.0096,0.0,-1.2870458470407178,0.1,0.0
0.0097,0.0,-0.9091284928862117,0.1,0.0
0.0098,0.0,-0.5503936070438337,0.1,0.0
0.0099,0.0,-0.5234557957980994,0.1,0.0
0.01,0.0,-0.5780234860253252,0.1,0.0
