x-coordinate,y-coordinate,pressure,x-velocity,y-velocity
0.0,-0.01,0.1970594435073693,0.0,0.0
0.0001,-0.01,0.07064656705069237,0.0,0.0
0.0002,-0.01,0.10498126255535997,0.0,0.0
0.0003,-0.01,0.09711898393852546,0.0,0.0
0.0004,-0.01,-0.6838717515584057,0.0,0.0
0.0005,-0.01,0.16826537733224742,0.0,0.0
0.0006,-0.01,0.07772989801447079,0.0,0.0
0.0007,-0.01,0.06059308541441181,0.0,0.0
0.0008,-0.01,0.28142513385314144,0.0,0.0
0.0009,-0.01,0.08792253322139684,0.0,0.0
0.001,-0.01,0.09563391573808468,0.0,0.0
0.0011,-0.01,0.2106233520947829,0.0,0.0
0.0012,-0.01,0.1455578942241854,0.0,0.0
0.0013000000000000002,-0.01,0.08467844091908401,0.0,0.0
0.0014,-0.01,0.10554030964038978,0.0,0.0
0.0015,-0.01,-0.02578727746909206,0.0,0.0
0.0016,-0.01,0.02190148440648121,0.0,0.0
0.0017,-0.01,0.7502586982079649,0.0,0.0
0.0018,-0.01,0.08542250812827462,0.0,0.0
0.0019,-0.01,0.7306186894589907,0.0,0.0
0.002,-0.01,0.03529409309309477,0.0,0.0
0.0021,-0.01,-1.8628362269344432,0.0,0.0
0.0022,-0.01,0.10038736183453002,0.0,0.0
0.0023,-0.01,-8.502907272104986,0.0,0.0
0.0024,-0.01,0.07900443713903216,0.0,0.0
0.0025,-0.01,5.232739439222693,0.0,0.0
0.0026000000000000003,-0.01,0.08608399602155065,0.0,0.0
0.0027,-0.01,-1.9908074263023587,0.0,0.0
0.0028,-0.01,5.736359799339055,0.0,0.0
0.0029,-0.01,0.028008940183986385,0.0,0.0
0.003,-0.01,1.1796441491421814,0.0,0.0
0.0031,-0.01,-10.473532984303056,0.0,0.0
0.0032,-0.01,0.04979282659731552,0.0,0.0
0.0033000000000000004,-0.01,0.05488831642861353,0.0,0.0
0.0034,-0.01,0.05864626525997691,0.0,0.0
0.0034999999999999996,-0.01,0.05424943162520708,0.0,0.0
0.0036,-0.01,0.05015909828384283,0.0,0.0
0.0037,-0.01,0.052202129689872465,0.0,0.0
0.0038,-0.01,0.051018223019258756,0.0,0.0
0.0039,-0.01,0.049659411513090314,0.0,0.0
0.004,-0.01,0.047759685807539504,0.0,0.0
0.0041,-0.01,0.04976004593025251,0.0,0.0
0.0042,-0.01,0.04907302192823436,0.0,0.0
0.0043,-0.01,0.050354729366480895,0.0,0.0
0.0044,-0.01,0.05077174893549479,0.0,0.0
0.0045,-0.01,0.05098336365232438,0.0,0.0
0.0046,-0.01,0.051652460342968255,0.0,0.0
0.0047,-0.01,0.051911212744909445,0.0,0.0
0.0048,-0.01,0.053198661884054366,0.0,0.0
0.0049,-0.01,0.05379464362768584,0.0,0.0
0.005,-0.01,0.05473289209666757,0.0,0.0
0.0051,-0.01,0.05633441002135486,0.0,0.0
0.005200000000000001,-0.01,0.05671322253442159,0.0,0.0
0.0053,-0.01,0.05848668805353576,0.0,0.0
0.0054,-0.01,0.059695447091769556,0.0,0.0
0.0055,-0.01,0.06063553656347937,0.0,0.0
0.0056,-0.01,0.06142124598926734,0.0,0.0
0.005700000000000001,-0.01,0.0628447518868252,0.0,0.0
0.0058,-0.01,0.06379686351871541,0.0,0.0
0.0059,-0.01,0.06421723509378277,0.0,0.0
0.006,-0.01,0.06480522433832439,0.0,0.0
0.0061,-0.01,0.06591665543992008,0.0,0.0
0.0062,-0.01,0.06437011369552006,0.0,0.0
0.0063,-0.01,0.06462255553807496,0.0,0.0
0.0064,-0.01,0.06398354684164193,0.0,0.0
0.006499999999999999,-0.01,0.06553579019881255,0.0,0.0
0.006600000000000001,-0.01,0.06561151639421613,0.0,0.0
0.0067,-0.01,0.061736686033322274,0.0,0.0
0.0068,-0.01,0.058527789719640434,0.0,0.0
0.0069,-0.01,0.05375936357530109,0.0,0.0
0.006999999999999999,-0.01,0.06156690508537165,0.0,0.0
0.007100000000000001,-0.01,0.05091966104997329,0.0,0.0
0.0072,-0.01,0.04934177603072992,0.0,0.0
0.0073,-0.01,0.05332464108912231,0.0,0.0
0.0074,-0.01,0.03697994607078668,0.0,0.0
0.0075,-0.01,0.03708524425167874,0.0,0.0
0.0076,-0.01,0.03802805147675448,0.0,0.0
0.0077,-0.01,0.046716610298564276,0.0,0.0
0.0078,-0.01,0.029072123268200474,0.0,0.0
0.0079,-0.01,0.018210409312245004,0.0,0.0
0.008,-0.01,0.03340046588277817,0.0,0.0
0.0081,-0.01,0.022481904586626404,0.0,0.0
0.0082,-0.01,0.01671525993620834,0.0,0.0
0.0083,-0.01,0.01734664249914673,0.0,0.0
0.0084,-0.01,0.013854731914811791,0.0,0.0
0.0085,-0.01,0.01120056721051048,0.0,0.0
0.0086,-0.01,0.009077092754168976,0.0,0.0
0.0087,-0.01,0.0069122261110027144,0.0,0.0
0.0088,-0.01,0.005133632029318514,0.0,0.0
0.0089,-0.01,0.003648102819545715,0.0,0.0
0.009,-0.01,0.002028757280440137,0.0,0.0
0.0091,-0.01,0.0010767083702202728,0.0,0.0
0.0092,-0.01,0.0003234398186934592,0.0,0.0
0.0093,-0.01,9.118847105327968e-05,0.0,0.0
0.0094,-0.01,-0.0004180825572358902,0.0,0.0
0.0095,-0.01,-0.0003816072422417462,0.0,0.0
0.0096,-0.01,-0.0002332652206850541,0.0,0.0
0.0097,-0.01,0.00037594087569196556,0.0,0.0
0.0098,-0.01,0.0009806311771366997,0.0,0.0
0.0099,-0.01,0.0006475586827003826,0.0,0.0
0.01,-0.01,0.0007259816379307553,0.0,0.0
0.0,-0.0099,0.08611661855643961,0.0,0.0
0.0001,-0.0099,0.08571831379295534,5.014071158635624e-06,-2.236462813523052e-06
0.0002,-0.0099,0.08609159314871809,1.3108769423446994e-05,-3.975186633243511e-06
0.0003,-0.0099,0.085812511210649,2.4882419681485477e-05,-5.090484140716801e-06
0.0004,-0.0099,0.0848033116786477,2.6014563571391352e-05,-7.56753348892108e-06
0.0005,-0.0099,0.08411235783648469,1.6318681822870406e-05,-9.74046215235737e-06
0.0006,-0.0099,0.08457605216164724,2.2122543636713387e-05,-7.911523062872894e-06
0.0007,-0.0099,0.08478876175191817,5.7937803213533714e-05,4.2140052769718525e-06
0.0008,-0.0099,0.08241287558027661,1.2280681957682053e-05,-4.975136147308737e-06
0.0009,-0.0099,0.08291560556713275,-9.750997539905144e-06,-2.025843545784911e-05
0.001,-0.0099,0.08286418698207466,-9.23668643138813e-06,5.719471379991915e-06
0.0011,-0.0099,0.08020818064268136,-4.831656182062872e-06,1.9850048980083655e-05
0.0012,-0.0099,0.08207960017876277,-1.185170264917982e-05,7.636074628600086e-06
0.0013000000000000002,-0.0099,0.07999851528718026,-5.186332986160643e-06,2.1848012592342518e-05
0.0014,-0.0099,0.07841678088143036,-8.841133434376726e-05,-4.003017201670417e-05
0.0015,-0.0099,0.07740481053525658,-8.595661152349839e-05,1.1927051919505541e-05
0.0016,-0.0099,0.07651216662256607,-0.0001362750149185163,4.489115575609234e-05
0.0017,-0.0099,0.07700830652722879,-0.00013597418870552717,1.686617894523033e-05
0.0018,-0.0099,0.07294997512208086,-0.00020877208638560903,-3.869878143207491e-06
0.0019,-0.0099,0.07275225065372476,-0.00021159896220649348,-1.3945898449720508e-05
0.002,-0.0099,0.07244843377378811,-0.00024286363974064044,4.9446528429474034e-05
0.0021,-0.0099,0.07174275507689691,-0.0002682238349903043,2.454931872591245e-05
0.0022,-0.0099,0.069886746428382,-0.0003167247562930781,3.105189965607555e-05
0.0023,-0.0099,0.06807254523898079,-0.000338496209502053,3.2236040968449e-05
0.0024,-0.0099,0.06703113087829808,-0.0003850188705818011,3.2562980800415844e-05
0.0025,-0.0099,0.06497184175932326,-0.0004333997040839071,3.1638911461893764e-05
0.0026000000000000003,-0.0099,0.06479567259368793,-0.0004657680192715929,3.005511508453915e-05
0.0027,-0.0099,0.06332634669209286,-0.0005223593067770303,3.239208634142874e-05
0.0028,-0.0099,0.062015708954440016,-0.0005709871494606267,3.634921329538383e-05
0.0029,-0.0099,0.060424446608191885,-0.0006138673695509167,3.52557009246261e-05
0.003,-0.0099,0.059903159852459385,-0.0006672837231331445,3.103786003948855e-05
0.0031,-0.0099,0.05761721021672478,-0.0007315386492925016,3.697176203410618e-05
0.0032,-0.0099,0.054714193010889055,-0.0007737241405698929,5.01328869079083e-05
0.0033000000000000004,-0.0099,0.0557259072813118,-0.0007976966282826563,3.652121828455298e-05
0.0034,-0.0099,0.056581941949842875,-0.0008751220419830522,3.141147737598686e-05
0.0034999999999999996,-0.0099,0.053701696559116815,-0.0009366742692113661,4.1998859253774943e-05
0.0036,-0.0099,0.05217540695050137,-0.0009805794575219878,4.4973799207290345e-05
0.0037,-0.0099,0.05241580846650806,-0.0010323074962193695,3.547480765620356e-05
0.0038,-0.0099,0.05138411570644828,-0.0010900712673004274,3.1863139683866026e-05
0.0039,-0.0099,0.05039202994720907,-0.0011631247285790321,3.7901326924514494e-05
0.004,-0.0099,0.04994809390733998,-0.0011807434729579356,3.785467177738959e-05
0.0041,-0.0099,0.05029939609367485,-0.0011891599118731538,3.4063855498186156e-05
0.0042,-0.0099,0.050810583150861725,-0.0012350365773305194,3.385979349460589e-05
0.0043,-0.0099,0.05041988228723666,-0.0013153777713293402,2.9931869282187284e-05
0.0044,-0.0099,0.05076362609152845,-0.0013584045613121575,2.5701323233388843e-05
0.0045,-0.0099,0.050973449340300694,-0.0013909111672815166,2.1725301392915487e-05
0.0046,-0.0099,0.05134425562275902,-0.001400597580605555,1.8422960381377303e-05
0.0047,-0.0099,0.051948109539731585,-0.0014326762827544344,1.3781671264346575e-05
0.0048,-0.0099,0.05327181796841382,-0.0013812469322536287,8.028027193777835e-06
0.0049,-0.0099,0.054011982962876105,-0.0014216844667355785,4.548086972553474e-06
0.005,-0.0099,0.05517236193475254,-0.0014722155737621136,-8.603083975383816e-07
0.0051,-0.0099,0.056328752723124986,-0.001488820849283959,-7.3460819636936215e-06
0.005200000000000001,-0.0099,0.057325882737337255,-0.0014321048694489634,-1.2148132550644409e-05
0.0053,-0.0099,0.05816948117219644,-0.0014290959810646876,-1.6845272415563308e-05
0.0054,-0.0099,0.059699016094027814,-0.0013523606145359854,-2.2183429644006422e-05
0.0055,-0.0099,0.06093803988500039,-0.001330822850502457,-2.688060934598513e-05
0.0056,-0.0099,0.06196809518905581,-0.0012780469191173297,-3.498553512001927e-05
0.005700000000000001,-0.0099,0.06180594310674158,-0.0012448600258411946,-3.6400393473789355e-05
0.0058,-0.0099,0.06347162991592546,-0.0011904924987790476,-3.95696372984913e-05
0.0059,-0.0099,0.06350277931404787,-0.0011535974155485497,-5.125541549365269e-05
0.006,-0.0099,0.06394275161218513,-0.001089046994904109,-4.601418838875895e-05
0.0061,-0.0099,0.06422501681923895,-0.001017740310317488,-5.4943183021681346e-05
0.0062,-0.0099,0.06461643459298834,-0.0009277596854914741,-5.5585275746807905e-05
0.0063,-0.0099,0.06422195696744598,-0.0008587548010797433,-5.409468721480977e-05
0.0064,-0.0099,0.064144252740629,-0.0007772417683265327,-6.148346923441967e-05
0.006499999999999999,-0.0099,0.06344166445366568,-0.0006775290980071188,-6.52970926096359e-05
0.006600000000000001,-0.0099,0.06335129092703744,-0.0005918124499016304,-6.5896134188498e-05
0.0067,-0.0099,0.060374497595019234,-0.0005249762382370323,-6.31174579849e-05
0.0068,-0.0099,0.05894901097136517,-0.00042782929733927116,-5.817227550194229e-05
0.0069,-0.0099,0.05639809592910172,-0.00037114390673480485,-0.00010789858815909553
0.006999999999999999,-0.0099,0.056490297070236034,-0.00028171271052029027,-2.6848967535429702e-05
0.007100000000000001,-0.0099,0.050345649406436696,-0.0002402157261894685,-4.78192560375883e-05
0.0072,-0.0099,0.04943739075521202,-0.00019691183424851781,-8.260744336006953e-06
0.0073,-0.0099,0.04874718364458851,-4.785137672973054e-06,-2.0494014777051745e-05
0.0074,-0.0099,0.04051601873982739,6.050236053655907e-05,-7.639430878492607e-05
0.0075,-0.0099,0.042536711760488045,2.2698119942394374e-05,-7.819306170319084e-05
0.0076,-0.0099,0.03870818304167293,5.4196386894604306e-05,-2.479399481830078e-05
0.0077,-0.0099,0.04343386719534678,0.00016303030037444351,9.488813458293424e-06
0.0078,-0.0099,0.03143191057626344,0.0003275888668452491,-3.704219047293139e-05
0.0079,-0.0099,0.02012268181842385,0.0002306545510272963,-7.37667654085759e-05
0.008,-0.0099,0.029843004716919936,0.0002445039598524417,1.2722684050435105e-05
0.0081,-0.0099,0.021835836494340084,0.0003280883243871675,1.714476377211035e-05
0.0082,-0.0099,0.01687638051632952,0.00028011483829891925,-1.315996859359151e-05
0.0083,-0.0099,0.018699939279662205,0.00030764423320273835,-7.674993714925965e-06
0.0084,-0.0099,0.013360056872131248,0.0003227891726755036,5.543128259589958e-06
0.0085,-0.0099,0.011122349050706457,0.0003087950811275521,1.2549867555806287e-05
0.0086,-0.0099,0.009326795148110908,0.00030811377012443975,1.0534397677795804e-05
0.0087,-0.0099,0.006562825483105398,0.0002940921893535564,1.5763440846923373e-05
0.0088,-0.0099,0.005146146419307922,0.0002708896569714,1.5311264176033926e-05
0.0089,-0.0099,0.00388051844166887,0.0002485304298036031,2.154174933390351e-05
0.009,-0.0099,0.0021435631959278636,0.00021896505720556863,2.2015213549643638e-05
0.0091,-0.0099,0.0011866092476132276,0.00019217914490158675,2.2212852589334785e-05
0.0092,-0.0099,0.0007710922143514712,0.0001591423534433935,2.318335117681618e-05
0.0093,-0.0099,0.0002561529294847417,0.0001308192157381707,2.322229474349524e-05
0.0094,-0.0099,-0.0002946605338195642,9.993628860733054e-05,2.2588130635181252e-05
0.0095,-0.0099,-0.00019680672136992256,7.371734928291064e-05,2.131386721560279e-05
0.0096,-0.0099,0.0002559366562489753,4.8131371767599755e-05,1.795504485632998e-05
0.0097,-0.0099,0.00037243631640588204,2.6233838841042893e-05,1.362596590714991e-05
0.0098,-0.0099,0.0008380358719146036,1.1695225652473104e-05,8.700164897745692e-06
0.0099,-0.0099,0.0009045410103768519,3.7753840361325424e-06,3.562041535832509e-06
0.01,-0.0099,0.0009093821559352239,0.0,0.0
0.0,-0.0098,0.08641841524238184,0.0,0.0
0.0001,-0.0098,0.08577226853613942,3.5473781367705298e-06,-1.003359650970724e-05
0.0002,-0.0098,0.08576368911656394,2.3856382783437485e-05,-2.3164615910242662e-05
0.0003,-0.0098,0.08463417912113606,3.1395477074257825e-05,-1.0899150779775992e-05
0.0004,-0.0098,0.08475028497468105,2.3329343982781078e-05,-1.2551728813282263e-05
0.0005,-0.0098,0.08529309793796146,1.8409190153587283e-05,-1.75826305433144e-05
0.0006,-0.0098,0.08594448508273811,6.546018475484459e-05,-2.813404755672329e-06
0.0007,-0.0098,0.08465037080782056,5.890139758607752e-05,1.6628304443343603e-05
0.0008,-0.0098,0.08190093479013547,7.98596640869632e-06,2.046723388572432e-05
0.0009,-0.0098,0.08377946928849891,-4.444082142188773e-05,1.038857035294907e-06
0.001,-0.0098,0.08411695926631518,-6.639839566814979e-06,2.141728081810012e-05
0.0011,-0.0098,0.08227068352560246,-2.8357006696118435e-05,2.7657044998851995e-05
0.0012,-0.0098,0.08111685875599485,-5.6259968834492576e-05,2.3108950041973615e-05
0.0013000000000000002,-0.0098,0.08021024648100933,-0.0001778266282293821,5.287487223714209e-05
0.0014,-0.0098,0.07808791787520077,-0.00018621387414436297,5.916842233735023e-05
0.0015,-0.0098,0.07867947190648207,-0.0001754150418638176,5.602471720628767e-05
0.0016,-0.0098,0.07455713362307134,-0.00026040949196487847,0.00011714040871058752
0.0017,-0.0098,0.07641010915695881,-0.00037121146667531355,9.249434300654777e-05
0.0018,-0.0098,0.07576717139731869,-0.00035736991937179583,7.17564151271358e-05
0.0019,-0.0098,0.0736396457026629,-0.0004372143465274278,8.014463546691105e-05
0.002,-0.0098,0.07331535325685781,-0.0005114549778217831,3.828120860008529e-05
0.0021,-0.0098,0.07161637869475439,-0.0005798225002790195,8.180895711431592e-05
0.0022,-0.0098,0.07052110926397519,-0.0006802523156034548,9.674448238079498e-05
0.0023,-0.0098,0.0689686488172374,-0.0007382588622191163,8.98192151128293e-05
0.0024,-0.0098,0.06759587768748913,-0.000826962649487983,9.57317861300655e-05
0.0025,-0.0098,0.0660943528665073,-0.000908962791798812,9.637155008986006e-05
0.0026000000000000003,-0.0098,0.06429004240254907,-0.0009845999948805415,0.00010025525553232046
0.0027,-0.0098,0.06303781604828289,-0.0010772967112081908,0.00010466427681211151
0.0028,-0.0098,0.06245100071825791,-0.0011784877858047084,0.00011190772377204735
0.0029,-0.0098,0.06083948900247274,-0.0012709873582727087,0.00011902604866214936
0.003,-0.0098,0.060120350419296135,-0.0013765919387938807,0.00011802486376986395
0.0031,-0.0098,0.058941674220480786,-0.0014770930547235626,9.755245303180241e-05
0.0032,-0.0098,0.058423044705319505,-0.0015680080233317452,8.676949328126788e-05
0.0033000000000000004,-0.0098,0.05634212627054144,-0.0016715131446566008,0.00011761582018364183
0.0034,-0.0098,0.05495706064387449,-0.0017667864262180717,0.0001421618256187314
0.0034999999999999996,-0.0098,0.054127632060738895,-0.00188620456155379,0.0001225304162272982
0.0036,-0.0098,0.05327995205865306,-0.0019639016135323266,0.00011428198582862618
0.0037,-0.0098,0.052659343060437944,-0.002055273798111366,0.00011684496409901054
0.0038,-0.0098,0.05237214089132272,-0.0022055527265442995,0.00011399081741621372
0.0039,-0.0098,0.0517706598168891,-0.0022908256692067423,8.714517166441942e-05
0.004,-0.0098,0.05124924980252518,-0.002361328929303858,0.00010964936016292357
0.0041,-0.0098,0.05109497620272291,-0.002461548683015763,0.00010585141200401467
0.0042,-0.0098,0.050564290851284596,-0.002491388482422688,7.128794604836127e-05
0.0043,-0.0098,0.05038812979969869,-0.002597276120678862,8.190842506107781e-05
0.0044,-0.0098,0.0509419493172716,-0.0026284835484594003,7.726990677527227e-05
0.0045,-0.0098,0.0510732992422742,-0.0026912120508340385,6.513578123924949e-05
0.0046,-0.0098,0.051871773521611014,-0.002772265221371005,5.304564087316825e-05
0.0047,-0.0098,0.052301365480284724,-0.002758208481817077,3.989096101879122e-05
0.0048,-0.0098,0.05294537032902996,-0.002888560268253744,2.4194837242248315e-05
0.0049,-0.0098,0.05394028686145195,-0.002875618279633789,1.0010068090003437e-05
0.005,-0.0098,0.05501672519520333,-0.002776195295396074,-5.156860449949744e-06
0.0051,-0.0098,0.05594699776327475,-0.0028114604033606765,-2.0172656730077966e-05
0.005200000000000001,-0.0098,0.05689220166782226,-0.0027764154940540537,-3.673744255410073e-05
0.0053,-0.0098,0.057340446984800536,-0.002734574877910691,-5.4609702774643965e-05
0.0054,-0.0098,0.05907420723117206,-0.0027142394465728,-7.004574185297088e-05
0.0055,-0.0098,0.060256289738638884,-0.0026209166012047106,-8.100394907836345e-05
0.0056,-0.0098,0.06113534614129931,-0.0026080522608854582,-0.00010160721505292396
0.005700000000000001,-0.0098,0.06129457842377534,-0.0024310489740790027,-0.00010715617759967157
0.0058,-0.0098,0.06157301804766308,-0.002328119450729317,-0.00012814646056885241
0.0059,-0.0098,0.062003075537451616,-0.0022551996464048986,-0.0001460901254646099
0.006,-0.0098,0.06344600784749732,-0.0020996889815675566,-0.0001535780088884189
0.0061,-0.0098,0.06358748637912405,-0.0019963148742396615,-0.00015809384611759287
0.0062,-0.0098,0.06310368641409081,-0.001861599235474178,-0.0001656995138972566
0.0063,-0.0098,0.06353616068363113,-0.0016925706424006728,-0.00017246344276944956
0.0064,-0.0098,0.061678891747331745,-0.0015573625101219176,-0.00017945372668188957
0.006499999999999999,-0.0098,0.06143493859644372,-0.0014054876354041492,-0.00018355956412177872
0.006600000000000001,-0.0098,0.061014191082464746,-0.001252533020063924,-0.0001673263595267466
0.0067,-0.0098,0.05947672341535481,-0.0010794658354445837,-0.00018991852668662586
0.0068,-0.0098,0.057885451838602664,-0.0009389727944497021,-0.00017985018323195918
0.0069,-0.0098,0.056284936637640524,-0.0007846433493817547,-0.00019953956892905506
0.006999999999999999,-0.0098,0.05444814405428498,-0.0006480517873692166,-0.0001508865498805352
0.007100000000000001,-0.0098,0.05200537795902531,-0.0004289817621428223,-0.00017055454198844027
0.0072,-0.0098,0.049075157476187646,-0.00034087491051261015,-0.00011816285683886934
0.0073,-0.0098,0.04592622755120363,-0.00018942111579944612,-0.00014598634960477324
0.0074,-0.0098,0.04395297052069348,-9.272257603460468e-05,-0.00020802497905403705
0.0075,-0.0098,0.04129071038285525,5.9417784207332214e-05,-0.0001234163920713998
0.0076,-0.0098,0.03712272981321267,7.275744914749076e-05,-0.00011199906502742203
0.0077,-0.0098,0.03496452625432501,0.0002128147719413137,-9.375345393525783e-05
0.0078,-0.0098,0.033069277606711904,0.0003394085904294995,-0.00010747163757838953
0.0079,-0.0098,0.026678225653645225,0.0003714917329880406,-8.437839218899738e-05
0.008,-0.0098,0.02609751610822616,0.00042633926354534307,-7.984572153752379e-06
0.0081,-0.0098,0.02158798237142062,0.0005271878153624499,-1.638646891819705e-05
0.0082,-0.0098,0.01725193925297669,0.0004889541624707145,-3.318080591800542e-05
0.0083,-0.0098,0.019108712643967494,0.0005008149860403507,-1.2525760853650953e-05
0.0084,-0.0098,0.013008360841983027,0.0005618744987280988,7.516680075508355e-06
0.0085,-0.0098,0.011254429374235306,0.0005408985742637564,1.4103474087609133e-06
0.0086,-0.0098,0.01029331997603628,0.0005365074512859544,1.982094092063142e-05
0.0087,-0.0098,0.005769693254128262,0.0005085393426638286,4.7809716338201826e-05
0.0088,-0.0098,0.00611980262299247,0.0004719043763340534,4.1861886619607537e-05
0.0089,-0.0098,0.003217363554961962,0.00044198553835991973,5.238021378608715e-05
0.009,-0.0098,0.002854295441114189,0.0003893104931459062,5.966801733725638e-05
0.0091,-0.0098,0.001934782259431124,0.0003455119618485591,6.411286953516486e-05
0.0092,-0.0098,0.0011410561282407825,0.0002959371098073442,6.52865564304268e-05
0.0093,-0.0098,0.00047689976547266467,0.0002442028570478045,6.552744369797188e-05
0.0094,-0.0098,0.0003683285952640309,0.0001865110488881175,6.365656452907757e-05
0.0095,-0.0098,0.00018255919878467727,0.00014052418106111594,5.938517220853021e-05
0.0096,-0.0098,0.00018626652143676923,9.291502219361283e-05,5.0528003044537754e-05
0.0097,-0.0098,0.0007947116014283228,5.3525232099390095e-05,4.0004386810901294e-05
0.0098,-0.0098,0.0009472795747344438,2.6530529846494616e-05,2.657250584786501e-05
0.0099,-0.0098,0.001011476355363994,8.972087121008278e-06,1.2058824604776725e-05
0.01,-0.0098,0.0013846546831820497,0.0,0.0
0.0,-0.0097,0.0861266966260347,0.0,0.0
0.0001,-0.0097,0.08581630749351386,2.7819752362681814e-06,-1.4236075244019546e-05
0.0002,-0.0097,0.08645459392526061,4.145968752140741e-06,-3.327288654403847e-05
0.0003,-0.0097,0.08553988575018752,2.0507637599206477e-05,-3.3554900003538544e-05
0.0004,-0.0097,0.08629158682990791,1.3588348043795467e-05,-1.3448003416837103e-05
0.0005,-0.0097,0.08677808692730604,1.219197531743179e-05,-8.371072525082324e-06
0.0006,-0.0097,0.08526932516892397,8.031891701178823e-05,9.155733263806719e-07
0.0007,-0.0097,0.08402572906060492,2.3348711491823998e-05,8.77346906994164e-06
0.0008,-0.0097,0.08448500328518914,8.637458052698863e-06,4.408498251161424e-05
0.0009,-0.0097,0.08285152552686104,-9.445371692156369e-05,5.211839639801537e-05
0.001,-0.0097,0.08294100567881467,-9.466881117657774e-05,4.841315429896429e-05
0.0011,-0.0097,0.08186001856691939,-0.00011188001519279908,4.975360531513592e-05
0.0012,-0.0097,0.0814232194706771,-0.00014859654890566907,9.896884915994424e-05
0.0013000000000000002,-0.0097,0.07943651351913139,-0.0002268030269272815,9.743072367982026e-05
0.0014,-0.0097,0.0792791084207112,-0.00032571677463401165,0.00010205482634134199
0.0015,-0.0097,0.07882600475382233,-0.0003849833322929746,0.00011005540663508501
0.0016,-0.0097,0.07672834683578679,-0.00044796738102283846,0.00014389671925184517
0.0017,-0.0097,0.07642534129325226,-0.0005328200558223829,0.00014286274291433024
0.0018,-0.0097,0.07547508659263215,-0.000618884533350054,0.00014897052421959417
0.0019,-0.0097,0.07415076658786282,-0.0007329097586230858,0.00015420244985241474
0.002,-0.0097,0.072589435481851,-0.0008288997151878473,0.00016817173332300936
0.0021,-0.0097,0.07175304189112347,-0.0009438309506813773,0.00016566538183384038
0.0022,-0.0097,0.07061597765171133,-0.0010487873997810742,0.00017367082992557575
0.0023,-0.0097,0.06957647135151007,-0.0011675895753278241,0.00018663872059705608
0.0024,-0.0097,0.06821013537572576,-0.0012902908841144782,0.00019717936860597914
0.0025,-0.0097,0.06737527455686626,-0.0014234210442721404,0.00020354840360468386
0.0026000000000000003,-0.0097,0.0655783678987424,-0.0015518822976968768,0.000213807265748156
0.0027,-0.0097,0.06498536316884546,-0.0016859919806339653,0.0002206759684645344
0.0028,-0.0097,0.06278302104996845,-0.0018224047870538573,0.00022803248518450756
0.0029,-0.0097,0.06184654990762451,-0.0019663597784487226,0.00022933792200513414
0.003,-0.0097,0.06018989125837425,-0.0021086738729775424,0.00024306996255318578
0.0031,-0.0097,0.05960281614061189,-0.0022665175433035424,0.00023551189759560477
0.0032,-0.0097,0.05765424476790041,-0.0024217721333721466,0.00025000986871820874
0.0033000000000000004,-0.0097,0.05698264804575105,-0.002530468253334927,0.000244149476103953
0.0034,-0.0097,0.056384585092792275,-0.002722316453393343,0.0002520514334234993
0.0034999999999999996,-0.0097,0.055581578733110946,-0.0028497189469442134,0.00025238188661531267
0.0036,-0.0097,0.054051364498699045,-0.003024959803578299,0.00025119768526448794
0.0037,-0.0097,0.0530122066482373,-0.003150331641261269,0.00021891556122115497
0.0038,-0.0097,0.05274334416607052,-0.003276452083122842,0.0002497219308242372
0.0039,-0.0097,0.05177163990991205,-0.0033835006895913816,0.0002097224540384737
0.004,-0.0097,0.05156552582037263,-0.0035741216971441774,0.00021124374050257317
0.0041,-0.0097,0.05121860114888179,-0.0035973977186433965,0.000186538136056081
0.0042,-0.0097,0.05090687916991706,-0.0037898429167432797,0.00015440869554418456
0.0043,-0.0097,0.051119673601514676,-0.003992801143870888,0.000148928078431939
0.0044,-0.0097,0.05087434116273662,-0.00390882523184512,0.00013914521391458664
0.0045,-0.0097,0.051496981444253576,-0.003971069028721927,0.00011388948961741772
0.0046,-0.0097,0.051914068653580864,-0.004094848518260197,9.773783162865041e-05
0.0047,-0.0097,0.05229801065322166,-0.004084441312993947,7.247274572131117e-05
0.0048,-0.0097,0.05304021855325645,-0.004150577788686552,4.1788873056963164e-05
0.0049,-0.0097,0.05354560200123042,-0.0042158562653074215,1.1078692011493096e-05
0.005,-0.0097,0.05394312460887071,-0.0041855890973696635,-1.5270533202558862e-05
0.0051,-0.0097,0.05495850763332062,-0.004238512675947904,-4.624245634156882e-05
0.005200000000000001,-0.0097,0.055562080315335834,-0.004104963157716401,-7.600768726550818e-05
0.0053,-0.0097,0.05695907265093186,-0.004064886491088909,-0.00011384886854537632
0.0054,-0.0097,0.05801098222053933,-0.003926960211977953,-0.00013883357996175493
0.0055,-0.0097,0.058551935922771525,-0.0038515328050429346,-0.00015640652978389166
0.0056,-0.0097,0.05999595058304855,-0.0037267811328457142,-0.00018964109976021904
0.005700000000000001,-0.0097,0.059624653422475034,-0.0035368819886982435,-0.00023165368959771963
0.0058,-0.0097,0.06111119862868738,-0.0034606794616551377,-0.00026560110199244934
0.0059,-0.0097,0.061772490423170755,-0.0033269141742624654,-0.0002868276465929676
0.006,-0.0097,0.06212692070270124,-0.0031453164761653116,-0.00028735869672982806
0.0061,-0.0097,0.06271476650377332,-0.002921048026150732,-0.0003182168506007336
0.0062,-0.0097,0.06173427504010994,-0.0027561756090627755,-0.00032147271808967117
0.0063,-0.0097,0.062073201302012666,-0.0025493145320866733,-0.0003534589704380212
0.0064,-0.0097,0.061721750150778014,-0.002328944586838265,-0.00038223067317784534
0.006499999999999999,-0.0097,0.0607794728965279,-0.0021258115800793574,-0.0003683244349620441
0.006600000000000001,-0.0097,0.05960324625687067,-0.0019063716760314442,-0.00037034482665744984
0.0067,-0.0097,0.05863077930819448,-0.0016782130350786362,-0.0003778211406378173
0.0068,-0.0097,0.05639732598686208,-0.0014432591924746488,-0.0003858124716174836
0.0069,-0.0097,0.05465050635592618,-0.0012676551681824692,-0.00037446619865767164
0.006999999999999999,-0.0097,0.052586052636947815,-0.001028279572072326,-0.00036031168123333346
0.007100000000000001,-0.0097,0.050153619131417304,-0.0008442296191773204,-0.0003334809145912542
0.0072,-0.0097,0.04779439196592795,-0.0006017809084402384,-0.0003132265302543463
0.0073,-0.0097,0.045840342193652954,-0.0003930053197072944,-0.0003036346165114271
0.0074,-0.0097,0.04295054722794712,-0.00023309749453270454,-0.00029250353362474574
0.0075,-0.0097,0.03957274118979372,-0.00011706874321583787,-0.00025369739764756613
0.0076,-0.0097,0.03667240637111409,3.999686249326548e-05,-0.0002203186820010774
0.0077,-0.0097,0.032643625309575125,0.000196008978534604,-0.0002110550022454455
0.0078,-0.0097,0.030314749861694683,0.0003045146660386557,-0.00018027048516677444
0.0079,-0.0097,0.0289567511930722,0.00041370089468219413,-0.00012900194072482284
0.008,-0.0097,0.02539038097826726,0.0005441981456478604,-9.596908315663207e-05
0.0081,-0.0097,0.021576642067073114,0.000555447191731473,-0.00010175360977738944
0.0082,-0.0097,0.017208806662504454,0.0006044933473701172,-6.206503634421969e-05
0.0083,-0.0097,0.01721648711538047,0.0006356748807384822,-6.010793512850038e-05
0.0084,-0.0097,0.013774618587118138,0.0006826915017930126,-2.0034051236490163e-05
0.0085,-0.0097,0.013699483873272612,0.0007026159537690544,2.226567217819952e-05
0.0086,-0.0097,0.008671048126471913,0.0007035892466510197,6.92540973293691e-05
0.0087,-0.0097,0.007106303151497745,0.0006311551995535286,6.545258604148132e-05
0.0088,-0.0097,0.007386512980832974,0.0006251463248392671,7.589197019214496e-05
0.0089,-0.0097,0.0020923510714165113,0.0005894426448009437,0.00010360785457661673
0.009,-0.0097,0.0037306633002236475,0.0005122657899176353,0.00011447004893073635
0.0091,-0.0097,0.0022301152293784736,0.0004570954687346753,0.0001156617325763947
0.0092,-0.0097,0.0015741126002446336,0.00039660804975307114,0.0001240519372176699
0.0093,-0.0097,0.0014219910270139562,0.00032713691371670246,0.00012543286535905002
0.0094,-0.0097,0.0008527793387620929,0.00025906943505552346,0.00012204825618305483
0.0095,-0.0097,0.0008067269370833584,0.0001946352244349909,0.00011410532221301281
0.0096,-0.0097,0.000754750337548123,0.0001349195788668103,9.969567061352334e-05
0.0097,-0.0097,0.0010602952286237347,7.904397686140967e-05,8.000085509905758e-05
0.0098,-0.0097,0.001335973347452138,4.11007531046e-05,5.4864665967170125e-05
0.0099,-0.0097,0.0013851635271777995,1.3917184712713662e-05,2.4974816736437198e-05
0.01,-0.0097,0.0013477228781116836,0.0,0.0
0.0,-0.0096,0.08610675756818162,0.0,0.0
0.0001,-0.0096,0.08558608227377221,1.534635865534632e-06,-1.7993769201265588e-05
0.0002,-0.0096,0.08681708923973949,4.01179944528972e-06,-4.2421501341297015e-05
0.0003,-0.0096,0.08639540296020361,1.4238540159748995e-05,-4.931212903515751e-05
0.0004,-0.0096,0.08623694245489061,2.664250132070321e-05,-3.037781934643897e-05
0.0005,-0.0096,0.08546579688208712,9.134126587425014e-06,3.5106283740689393e-06
0.0006,-0.0096,0.08441478756844221,1.1956957672845138e-05,1.1999375364068512e-05
0.0007,-0.0096,0.0841674045975699,-1.3378899735599307e-05,3.298035380616313e-05
0.0008,-0.0096,0.08521186112546138,-4.032757236662795e-05,6.074546571121667e-05
0.0009,-0.0096,0.08431608039016292,-0.00013171031764919452,9.723830670336733e-05
0.001,-0.0096,0.08304447963868489,-0.0001485647278636623,0.00012075974184526566
0.0011,-0.0096,0.08185010474267261,-0.0002141585439128957,0.00013584810978804234
0.0012,-0.0096,0.08129544912435327,-0.0003017744124706193,0.00016539882244713988
0.0013000000000000002,-0.0096,0.08058655468116417,-0.00037742539524516784,0.00017036205103490617
0.0014,-0.0096,0.07968587661899498,-0.0004715501993713567,0.0001846914727201451
0.0015,-0.0096,0.07872946313697637,-0.000584194193396655,0.00020376047948720492
0.0016,-0.0096,0.07816997904550704,-0.0006933830175756901,0.00022358631213864057
0.0017,-0.0096,0.07719860267377385,-0.0008051956999112827,0.0002396323789088719
0.0018,-0.0096,0.0758031112860383,-0.0009223149838567259,0.0002644830976721137
0.0019,-0.0096,0.07487929190361318,-0.0010476579531447025,0.0002715078041235135
0.002,-0.0096,0.07359981329252094,-0.0011966058743466538,0.00029256699928876064
0.0021,-0.0096,0.0727990486296031,-0.0013403509218597094,0.0002993528100835143
0.0022,-0.0096,0.07126674152656995,-0.0014771568702788122,0.00031930102507505675
0.0023,-0.0096,0.07001976925308974,-0.0016377521343029573,0.00033148264596522816
0.0024,-0.0096,0.06887050162945876,-0.0018004803339124712,0.0003428108615999528
0.0025,-0.0096,0.06764080307941475,-0.001974372961654422,0.00035385270201421844
0.0026000000000000003,-0.0096,0.0670506026691277,-0.0021482436758068018,0.0003755886169706972
0.0027,-0.0096,0.06539173360926753,-0.002316579629810134,0.0003817028850348632
0.0028,-0.0096,0.06361854020936863,-0.0025246617678145707,0.00039498452835784936
0.0029,-0.0096,0.06255300073391062,-0.0027043917641679325,0.0004025053809792597
0.003,-0.0096,0.061206792283577734,-0.0028777415811560487,0.00039570584121936835
0.0031,-0.0096,0.06069255985935831,-0.0030740334270249843,0.00039911737936499227
0.0032,-0.0096,0.05851646575850628,-0.0033021169363939835,0.000426325899721473
0.0033000000000000004,-0.0096,0.05776217072995701,-0.0034341693546264835,0.0004099757608575533
0.0034,-0.0096,0.05595968104339325,-0.003663624803122998,0.00040652851713578224
0.0034999999999999996,-0.0096,0.05547255727713894,-0.00386650408560056,0.00041242519907048504
0.0036,-0.0096,0.05483174216376509,-0.004007357981672638,0.00041668425375569144
0.0037,-0.0096,0.053740373248327936,-0.0042589384109717075,0.0004050582242105796
0.0038,-0.0096,0.05287627277108507,-0.004372414082484346,0.000382609668900003
0.0039,-0.0096,0.05247010934577697,-0.004468355928205542,0.0003324318360743046
0.004,-0.0096,0.05165837550029953,-0.004762078749913981,0.0003522325003455888
0.0041,-0.0096,0.05109175629291695,-0.004826410279628871,0.00031940315407534597
0.0042,-0.0096,0.05109707856421148,-0.00499486186643562,0.0002903315815450339
0.0043,-0.0096,0.051032679132882466,-0.005107867090737017,0.0002481926353391237
0.0044,-0.0096,0.0511376486984877,-0.005252870056865104,0.00021763177844962117
0.0045,-0.0096,0.051346809408995886,-0.005198557159443593,0.0001946012811853604
0.0046,-0.0096,0.05168000742034946,-0.005383832234853239,0.00015178483008346997
0.0047,-0.0096,0.05204544317095699,-0.005456769713313509,0.0001018990727017232
0.0048,-0.0096,0.05271891902176615,-0.005513586719714853,6.342494818344872e-05
0.0049,-0.0096,0.05275496954404536,-0.0053554190320723935,1.4467145564865409e-05
0.005,-0.0096,0.054206336341195815,-0.00527965355662311,-3.5788561995937794e-05
0.0051,-0.0096,0.054502890002354004,-0.005385355589105677,-8.365721201838198e-05
0.005200000000000001,-0.0096,0.055466768010358006,-0.005345634271107284,-0.00013587433032700844
0.0053,-0.0096,0.05609095669381365,-0.005169674041363895,-0.00019691142386543768
0.0054,-0.0096,0.057089734889164696,-0.005144896956871448,-0.00024311966287136986
0.0055,-0.0096,0.058244352753612165,-0.005086343801010683,-0.0002948928055948161
0.0056,-0.0096,0.059046169769555956,-0.004908455212709666,-0.00034762785191524444
0.005700000000000001,-0.0096,0.059782220160278815,-0.004685331900654652,-0.0003785612731433805
0.0058,-0.0096,0.06047442720157707,-0.004595193999487807,-0.00044116608959543453
0.0059,-0.0096,0.06090467303602278,-0.004347673915580992,-0.0004857714786047433
0.006,-0.0096,0.06112272910678119,-0.004141842829675554,-0.0005280569923786911
0.0061,-0.0096,0.06103322852273537,-0.003945086058878041,-0.0005564227231635749
0.0062,-0.0096,0.06108277785618755,-0.0036685188796358502,-0.0005663064600983794
0.0063,-0.0096,0.06103938925734695,-0.003414407711602638,-0.0005548572560140828
0.0064,-0.0096,0.06004859500490095,-0.0031697690370419314,-0.0006271645222624572
0.006499999999999999,-0.0096,0.0585756674308143,-0.002903299101469881,-0.0006273309841052388
0.006600000000000001,-0.0096,0.05782643595572509,-0.002592713320936637,-0.0006499467827414863
0.0067,-0.0096,0.056820103855543064,-0.002325916215530024,-0.0006249316159487463
0.0068,-0.0096,0.05519573826471658,-0.0020407052045608685,-0.0006186608242550826
0.0069,-0.0096,0.05317088564841446,-0.0017801911143374045,-0.0006204650529782988
0.006999999999999999,-0.0096,0.05112484044929614,-0.001520839831983183,-0.0005859273910598526
0.007100000000000001,-0.0096,0.04896384723215793,-0.0012315198454709833,-0.0005483945182409134
0.0072,-0.0096,0.04687913466895271,-0.0010119116706372251,-0.000540563521801242
0.0073,-0.0096,0.04431174875590393,-0.0007539098842422619,-0.0005108272269697529
0.0074,-0.0096,0.041330064956521605,-0.0005268453217656271,-0.0004753448368782762
0.0075,-0.0096,0.03881786224905921,-0.00030732632097149604,-0.0004517456184935139
0.0076,-0.0096,0.03603774509535963,-8.392937723748772e-05,-0.0003944308088139101
0.0077,-0.0096,0.03273679695959695,5.254983847244738e-05,-0.00036131359619431054
0.0078,-0.0096,0.03008185320288967,0.00021946359659181134,-0.00030798934605630286
0.0079,-0.0096,0.028010508166802107,0.0003643186150552511,-0.00023719444016208533
0.008,-0.0096,0.02416397546458934,0.0004931385550335382,-0.00021401283165804036
0.0081,-0.0096,0.020924539609829488,0.0005980277658658343,-0.00015858125642962304
0.0082,-0.0096,0.017178075513517223,0.0006043876442500349,-0.00012000402556963629
0.0083,-0.0096,0.017379205722600537,0.0006660496721794661,-9.628860968912611e-05
0.0084,-0.0096,0.014408256029100374,0.0007671203700510773,-1.988647184599209e-05
0.0085,-0.0096,0.01419410674897436,0.0007353445436353673,5.381182339653937e-05
0.0086,-0.0096,0.009866832321342622,0.0008040054152052539,5.617316973798789e-05
0.0087,-0.0096,0.004287766404022916,0.0007281621804020509,7.83506562935913e-05
0.0088,-0.0096,0.008645136505394613,0.0006780824448541583,0.00013618426547648113
0.0089,-0.0096,0.005912117355001671,0.0007022298058334955,0.0001485641886807638
0.009,-0.0096,0.0025426545194708597,0.0006124122395994671,0.00017089293168325321
0.0091,-0.0096,0.0028426215386228243,0.0005292298909778242,0.00018511429328519634
0.0092,-0.0096,0.0018787222032692703,0.0004711432998092945,0.00019454295892397229
0.0093,-0.0096,0.0013834908335539507,0.0003881532660106154,0.00020062123958834336
0.0094,-0.0096,0.0011678629286209668,0.00031474353610264506,0.0001981305405684049
0.0095,-0.0096,0.0009099039565862205,0.00023641298727777654,0.00018702355692463762
0.0096,-0.0096,0.0012803900635082789,0.00016511240669691467,0.00016613447093971636
0.0097,-0.0096,0.0011159281793481416,0.00010028539690803622,0.00013502821979575843
0.0098,-0.0096,0.001761434309452299,5.377664855496158e-05,9.231383093649193e-05
0.0099,-0.0096,0.0018875557853404704,1.823980951505641e-05,4.751615491681746e-05
0.01,-0.0096,0.0018352072342733455,0.0,0.0
0.0,-0.0095,0.08677291604913631,0.0,0.0
0.0001,-0.0095,0.08655439465325489,-1.1247784577751535e-05,-1.9221831656230056e-05
0.0002,-0.0095,0.08731496015671637,2.625239621922111e-06,-2.0474354235337865e-05
0.0003,-0.0095,0.08697283020845008,-3.4798947933296694e-06,2.982617954335916e-05
0.0004,-0.0095,0.08634292505427361,2.918480930794165e-06,1.984326171974656e-05
0.0005,-0.0095,0.08480993013388484,-3.991394345874249e-06,2.100406279163191e-05
0.0006,-0.0095,0.0849186124056044,-5.084445105225187e-05,4.258602224407435e-05
0.0007,-0.0095,0.08552834483900765,-9.770724515921828e-05,7.513681449114316e-05
0.0008,-0.0095,0.08525516082060854,-0.00017067255173879739,0.00010192012357564344
0.0009,-0.0095,0.08407387560740151,-0.00020149027406697712,0.0001524280594378588
0.001,-0.0095,0.08334154360294425,-0.00027049339717314557,0.0001796844978233077
0.0011,-0.0095,0.08212713526929948,-0.00036122469138787105,0.0002117810043938158
0.0012,-0.0095,0.08170412083237197,-0.000455468219356627,0.00025392908208498964
0.0013000000000000002,-0.0095,0.08102850610842158,-0.0005552790789999316,0.0002759181311562008
0.0014,-0.0095,0.08048515033823957,-0.0006794295575903561,0.00029342412102700686
0.0015,-0.0095,0.07903204374049688,-0.0007925801444071713,0.00032513239187021196
0.0016,-0.0095,0.07820561133852764,-0.000954658113152849,0.0003529993896634132
0.0017,-0.0095,0.07714910431921622,-0.0010973571743135018,0.0003807579718281545
0.0018,-0.0095,0.07682368667891387,-0.0012473383367691605,0.00040317595001940193
0.0019,-0.0095,0.07535862794004476,-0.0014051364411140216,0.0004228091378643275
0.002,-0.0095,0.07455885941723174,-0.0015766959057388092,0.000444903812275348
0.0021,-0.0095,0.07349237922273985,-0.0017668246672055334,0.0004691570740168671
0.0022,-0.0095,0.07200410870766602,-0.001954665232439015,0.0004903111139844414
0.0023,-0.0095,0.07097716344965858,-0.0021433870479071813,0.0005088991351403249
0.0024,-0.0095,0.0699010873358937,-0.0023554703514289638,0.0005325940563147467
0.0025,-0.0095,0.06807399921150543,-0.0025668081275199927,0.0005418188953874788
0.0026000000000000003,-0.0095,0.06751158617175418,-0.0027672684031136148,0.0005645889388394497
0.0027,-0.0095,0.06593282236708516,-0.0029987143790437248,0.0005875979503324376
0.0028,-0.0095,0.06467961581851107,-0.0032267620419262457,0.0005824299516340951
0.0029,-0.0095,0.0635701015679005,-0.0034554924496341052,0.0005901227929809657
0.003,-0.0095,0.06186556232331887,-0.003719203585854184,0.000611137754863431
0.0031,-0.0095,0.060678083226191296,-0.0039188896794245835,0.0006273609117010411
0.0032,-0.0095,0.05939230465462025,-0.004187085976208327,0.0006394293600678639
0.0033000000000000004,-0.0095,0.05830868554632805,-0.004388312210796099,0.0006525313188245323
0.0034,-0.0095,0.05703165207528605,-0.0045556726002213875,0.0006195482376006791
0.0034999999999999996,-0.0095,0.05588060238895992,-0.004805324845658027,0.0006197553073674939
0.0036,-0.0095,0.0551567883843566,-0.005017038481014648,0.0006083567787394262
0.0037,-0.0095,0.05442564163221883,-0.005327083284287298,0.0005817368864282427
0.0038,-0.0095,0.05294407080376268,-0.005592513735083975,0.0005451786768556507
0.0039,-0.0095,0.05270351083557378,-0.005596530209047754,0.0005367632864616983
0.004,-0.0095,0.05182417723819082,-0.005740127383528014,0.0005229212278946137
0.0041,-0.0095,0.05121263574541881,-0.0058612155182473785,0.00047843581695000746
0.0042,-0.0095,0.05108427281712722,-0.006057765922950764,0.0004350191351715074
0.0043,-0.0095,0.050858811969856296,-0.00628019781255558,0.0003924592518002852
0.0044,-0.0095,0.050673199101273936,-0.006410056758212478,0.00032085749670601304
0.0045,-0.0095,0.05101821719067089,-0.006608852467893552,0.00027373583553893334
0.0046,-0.0095,0.05104431843408446,-0.006567165395410322,0.0002060926016842913
0.0047,-0.0095,0.05171840652354361,-0.0065859774359486424,0.0001442507812913575
0.0048,-0.0095,0.0516655566526355,-0.006844194672372961,7.83601621280208e-05
0.0049,-0.0095,0.05223974877401989,-0.0068188329370231756,1.0794957428563812e-05
0.005,-0.0095,0.05300684913556654,-0.006656848504472193,-6.485250735245011e-05
0.0051,-0.0095,0.053837481882309475,-0.006656499807426254,-0.000138271556952335
0.005200000000000001,-0.0095,0.05454231827808833,-0.006575662826066237,-0.0002063068021318261
0.0053,-0.0095,0.0550113995714426,-0.006526071396697384,-0.00028947595193742854
0.0054,-0.0095,0.05643232186092646,-0.006357065762546714,-0.00037461000433765165
0.0055,-0.0095,0.05722972136964685,-0.006162024888938879,-0.00042079311678461294
0.0056,-0.0095,0.0576644861668521,-0.005915446221102018,-0.0005185430352884997
0.005700000000000001,-0.0095,0.057974355261117154,-0.005874843951340571,-0.0005694284109551052
0.0058,-0.0095,0.058463712440446514,-0.005490513945862841,-0.0006511107617468693
0.0059,-0.0095,0.05887978596686578,-0.005421672301133544,-0.0006686307231689806
0.006,-0.0095,0.059416664145566414,-0.005145898060154972,-0.0007462555143510356
0.0061,-0.0095,0.0602131231301726,-0.004824490540804202,-0.0008136469004791862
0.0062,-0.0095,0.059633978874254555,-0.004544458362963234,-0.0008206628496012663
0.0063,-0.0095,0.05941176409521554,-0.004257260041352239,-0.0008779211506227188
0.0064,-0.0095,0.059019084232605684,-0.003985580508996148,-0.0009079917048086649
0.006499999999999999,-0.0095,0.058508227779089726,-0.0036258710963690205,-0.0009320220245110488
0.006600000000000001,-0.0095,0.05711403394953604,-0.003311397382252489,-0.0009379848815056374
0.0067,-0.0095,0.05605172300165338,-0.0029957317973137794,-0.0009149101309076744
0.0068,-0.0095,0.05381554320894633,-0.0026871005998951574,-0.0009624549781445204
0.0069,-0.0095,0.052218809266199144,-0.0023162839900202196,-0.0009177290829223931
0.006999999999999999,-0.0095,0.0506730898936452,-0.002022332648428411,-0.0008769064239659886
0.007100000000000001,-0.0095,0.04797030035647049,-0.0016995669091226934,-0.0008586962437907193
0.0072,-0.0095,0.045893367007634626,-0.0014453454911304107,-0.0008048422151013377
0.0073,-0.0095,0.04317850444255419,-0.0011390098144335502,-0.0007658735008704307
0.0074,-0.0095,0.04021111260486937,-0.00086436433281612,-0.0007170242210592418
0.0075,-0.0095,0.03784783236081456,-0.0006106306844368688,-0.0006655162190437276
0.0076,-0.0095,0.034911564161913114,-0.0003703519451335154,-0.0006075429441648104
0.0077,-0.0095,0.03195684981142106,-0.00014534428601642135,-0.0005473344413442088
0.0078,-0.0095,0.029155185796335904,4.732317967674656e-05,-0.00046335430662923505
0.0079,-0.0095,0.02631010193528117,0.0002257422812859667,-0.00040041782756553685
0.008,-0.0095,0.023366874342847756,0.00037350512838738514,-0.00032332767288448163
0.0081,-0.0095,0.02146247078599036,0.0004973622521324585,-0.00027478465882910117
0.0082,-0.0095,0.017868819953215213,0.0006043446489501472,-0.00020039278411920883
0.0083,-0.0095,0.01621156385523845,0.0006212200371144505,-0.00010345118368601325
0.0084,-0.0095,0.01285292210619325,0.0007937450587234947,-5.411450847494625e-05
0.0085,-0.0095,0.012189446752305252,0.000736531661172972,1.0299868660587977e-06
0.0086,-0.0095,0.011191432127600712,0.0008277584887816701,4.6695525811919686e-05
0.0087,-0.0095,0.004999991338780134,0.0008170916442094847,0.00011596435535329306
0.0088,-0.0095,0.005637776998720851,0.0007455453627600891,0.00018752704473607988
0.0089,-0.0095,0.00602309918699421,0.0007141993643294532,0.00019439302444913508
0.009,-0.0095,0.003061429482416931,0.0006565048763134199,0.00021334392379013082
0.0091,-0.0095,0.0031662837383277316,0.0005810945037989971,0.0002517965117483023
0.0092,-0.0095,0.0022584712556782773,0.0005205718996206098,0.0002735694063349529
0.0093,-0.0095,0.0015047065007414197,0.00043700266262238185,0.00028196836469302514
0.0094,-0.0095,0.0009770643908618168,0.00035022825786580717,0.00027800413233506634
0.0095,-0.0095,0.0007747500709586505,0.000261995460474627,0.000259432557117384
0.0096,-0.0095,0.0007896446499418369,0.00018675252447253004,0.00023455200111539704
0.0097,-0.0095,0.0013081031251855968,0.0001169433983477671,0.00019740854785432358
0.0098,-0.0095,0.0016287354109476404,6.155097363703813e-05,0.00013842307343324507
0.0099,-0.0095,0.002153869808764776,2.146944914486073e-05,7.649507740168786e-05
0.01,-0.0095,0.0021293115963927143,0.0,0.0
0.0,-0.0094,0.08670338786939992,0.0,0.0
0.0001,-0.0094,0.0863821882604903,-1.1865858603809415e-05,-1.8632166874718844e-05
0.0002,-0.0094,0.0867518562838624,-6.839502487765849e-06,-1.4577431198082138e-05
0.0003,-0.0094,0.08444937849158413,-1.3508489115432475e-05,6.205276200888996e-08
0.0004,-0.0094,0.08596154268154037,-4.899067422598309e-05,6.948385398633968e-05
0.0005,-0.0094,0.08576815736779339,-5.5086881844673524e-05,4.6604757779367124e-05
0.0006,-0.0094,0.08528818331830787,-9.721524117279777e-05,8.666375793695576e-05
0.0007,-0.0094,0.08531369975807948,-0.00014899505431495595,0.00013018103997636967
0.0008,-0.0094,0.08452114161028235,-0.00021619323197718065,0.00018129740725085142
0.0009,-0.0094,0.08432951756633296,-0.0003019366093428379,0.00022649577194837857
0.001,-0.0094,0.08389163922737564,-0.0003939183224323914,0.0002751812113173553
0.0011,-0.0094,0.08312608192879581,-0.0004995773708516385,0.0003165645973027776
0.0012,-0.0094,0.08271178082254459,-0.0006235969535850854,0.0003640435311795969
0.0013000000000000002,-0.0094,0.08173034970534407,-0.0007490638185652927,0.0004010110502297537
0.0014,-0.0094,0.08100061198566998,-0.0009149841474778665,0.0004363200446792356
0.0015,-0.0094,0.08011801885089224,-0.001059293061313404,0.0004733430475404081
0.0016,-0.0094,0.07910638157076987,-0.001228561977033256,0.0005111367145780191
0.0017,-0.0094,0.07794415458637365,-0.0014166290816662538,0.0005506972781296817
0.0018,-0.0094,0.07716195684788665,-0.0015914140285200843,0.0005799831419183303
0.0019,-0.0094,0.07601536080125144,-0.0017901208792185993,0.0006091333094112441
0.002,-0.0094,0.0748803246478879,-0.0020058154896464187,0.0006416128353220643
0.0021,-0.0094,0.07373189874319934,-0.002219059334932136,0.0006701183355309651
0.0022,-0.0094,0.0726334409146015,-0.0024501367303463957,0.0007006476104463896
0.0023,-0.0094,0.07194109707955047,-0.0026920856243313764,0.0007320424611396839
0.0024,-0.0094,0.07041196435572489,-0.0029314082083389476,0.0007628399502391677
0.0025,-0.0094,0.0687136900330407,-0.0031855156510498302,0.0008043748482938278
0.0026000000000000003,-0.0094,0.06763989573725313,-0.0034382568931401666,0.0008076857591545625
0.0027,-0.0094,0.06644125835391108,-0.0037262598503602206,0.0008008699190578984
0.0028,-0.0094,0.06537332094436535,-0.003930494966886024,0.0008117539460152571
0.0029,-0.0094,0.06355634818446618,-0.004203344395170126,0.0008292058345523581
0.003,-0.0094,0.06265417047503952,-0.004500180961517178,0.000870129458076506
0.0031,-0.0094,0.06128361627603199,-0.00477378882100214,0.0008814718965675699
0.0032,-0.0094,0.05983343462805563,-0.005024601513642904,0.0008912184293447854
0.0033000000000000004,-0.0094,0.05890532028808979,-0.00535866754321937,0.0008831677750641303
0.0034,-0.0094,0.05737306815541083,-0.005699391997814015,0.0008461776555258087
0.0034999999999999996,-0.0094,0.05640755382550636,-0.005752351765935096,0.0008305822318199985
0.0036,-0.0094,0.05502805011906427,-0.00617396027680001,0.0008160510667941039
0.0037,-0.0094,0.0541204559035697,-0.006365806560660005,0.0008063775929003265
0.0038,-0.0094,0.053075570186629985,-0.006563228250687232,0.0007889881329566297
0.0039,-0.0094,0.05260708469055164,-0.0068913695548933375,0.0007580786762861878
0.004,-0.0094,0.051623248278164224,-0.00694354121484532,0.000705531755826997
0.0041,-0.0094,0.05132667412926352,-0.007303205678800585,0.0006374652754618023
0.0042,-0.0094,0.050752981001712195,-0.007322702868332767,0.0005680457790627026
0.0043,-0.0094,0.05053240945222612,-0.007611125873717229,0.0005160748828205418
0.0044,-0.0094,0.05018044563018596,-0.007710819977411129,0.00042871684102435866
0.0045,-0.0094,0.05022836973719988,-0.007745298416912397,0.00035131721680424537
0.0046,-0.0094,0.05051293792491972,-0.007688738859673656,0.0002739543539248577
0.0047,-0.0094,0.050494290822553814,-0.007920412891044675,0.0001895175455866792
0.0048,-0.0094,0.05104745683140121,-0.007875144813473836,9.808456494268155e-05
0.0049,-0.0094,0.051428139334138985,-0.0080871378449018,2.917276251139024e-06
0.005,-0.0094,0.05192977362434678,-0.007935513701843295,-9.512992299091459e-05
0.0051,-0.0094,0.052562498815118805,-0.00783315469395299,-0.00020393777914392923
0.005200000000000001,-0.0094,0.053288999833870476,-0.007608870725551086,-0.0002894528687148838
0.0053,-0.0094,0.05393573088461573,-0.007619418461598239,-0.0004137283914135755
0.0054,-0.0094,0.05498859980208466,-0.0075452548208774055,-0.0005111604745497441
0.0055,-0.0094,0.05546563936303055,-0.0072133082804952415,-0.0005892959471543674
0.0056,-0.0094,0.0561403152287468,-0.007161898152425789,-0.0006772246219465046
0.005700000000000001,-0.0094,0.05702401086364833,-0.006924766908006559,-0.0007644270238635464
0.0058,-0.0094,0.057942780183853196,-0.006638796474406754,-0.0008809896564475777
0.0059,-0.0094,0.05795280809583048,-0.006355682227281941,-0.0009591221206876621
0.006,-0.0094,0.05803756281939261,-0.006047808272452507,-0.001021504755770043
0.0061,-0.0094,0.05850649608976737,-0.005804724651768152,-0.0010569628408127277
0.0062,-0.0094,0.057967688224835986,-0.005520311067985802,-0.001134839041077951
0.0063,-0.0094,0.05816761316633239,-0.005302113563797575,-0.0012057450576974439
0.0064,-0.0094,0.057244276276324474,-0.004889687430282054,-0.0012904044358658712
0.006499999999999999,-0.0094,0.056344758691926435,-0.00441236794725619,-0.0012287202689332324
0.006600000000000001,-0.0094,0.05567759182260298,-0.004143793321615079,-0.001288133334309324
0.0067,-0.0094,0.05404173520519263,-0.0037692004418646676,-0.0012554785007848346
0.0068,-0.0094,0.053041624206483506,-0.0033889371584319185,-0.0012440586499852361
0.0069,-0.0094,0.05145688475034988,-0.002958400003515403,-0.0012631256353316839
0.006999999999999999,-0.0094,0.04912763617299022,-0.0026473053883576993,-0.001233263993358426
0.007100000000000001,-0.0094,0.04697087832144016,-0.0022497338860271335,-0.001214121311389496
0.0072,-0.0094,0.04466861925763813,-0.001964184980771976,-0.0011098003192221068
0.0073,-0.0094,0.042135928284692835,-0.0016184457832146442,-0.0010721734576529024
0.0074,-0.0094,0.039653223830337266,-0.0012628329965875913,-0.0010091717268668541
0.0075,-0.0094,0.03665494300029576,-0.0009764601156750708,-0.0009378983665803639
0.0076,-0.0094,0.03424475545987934,-0.0006979101866010124,-0.0008551152972524116
0.0077,-0.0094,0.031217187549145046,-0.0004414893630997508,-0.0007731512433367621
0.0078,-0.0094,0.02840829018878302,-0.00020282127370335295,-0.0006883054658315427
0.0079,-0.0094,0.0256948724101619,6.417779435158831e-06,-0.0005873302272839954
0.008,-0.0094,0.022967062661354138,0.00019158271928641278,-0.0005001189811713605
0.0081,-0.0094,0.020702476476076277,0.0003450573926399298,-0.0003754735404200964
0.0082,-0.0094,0.01807022640395826,0.0004753884503062696,-0.00030657809695500094
0.0083,-0.0094,0.015429358583489853,0.0005884427755266011,-0.00020501522393893187
0.0084,-0.0094,0.01285836294524167,0.0006602352065662362,-0.0001224929937934381
0.0085,-0.0094,0.010796854335955286,0.0007309717270681372,-3.206374206805463e-05
0.0086,-0.0094,0.008804519878736181,0.0007597694623526262,6.0838506297940593e-05
0.0087,-0.0094,0.009988610038730085,0.0007903621883651806,0.00013448468812302314
0.0088,-0.0094,0.0037455979163658303,0.0007794975075141087,0.00018855644354474
0.0089,-0.0094,0.0025928984794107686,0.000688246039144219,0.00024723091592749696
0.009,-0.0094,0.0056084323587957665,0.0006648473914330805,0.00028210067003373436
0.0091,-0.0094,0.00206291347281613,0.0006293840831105107,0.0003303953299543505
0.0092,-0.0094,0.0017018559553697514,0.0005362989750848046,0.0003575769127043009
0.0093,-0.0094,0.001647666430861313,0.00045049156667237083,0.00036936110798313227
0.0094,-0.0094,0.0011767244398053454,0.00037106151721169963,0.0003629516696923385
0.0095,-0.0094,0.0007306512941162881,0.00028244322965507806,0.00034676369863377246
0.0096,-0.0094,0.0011449504375944807,0.0002021321024676991,0.0003133929944537868
0.0097,-0.0094,0.0010615531998927862,0.00012710814134045715,0.00025950704519018863
0.0098,-0.0094,0.0017864467333256497,6.603126183410925e-05,0.0001898009491998447
0.0099,-0.0094,0.0022411041766914634,2.3272446610413436e-05,0.00010304176666877507
0.01,-0.0094,0.0023501201851623367,0.0,0.0
0.0,-0.0093,0.08723776358957636,0.0,0.0
0.0001,-0.0093,0.08775153831114894,1.6125694677516824e-05,-2.2570899381932396e-05
0.0002,-0.0093,0.08740912161111371,-1.2697119037734977e-05,-5.01290539039502e-05
0.0003,-0.0093,0.08685597872436057,-2.844567513751689e-05,-8.654599677686186e-05
0.0004,-0.0093,0.08662243873043945,-4.568285206826193e-05,-2.3651800155187477e-05
0.0005,-0.0093,0.08627289920012592,-0.00012902470992255015,8.56478578643006e-05
0.0006,-0.0093,0.08583683870486349,-0.0001629848622675163,0.00014540573310416316
0.0007,-0.0093,0.08577756710682163,-0.00023880248755815743,0.00019976681270840728
0.0008,-0.0093,0.08488496369978239,-0.00032559356424288776,0.00025997556301763047
0.0009,-0.0093,0.08482475282939542,-0.00041303120832933817,0.0003272510572336621
0.001,-0.0093,0.08417106820442717,-0.0005427506486166978,0.00038531572454315383
0.0011,-0.0093,0.08349786193678202,-0.0006672454011782815,0.0004456342681006467
0.0012,-0.0093,0.08273244513207954,-0.0008302616807276154,0.0005000147730048525
0.0013000000000000002,-0.0093,0.08227076109470083,-0.0009734405166807545,0.0005542797320804389
0.0014,-0.0093,0.08135141447338844,-0.001151962023309584,0.0006028983929881088
0.0015,-0.0093,0.08039399599700865,-0.0013394582714358148,0.0006538375722409718
0.0016,-0.0093,0.07959099644835962,-0.0015404484535435099,0.0006981538230935661
0.0017,-0.0093,0.07845004576000468,-0.00175107129135385,0.0007482367630988158
0.0018,-0.0093,0.07734139394473155,-0.0019740854498587223,0.0007901913999723986
0.0019,-0.0093,0.07648056767257698,-0.00220376914537914,0.0008284615536028818
0.002,-0.0093,0.07561059833933143,-0.002450324887211207,0.0008656008757475603
0.0021,-0.0093,0.07425240443029237,-0.002706577248905626,0.0009178121780330982
0.0022,-0.0093,0.07363872799708653,-0.002964442509972314,0.0009494466848395341
0.0023,-0.0093,0.07240560037401216,-0.00325779310107467,0.0009802646657720152
0.0024,-0.0093,0.07093112556375324,-0.003544236191596041,0.001030027114240453
0.0025,-0.0093,0.06946759454393897,-0.003854293011013631,0.0010375470360810188
0.0026000000000000003,-0.0093,0.06822120578233068,-0.0041068238002905585,0.001092386002229916
0.0027,-0.0093,0.06702357976442139,-0.004479243647275039,0.001106144936036212
0.0028,-0.0093,0.06578994518505565,-0.004713028229548093,0.0011421261457097345
0.0029,-0.0093,0.06426579492059478,-0.004989484089960146,0.0011612639847029375
0.003,-0.0093,0.06307140013221622,-0.00537781387687598,0.0011417716850552258
0.0031,-0.0093,0.0613195255256067,-0.00565082987714587,0.0011434445424907222
0.0032,-0.0093,0.06026664227497528,-0.005884590527322057,0.0011713533600542687
0.0033000000000000004,-0.0093,0.05891653418843942,-0.00618782979982074,0.001137343887454789
0.0034,-0.0093,0.05746410821407511,-0.006540889638806369,0.0011547848322512593
0.0034999999999999996,-0.0093,0.05639425569175996,-0.0068665736628403615,0.0011424578698073652
0.0036,-0.0093,0.05504733699498718,-0.007118206204469695,0.0011092316777889493
0.0037,-0.0093,0.05395457761840955,-0.00733281994329192,0.001065096069539574
0.0038,-0.0093,0.053289238582508495,-0.007750970068577348,0.0010119851710211276
0.0039,-0.0093,0.05226622618072786,-0.007910301623172092,0.0009303566856302882
0.004,-0.0093,0.05154392649001802,-0.008217267188101637,0.0008554321006988459
0.0041,-0.0093,0.05080583814711188,-0.008435126324463329,0.0008112845879319711
0.0042,-0.0093,0.05002622132688741,-0.00845204958827329,0.0007383521752452275
0.0043,-0.0093,0.049894674135103886,-0.008712075547160355,0.0006503958853503685
0.0044,-0.0093,0.049482707125690965,-0.008761911236781559,0.0005747397236224562
0.0045,-0.0093,0.049153422702139175,-0.008877618245306617,0.0004548916043591289
0.0046,-0.0093,0.049212873904449006,-0.009040842368850107,0.0003465957538059974
0.0047,-0.0093,0.0495184373576936,-0.009040363934182012,0.00023069538672928683
0.0048,-0.0093,0.04942671770695773,-0.009111816326586737,0.00011466415712476372
0.0049,-0.0093,0.05017840209480539,-0.009024769656487651,-9.328258680147685e-06
0.005,-0.0093,0.050617817352053854,-0.009157902360253975,-0.00013569919565922044
0.0051,-0.0093,0.05104779457861075,-0.009077467094690338,-0.00026685268627415717
0.005200000000000001,-0.0093,0.05192809300587543,-0.008952675794795105,-0.0004038241895059859
0.0053,-0.0093,0.05273437434733611,-0.008819152116280803,-0.0005225558744741453
0.0054,-0.0093,0.05340214197273534,-0.008758145797958895,-0.0006589525641850525
0.0055,-0.0093,0.05382906122075559,-0.008496696644807249,-0.0007661473913320102
0.0056,-0.0093,0.054471545922203976,-0.00844464785864139,-0.0008961257852511829
0.005700000000000001,-0.0093,0.055360513876821976,-0.008022852401265669,-0.0010062626007166786
0.0058,-0.0093,0.05586052061774911,-0.007864004771986632,-0.001139651693187042
0.0059,-0.0093,0.0565435428823456,-0.007422770156628219,-0.0012484562673422104
0.006,-0.0093,0.05665520584437381,-0.007210945859990119,-0.0013350553356098506
0.0061,-0.0093,0.05662637861702476,-0.0069958134499774815,-0.0014172359184282523
0.0062,-0.0093,0.056585838946812225,-0.006426158409037494,-0.001473345013122819
0.0063,-0.0093,0.05630894555215472,-0.006235859773022489,-0.001539328427897964
0.0064,-0.0093,0.055896653039603915,-0.005698631916625028,-0.0016193491837296322
0.006499999999999999,-0.0093,0.05527650266711776,-0.005427113726078881,-0.0016824881770166875
0.006600000000000001,-0.0093,0.05442302979329963,-0.0050685206379888536,-0.0017271303021591502
0.0067,-0.0093,0.053176344855032885,-0.00454754678305752,-0.0016249211858834858
0.0068,-0.0093,0.05175484318921635,-0.004037524280528146,-0.0016399518607930605
0.0069,-0.0093,0.05032323293220382,-0.0037724336738094114,-0.0015728837483723807
0.006999999999999999,-0.0093,0.047768555989265125,-0.0033236528698829485,-0.0016519492401811274
0.007100000000000001,-0.0093,0.04569921445184603,-0.0029285365830960426,-0.001561134743612933
0.0072,-0.0093,0.04365230022045407,-0.0025165421199135458,-0.0014849971661310979
0.0073,-0.0093,0.041316355141726234,-0.002136774586045515,-0.0014370387017867735
0.0074,-0.0093,0.03838283480892809,-0.001748900778711842,-0.0013725450861287786
0.0075,-0.0093,0.03574782985947452,-0.001426036947427279,-0.0012524413415363736
0.0076,-0.0093,0.03304028250052599,-0.0011042347836504125,-0.0011605942953007368
0.0077,-0.0093,0.03024104422839937,-0.0008081627058900483,-0.0010465853625883186
0.0078,-0.0093,0.02736577297775232,-0.000512162286843396,-0.0009251383090247722
0.0079,-0.0093,0.024684050989702253,-0.00027455543146052844,-0.0008078019900528557
0.008,-0.0093,0.022076225758527367,-5.115766069719221e-05,-0.0006820979769943387
0.0081,-0.0093,0.01952810866123111,0.0001337249388230044,-0.0005650568834615014
0.0082,-0.0093,0.016753279374559626,0.00030836356654991124,-0.00042811801422969745
0.0083,-0.0093,0.014837321496571238,0.00044475998165592335,-0.00031427609217424463
0.0084,-0.0093,0.012288365487638411,0.0005540273292057389,-0.00018677610727624045
0.0085,-0.0093,0.010173309422938988,0.0006368362806885759,-9.483041646826951e-05
0.0086,-0.0093,0.00838878527282063,0.0006801758842315888,2.5252812390354035e-05
0.0087,-0.0093,0.007628451399536828,0.000725087798352876,0.00012175176323017748
0.0088,-0.0093,0.004534340907887687,0.000728342697671162,0.00018907237021641607
0.0089,-0.0093,0.003168433042523516,0.0006715160975578384,0.00026960916418259826
0.009,-0.0093,0.00382800030534125,0.0006430392070007167,0.00034958719681692544
0.0091,-0.0093,0.0019247125245083362,0.0006192178602459802,0.0003951270876221968
0.0092,-0.0093,0.00032106242600446515,0.0005393787927159814,0.00042823097725175655
0.0093,-0.0093,0.0005987213241723341,0.00045380187000941996,0.0004474309865002308
0.0094,-0.0093,0.0006023901676404364,0.0003762053926012724,0.0004474541786886795
0.0095,-0.0093,0.0002998100610869128,0.0002887103490188409,0.0004290285285010593
0.0096,-0.0093,-2.9670766846865436e-06,0.00020632615540793322,0.00038852880336355544
0.0097,-0.0093,0.0006925653070424747,0.00013035173733516958,0.0003299824628436672
0.0098,-0.0093,0.0009644354762459624,6.82204823055431e-05,0.00024513680393120337
0.0099,-0.0093,0.001650385807101408,2.415186636390426e-05,0.00013323626577541327
0.01,-0.0093,0.001752858140328868,0.0,0.0
0.0,-0.0092,0.08861326750528657,0.0,0.0
0.0001,-0.0092,0.08824219505618609,-1.8661306939649157e-06,-8.92604108185431e-06
0.0002,-0.0092,0.08990890775582423,-1.788721806794463e-06,-1.14097206254952e-05
0.0003,-0.0092,0.08913228188910877,-3.8361844701237336e-05,2.73322418643477e-06
0.0004,-0.0092,0.08828621771465484,-7.927974636263284e-05,8.155530688620707e-05
0.0005,-0.0092,0.08741587173635272,-0.00014413565390811726,0.0001383998142723994
0.0006,-0.0092,0.08704906589893138,-0.00022202344390363324,0.0002152868430154025
0.0007,-0.0092,0.08621900411726773,-0.0003248687618289892,0.00028766550777917926
0.0008,-0.0092,0.08522814729226079,-0.00041772524103984745,0.0003632002874879652
0.0009,-0.0092,0.0851859993010232,-0.000558318654120385,0.0004493560712719368
0.001,-0.0092,0.08472308638739592,-0.0006807111774337032,0.0005197703006293532
0.0011,-0.0092,0.08361652718666124,-0.0008496185205082787,0.0005970212986387137
0.0012,-0.0092,0.08338141816360131,-0.0010279382497833493,0.0006667318618720856
0.0013000000000000002,-0.0092,0.08271245453389495,-0.001203019647474679,0.0007353870793281717
0.0014,-0.0092,0.08165327254761992,-0.0014278654454050596,0.0008000299708129405
0.0015,-0.0092,0.0806849659461564,-0.0016394657036658392,0.0008643207185279688
0.0016,-0.0092,0.08023389425255721,-0.0018730321689803744,0.0009228185778759248
0.0017,-0.0092,0.07932636132341214,-0.0021137327140554837,0.0009834842913566718
0.0018,-0.0092,0.07801897978142047,-0.0023754851736233445,0.0010335022636758554
0.0019,-0.0092,0.07700836389895543,-0.0026441692601208906,0.0010948002391959566
0.002,-0.0092,0.07609781030414799,-0.0029125756461698517,0.0011536367644050677
0.0021,-0.0092,0.07483087547963392,-0.0032353250986071665,0.0011876775162253982
0.0022,-0.0092,0.07394978956745428,-0.0035117423492278797,0.0012443191136233265
0.0023,-0.0092,0.07318416233065661,-0.003865406591842486,0.0012819048378346059
0.0024,-0.0092,0.0712702529227018,-0.004129710724355279,0.001339751863004118
0.0025,-0.0092,0.06979628985664059,-0.00451166255589418,0.0013507050304261026
0.0026000000000000003,-0.0092,0.06853290247946558,-0.004742880053459819,0.0014457149188884075
0.0027,-0.0092,0.06746317861225935,-0.005171565370107482,0.0014660632086026853
0.0028,-0.0092,0.06608058049928618,-0.005485825050178302,0.0014795891388016394
0.0029,-0.0092,0.06482439522763694,-0.005820157226049462,0.0014542929355064332
0.003,-0.0092,0.06324745090108384,-0.006207767927296926,0.0015340437503720346
0.0031,-0.0092,0.061674029103049345,-0.006693664871276642,0.0014970576524990212
0.0032,-0.0092,0.06020708691583054,-0.00704638110211797,0.0014901215996688576
0.0033000000000000004,-0.0092,0.058556790934084245,-0.0072591490327291695,0.0014700395343077274
0.0034,-0.0092,0.05739854287294962,-0.00748863939858519,0.001447782232260226
0.0034999999999999996,-0.0092,0.05607309671779595,-0.007789052846102754,0.0014612708216439536
0.0036,-0.0092,0.05480239150977288,-0.008182525766739064,0.0013621877518680944
0.0037,-0.0092,0.05336249666165427,-0.008493749954634124,0.0013411575053365822
0.0038,-0.0092,0.052319344836160825,-0.008814032727053618,0.0013078043460738984
0.0039,-0.0092,0.05128554671944357,-0.009006594039143447,0.0012378652339139415
0.004,-0.0092,0.05068722551422782,-0.009294907837316898,0.0010907686933869984
0.0041,-0.0092,0.05000429721591179,-0.009560614437030782,0.0010278710053531121
0.0042,-0.0092,0.04894634634952668,-0.009808594819191052,0.0008998808549331148
0.0043,-0.0092,0.048468085726398824,-0.009757361608130998,0.0008030659704252621
0.0044,-0.0092,0.047931109207052194,-0.010102808136063561,0.0007038528452211261
0.0045,-0.0092,0.04795211593322884,-0.01021709297110952,0.0005655937945470317
0.0046,-0.0092,0.04778908879840743,-0.010113872478663766,0.00042917519601989987
0.0047,-0.0092,0.04790824440898464,-0.010428210088255258,0.00028959163929876184
0.0048,-0.0092,0.04806290844203844,-0.01039445728623527,0.00013124885358794508
0.0049,-0.0092,0.04830007798729857,-0.010414336830198621,-2.289876425289508e-05
0.005,-0.0092,0.04849823826911961,-0.010240647497319462,-0.00018311978959617393
0.0051,-0.0092,0.04919405336781373,-0.01016615038233764,-0.00034054907511795206
0.005200000000000001,-0.0092,0.04982485426729082,-0.01009654426306044,-0.0005002926144368731
0.0053,-0.0092,0.0503952134095905,-0.010236693264268203,-0.0006512132626515206
0.0054,-0.0092,0.05099281647917293,-0.00975090531255765,-0.0008261621362693388
0.0055,-0.0092,0.05204045139208757,-0.009665223984883321,-0.0009872655279284717
0.0056,-0.0092,0.052877781358200246,-0.009345103353518487,-0.0011389262176565306
0.005700000000000001,-0.0092,0.05336563491933721,-0.009179548030846627,-0.0012867656726532407
0.0058,-0.0092,0.05406887028453313,-0.008978190279877627,-0.001431895447459126
0.0059,-0.0092,0.05441820727677193,-0.008466502832984868,-0.0015417616218892233
0.006,-0.0092,0.05473358800010491,-0.00828911016314095,-0.001631896901551061
0.0061,-0.0092,0.05483727152398217,-0.0077798734178410045,-0.0018316394793762604
0.0062,-0.0092,0.05501345973290309,-0.007520085760633188,-0.0018871699213752454
0.0063,-0.0092,0.05459721968846493,-0.007056495475471103,-0.0019502364992453837
0.0064,-0.0092,0.0541126893853253,-0.006802768831702212,-0.002019208676094423
0.006499999999999999,-0.0092,0.05365868846502493,-0.006450439301967427,-0.0020266040745751572
0.006600000000000001,-0.0092,0.05271460740963516,-0.005721816999370888,-0.002072253183679352
0.0067,-0.0092,0.051443195357541896,-0.005367758023071326,-0.00204035515918692
0.0068,-0.0092,0.05011303114666606,-0.00493964201129491,-0.002052877196207664
0.0069,-0.0092,0.04862834936002726,-0.0045833868014526855,-0.0021177632543766408
0.006999999999999999,-0.0092,0.04679969601631241,-0.004064907973953741,-0.0020616646940365495
0.007100000000000001,-0.0092,0.04449507612521729,-0.0036456145005228677,-0.0019945111194831847
0.0072,-0.0092,0.04232420871064577,-0.0032042060726011714,-0.0019409088722086639
0.0073,-0.0092,0.04029690764159766,-0.002695499103759752,-0.0018275291152351466
0.0074,-0.0092,0.037255088626248725,-0.002273274056660186,-0.001697297209064026
0.0075,-0.0092,0.034669620262098036,-0.0019034297734774716,-0.0016194251846501661
0.0076,-0.0092,0.032319117411920985,-0.001556943897883607,-0.0014727412898666973
0.0077,-0.0092,0.02936087216058194,-0.0012003096723515077,-0.001343369333500251
0.0078,-0.0092,0.02659297318653838,-0.0009240101906353081,-0.0012183198418056805
0.0079,-0.0092,0.024056163491821443,-0.0006066442471758466,-0.001068199682729532
0.008,-0.0092,0.021490423396003492,-0.0003385931202970263,-0.0009088231564740872
0.0081,-0.0092,0.01894416016039392,-0.00012790496664529468,-0.0007578561980932826
0.0082,-0.0092,0.016004676365632197,7.889657308057571e-05,-0.0005983224179432456
0.0083,-0.0092,0.01383364960846251,0.00024408246633905807,-0.0004507273914918905
0.0084,-0.0092,0.011545652865491442,0.00038589997396702496,-0.0003076904195275172
0.0085,-0.0092,0.009909573581009717,0.0004899491956779828,-0.00017635436785058377
0.0086,-0.0092,0.007664931628508665,0.0005678123496164992,-3.716756775823897e-05
0.0087,-0.0092,0.00605478207190137,0.0006171509543081819,9.581103542136947e-05
0.0088,-0.0092,0.0043989488055465095,0.0006420426186848175,0.0002134558275916831
0.0089,-0.0092,0.003059008215189495,0.0006332438628215442,0.00029759384087638157
0.009,-0.0092,0.0022690555650049732,0.0006099895975064552,0.00038894489843558836
0.0091,-0.0092,0.0016418153078416081,0.000572946132825909,0.00044723754612566586
0.0092,-0.0092,0.0005397271862354047,0.0005133788631766226,0.00049786170258238
0.0093,-0.0092,0.0005949669496886453,0.0004419126630855034,0.000533474520480919
0.0094,-0.0092,0.00046049776977476333,0.0003659580228828604,0.000534648149235036
0.0095,-0.0092,0.0001755170742827137,0.0002857862412993917,0.0005148687442168652
0.0096,-0.0092,-5.497312204987405e-05,0.0002051774650660537,0.00047288899216744627
0.0097,-0.0092,0.0002676884100780413,0.00013056390941191618,0.00040177991510927
0.0098,-0.0092,0.000914938086507158,6.809288195433545e-05,0.0002978386754653444
0.0099,-0.0092,0.0011027625862826422,2.3773576183725763e-05,0.00016735590698687598
0.01,-0.0092,0.0014357288297922335,0.0,0.0
0.0,-0.0091,0.08834264640495727,0.0,0.0
0.0001,-0.0091,0.0874386358011863,-1.7303588487504472e-05,8.897637306955023e-06
0.0002,-0.0091,0.08737684118680415,9.654535038217072e-07,6.281350615015549e-05
0.0003,-0.0091,0.08760759580986568,-8.572370786888569e-05,5.9957419707978335e-05
0.0004,-0.0091,0.08875169168262234,-0.00012862038523390798,0.000138890753959184
0.0005,-0.0091,0.08768755920316013,-0.00018465827982990635,0.00021862166072180965
0.0006,-0.0091,0.08708907482545711,-0.00029399373999877665,0.00029636603478233207
0.0007,-0.0091,0.08666623261343943,-0.0004161061407670821,0.00040147845498724675
0.0008,-0.0091,0.08622974190502047,-0.0005433068715199889,0.000494213228467856
0.0009,-0.0091,0.08582578482558266,-0.0006806761438667239,0.0005908690593063563
0.001,-0.0091,0.08491110108965577,-0.0008527623802763464,0.0006820671488393332
0.0011,-0.0091,0.08409125310593507,-0.001052506796663259,0.0007760008108263418
0.0012,-0.0091,0.08367621418816387,-0.001252446840906368,0.0008634050501909098
0.0013000000000000002,-0.0091,0.0831162144249302,-0.001458729831943805,0.0009490918635205888
0.0014,-0.0091,0.08206489218600538,-0.00169865206633683,0.0010265202642725487
0.0015,-0.0091,0.08132765805960723,-0.0019573099192749066,0.0011060958420878707
0.0016,-0.0091,0.08052366657022955,-0.00222457010897848,0.001182374043854146
0.0017,-0.0091,0.07915221633907338,-0.0024959573778079013,0.001249531392886768
0.0018,-0.0091,0.07882974462986526,-0.0027855043144870183,0.0013231617757865227
0.0019,-0.0091,0.07735495317158632,-0.003096882560901886,0.0013978391565162675
0.002,-0.0091,0.07685535527832439,-0.003439208940318464,0.0014536041591566528
0.0021,-0.0091,0.07565382565709061,-0.0037624110947807143,0.0014812598539745544
0.0022,-0.0091,0.0743489878074748,-0.00407396602813809,0.0015544053771866736
0.0023,-0.0091,0.07299087172076761,-0.004458018505129425,0.001619028025632142
0.0024,-0.0091,0.07166159230802795,-0.004896813708702358,0.0016821269897870708
0.0025,-0.0091,0.07029479771560876,-0.005208978134557004,0.0017782027076414138
0.0026000000000000003,-0.0091,0.06922318947373027,-0.005556964738722743,0.0017928925306363718
0.0027,-0.0091,0.06756163456679766,-0.005943601661560149,0.0017572298088727298
0.0028,-0.0091,0.06599307155323135,-0.006228427118100145,0.0018077664191457087
0.0029,-0.0091,0.06435171563305334,-0.006719289436720799,0.0018228797393753994
0.003,-0.0091,0.06308738570667176,-0.007105971221021983,0.0019190156132656588
0.0031,-0.0091,0.061638536591181896,-0.007520389979503373,0.0018500211095304094
0.0032,-0.0091,0.05992281476284508,-0.007795588630912904,0.0019049337068468627
0.0033000000000000004,-0.0091,0.05824342636274074,-0.008194471270197286,0.0018546661988604635
0.0034,-0.0091,0.05701500084296774,-0.008499669882344336,0.0017429288102514173
0.0034999999999999996,-0.0091,0.05517977404097392,-0.00890275964520927,0.0017718735941576755
0.0036,-0.0091,0.053589945429806815,-0.009205366339335094,0.001681615717605215
0.0037,-0.0091,0.05288988790450904,-0.00956342080180989,0.0016371503953267177
0.0038,-0.0091,0.051308362155765105,-0.009833151757460676,0.0015399600526028484
0.0039,-0.0091,0.05005535355906615,-0.010077172968236403,0.001423393959234048
0.004,-0.0091,0.048992537310626534,-0.010252350027839651,0.0013655202095072157
0.0041,-0.0091,0.048533770644676344,-0.010665668054270841,0.0012214654729928367
0.0042,-0.0091,0.04682137888542277,-0.010807173143019181,0.0011274675527647357
0.0043,-0.0091,0.0464726171470665,-0.010944390349198226,0.0009679680236673396
0.0044,-0.0091,0.0463122842784817,-0.011171328975281817,0.0008568497574259142
0.0045,-0.0091,0.04503414390591647,-0.011467129346296004,0.0006780824507436945
0.0046,-0.0091,0.04571459610679308,-0.011425909255469636,0.000514818349022674
0.0047,-0.0091,0.04541394223886232,-0.011536176294155792,0.0003328103281133522
0.0048,-0.0091,0.04556877510708281,-0.011559731821724538,0.000154894950140525
0.0049,-0.0091,0.04615180144572067,-0.011634488132804377,-3.8535309246365585e-05
0.005,-0.0091,0.046490095935281237,-0.011573761613100714,-0.00022625796064102075
0.0051,-0.0091,0.04628884278456404,-0.011496536669802038,-0.0004154672981147637
0.005200000000000001,-0.0091,0.047772555347181125,-0.011194055154283011,-0.0006308942867039573
0.0053,-0.0091,0.048141660919999184,-0.011065088959298905,-0.000807433456567416
0.0054,-0.0091,0.048321395354566206,-0.010953846544991637,-0.0010100719794728142
0.0055,-0.0091,0.049696587610160006,-0.010927354654582737,-0.0011970240822264553
0.0056,-0.0091,0.05002434364947906,-0.010565516590061762,-0.0013767035092662164
0.005700000000000001,-0.0091,0.051117440218006356,-0.01029779768011863,-0.0015407976176687608
0.0058,-0.0091,0.05153460577483279,-0.009998603525402362,-0.0017104644278227105
0.0059,-0.0091,0.05172135631707673,-0.009652137157744121,-0.0018604180769565245
0.006,-0.0091,0.052506822074586235,-0.009531837308256035,-0.0020338536007358356
0.0061,-0.0091,0.0527504537066919,-0.008841106327003617,-0.002110587092631499
0.0062,-0.0091,0.05317553777105837,-0.008519867042906559,-0.002241618394170926
0.0063,-0.0091,0.05258728088233079,-0.008024762818426451,-0.002364640256703625
0.0064,-0.0091,0.052213564950813,-0.007636426245023995,-0.0024095747476407707
0.006499999999999999,-0.0091,0.05205017469272971,-0.007204999251382216,-0.002564096591040706
0.006600000000000001,-0.0091,0.05086853833102211,-0.0068140240673897415,-0.0026244713290401525
0.0067,-0.0091,0.04999712270680976,-0.0063546567798003425,-0.0025165306880671084
0.0068,-0.0091,0.04861803523903045,-0.005818474795762946,-0.002600516247491426
0.0069,-0.0091,0.04713755443715925,-0.005261267855945349,-0.002527399284911279
0.006999999999999999,-0.0091,0.04530408474303971,-0.0047431899850691175,-0.002532881201393087
0.007100000000000001,-0.0091,0.043339580135241786,-0.004355334058369591,-0.00247257933918312
0.0072,-0.0091,0.041381085007201876,-0.0038351866696413658,-0.002365609130586768
0.0073,-0.0091,0.03896905518268276,-0.003430502696815475,-0.0022160790997935334
0.0074,-0.0091,0.036229260954683824,-0.0029615538115817016,-0.0021500351207103022
0.0075,-0.0091,0.03362910881240965,-0.0024991367044637017,-0.0019856632808859637
0.0076,-0.0091,0.030984032816036084,-0.0021158277817526078,-0.0018763945136138277
0.0077,-0.0091,0.02862956195574507,-0.0017322042085377983,-0.001708164223204178
0.0078,-0.0091,0.025853127382467717,-0.0013123864310973545,-0.0015248520231090801
0.0079,-0.0091,0.023004162863290992,-0.0009946752059078968,-0.0013551682057368203
0.008,-0.0091,0.02027970607067362,-0.0007148936965653864,-0.0011736145325464246
0.0081,-0.0091,0.01791331802850016,-0.0004476134766427843,-0.0009876104264335854
0.0082,-0.0091,0.015273926800080896,-0.00020061692913027188,-0.0008017825819881992
0.0083,-0.0091,0.01297958107078789,-3.5804260588298296e-06,-0.0006156305727349538
0.0084,-0.0091,0.010937234129595165,0.0001777133140422951,-0.00044014320477605244
0.0085,-0.0091,0.00881463502055262,0.0003140964858516699,-0.00027040519222564386
0.0086,-0.0091,0.006692083437422433,0.0004234454524921147,-0.00012221689823035224
0.0087,-0.0091,0.005007537450146674,0.000488279708462473,3.847330843922085e-05
0.0088,-0.0091,0.004128075748850678,0.0005336071142015099,0.00019028248920483493
0.0089,-0.0091,0.002843202018837402,0.0005516579598638865,0.00031019504240219594
0.009,-0.0091,0.0015364639791372481,0.0005441884888758757,0.0004109637610716175
0.0091,-0.0091,0.0007456257579519221,0.0005182192120073356,0.000501779989509819
0.0092,-0.0091,-0.0002452869196859454,0.00047852457848429614,0.0005678163189763261
0.0093,-0.0091,-0.0009694742452342375,0.0004198365655626403,0.0006093548667505245
0.0094,-0.0091,-0.00160758956787673,0.0003447852921244372,0.0006142049372670535
0.0095,-0.0091,-0.0011331118788591994,0.0002686593509891568,0.0005885221652152279
0.0096,-0.0091,-0.001150124730520531,0.0001960935149938439,0.0005418080494881174
0.0097,-0.0091,-0.000669888505943378,0.000124031250128105,0.00046731186206903425
0.0098,-0.0091,-0.00016555616626349822,6.483089660722767e-05,0.0003543746818203249
0.0099,-0.0091,0.00047068646449684463,2.2383672260699208e-05,0.0001987613422621277
0.01,-0.0091,0.000818786464912576,0.0,0.0
0.0,-0.009,0.08926239712744304,0.0,0.0
0.0001,-0.009,0.08904288858571474,-2.906574810978267e-06,1.0594788861272889e-05
0.0002,-0.009,0.08869273888538655,-3.4246749149600444e-05,4.6658050386166715e-05
0.0003,-0.009,0.08934132642145218,-9.06561104701819e-05,0.00011604843357915185
0.0004,-0.009,0.0890030530677883,-0.000146539566588684,0.00020138327932150459
0.0005,-0.009,0.08879860250156152,-0.0002476233973199043,0.0003135883469797301
0.0006,-0.009,0.08782857180110956,-0.000361163557667982,0.0004317791822695779
0.0007,-0.009,0.08693586984183835,-0.0005108357347680512,0.0005293296888472443
0.0008,-0.009,0.08671440246026338,-0.0006636862668051794,0.000655446337873981
0.0009,-0.009,0.08592763275690934,-0.0008389682788896842,0.0007653912655666547
0.001,-0.009,0.08536084537518207,-0.00103740011774917,0.000876842171601356
0.0011,-0.009,0.0847479695418792,-0.0012447526583170443,0.0009846981783050508
0.0012,-0.009,0.08380910460150363,-0.001495429629065261,0.001090058352162504
0.0013000000000000002,-0.009,0.08345528012730398,-0.0017408123928261022,0.0011896204092436413
0.0014,-0.009,0.08263500097383704,-0.002004441911025188,0.0012881870336744843
0.0015,-0.009,0.08153987391069256,-0.0022871432086509595,0.0013782328869791317
0.0016,-0.009,0.08100048091233569,-0.002584213880562472,0.0014698448559140088
0.0017,-0.009,0.08030632100566255,-0.0029042905925228124,0.0015496852505901021
0.0018,-0.009,0.07906113683257515,-0.0032132746186311193,0.0016282932884043894
0.0019,-0.009,0.07786299223362543,-0.0035674857172361784,0.001729176130952935
0.002,-0.009,0.07691500024698918,-0.00393254976719757,0.0018157575633805365
0.0021,-0.009,0.07570265151604579,-0.0042958339733050535,0.0018942310698957868
0.0022,-0.009,0.07449156711181705,-0.004727950800845976,0.0019315392920051348
0.0023,-0.009,0.07343881812473871,-0.005080008216719795,0.0019659001394895285
0.0024,-0.009,0.07191163058472046,-0.005453226100367018,0.0020466622103083656
0.0025,-0.009,0.0703236027246282,-0.005953002889302387,0.0020359566046136506
0.0026000000000000003,-0.009,0.06865504380200868,-0.006221481225142215,0.0021967808165492277
0.0027,-0.009,0.06737260457633247,-0.006745820257694421,0.002237605241820114
0.0028,-0.009,0.0660257610091462,-0.006982277131244687,0.002294090986478585
0.0029,-0.009,0.06419777087048065,-0.007430511708081857,0.002219715051461044
0.003,-0.009,0.06253945018244599,-0.007941081789357691,0.0022294078693805906
0.0031,-0.009,0.060907258631419055,-0.008455484122347643,0.0022220816440036532
0.0032,-0.009,0.05926393184686991,-0.00866030514872444,0.0022458434826859164
0.0033000000000000004,-0.009,0.05717632660886509,-0.009075431832356496,0.002150602333229048
0.0034,-0.009,0.055677148694937256,-0.009601360243503342,0.00217358625098543
0.0034999999999999996,-0.009,0.05404863971101529,-0.009788241134199453,0.0020808852576412636
0.0036,-0.009,0.0524992704741359,-0.010197396532983656,0.002066360715347213
0.0037,-0.009,0.050953313243839615,-0.010520709896978807,0.0019554667577232525
0.0038,-0.009,0.04990413358592488,-0.010795265305240205,0.0018926673390283729
0.0039,-0.009,0.04776212714111868,-0.0113350852823081,0.0017765652280030105
0.004,-0.009,0.047280340754400255,-0.011470841204302118,0.0016296406418565145
0.0041,-0.009,0.046343901126720134,-0.011694945855060722,0.0014799321130954364
0.0042,-0.009,0.04464179808185285,-0.012098035417795023,0.0013335888430856574
0.0043,-0.009,0.04345939921648688,-0.012014859460382669,0.0011606180166978126
0.0044,-0.009,0.04333967324663002,-0.012437856765734924,0.0009869953077181724
0.0045,-0.009,0.04398076394684859,-0.01254268664809946,0.0008001532902708425
0.0046,-0.009,0.0425262604738518,-0.012662434396209843,0.000599031303507351
0.0047,-0.009,0.04205383785912041,-0.012797841801071425,0.00039362845097832227
0.0048,-0.009,0.043549215306442464,-0.012694387386924908,0.0001725076269291465
0.0049,-0.009,0.04160725717157127,-0.012637464709902716,-4.6069422763531447e-05
0.005,-0.009,0.04353055014338698,-0.012557167981429203,-0.00027307450696807743
0.0051,-0.009,0.043610931895042525,-0.012699411887074845,-0.0005004759757580645
0.005200000000000001,-0.009,0.04444608960578774,-0.012558516538640188,-0.0007296230849491526
0.0053,-0.009,0.04475856814907173,-0.012417376535951591,-0.0009681223344658092
0.0054,-0.009,0.04589119955931615,-0.012207721818069806,-0.0011963752886833122
0.0055,-0.009,0.04699948601473354,-0.012066224559115796,-0.001412880507272922
0.0056,-0.009,0.04803931731378808,-0.011771676299398596,-0.0016194067280326553
0.005700000000000001,-0.009,0.04791136522340083,-0.011468076237403438,-0.0018476768269072488
0.0058,-0.009,0.04799196364885093,-0.01112910453866228,-0.0020360815941117033
0.0059,-0.009,0.04912888050206016,-0.011007971476530565,-0.002191691451942921
0.006,-0.009,0.049836406634623055,-0.010351971015814941,-0.002397575381199411
0.0061,-0.009,0.05052553325790289,-0.01014504078904098,-0.0025306523856546193
0.0062,-0.009,0.050569323527464176,-0.00966752889927679,-0.002674542952538158
0.0063,-0.009,0.05060376064936805,-0.00913353803958821,-0.0027926023281464756
0.0064,-0.009,0.04989586379403075,-0.008560729531735718,-0.0029090845999662747
0.006499999999999999,-0.009,0.04933468476248718,-0.008167675331950591,-0.002997079214377417
0.006600000000000001,-0.009,0.04954145190621073,-0.007833609611265117,-0.0030449239575272543
0.0067,-0.009,0.04801978358387673,-0.0071140044650644906,-0.0030645071192525264
0.0068,-0.009,0.04710583084787898,-0.006777600843623577,-0.0031441963186474354
0.0069,-0.009,0.045339460695254206,-0.006327268332823377,-0.003109555900312352
0.006999999999999999,-0.009,0.043504708469568554,-0.005582421706726105,-0.002983229239472514
0.007100000000000001,-0.009,0.04197962586213482,-0.00506678924589596,-0.0029545806078358685
0.0072,-0.009,0.039850060112742905,-0.0045893857009185355,-0.0028120051049652186
0.0073,-0.009,0.03757185083755264,-0.00402591929970664,-0.0027372995249619805
0.0074,-0.009,0.03524700811719285,-0.0035164886082297946,-0.002573800853793405
0.0075,-0.009,0.032173705516303316,-0.0030975199925772274,-0.0024604642411188648
0.0076,-0.009,0.029959036080223864,-0.0026522736350068905,-0.002280581071909664
0.0077,-0.009,0.027190602211831005,-0.0022092261770798485,-0.002124272222144788
0.0078,-0.009,0.024531161520371027,-0.001796494654469088,-0.001876656680279459
0.0079,-0.009,0.02232329793223202,-0.0014691685217003093,-0.0016887633916073575
0.008,-0.009,0.019405353384727812,-0.0011064552044443348,-0.0014726969705871314
0.0081,-0.009,0.016504812123187475,-0.0007886054295258781,-0.0012665630074095479
0.0082,-0.009,0.014310284857893162,-0.0005273109416320099,-0.0010435152360506945
0.0083,-0.009,0.011952901909426869,-0.0002870245411476422,-0.0008282148966006223
0.0084,-0.009,0.009599693339197544,-7.695390154516527e-05,-0.0006190340405589946
0.0085,-0.009,0.008006368035992724,9.387711593255117e-05,-0.00040350184259014215
0.0086,-0.009,0.005762971795968652,0.00023392486023867396,-0.00020253839269575183
0.0087,-0.009,0.0042182460194783965,0.00033093377591076635,-3.937556152914749e-05
0.0088,-0.009,0.0027318280432920283,0.0003968155119904354,0.00013439292722304872
0.0089,-0.009,0.0015203552010011941,0.00044206242765386025,0.0002946610523902164
0.009,-0.009,0.0005527291778104654,0.00045953895476036815,0.0004146404939069431
0.0091,-0.009,-0.0007174283136373604,0.0004504476233002145,0.0005230956992562751
0.0092,-0.009,-0.0014045027134808616,0.0004229135692765146,0.0006011721155895801
0.0093,-0.009,-0.0028440446368776123,0.00037274476699773805,0.0006586506924707386
0.0094,-0.009,-0.0016655694976969316,0.00031031814463961275,0.0006921382695887001
0.0095,-0.009,-0.00032296487617010974,0.0002571731135235433,0.0006775478890078716
0.0096,-0.009,-0.000811836587986792,0.00018588135346311605,0.0006340749746095245
0.0097,-0.009,-0.001468049292784046,0.00011379945062143973,0.0005316158674516888
0.0098,-0.009,-0.0011504141880957987,6.042157185024975e-05,0.0004031175612232672
0.0099,-0.009,-0.0003586570310858993,2.0934407897944208e-05,0.00022680511698776773
0.01,-0.009,-0.00011466393838138134,0.0,0.0
0.0,-0.0089,0.09172075275514201,0.0,0.0
0.0001,-0.0089,0.08986454088887859,-4.165166172431474e-06,1.8615882441160548e-06
0.0002,-0.0089,0.09031589511260174,-5.4344139792257434e-05,0.00015698763374650323
0.0003,-0.0089,0.08975201974627584,-0.00010715853565467604,0.0001850071798502778
0.0004,-0.0089,0.08928145650628554,-0.00020158153312990805,0.0003213750425137158
0.0005,-0.0089,0.08851451199536768,-0.0003092058342078214,0.00042801081130810635
0.0006,-0.0089,0.08807326988197445,-0.00044664922207215496,0.000559932567612872
0.0007,-0.0089,0.08756755278565985,-0.0006176673912737355,0.0006945169269787775
0.0008,-0.0089,0.08713197176148481,-0.000809147165015079,0.0008325165718766799
0.0009,-0.0089,0.08636904985689903,-0.0010065250251514249,0.0009672193441179898
0.001,-0.0089,0.08579742700859702,-0.0012261094178547,0.0010971098216994214
0.0011,-0.0089,0.08533425502200814,-0.0014609797729058381,0.0012253075021751655
0.0012,-0.0089,0.08441246674239179,-0.0017288208150185577,0.0013505985606118661
0.0013000000000000002,-0.0089,0.08379782706059449,-0.002017305479062577,0.0014651655945653154
0.0014,-0.0089,0.08359468294512834,-0.0023191950301170426,0.0015756058596297457
0.0015,-0.0089,0.08234960498213222,-0.002635116747576257,0.001683364390745054
0.0016,-0.0089,0.0813202224229593,-0.002964024041940864,0.0017871155394413698
0.0017,-0.0089,0.08021472473306308,-0.0033155020904920467,0.0019198910003969283
0.0018,-0.0089,0.07986647855619101,-0.003665748965200298,0.0019931158899184815
0.0019,-0.0089,0.07867942145295251,-0.004033010175410734,0.0020517079199102364
0.002,-0.0089,0.07715450050454468,-0.00444614842956841,0.0021491581933967166
0.0021,-0.0089,0.07597085132820289,-0.004785748379276123,0.002280979939200827
0.0022,-0.0089,0.07475909094757044,-0.005268373101002517,0.0023564647476830725
0.0023,-0.0089,0.07344114385255002,-0.005563087446397574,0.0024166864665297427
0.0024,-0.0089,0.07172847455638838,-0.006089729631503378,0.0025417965939569377
0.0025,-0.0089,0.07053904217364977,-0.006564050555040918,0.002466497961525209
0.0026000000000000003,-0.0089,0.06891639242895382,-0.007003232818762798,0.0025174112858710436
0.0027,-0.0089,0.06700231637602398,-0.00740697667971032,0.0026259476538545083
0.0028,-0.0089,0.06534142797531105,-0.007925875308730918,0.0026066110241230117
0.0029,-0.0089,0.0632990117343818,-0.008310058946345707,0.002712093154794284
0.003,-0.0089,0.061650682207665106,-0.008783849005112391,0.002675897632147182
0.0031,-0.0089,0.060257214397067355,-0.009138364653959296,0.0027248837253041006
0.0032,-0.0089,0.05794188417818239,-0.009701926480663217,0.0026444896952161887
0.0033000000000000004,-0.0089,0.0557528694124472,-0.010022968696788,0.002615009473155339
0.0034,-0.0089,0.05423149672793386,-0.010409268156799302,0.0025449287575073734
0.0034999999999999996,-0.0089,0.05243577167354275,-0.01098724659657591,0.0024584707127986217
0.0036,-0.0089,0.05094531115818759,-0.011258674901768045,0.002382303761024482
0.0037,-0.0089,0.049475555639264916,-0.011550748523583492,0.0023031719005392713
0.0038,-0.0089,0.04692959771166288,-0.011867123055641299,0.002212957684474033
0.0039,-0.0089,0.04497942110682793,-0.012424678705548621,0.0020426150986640815
0.004,-0.0089,0.04471972653748431,-0.012514118675768834,0.0019128580057290784
0.0041,-0.0089,0.04359145502269534,-0.012924071045423252,0.0017482782182840309
0.0042,-0.0089,0.0436867511898838,-0.013074368698982933,0.0015717041954269398
0.0043,-0.0089,0.04087077641498836,-0.01323076199941195,0.00136454392343231
0.0044,-0.0089,0.039832348906021685,-0.013594648237679662,0.0011561032913274458
0.0045,-0.0089,0.03922272719031004,-0.013706967269361957,0.0009313307677777161
0.0046,-0.0089,0.03954365490368456,-0.013800276731269124,0.000699840408512962
0.0047,-0.0089,0.03790875957814923,-0.013776361931619081,0.0004569287774191437
0.0048,-0.0089,0.03904662522915244,-0.013828875848636873,0.0002014797976266295
0.0049,-0.0089,0.0400278589547779,-0.014011656818786595,-5.056800660710268e-05
0.005,-0.0089,0.038988106535378535,-0.01388067871832075,-0.00031506451371373517
0.0051,-0.0089,0.03884511541546214,-0.013815909731015022,-0.000581643145036011
0.005200000000000001,-0.0089,0.04145469243277498,-0.013777250833577604,-0.0008539373260134834
0.0053,-0.0089,0.04085584052527153,-0.01353095216957182,-0.0011174750341642397
0.0054,-0.0089,0.041308228836510356,-0.013488454532385563,-0.0013754881415498656
0.0055,-0.0089,0.04183171146307343,-0.013154639655731219,-0.0016271515147598852
0.0056,-0.0089,0.04351501483578199,-0.012952426472011709,-0.001884651186610056
0.005700000000000001,-0.0089,0.04444162231292655,-0.012767150554692741,-0.002148008606213576
0.0058,-0.0089,0.044978642088356766,-0.012373865856254721,-0.0023738876030450773
0.0059,-0.0089,0.04555965731373043,-0.011954359822815758,-0.002585100268065855
0.006,-0.0089,0.04557610940365069,-0.011679338593228172,-0.0028161782655546776
0.0061,-0.0089,0.046751741918525255,-0.011214236393317444,-0.003011634813181235
0.0062,-0.0089,0.04719258843601323,-0.010884745125076561,-0.0031527039593518083
0.0063,-0.0089,0.0471544446469598,-0.010305132554144312,-0.0033175380078082194
0.0064,-0.0089,0.047687285162111195,-0.009884930681509871,-0.00341818218617695
0.006499999999999999,-0.0089,0.0467807648934606,-0.00927913950788465,-0.0034983009163181444
0.006600000000000001,-0.0089,0.046362569912232775,-0.00878585010026433,-0.003571698294847131
0.0067,-0.0089,0.04555122941444797,-0.008187075974874404,-0.0036492682918672333
0.0068,-0.0089,0.04445040889206269,-0.00755605510997679,-0.0036127996180787304
0.0069,-0.0089,0.043123667766210134,-0.007076056083761827,-0.0036271853784721232
0.006999999999999999,-0.0089,0.04186963435324533,-0.006475720020555889,-0.0035505086357101585
0.007100000000000001,-0.0089,0.04051267578428924,-0.00604166348927457,-0.003495008641289796
0.0072,-0.0089,0.03812531638360241,-0.005509062640889573,-0.003410218236282102
0.0073,-0.0089,0.036395570165560415,-0.00479247072777398,-0.0032482783033877076
0.0074,-0.0089,0.03367264877997195,-0.004333459685492202,-0.003134809538838817
0.0075,-0.0089,0.030970620059062415,-0.0037290015567959787,-0.002922060671975823
0.0076,-0.0089,0.028626523010121037,-0.003300610188366764,-0.0027348426879627353
0.0077,-0.0089,0.02629879516832491,-0.0028222143165743414,-0.0025266591796326513
0.0078,-0.0089,0.0235352824230834,-0.002363519469352981,-0.0023044790207091726
0.0079,-0.0089,0.020736824358097757,-0.0019268661013524078,-0.002067555547964166
0.008,-0.0089,0.018312713095256918,-0.0015644217691085827,-0.0018291791480398248
0.0081,-0.0089,0.015569405072401775,-0.0011774922087322585,-0.0015795965035842884
0.0082,-0.0089,0.013124862405240191,-0.0009044425899606131,-0.0013110387743139147
0.0083,-0.0089,0.011054657100308445,-0.0006097719518059708,-0.0010697110218995593
0.0084,-0.0089,0.008803878443266135,-0.000356567977382583,-0.000822298027796445
0.0085,-0.0089,0.006754074701505252,-0.00014843699816804854,-0.0005785358853642528
0.0086,-0.0089,0.0046196294268461835,1.215135710406544e-05,-0.00034663393490960037
0.0087,-0.0089,0.002966892023533634,0.00014278439035741,-0.00013998231921639036
0.0088,-0.0089,0.0016228899571702681,0.00025078543973199214,7.528784183452303e-05
0.0089,-0.0089,0.00031091514012562816,0.000317699306624262,0.0002520502608934789
0.009,-0.0089,-0.0007755578406592036,0.00035014921513433375,0.00040046081178574653
0.0091,-0.0089,-0.001712742191522708,0.0003629448541374764,0.0005319848206790595
0.0092,-0.0089,-0.0016707860382274174,0.000357668127498372,0.000625851078919156
0.0093,-0.0089,-0.0031119347129110945,0.0003210349816149104,0.0007057977127544429
0.0094,-0.0089,-0.0036639137205864464,0.00029322442422196726,0.0007597231480146534
0.0095,-0.0089,-0.00459205650545191,0.00022939843922723655,0.0007530166583431675
0.0096,-0.0089,-0.004699911004351981,0.00014891176152799897,0.0006892814122963439
0.0097,-0.0089,-0.0035006450974127564,0.00010472439371893846,0.0006024138137836342
0.0098,-0.0089,-0.001996773944280374,5.5553717638008095e-05,0.00044658011437452696
0.0099,-0.0089,-0.002007839798344534,2.073650068220672e-05,0.0002528150347091933
0.01,-0.0089,-0.0018003495928854342,0.0,0.0
0.0,-0.0088,0.08856998556392254,0.0,0.0
0.0001,-0.0088,0.08849532473876172,2.2143396874643144e-06,0.00011152061331154489
0.0002,-0.0088,0.08939891037230831,-8.451287005214408e-05,0.00014785890758400356
0.0003,-0.0088,0.09110725777253034,-0.00013756701654706548,0.00028614462412423147
0.0004,-0.0088,0.08983647837449452,-0.0002431526062312126,0.000399752139856247
0.0005,-0.0088,0.08946083873423587,-0.00037583972044485887,0.000577028143022899
0.0006,-0.0088,0.0887196777180101,-0.00053214040744122,0.0007179564448963337
0.0007,-0.0088,0.08799477510424362,-0.0007310925279505145,0.0008853056369693305
0.0008,-0.0088,0.0876529000276674,-0.0009469169153855605,0.0010347490613788403
0.0009,-0.0088,0.08668577053374549,-0.001161600860803892,0.0011957163030062233
0.001,-0.0088,0.08581482038261426,-0.0014145628904904763,0.0013469403384762128
0.0011,-0.0088,0.08567804970918842,-0.0017000804626980015,0.0014934560280323462
0.0012,-0.0088,0.08489773340730411,-0.001985634858947225,0.001629511200179997
0.0013000000000000002,-0.0088,0.08402304934673763,-0.002304359658255102,0.0017636475308413719
0.0014,-0.0088,0.08354493870824106,-0.0026343972885067833,0.0019027767633930345
0.0015,-0.0088,0.08279246787019132,-0.0029915661450482835,0.0020330740317065048
0.0016,-0.0088,0.08155107495365202,-0.0033783680153091594,0.002158254646634584
0.0017,-0.0088,0.08058390692681065,-0.003764177262342775,0.0022857365330081593
0.0018,-0.0088,0.07984028275066016,-0.004125794306986739,0.0023935693178405455
0.0019,-0.0088,0.07847677827653084,-0.0045845171304030406,0.002487005576696738
0.002,-0.0088,0.07705804513309225,-0.004933425840337332,0.0026015654635644127
0.0021,-0.0088,0.07618817186287748,-0.005463704467857832,0.002621745592499043
0.0022,-0.0088,0.07455471039738658,-0.005776679701615951,0.0028052140629316923
0.0023,-0.0088,0.07325857540507509,-0.006385250599005219,0.0028813607667444504
0.0024,-0.0088,0.07178350001559158,-0.006799257724755594,0.0029097119056524486
0.0025,-0.0088,0.06989530076628325,-0.007319846746852807,0.0030529420351506917
0.0026000000000000003,-0.0088,0.06800036638520107,-0.007656065649066231,0.003065655984783257
0.0027,-0.0088,0.06627607203549735,-0.008177288896382133,0.0030426628909310098
0.0028,-0.0088,0.06432850168352662,-0.008677206954488492,0.0031727261178612753
0.0029,-0.0088,0.06260355739358373,-0.009255793834077873,0.0031284878923743733
0.003,-0.0088,0.060308180412448675,-0.009659678150226019,0.003142783621371321
0.0031,-0.0088,0.05819031989773957,-0.010044219065786475,0.003092929478511576
0.0032,-0.0088,0.056391500986226514,-0.010454315228432279,0.0031099607582095973
0.0033000000000000004,-0.0088,0.05474456037235066,-0.011058877339061543,0.0030606595903310352
0.0034,-0.0088,0.051806673903234554,-0.011421536219987219,0.003006420561709312
0.0034999999999999996,-0.0088,0.050169385086498146,-0.011863703844806823,0.0029087202139713494
0.0036,-0.0088,0.047854743417755176,-0.012264998409321723,0.002786732632430973
0.0037,-0.0088,0.04648867136015007,-0.012672221632759374,0.002676729508297334
0.0038,-0.0088,0.04469032972685832,-0.012950640134679843,0.0025190065055092008
0.0039,-0.0088,0.04400781073171761,-0.013278428887176669,0.0023541528757385355
0.004,-0.0088,0.042522848026679445,-0.01362870910799245,0.0022092950403691048
0.0041,-0.0088,0.03909362280061552,-0.013943874887236495,0.002000558998705618
0.0042,-0.0088,0.03799431095272006,-0.014157274291014255,0.0017980756610879577
0.0043,-0.0088,0.03783129036130801,-0.014405694152084064,0.0015795670290150111
0.0044,-0.0088,0.035684793359857074,-0.014686589270679788,0.0013280892314181333
0.0045,-0.0088,0.035349729208148876,-0.014816116605569375,0.0010864792683272545
0.0046,-0.0088,0.034714226098360515,-0.01501114777271586,0.000808445132558757
0.0047,-0.0088,0.03533887557756627,-0.015103206728289782,0.0005285966381153812
0.0048,-0.0088,0.034709442324926225,-0.015084454689103178,0.0002491514201204008
0.0049,-0.0088,0.03315231722942013,-0.015075106554087553,-5.336860805092059e-05
0.005,-0.0088,0.0357099969558925,-0.015021579698440202,-0.00035329689601700117
0.0051,-0.0088,0.034309195372049364,-0.01512437392277976,-0.0006555135443718422
0.005200000000000001,-0.0088,0.035652797291258066,-0.014947469732476716,-0.0009626244294975705
0.0053,-0.0088,0.03578931645505172,-0.014802318207138832,-0.0012659285119447355
0.0054,-0.0088,0.03614043050678343,-0.014651543227327072,-0.0015675336649246252
0.0055,-0.0088,0.03738473787074089,-0.014401072409532834,-0.0018705420491565137
0.0056,-0.0088,0.03829936716751778,-0.014133283372395045,-0.0021571838407101122
0.005700000000000001,-0.0088,0.03929474211101893,-0.01390734794911375,-0.0024160471156699725
0.0058,-0.0088,0.04098451057470857,-0.013542932560610092,-0.002702695102968642
0.0059,-0.0088,0.042216223775521027,-0.01314489466098168,-0.0029610254033804483
0.006,-0.0088,0.04205962341092698,-0.012894872756677146,-0.003217661231258889
0.0061,-0.0088,0.044370767184131174,-0.012246592209123,-0.003404033147506097
0.0062,-0.0088,0.04409735595742631,-0.011957725693954105,-0.0035936824891501275
0.0063,-0.0088,0.0428253644335012,-0.011512726420982276,-0.0038373576933822596
0.0064,-0.0088,0.04363470456470205,-0.010993800077553779,-0.0039204812442040935
0.006499999999999999,-0.0088,0.04381045101408756,-0.010328682288353513,-0.004029361698857638
0.006600000000000001,-0.0088,0.04305467613285154,-0.009762908238803256,-0.004143024755681491
0.0067,-0.0088,0.0424115442262636,-0.009244593526285831,-0.004199637366915628
0.0068,-0.0088,0.04216890126893214,-0.008690539970502105,-0.004260089382363789
0.0069,-0.0088,0.04103730344646988,-0.008082616571332411,-0.004258532549891911
0.006999999999999999,-0.0088,0.03895382089947409,-0.007486562551277564,-0.004129415404794159
0.007100000000000001,-0.0088,0.0376175199324104,-0.006763553251646332,-0.004087805405846109
0.0072,-0.0088,0.03582286507089488,-0.0062466622685003375,-0.003942510882296806
0.0073,-0.0088,0.03408074139860005,-0.005703860114314025,-0.0038611090882964363
0.0074,-0.0088,0.031842367108655456,-0.005239161707492748,-0.0037245894568034227
0.0075,-0.0088,0.02960851459461508,-0.004536270483678712,-0.0034949372008730942
0.0076,-0.0088,0.027044550951841117,-0.003865383789035071,-0.003246213298891889
0.0077,-0.0088,0.024659263654846508,-0.0033979921905630765,-0.003037842280738694
0.0078,-0.0088,0.02194202751170384,-0.002963222976272069,-0.0027472150376090403
0.0079,-0.0088,0.019444210202919143,-0.002434895659985031,-0.0024828027081411266
0.008,-0.0088,0.016828209191268165,-0.002011159605448705,-0.002229266692286639
0.0081,-0.0088,0.01422314083251755,-0.0016677692008855067,-0.001927806806792383
0.0082,-0.0088,0.011948577635611104,-0.0012897333347545296,-0.0016352118594928468
0.0083,-0.0088,0.0096239720553452,-0.0009595175605279753,-0.0013482662558229627
0.0084,-0.0088,0.007200236966397417,-0.0006668948142771391,-0.0010587688467746006
0.0085,-0.0088,0.005174548425445055,-0.0004349929021571575,-0.0007914415596501716
0.0086,-0.0088,0.003163770965344051,-0.00022933583140720035,-0.0005108827995135394
0.0087,-0.0088,0.0016130843963970693,-5.907163417227853e-05,-0.0002688255038506301
0.0088,-0.0088,0.00023309296063992886,6.874849618562889e-05,-3.54897793096786e-05
0.0089,-0.0088,-0.0009122784125895388,0.0001671970593640798,0.00018616219445688424
0.009,-0.0088,-0.0019780903030546197,0.00023105093593460836,0.00037014202734676397
0.0091,-0.0088,-0.0031390279983280036,0.00026630628311037315,0.0005238793730875338
0.0092,-0.0088,-0.003970675359474728,0.0002788972139245462,0.0006440440403950993
0.0093,-0.0088,-0.004432931084943174,0.0002720400710084131,0.0007180070688584997
0.0094,-0.0088,-0.0062939870722982,0.000242476583841106,0.0007706690541242219
0.0095,-0.0088,-0.004215512205206595,0.00016727720150436066,0.0007721243089201026
0.0096,-0.0088,-0.0038355650099678776,0.00013497967799298418,0.0007219546862206609
0.0097,-0.0088,-0.004946827582955069,0.00010498705461897411,0.0006292257268829881
0.0098,-0.0088,-0.0037469298391761253,4.989193727833889e-05,0.0004879299193223318
0.0099,-0.0088,-0.00305547828110018,1.8671793467322165e-05,0.00027796081414677246
0.01,-0.0088,-0.003145110726586184,0.0,0.0
0.0,-0.0087,0.08727893916545619,0.0,0.0
0.0001,-0.0087,0.0907968942894966,-3.0169450317686523e-05,6.392463910216279e-05
0.0002,-0.0087,0.09125469759856904,-7.638303491648498e-05,0.00019680820881171415
0.0003,-0.0087,0.09147486514652112,-0.00017924412905591519,0.0003575302803838025
0.0004,-0.0087,0.09054723074813471,-0.00029195875882639293,0.0005704281406798229
0.0005,-0.0087,0.08984422119084053,-0.0004403474769673983,0.0007422816946607153
0.0006,-0.0087,0.08923639206582108,-0.000629550818669237,0.0009065050242668594
0.0007,-0.0087,0.08886727078038056,-0.0008410150092383502,0.0010900142683867256
0.0008,-0.0087,0.08809955174453943,-0.001069353011391217,0.0012780342360354706
0.0009,-0.0087,0.08712255908933993,-0.001329731412428565,0.0014562349741767506
0.001,-0.0087,0.08678190476815863,-0.0016164127515864255,0.0016234340615254401
0.0011,-0.0087,0.08590606528664994,-0.0019290618380107167,0.0017903780934685476
0.0012,-0.0087,0.08520587401082133,-0.002249241112160675,0.0019556686260277004
0.0013000000000000002,-0.0087,0.08479878048338124,-0.0025905156160076458,0.0021204800603858774
0.0014,-0.0087,0.08374751110406618,-0.0029746143988804365,0.002270301824201981
0.0015,-0.0087,0.08340044949790931,-0.0033431571219446152,0.0024095727106721097
0.0016,-0.0087,0.0824076221538172,-0.00376371726668053,0.002534211289906149
0.0017,-0.0087,0.08117224215567793,-0.004158943248717147,0.002728827056132558
0.0018,-0.0087,0.07987401811233147,-0.004632218863019185,0.0028196893157181042
0.0019,-0.0087,0.07897125711228828,-0.0049743140721086685,0.002849881164376778
0.002,-0.0087,0.07737334041087385,-0.005567965406940224,0.00302643370852378
0.0021,-0.0087,0.07591378059462767,-0.006018214175063992,0.0030693104308430713
0.0022,-0.0087,0.07434179087797241,-0.006466756055557802,0.003300220809376519
0.0023,-0.0087,0.07302284666391246,-0.006939114369663927,0.003286868120198057
0.0024,-0.0087,0.07107704487870747,-0.007303076982716334,0.0034189291723162696
0.0025,-0.0087,0.06925934352555779,-0.00787008579062414,0.003486652663467544
0.0026000000000000003,-0.0087,0.06730106316772512,-0.008533456344846467,0.003527361533407765
0.0027,-0.0087,0.06522547344859977,-0.008990858089398325,0.003543592795235652
0.0028,-0.0087,0.06342608685520419,-0.009358497710213944,0.003586068662292916
0.0029,-0.0087,0.06085916610089208,-0.009961868755745146,0.003621562943532903
0.003,-0.0087,0.05879308224531463,-0.01041678207735574,0.0035820054626019776
0.0031,-0.0087,0.05621237561664161,-0.011012514043040482,0.0036072735039558834
0.0032,-0.0087,0.05430571531279757,-0.011404663237662505,0.0035271374795818617
0.0033000000000000004,-0.0087,0.051469893744540335,-0.011862124581281972,0.003477385336430967
0.0034,-0.0087,0.0494318172139357,-0.012302623522454353,0.0034304328223816066
0.0034999999999999996,-0.0087,0.04677388856363835,-0.012799431183878772,0.00330259770981848
0.0036,-0.0087,0.04434095969830013,-0.013192538949709532,0.0031957358791327994
0.0037,-0.0087,0.04282855323010616,-0.01360623575638207,0.003044731111967139
0.0038,-0.0087,0.0404754409619604,-0.013991796094086378,0.002855240010768241
0.0039,-0.0087,0.039031875255016925,-0.01432986198861258,0.0027104320278790715
0.004,-0.0087,0.03591075452759653,-0.014694390451757128,0.002517275858137655
0.0041,-0.0087,0.03609454951662309,-0.015090761237131224,0.0022865970722165873
0.0042,-0.0087,0.033569174930217285,-0.01527256270183383,0.0020425851996590887
0.0043,-0.0087,0.033025193010332535,-0.015523837166202304,0.0017556258324798295
0.0044,-0.0087,0.031240500375342876,-0.015762665097444367,0.0015277262309702083
0.0045,-0.0087,0.03244084779996812,-0.015950225216527638,0.0012163188620050312
0.0046,-0.0087,0.030597176209727604,-0.016058199721140334,0.0009136735184666791
0.0047,-0.0087,0.029635703627378062,-0.016320199336847557,0.0006230075828616336
0.0048,-0.0087,0.030056595846075417,-0.016306153462898938,0.0002822803670918496
0.0049,-0.0087,0.02972335947539041,-0.0162866548276441,-5.100235061022392e-05
0.005,-0.0087,0.030166818701293716,-0.01636202569538633,-0.00039110618425387215
0.0051,-0.0087,0.031122463015624734,-0.016274724598119728,-0.0007329866556496419
0.005200000000000001,-0.0087,0.028568407842804077,-0.01627168267388938,-0.0010730440623035566
0.0053,-0.0087,0.030709287787565417,-0.01588536086726235,-0.0014129973401434096
0.0054,-0.0087,0.03183495886634234,-0.015950651912271015,-0.0017595313656086368
0.0055,-0.0087,0.032199074640619815,-0.01556832222434991,-0.002094898479751249
0.0056,-0.0087,0.03299088961345993,-0.015277105244792064,-0.0024238293113490426
0.005700000000000001,-0.0087,0.033347388880485905,-0.015051284238243416,-0.002752454290492077
0.0058,-0.0087,0.03465348436674413,-0.01474657450289802,-0.0030305773495130973
0.0059,-0.0087,0.03707921599996759,-0.014454175509001339,-0.0033652518583863786
0.006,-0.0087,0.03764572990608218,-0.013989233301944279,-0.003588407750185651
0.0061,-0.0087,0.03884671602168953,-0.013673772326179634,-0.0038620394203452814
0.0062,-0.0087,0.039247212376332066,-0.013057976433033958,-0.004106621664932471
0.0063,-0.0087,0.03869690188911072,-0.012641603902396393,-0.0042809215954531755
0.0064,-0.0087,0.040973178658689026,-0.012188930695741044,-0.00446683322165256
0.006499999999999999,-0.0087,0.04068018405345759,-0.01169968978866359,-0.004576315948710651
0.006600000000000001,-0.0087,0.040143138795909354,-0.01090741405713369,-0.004736607679720218
0.0067,-0.0087,0.03907837751209316,-0.010352190769759169,-0.004733774254099098
0.0068,-0.0087,0.03968980577231629,-0.009679466548076218,-0.0048423827189641375
0.0069,-0.0087,0.03914268721353922,-0.009010038762841135,-0.004800249356955413
0.006999999999999999,-0.0087,0.03676092605005696,-0.008566024689624158,-0.004719828596526538
0.007100000000000001,-0.0087,0.03580618333892641,-0.0078184481359597,-0.004810177162146602
0.0072,-0.0087,0.03323696516549072,-0.0071708721329448045,-0.004571674178346497
0.0073,-0.0087,0.03273956438118384,-0.006533608807552199,-0.004522688988815812
0.0074,-0.0087,0.029873518866375747,-0.005967008297644894,-0.004274932047937572
0.0075,-0.0087,0.028114490749571855,-0.005244963481534972,-0.004071945679097001
0.0076,-0.0087,0.025607379622355524,-0.004755857349838497,-0.003838893979230903
0.0077,-0.0087,0.022630654382208466,-0.004158993769838154,-0.0036358474044200745
0.0078,-0.0087,0.02053746884516487,-0.0035150483432932417,-0.0032732369467220004
0.0079,-0.0087,0.017919387628857735,-0.0030328598102281924,-0.0030060697007837987
0.008,-0.0087,0.015623522451752525,-0.0025718911208442267,-0.002651746087057318
0.0081,-0.0087,0.013044988113511182,-0.0021299747888941737,-0.0023339483724076097
0.0082,-0.0087,0.010451837993240716,-0.001715920881668334,-0.0019941494973081315
0.0083,-0.0087,0.008186146526978211,-0.00134490633418858,-0.0016748033293751798
0.0084,-0.0087,0.006199352250972599,-0.0010236884820735103,-0.0013500033464286985
0.0085,-0.0087,0.003948674064972999,-0.0007432284053704379,-0.0010228165795703663
0.0086,-0.0087,0.001961880831744836,-0.0005016536366141585,-0.0007247276129995389
0.0087,-0.0087,0.0005521277066641223,-0.0002930021392264612,-0.0004242146682988559
0.0088,-0.0087,-0.0013836150011664451,-0.0001223419064311191,-0.00015954209237184285
0.0089,-0.0087,-0.0024525708671682424,3.4618947042962e-06,9.03669117988509e-05
0.009,-0.0087,-0.0034982476351472303,9.38100762819607e-05,0.0003050508732706759
0.0091,-0.0087,-0.004894418462085883,0.00015521666217701804,0.0004888792691271161
0.0092,-0.0087,-0.005086961201933792,0.00018650899455719132,0.0006300713770085947
0.0093,-0.0087,-0.005333892181265192,0.00020254890098964567,0.0007316699955051134
0.0094,-0.0087,-0.005566590659142365,0.00017068282319568763,0.0007841927491941322
0.0095,-0.0087,-0.006323800487581611,0.0001642015654447648,0.0008220612658441587
0.0096,-0.0087,-0.005179544423639513,0.0001336913903018513,0.0007963908702952904
0.0097,-0.0087,-0.0043436402766767164,6.55117512087978e-05,0.0006871912499249867
0.0098,-0.0087,-0.005651988207302804,5.1975339789666784e-05,0.0005267291818265044
0.0099,-0.0087,-0.0047712454029203485,1.5742551981174428e-05,0.00030164653436677265
0.01,-0.0087,-0.00446527109413748,0.0,0.0
0.0,-0.0086,0.09873354869540528,0.0,0.0
0.0001,-0.0086,0.09365892058672765,-1.8548793597042827e-05,0.00010441918902861868
0.0002,-0.0086,0.09297456855265034,-8.51090317460023e-05,0.00028487113218028193
0.0003,-0.0086,0.09173957620555014,-0.0001978129287248273,0.0005016942094235655
0.0004,-0.0086,0.09089450618854673,-0.0003521399410125628,0.0006900357884998534
0.0005,-0.0086,0.09005557600577561,-0.0005079751704085504,0.0009212093472210971
0.0006,-0.0086,0.08937336148632918,-0.0007203553040808735,0.001123766182845565
0.0007,-0.0086,0.08901105755527283,-0.0009636996581925726,0.0013222750651866616
0.0008,-0.0086,0.08820794496557394,-0.0012253756158673347,0.0015412935070287406
0.0009,-0.0086,0.08724374084381732,-0.0015110190872837691,0.0017442121483776689
0.001,-0.0086,0.08693813048051935,-0.0018242203476784812,0.0019431663246901943
0.0011,-0.0086,0.08640864220051776,-0.0021585542210591363,0.002118520758372509
0.0012,-0.0086,0.08542479338387729,-0.002516855361200991,0.0023108440634401236
0.0013000000000000002,-0.0086,0.08482638153750655,-0.0028934797169886035,0.0024729763016190665
0.0014,-0.0086,0.08407951402552467,-0.0032792111768930945,0.002658124543188047
0.0015,-0.0086,0.0831788979179489,-0.0037215338698598425,0.002854481416457128
0.0016,-0.0086,0.08193548405996033,-0.0041060812167127685,0.0029425392857067305
0.0017,-0.0086,0.08118305463286377,-0.0045866502484408584,0.003145815665120856
0.0018,-0.0086,0.07957853351046351,-0.005087542843462446,0.0031892268561995087
0.0019,-0.0086,0.0785036445674048,-0.005461136206569027,0.0034207083184047216
0.002,-0.0086,0.07698081090268727,-0.006019348148605097,0.003550163581298031
0.0021,-0.0086,0.07546162585001064,-0.0064737368548796114,0.003632546781312992
0.0022,-0.0086,0.07396948376998651,-0.007027520892373446,0.00370432670020545
0.0023,-0.0086,0.07228313632406398,-0.007525643483744741,0.003804703030864602
0.0024,-0.0086,0.0704276347490205,-0.008207981409760728,0.003910322430206554
0.0025,-0.0086,0.06833094129719501,-0.008648063678727395,0.003945104228097033
0.0026000000000000003,-0.0086,0.06633467335295083,-0.009221480206098672,0.0041092213198418185
0.0027,-0.0086,0.06345737313539974,-0.009738338785774962,0.004128864823212065
0.0028,-0.0086,0.061177448190372276,-0.010085396638133418,0.004120022818528859
0.0029,-0.0086,0.05874313611374778,-0.010824223280730343,0.004159889347486446
0.003,-0.0086,0.0574310825275913,-0.011381589561762443,0.0040697227884022285
0.0031,-0.0086,0.054332472814169024,-0.01187060776105371,0.004078329643545073
0.0032,-0.0086,0.05189848059164856,-0.012301431700303879,0.0040521026120477885
0.0033000000000000004,-0.0086,0.04762825872171332,-0.012860883719194941,0.00395990131977648
0.0034,-0.0086,0.04784075368203103,-0.01332970178020046,0.003864165308840642
0.0034999999999999996,-0.0086,0.04292264063614803,-0.013759440414404363,0.003768084791329275
0.0036,-0.0086,0.04043444921506123,-0.014213476006810428,0.0035669728499778106
0.0037,-0.0086,0.039449392192175664,-0.014691600498313424,0.0034457251627709206
0.0038,-0.0086,0.037751533866967446,-0.014980655646741234,0.0032591879290735184
0.0039,-0.0086,0.03342474049100506,-0.015381466914309458,0.003051598077317242
0.004,-0.0086,0.03149396257783019,-0.015717463619417667,0.00282114248499327
0.0041,-0.0086,0.03104596524197364,-0.0160217338835885,0.002621945132350496
0.0042,-0.0086,0.02809411371862478,-0.016293642335831273,0.0023088631022363804
0.0043,-0.0086,0.0264362674097763,-0.01652720411770386,0.0020193919744383353
0.0044,-0.0086,0.02620925831899904,-0.01682003470311111,0.0016865603176649605
0.0045,-0.0086,0.025707560207937716,-0.01708044837636396,0.0014153363646550847
0.0046,-0.0086,0.023056964494795103,-0.017243881950472002,0.0010796096130764586
0.0047,-0.0086,0.023805652575749715,-0.017533555337698327,0.0006912200798972134
0.0048,-0.0086,0.02297108457184998,-0.01740793229369976,0.0003652077116722337
0.0049,-0.0086,0.02452912312153207,-0.01747562424479733,-3.378878450235705e-05
0.005,-0.0086,0.022626285010447975,-0.017660473436564416,-0.000393927775555503
0.0051,-0.0086,0.022755282455193832,-0.017336962613134003,-0.0007795453570594859
0.005200000000000001,-0.0086,0.023533239519711143,-0.017298813101186344,-0.0011800576800139145
0.0053,-0.0086,0.02519990744657414,-0.017306260282252177,-0.0015656763864434235
0.0054,-0.0086,0.025262290297086713,-0.016861773432344195,-0.0019508706577686863
0.0055,-0.0086,0.02637004808978816,-0.01702469618643945,-0.002308579191119925
0.0056,-0.0086,0.028182543878127287,-0.01666142564604305,-0.002684533034389186
0.005700000000000001,-0.0086,0.028668065914824348,-0.016279238579080722,-0.0030394254379871653
0.0058,-0.0086,0.029582286672063748,-0.01603846623451585,-0.0033987291947518445
0.0059,-0.0086,0.02993492105999362,-0.015531930799287342,-0.003729012844524195
0.006,-0.0086,0.030457937854850067,-0.015287245019764526,-0.004019923948859936
0.0061,-0.0086,0.03201985406887468,-0.01474872861796128,-0.004313672338489715
0.0062,-0.0086,0.03425857802617792,-0.014317267832281228,-0.004589364664099579
0.0063,-0.0086,0.034159798484467645,-0.013752963410875636,-0.004821871795683523
0.0064,-0.0086,0.034784140895421305,-0.013224149597563321,-0.005041596954743988
0.006499999999999999,-0.0086,0.035644315258949955,-0.012676652464410278,-0.005157584453373411
0.006600000000000001,-0.0086,0.03596143967206882,-0.01216443597683601,-0.005291178845947072
0.0067,-0.0086,0.034169550076424846,-0.011544486629345476,-0.005422620340330451
0.0068,-0.0086,0.035471949609245615,-0.010896438386567371,-0.005459036763265166
0.0069,-0.0086,0.03467950821919798,-0.01027912741547263,-0.005448419872833889
0.006999999999999999,-0.0086,0.033346012114210975,-0.00965647004315372,-0.005500102420086497
0.007100000000000001,-0.0086,0.032204748605030725,-0.008929744164733877,-0.005381880189574158
0.0072,-0.0086,0.031636284415935544,-0.008000526020492501,-0.005262615423743746
0.0073,-0.0086,0.030536080842583233,-0.007407787753176351,-0.005081494411738491
0.0074,-0.0086,0.02709640061609726,-0.006783781243118678,-0.0049618038225538235
0.0075,-0.0086,0.025710757843885094,-0.006228166741014317,-0.004655008615259595
0.0076,-0.0086,0.023746003217143576,-0.005413429615048374,-0.004411704986964116
0.0077,-0.0086,0.02127380659830561,-0.004834164501308205,-0.004266571689882817
0.0078,-0.0086,0.018992552040758778,-0.004272152669773537,-0.0038571446003427936
0.0079,-0.0086,0.01646846980238745,-0.0036855501977320158,-0.003560516933394404
0.008,-0.0086,0.013838206701884079,-0.003165112893549913,-0.003133054853958481
0.0081,-0.0086,0.011272764847299539,-0.002677845857588146,-0.0028116037296170016
0.0082,-0.0086,0.009197421971441671,-0.002187913466202773,-0.002406640543693084
0.0083,-0.0086,0.006683749539226178,-0.0017560016523233309,-0.002057490130751152
0.0084,-0.0086,0.004623688658208391,-0.0014017410038468005,-0.0016680812817928459
0.0085,-0.0086,0.002615569548034037,-0.0010600147413094025,-0.001315265088223119
0.0086,-0.0086,0.00050940362550504,-0.0007832276571285695,-0.0009565918481573626
0.0087,-0.0086,-0.0011037280869538831,-0.0005412473736002844,-0.0006242922950675646
0.0088,-0.0086,-0.0027207623923856663,-0.00033726974696661845,-0.0003183883076594772
0.0089,-0.0086,-0.0041994970915711916,-0.0001723409418153861,-3.081472686405351e-05
0.009,-0.0086,-0.0052361258695561965,-5.639245996418433e-05,0.00020907783887485403
0.0091,-0.0086,-0.006227609353978417,3.309884126339538e-05,0.000421828284059193
0.0092,-0.0086,-0.006609277568612941,9.070462915764627e-05,0.0006038459398417953
0.0093,-0.0086,-0.006561639711867361,0.00012005246452325802,0.0007352873659640278
0.0094,-0.0086,-0.007772253643882969,0.00011553297291254128,0.0008190683950551116
0.0095,-0.0086,-0.01122716297373891,0.00014722679819311228,0.000838109194573925
0.0096,-0.0086,-0.010557841314789132,0.00011409167388610212,0.0008256261674101144
0.0097,-0.0086,-0.008401941809709452,4.621007162185981e-05,0.0007172428396661234
0.0098,-0.0086,-0.007764818329896298,4.359859808323342e-05,0.0005395205485952123
0.0099,-0.0086,-0.007045632072010307,1.402653360594904e-05,0.0003188584381753513
0.01,-0.0086,-0.006821330134011132,0.0,0.0
0.0,-0.0085,0.09523850994377217,0.0,0.0
0.0001,-0.0085,0.09462536737773963,-1.3437310483615618e-05,0.00020149572643261048
0.0002,-0.0085,0.09363645755871676,-0.00010799220710731809,0.0003884508011469997
0.0003,-0.0085,0.09213844730768496,-0.00022796543587826963,0.0006214998286380463
0.0004,-0.0085,0.09119677902367249,-0.0004019139443083777,0.0008693938842690611
0.0005,-0.0085,0.09034435939489571,-0.000590724388525212,0.0011095007742974094
0.0006,-0.0085,0.08987597253995155,-0.000816529004778208,0.0013525282864499028
0.0007,-0.0085,0.08916880738734882,-0.0010779587524162738,0.001589103075079305
0.0008,-0.0085,0.08861908230312293,-0.0013728035239138868,0.0018377824017060706
0.0009,-0.0085,0.08780037973271008,-0.0016858256346424666,0.0020620024338741205
0.001,-0.0085,0.08696924839707715,-0.002034553523978907,0.0022748296886831924
0.0011,-0.0085,0.0862774188367532,-0.0024052946116838595,0.00247789441881688
0.0012,-0.0085,0.08572941177239474,-0.0027867770688221934,0.002719356579965597
0.0013000000000000002,-0.0085,0.0849596551294137,-0.0032153855499808385,0.0028752469254739303
0.0014,-0.0085,0.08407896532536932,-0.00364517595264448,0.0030436306598144868
0.0015,-0.0085,0.08314883936042182,-0.004052617814829786,0.0032599577310058678
0.0016,-0.0085,0.0818922143934212,-0.004562558754941554,0.0034472486592636536
0.0017,-0.0085,0.08062040265252861,-0.005044978846164241,0.0035866840219456763
0.0018,-0.0085,0.07951483329526123,-0.005556216980538955,0.0037311647285357
0.0019,-0.0085,0.07800424417584137,-0.005954266182913968,0.003888764563174181
0.002,-0.0085,0.07650696333995824,-0.006434662418419478,0.004106816991722433
0.0021,-0.0085,0.07479488659073089,-0.007196568337676602,0.004196297604230321
0.0022,-0.0085,0.07325844189055745,-0.007519013251568897,0.004311719293551837
0.0023,-0.0085,0.07136381486895108,-0.008244348025849437,0.004322176247600063
0.0024,-0.0085,0.06889452896620725,-0.008872958868943993,0.00434027284661289
0.0025,-0.0085,0.06708524667730141,-0.00932894190315692,0.00456955946440635
0.0026000000000000003,-0.0085,0.06439954620087204,-0.009901912953060142,0.004601800845382084
0.0027,-0.0085,0.061717346964494345,-0.010475080021463735,0.004645001714968217
0.0028,-0.0085,0.059395495234000666,-0.011068280630343093,0.004680225459285353
0.0029,-0.0085,0.056737262450717404,-0.01154035704564358,0.004671258775581395
0.003,-0.0085,0.05420015468785414,-0.012111107690929131,0.004720823513355333
0.0031,-0.0085,0.05058054074755192,-0.012766535441989047,0.004630255148875477
0.0032,-0.0085,0.050494672463851295,-0.013134440235121225,0.004592627800962358
0.0033000000000000004,-0.0085,0.04561890673943815,-0.013690624286316106,0.004491687634184084
0.0034,-0.0085,0.04214015676967794,-0.014222791052867768,0.004321813551675302
0.0034999999999999996,-0.0085,0.03960610628870483,-0.0146360424652073,0.004254811040214618
0.0036,-0.0085,0.037633852700578285,-0.015116090307796976,0.004079976082081045
0.0037,-0.0085,0.033470278265356895,-0.015555038508187374,0.0038808969317614657
0.0038,-0.0085,0.03247960235136868,-0.01587918437339349,0.0036668796183464076
0.0039,-0.0085,0.02889134777414216,-0.01647474866729588,0.003459741249763122
0.004,-0.0085,0.026894614044092914,-0.016740326210541872,0.003195510589376678
0.0041,-0.0085,0.024881641540942932,-0.017181866540093748,0.00290435649039046
0.0042,-0.0085,0.022888684897400816,-0.017634957937404515,0.0025967413607324063
0.0043,-0.0085,0.021278052754249,-0.017535353771094584,0.0022704583891891596
0.0044,-0.0085,0.017862472334278717,-0.017860722374933167,0.0019426353848107038
0.0045,-0.0085,0.018291301154832688,-0.01806127612117538,0.0015738542907102306
0.0046,-0.0085,0.016304601951233327,-0.01829855860318403,0.001230612111829626
0.0047,-0.0085,0.01650927137983635,-0.018543061686301276,0.0008140236932806888
0.0048,-0.0085,0.016680112964151565,-0.018486401787590676,0.0004552299708015677
0.0049,-0.0085,0.015277429842889167,-0.018516841179481415,1.4303593871403588e-05
0.005,-0.0085,0.015765011128864404,-0.018493769050634296,-0.00037286027564279535
0.0051,-0.0085,0.016458672322604655,-0.018678694362230554,-0.00081550792836405
0.005200000000000001,-0.0085,0.017405141958392604,-0.01878227600852782,-0.001237943245831521
0.0053,-0.0085,0.01569038623224738,-0.018459771943118247,-0.0017044060934737174
0.0054,-0.0085,0.018687047246620767,-0.018307732126285624,-0.002123436968480545
0.0055,-0.0085,0.01826382455573669,-0.017893374061467123,-0.002541479617445057
0.0056,-0.0085,0.01980039658838772,-0.01807764250049744,-0.002934148175715398
0.005700000000000001,-0.0085,0.021404067583671502,-0.01741150470069724,-0.003352069104870854
0.0058,-0.0085,0.022166853961018106,-0.01723668784379328,-0.003726209995072902
0.0059,-0.0085,0.024474786362848767,-0.016751908712484803,-0.004107219884577201
0.006,-0.0085,0.02429691400587382,-0.016523568356555503,-0.004496650725658829
0.0061,-0.0085,0.027052910184187463,-0.01603640129557229,-0.004771715943092585
0.0062,-0.0085,0.026859617239976506,-0.015520150359149082,-0.005043150277026358
0.0063,-0.0085,0.029296154345596747,-0.01505226047981334,-0.005395881157815524
0.0064,-0.0085,0.029646327604317943,-0.014601553213199265,-0.005569230574368689
0.006499999999999999,-0.0085,0.030843862317123372,-0.013921372667328659,-0.005751201432298351
0.006600000000000001,-0.0085,0.03135633715185405,-0.013388679826947948,-0.0059077095672491545
0.0067,-0.0085,0.03024819746746493,-0.012602634728140183,-0.0060628450861636984
0.0068,-0.0085,0.029837237015941917,-0.011956747990079387,-0.006129274945767158
0.0069,-0.0085,0.03127419592416152,-0.01128271790394762,-0.006149905304702126
0.006999999999999999,-0.0085,0.028778718210064006,-0.010639577871778624,-0.0061474769575362055
0.007100000000000001,-0.0085,0.0298519760987053,-0.01006555332399471,-0.005995208446547469
0.0072,-0.0085,0.027790695484095785,-0.009239407051136413,-0.005979373088681527
0.0073,-0.0085,0.026999415436953327,-0.00830130301730819,-0.00583541753406366
0.0074,-0.0085,0.02488833040233842,-0.007582424225052302,-0.005614748803876725
0.0075,-0.0085,0.023609206258198224,-0.006928381599963182,-0.005372915184626722
0.0076,-0.0085,0.02173715449363827,-0.006221184671157007,-0.005118295005160214
0.0077,-0.0085,0.018987182591565867,-0.005752597710209447,-0.004819773380442723
0.0078,-0.0085,0.016691203883998418,-0.004890729726957555,-0.004493690105673113
0.0079,-0.0085,0.014316202173240469,-0.004335061549655042,-0.004076339274220038
0.008,-0.0085,0.012207402971867044,-0.0037947138442634178,-0.003732425226331836
0.0081,-0.0085,0.009730243226035192,-0.0031897836014737795,-0.003304836249402603
0.0082,-0.0085,0.007677486092964066,-0.002752077080040314,-0.002874435455468922
0.0083,-0.0085,0.005361308273469162,-0.0022337635976277105,-0.0024737168705579646
0.0084,-0.0085,0.003051689304456051,-0.0018064444386842586,-0.0020496525440836344
0.0085,-0.0085,0.0009037763411647247,-0.0014249543978323079,-0.0016364592657897522
0.0086,-0.0085,-0.0009876334752161981,-0.001091785111543353,-0.0012508166547424025
0.0087,-0.0085,-0.002727290632682,-0.0008096172883743146,-0.0008674340221847972
0.0088,-0.0085,-0.004479523449287051,-0.0005692715157171101,-0.0005195151107535669
0.0089,-0.0085,-0.005571854243919343,-0.00036978401611418535,-0.00019903927455251086
0.009,-0.0085,-0.006914370723000795,-0.0002108420903561792,9.118189501793415e-05
0.0091,-0.0085,-0.008437502011351185,-9.61993236718293e-05,0.00034519227031283833
0.0092,-0.0085,-0.009051012375750612,-1.0473306466509921e-05,0.0005453325233139239
0.0093,-0.0085,-0.009369703131030955,3.590183760935635e-05,0.0007032444658704811
0.0094,-0.0085,-0.009763530970613553,6.909121112532643e-05,0.000807902955962584
0.0095,-0.0085,-0.00960689941777549,7.026367114139623e-05,0.0008463632365562544
0.0096,-0.0085,-0.010229861464811467,8.107284933961762e-05,0.0008185387314255661
0.0097,-0.0085,-0.00860102357644679,7.825819069825457e-05,0.0007398046341620403
0.0098,-0.0085,-0.006804407106609984,3.628573667300953e-05,0.0005860226078033045
0.0099,-0.0085,-0.00939653399605529,1.16009414644833e-05,0.00034405265270835304
0.01,-0.0085,-0.01034238063278611,0.0,0.0
0.0,-0.0084,0.09426310859890677,0.0,0.0
0.0001,-0.0084,0.09465975518967167,-5.458755471687935e-05,0.00024075064714501067
0.0002,-0.0084,0.09383925459872325,-0.00014518233198391263,0.0004837944544592769
0.0003,-0.0084,0.09256430852447153,-0.0002614928539242749,0.0007478664792425084
0.0004,-0.0084,0.0918555249580655,-0.0004537500405356519,0.0010465184692679036
0.0005,-0.0084,0.09114255397370429,-0.0006549283349066752,0.0013506400618557392
0.0006,-0.0084,0.08982889935081102,-0.0009170867729680359,0.001612266978249325
0.0007,-0.0084,0.08942265520943436,-0.0012026534840571422,0.0018880517950526088
0.0008,-0.0084,0.088966914548113,-0.0015229790873005629,0.002153756019207843
0.0009,-0.0084,0.08788416487090916,-0.0018746107982228338,0.002403033055014553
0.001,-0.0084,0.08735186538217213,-0.002249977399024683,0.00264358361353196
0.0011,-0.0084,0.08624973923015208,-0.002637469351437091,0.0028838263011026766
0.0012,-0.0084,0.0859596720982502,-0.003081626688654268,0.0030882556107638876
0.0013000000000000002,-0.0084,0.08467128753809616,-0.0034962546742647754,0.003308610526800428
0.0014,-0.0084,0.0837790250342856,-0.003970241124656959,0.003548669435260653
0.0015,-0.0084,0.0827401741087397,-0.00449341020762204,0.003703250079501501
0.0016,-0.0084,0.08147738401438678,-0.004930884750312281,0.0039296784579233735
0.0017,-0.0084,0.08044714482157778,-0.005479828876150249,0.004103009640042998
0.0018,-0.0084,0.07889111378794171,-0.005948393193864265,0.004274693773903357
0.0019,-0.0084,0.07752713831233832,-0.006523468560856717,0.0044651626046967275
0.002,-0.0084,0.07539165529219974,-0.007069715733355861,0.004662984624730262
0.0021,-0.0084,0.07390253575890951,-0.007618047286820868,0.004696460858141367
0.0022,-0.0084,0.07219238990822031,-0.008076164492062447,0.004839990947887463
0.0023,-0.0084,0.06957139285607478,-0.008629936575233739,0.004959258741300429
0.0024,-0.0084,0.06731840796947437,-0.009343260838592136,0.005049345699347881
0.0025,-0.0084,0.06503351310435013,-0.01003042821716779,0.0051618901970856175
0.0026000000000000003,-0.0084,0.062035716911921605,-0.010611221511564769,0.0052427198131079255
0.0027,-0.0084,0.05955115924127543,-0.011201083937692471,0.005257518356654842
0.0028,-0.0084,0.05669199415308627,-0.011734391320371617,0.0052495351272829035
0.0029,-0.0084,0.05392261960089124,-0.012309369641881642,0.0051895096487314125
0.003,-0.0084,0.051344421680714666,-0.012893518471760053,0.00521139001163791
0.0031,-0.0084,0.04610428512330416,-0.013405575423985561,0.005152910211629583
0.0032,-0.0084,0.04277922776816951,-0.013978663117551214,0.005085710885523549
0.0033000000000000004,-0.0084,0.04092793458119067,-0.014503295991461072,0.004968042167979419
0.0034,-0.0084,0.037460976378951585,-0.015118573353247223,0.004848627277313916
0.0034999999999999996,-0.0084,0.03505133128515198,-0.015614762013786546,0.004726642451303035
0.0036,-0.0084,0.030659298216411276,-0.01603393863290452,0.004505740185780294
0.0037,-0.0084,0.028961111493583883,-0.0165479830594816,0.0042935819431173874
0.0038,-0.0084,0.025645786953239515,-0.0170323627507158,0.004051333977790493
0.0039,-0.0084,0.021269413964965272,-0.017514071762877618,0.0038222627146278273
0.004,-0.0084,0.019665935938176355,-0.017849113792164122,0.00354759815624057
0.0041,-0.0084,0.018764157472839823,-0.0180615726248165,0.0032353306733172043
0.0042,-0.0084,0.015761121246967817,-0.018349181193409385,0.0029166170037337653
0.0043,-0.0084,0.012897739770934582,-0.018751389625869253,0.0024961459682348156
0.0044,-0.0084,0.012609184785264441,-0.018991036805577163,0.002190475640934386
0.0045,-0.0084,0.010826943115463804,-0.019218733247864994,0.0018314130570279712
0.0046,-0.0084,0.009378878953327082,-0.019430449503129756,0.0013802889995688022
0.0047,-0.0084,0.008889686174948102,-0.0195375528812913,0.0009477296596791112
0.0048,-0.0084,0.006825599403835316,-0.019799217175186838,0.0004840745576471478
0.0049,-0.0084,0.007601038901551475,-0.019797788572611514,5.146830486330427e-05
0.005,-0.0084,0.00607809636130521,-0.01986190415552996,-0.00041565179536231134
0.0051,-0.0084,0.005870252152802712,-0.019543359909004937,-0.0008786537911323312
0.005200000000000001,-0.0084,0.006476073177194841,-0.019891857177207064,-0.0013344949134659397
0.0053,-0.0084,0.00842705786705502,-0.019865656969158298,-0.0018276937128767973
0.0054,-0.0084,0.0110026242221212,-0.019363324463543264,-0.002276390460716029
0.0055,-0.0084,0.010337452150258448,-0.01935067640302159,-0.002760817679656375
0.0056,-0.0084,0.012544879199757837,-0.019179080158077573,-0.0032132120611649013
0.005700000000000001,-0.0084,0.012160316525730757,-0.018659441305045796,-0.0036149010710954973
0.0058,-0.0084,0.014820533358894602,-0.018479490887222297,-0.004060551568243457
0.0059,-0.0084,0.015435170276929032,-0.018293555515120127,-0.004460826920510843
0.006,-0.0084,0.01691602740767559,-0.01767873888154686,-0.0048402483581046225
0.0061,-0.0084,0.01744747496843987,-0.01712634559995913,-0.005198070628323125
0.0062,-0.0084,0.019428235004985472,-0.016756498364723326,-0.005629803734985878
0.0063,-0.0084,0.02223610655589157,-0.01619659019630937,-0.0058922023191686716
0.0064,-0.0084,0.02309796967346232,-0.01565955934903456,-0.006227583009760751
0.006499999999999999,-0.0084,0.024328856079433463,-0.015242845174576358,-0.006432052197400232
0.006600000000000001,-0.0084,0.025293482664206137,-0.014635976399966655,-0.006583956330231847
0.0067,-0.0084,0.02453293026010238,-0.013833273237725693,-0.0067130631960913584
0.0068,-0.0084,0.024194579448935705,-0.013244158428175196,-0.006846899848487725
0.0069,-0.0084,0.025388805006659746,-0.012553893424808227,-0.0068812343141722845
0.006999999999999999,-0.0084,0.025634735092074926,-0.01167279178339218,-0.006804722121530241
0.007100000000000001,-0.0084,0.02379917100265152,-0.010972279370428419,-0.006777633882804522
0.0072,-0.0084,0.02373235711088745,-0.01013066481816816,-0.00670452645459093
0.0073,-0.0084,0.022497510888682605,-0.009368004636052191,-0.0065901150972217494
0.0074,-0.0084,0.022535933296871858,-0.008666126728533593,-0.006323583160047729
0.0075,-0.0084,0.020558405902739767,-0.007942154003749589,-0.006193917060320454
0.0076,-0.0084,0.018595992182633185,-0.007349287558615122,-0.005782532289843702
0.0077,-0.0084,0.01687712486521309,-0.0065043186994369374,-0.0055065498627255615
0.0078,-0.0084,0.015073375779184328,-0.00573180890910496,-0.005090455586043267
0.0079,-0.0084,0.012331171795129783,-0.005122117482631811,-0.0047594827762033574
0.008,-0.0084,0.01042452638255098,-0.00439674675123982,-0.004316085481983398
0.0081,-0.0084,0.00820085537576376,-0.003793296828348855,-0.0038401842247432014
0.0082,-0.0084,0.005870055868396431,-0.0032924124086757735,-0.0034424921352876805
0.0083,-0.0084,0.0035443683979977762,-0.0027353979066814353,-0.0029606828903380247
0.0084,-0.0084,0.0013821864566679457,-0.0022527267227109115,-0.002455289838212459
0.0085,-0.0084,-0.000871557455167138,-0.0018335737604380034,-0.002013918052379829
0.0086,-0.0084,-0.002669895696618851,-0.0014303425384215689,-0.0015866220933637024
0.0087,-0.0084,-0.004511687249341786,-0.001091896336792991,-0.0011636885515972535
0.0088,-0.0084,-0.005996530453420444,-0.0008149033365241171,-0.0007574094903518521
0.0089,-0.0084,-0.007542042409103646,-0.0005802761388531552,-0.0003904684863192856
0.009,-0.0084,-0.009045019378732396,-0.0003870440679273165,-6.619502774195462e-05
0.0091,-0.0084,-0.010170596005122743,-0.00022810033871447987,0.00022784708645859675
0.0092,-0.0084,-0.01142890087413346,-0.00012398228025955931,0.00047487692547900495
0.0093,-0.0084,-0.011571923833040175,-4.540825671683145e-05,0.0006538999653827037
0.0094,-0.0084,-0.011668313856059072,1.136690084535419e-05,0.0007814351811940234
0.0095,-0.0084,-0.013444796827106531,2.3343640657294955e-05,0.0008454449069535349
0.0096,-0.0084,-0.011878458789797921,4.091300302295913e-05,0.0008494976897871208
0.0097,-0.0084,-0.011434038181971076,6.843450050612709e-05,0.000799418866364356
0.0098,-0.0084,-0.013363733729148466,1.764229156438374e-05,0.0006484397474285031
0.0099,-0.0084,-0.012701752857733917,1.653491801473624e-06,0.00035931167537554674
0.01,-0.0084,-0.012259766407930736,0.0,0.0
0.0,-0.0083,0.09534545236868446,0.0,0.0
0.0001,-0.0083,0.0934688088052611,-8.035895621196962e-05,0.00031563069875402075
0.0002,-0.0083,0.09424310843776379,-0.00013843057135815403,0.0006464608630016726
0.0003,-0.0083,0.09272062817607288,-0.00028987253914905043,0.0009165010058994321
0.0004,-0.0083,0.09194858287802496,-0.00049804736129394,0.0012531057783082018
0.0005,-0.0083,0.09108268652122843,-0.00073630435886468,0.0015614702300817739
0.0006,-0.0083,0.09000722929899196,-0.0010095724353437366,0.0019053120093226886
0.0007,-0.0083,0.08931225804531946,-0.0013270485979782586,0.0022089708003980506
0.0008,-0.0083,0.08868016991050952,-0.0016738711278012472,0.002503414048009115
0.0009,-0.0083,0.0877051249751736,-0.0020485110808758414,0.0028000155977485597
0.001,-0.0083,0.08690687165348152,-0.002441678342035751,0.0030529603189319563
0.0011,-0.0083,0.08615621366017628,-0.0028555366516861353,0.0033123571578343824
0.0012,-0.0083,0.0852315570055239,-0.0033346134790853896,0.0035485546948371555
0.0013000000000000002,-0.0083,0.08441545121955261,-0.003789825641250948,0.0037778268771483437
0.0014,-0.0083,0.08356467380157043,-0.004300033801717794,0.003972096041790738
0.0015,-0.0083,0.08230935910677915,-0.004848607570478024,0.004251874246201027
0.0016,-0.0083,0.08114370688371833,-0.005297299828116384,0.004509881425681273
0.0017,-0.0083,0.079837206730874,-0.005825918732119651,0.004628677920288675
0.0018,-0.0083,0.07806485313062139,-0.006441886289929115,0.004933385667308707
0.0019,-0.0083,0.07648757615870351,-0.006985520890582466,0.00494931628118118
0.002,-0.0083,0.07463137407093431,-0.007477937029248105,0.005186522370278737
0.0021,-0.0083,0.07258653658889959,-0.008108931783827237,0.005220586493322467
0.0022,-0.0083,0.07023872626898317,-0.008726511348233733,0.005453879764442515
0.0023,-0.0083,0.06753668625662383,-0.009413156054109126,0.005500173520444816
0.0024,-0.0083,0.0655675367110423,-0.010001509037623655,0.005642179015236991
0.0025,-0.0083,0.06177245929278341,-0.01062143528827787,0.005703088246225963
0.0026000000000000003,-0.0083,0.05897137090475852,-0.011196034558786719,0.00576907464597342
0.0027,-0.0083,0.05682103185640249,-0.011789179718250978,0.005863886955922818
0.0028,-0.0083,0.05333271265288433,-0.012394018989195107,0.00584339569843265
0.0029,-0.0083,0.04944233523830065,-0.01304445253768234,0.005858140879009023
0.003,-0.0083,0.04611218419809495,-0.013707631712394747,0.005780727446164511
0.0031,-0.0083,0.04179419791892995,-0.014216081958237571,0.005749118451783037
0.0032,-0.0083,0.039462574221493435,-0.014801775165472975,0.005672703303992986
0.0033000000000000004,-0.0083,0.037530291732241636,-0.015362116356007824,0.005520589996230208
0.0034,-0.0083,0.03240107525253838,-0.015958397149086142,0.005376285931458548
0.0034999999999999996,-0.0083,0.028053811173912344,-0.01642971182938276,0.005172257047952582
0.0036,-0.0083,0.02457564529480821,-0.01698504820646525,0.005003263523495592
0.0037,-0.0083,0.021286339962363524,-0.01749982144594268,0.004740479758051575
0.0038,-0.0083,0.019224074505584467,-0.017795780840108827,0.004521431045777043
0.0039,-0.0083,0.016325197167327502,-0.01847106674024116,0.0042670084661997456
0.004,-0.0083,0.013282248152326861,-0.018691636095985224,0.00393765614586874
0.0041,-0.0083,0.01143373409461506,-0.019032403124897224,0.0036834064801005506
0.0042,-0.0083,0.007165628350127872,-0.019427906859415655,0.003260233486676191
0.0043,-0.0083,0.004410822987045905,-0.019790941675016827,0.002875277917338084
0.0044,-0.0083,0.003430803279651484,-0.020031713061842857,0.0024040412070282626
0.0045,-0.0083,0.001814999947962906,-0.020129614815332073,0.0020049025829547104
0.0046,-0.0083,-0.00026703231088107956,-0.0202280598285338,0.0015277539680573892
0.0047,-0.0083,-0.0014449719918039965,-0.020684162851431976,0.0010566863754095188
0.0048,-0.0083,-0.0008572040469711628,-0.02090185631062666,0.0006192760873671944
0.0049,-0.0083,-0.003140625430465831,-0.021086541722863006,0.00011842924600235766
0.005,-0.0083,-0.0027226427990822404,-0.020906220685572602,-0.00033998501247585076
0.0051,-0.0083,-0.0011063897510852805,-0.021174024388898344,-0.0008212129692502266
0.005200000000000001,-0.0083,-0.0025655367881339845,-0.021119613890922456,-0.0013122078617639995
0.0053,-0.0083,-0.0028657370056115895,-0.020649411968031328,-0.001887287918190659
0.0054,-0.0083,-0.003160640126429533,-0.020830320534211046,-0.0024677646923902024
0.0055,-0.0083,0.0006136397665481585,-0.020528674901187184,-0.002967364395164556
0.0056,-0.0083,0.0010700727499839589,-0.02013257704826016,-0.003410531681802688
0.005700000000000001,-0.0083,0.004345081822838236,-0.020047398703808207,-0.003924520779145833
0.0058,-0.0083,0.0039092859554698215,-0.019588193356196167,-0.004420538210503142
0.0059,-0.0083,0.004991457346466641,-0.01935763232008128,-0.004829353127324656
0.006,-0.0083,0.007106111782575096,-0.01913349559240011,-0.005309887952697569
0.0061,-0.0083,0.009665515455878735,-0.01877090399408739,-0.0057206926242935555
0.0062,-0.0083,0.011960798844171913,-0.018213699924154947,-0.006134422332943052
0.0063,-0.0083,0.01331768972158263,-0.017548003748045462,-0.006423283741528576
0.0064,-0.0083,0.01467178791835188,-0.017186843198590113,-0.00674377880330963
0.006499999999999999,-0.0083,0.015960079989770497,-0.016374956452583363,-0.007008008784180367
0.006600000000000001,-0.0083,0.01687071141737297,-0.015980072573634218,-0.007264867564491748
0.0067,-0.0083,0.01821266338785495,-0.015004297487473168,-0.007416129051829793
0.0068,-0.0083,0.019158432692241573,-0.014207770106817886,-0.007565370888858409
0.0069,-0.0083,0.02011509165414582,-0.013602664025999354,-0.007584489749568959
0.006999999999999999,-0.0083,0.01987748622493059,-0.012964419516984372,-0.007613098524188182
0.007100000000000001,-0.0083,0.018372196996579142,-0.012021422653279174,-0.007551380400178155
0.0072,-0.0083,0.018106208419629333,-0.011403424990653067,-0.007481082354525027
0.0073,-0.0083,0.020565253228072133,-0.010546464615810004,-0.007328552927042782
0.0074,-0.0083,0.01779207382549959,-0.009803162341152862,-0.007165415174275456
0.0075,-0.0083,0.016589499117770076,-0.00885510860277382,-0.006975522521017465
0.0076,-0.0083,0.016067124144615332,-0.008101984560201073,-0.006584054343862918
0.0077,-0.0083,0.014036990470426789,-0.007207069616046283,-0.006211336557319033
0.0078,-0.0083,0.012040713880200041,-0.006605919232939399,-0.0058236226400706775
0.0079,-0.0083,0.010098945297772851,-0.005843683189256706,-0.005356173882088361
0.008,-0.0083,0.00823220297017871,-0.005168525215567689,-0.0049085864222357225
0.0081,-0.0083,0.006005036221221129,-0.004492679157014569,-0.004490099155780381
0.0082,-0.0083,0.004032691355531622,-0.003896142769230928,-0.003953586876656837
0.0083,-0.0083,0.0014646321236366836,-0.003238326619795076,-0.00349278882959911
0.0084,-0.0083,-0.0003706119656060898,-0.0027357588260857276,-0.0029885709972416823
0.0085,-0.0083,-0.002325082654550191,-0.0022203977715937397,-0.0024856086711583765
0.0086,-0.0083,-0.004617780274852883,-0.0017920128144593716,-0.001953545636811456
0.0087,-0.0083,-0.006057967775876827,-0.0014077655240241978,-0.0015020824599176878
0.0088,-0.0083,-0.008129186310029384,-0.0010761464384189292,-0.0010395016779313586
0.0089,-0.0083,-0.010004408688875538,-0.0007985338753971615,-0.000623294539470964
0.009,-0.0083,-0.010729754884286973,-0.0005536717030704824,-0.00024988049415864376
0.0091,-0.0083,-0.011921517736633748,-0.0003795684492370698,8.505976768413156e-05
0.0092,-0.0083,-0.013114958544877393,-0.00023041926080335365,0.00036028292592045507
0.0093,-0.0083,-0.014154397707233188,-0.00012500958188499175,0.000583292793079751
0.0094,-0.0083,-0.014398095039237094,-5.270638537636871e-05,0.0007467774525911746
0.0095,-0.0083,-0.013935800127551617,-1.0465555397693734e-05,0.0008250990695540377
0.0096,-0.0083,-0.01379023522877293,2.549593295279756e-05,0.0008452257517231254
0.0097,-0.0083,-0.017886302444163706,8.44371843455077e-06,0.0007706629467423377
0.0098,-0.0083,-0.018312937084832025,-1.2676103108304825e-05,0.0005978656056949515
0.0099,-0.0083,-0.015072695170997366,9.499723123765753e-06,0.00034565014110639526
0.01,-0.0083,-0.013437899083793945,0.0,0.0
0.0,-0.0082,0.09573256462887626,0.0,0.0
0.0001,-0.0082,0.09560231565460621,-5.168472484400456e-05,0.00037062288305158555
0.0002,-0.0082,0.09467951693000111,-0.00016083711295059863,0.0007287760731143258
0.0003,-0.0082,0.09309181385599909,-0.00031825006620865164,0.0011060648797625774
0.0004,-0.0082,0.0915616408243508,-0.0005370991876359219,0.0014879380060743488
0.0005,-0.0082,0.09091691343789804,-0.0008004021542919716,0.0018413197771604028
0.0006,-0.0082,0.08983853814886338,-0.0011072796867102528,0.0022010587870517433
0.0007,-0.0082,0.08933033864020525,-0.0014453584930018632,0.002545514485883353
0.0008,-0.0082,0.08832876644407034,-0.0018152412128969908,0.0028602312341906902
0.0009,-0.0082,0.08772222459726761,-0.0022197979378724914,0.00320913925048707
0.001,-0.0082,0.08688459978358638,-0.002655224925941537,0.00347855203022091
0.0011,-0.0082,0.08592440558039875,-0.003077354674335615,0.003748746914435214
0.0012,-0.0082,0.08511840541726445,-0.0036068186704105807,0.004006690885876463
0.0013000000000000002,-0.0082,0.08388379983895373,-0.004028017329351064,0.004325100149428178
0.0014,-0.0082,0.08293610625663793,-0.00465029151260869,0.004538178171070462
0.0015,-0.0082,0.08174280557611574,-0.0051365993222841026,0.004746453584676597
0.0016,-0.0082,0.08043713213274381,-0.005721899927554754,0.0049690958618553716
0.0017,-0.0082,0.07860687119708287,-0.00634951923671884,0.0052516252175311305
0.0018,-0.0082,0.07710115842191698,-0.006858747020457493,0.00538929071743754
0.0019,-0.0082,0.07483816762609344,-0.007503109522680489,0.005553904989142672
0.002,-0.0082,0.07284132028518897,-0.007954119021024558,0.005807641582071765
0.0021,-0.0082,0.0708395682752895,-0.008757741263375413,0.005905590443130514
0.0022,-0.0082,0.06751579346318609,-0.009382488076843644,0.005942863899578633
0.0023,-0.0082,0.06564239419973636,-0.009917419084932821,0.0061247455249502985
0.0024,-0.0082,0.06202745338823848,-0.010555654104674806,0.006339620496791084
0.0025,-0.0082,0.06006181420514701,-0.0112772633094892,0.006320695380170874
0.0026000000000000003,-0.0082,0.05515376038107901,-0.011867626046302458,0.006478972419296257
0.0027,-0.0082,0.05348402686256312,-0.012519561291093304,0.006431304518033722
0.0028,-0.0082,0.04919660637206431,-0.01317213969106037,0.006429145436578497
0.0029,-0.0082,0.044648210796598635,-0.013781598599729696,0.006463808275596896
0.003,-0.0082,0.04276453481721361,-0.014338391711183077,0.006374026152704078
0.0031,-0.0082,0.03921133069461923,-0.014995363262108305,0.006351336589631326
0.0032,-0.0082,0.03391662168708655,-0.015529525852551566,0.00619898650760391
0.0033000000000000004,-0.0082,0.031034421303127144,-0.01604582904980772,0.006091367120443535
0.0034,-0.0082,0.026138314866424067,-0.01668736285169962,0.00591211901644293
0.0034999999999999996,-0.0082,0.020828594331353183,-0.017264081033791272,0.005747947593730468
0.0036,-0.0082,0.016697895380252247,-0.017632004737611544,0.005489297595437991
0.0037,-0.0082,0.014918150266298563,-0.018470683807670682,0.005292242411714957
0.0038,-0.0082,0.011896788682962813,-0.01871903969161658,0.005029765886246757
0.0039,-0.0082,0.009051972470586643,-0.01919965192095693,0.004582418160384349
0.004,-0.0082,0.004593144125402966,-0.01949611316455005,0.004376544666099109
0.0041,-0.0082,0.0012683930234069325,-0.020152942908828648,0.00406457131265991
0.0042,-0.0082,-0.002706184467688546,-0.02037638174964671,0.003659941239251617
0.0043,-0.0082,-0.006085472355888995,-0.020780405718544913,0.003131603601486423
0.0044,-0.0082,-0.009756199528594304,-0.020921296606028497,0.0027577453090482738
0.0045,-0.0082,-0.014111443297882206,-0.021419469876298357,0.0023127776281410863
0.0046,-0.0082,-0.011133528610068453,-0.021660508604542602,0.0017019576526992046
0.0047,-0.0082,-0.009668740006965573,-0.021696200943796456,0.0012140500213739056
0.0048,-0.0082,-0.00981717963667085,-0.0216623260932664,0.0007058089962733038
0.0049,-0.0082,-0.012491283285363407,-0.02178719319702846,0.00019894315437986928
0.005,-0.0082,-0.013014017777001419,-0.02216453690661174,-0.00036771716751002803
0.0051,-0.0082,-0.01550561973371426,-0.022052898535849335,-0.0009183259518024992
0.005200000000000001,-0.0082,-0.02070518594663662,-0.022372250593880164,-0.001493760296393979
0.0053,-0.0082,-0.01560759483829105,-0.02201431147446637,-0.0020715803148445323
0.0054,-0.0082,-0.015541609377645057,-0.02179530694781784,-0.0026044402679923414
0.0055,-0.0082,-0.006109063131968983,-0.021843818278375473,-0.0031689368299006176
0.0056,-0.0082,-0.0069024167523562,-0.021706776125391833,-0.003642621244823129
0.005700000000000001,-0.0082,-0.007159605562840859,-0.020950519998402403,-0.0041940973554437395
0.0058,-0.0082,-0.005687195353254629,-0.02115773457830654,-0.004705354495109128
0.0059,-0.0082,-0.004640203858578755,-0.020627453324590317,-0.005214944669759418
0.006,-0.0082,-0.002016029309300088,-0.020187545823151944,-0.005712540358373066
0.0061,-0.0082,-0.0007663929088646986,-0.019961352058613397,-0.006143895637215603
0.0062,-0.0082,0.0018992757076811998,-0.019370494543742248,-0.006637007932697578
0.0063,-0.0082,0.003856125062550656,-0.018821028432881477,-0.006922947060005157
0.0064,-0.0082,0.00566364825753121,-0.018482369982269434,-0.007342970956447987
0.006499999999999999,-0.0082,0.006464315525758105,-0.017731951603452933,-0.007661553011488834
0.006600000000000001,-0.0082,0.008978916462755369,-0.017218461919944247,-0.00783987930616961
0.0067,-0.0082,0.010916048198633921,-0.016327916725949843,-0.008082384612692315
0.0068,-0.0082,0.012176898546680706,-0.01571064678339502,-0.008263147209908754
0.0069,-0.0082,0.01435724471766352,-0.014840218158076766,-0.00836291661015619
0.006999999999999999,-0.0082,0.013756523464590994,-0.01396347508790791,-0.008343353944358105
0.007100000000000001,-0.0082,0.01305487236056821,-0.013342199575791708,-0.008393272263499077
0.0072,-0.0082,0.015038953920162499,-0.012467509001938666,-0.008255704681328063
0.0073,-0.0082,0.013988406058125279,-0.011603783159049754,-0.008181186323759665
0.0074,-0.0082,0.014118052152640918,-0.01076048541262184,-0.008003500267728473
0.0075,-0.0082,0.01261342068421007,-0.009884286646286187,-0.007673632503909142
0.0076,-0.0082,0.011699965196274377,-0.009102845630908156,-0.007400614077103886
0.0077,-0.0082,0.010228157372959698,-0.008254534120172784,-0.0070734678102191105
0.0078,-0.0082,0.009570379223937612,-0.007410840309092877,-0.006686903276094379
0.0079,-0.0082,0.008000282352835474,-0.006585294759951935,-0.00614493732906377
0.008,-0.0082,0.005890635537216095,-0.005863861734139307,-0.0057354254960688125
0.0081,-0.0082,0.0037493663416822264,-0.0051872769649808585,-0.005173270398849336
0.0082,-0.0082,0.0018515361687855617,-0.004441079578042167,-0.004610668230851906
0.0083,-0.0082,-9.300991603463812e-05,-0.003801749287341362,-0.004064511726789546
0.0084,-0.0082,-0.002297404196276741,-0.0031830240981173628,-0.0035286916750939794
0.0085,-0.0082,-0.004412441588157741,-0.002679989328309998,-0.002952857696612178
0.0086,-0.0082,-0.006600763315638756,-0.002161074947199038,-0.0023923489181243915
0.0087,-0.0082,-0.00852894323323133,-0.0017468614091248039,-0.0018680033876829938
0.0088,-0.0082,-0.010260438810854132,-0.0013576588091858276,-0.001378166030480957
0.0089,-0.0082,-0.011532336328414156,-0.0010300804242171734,-0.0009072243414792981
0.009,-0.0082,-0.012992109456723102,-0.0007566485918707668,-0.00048506526426764424
0.0091,-0.0082,-0.014551855966919094,-0.0005346628014928894,-0.00010145565745319158
0.0092,-0.0082,-0.01559776848376432,-0.00034814360621912414,0.00022306677156340074
0.0093,-0.0082,-0.016630140250401645,-0.00021596072785751066,0.00048004022230753126
0.0094,-0.0082,-0.01657478833772151,-0.00012257249222167693,0.0006715916309878479
0.0095,-0.0082,-0.01706255642051293,-6.221832924219199e-05,0.0007992661074917652
0.0096,-0.0082,-0.016901342536814645,-3.472015412080364e-05,0.0008289937304771897
0.0097,-0.0082,-0.016008023043908803,-2.2105359937246674e-05,0.0007616282977057424
0.0098,-0.0082,-0.015764988696743452,4.398998791901962e-06,0.0005932894834022627
0.0099,-0.0082,-0.015331789383484578,1.626663772278109e-05,0.00034509055239392465
0.01,-0.0082,-0.01711256355095871,0.0,0.0
0.0,-0.0081,0.09552209287568164,0.0,0.0
0.0001,-0.0081,0.09487174727722357,-5.933056611934053e-05,0.0004233011516538394
0.0002,-0.0081,0.09436094843920918,-0.00017702323227140025,0.0008585135204495359
0.0003,-0.0081,0.09303453824495717,-0.00034735004429666585,0.0013113626685146377
0.0004,-0.0081,0.09176989388556536,-0.000585613131725279,0.0017362370057671167
0.0005,-0.0081,0.09064992231635817,-0.0008679866493691674,0.0021505952794131215
0.0006,-0.0081,0.08989306242666599,-0.001198207295882579,0.0025417066778068414
0.0007,-0.0081,0.0889527370290836,-0.0015578914887034317,0.0029116284772857655
0.0008,-0.0081,0.08828928260176169,-0.0019561721424252386,0.0032915956633806603
0.0009,-0.0081,0.08692431478506701,-0.0023849616569333793,0.0036183995662216967
0.001,-0.0081,0.08628400319856416,-0.0028762348444787266,0.003933310326139625
0.0011,-0.0081,0.08532247070056584,-0.003352803041651867,0.004225557619894372
0.0012,-0.0081,0.08443297085780578,-0.0038756999496942085,0.00448645950173199
0.0013000000000000002,-0.0081,0.08338879875032135,-0.004391278137830615,0.004790609066452057
0.0014,-0.0081,0.08197016568540604,-0.004902310199824319,0.005115495010828564
0.0015,-0.0081,0.08079318377157603,-0.005481282222121921,0.005341222509497406
0.0016,-0.0081,0.07910286893306516,-0.006080271519376549,0.005552394077368998
0.0017,-0.0081,0.07726758006045234,-0.006603987425344663,0.005762316739373944
0.0018,-0.0081,0.07498442034110442,-0.007329621207502363,0.005994840923815369
0.0019,-0.0081,0.07324420791484794,-0.007894521444305469,0.006086656244310451
0.002,-0.0081,0.0707070627727304,-0.008555518202432845,0.006419577306574269
0.0021,-0.0081,0.06810238076179226,-0.009279345214920945,0.006610171008779281
0.0022,-0.0081,0.06601797945156875,-0.009881700291743727,0.006668279576608468
0.0023,-0.0081,0.06169568877477169,-0.010558705656516187,0.006824042283124051
0.0024,-0.0081,0.05872693481774358,-0.011187794360280638,0.006896605053549477
0.0025,-0.0081,0.05460705955371933,-0.011808093341958476,0.006961676081027141
0.0026000000000000003,-0.0081,0.05317335759141179,-0.012472219627381985,0.00701537181339305
0.0027,-0.0081,0.048817502751853085,-0.013140529171185994,0.0071189723316080755
0.0028,-0.0081,0.04368631561439098,-0.01383466958746216,0.0070986137065548295
0.0029,-0.0081,0.038262563020456164,-0.014425615527505129,0.00705069979759862
0.003,-0.0081,0.03746250480508935,-0.015074147952541956,0.007029533917997037
0.0031,-0.0081,0.03222253691984536,-0.015793784214300128,0.006903890126814614
0.0032,-0.0081,0.027252216410449486,-0.016391914040291514,0.006759459071534197
0.0033000000000000004,-0.0081,0.02375799503249251,-0.01691985152112317,0.006712877899638358
0.0034,-0.0081,0.01864861080619731,-0.01736057738193301,0.0064972084675679696
0.0034999999999999996,-0.0081,0.015033492177531195,-0.018201210539630034,0.006321172625674615
0.0036,-0.0081,0.008098859716999047,-0.018737884584797318,0.006020173365532238
0.0037,-0.0081,0.0067099268499102045,-0.019075061522596283,0.005821191310050464
0.0038,-0.0081,0.0035350661670218056,-0.01976965008895984,0.005516086307544766
0.0039,-0.0081,-0.0026031276283439236,-0.020044206659935948,0.005040124748555585
0.004,-0.0081,-0.003239162653726178,-0.020520501575786127,0.004765401478273009
0.0041,-0.0081,-0.00983096464931785,-0.02102882654961097,0.004472409396307238
0.0042,-0.0081,-0.013846969394015328,-0.021356863038513238,0.004031333003724223
0.0043,-0.0081,-0.016696809923542357,-0.021801402299122214,0.0034530264676484778
0.0044,-0.0081,-0.018466313192310506,-0.021881683766351828,0.0029703425830417177
0.0045,-0.0081,-0.026845441780481177,-0.022088204801062872,0.0023799664282279616
0.0046,-0.0081,-0.02403743899057423,-0.02250082150628783,0.001866408995638235
0.0047,-0.0081,-0.02123597155346392,-0.022778886872262007,0.0013780868013427226
0.0048,-0.0081,-0.021076816764710238,-0.02306233497305593,0.0008776226422183731
0.0049,-0.0081,-0.02521966182927619,-0.022866293375415996,0.00040236250640196384
0.005,-0.0081,-0.026870852789864993,-0.023285667096775754,-0.00019358507982934693
0.0051,-0.0081,-0.02830229047692265,-0.02331140247566651,-0.0006787123353175621
0.005200000000000001,-0.0081,-0.029384254733044655,-0.023266526886403918,-0.0014129087479327074
0.0053,-0.0081,-0.031303998319533566,-0.023011739175485654,-0.0020753693086365994
0.0054,-0.0081,-0.01787912804292005,-0.022261179850954965,-0.00274713292634407
0.0055,-0.0081,-0.02196989746009414,-0.02268804098829918,-0.0033399375683532285
0.0056,-0.0081,-0.02476414640099246,-0.022655111685874852,-0.004026511583926912
0.005700000000000001,-0.0081,-0.02412124062114011,-0.022466671168111768,-0.004478198911800654
0.0058,-0.0081,-0.018478049347804858,-0.02230488468870391,-0.005046669781040292
0.0059,-0.0081,-0.01778945992290282,-0.021871708247699705,-0.005580134365627029
0.006,-0.0081,-0.014851787207192312,-0.021489636417819466,-0.006116232386027792
0.0061,-0.0081,-0.012213278663356274,-0.02104801735626818,-0.0066391749980004
0.0062,-0.0081,-0.009720962429497909,-0.020574687292784152,-0.007110460074197054
0.0063,-0.0081,-0.006849552798023331,-0.020247572272370812,-0.007504412483443468
0.0064,-0.0081,-0.0068408663350284496,-0.019645514441031887,-0.007990941020978531
0.006499999999999999,-0.0081,-0.0017431400048287127,-0.01895016108819246,-0.008227765094175775
0.006600000000000001,-0.0081,-0.00013251857914752815,-0.018260128396860704,-0.008649665306003819
0.0067,-0.0081,0.0025399586110901383,-0.017471183607206214,-0.008817855250682436
0.0068,-0.0081,0.004115764499164672,-0.016871398730223176,-0.008907452119037318
0.0069,-0.0081,0.005846654681742173,-0.01601573441586351,-0.009059446426241747
0.006999999999999999,-0.0081,0.007232635148109015,-0.015444614541294322,-0.00925530297993637
0.007100000000000001,-0.0081,0.006539803050830961,-0.014744872112192029,-0.009154406685245942
0.0072,-0.0081,0.00826904760321561,-0.013594318831523356,-0.009141887868081256
0.0073,-0.0081,0.008842398283121559,-0.012783376481414878,-0.00904837486783684
0.0074,-0.0081,0.00850772104492921,-0.011819690821551616,-0.00878565953784647
0.0075,-0.0081,0.008440798587530654,-0.011030762311700632,-0.00858714857941531
0.0076,-0.0081,0.0071182387235352584,-0.010168632904557535,-0.008332521966819766
0.0077,-0.0081,0.007172900264224154,-0.009374486392191987,-0.00805875321345777
0.0078,-0.0081,0.006510102426137424,-0.00835855178341939,-0.007593237518562293
0.0079,-0.0081,0.0038589276220779103,-0.007491396753350466,-0.0069025641650171735
0.008,-0.0081,0.0028172232884907736,-0.006685537001179093,-0.006513491497829757
0.0081,-0.0081,0.000965824080115155,-0.0057725212104736915,-0.0059019259438333905
0.0082,-0.0081,-0.0008183994564483329,-0.005202998556833655,-0.005304635151107132
0.0083,-0.0081,-0.002785673053507616,-0.0043944945574507606,-0.004747069096107047
0.0084,-0.0081,-0.0046288489714346555,-0.0037629043993452835,-0.0041047661546175776
0.0085,-0.0081,-0.006816553638546715,-0.003150991301163287,-0.003502657512556094
0.0086,-0.0081,-0.008900444002027426,-0.0025993482761945776,-0.0028733600126860017
0.0087,-0.0081,-0.010534055570940348,-0.0020852841655420278,-0.0023071115364859756
0.0088,-0.0081,-0.012483703223439812,-0.001652694550903706,-0.0017369458551051411
0.0089,-0.0081,-0.013869265562496118,-0.0012737508595631994,-0.0012181019266027198
0.009,-0.0081,-0.015616510456806483,-0.0009539553271650516,-0.0007505502955496023
0.0091,-0.0081,-0.01673235012031444,-0.000692802052006712,-0.0003237600054034069
0.0092,-0.0081,-0.018004051497469226,-0.0004811407765633179,4.7639014719009536e-05
0.0093,-0.0081,-0.019299694313645935,-0.00031830582064343413,0.0003476083132990503
0.0094,-0.0081,-0.019862625812502976,-0.0001901079592119139,0.0005856655959598512
0.0095,-0.0081,-0.019651562127841433,-0.00010461199899296907,0.0007361850647625429
0.0096,-0.0081,-0.020078732503220936,-7.04099017373823e-05,0.0008078918683120071
0.0097,-0.0081,-0.02243361828696837,-3.0152776313434196e-05,0.000786500988990348
0.0098,-0.0081,-0.018951885093609257,1.833881498607925e-05,0.0006597368892921095
0.0099,-0.0081,-0.01791424102131025,1.3371623794048474e-05,0.0003963849383159149
0.01,-0.0081,-0.020329276881025,0.0,0.0
0.0,-0.008,0.09666338460057429,0.0,0.0
0.0001,-0.008,0.09506641881466568,-6.235088248154857e-05,0.0005037224059364503
0.0002,-0.008,0.09350963606638983,-0.00019619218512520974,0.0010380125817567047
0.0003,-0.008,0.09273759047442563,-0.0003746963446917623,0.0015368547933152375
0.0004,-0.008,0.09106959925146954,-0.0006300982886020837,0.0020219552231374918
0.0005,-0.008,0.09036888179377225,-0.000931213303391329,0.0024811288834195367
0.0006,-0.008,0.08925260887289202,-0.0012813409290631146,0.002898884469275718
0.0007,-0.008,0.08772109890469959,-0.0016750115287562806,0.003314072857481376
0.0008,-0.008,0.08746429166145378,-0.0020792359670591134,0.00370453810426342
0.0009,-0.008,0.08667439199793005,-0.0025583791965991436,0.004052780237303083
0.001,-0.008,0.08579402834940492,-0.003077802806180322,0.0043836886267071915
0.0011,-0.008,0.08445505929268522,-0.0035509601580378195,0.0047543835305201634
0.0012,-0.008,0.08384313619733696,-0.004041139111686238,0.005015735719174088
0.0013000000000000002,-0.008,0.08224917607273684,-0.004640996359315793,0.005403495836693503
0.0014,-0.008,0.08101980229828153,-0.005273328640589432,0.0057685489710982115
0.0015,-0.008,0.07943234163744606,-0.005795831131821919,0.005941251347946372
0.0016,-0.008,0.07773984874837138,-0.006457873046166102,0.0063036401747446685
0.0017,-0.008,0.07547220976239621,-0.007052235874134831,0.006334187347390819
0.0018,-0.008,0.07366198612141739,-0.007686261458319932,0.006638268887000119
0.0019,-0.008,0.07057551833436544,-0.008288904034663763,0.0068824540285713585
0.002,-0.008,0.06855324878797277,-0.009064618883522517,0.0069116503129872985
0.0021,-0.008,0.06615215202660492,-0.009640615126621836,0.007231968664038692
0.0022,-0.008,0.06259150814565291,-0.01036679245726926,0.0073505630688687875
0.0023,-0.008,0.05888483008712264,-0.01104407883672164,0.007527043377359425
0.0024,-0.008,0.05498285960568501,-0.011713331682856529,0.007624644404304583
0.0025,-0.008,0.05132373288841293,-0.012361883498535864,0.007670334440974019
0.0026000000000000003,-0.008,0.046047101365064985,-0.013082199909863751,0.007757010410655314
0.0027,-0.008,0.04283116352975205,-0.013787818457300717,0.007729017241710309
0.0028,-0.008,0.03810189626490158,-0.014412343643322762,0.007742281623155775
0.0029,-0.008,0.0333628882161716,-0.015090720048624296,0.007668568140327736
0.003,-0.008,0.029550497023486885,-0.01576898562782063,0.007605385128648147
0.0031,-0.008,0.024680287523785108,-0.016254897724251552,0.007538048274017155
0.0032,-0.008,0.01949032101085609,-0.017058314212458247,0.007423111416234952
0.0033000000000000004,-0.008,0.015331470053787459,-0.01768751256022492,0.007232129408000274
0.0034,-0.008,0.010100579095797032,-0.018303442051799526,0.007013575305743517
0.0034999999999999996,-0.008,0.0072688414119839295,-0.01863827871160081,0.006731289198040682
0.0036,-0.008,0.0002449645025388868,-0.019279989483035512,0.006599956797015092
0.0037,-0.008,-0.004479490872211924,-0.019892627469107135,0.006215602186817848
0.0038,-0.008,-0.006530761496492691,-0.020586061672050168,0.006051595992028546
0.0039,-0.008,-0.00835208931717916,-0.020783752418503325,0.00559267769364731
0.004,-0.008,-0.013997241415602109,-0.021257118355403507,0.005154150529751187
0.0041,-0.008,-0.018341900677289323,-0.021884675639341936,0.004734033935583703
0.0042,-0.008,-0.02966453041608585,-0.02215275007425446,0.0042904292175536375
0.0043,-0.008,-0.027582008805476545,-0.02254236274773844,0.003791850175238798
0.0044,-0.008,-0.028517650687370687,-0.022838573285807386,0.0031382101502209106
0.0045,-0.008,-0.03676960329764864,-0.023218687880268363,0.0026714375612132257
0.0046,-0.008,-0.036267610015026944,-0.023438631616954215,0.002188529276441583
0.0047,-0.008,-0.027719398526812086,-0.023919044550131666,0.0017217201075436237
0.0048,-0.008,-0.03545841942682447,-0.02392072657211177,0.0010733299019440872
0.0049,-0.008,-0.042740139836502745,-0.024161972549831615,0.0006441796549506252
0.005,-0.008,-0.045447887901388845,-0.024219017885953126,-1.2038548537519988e-05
0.0051,-0.008,-0.048344450944978856,-0.024070072319490918,-0.0007763175197541446
0.005200000000000001,-0.008,-0.03913332712500201,-0.024225938212181348,-0.0016020308792863162
0.0053,-0.008,-0.014696783653852274,-0.02427636341811551,-0.0027948712685003344
0.0054,-0.008,-0.03525109245282847,-0.02428405493776052,-0.0028666228044806914
0.0055,-0.008,-0.049862972764315984,-0.02463572865289752,-0.0032784677751497003
0.0056,-0.008,-0.029941996370300625,-0.02401973977742193,-0.003798776382706426
0.005700000000000001,-0.008,-0.03266074712450707,-0.02383497625879298,-0.004590625322030323
0.0058,-0.008,-0.02422784745338944,-0.02324491193157815,-0.0053667748596981195
0.0059,-0.008,-0.03362444184783811,-0.023149392446277145,-0.0059451877225586945
0.006,-0.008,-0.027888953238263004,-0.023110366099690055,-0.006419788610671493
0.0061,-0.008,-0.02706868012604169,-0.022442035434909722,-0.0070231803708186704
0.0062,-0.008,-0.023617878972485563,-0.022010459915554354,-0.007573074084434775
0.0063,-0.008,-0.017142155726501167,-0.021517891941545693,-0.008062278917929355
0.0064,-0.008,-0.013831672047093445,-0.02103850290585902,-0.008479717145529229
0.006499999999999999,-0.008,-0.01364387297025859,-0.020223839334757073,-0.008852352512626494
0.006600000000000001,-0.008,-0.010333386419013926,-0.019380178599044992,-0.009207475542365257
0.0067,-0.008,-0.006548954613665776,-0.019052486570690128,-0.009480098313836914
0.0068,-0.008,-0.003831099395102149,-0.01787860718896388,-0.009797948668633746
0.0069,-0.008,-0.003989704817961281,-0.01731934160890648,-0.009850554913007957
0.006999999999999999,-0.008,-0.0008951031565827336,-0.01656522940519794,-0.009945272215726893
0.007100000000000001,-0.008,-0.00019700655903456214,-0.0155368385618595,-0.010023083809418225
0.0072,-0.008,0.0008597377382834889,-0.01475198832862129,-0.009923983923210675
0.0073,-0.008,0.0019216513993569682,-0.01394833282064619,-0.009880236941339285
0.0074,-0.008,0.0012743623844810692,-0.013104897665064669,-0.009762932982768431
0.0075,-0.008,0.004251538102868504,-0.012112434048419803,-0.009439552915670555
0.0076,-0.008,0.0031601379184908614,-0.011203686688970808,-0.009180301108894643
0.0077,-0.008,0.0027063645503039614,-0.010311915487024127,-0.00873900563974155
0.0078,-0.008,0.0019493600692435853,-0.009280558123900292,-0.008353953566882915
0.0079,-0.008,0.0011856250558584963,-0.00832608029469741,-0.007878818109044361
0.008,-0.008,-0.0003284316043857956,-0.0075277297609357766,-0.007256718502657334
0.0081,-0.008,-0.002000524041839597,-0.006593284274853089,-0.006747124095032319
0.0082,-0.008,-0.0032856748020935276,-0.005836426267062604,-0.006074703382388202
0.0083,-0.008,-0.0052274492458776675,-0.00503763634484406,-0.00549164508007803
0.0084,-0.008,-0.007150478836129269,-0.004295635471182461,-0.00474190394077282
0.0085,-0.008,-0.008969554641654552,-0.00363218115629553,-0.004117236388892258
0.0086,-0.008,-0.011000804721130679,-0.0030310989536031056,-0.0033831568611443056
0.0087,-0.008,-0.012877105038478274,-0.0024560511887148813,-0.002813118609773647
0.0088,-0.008,-0.01476059358293457,-0.0019583991108901994,-0.0021897798535515747
0.0089,-0.008,-0.01633349671253308,-0.0015387880730228674,-0.0015982820290648487
0.009,-0.008,-0.017755492150649383,-0.0011781622921650493,-0.0010629473737406247
0.0091,-0.008,-0.01952075330304515,-0.0008646809594242994,-0.0005740869486214238
0.0092,-0.008,-0.020827182811807093,-0.0006198462831511717,-0.00015860218435360206
0.0093,-0.008,-0.021920329143894392,-0.00041943540157486116,0.0001907487574959476
0.0094,-0.008,-0.02247299536129522,-0.00026593519873635015,0.00046395986847341244
0.0095,-0.008,-0.023168731771522868,-0.00014928388185909416,0.0006668259341774889
0.0096,-0.008,-0.02582014360004993,-8.413880440486746e-05,0.0007611526495328361
0.0097,-0.008,-0.027605617542175234,-3.3616096157637664e-05,0.000721520541270227
0.0098,-0.008,-0.028593568870438117,-9.2270751971324e-06,0.0005872176370624044
0.0099,-0.008,-0.02825410848682506,-1.9014337126046932e-05,0.00038035274712898117
0.01,-0.008,-0.025500005264816356,0.0,0.0
0.0,-0.0079,0.09500378291114012,0.0,0.0
0.0001,-0.0079,0.09448060618939595,-7.042347400461556e-05,0.0006153284277863715
0.0002,-0.0079,0.09291553670683589,-0.00018904742089628234,0.0011911315188479835
0.0003,-0.0079,0.0923808060069852,-0.0004014959332416591,0.0017765387355028854
0.0004,-0.0079,0.09059279345455322,-0.0006769964499728206,0.0022948443012436076
0.0005,-0.0079,0.0889554414936893,-0.0009937994906219728,0.0028122255973425966
0.0006,-0.0079,0.08847050022354976,-0.0013727409108099256,0.0032869582700572235
0.0007,-0.0079,0.08724802436821341,-0.0017937697280297244,0.0037314416544217107
0.0008,-0.0079,0.08661161186196961,-0.0022134635303987737,0.004146823264635521
0.0009,-0.0079,0.08549285537654769,-0.0027200169051539453,0.004591172736167018
0.001,-0.0079,0.08458361411244081,-0.003217276588463595,0.004904946298929843
0.0011,-0.0079,0.0837689048728142,-0.003761443549912654,0.0053586501794540085
0.0012,-0.0079,0.08245061595833321,-0.004303443042473064,0.005675733719684036
0.0013000000000000002,-0.0079,0.08084147621455619,-0.0048477336904491405,0.005940258808200231
0.0014,-0.0079,0.0793698767423873,-0.005518664257985852,0.0062117490506197765
0.0015,-0.0079,0.07755632996396009,-0.006165274601562303,0.006587349419883007
0.0016,-0.0079,0.07546319367589233,-0.006790910813960696,0.006845296172441922
0.0017,-0.0079,0.07334582544517708,-0.007431633406230143,0.007182588850598523
0.0018,-0.0079,0.07096585402512551,-0.008097748764426966,0.00735839936966102
0.0019,-0.0079,0.06849689589259654,-0.00876830413845906,0.007526875082288558
0.002,-0.0079,0.06432327647528018,-0.009390242177735007,0.007698497416847277
0.0021,-0.0079,0.060965043112239985,-0.010102906165144082,0.00794180535558501
0.0022,-0.0079,0.057491855443654497,-0.010870529740029706,0.008064036658984353
0.0023,-0.0079,0.05482533483153483,-0.011484411897940777,0.00818316630070364
0.0024,-0.0079,0.05219564526541524,-0.01217726569586117,0.008298416502086665
0.0025,-0.0079,0.04791746152101023,-0.012940996863792601,0.008363401616628198
0.0026000000000000003,-0.0079,0.04292108367905022,-0.01363200330152689,0.008429702180215368
0.0027,-0.0079,0.03722687636007939,-0.014343901987129249,0.008414452003027593
0.0028,-0.0079,0.03218986270908775,-0.015046475334404178,0.008429622356696065
0.0029,-0.0079,0.02823648910594528,-0.015707671361652947,0.008369527676382946
0.003,-0.0079,0.022509692293743742,-0.016349487949087086,0.008329205833602193
0.0031,-0.0079,0.017301190823293663,-0.016997432815896944,0.00822540819108317
0.0032,-0.0079,0.013044887029560826,-0.017672179205956113,0.00809004739543638
0.0033000000000000004,-0.0079,0.007318192301782558,-0.01829438115003504,0.007930119822250748
0.0034,-0.0079,0.0013084926672931986,-0.0188203196120081,0.00759796054751994
0.0034999999999999996,-0.0079,-0.004880755009890752,-0.01970278048131594,0.007413689671636723
0.0036,-0.0079,-0.008670170205185233,-0.020225526086685864,0.00703839003865258
0.0037,-0.0079,-0.014033722870122847,-0.020844843161189702,0.00692634597965887
0.0038,-0.0079,-0.01737774489083305,-0.02120539976746447,0.006542471040462536
0.0039,-0.0079,-0.024778900329248357,-0.021685894225425446,0.006096214073033947
0.004,-0.0079,-0.028076616302772,-0.022194771703514006,0.005582012165160659
0.0041,-0.0079,-0.033618322153458065,-0.022487138214796573,0.005084591593631423
0.0042,-0.0079,-0.038458265598643335,-0.02317273981836442,0.004601108263894024
0.0043,-0.0079,-0.04171559427080731,-0.023571408022913645,0.004012854111096325
0.0044,-0.0079,-0.0445044886080479,-0.0237909855522329,0.00360088947482126
0.0045,-0.0079,-0.038661616452066026,-0.02445108161986122,0.003035699980217783
0.0046,-0.0079,-0.046675799756273166,-0.024736595660582558,0.0025241495657380097
0.0047,-0.0079,-0.049340026846167985,-0.02469528610068995,0.0020783532611208465
0.0048,-0.0079,-0.05124158045535443,-0.02481924994655433,0.001362574981454571
0.0049,-0.0079,-0.053103904607549116,-0.02471123899670915,0.0004853393589304804
0.005,-0.0079,-0.06472086656116556,-0.02489085394710417,-0.00020678659976525917
0.0051,-0.0079,-0.06327448059765406,-0.024716772837344803,-0.0008483635326754813
0.005200000000000001,-0.0079,-0.05967957514639495,-0.024862009437106244,-0.001520776600341839
0.0053,-0.0079,-0.04779576478183508,-0.025748424558430218,-0.002070390137210474
0.0054,-0.0079,-0.07076831406256517,-0.025105585219060457,-0.0025470126944226908
0.0055,-0.0079,-0.05301131621709123,-0.025148807554946584,-0.0033097479749907184
0.0056,-0.0079,-0.04600167298372806,-0.024601955974301277,-0.005037111016070379
0.005700000000000001,-0.0079,-0.04280066643181086,-0.024611130668440596,-0.005720314185703495
0.0058,-0.0079,-0.05163743579822196,-0.025192652015206887,-0.005752858732833395
0.0059,-0.0079,-0.04146703660381163,-0.02446609125713775,-0.006269775386637347
0.006,-0.0079,-0.048225151050569105,-0.02385044094338681,-0.006861365984996837
0.0061,-0.0079,-0.03664922883791498,-0.02347137566666864,-0.007534911288862054
0.0062,-0.0079,-0.038009922484408605,-0.023130225879156523,-0.008073024988848645
0.0063,-0.0079,-0.028355926974766677,-0.02259801502700065,-0.008591656278983766
0.0064,-0.0079,-0.0283332468719021,-0.022174134403531272,-0.009116042883603953
0.006499999999999999,-0.0079,-0.027917481336928153,-0.02132010613193679,-0.009529540541572977
0.006600000000000001,-0.0079,-0.026660827401000297,-0.021040627001439247,-0.009878246303193536
0.0067,-0.0079,-0.018561477216900938,-0.020225557450864348,-0.010223334707487097
0.0068,-0.0079,-0.01712132513713581,-0.019204789770746685,-0.010559935554134502
0.0069,-0.0079,-0.014097114960109612,-0.018535105741441307,-0.01065044488406357
0.006999999999999999,-0.0079,-0.00990465191081736,-0.01774540973852573,-0.010912619703301867
0.007100000000000001,-0.0079,-0.008078829319555534,-0.016969288010251955,-0.01092656847282674
0.0072,-0.0079,-0.007080317309832047,-0.016003101992654197,-0.010943695511902773
0.0073,-0.0079,-0.005499373294421037,-0.015222588892771106,-0.01095939649842123
0.0074,-0.0079,-0.005071579693855186,-0.014270513540791206,-0.010653320922575406
0.0075,-0.0079,-0.0035756000469603024,-0.013173883018971589,-0.010395128989524029
0.0076,-0.0079,-0.0012253977349721962,-0.012216438355281549,-0.010060639839111802
0.0077,-0.0079,-0.0028273715351558914,-0.01119116197769137,-0.009793412883930786
0.0078,-0.0079,-0.0031382336372820837,-0.010291733026440477,-0.009287397627627047
0.0079,-0.0079,-0.0036417545336483344,-0.00924965771884486,-0.008794494829957018
0.008,-0.0079,-0.003993012516624678,-0.008292044103053923,-0.008076554894379358
0.0081,-0.0079,-0.004693627128762963,-0.007340865758254764,-0.007489146188479037
0.0082,-0.0079,-0.006375103590846148,-0.006522945640166135,-0.006932367395785838
0.0083,-0.0079,-0.008121615416932253,-0.005699704782474018,-0.006267685571661408
0.0084,-0.0079,-0.009774254295190367,-0.004831069382173263,-0.005315910369225196
0.0085,-0.0079,-0.011396573241363454,-0.004084101451795103,-0.004743076187456861
0.0086,-0.0079,-0.013572869986318088,-0.0034926907565275903,-0.00408794879908558
0.0087,-0.0079,-0.015041491992620613,-0.0028491068663587357,-0.0033654599552217232
0.0088,-0.0079,-0.01710566362116937,-0.0022947935727883014,-0.002662870126209104
0.0089,-0.0079,-0.018899188393920276,-0.0018160177093675804,-0.002017328528816676
0.009,-0.0079,-0.020704572310575913,-0.0014050379660406332,-0.0014275403976674785
0.0091,-0.0079,-0.022063899638735316,-0.001052977341069787,-0.0008734954881192387
0.0092,-0.0079,-0.023981673542847522,-0.0007548802233732277,-0.0004026192489073103
0.0093,-0.0079,-0.024576814866511865,-0.0005390715873864399,9.183355712131127e-06
0.0094,-0.0079,-0.02554834889262564,-0.00034091158083671786,0.00032253370266527515
0.0095,-0.0079,-0.027624558579278775,-0.00020432968774815503,0.0005425945029124026
0.0096,-0.0079,-0.029577674840022605,-0.00010720769189880167,0.0006346413411515071
0.0097,-0.0079,-0.026756390515540802,-3.481089687088303e-05,0.0006448867270320049
0.0098,-0.0079,-0.02697733476632329,-4.160290877350958e-05,0.0005241461626795103
0.0099,-0.0079,-0.029461970730096206,-2.8589197752387606e-05,0.0003089520933417864
0.01,-0.0079,-0.028780312724257347,0.0,0.0
0.0,-0.0078,0.09467952213397778,0.0,0.0
0.0001,-0.0078,0.09402651833104575,-7.372393278493008e-05,0.0006986151491227364
0.0002,-0.0078,0.09253712697661513,-0.00022021397438225137,0.001383554186814668
0.0003,-0.0078,0.09144506910730629,-0.00042833247695867234,0.002008048185441724
0.0004,-0.0078,0.08935982159124264,-0.0007100838914431516,0.002593240061044994
0.0005,-0.0078,0.08889532847653575,-0.0010614192720399711,0.003161189813353043
0.0006,-0.0078,0.08726932833499569,-0.0014474751542441085,0.0036923091196294877
0.0007,-0.0078,0.08665409105793204,-0.0019028479531716818,0.004185990997658083
0.0008,-0.0078,0.08537813460344404,-0.0023465520880368673,0.004636057999228518
0.0009,-0.0078,0.08431434166268233,-0.0028775505381970247,0.005063515090618954
0.001,-0.0078,0.08305065893172532,-0.003353628793120245,0.0054775462779515435
0.0011,-0.0078,0.08225108922447162,-0.0039046361815596497,0.00583389464112561
0.0012,-0.0078,0.08063615640438002,-0.004581468849397862,0.00623852606594481
0.0013000000000000002,-0.0078,0.0789515430053971,-0.005207097006019975,0.006570834440165438
0.0014,-0.0078,0.07755307009919742,-0.005807629753649681,0.00674904213676916
0.0015,-0.0078,0.07538783337811714,-0.006466870796609803,0.007132445180981813
0.0016,-0.0078,0.07346641547431554,-0.00698525593748085,0.007475502894219945
0.0017,-0.0078,0.0709722316872278,-0.007704144562685361,0.007829863056809487
0.0018,-0.0078,0.0688227114911977,-0.008438604101219997,0.00791878298045732
0.0019,-0.0078,0.06554382506863309,-0.009115928999337601,0.008229735361702014
0.002,-0.0078,0.06219318955827386,-0.009804043342027953,0.008407921152879498
0.0021,-0.0078,0.05884782070673828,-0.01052949292341946,0.008639494994912194
0.0022,-0.0078,0.054657842015835595,-0.011247499785380425,0.008741273217856185
0.0023,-0.0078,0.05055770923547264,-0.012012847483688057,0.008904821306474102
0.0024,-0.0078,0.04547766919413102,-0.012698809342780563,0.008974071153919632
0.0025,-0.0078,0.042052524784606485,-0.013432287157128962,0.00907475346567119
0.0026000000000000003,-0.0078,0.03750318316490158,-0.014202725159062535,0.00912982793694373
0.0027,-0.0078,0.029197560838302158,-0.014831031429227124,0.009177092555013316
0.0028,-0.0078,0.02486627430444402,-0.015502207325009105,0.009190353749268245
0.0029,-0.0078,0.019717993810288867,-0.01626715327094153,0.009040172567967594
0.003,-0.0078,0.014559650836500569,-0.01704464484448856,0.0089142939277558
0.0031,-0.0078,0.009164539166365246,-0.017626851810522332,0.008796958305423073
0.0032,-0.0078,0.0033647235820897835,-0.018291435597180782,0.008712769980266908
0.0033000000000000004,-0.0078,-0.002629893446050166,-0.01905316195348043,0.008517788497313631
0.0034,-0.0078,-0.009425503380070642,-0.01955138898149832,0.008357211120552021
0.0034999999999999996,-0.0078,-0.013992680265166764,-0.02019552445440542,0.007994357796544069
0.0036,-0.0078,-0.020155489189083556,-0.0208822857434656,0.00779539923873209
0.0037,-0.0078,-0.02645148592870401,-0.021521093462524173,0.007390849508363959
0.0038,-0.0078,-0.03151578890483004,-0.022033161311938717,0.006998284682132551
0.0039,-0.0078,-0.03709355580318389,-0.022429218241361792,0.006594173172503015
0.004,-0.0078,-0.04205484421261893,-0.02303780336715275,0.0060439743211826704
0.0041,-0.0078,-0.04505877458018236,-0.02347611487223429,0.00553341552896951
0.0042,-0.0078,-0.05370709661632349,-0.023976666514232976,0.005069709966213137
0.0043,-0.0078,-0.056288421323310786,-0.024349664894906767,0.004580085176851704
0.0044,-0.0078,-0.061276596940071947,-0.024945346951416383,0.004045262652879362
0.0045,-0.0078,-0.06267717274366495,-0.025197672875091878,0.0034608879061157408
0.0046,-0.0078,-0.06235361629904116,-0.02541183322779819,0.0028389440147040656
0.0047,-0.0078,-0.06356515955241598,-0.02564310849015963,0.0020534208410058897
0.0048,-0.0078,-0.06586245205760727,-0.02582809686964438,0.0012358832582450414
0.0049,-0.0078,-0.06774347543430054,-0.02570161900584147,0.0005386103111366297
0.005,-0.0078,-0.07028347564922785,-0.025843601954755813,-0.00034787239156439847
0.0051,-0.0078,-0.06653411048081846,-0.02670935633719303,-0.0007104619021754998
0.005200000000000001,-0.0078,-0.06602335704521717,-0.02620033049943299,-0.0013308867977445214
0.0053,-0.0078,-0.061641870633038755,-0.025834250148010687,-0.0018739026101290666
0.0054,-0.0078,-0.08895514150593627,-0.024478231597613132,-0.002826898715360802
0.0055,-0.0078,-0.0859406145783646,-0.025010790845555925,-0.004062769703701069
0.0056,-0.0078,-0.07016643249685181,-0.025737436464494036,-0.004289133581829955
0.005700000000000001,-0.0078,-0.0688642404758571,-0.025985760448575812,-0.004692319963920011
0.0058,-0.0078,-0.05831959266319069,-0.025486137204353266,-0.005552460905069667
0.0059,-0.0078,-0.05730053346497424,-0.025027713202234188,-0.006686192554266859
0.006,-0.0078,-0.0708308490426904,-0.024954286656621073,-0.007790708619960664
0.0061,-0.0078,-0.04644557859805618,-0.024920732120987246,-0.007930471382954945
0.0062,-0.0078,-0.05398979007713023,-0.024376198278690857,-0.00823488958854258
0.0063,-0.0078,-0.06007943881312448,-0.023860582055128934,-0.009033427699443451
0.0064,-0.0078,-0.048253137983090506,-0.023374088096661628,-0.009651094252892845
0.006499999999999999,-0.0078,-0.042613003948863235,-0.02275771600420485,-0.010201895008834769
0.006600000000000001,-0.0078,-0.03973477853440439,-0.02207972907926412,-0.010580311999333698
0.0067,-0.0078,-0.031213882914138975,-0.021505944384731742,-0.010957948693829978
0.0068,-0.0078,-0.027767571330225973,-0.020544833920117325,-0.011287324271760157
0.0069,-0.0078,-0.022668696495243924,-0.019968868216494448,-0.011516693056993122
0.006999999999999999,-0.0078,-0.020175121172265845,-0.019023464338092204,-0.011711167076084248
0.007100000000000001,-0.0078,-0.017453785093873814,-0.018126924811865907,-0.011715948678381091
0.0072,-0.0078,-0.014304373068183196,-0.017300056533872978,-0.01186364584387039
0.0073,-0.0078,-0.015012310783013056,-0.01647459408917513,-0.01175111920234458
0.0074,-0.0078,-0.012575827965455083,-0.015339257298640212,-0.011675856617638938
0.0075,-0.0078,-0.010508254572507064,-0.014232613924082814,-0.011376235281824949
0.0076,-0.0078,-0.00904111499675128,-0.013252562318573864,-0.01126551168459323
0.0077,-0.0078,-0.009534751614349347,-0.012214767094202147,-0.010765125548416563
0.0078,-0.0078,-0.007273392696439868,-0.011210110031782058,-0.010276044633527931
0.0079,-0.0078,-0.007013362913897857,-0.01027521463383663,-0.009783272813413403
0.008,-0.0078,-0.00820471301094629,-0.0091781560522342,-0.009170353940750749
0.0081,-0.0078,-0.0092703154826596,-0.008319958971790824,-0.008544910963690864
0.0082,-0.0078,-0.009664096606665205,-0.0072485254248070745,-0.007782975098791618
0.0083,-0.0078,-0.011006956622204992,-0.0064024911437011445,-0.007211968181302018
0.0084,-0.0078,-0.012940092881740913,-0.005551584341295108,-0.006284773119113126
0.0085,-0.0078,-0.014517228310179962,-0.004764624591419633,-0.0055851109692488556
0.0086,-0.0078,-0.016455652074274324,-0.00391891978261904,-0.004715922243922432
0.0087,-0.0078,-0.01823869345172065,-0.0033282842884788744,-0.003995907202906081
0.0088,-0.0078,-0.019945089728762983,-0.0026555400139884884,-0.003181253941441067
0.0089,-0.0078,-0.021620532400425895,-0.0021106538527047593,-0.00250496625578854
0.009,-0.0078,-0.023758038444137024,-0.001651992422493022,-0.0018473813281912603
0.0091,-0.0078,-0.025229993597602838,-0.0012498327931647656,-0.0012190868914778632
0.0092,-0.0078,-0.02661570794256553,-0.0009196326528023238,-0.0006890265250216256
0.0093,-0.0078,-0.028410843175582796,-0.000636874300887534,-0.00022441748849952672
0.0094,-0.0078,-0.029298219866812195,-0.00042537045109362437,0.00014640837133537976
0.0095,-0.0078,-0.030420256284129952,-0.0002663587768945268,0.0004109178163761256
0.0096,-0.0078,-0.02977747031993716,-0.00014014739512661816,0.0005735429131341851
0.0097,-0.0078,-0.027955575191059304,-9.906591682881851e-05,0.0006413635865103056
0.0098,-0.0078,-0.02778330201176062,-3.949569706228296e-05,0.0006002028767137051
0.0099,-0.0078,-0.028334886212360008,1.7052299327724576e-05,0.000373984086284205
0.01,-0.0078,-0.030993956572802156,0.0,0.0
0.0,-0.0077,0.09314503631886603,0.0,0.0
0.0001,-0.0077,0.09275847187873326,-7.862195441249204e-05,0.0008178511398526169
0.0002,-0.0077,0.09089720752052516,-0.00022852558912995468,0.001577889951176979
0.0003,-0.0077,0.08970848383065745,-0.00045676961665523403,0.0022636725889430115
0.0004,-0.0077,0.08877936812127693,-0.0007579966198495369,0.0029345380125331824
0.0005,-0.0077,0.08712655892051412,-0.0011205792712194417,0.0035387561371747326
0.0006,-0.0077,0.08606629650396037,-0.0015392690159002815,0.004123170409926144
0.0007,-0.0077,0.0845313298254694,-0.002005664854258843,0.0046505458440233155
0.0008,-0.0077,0.08386599973286613,-0.002500949154776075,0.005145499520518499
0.0009,-0.0077,0.08307197906345719,-0.0029977858580044698,0.005597859148187211
0.001,-0.0077,0.08139611902721214,-0.0035557233029488767,0.006021430695541306
0.0011,-0.0077,0.08016753672769394,-0.004146358961123094,0.006547559925919647
0.0012,-0.0077,0.0789137471542592,-0.004726040785155285,0.006763640804360299
0.0013000000000000002,-0.0077,0.07703675450362958,-0.0053731819082691,0.007234311732013903
0.0014,-0.0077,0.07499059864151691,-0.006079732493845757,0.0076631691592569
0.0015,-0.0077,0.07297627571068231,-0.006692155338140804,0.007757198911751995
0.0016,-0.0077,0.07085783535129817,-0.007370268755044599,0.008144272101199907
0.0017,-0.0077,0.06816062716152554,-0.008128643095633012,0.008464023088786125
0.0018,-0.0077,0.06373738219706637,-0.008813778792306265,0.008572555115225597
0.0019,-0.0077,0.061164698710144634,-0.00943270111270974,0.008852442794049833
0.002,-0.0077,0.05853270263514184,-0.010251945438597043,0.009116773099871472
0.0021,-0.0077,0.05383235076625623,-0.010931522698564523,0.009300723537814146
0.0022,-0.0077,0.04849297254019313,-0.011689215562622285,0.00945581469206587
0.0023,-0.0077,0.0447865508748366,-0.012442494750005416,0.009623365561021759
0.0024,-0.0077,0.03939227907819703,-0.013121521891855947,0.009775739313139494
0.0025,-0.0077,0.034528830595008046,-0.013921858305422514,0.00977357147903734
0.0026000000000000003,-0.0077,0.028164295777146853,-0.014606137942964774,0.009929072072544017
0.0027,-0.0077,0.024871217502674885,-0.015322250467091956,0.009870721615358511
0.0028,-0.0077,0.01642133987841073,-0.016119033595110323,0.009812756889107335
0.0029,-0.0077,0.012378034376603115,-0.016891725897259374,0.009819363630964884
0.003,-0.0077,0.005251914502171557,-0.017560325860310918,0.009644914256479068
0.0031,-0.0077,-0.0005361911452284507,-0.01827653304797565,0.009561288087122703
0.0032,-0.0077,-0.006854271366347594,-0.018751499211019915,0.009346416602982079
0.0033000000000000004,-0.0077,-0.012463562002602518,-0.019550053646891708,0.009211837881286955
0.0034,-0.0077,-0.018773065534041438,-0.020317314349929685,0.00888178559515973
0.0034999999999999996,-0.0077,-0.02662223058597538,-0.020897009124806944,0.008651309989237722
0.0036,-0.0077,-0.032891854687284186,-0.021515323788304227,0.008316424014927486
0.0037,-0.0077,-0.036671947520591316,-0.022097050025628694,0.007956487788051364
0.0038,-0.0077,-0.043460316229074196,-0.022702571439372536,0.007553962998621849
0.0039,-0.0077,-0.050867157221042764,-0.02307472782061597,0.007062062827449024
0.004,-0.0077,-0.058066159747156225,-0.023757472938785395,0.006619708154718667
0.0041,-0.0077,-0.060789955932081016,-0.024360344837747367,0.0061122000618254015
0.0042,-0.0077,-0.06369752421507649,-0.024822654262273786,0.00554126575520873
0.0043,-0.0077,-0.07134510715110333,-0.025169765823793273,0.004989739637285662
0.0044,-0.0077,-0.07214997732538196,-0.02564116203983883,0.0043229938373754665
0.0045,-0.0077,-0.07922329488469275,-0.025773469682962336,0.0038044520348227413
0.0046,-0.0077,-0.08307388246276418,-0.02627949088212489,0.003101353605090654
0.0047,-0.0077,-0.07836816362108921,-0.02647516202525373,0.0023838604068283174
0.0048,-0.0077,-0.091820548575179,-0.02692671910474553,0.0016064153364838346
0.0049,-0.0077,-0.09187215292554356,-0.02725843077752467,0.0008250701575211304
0.005,-0.0077,-0.09240023876075346,-0.027534549977293533,7.890426996942568e-05
0.0051,-0.0077,-0.09056048529770182,-0.02794396378704635,-0.000770093002000901
0.005200000000000001,-0.0077,-0.07509096180715842,-0.026988576270124843,-0.0016683094131899865
0.0053,-0.0077,-0.09083234954142967,-0.027530055495814876,-0.002490779106657495
0.0054,-0.0077,-0.09360804016002865,-0.0275928411999309,-0.003222328023332834
0.0055,-0.0077,-0.08440711020308068,-0.027119481993272465,-0.003655590154282293
0.0056,-0.0077,-0.07228588696576253,-0.026961167553617965,-0.004215282162760745
0.005700000000000001,-0.0077,-0.08611912152769044,-0.026445454601381636,-0.0047451090798411675
0.0058,-0.0077,-0.08900582989094656,-0.026480078819391562,-0.0060188328744040145
0.0059,-0.0077,-0.08160239043524575,-0.026047736764692353,-0.0071358146647082735
0.006,-0.0077,-0.07727567682469731,-0.026492825578349012,-0.007330672336634723
0.0061,-0.0077,-0.06784924587568422,-0.025884025061713112,-0.007569570425987571
0.0062,-0.0077,-0.0902643019227655,-0.025255535777671673,-0.008892986511357842
0.0063,-0.0077,-0.06634593208939901,-0.02513228759911401,-0.009764052860389956
0.0064,-0.0077,-0.047302912415640955,-0.024610878449588904,-0.010331182777640014
0.006499999999999999,-0.0077,-0.05272069744305974,-0.02407095866251356,-0.010809076776953981
0.006600000000000001,-0.0077,-0.06269782931858706,-0.023275454799102292,-0.011271475952964197
0.0067,-0.0077,-0.04991305463678149,-0.02260009959077946,-0.011669632673471337
0.0068,-0.0077,-0.03761406082789105,-0.02188192470179362,-0.0120695495170086
0.0069,-0.0077,-0.03482670542585167,-0.02086052076650352,-0.012297064698286866
0.006999999999999999,-0.0077,-0.035207256953660386,-0.020195706496813876,-0.012583809565303715
0.007100000000000001,-0.0077,-0.029857182289874565,-0.019483232144485815,-0.01273125759595312
0.0072,-0.0077,-0.02493426444976163,-0.01837240482345264,-0.012740815573011084
0.0073,-0.0077,-0.024073546448565464,-0.017544569172549984,-0.01286221459096773
0.0074,-0.0077,-0.0202604736298277,-0.016447913092454903,-0.012707846215531999
0.0075,-0.0077,-0.019464180365059633,-0.01555526449518415,-0.012567602236848639
0.0076,-0.0077,-0.01640417752966477,-0.014304907096067663,-0.012151873812780807
0.0077,-0.0077,-0.014908199750894852,-0.013329963087825426,-0.011826281655580752
0.0078,-0.0077,-0.014554037963567272,-0.012241815515055276,-0.011410113340021955
0.0079,-0.0077,-0.014343635333987893,-0.011153992914472137,-0.010894999071976637
0.008,-0.0077,-0.01365621251169824,-0.010206412178725893,-0.010316491610334842
0.0081,-0.0077,-0.013543206908003685,-0.008957699201839479,-0.009491425530445283
0.0082,-0.0077,-0.014603976881078198,-0.008075641610614887,-0.008683968414238711
0.0083,-0.0077,-0.01541066688670759,-0.007203033961464907,-0.007865038386035538
0.0084,-0.0077,-0.016229987525850923,-0.006152439814187581,-0.007255484350016023
0.0085,-0.0077,-0.017693789194739597,-0.00541328335181622,-0.006308788029637452
0.0086,-0.0077,-0.019266032840879563,-0.004394236676119853,-0.005540747556347103
0.0087,-0.0077,-0.021249048732410403,-0.003664765010812899,-0.004680961585809026
0.0088,-0.0077,-0.023330395584737543,-0.003014285155554304,-0.0037573491897333576
0.0089,-0.0077,-0.024918404865252684,-0.0024436322487193466,-0.0030572747329023226
0.009,-0.0077,-0.026654643627114585,-0.0018951435453954221,-0.002288841300140771
0.0091,-0.0077,-0.028282270220094472,-0.0014550192825729278,-0.001605925592027625
0.0092,-0.0077,-0.029815931751890182,-0.001073755560018231,-0.0009994226081219211
0.0093,-0.0077,-0.031570071436760695,-0.0007659426574447407,-0.0004857362898496608
0.0094,-0.0077,-0.03272641565788509,-0.0005148874765685692,-4.962128011165969e-05
0.0095,-0.0077,-0.03407807569768288,-0.0003310402974367755,0.00027373929402346335
0.0096,-0.0077,-0.03305850491620262,-0.0001890934289988684,0.000504469104916816
0.0097,-0.0077,-0.03634495880018657,-0.00011471818633170853,0.0005997973697171899
0.0098,-0.0077,-0.04212750077778783,-5.2642400771552936e-05,0.0005548723438386371
0.0099,-0.0077,-0.03664167134344831,-4.602951999799359e-06,0.0003950059360453135
0.01,-0.0077,-0.03089488211339821,0.0,0.0
0.0,-0.0076,0.09231647531869104,0.0,0.0
0.0001,-0.0076,0.09153077376916836,-8.224721424818709e-05,0.0008988305973957108
0.0002,-0.0076,0.09002871633305107,-0.0002448001841842195,0.0017638953127636814
0.0003,-0.0076,0.08768797017353873,-0.00048081763214062644,0.002556304602473348
0.0004,-0.0076,0.08668571534684061,-0.000801210416359266,0.0032750290733522184
0.0005,-0.0076,0.08555625410158,-0.0011753183649877888,0.003943954902786705
0.0006,-0.0076,0.08435371600371706,-0.001609948754546506,0.004560234730775948
0.0007,-0.0076,0.082723379430067,-0.002090653464020585,0.005148034498502121
0.0008,-0.0076,0.08135204195082588,-0.0026092554919305145,0.00568645664535292
0.0009,-0.0076,0.08063970597610534,-0.0031615574995772487,0.006106797850588582
0.001,-0.0076,0.07932107754480089,-0.0037366268643607144,0.00656747140765385
0.0011,-0.0076,0.07759548508269992,-0.004352368351274139,0.007006987535853673
0.0012,-0.0076,0.07649991606248344,-0.004967153625661903,0.00745335642731288
0.0013000000000000002,-0.0076,0.0744170888914507,-0.005640778419734419,0.007774016878629244
0.0014,-0.0076,0.07202692861522106,-0.006299966685399955,0.008253227143556446
0.0015,-0.0076,0.06953973330732238,-0.006940009949959497,0.008533257655763606
0.0016,-0.0076,0.06744618712705239,-0.007707008140339091,0.008881715093632983
0.0017,-0.0076,0.06382024963525845,-0.008376539101758033,0.009191714748810507
0.0018,-0.0076,0.061195796596650726,-0.009110725663500447,0.00939425039339281
0.0019,-0.0076,0.056606415935233134,-0.00981463404280053,0.009657944315222424
0.002,-0.0076,0.05419207025139321,-0.010603424343121493,0.009872020117533268
0.0021,-0.0076,0.049141074316371346,-0.011334658120621899,0.010035887005273417
0.0022,-0.0076,0.043468831657381406,-0.012087261016502428,0.01019761500488328
0.0023,-0.0076,0.037771593172537386,-0.012797557545651927,0.01034102824519304
0.0024,-0.0076,0.035075961897476984,-0.01359818719256907,0.01045984466493596
0.0025,-0.0076,0.02922110424097618,-0.01431579140880423,0.010535160255244015
0.0026000000000000003,-0.0076,0.02149360010344512,-0.015068790454235793,0.01059030621355858
0.0027,-0.0076,0.015924323797443844,-0.015765411201314618,0.010611675063896129
0.0028,-0.0076,0.009064743237022386,-0.016603590909157105,0.010543994866359067
0.0029,-0.0076,0.0014215232284227873,-0.017226269068441494,0.010587727175462242
0.003,-0.0076,-0.003527447152504212,-0.018062236643823122,0.010402301104054979
0.0031,-0.0076,-0.010195044929903503,-0.01879848351515688,0.010233446051529897
0.0032,-0.0076,-0.017519269225418778,-0.019437043373542295,0.010099227334084394
0.0033000000000000004,-0.0076,-0.02537430164269328,-0.02020246201993574,0.009777766171814091
0.0034,-0.0076,-0.031001700679568932,-0.02081801321065415,0.009599945741148839
0.0034999999999999996,-0.0076,-0.03864791661469756,-0.02146999349553126,0.009301090334243154
0.0036,-0.0076,-0.04708483140270042,-0.022048140625846875,0.008954450852141261
0.0037,-0.0076,-0.05222568944521784,-0.022613645727810307,0.008505476285329019
0.0038,-0.0076,-0.06167508268607815,-0.02332452713074968,0.008129208565415469
0.0039,-0.0076,-0.06730214892928502,-0.023794584134803773,0.007616452717971104
0.004,-0.0076,-0.07095042011818929,-0.024490430432386374,0.0071199613733159
0.0041,-0.0076,-0.07585335586162177,-0.024884948738115954,0.0065678095527887705
0.0042,-0.0076,-0.08369078172188413,-0.025298884049872374,0.0060221259096331975
0.0043,-0.0076,-0.08829410254554704,-0.026077450014466798,0.0055074136835606335
0.0044,-0.0076,-0.09083925168672127,-0.026563364830569303,0.004728501477790062
0.0045,-0.0076,-0.09444930393004757,-0.026749931872003165,0.004089047860162261
0.0046,-0.0076,-0.10396375340528034,-0.027091648271833992,0.003365601844937427
0.0047,-0.0076,-0.10987365533461324,-0.027362822330742276,0.0026698379412899154
0.0048,-0.0076,-0.10744407355821618,-0.027791750216022662,0.0018962700655313113
0.0049,-0.0076,-0.10652361844304518,-0.027787106415422383,0.001152932302386944
0.005,-0.0076,-0.11632761769734459,-0.0281490542377009,0.0003720011360198913
0.0051,-0.0076,-0.11883498248902272,-0.02847590908421226,-0.0004520759306393627
0.005200000000000001,-0.0076,-0.11213700721976418,-0.02881647352062136,-0.0013588110629514057
0.0053,-0.0076,-0.12740269641750554,-0.02847606319291082,-0.0022422170845906165
0.0054,-0.0076,-0.1211938889841089,-0.029092626101619858,-0.0032392901441428163
0.0055,-0.0076,-0.10740750257880094,-0.02934707490439155,-0.0038435994864248046
0.0056,-0.0076,-0.0870317127631318,-0.028643710315474746,-0.004931494703104858
0.005700000000000001,-0.0076,-0.12064337201306313,-0.027699675850506984,-0.005783410375616526
0.0058,-0.0076,-0.10769790090356136,-0.028392174928261873,-0.006227776457326705
0.0059,-0.0076,-0.08819757916737875,-0.028171599168218556,-0.006243697506767825
0.006,-0.0076,-0.09656818931418115,-0.027392657450955107,-0.007804101208072168
0.0061,-0.0076,-0.10428366731204515,-0.027017251672010512,-0.008556163199961695
0.0062,-0.0076,-0.09376459731720917,-0.026755120608381235,-0.009717642429145402
0.0063,-0.0076,-0.08128660776115093,-0.026363585523941427,-0.01005960301701486
0.0064,-0.0076,-0.07156650097668472,-0.025858938495278372,-0.010674512518599482
0.006499999999999999,-0.0076,-0.06770543786278192,-0.025234449697150038,-0.011517499675033325
0.006600000000000001,-0.0076,-0.06682609531669888,-0.024529001714093834,-0.012088341857394963
0.0067,-0.0076,-0.05974017022883153,-0.023870704412142105,-0.012263071507137215
0.0068,-0.0076,-0.05402487054691904,-0.022908646953882922,-0.012783638444041396
0.0069,-0.0076,-0.05335740917979796,-0.02233870073689194,-0.013216020096086106
0.006999999999999999,-0.0076,-0.04518506681402717,-0.021433679774006214,-0.013527419634451332
0.007100000000000001,-0.0076,-0.04418203130787756,-0.020672859483115636,-0.013536148023624808
0.0072,-0.0076,-0.03757106083495538,-0.019712749078054898,-0.013731777515462493
0.0073,-0.0076,-0.034981245537570135,-0.018649908236158457,-0.013689990511362158
0.0074,-0.0076,-0.03254350356051603,-0.017773023722016203,-0.013640036142342988
0.0075,-0.0076,-0.029517920586775347,-0.016405430293690345,-0.013527577853205046
0.0076,-0.0076,-0.024431898707751094,-0.015676595271526022,-0.013369278770584454
0.0077,-0.0076,-0.02313821988501408,-0.014519769254314653,-0.012901192950956448
0.0078,-0.0076,-0.020737861466619906,-0.013395020323116652,-0.012468168727500981
0.0079,-0.0076,-0.019807013440991037,-0.012105892493810663,-0.011926449897609864
0.008,-0.0076,-0.018619463776294826,-0.01111144919726908,-0.01136622997311169
0.0081,-0.0076,-0.01912396096567156,-0.009895789402636959,-0.010554171390200574
0.0082,-0.0076,-0.01792087898878585,-0.009015442298997629,-0.009946361789266217
0.0083,-0.0076,-0.019157715738522603,-0.007871949448124234,-0.009043994506669798
0.0084,-0.0076,-0.020032658085856324,-0.006848191232841443,-0.00829782243294963
0.0085,-0.0076,-0.021208905436834288,-0.005878273872513242,-0.007305594053636584
0.0086,-0.0076,-0.022663003739135476,-0.004925179969894054,-0.006418165926847262
0.0087,-0.0076,-0.024429337387208955,-0.004217374762228431,-0.005339994574534202
0.0088,-0.0076,-0.02616652493581736,-0.0034075149504695043,-0.004545750662641069
0.0089,-0.0076,-0.027935582489932036,-0.0027421638027933497,-0.003621777166447629
0.009,-0.0076,-0.030102479739460525,-0.002181174606190301,-0.0028167206555716104
0.0091,-0.0076,-0.03189082820824543,-0.0016743891688711127,-0.0020684669936576598
0.0092,-0.0076,-0.03329977304027026,-0.001247864491673801,-0.0013687681450739076
0.0093,-0.0076,-0.035107337652750675,-0.0008952302943721984,-0.0007825667111006851
0.0094,-0.0076,-0.03684119646245402,-0.0006088501157098593,-0.0002859111325875313
0.0095,-0.0076,-0.03754786109902064,-0.00038148431198102513,0.00010287777299818187
0.0096,-0.0076,-0.039992050511888214,-0.00022534787951622491,0.00036362737914111867
0.0097,-0.0076,-0.04136377710651685,-9.754275994070506e-05,0.0004613578776723561
0.0098,-0.0076,-0.04084100387146944,-3.043560213337316e-05,0.0004080659244399146
0.0099,-0.0076,-0.04401126863331842,-6.706181727428811e-06,0.00030533278101656236
0.01,-0.0076,-0.04777647113445041,0.0,0.0
0.0,-0.0075,0.08968807526566192,0.0,0.0
0.0001,-0.0075,0.08920466989537018,-8.562748515406011e-05,0.001024325441848862
0.0002,-0.0075,0.0883714667517436,-0.00025765311756623474,0.001961642254646443
0.0003,-0.0075,0.08607524407629497,-0.0005030139669190215,0.0028281812617599713
0.0004,-0.0075,0.08468909006924176,-0.0008165326616564961,0.00362972415520999
0.0005,-0.0075,0.0830956087144765,-0.0012387885616830091,0.0043569974202013265
0.0006,-0.0075,0.08158493756058255,-0.0016879593250980676,0.005041002444515789
0.0007,-0.0075,0.08091547854150713,-0.0022105542018368007,0.00564985214863079
0.0008,-0.0075,0.07947431110511849,-0.0026914160696907027,0.006189425440603476
0.0009,-0.0075,0.07795690731787688,-0.0033278936385529355,0.006740257534887356
0.001,-0.0075,0.07685648705182635,-0.003833318926168513,0.007261843862125982
0.0011,-0.0075,0.07518184781718364,-0.004499667837411066,0.007793810443124036
0.0012,-0.0075,0.0733795462482,-0.005152232386622511,0.008132721089317658
0.0013000000000000002,-0.0075,0.07120876469713572,-0.00584885384080318,0.008414238014206153
0.0014,-0.0075,0.06925205641102779,-0.006556667850869236,0.008849318626578706
0.0015,-0.0075,0.06582351772313264,-0.007216387473664657,0.009212225639393971
0.0016,-0.0075,0.06279897574753415,-0.007933214013488107,0.009541986815226687
0.0017,-0.0075,0.05946669837383653,-0.008628992619995668,0.009896594971734904
0.0018,-0.0075,0.05750970797979029,-0.009396418786033173,0.010134784038722306
0.0019,-0.0075,0.05400367147866609,-0.010166496144029218,0.010404371194301345
0.002,-0.0075,0.04809804705492547,-0.010911633397950484,0.010620267431271252
0.0021,-0.0075,0.04280341380346159,-0.011657473725815375,0.010803572150187568
0.0022,-0.0075,0.037612740979716654,-0.012445475962385273,0.010989739536395161
0.0023,-0.0075,0.03049763652247699,-0.013272710366128744,0.011135344198769732
0.0024,-0.0075,0.02515860962646576,-0.013960699443508093,0.011330316653029554
0.0025,-0.0075,0.020365212551412666,-0.014691534450300284,0.011270018196437791
0.0026000000000000003,-0.0075,0.013238080917925683,-0.015417129800009442,0.011287854652837763
0.0027,-0.0075,0.007000368014159,-0.016318683579403154,0.011373593706539925
0.0028,-0.0075,-0.0002055688100742491,-0.017040197285128646,0.011386283608357254
0.0029,-0.0075,-0.007624281616016599,-0.017659889500337003,0.011312566752799652
0.003,-0.0075,-0.015455222893885175,-0.018514809990593184,0.011102680372390185
0.0031,-0.0075,-0.023870896176148973,-0.019176485307076982,0.010963574211255551
0.0032,-0.0075,-0.03033659938423458,-0.019932010822045255,0.010804624172267227
0.0033000000000000004,-0.0075,-0.038999268304599884,-0.020673242366786283,0.010566652550087804
0.0034,-0.0075,-0.04534800005863485,-0.021349079866771925,0.01019828447716087
0.0034999999999999996,-0.0075,-0.053526320378484926,-0.02195360197213238,0.009920192619397517
0.0036,-0.0075,-0.06011428002329368,-0.022639021157231095,0.009501773831927528
0.0037,-0.0075,-0.06816139751413827,-0.02328823552484481,0.009175897772521058
0.0038,-0.0075,-0.07396481332140015,-0.023906019429717852,0.008706343739329353
0.0039,-0.0075,-0.08275671095474464,-0.02457953386834537,0.00827388952669035
0.004,-0.0075,-0.08919904752457576,-0.025238398139154117,0.007728346068722825
0.0041,-0.0075,-0.09317178513001943,-0.025753686987183368,0.007137150133512207
0.0042,-0.0075,-0.10358917981683188,-0.025957896213934895,0.0065317743398889475
0.0043,-0.0075,-0.10715276462231546,-0.026544704432565614,0.005919450324269116
0.0044,-0.0075,-0.10991037481318966,-0.027243563035438054,0.005259847232500639
0.0045,-0.0075,-0.11414205512692062,-0.027397178171174777,0.004484106247381538
0.0046,-0.0075,-0.1241883575651229,-0.02793638554910557,0.003724719563558461
0.0047,-0.0075,-0.12821116584641445,-0.028129763874332043,0.002875474163005109
0.0048,-0.0075,-0.125966281979395,-0.02833351209522432,0.0020698487652092467
0.0049,-0.0075,-0.1304188265046321,-0.028924315813974102,0.0014216972324688354
0.005,-0.0075,-0.1324771113191743,-0.029199487033607287,0.0005699022750071796
0.0051,-0.0075,-0.14585194583973643,-0.029119281198574678,-0.00011665327962508219
0.005200000000000001,-0.0075,-0.12978224974492833,-0.029354784536806025,-0.0012620969667945657
0.0053,-0.0075,-0.13374113553634998,-0.02972910710693233,-0.0023051255932024207
0.0054,-0.0075,-0.13525930439649128,-0.029711358130626805,-0.0031449442308512164
0.0055,-0.0075,-0.11853671763275934,-0.029923847915188123,-0.003929206575267893
0.0056,-0.0075,-0.11654276052975984,-0.02977599108761003,-0.0048710167780892395
0.005700000000000001,-0.0075,-0.14073936650125987,-0.029395334943944796,-0.005525711194876384
0.0058,-0.0075,-0.10526614538069157,-0.029230302452867993,-0.006622577627762931
0.0059,-0.0075,-0.11752330167489133,-0.02861582514248284,-0.007369414784355589
0.006,-0.0075,-0.11362957221545789,-0.02887923649942838,-0.008693566655596518
0.0061,-0.0075,-0.1256424841863877,-0.0287280239538696,-0.00901379245134161
0.0062,-0.0075,-0.10716928123184925,-0.028095600512647013,-0.009924516396152036
0.0063,-0.0075,-0.12356357017478042,-0.027406446520732465,-0.010262948091853337
0.0064,-0.0075,-0.10934384148535835,-0.026912600900166457,-0.01117062250080865
0.006499999999999999,-0.0075,-0.08241803377158685,-0.026604641627286825,-0.012040163440291341
0.006600000000000001,-0.0075,-0.08996976716218848,-0.025768062187950476,-0.012455649358291994
0.0067,-0.0075,-0.08441772874235492,-0.02477001295968629,-0.013129011230740333
0.0068,-0.0075,-0.07243957782624709,-0.024359781949435947,-0.013630269400836122
0.0069,-0.0075,-0.06687464229006378,-0.023602465860044122,-0.013878870729180948
0.006999999999999999,-0.0075,-0.0609247830295251,-0.022689579798536114,-0.014213162500443636
0.007100000000000001,-0.0075,-0.05695760746308829,-0.021843202138602785,-0.014509494275974782
0.0072,-0.0075,-0.052269780354167815,-0.020912270646640765,-0.014703285422008206
0.0073,-0.0075,-0.04700518642312248,-0.01981360186695826,-0.014703155222315132
0.0074,-0.0075,-0.043434018306018375,-0.018864256760366085,-0.014808124894884596
0.0075,-0.0075,-0.03863826850727328,-0.017750365738104165,-0.014671561829463534
0.0076,-0.0075,-0.03446272533613999,-0.016753550894339886,-0.014510268924286852
0.0077,-0.0075,-0.03255086003317118,-0.01541214528469796,-0.014025791042718786
0.0078,-0.0075,-0.028833778032227208,-0.014333940583965605,-0.013720966817614647
0.0079,-0.0075,-0.026919768878929943,-0.013192248018678965,-0.013053762706708945
0.008,-0.0075,-0.024581849700556338,-0.011955352627396491,-0.012542953417824987
0.0081,-0.0075,-0.024887196163540373,-0.010923238844695185,-0.011743357640137887
0.0082,-0.0075,-0.02465399242301487,-0.009797064111345268,-0.010935517823595725
0.0083,-0.0075,-0.0232348723480209,-0.008722911879805886,-0.010007862286024238
0.0084,-0.0075,-0.02516639291930328,-0.007596256850706371,-0.009197005461011171
0.0085,-0.0075,-0.02537545760178575,-0.006601327642664062,-0.008144562044453142
0.0086,-0.0075,-0.02649138773206762,-0.005668187075011733,-0.007260284861490243
0.0087,-0.0075,-0.027978774646703255,-0.0046489886861787125,-0.006245657685574187
0.0088,-0.0075,-0.029943671381728758,-0.003841990109597205,-0.005278340442789081
0.0089,-0.0075,-0.03139085936179369,-0.0031091155978279885,-0.00435672214780536
0.009,-0.0075,-0.03358841702364426,-0.002479314643185432,-0.0033920757261163372
0.0091,-0.0075,-0.035646594086609744,-0.0019026785000916585,-0.002571404833784403
0.0092,-0.0075,-0.03710440916284934,-0.0014379654493065443,-0.0017919628163808113
0.0093,-0.0075,-0.039173444913150744,-0.0010303730153360786,-0.0011211327918823316
0.0094,-0.0075,-0.04078154556575298,-0.0007009254054827128,-0.0005612020153356089
0.0095,-0.0075,-0.04222934475501353,-0.0004455082158327791,-0.00010628623830953735
0.0096,-0.0075,-0.04450743571163864,-0.00026309335471024164,0.000211518818682599
0.0097,-0.0075,-0.04250944665892788,-0.00010738706258303251,0.0003826868896820975
0.0098,-0.0075,-0.040013661516377835,-2.9805743019856268e-05,0.00042244333877228864
0.0099,-0.0075,-0.04727941734791568,-1.77375043759952e-05,0.00026726142339029713
0.01,-0.0075,-0.05279499049105844,0.0,0.0
0.0,-0.0074,0.08767766977059707,0.0,0.0
0.0001,-0.0074,0.08649452741017365,-8.859993278021429e-05,0.0011409924083331056
0.0002,-0.0074,0.0852769763893343,-0.0002622995443398083,0.0021908429383412182
0.0003,-0.0074,0.08412906882417895,-0.000520608841359575,0.003121482225169881
0.0004,-0.0074,0.08168528976445388,-0.0008553676104688763,0.003999054514510369
0.0005,-0.0074,0.08053994421648702,-0.0013058703806326513,0.004787669968171843
0.0006,-0.0074,0.07940507175725706,-0.0017188202938043956,0.005509287026615611
0.0007,-0.0074,0.07824929032664749,-0.002219239986275676,0.006144916088280345
0.0008,-0.0074,0.07661044882504703,-0.0028096709778716107,0.00679343101642935
0.0009,-0.0074,0.0754446012149252,-0.003422387922055287,0.007246502929705427
0.001,-0.0074,0.07399214998076215,-0.003989454310407337,0.007899284190343279
0.0011,-0.0074,0.07220853178367855,-0.004710589454681369,0.008395411432198232
0.0012,-0.0074,0.0700976301624354,-0.005318204667987765,0.00878829172984689
0.0013000000000000002,-0.0074,0.06772926390492828,-0.006066256249543703,0.009186642213695759
0.0014,-0.0074,0.06511982332586043,-0.006751460887192202,0.009543687977596284
0.0015,-0.0074,0.06193905270932651,-0.007435291736213025,0.009983273171073805
0.0016,-0.0074,0.05902748547875418,-0.008174819489304088,0.010363950489193302
0.0017,-0.0074,0.055620467179238985,-0.008922770646239584,0.01055831771769842
0.0018,-0.0074,0.05094204545213141,-0.009686320359130314,0.010839184447744343
0.0019,-0.0074,0.04671660572379447,-0.010388465677079137,0.011152006802263498
0.002,-0.0074,0.04267708897872777,-0.01119913600489264,0.011394395775067954
0.0021,-0.0074,0.03602866383254863,-0.011925923970050968,0.011562678218693036
0.0022,-0.0074,0.03165097328757174,-0.01269726810558381,0.011794662877839028
0.0023,-0.0074,0.025070469244063233,-0.013475631349833914,0.011880757581835386
0.0024,-0.0074,0.01764661154347516,-0.014237185021183818,0.012074393064758035
0.0025,-0.0074,0.012381875432392173,-0.015104763711972108,0.012218213557549552
0.0026000000000000003,-0.0074,0.0033821576564207123,-0.015810298885180776,0.01205872440191954
0.0027,-0.0074,-0.0027796202934623968,-0.016574421680299815,0.012050543892899238
0.0028,-0.0074,-0.00998671805487882,-0.017371179247032686,0.01213134454241866
0.0029,-0.0074,-0.018363972028938847,-0.018041434455877626,0.012037744646516337
0.003,-0.0074,-0.02687689926442628,-0.019064047585358262,0.011784835696448007
0.0031,-0.0074,-0.033902455772452565,-0.019618539926167078,0.01172068745574354
0.0032,-0.0074,-0.0417043935242176,-0.02044431180825337,0.011462872327718877
0.0033000000000000004,-0.0074,-0.05093780292312406,-0.02097916410123997,0.01123638845227902
0.0034,-0.0074,-0.06117790290634101,-0.02174266133301425,0.0109315189833529
0.0034999999999999996,-0.0074,-0.06847889761545939,-0.02243295655590973,0.010615444930189719
0.0036,-0.0074,-0.07695239593642669,-0.023092934063119294,0.010184106720041736
0.0037,-0.0074,-0.08515153799571477,-0.023883099830535784,0.009780111780750347
0.0038,-0.0074,-0.09157686870326166,-0.024412831051978574,0.00941039314561274
0.0039,-0.0074,-0.10048194286177867,-0.024919256508936463,0.008821422113771266
0.004,-0.0074,-0.10694130653470647,-0.025542093239595966,0.008209565975319752
0.0041,-0.0074,-0.11379765372246116,-0.02609364138386896,0.007634859705969172
0.0042,-0.0074,-0.12187377737670019,-0.02674481130393169,0.0069489531521318496
0.0043,-0.0074,-0.1256692954475374,-0.027268409826386543,0.006288686384016673
0.0044,-0.0074,-0.1273350914436305,-0.027578497814835345,0.005674562516423733
0.0045,-0.0074,-0.1427640409789672,-0.027991946259745895,0.004907248274419128
0.0046,-0.0074,-0.14286191158332692,-0.028630821099322946,0.004057516702492085
0.0047,-0.0074,-0.1459602877183161,-0.02900920982695983,0.003254704412901786
0.0048,-0.0074,-0.1487039035389554,-0.029440680641528966,0.0025248757591239427
0.0049,-0.0074,-0.15025227769530783,-0.029528855734434534,0.001689419858765414
0.005,-0.0074,-0.15970585691376835,-0.029748415483125706,0.0007656688160420865
0.0051,-0.0074,-0.17011467606306838,-0.029945128026664103,-0.0001733336773312928
0.005200000000000001,-0.0074,-0.1631380973603399,-0.03045013973923401,-0.0010994800098954821
0.0053,-0.0074,-0.14611314537856923,-0.030646644144832647,-0.0019902204802068647
0.0054,-0.0074,-0.16692830742704462,-0.030638312794939816,-0.0027345673074166904
0.0055,-0.0074,-0.15767211928696373,-0.03115324276441755,-0.0039104817454444244
0.0056,-0.0074,-0.12354190165176789,-0.03065717955605133,-0.005313990706038798
0.005700000000000001,-0.0074,-0.15514731530989723,-0.029524303259307286,-0.006384923009202251
0.0058,-0.0074,-0.15630439398934245,-0.0304887000911046,-0.006553310277724166
0.0059,-0.0074,-0.13568390317074483,-0.030014007270849314,-0.007691900663023464
0.006,-0.0074,-0.16234578635984712,-0.029683732778284157,-0.008398284365650613
0.0061,-0.0074,-0.1369912470540352,-0.029632210470838024,-0.009258762334031684
0.0062,-0.0074,-0.12620717136869325,-0.028940647725436527,-0.009997906390976074
0.0063,-0.0074,-0.13291385178532167,-0.028459841889407145,-0.011030808576558927
0.0064,-0.0074,-0.11379318042810053,-0.02849769717403825,-0.011924758683167079
0.006499999999999999,-0.0074,-0.10945919617899369,-0.02803635235146519,-0.0122868884343794
0.006600000000000001,-0.0074,-0.10684139593897127,-0.02707866849779992,-0.013170310475461201
0.0067,-0.0074,-0.09546791952771344,-0.0264393296665711,-0.01377970608247921
0.0068,-0.0074,-0.08724122534973035,-0.025731303607737073,-0.014337957919344842
0.0069,-0.0074,-0.08764000996011956,-0.02475541734279107,-0.01484137184405392
0.006999999999999999,-0.0074,-0.07341016533873572,-0.02382600223441064,-0.015160425424809294
0.007100000000000001,-0.0074,-0.07049396833911066,-0.02302416012533451,-0.01541651435677795
0.0072,-0.0074,-0.06706187024870869,-0.02204368888768562,-0.015655813150554275
0.0073,-0.0074,-0.06272059133678062,-0.021206117819543402,-0.01579235143953168
0.0074,-0.0074,-0.0548682141535228,-0.020047215961488646,-0.015846193686056498
0.0075,-0.0074,-0.050183641855015136,-0.018881047344845404,-0.01563548890900877
0.0076,-0.0074,-0.04809417758096496,-0.017824266240840336,-0.015567190837846329
0.0077,-0.0074,-0.0413640260356498,-0.01667481804359158,-0.015204821698025848
0.0078,-0.0074,-0.03862742225318158,-0.015563197330546778,-0.014895912378581717
0.0079,-0.0074,-0.03489921804007475,-0.014257715360737323,-0.014455920484535085
0.008,-0.0074,-0.03309950384335479,-0.012977590214036112,-0.013720207887866612
0.0081,-0.0074,-0.030967688989868118,-0.0119445149522187,-0.012832773333936058
0.0082,-0.0074,-0.028981661509820577,-0.010557379764775415,-0.012106343740039521
0.0083,-0.0074,-0.03017434978565717,-0.009369628678306851,-0.01118799418419935
0.0084,-0.0074,-0.029536630963906838,-0.008298799246436308,-0.010307459842769266
0.0085,-0.0074,-0.02983762092248613,-0.007178742301986213,-0.009196362236423367
0.0086,-0.0074,-0.030687873693637856,-0.006171572645220053,-0.008180313346769745
0.0087,-0.0074,-0.03190985960434346,-0.005134555388236012,-0.007164628866171918
0.0088,-0.0074,-0.03348421916330335,-0.004230744316590144,-0.005909213719242002
0.0089,-0.0074,-0.035277432049604034,-0.003467902967178081,-0.005001303025629019
0.009,-0.0074,-0.037369519121926806,-0.0027906459272820827,-0.003999500607617551
0.0091,-0.0074,-0.039546910144496496,-0.002178481050636619,-0.0030950206931027965
0.0092,-0.0074,-0.04126247232206295,-0.0016172682892843248,-0.002249999220679282
0.0093,-0.0074,-0.04323822859088219,-0.0011812419623630963,-0.001502427571821448
0.0094,-0.0074,-0.04500936560189494,-0.0008119027170733206,-0.0008604377494597194
0.0095,-0.0074,-0.04704062090266499,-0.0005224641328649629,-0.00033769877906329287
0.0096,-0.0074,-0.04827044868231436,-0.0003055520491132674,3.732198754575374e-05
0.0097,-0.0074,-0.04908707242874355,-0.00015956935700134792,0.00029187887491759456
0.0098,-0.0074,-0.05244388750836251,-0.0001068951872537468,0.00036143837082296365
0.0099,-0.0074,-0.047066485007169076,-6.205050760656285e-05,0.00023676156153973677
0.01,-0.0074,-0.039054840900328854,0.0,0.0
0.0,-0.0073,0.08554752404470249,0.0,0.0
0.0001,-0.0073,0.08396908428379106,-9.162876659465128e-05,0.0012543365646056131
0.0002,-0.0073,0.08330200960118729,-0.0002745674839382951,0.0024041183410313887
0.0003,-0.0073,0.08071908391707988,-0.0005423405433188834,0.003439429656232368
0.0004,-0.0073,0.07958122707224093,-0.0008876516410493587,0.004383613385662484
0.0005,-0.0073,0.07758174511025803,-0.0013084691057489144,0.005226501703640876
0.0006,-0.0073,0.07601914788376252,-0.0017901577432840338,0.006012399911496633
0.0007,-0.0073,0.07515897376738112,-0.002321481435940568,0.006761953557471611
0.0008,-0.0073,0.07362225832194008,-0.002885063364081634,0.007282787762121621
0.0009,-0.0073,0.0723279716159113,-0.0035131976695406083,0.007885076890961447
0.001,-0.0073,0.07015714131098116,-0.004100370074815614,0.0084012058232552
0.0011,-0.0073,0.06847848819390144,-0.004793990587359612,0.008986359457698578
0.0012,-0.0073,0.06637318000775949,-0.00546898216144935,0.009509709010785834
0.0013000000000000002,-0.0073,0.06351793085448977,-0.006178984682179657,0.009957916870952238
0.0014,-0.0073,0.06119865704783223,-0.006894074872016933,0.010402673382272404
0.0015,-0.0073,0.05735233844424645,-0.007553533668769093,0.010554174605397499
0.0016,-0.0073,0.05374853188724215,-0.008371375160396223,0.010959817252966936
0.0017,-0.0073,0.04970354294123752,-0.009127678429474232,0.01138424689481439
0.0018,-0.0073,0.046007094477507574,-0.009859499889685553,0.011686022776522054
0.0019,-0.0073,0.040279308841337645,-0.010633903423439386,0.011919174908724685
0.002,-0.0073,0.03575475614418871,-0.0114114918695856,0.012154514640203201
0.0021,-0.0073,0.0291128435033976,-0.012287249179176632,0.012319582813429545
0.0022,-0.0073,0.02290429679712037,-0.01300428680879304,0.012522111110753778
0.0023,-0.0073,0.014218308955930358,-0.013735341974131454,0.012767971308428664
0.0024,-0.0073,0.008770389078775049,-0.01463357663036588,0.012710009277300092
0.0025,-0.0073,0.0014928388308663948,-0.015378949314416824,0.012849322285622279
0.0026000000000000003,-0.0073,-0.006775439512735772,-0.016235237982832437,0.012865551024534475
0.0027,-0.0073,-0.012902914461130623,-0.016835075088826312,0.012806794224913771
0.0028,-0.0073,-0.022570682715648504,-0.01771946730870639,0.012844283897093134
0.0029,-0.0073,-0.02967516592699845,-0.01846322517734845,0.012832043490979307
0.003,-0.0073,-0.03855239462206418,-0.01922788339481267,0.012721925044006944
0.0031,-0.0073,-0.04807709481867753,-0.02001652943555092,0.012476344146785582
0.0032,-0.0073,-0.05699352334282405,-0.020673277095369216,0.012178174407468082
0.0033000000000000004,-0.0073,-0.06651546783162754,-0.02144472629284734,0.011995898056830044
0.0034,-0.0073,-0.07477888241230288,-0.022137299129556854,0.011612009266586086
0.0034999999999999996,-0.0073,-0.08383734358182258,-0.022899095399061955,0.011282215315827534
0.0036,-0.0073,-0.09318714776875454,-0.023551837717052406,0.010814732761270807
0.0037,-0.0073,-0.10331140754007745,-0.024210839419170918,0.010355563031129271
0.0038,-0.0073,-0.11319766248247545,-0.024747401161553675,0.010032734204358795
0.0039,-0.0073,-0.11991853366202149,-0.02530907979018572,0.009398323244146363
0.004,-0.0073,-0.127092172474982,-0.02609346852343558,0.008846097959517022
0.0041,-0.0073,-0.13490001926411882,-0.02658981843761324,0.00826636996969241
0.0042,-0.0073,-0.14159131240029005,-0.0272875253347963,0.0075810302515537656
0.0043,-0.0073,-0.14723977271617403,-0.027683288619820112,0.006804496793007476
0.0044,-0.0073,-0.15170740626111653,-0.028383668979099885,0.006192850081126435
0.0045,-0.0073,-0.1650303918799686,-0.028720372977025423,0.005332937751293533
0.0046,-0.0073,-0.1698357006548426,-0.029487577544006723,0.004490774320597119
0.0047,-0.0073,-0.16563931461738823,-0.029598405773439397,0.0036923738492977373
0.0048,-0.0073,-0.174368570313292,-0.0299279780805999,0.002786852612997485
0.0049,-0.0073,-0.1804685876408119,-0.03018377103207942,0.0018305849102639952
0.005,-0.0073,-0.17934684716583388,-0.03037514372981496,0.0008824754909574223
0.0051,-0.0073,-0.1836176815493267,-0.030565707199995847,4.0828556642774805e-05
0.005200000000000001,-0.0073,-0.19205607572573447,-0.031084411224456154,-0.0007148187295008789
0.0053,-0.0073,-0.1804007218587993,-0.03115138812491583,-0.0016880941057615757
0.0054,-0.0073,-0.18663916483069984,-0.030891538739152465,-0.002889023227524417
0.0055,-0.0073,-0.1914873781258336,-0.031490178164094954,-0.004081639453624177
0.0056,-0.0073,-0.16465518198457815,-0.03152749057406471,-0.005095880741738131
0.005700000000000001,-0.0073,-0.17248270595720785,-0.031616635124690554,-0.005931370041364022
0.0058,-0.0073,-0.17075422942340973,-0.03159120595763284,-0.007094449781841503
0.0059,-0.0073,-0.17873502316887852,-0.03078784372891772,-0.007932935777809088
0.006,-0.0073,-0.20068302942507876,-0.030723001794651816,-0.009090639709538956
0.0061,-0.0073,-0.15486083439505294,-0.030275563613788893,-0.009738535551983847
0.0062,-0.0073,-0.13968359805649674,-0.029761854457882223,-0.010384584537943718
0.0063,-0.0073,-0.16058588118850387,-0.029685706512366867,-0.011545244295836934
0.0064,-0.0073,-0.13431533945018692,-0.029409158391046464,-0.012417744202818264
0.006499999999999999,-0.0073,-0.13467092295315933,-0.028872057114204826,-0.013032153776566191
0.006600000000000001,-0.0073,-0.1283750980177263,-0.028460726979346426,-0.013745447280261542
0.0067,-0.0073,-0.10958115670980251,-0.02789428598085745,-0.014507227824709541
0.0068,-0.0073,-0.12114493700955442,-0.026583019027499422,-0.01491940399014059
0.0069,-0.0073,-0.1027460309922352,-0.025982837355111112,-0.015788480200548183
0.006999999999999999,-0.0073,-0.09297708119451303,-0.0251594275708537,-0.015921890701627337
0.007100000000000001,-0.0073,-0.09749241535068781,-0.024098947147225915,-0.016300262335946555
0.0072,-0.0073,-0.08295508008964787,-0.02311803500415647,-0.016716728894374585
0.0073,-0.0073,-0.0795329095427547,-0.02211531337793416,-0.016893359437870677
0.0074,-0.0073,-0.07038933938560432,-0.02111094943198455,-0.016875838926814737
0.0075,-0.0073,-0.06371459112933041,-0.02002803611790667,-0.0168249343974392
0.0076,-0.0073,-0.05911646502730717,-0.018880223925650724,-0.016737807013837192
0.0077,-0.0073,-0.052892993579184804,-0.017547160322730834,-0.016380039781227297
0.0078,-0.0073,-0.04810080756321032,-0.01641338508692331,-0.01585693386463034
0.0079,-0.0073,-0.04471805948231077,-0.015461210598842057,-0.015456710013997212
0.008,-0.0073,-0.0406176594954186,-0.013930678114841489,-0.014801446185309151
0.0081,-0.0073,-0.037888134376294326,-0.012653654785066727,-0.014110277259654047
0.0082,-0.0073,-0.038401644563087596,-0.01140373672994624,-0.013369528978613782
0.0083,-0.0073,-0.03606302190975138,-0.010289947115189923,-0.012372564992144
0.0084,-0.0073,-0.03451910014050653,-0.009074239987967199,-0.01140546745340552
0.0085,-0.0073,-0.03433728385438149,-0.00792842795150994,-0.0102746500188126
0.0086,-0.0073,-0.03550194849838364,-0.006882840391245865,-0.009237752428958966
0.0087,-0.0073,-0.03661149460481681,-0.0055976270407036765,-0.008124056561477438
0.0088,-0.0073,-0.038036285855416394,-0.004818554518891935,-0.0069264467077153405
0.0089,-0.0073,-0.040015466137948374,-0.003897211720105971,-0.005780594086974247
0.009,-0.0073,-0.04130748257161987,-0.003099487575213356,-0.0047381040800875684
0.0091,-0.0073,-0.0436642512936609,-0.00241137988151695,-0.003663319844074609
0.0092,-0.0073,-0.04596917072191905,-0.0018386339969123267,-0.0027982960736186195
0.0093,-0.0073,-0.04817766565983929,-0.001340228997954193,-0.0019325560112110449
0.0094,-0.0073,-0.04962697671916949,-0.0009239381941445514,-0.0012049837495676594
0.0095,-0.0073,-0.051868971427708216,-0.0006052949950589257,-0.0006073872680706334
0.0096,-0.0073,-0.05263882930628893,-0.00035609380595379327,-0.00014453082265013996
0.0097,-0.0073,-0.0557414371901587,-0.0001964896249536985,0.00015597174589667375
0.0098,-0.0073,-0.05375155095488354,-4.936002717213054e-05,0.00027895839715980027
0.0099,-0.0073,-0.051429300997286584,1.5068990799970946e-05,0.0002761421354995468
0.01,-0.0073,-0.05314975940510058,0.0,0.0
0.0,-0.0072,0.08157101939758926,0.0,0.0
0.0001,-0.0072,0.08080388798106122,-9.363151431575517e-05,0.0013833276948744032
0.0002,-0.0072,0.0794760907210893,-0.00028330047021109364,0.0026367481783438787
0.0003,-0.0072,0.07793793744418807,-0.0005538654582755627,0.003766692173463886
0.0004,-0.0072,0.07620624548371914,-0.0009270430850331769,0.004779411451704846
0.0005,-0.0072,0.07442416846184034,-0.0013850658239937868,0.005679211060270025
0.0006,-0.0072,0.07268193078821233,-0.0018607276523963938,0.00653105652488975
0.0007,-0.0072,0.07146728848453246,-0.0023571535767738386,0.0072715880855929865
0.0008,-0.0072,0.06954119319282728,-0.002948689641456656,0.007936617144511738
0.0009,-0.0072,0.06836017057601623,-0.0036093587588979775,0.008581882176846096
0.001,-0.0072,0.0666270425415582,-0.004254558383880226,0.009099746325929593
0.0011,-0.0072,0.06424600565175721,-0.0048826542125618684,0.009511689220458447
0.0012,-0.0072,0.061666025738119884,-0.005577070259061637,0.010143332423614395
0.0013000000000000002,-0.0072,0.05921401829704894,-0.006303055575306707,0.010611098954127358
0.0014,-0.0072,0.056581466677771475,-0.007002782429860932,0.010986413599691445
0.0015,-0.0072,0.053054358052467464,-0.007742455187815059,0.011374418378283428
0.0016,-0.0072,0.04878634463709768,-0.008517110561980474,0.011797124296101792
0.0017,-0.0072,0.04273561658100008,-0.009277449877177794,0.012111954122584924
0.0018,-0.0072,0.04039946760420515,-0.010071628091703453,0.01239073932930153
0.0019,-0.0072,0.03440221699735278,-0.010816175521452072,0.012722060753932375
0.002,-0.0072,0.027258092986986435,-0.01165958383182919,0.012951415775281517
0.0021,-0.0072,0.021268317485426888,-0.012470993800545716,0.01319258026764374
0.0022,-0.0072,0.015422373667117864,-0.013200088273510123,0.013250053162834008
0.0023,-0.0072,0.008340036259670919,-0.013953973768044409,0.013560071524970008
0.0024,-0.0072,-0.0014707844057883011,-0.014823256892567983,0.013477538228858776
0.0025,-0.0072,-0.008923109913901989,-0.015536690936638295,0.013737275610884525
0.0026000000000000003,-0.0072,-0.01700439005151781,-0.01639665718345883,0.01364213076846104
0.0027,-0.0072,-0.02504866935730421,-0.017067979730872186,0.013776758525120872
0.0028,-0.0072,-0.03392817760354983,-0.01790721873580974,0.013613776789842208
0.0029,-0.0072,-0.043067484429819086,-0.018707546524867277,0.013326156894633776
0.003,-0.0072,-0.054773756844023365,-0.019458547252496128,0.013367240023988753
0.0031,-0.0072,-0.06128175498023185,-0.020312085580006575,0.013187993036009458
0.0032,-0.0072,-0.06998946986713127,-0.020987602799526994,0.012948323051068295
0.0033000000000000004,-0.0072,-0.08151198631064634,-0.02179324780094795,0.012629922509082653
0.0034,-0.0072,-0.09082141309466957,-0.022460708881458527,0.012304077505736793
0.0034999999999999996,-0.0072,-0.10192296196109284,-0.023172617504490203,0.01192188139766226
0.0036,-0.0072,-0.1126717835889041,-0.023852828851263295,0.011549262107642524
0.0037,-0.0072,-0.12073840150266774,-0.0245483859677876,0.01113505506280206
0.0038,-0.0072,-0.13039606274785587,-0.025197361526744944,0.010625825914385328
0.0039,-0.0072,-0.14047010208737262,-0.025779105446243147,0.009982263333563722
0.004,-0.0072,-0.14724368953541708,-0.026379692536133183,0.009351273371633162
0.0041,-0.0072,-0.1540813053510171,-0.02706496377411899,0.008704758047151996
0.0042,-0.0072,-0.16613583018161432,-0.02755872447828919,0.008161055282712082
0.0043,-0.0072,-0.17297661131559897,-0.028165247227325607,0.007480085117767163
0.0044,-0.0072,-0.1775383100398293,-0.028769405493249734,0.0065982250861520075
0.0045,-0.0072,-0.1838193152399599,-0.029094462716881004,0.005781571918181576
0.0046,-0.0072,-0.19376500518722653,-0.029650239786666976,0.004961037980912206
0.0047,-0.0072,-0.19580740687651413,-0.03010502732512507,0.004168855151610334
0.0048,-0.0072,-0.20147292859219737,-0.030475265350211445,0.0032347876194582684
0.0049,-0.0072,-0.20489840436446213,-0.030856359502091448,0.0022044951290833437
0.005,-0.0072,-0.1984511536510063,-0.03118340951408749,0.001264709387718617
0.0051,-0.0072,-0.21812066078164064,-0.03133298854757934,0.00036114518267074013
0.005200000000000001,-0.0072,-0.2300843800543323,-0.03167898355081612,-0.0007240255727072536
0.0053,-0.0072,-0.21346573597157464,-0.03171619594710103,-0.0018766877130246197
0.0054,-0.0072,-0.21167771603486218,-0.03218532967781438,-0.0028412212311465716
0.0055,-0.0072,-0.20644085364261633,-0.031889952630077135,-0.0035830130348214564
0.0056,-0.0072,-0.201899560906242,-0.03202033590899316,-0.004506609299345361
0.005700000000000001,-0.0072,-0.18112678759537473,-0.03177799742111733,-0.006047144119320211
0.0058,-0.0072,-0.20227931779520877,-0.03177414309933766,-0.007304610027837269
0.0059,-0.0072,-0.2098429803146118,-0.03178351734008932,-0.008062782236793182
0.006,-0.0072,-0.22824952340287208,-0.031919363965929363,-0.009117815592408823
0.0061,-0.0072,-0.20283428680811566,-0.031699670600252076,-0.009914686868699072
0.0062,-0.0072,-0.1700348709191692,-0.03107695087552554,-0.011093308335012993
0.0063,-0.0072,-0.19299789252973248,-0.030664613237282756,-0.011856241501838874
0.0064,-0.0072,-0.15957184861948423,-0.030516475960779867,-0.012735917730525393
0.006499999999999999,-0.0072,-0.1670521880066671,-0.029711397323385583,-0.013527301184058278
0.006600000000000001,-0.0072,-0.15288975068689437,-0.02894760176565102,-0.014420269893279736
0.0067,-0.0072,-0.1404222403499512,-0.028575158091067632,-0.015106251573683192
0.0068,-0.0072,-0.13869105804162798,-0.028396759218692003,-0.015955780294290078
0.0069,-0.0072,-0.12291920963785216,-0.026986520570901718,-0.016296902740684176
0.006999999999999999,-0.0072,-0.12256627860873721,-0.026383008512410162,-0.016735425080213882
0.007100000000000001,-0.0072,-0.11378550527400925,-0.02522989177633075,-0.017284623058581822
0.0072,-0.0072,-0.10800400915512254,-0.024378038214813515,-0.017649393812051276
0.0073,-0.0072,-0.09564847758575126,-0.0233054419973872,-0.017891715844382646
0.0074,-0.0072,-0.08488352490781881,-0.022200808096691862,-0.01794495080599474
0.0075,-0.0072,-0.0812744863751376,-0.021170816946858857,-0.01798985745284266
0.0076,-0.0072,-0.07338545271018437,-0.020078973133031162,-0.017833003699435634
0.0077,-0.0072,-0.06477155352247875,-0.018835614044033357,-0.01752537124812929
0.0078,-0.0072,-0.06025135668887249,-0.01749183471620801,-0.017190605695143447
0.0079,-0.0072,-0.05437346278315064,-0.016333380653152946,-0.016959964691053
0.008,-0.0072,-0.05104409331974614,-0.014980403943621691,-0.015945059986501555
0.0081,-0.0072,-0.04728727470627313,-0.013616500627935872,-0.015292932176954089
0.0082,-0.0072,-0.04446519756204454,-0.012441279559767038,-0.014403715527207844
0.0083,-0.0072,-0.04256577333685023,-0.011038146198124441,-0.013638168929107332
0.0084,-0.0072,-0.0414879534627384,-0.00979128192463706,-0.012491535936439905
0.0085,-0.0072,-0.040924407404256444,-0.008571680027715786,-0.011426592922037052
0.0086,-0.0072,-0.04106159657418456,-0.007404852563781457,-0.010330762712790065
0.0087,-0.0072,-0.04118557361258111,-0.00632185835874442,-0.009032519023717081
0.0088,-0.0072,-0.04255170891037062,-0.0052470267071276135,-0.00774482808363694
0.0089,-0.0072,-0.044154428058166446,-0.004296786581523378,-0.006650848425065352
0.009,-0.0072,-0.04583046300597588,-0.0034270984700944425,-0.005404357077580239
0.0091,-0.0072,-0.04814959569185058,-0.002709863679649281,-0.004368522436631346
0.0092,-0.0072,-0.05025984932474743,-0.002077413606126625,-0.003385189581711394
0.0093,-0.0072,-0.05239247283511903,-0.0015117792844753517,-0.002385715186846486
0.0094,-0.0072,-0.054380747005928494,-0.0010497191573511143,-0.001606715527602657
0.0095,-0.0072,-0.05642920849553226,-0.0006900169551954048,-0.0009201698416973192
0.0096,-0.0072,-0.05780997095350031,-0.0004086591882075271,-0.0003743926939073855
0.0097,-0.0072,-0.06046780704575429,-0.00020064003923834538,-3.5689879636834066e-06
0.0098,-0.0072,-0.05933569982006313,-3.641615429660576e-05,0.00023805694811575393
0.0099,-0.0072,-0.06898480944305554,5.104004481848613e-05,0.00026096827977360146
0.01,-0.0072,-0.08203596180733662,0.0,0.0
0.0,-0.007100000000000001,0.0787344083869031,0.0,0.0
0.0001,-0.007100000000000001,0.07793407454181658,-9.583346485214707e-05,0.0015138420250642927
0.0002,-0.007100000000000001,0.07592650080002386,-0.00028187926145340473,0.0028755689489383357
0.0003,-0.007100000000000001,0.07379961819556613,-0.000573419399868685,0.004100401454828426
0.0004,-0.007100000000000001,0.07240793304250724,-0.0009338847894024531,0.005185526908751835
0.0005,-0.007100000000000001,0.07002933336567507,-0.0013668173268479094,0.006162428995702266
0.0006,-0.007100000000000001,0.06892359815095883,-0.0018803674790873063,0.0070513767701127815
0.0007,-0.007100000000000001,0.06724209241661916,-0.0024686172722091313,0.007846731569890386
0.0008,-0.007100000000000001,0.06561546599742393,-0.003006968669956583,0.008488559628767354
0.0009,-0.007100000000000001,0.06379700391785922,-0.003683335531938668,0.00915888123833002
0.001,-0.007100000000000001,0.06196344088457098,-0.004314564422804072,0.00979266628951529
0.0011,-0.007100000000000001,0.05946049324350579,-0.00494087536916866,0.010455455391188223
0.0012,-0.007100000000000001,0.05727432559637916,-0.0056658755290819604,0.010862290331768658
0.0013000000000000002,-0.007100000000000001,0.05386882640937352,-0.006424464068660921,0.011266663980519065
0.0014,-0.007100000000000001,0.05078883608650258,-0.007155202031575234,0.011753023888281174
0.0015,-0.007100000000000001,0.0475607755752929,-0.007909222693620708,0.012191321536183672
0.0016,-0.007100000000000001,0.04119490819272705,-0.008672001946348247,0.012494934255998184
0.0017,-0.007100000000000001,0.03696622561429165,-0.0094373282712431,0.01289895442714838
0.0018,-0.007100000000000001,0.03068581118096232,-0.010225314327978663,0.013199129526889765
0.0019,-0.007100000000000001,0.025832895964749657,-0.011022293104373198,0.01352516486912164
0.002,-0.007100000000000001,0.018521019419511998,-0.011811620150102236,0.013756384005321545
0.0021,-0.007100000000000001,0.011478897276981929,-0.01262434044714213,0.01378824149814914
0.0022,-0.007100000000000001,0.004206728629170651,-0.013352942210048152,0.01425982840153507
0.0023,-0.007100000000000001,-0.0012311978110159402,-0.014163271757201699,0.014326282384141588
0.0024,-0.007100000000000001,-0.010660793883421574,-0.01503064154166704,0.014399920977855094
0.0025,-0.007100000000000001,-0.01914600485552642,-0.015778594547481144,0.014444571249682674
0.0026000000000000003,-0.007100000000000001,-0.028299498095093866,-0.016592454655328052,0.014540510241825328
0.0027,-0.007100000000000001,-0.038679990840076346,-0.017384937271961422,0.01443943347899075
0.0028,-0.007100000000000001,-0.04702155434124901,-0.018228962624619018,0.01443849467610335
0.0029,-0.007100000000000001,-0.05644427905557325,-0.01900053797420917,0.0142235475973524
0.003,-0.007100000000000001,-0.06564450371735465,-0.01979376772170745,0.014156481975352814
0.0031,-0.007100000000000001,-0.07749555298950919,-0.02049009134495193,0.013990610048852985
0.0032,-0.007100000000000001,-0.0884916120571091,-0.021324032277806406,0.013717892959946932
0.0033000000000000004,-0.007100000000000001,-0.09957014852027256,-0.022018972374264277,0.013376925647206873
0.0034,-0.007100000000000001,-0.10969621247844717,-0.022728728839262347,0.013138306226760625
0.0034999999999999996,-0.007100000000000001,-0.11981682572834712,-0.02339882505312331,0.012632027885373804
0.0036,-0.007100000000000001,-0.13125493850948153,-0.02411563601394779,0.012235535073835443
0.0037,-0.007100000000000001,-0.14107619302443042,-0.024944871467154087,0.011591187165255113
0.0038,-0.007100000000000001,-0.1508091598714821,-0.025474401593772757,0.01122314588051712
0.0039,-0.007100000000000001,-0.16135843573143202,-0.026123136626176286,0.010723039804024337
0.004,-0.007100000000000001,-0.17081566384055247,-0.026934190968536467,0.010084694077922876
0.0041,-0.007100000000000001,-0.17943127609016488,-0.02749190361840166,0.009445139992911786
0.0042,-0.007100000000000001,-0.19163872016250683,-0.027884709015969636,0.008733324817910651
0.0043,-0.007100000000000001,-0.19897520074207994,-0.028622784075090547,0.007938757604326727
0.0044,-0.007100000000000001,-0.20838536994681758,-0.029070248562730702,0.007178768515688072
0.0045,-0.007100000000000001,-0.20874651683217707,-0.029651975719331064,0.006271748070635601
0.0046,-0.007100000000000001,-0.22166259434068744,-0.03008249870427046,0.005416650672747433
0.0047,-0.007100000000000001,-0.2290859861130025,-0.03049197504641052,0.0045680023686158625
0.0048,-0.007100000000000001,-0.23370372091816377,-0.030996920521734507,0.003556259801822982
0.0049,-0.007100000000000001,-0.23130490575867302,-0.031241355332876766,0.002574780850418833
0.005,-0.007100000000000001,-0.22796335537154508,-0.031736106850645575,0.0015936007471561453
0.0051,-0.007100000000000001,-0.25115998226508435,-0.03170350991334534,0.0004890033789522266
0.005200000000000001,-0.007100000000000001,-0.2630571168223951,-0.03231100697051042,-0.0006163416959711344
0.0053,-0.007100000000000001,-0.24679480330648113,-0.03252389062655954,-0.0016201490358014456
0.0054,-0.007100000000000001,-0.25457099774667563,-0.032273535489218574,-0.0024169725757338567
0.0055,-0.007100000000000001,-0.25840881966541146,-0.03280402459048195,-0.0037895654560446894
0.0056,-0.007100000000000001,-0.2193617553098272,-0.032532891597632,-0.005297387950654479
0.005700000000000001,-0.007100000000000001,-0.23632154204142358,-0.032693170233219514,-0.00617237084304288
0.0058,-0.007100000000000001,-0.2436771407680832,-0.033071814828961064,-0.0069087224494648065
0.0059,-0.007100000000000001,-0.22155698817310118,-0.033103605288564604,-0.008107821271595528
0.006,-0.007100000000000001,-0.24671118945994927,-0.03215185296240121,-0.009408458917426138
0.0061,-0.007100000000000001,-0.22885241973756398,-0.03248777590192214,-0.01045862348881977
0.0062,-0.007100000000000001,-0.19916423050310245,-0.03194796582861501,-0.011377790060144048
0.0063,-0.007100000000000001,-0.22159615148477527,-0.0313643728665708,-0.01227325724401078
0.0064,-0.007100000000000001,-0.198640285705494,-0.031267724927123035,-0.013286025680847559
0.006499999999999999,-0.007100000000000001,-0.186938910752216,-0.03069164272332843,-0.014169702254034229
0.006600000000000001,-0.007100000000000001,-0.1807565174787432,-0.030207890506270974,-0.014952289118023272
0.0067,-0.007100000000000001,-0.172453281661123,-0.029398643301642127,-0.015754473054099223
0.0068,-0.007100000000000001,-0.16393637925074137,-0.028818627110657587,-0.016627206327786765
0.0069,-0.007100000000000001,-0.14790301136250694,-0.02809949887996004,-0.01711721899459529
0.006999999999999999,-0.007100000000000001,-0.14259355848191563,-0.026900333193258654,-0.017801304964351065
0.007100000000000001,-0.007100000000000001,-0.1296358281676367,-0.026424953526329217,-0.018281547053731462
0.0072,-0.007100000000000001,-0.12192375442506957,-0.025324678306821693,-0.01869570033715792
0.0073,-0.007100000000000001,-0.11240468578910401,-0.024417645825245412,-0.019056965728496883
0.0074,-0.007100000000000001,-0.10562700226482884,-0.023308362392743823,-0.019017067281130347
0.0075,-0.007100000000000001,-0.09455163442940782,-0.022241031901010778,-0.019178805741344486
0.0076,-0.007100000000000001,-0.08690937269176252,-0.021136935747070408,-0.019029004018153425
0.0077,-0.007100000000000001,-0.08175606613787775,-0.01981134262607754,-0.018893850179576045
0.0078,-0.007100000000000001,-0.07252647407513436,-0.018586380512012123,-0.018548167589134353
0.0079,-0.007100000000000001,-0.06823594910830177,-0.01728212917297247,-0.0181078083203412
0.008,-0.007100000000000001,-0.06110877135320089,-0.01589696543686862,-0.017266359939255748
0.0081,-0.007100000000000001,-0.05611686508418954,-0.014630108349049722,-0.016885929668291076
0.0082,-0.007100000000000001,-0.052787173934854416,-0.013378113395349509,-0.015886581342037288
0.0083,-0.007100000000000001,-0.05106715300536489,-0.011933929146915821,-0.014845324542432549
0.0084,-0.007100000000000001,-0.048099447044431934,-0.010545201823052432,-0.013816604783095592
0.0085,-0.007100000000000001,-0.04656561815156218,-0.009278852533724095,-0.01262492162857572
0.0086,-0.007100000000000001,-0.04540223492145086,-0.008080829635557145,-0.011471550853376214
0.0087,-0.007100000000000001,-0.04635610917441855,-0.006869263928569857,-0.01037917105197705
0.0088,-0.007100000000000001,-0.047556984531238425,-0.005789987934888949,-0.008953545175937523
0.0089,-0.007100000000000001,-0.0489624648655401,-0.004781592353659939,-0.007675763469262649
0.009,-0.007100000000000001,-0.05080285248455383,-0.003880359252853572,-0.006261545579447091
0.0091,-0.007100000000000001,-0.05287713857741408,-0.003062482721106605,-0.00503630211711426
0.0092,-0.007100000000000001,-0.05500695689425687,-0.0022987969106369422,-0.004065421568353778
0.0093,-0.007100000000000001,-0.057203432465542575,-0.001689089641847886,-0.0029271823460176706
0.0094,-0.007100000000000001,-0.059580382487012674,-0.001182814368659984,-0.0020280136246139716
0.0095,-0.007100000000000001,-0.06189866391560662,-0.000786912937520105,-0.0012501573532724111
0.0096,-0.007100000000000001,-0.06349064821732363,-0.0004909538383507187,-0.0006302711902513048
0.0097,-0.007100000000000001,-0.06428150862221914,-0.0002628757492451359,-0.0001860815037294029
0.0098,-0.007100000000000001,-0.0705910943424466,-0.00015247214310165787,7.449781221545074e-05
0.0099,-0.007100000000000001,-0.07408399942105284,-5.6342041344210984e-05,6.0606830479274185e-05
0.01,-0.007100000000000001,-0.07248843651782512,0.0,0.0
0.0,-0.006999999999999999,0.07387892285410334,0.0,0.0
0.0001,-0.006999999999999999,0.07301813777861314,-0.00010009721743766005,0.0016423099736602607
0.0002,-0.006999999999999999,0.07230033827905616,-0.000283784292520834,0.003124934325506215
0.0003,-0.006999999999999999,0.06962521875509652,-0.0005904392765866903,0.004428717288352294
0.0004,-0.006999999999999999,0.06710515672104383,-0.0009521249696421715,0.0056023900857640665
0.0005,-0.006999999999999999,0.06585714041376756,-0.001417576023509821,0.006609713800663663
0.0006,-0.006999999999999999,0.06422773865110311,-0.0018986518271316907,0.007560732683757382
0.0007,-0.006999999999999999,0.06298933820529438,-0.0025029966177305815,0.008379273766699986
0.0008,-0.006999999999999999,0.06101355846239573,-0.0031052947110371126,0.009130974485932539
0.0009,-0.006999999999999999,0.05913092078453457,-0.0037095370188845915,0.00972543490034223
0.001,-0.006999999999999999,0.05709235171098554,-0.004298721284079032,0.010569625500248666
0.0011,-0.006999999999999999,0.054411591175869474,-0.005065273991495662,0.011026996642948926
0.0012,-0.006999999999999999,0.05144232230089032,-0.005804094763214864,0.01166947478147764
0.0013000000000000002,-0.006999999999999999,0.04796368873671947,-0.00652799612731945,0.012095262405337443
0.0014,-0.006999999999999999,0.043995295642200616,-0.007233213044461119,0.012501157359039556
0.0015,-0.006999999999999999,0.04121695879105926,-0.007997698871249116,0.012845012058994701
0.0016,-0.006999999999999999,0.034248663998838726,-0.008779833704393891,0.013254845214140743
0.0017,-0.006999999999999999,0.030545848473390973,-0.009561001343706126,0.013688348943698862
0.0018,-0.006999999999999999,0.02400532037716029,-0.010344226825762776,0.013983216315854655
0.0019,-0.006999999999999999,0.016783216511951866,-0.011119620522214919,0.01428599155351153
0.002,-0.006999999999999999,0.010035988602120337,-0.011934911341471578,0.014560345624733557
0.0021,-0.006999999999999999,0.0041380405382135796,-0.012788838417798222,0.014626163824125885
0.0022,-0.006999999999999999,-0.005297951483597024,-0.013505554429151795,0.014944726351715388
0.0023,-0.006999999999999999,-0.012503517211205023,-0.014312321247765786,0.015112361177760911
0.0024,-0.006999999999999999,-0.02151753434231712,-0.015128006226778718,0.01533468883269079
0.0025,-0.006999999999999999,-0.03089607189855186,-0.01598368415089429,0.015198030107606147
0.0026000000000000003,-0.006999999999999999,-0.04038182323623771,-0.016743395286781676,0.015143286093188147
0.0027,-0.006999999999999999,-0.050476780988871664,-0.01753680321583415,0.015311964612846765
0.0028,-0.006999999999999999,-0.06212871613930015,-0.018351611307825633,0.015220900168377023
0.0029,-0.006999999999999999,-0.07120868167658649,-0.019186405476472587,0.01510851680596754
0.003,-0.006999999999999999,-0.08415124327406741,-0.019945679336021906,0.014919301562739141
0.0031,-0.006999999999999999,-0.09427108873052263,-0.02067609768097739,0.014632884379518164
0.0032,-0.006999999999999999,-0.10546959343880093,-0.021376528939691358,0.014465999020601354
0.0033000000000000004,-0.006999999999999999,-0.11547890359099891,-0.02228821222039823,0.01417875115149634
0.0034,-0.006999999999999999,-0.12848098778509512,-0.0229802493376674,0.013721603979180753
0.0034999999999999996,-0.006999999999999999,-0.13975903902308623,-0.02365182392541211,0.013298140290328365
0.0036,-0.006999999999999999,-0.1516108948943217,-0.024366006406665988,0.012922233149110741
0.0037,-0.006999999999999999,-0.16199057428200656,-0.02514248839796336,0.012417767283840806
0.0038,-0.006999999999999999,-0.17315476422582574,-0.02555768176436344,0.011987860141393358
0.0039,-0.006999999999999999,-0.18420203572621519,-0.026412115649626745,0.01128104369580248
0.004,-0.006999999999999999,-0.19594243102051995,-0.02712587955222443,0.010661407840974668
0.0041,-0.006999999999999999,-0.2048155102693889,-0.027691537061415302,0.010082530012888209
0.0042,-0.006999999999999999,-0.21172147901235244,-0.028171726435266983,0.009262378052925766
0.0043,-0.006999999999999999,-0.22730301161145028,-0.028870771800041245,0.00848386452287647
0.0044,-0.006999999999999999,-0.23544760074844334,-0.02939441620585962,0.007668215283721001
0.0045,-0.006999999999999999,-0.24018692181787665,-0.02984585474127527,0.006810489665287348
0.0046,-0.006999999999999999,-0.2503770549861179,-0.030381489950616604,0.005902591635003266
0.0047,-0.006999999999999999,-0.26018176572865986,-0.030738100371704314,0.004956728815338634
0.0048,-0.006999999999999999,-0.26507651849490893,-0.031280524781245704,0.003988121463891594
0.0049,-0.006999999999999999,-0.2644784090557453,-0.03172324068226423,0.0030221029209437887
0.005,-0.006999999999999999,-0.271628910207274,-0.03189486135951136,0.0019442411882052283
0.0051,-0.006999999999999999,-0.2840414836578383,-0.03239494180168895,0.0007850195279686366
0.005200000000000001,-0.006999999999999999,-0.28495815212163794,-0.03279383383311827,-0.00029459444631889674
0.0053,-0.006999999999999999,-0.2773274329597306,-0.032873753242692996,-0.0013506763808162796
0.0054,-0.006999999999999999,-0.2928860132041253,-0.03293043739793019,-0.002552875656763502
0.0055,-0.006999999999999999,-0.29132540874154716,-0.03349777232012661,-0.003717921122683659
0.0056,-0.006999999999999999,-0.254946814057096,-0.03333334513553318,-0.004479712541853434
0.005700000000000001,-0.006999999999999999,-0.28866581085135967,-0.03295411629417261,-0.005502753039085243
0.0058,-0.006999999999999999,-0.2843059450882111,-0.03319529461601005,-0.007191677094301687
0.0059,-0.006999999999999999,-0.2499429528756051,-0.03329827504271795,-0.00879727306484746
0.006,-0.006999999999999999,-0.26181672271390527,-0.033231599641508715,-0.009771969283788349
0.0061,-0.006999999999999999,-0.24550896213535403,-0.03325329224467926,-0.010481636251060166
0.0062,-0.006999999999999999,-0.2391467724328841,-0.032442009914041184,-0.011559026871202492
0.0063,-0.006999999999999999,-0.2507848445569706,-0.0323147885575259,-0.012846438487701103
0.0064,-0.006999999999999999,-0.22450636472906046,-0.031981443504537174,-0.013715796311542378
0.006499999999999999,-0.006999999999999999,-0.22083579002413936,-0.03144183449841247,-0.014615141784833047
0.006600000000000001,-0.006999999999999999,-0.21192387662549486,-0.030928622069660617,-0.01564292640615041
0.0067,-0.006999999999999999,-0.19688790573801615,-0.030336938915507677,-0.01649345642685358
0.0068,-0.006999999999999999,-0.19035935043131638,-0.029804022039960243,-0.017245287891528988
0.0069,-0.006999999999999999,-0.17820913437485686,-0.02889269529592858,-0.018007512447805515
0.006999999999999999,-0.006999999999999999,-0.17034779349182588,-0.028377274464981464,-0.018650013031442942
0.007100000000000001,-0.006999999999999999,-0.15653234591333628,-0.02746529269197591,-0.019346150673252533
0.0072,-0.006999999999999999,-0.1443899331151716,-0.026559158831724095,-0.019593621640478502
0.0073,-0.006999999999999999,-0.13135580683573964,-0.025562401799123242,-0.01988291333411763
0.0074,-0.006999999999999999,-0.12436299094826297,-0.0242290070032026,-0.02011051081966695
0.0075,-0.006999999999999999,-0.11241284988651752,-0.023331733981217653,-0.02024057378074333
0.0076,-0.006999999999999999,-0.10465385466001599,-0.0221432031903091,-0.020335502350586822
0.0077,-0.006999999999999999,-0.09403927783492032,-0.020852705269890266,-0.020076696846474687
0.0078,-0.006999999999999999,-0.08895011558097063,-0.01957442573638602,-0.019804254052733034
0.0079,-0.006999999999999999,-0.07893639459192914,-0.018268068154931396,-0.019486419399010697
0.008,-0.006999999999999999,-0.07427361958372629,-0.016999177632295605,-0.018883251658955293
0.0081,-0.006999999999999999,-0.0673367398120575,-0.015645081132116403,-0.01801362424546049
0.0082,-0.006999999999999999,-0.06293833225037425,-0.014079125958050177,-0.017055033842021835
0.0083,-0.006999999999999999,-0.05933493486371845,-0.012840180916171423,-0.01636874693744786
0.0084,-0.006999999999999999,-0.056866170466996636,-0.011436640181504422,-0.015219462318633593
0.0085,-0.006999999999999999,-0.05419858278128686,-0.010066992701405158,-0.014019614585829199
0.0086,-0.006999999999999999,-0.05304938430412744,-0.008782608933392456,-0.012746973176014413
0.0087,-0.006999999999999999,-0.0530807885661074,-0.007439006737555001,-0.011460081139806457
0.0088,-0.006999999999999999,-0.053161524008856216,-0.006459596040272135,-0.010045972614465076
0.0089,-0.006999999999999999,-0.0544277136229317,-0.005289999168415018,-0.008663718777223597
0.009,-0.006999999999999999,-0.056154771466468266,-0.0042293924798244556,-0.00736093512570463
0.0091,-0.006999999999999999,-0.058103427426811224,-0.00333979634397373,-0.005928091570120017
0.0092,-0.006999999999999999,-0.060373367770088,-0.00251235118449716,-0.00461520545884181
0.0093,-0.006999999999999999,-0.06295195355705502,-0.0018753074020890093,-0.003546612826467489
0.0094,-0.006999999999999999,-0.06517067615724613,-0.0013413297929895669,-0.0024694135300207982
0.0095,-0.006999999999999999,-0.06712285229527984,-0.0008987323626504853,-0.001609872199308407
0.0096,-0.006999999999999999,-0.06906616365721244,-0.0005607346133134201,-0.0008971320679797821
0.0097,-0.006999999999999999,-0.07025959633479505,-0.00033172861104548905,-0.00038364648232858643
0.0098,-0.006999999999999999,-0.0721423563656031,-0.0002189560409344599,-4.96516036812532e-05
0.0099,-0.006999999999999999,-0.06714762031385063,-0.00012216664755939298,4.226997250630291e-05
0.01,-0.006999999999999999,-0.056097259819998566,0.0,0.0
0.0,-0.0069,0.06913095007953854,0.0,0.0
0.0001,-0.0069,0.06881923037504567,-0.00010093805544902261,0.001781189777112316
0.0002,-0.0069,0.06665439845041037,-0.0002952740013051014,0.003363826789841211
0.0003,-0.0069,0.06507334367057711,-0.0005838080386652653,0.0047568661738854575
0.0004,-0.0069,0.0633802527358381,-0.0009580780957131703,0.005979349534801077
0.0005,-0.0069,0.060919643703505166,-0.0014486607805679825,0.007076806701709293
0.0006,-0.0069,0.05958851968827476,-0.0019464535914436821,0.008120335861445435
0.0007,-0.0069,0.057689177310660214,-0.0025006094851365694,0.009080014898463556
0.0008,-0.0069,0.05601568023222064,-0.003108993868962287,0.009820216822059814
0.0009,-0.0069,0.053921699125209055,-0.0037499036623833675,0.010557833267214288
0.001,-0.0069,0.051547833226758974,-0.00443808985855257,0.011122450206951653
0.0011,-0.0069,0.04894864422759143,-0.005116296570543804,0.011722266590413704
0.0012,-0.0069,0.04585997532958293,-0.00580696431294352,0.012313356027603518
0.0013000000000000002,-0.0069,0.04185246069046588,-0.006585620045077129,0.012823907676580985
0.0014,-0.0069,0.03746097113029712,-0.007356872023743841,0.013313875769562096
0.0015,-0.0069,0.03350298555770875,-0.008081497877307145,0.013727968352667836
0.0016,-0.0069,0.026754387868020986,-0.008863638799887377,0.01411160771171382
0.0017,-0.0069,0.020554665845385327,-0.009635826069369505,0.014439982200695685
0.0018,-0.0069,0.014931119948034397,-0.010434040594667373,0.01482618449839919
0.0019,-0.0069,0.009433526746937804,-0.01120577475353348,0.015034880068852988
0.002,-0.0069,0.003534364038533128,-0.012069578978918465,0.01533247332500257
0.0021,-0.0069,-0.006281753816817504,-0.012842490788296898,0.015622752373998024
0.0022,-0.0069,-0.015111578579867552,-0.013606856403221478,0.015768947889861457
0.0023,-0.0069,-0.02250714649876184,-0.01448605591701899,0.015853145403733542
0.0024,-0.0069,-0.03348876202000236,-0.015256877840759847,0.01594639739147172
0.0025,-0.0069,-0.042875464652100174,-0.01608325789984445,0.01615991997208494
0.0026000000000000003,-0.0069,-0.054992845368888085,-0.016855597386785704,0.01605593359786302
0.0027,-0.0069,-0.06374170592040355,-0.01770766109940056,0.01601077695037593
0.0028,-0.0069,-0.07600975280117517,-0.01843630392745149,0.015990713315107635
0.0029,-0.0069,-0.0861017898444453,-0.019259480656925888,0.01585264379797876
0.003,-0.0069,-0.09860423552044748,-0.020040221442669832,0.015631393176337462
0.0031,-0.0069,-0.11047336496250762,-0.020744562350025406,0.01547221255308203
0.0032,-0.0069,-0.12387592212077472,-0.02146202550358411,0.015162534015363344
0.0033000000000000004,-0.0069,-0.13539348593213502,-0.02232571134514039,0.014920225841555924
0.0034,-0.0069,-0.14689348452799955,-0.02298734021491884,0.014595679298414974
0.0034999999999999996,-0.0069,-0.16113129063658807,-0.023706458170036856,0.014183666571254555
0.0036,-0.0069,-0.1733438401581422,-0.02434662780588799,0.013800862394181757
0.0037,-0.0069,-0.18601396340343299,-0.025113462927631197,0.013145702298594804
0.0038,-0.0069,-0.19821617812627784,-0.025953247723634137,0.012596043995773624
0.0039,-0.0069,-0.20705344897672798,-0.02648902226726026,0.01195684886339604
0.004,-0.0069,-0.2228861253690046,-0.0271140591920386,0.01136111685052014
0.0041,-0.0069,-0.23575096937640302,-0.02792046712291135,0.010625614701897546
0.0042,-0.0069,-0.24027881789278438,-0.028523493942151226,0.009890865216383644
0.0043,-0.0069,-0.25412007580690366,-0.029081118189151697,0.009056481207625023
0.0044,-0.0069,-0.2657738173172023,-0.02968857013288997,0.008204430124955673
0.0045,-0.0069,-0.2716017908648564,-0.030010892628332633,0.007343535528196588
0.0046,-0.0069,-0.2837133175441673,-0.030366634000015616,0.006372240434927585
0.0047,-0.0069,-0.293677976612257,-0.03094277805409326,0.00536532875593279
0.0048,-0.0069,-0.29801086934121523,-0.031458326750030206,0.004324326353566007
0.0049,-0.0069,-0.2994603074603613,-0.0320135320237485,0.0033653625231119333
0.005,-0.0069,-0.3088847021934994,-0.032299647994050426,0.0022082061394770474
0.0051,-0.0069,-0.31708227939744826,-0.032609654339897175,0.0011858617709898148
0.005200000000000001,-0.0069,-0.3241079161586859,-0.03259375523402216,-7.872632123145582e-06
0.0053,-0.0069,-0.3244418175589752,-0.03298535341057985,-0.0011944935129029888
0.0054,-0.0069,-0.3177989975600442,-0.03328213611639238,-0.0024787642538405172
0.0055,-0.0069,-0.30883253569164615,-0.03361953183022883,-0.0035434098569139872
0.0056,-0.0069,-0.2873343371428987,-0.03346033091099985,-0.004504850655353612
0.005700000000000001,-0.0069,-0.2957183866645502,-0.0332166937022032,-0.006036365377394376
0.0058,-0.0069,-0.34522221736242653,-0.03324066377279891,-0.007279439910659455
0.0059,-0.0069,-0.31039723972636024,-0.034070005235025215,-0.008237437162857412
0.006,-0.0069,-0.2861891704766122,-0.03353190031707572,-0.009477772996323693
0.0061,-0.0069,-0.30258879320721505,-0.033487759733882815,-0.010983500283170577
0.0062,-0.0069,-0.2769481125498243,-0.033210428313258315,-0.011943435434527503
0.0063,-0.0069,-0.2761407105419381,-0.03329126872733564,-0.012959209138717549
0.0064,-0.0069,-0.2589634627428835,-0.03270149521778795,-0.013982653233765411
0.006499999999999999,-0.0069,-0.26086413988643503,-0.032029002820601706,-0.015130437919779777
0.006600000000000001,-0.0069,-0.24345493286661374,-0.03195091311352403,-0.0162149993638951
0.0067,-0.0069,-0.22865576899143178,-0.03126745356192367,-0.017041181917482606
0.0068,-0.0069,-0.22697346800856688,-0.030567003017652583,-0.01794046391851007
0.0069,-0.0069,-0.2049838412189465,-0.029879640365402606,-0.01882629546474599
0.006999999999999999,-0.0069,-0.20070933006707434,-0.02925492383401329,-0.01942724839379303
0.007100000000000001,-0.0069,-0.18194398980180537,-0.02831546566491285,-0.020051982614706573
0.0072,-0.0069,-0.16761177816657155,-0.02733765386889163,-0.02051508762091212
0.0073,-0.0069,-0.156838603397299,-0.026684821857874887,-0.02092762640634878
0.0074,-0.0069,-0.1436259036649612,-0.025663775732635615,-0.021403424430746183
0.0075,-0.0069,-0.13415201413579175,-0.024206555790583215,-0.02150576041636708
0.0076,-0.0069,-0.12279085045126865,-0.023098615694506292,-0.021454881836797238
0.0077,-0.0069,-0.1109114059329297,-0.02191138170917871,-0.021365434069942166
0.0078,-0.0069,-0.10025181457838842,-0.0206241033390164,-0.021143395695217417
0.0079,-0.0069,-0.09947022074473245,-0.01922841094582955,-0.020772947685719585
0.008,-0.0069,-0.0866853921408486,-0.017825352090017677,-0.020260415870122887
0.0081,-0.0069,-0.08017860804121255,-0.016607510889706547,-0.01961764353456788
0.0082,-0.0069,-0.07473371652158145,-0.015171228205491424,-0.0187917074063887
0.0083,-0.0069,-0.0688469435533013,-0.013653583067996536,-0.017766939406625083
0.0084,-0.0069,-0.06463665850535294,-0.012162318749384697,-0.016536519117016812
0.0085,-0.0069,-0.062197884871042594,-0.01074514053449939,-0.015439704633241905
0.0086,-0.0069,-0.060857946215995135,-0.009462361617999217,-0.01415784269001407
0.0087,-0.0069,-0.06018933569811011,-0.008129282729468824,-0.012660698491792778
0.0088,-0.0069,-0.05972727184515765,-0.006825541485731491,-0.011213685539266825
0.0089,-0.0069,-0.06076389038758475,-0.005686966834142888,-0.009968183317504209
0.009,-0.0069,-0.061911262689171076,-0.004638899671910785,-0.008242944492076352
0.0091,-0.0069,-0.0637110405728188,-0.003692064524568138,-0.006849424739012129
0.0092,-0.0069,-0.06588267492091938,-0.002824046521057458,-0.005351889607831114
0.0093,-0.0069,-0.06872104318238191,-0.0021095005069214877,-0.0041180667323570995
0.0094,-0.0069,-0.07109278664478112,-0.001495534120244539,-0.003042503395028979
0.0095,-0.0069,-0.07357831897531171,-0.0009959326556284425,-0.0020171940273771487
0.0096,-0.0069,-0.07598833873575488,-0.0006157641190199109,-0.0011932509273405959
0.0097,-0.0069,-0.07832770305376943,-0.0003456426901332733,-0.0005744163356795086
0.0098,-0.0069,-0.07853369382127715,-0.0001239805424656843,-0.0001633000237686453
0.0099,-0.0069,-0.07932148870621553,-7.222909059241977e-05,0.00010808355382767544
0.01,-0.0069,-0.08304700349955774,0.0,0.0
0.0,-0.0068,0.06374118841166342,0.0,0.0
0.0001,-0.0068,0.06357498349164181,-9.72571161505118e-05,0.0018979563913231483
0.0002,-0.0068,0.061554802230847215,-0.00031079548499650085,0.0035984522094360955
0.0003,-0.0068,0.059085002904686074,-0.0006025666700794091,0.005087247536143043
0.0004,-0.0068,0.0576347057227634,-0.0009975432301880494,0.0064376734652864505
0.0005,-0.0068,0.05567750947644709,-0.0014287998297187324,0.007589061679785904
0.0006,-0.0068,0.054458489843495814,-0.001952711988122861,0.008691932868411707
0.0007,-0.0068,0.05243568154767619,-0.0025258530655222176,0.009625364035307305
0.0008,-0.0068,0.05024805562001226,-0.003172044361004418,0.010334370382855647
0.0009,-0.0068,0.0480191728632688,-0.0037913332423741295,0.011171285091180011
0.001,-0.0068,0.04535674695038555,-0.004421550862053218,0.01187299061535943
0.0011,-0.0068,0.042616413619624406,-0.005166872169032884,0.012399808915938622
0.0012,-0.0068,0.03862033519742531,-0.005866763044947944,0.013056755471492371
0.0013000000000000002,-0.0068,0.034710100540652544,-0.006559196807813467,0.013557255270943359
0.0014,-0.0068,0.029618115832859383,-0.007376004446447978,0.014066457826468176
0.0015,-0.0068,0.025207641881425907,-0.008132419039713405,0.014418732873353539
0.0016,-0.0068,0.019713749178377364,-0.008912088155911949,0.014879732097015902
0.0017,-0.0068,0.01521818818852682,-0.009650471767835232,0.015211464859965447
0.0018,-0.0068,0.007781188176175613,-0.010501642085543716,0.015554424082628455
0.0019,-0.0068,0.0001305061544837311,-0.011292805702893928,0.015775845969314757
0.002,-0.0068,-0.009404132845587079,-0.012081591306323941,0.01610593363268099
0.0021,-0.0068,-0.0167405927283137,-0.012906708496189655,0.01626598417001938
0.0022,-0.0068,-0.025174148586736438,-0.013676393203457163,0.016603568236215272
0.0023,-0.0068,-0.03558008624929444,-0.014467986403852504,0.016728883780115986
0.0024,-0.0068,-0.045920709403068354,-0.015248761341738516,0.01675494690854314
0.0025,-0.0068,-0.05673349725518716,-0.01612449650143778,0.016775438347362902
0.0026000000000000003,-0.0068,-0.06761381028652239,-0.01692130726634437,0.016900973280299044
0.0027,-0.0068,-0.07873427407946502,-0.01770491100131391,0.01688416779887471
0.0028,-0.0068,-0.09118913335888972,-0.01849056361604679,0.016742812839567214
0.0029,-0.0068,-0.10295318708559091,-0.019294766574808327,0.01661694156745266
0.003,-0.0068,-0.11693168506686803,-0.020058061590571892,0.016447453635741648
0.0031,-0.0068,-0.12952587036650498,-0.020815501932876453,0.016277780753057698
0.0032,-0.0068,-0.14161572052841667,-0.021554455914673695,0.015989894371302837
0.0033000000000000004,-0.0068,-0.15626284322300352,-0.022400984830496923,0.01563876138975896
0.0034,-0.0068,-0.16916548625293742,-0.023156433585696055,0.015404459103929485
0.0034999999999999996,-0.0068,-0.18191900930407034,-0.023849464320587765,0.014797866399476878
0.0036,-0.0068,-0.19505342153522104,-0.02445333352371554,0.01435358283291991
0.0037,-0.0068,-0.20787635865846668,-0.02526269034374349,0.013823348383783352
0.0038,-0.0068,-0.22357771543901064,-0.02586695470068805,0.013281861058499059
0.0039,-0.0068,-0.23396309979716493,-0.026695252037741465,0.01268530896932913
0.004,-0.0068,-0.24879135232476263,-0.02735689316234174,0.011966926165774572
0.0041,-0.0068,-0.2614186099022464,-0.0278434333375658,0.011156950156789334
0.0042,-0.0068,-0.2699697310195141,-0.02850919847291568,0.010382246338138824
0.0043,-0.0068,-0.2847288453421214,-0.029041783378301846,0.009572952059774542
0.0044,-0.0068,-0.29592602429580517,-0.029776743502900826,0.008692596663110461
0.0045,-0.0068,-0.305156934941254,-0.030253015787784023,0.007788747654602488
0.0046,-0.0068,-0.3153955564741796,-0.03067809286192288,0.006794863389062721
0.0047,-0.0068,-0.32275605790365963,-0.031143890186417923,0.005844119893845511
0.0048,-0.0068,-0.3302135476184757,-0.031750872196952176,0.004766130822965356
0.0049,-0.0068,-0.3342114919118314,-0.03198851112379675,0.003713772862951499
0.005,-0.0068,-0.3474212771909259,-0.03215653263125006,0.0025810250765419466
0.0051,-0.0068,-0.34923378235509206,-0.032359274933152875,0.001469021850046293
0.005200000000000001,-0.0068,-0.3569257325537678,-0.0330105290377286,0.00027097888878938845
0.0053,-0.0068,-0.35439280229633624,-0.03347992567965837,-0.0008979067224299489
0.0054,-0.0068,-0.3466470141517049,-0.03350988091658257,-0.002065652954839276
0.0055,-0.0068,-0.34916417902162716,-0.03338347789307896,-0.0032688258666889545
0.0056,-0.0068,-0.3541560215614392,-0.03335949984519845,-0.00475556097171935
0.005700000000000001,-0.0068,-0.34761886172217327,-0.03387395898091056,-0.006184446708056376
0.0058,-0.0068,-0.36908618536777815,-0.034126009944807016,-0.007303041998572445
0.0059,-0.0068,-0.3373977972377087,-0.034142960262137846,-0.008443213331271035
0.006,-0.0068,-0.32742773561588245,-0.03380935543538412,-0.009938017067883375
0.0061,-0.0068,-0.32525888051614454,-0.03393975550305578,-0.01088503272426733
0.0062,-0.0068,-0.33168629203353406,-0.033727091627595365,-0.011788909148623686
0.0063,-0.0068,-0.3327296987697519,-0.033503658392839024,-0.01331821007918928
0.0064,-0.0068,-0.2923835059628496,-0.03360076846277953,-0.014505370952502268
0.006499999999999999,-0.0068,-0.2927143681273454,-0.03307208148723198,-0.015585401284906375
0.006600000000000001,-0.0068,-0.2670094671918496,-0.03265060281782528,-0.01658742830368147
0.0067,-0.0068,-0.2654077031584538,-0.03197496075430571,-0.017644936952002584
0.0068,-0.0068,-0.2559130479354116,-0.03138372606997162,-0.018564965800152763
0.0069,-0.0068,-0.23700121605434143,-0.03073201043353855,-0.019500396718925936
0.006999999999999999,-0.0068,-0.22948581834942072,-0.030014328351863573,-0.02027070948601377
0.007100000000000001,-0.0068,-0.20785487761428217,-0.029256496208434603,-0.02088160223280317
0.0072,-0.0068,-0.19536906660164596,-0.02816103292823507,-0.021363618578018797
0.0073,-0.0068,-0.18915760435003645,-0.027641895816486645,-0.022002681762355588
0.0074,-0.0068,-0.16882873237682355,-0.026307014874521285,-0.02247867172888624
0.0075,-0.0068,-0.15638530286148833,-0.02533511881860422,-0.0223745193973232
0.0076,-0.0068,-0.1457391447127841,-0.024155610427771947,-0.022776087745797126
0.0077,-0.0068,-0.13240236474495595,-0.022841259717043014,-0.02261647677546055
0.0078,-0.0068,-0.12018503225700429,-0.021673327649537326,-0.022492744399502402
0.0079,-0.0068,-0.1056274217895462,-0.02014063861422621,-0.022189930413864994
0.008,-0.0068,-0.10233252215695013,-0.018813993364731663,-0.021611948957962424
0.0081,-0.0068,-0.09253017985735519,-0.017361750487527278,-0.021005304732072065
0.0082,-0.0068,-0.08447193101378557,-0.015833155517796405,-0.020008211064956177
0.0083,-0.0068,-0.07915597156819386,-0.014553291506707602,-0.01914053432635442
0.0084,-0.0068,-0.07485627316081772,-0.01305674465031325,-0.017959387847134533
0.0085,-0.0068,-0.07063717573543678,-0.011489582291262242,-0.016698479525640967
0.0086,-0.0068,-0.06872810576919526,-0.010197082954710696,-0.015325372101869168
0.0087,-0.0068,-0.06706729249927472,-0.00877293334076705,-0.013982881675726583
0.0088,-0.0068,-0.06627274452196222,-0.007508640032619825,-0.012418451888685074
0.0089,-0.0068,-0.06678655965707403,-0.00620039365680785,-0.011102001195416501
0.009,-0.0068,-0.06783240912791048,-0.005125455879561267,-0.009426581671971789
0.0091,-0.0068,-0.06978780803404985,-0.004011152109715539,-0.007710766110903569
0.0092,-0.0068,-0.0720607783589737,-0.003077133788746256,-0.00629835137051165
0.0093,-0.0068,-0.07439764014149938,-0.0023305511881817043,-0.004829695799783075
0.0094,-0.0068,-0.07718871937247683,-0.0016487503945533167,-0.0036051934688509663
0.0095,-0.0068,-0.07998629603088969,-0.0011030616315265145,-0.002454747509082287
0.0096,-0.0068,-0.08256977558483912,-0.0006673301545814631,-0.0015421442036206534
0.0097,-0.0068,-0.08449480563227106,-0.00035254983485463254,-0.000809350835142297
0.0098,-0.0068,-0.08670430419741958,-0.00013016206872525885,-0.00026351498633020253
0.0099,-0.0068,-0.08875481200485215,-5.3621640967511544e-05,4.0885646506224565e-05
0.01,-0.0068,-0.09198811167430888,0.0,0.0
0.0,-0.0067,0.05787487824743925,0.0,0.0
0.0001,-0.0067,0.057734384577337344,-9.969809765170463e-05,0.0020531874608638637
0.0002,-0.0067,0.055573355393581735,-0.0003070066612790125,0.0038338094499995486
0.0003,-0.0067,0.05333547795177972,-0.0005839700435517799,0.005476747979528641
0.0004,-0.0067,0.051562592154223624,-0.0009863580209402074,0.006855299306673323
0.0005,-0.0067,0.04956438617308251,-0.0014191893336171647,0.00810160740464273
0.0006,-0.0067,0.04778549889245768,-0.001938427727581028,0.009220083970852864
0.0007,-0.0067,0.046174586329956385,-0.0025495633247542312,0.010067827795446774
0.0008,-0.0067,0.04376746428044984,-0.0030837286682475155,0.01112121567843422
0.0009,-0.0067,0.04175092730742542,-0.003826233186639786,0.011853229810048702
0.001,-0.0067,0.038636356809482665,-0.0044845373693034605,0.012452215829373697
0.0011,-0.0067,0.03611389038893476,-0.005174796122419422,0.013104485058977856
0.0012,-0.0067,0.031906524214418495,-0.0059107583946272114,0.013793893779790812
0.0013000000000000002,-0.0067,0.02801331069423947,-0.006629658397996465,0.014352840398217838
0.0014,-0.0067,0.023292870359039215,-0.007373792845134945,0.014820251914324024
0.0015,-0.0067,0.017693542568201652,-0.008151611740354822,0.01518589428935159
0.0016,-0.0067,0.011090061043471036,-0.008929678775575977,0.01566721469295263
0.0017,-0.0067,0.006133959388883654,-0.009705554934272964,0.01602698744080136
0.0018,-0.0067,-0.0030725378096862596,-0.010466089163847479,0.01636250849327157
0.0019,-0.0067,-0.010699953557479382,-0.01132590177501149,0.016633369686537513
0.002,-0.0067,-0.018959370225156254,-0.012111507400476645,0.01683182985246795
0.0021,-0.0067,-0.02828736969842816,-0.012903161183240875,0.01711958341267798
0.0022,-0.0067,-0.037341344705164696,-0.01371091779617318,0.017373810122800096
0.0023,-0.0067,-0.04800107745179176,-0.014457209709491796,0.017480703448250447
0.0024,-0.0067,-0.058568442691152786,-0.015289823053954099,0.01760739806857208
0.0025,-0.0067,-0.07035624408236359,-0.016077464690652455,0.017598626163871433
0.0026000000000000003,-0.0067,-0.08252895889201536,-0.016917660314066055,0.01772183306218592
0.0027,-0.0067,-0.09410276057652359,-0.017674491917298425,0.017653875217470385
0.0028,-0.0067,-0.10826024864646348,-0.01847712517775207,0.01754214997596679
0.0029,-0.0067,-0.12094988774358471,-0.019207207010861,0.017455263266159288
0.003,-0.0067,-0.13394855657015298,-0.020011209675252686,0.017249836493439846
0.0031,-0.0067,-0.14769028932960002,-0.02089150154821183,0.017032392275379653
0.0032,-0.0067,-0.16172102421661905,-0.021574245588948722,0.01665548368763573
0.0033000000000000004,-0.0067,-0.17581867142186258,-0.02228962795273186,0.016326952734274366
0.0034,-0.0067,-0.19183813645483905,-0.02309782483744069,0.01588376440827932
0.0034999999999999996,-0.0067,-0.20584727784201037,-0.023734397063549573,0.015532388718446727
0.0036,-0.0067,-0.21939774552365945,-0.024514976356724803,0.01509744384416331
0.0037,-0.0067,-0.23427863236687302,-0.025239301685180474,0.014545488870021406
0.0038,-0.0067,-0.24851664133232235,-0.025916441597696294,0.013899823395320955
0.0039,-0.0067,-0.2640559938777435,-0.02664148720398689,0.013314179687928501
0.004,-0.0067,-0.2761167305837246,-0.02717941410064987,0.012553534438523554
0.0041,-0.0067,-0.2906805485838398,-0.027856903256457895,0.011807568503197129
0.0042,-0.0067,-0.30086005577047975,-0.028398158452588446,0.011024095257783336
0.0043,-0.0067,-0.3186676100269107,-0.02896167343859726,0.01024963481027155
0.0044,-0.0067,-0.32808174938802104,-0.029517689044170344,0.009343190814636549
0.0045,-0.0067,-0.3350203350492069,-0.03016470825051745,0.0083712138936882
0.0046,-0.0067,-0.35100725498747704,-0.030741480969208337,0.007371316219162065
0.0047,-0.0067,-0.3607651201373238,-0.031158886538406563,0.006277621384893112
0.0048,-0.0067,-0.36678711732865077,-0.03157003359288795,0.005300946950231345
0.0049,-0.0067,-0.37256075700310115,-0.03176045563446491,0.00406570415176523
0.005,-0.0067,-0.38559391757805633,-0.03235548691426337,0.0029542736749270495
0.0051,-0.0067,-0.39271516470559603,-0.03262437951755981,0.0017446644876003546
0.005200000000000001,-0.0067,-0.3984046500523215,-0.03284700435999424,0.0005136898838529442
0.0053,-0.0067,-0.39187391751004075,-0.03339107110890982,-0.0006930637056445092
0.0054,-0.0067,-0.38363024800296913,-0.03358581707159315,-0.0018923625841110192
0.0055,-0.0067,-0.393863045300236,-0.03368959816159154,-0.0031822406204192865
0.0056,-0.0067,-0.3958613529892703,-0.0336611570581721,-0.004484812562182771
0.005700000000000001,-0.0067,-0.4047106956334256,-0.03390928172207405,-0.005568336921227359
0.0058,-0.0067,-0.40068359457797575,-0.03414834716174328,-0.0071226501581795575
0.0059,-0.0067,-0.3883972674530152,-0.034163678598770245,-0.008600882228911857
0.006,-0.0067,-0.3895031606522387,-0.03445077513212955,-0.009690043537388345
0.0061,-0.0067,-0.33650019279217824,-0.0343769812249153,-0.010871610629037035
0.0062,-0.0067,-0.36659212230425203,-0.033915508401948846,-0.012221811922740857
0.0063,-0.0067,-0.34462695460999276,-0.03413804988853337,-0.013593798026910181
0.0064,-0.0067,-0.3318388010224386,-0.033790680119722076,-0.014521380294333423
0.006499999999999999,-0.0067,-0.34600461408507915,-0.03336062791963359,-0.015853526487711725
0.006600000000000001,-0.0067,-0.30791152290783474,-0.033101228738012724,-0.017174305964283203
0.0067,-0.0067,-0.30036982364251197,-0.03251350711226266,-0.01821254314891553
0.0068,-0.0067,-0.2842361951876763,-0.03215405427139224,-0.019206757057892224
0.0069,-0.0067,-0.2702156765666332,-0.031407861670576194,-0.020084767886562122
0.006999999999999999,-0.0067,-0.2663995094281414,-0.03078691980335474,-0.02098334557269453
0.007100000000000001,-0.0067,-0.24071361017911574,-0.030141261601593597,-0.021696975259176993
0.0072,-0.0067,-0.2218367190431349,-0.02927696875934331,-0.022407490172650993
0.0073,-0.0067,-0.21353816789640495,-0.02826887703689871,-0.022868642116435002
0.0074,-0.0067,-0.19229278459936397,-0.02743541739306865,-0.023564627447286518
0.0075,-0.0067,-0.18042819895585152,-0.02610322664020648,-0.02356410632436222
0.0076,-0.0067,-0.1677445656778751,-0.02493376268833105,-0.023914371919425904
0.0077,-0.0067,-0.1520638747822907,-0.023687094574039565,-0.023848416424024365
0.0078,-0.0067,-0.139971651163474,-0.022479191891890057,-0.023753402541525626
0.0079,-0.0067,-0.12674574059232205,-0.02112020433671822,-0.0234186545406238
0.008,-0.0067,-0.11405608068675778,-0.01976770704957245,-0.023009004082089432
0.0081,-0.0067,-0.10743370421275342,-0.018286098266375905,-0.0224415935469368
0.0082,-0.0067,-0.09969864780584597,-0.016760612289306007,-0.021656483822782704
0.0083,-0.0067,-0.09153187225773957,-0.015204304015397033,-0.020538648575791473
0.0084,-0.0067,-0.08491629964427413,-0.013740846451273082,-0.01947640672803615
0.0085,-0.0067,-0.08060017139163445,-0.01240481063090195,-0.018451595354874405
0.0086,-0.0067,-0.07764704169126095,-0.010797440541269951,-0.016985742351560428
0.0087,-0.0067,-0.07501753367308239,-0.00938177446425919,-0.01537833635436842
0.0088,-0.0067,-0.07428869524937987,-0.00805594050451167,-0.013816606379961884
0.0089,-0.0067,-0.07333473373387084,-0.006743156876778828,-0.012096891205294547
0.009,-0.0067,-0.07479174036955663,-0.00558262022933408,-0.010427825969325117
0.0091,-0.0067,-0.07634196630111992,-0.004405566384817491,-0.008772672756728493
0.0092,-0.0067,-0.07864996148256777,-0.0033948304696333055,-0.007179412720522464
0.0093,-0.0067,-0.08107674772970692,-0.0025327637436243096,-0.005544607512875449
0.0094,-0.0067,-0.08394345823244727,-0.0017942887723270352,-0.004168988056398858
0.0095,-0.0067,-0.08643623769810552,-0.0012082537000281078,-0.0029707219752278446
0.0096,-0.0067,-0.08959482977717932,-0.0007392980647179733,-0.0019287095062901008
0.0097,-0.0067,-0.0918136054447151,-0.0003977488654658017,-0.0010850697638688691
0.0098,-0.0067,-0.0947517795641646,-0.0001144774416148248,-0.0004789194647174997
0.0099,-0.0067,-0.09668956696140883,-2.61656696553459e-05,-0.00015548663454335832
0.01,-0.0067,-0.09981474444311532,0.0,0.0
0.0,-0.006600000000000001,0.05205306748774606,0.0,0.0
0.0001,-0.006600000000000001,0.05109357986049312,-0.00010108088804987471,0.002178598882012356
0.0002,-0.006600000000000001,0.0496293699585746,-0.00029560995386822254,0.0040852154046740734
0.0003,-0.006600000000000001,0.04759628135074464,-0.0005890686879218936,0.005809443393507849
0.0004,-0.006600000000000001,0.04528340459542766,-0.0009882183988601336,0.007299845995468977
0.0005,-0.006600000000000001,0.04284823640839581,-0.0014478669013821383,0.008604835690352218
0.0006,-0.006600000000000001,0.04113209123678855,-0.001942752650620679,0.009736981926391162
0.0007,-0.006600000000000001,0.039294154660254745,-0.002540122421837182,0.010731153931443877
0.0008,-0.006600000000000001,0.03720497263342122,-0.0031347308689862853,0.011780648225453843
0.0009,-0.006600000000000001,0.03489806820675955,-0.003740913700391714,0.012489753891139547
0.001,-0.006600000000000001,0.03190671560378539,-0.00445053860956162,0.013266320909223146
0.0011,-0.006600000000000001,0.028766353611000415,-0.005152906956186599,0.013860595345435862
0.0012,-0.006600000000000001,0.024207864108988675,-0.005873533453094217,0.01445164974326936
0.0013000000000000002,-0.006600000000000001,0.01926066556718104,-0.00660717730560942,0.015027707380697038
0.0014,-0.006600000000000001,0.014812908164016078,-0.007382425181782651,0.01554790038377958
0.0015,-0.006600000000000001,0.008661970886345209,-0.008122586370252947,0.016022839798604582
0.0016,-0.006600000000000001,0.0033007412663497784,-0.008905296391311605,0.01643112127624108
0.0017,-0.006600000000000001,-0.006219594109605916,-0.009664646430105306,0.016815631072709475
0.0018,-0.006600000000000001,-0.011028787770565294,-0.010510384171332108,0.017205432422653627
0.0019,-0.006600000000000001,-0.020671382693646795,-0.01130192562643751,0.0175023346311509
0.002,-0.006600000000000001,-0.029266777627449857,-0.012036884339844296,0.01769214150654073
0.0021,-0.006600000000000001,-0.04037427068519884,-0.012817959880718608,0.017979066751141845
0.0022,-0.006600000000000001,-0.049167047443438,-0.013618976642168858,0.018158969102254337
0.0023,-0.006600000000000001,-0.061919512630132255,-0.014460002304766975,0.018355810862921585
0.0024,-0.006600000000000001,-0.07299174684842102,-0.015260559327697563,0.018490230825233028
0.0025,-0.006600000000000001,-0.08532904259544809,-0.01605336069527257,0.01845910239438364
0.0026000000000000003,-0.006600000000000001,-0.09730755588684058,-0.016865557298171067,0.018516445720131038
0.0027,-0.006600000000000001,-0.11226283355643302,-0.017621356823497858,0.018386465305002625
0.0028,-0.006600000000000001,-0.12428199952253564,-0.0184126357792276,0.018379127458465188
0.0029,-0.006600000000000001,-0.1392368660104734,-0.019198076643116596,0.018227670435804207
0.003,-0.006600000000000001,-0.1534452586532806,-0.019964124330142354,0.017947105572925778
0.0031,-0.006600000000000001,-0.16813890601875706,-0.020782625833241582,0.017650900054226277
0.0032,-0.006600000000000001,-0.18266708743642862,-0.0214474509939378,0.01746841129678405
0.0033000000000000004,-0.006600000000000001,-0.19745598332753406,-0.022146586708532052,0.017044860210447987
0.0034,-0.006600000000000001,-0.2142008040122737,-0.02292101639483547,0.01682055734154548
0.0034999999999999996,-0.006600000000000001,-0.22872043667279318,-0.023696566928756848,0.016288889099914935
0.0036,-0.006600000000000001,-0.24553784457700437,-0.024358565322288736,0.015807223862996336
0.0037,-0.006600000000000001,-0.2592959298829709,-0.02508025832418393,0.015265368679626204
0.0038,-0.006600000000000001,-0.2752915959850739,-0.025741706107346402,0.014623592067239788
0.0039,-0.006600000000000001,-0.29072294496919865,-0.02648918605403083,0.013886121963880766
0.004,-0.006600000000000001,-0.30553667595211753,-0.02704998446215097,0.013346129560707454
0.0041,-0.006600000000000001,-0.31757529068919366,-0.027726331569665863,0.01244665300684105
0.0042,-0.006600000000000001,-0.3334789240816125,-0.028105815691937555,0.011613939400294232
0.0043,-0.006600000000000001,-0.35020078646302777,-0.028747424536860425,0.010779739745345874
0.0044,-0.006600000000000001,-0.36033849506863375,-0.029367937110053335,0.009750149132161674
0.0045,-0.006600000000000001,-0.37248820171787367,-0.029850299991878482,0.008718683438493486
0.0046,-0.006600000000000001,-0.3849049012292104,-0.03045772968533963,0.0078230741187014
0.0047,-0.006600000000000001,-0.39880221769221197,-0.03073506809236838,0.006839182377407105
0.0048,-0.006600000000000001,-0.4063830794300711,-0.03143707373592038,0.005713014768273043
0.0049,-0.006600000000000001,-0.41211720331692636,-0.03174600000330782,0.004488016304596221
0.005,-0.006600000000000001,-0.4219243110661891,-0.032277177253375165,0.0032505804582091662
0.0051,-0.006600000000000001,-0.4273825626542077,-0.032421290746038715,0.0021227386967141416
0.005200000000000001,-0.006600000000000001,-0.43508171393227446,-0.032972393964210166,0.0009166059821774785
0.0053,-0.006600000000000001,-0.4413499610503896,-0.03297693522308414,-0.0003635745884334378
0.0054,-0.006600000000000001,-0.43805315779507387,-0.03336908891689966,-0.0016494258639112693
0.0055,-0.006600000000000001,-0.43735867354843627,-0.03380006132165022,-0.0030116141171531094
0.0056,-0.006600000000000001,-0.4203245653201107,-0.033926447052986634,-0.004354459418737438
0.005700000000000001,-0.006600000000000001,-0.42560122939580886,-0.03391965884773795,-0.005694804562215225
0.0058,-0.006600000000000001,-0.4176234119515097,-0.03413015096342636,-0.006995435724756752
0.0059,-0.006600000000000001,-0.4335471410491101,-0.03394351973643478,-0.008190327850511332
0.006,-0.006600000000000001,-0.4237760258856974,-0.03438535955835953,-0.00948981912941474
0.0061,-0.006600000000000001,-0.40172848311886317,-0.03420385189176492,-0.011200757926821061
0.0062,-0.006600000000000001,-0.42941042475820335,-0.03406657565614645,-0.012565978824012926
0.0063,-0.006600000000000001,-0.3862617708494844,-0.034634003882869746,-0.013537023391910128
0.0064,-0.006600000000000001,-0.38811142090909356,-0.033953993680992015,-0.014918906896702156
0.006499999999999999,-0.006600000000000001,-0.371083207427503,-0.03401084304478783,-0.016327457888714245
0.006600000000000001,-0.006600000000000001,-0.35240249120799366,-0.03334674781912979,-0.017399360813468254
0.0067,-0.006600000000000001,-0.35467022307295387,-0.03309387210228658,-0.018628509614791833
0.0068,-0.006600000000000001,-0.31756457316234576,-0.03283606732009409,-0.019725595957879295
0.0069,-0.006600000000000001,-0.30501475632152975,-0.032124793482131445,-0.020721544699628038
0.006999999999999999,-0.006600000000000001,-0.29468758415787794,-0.03139757953905891,-0.021615748894631262
0.007100000000000001,-0.006600000000000001,-0.27035928649410074,-0.030842261798748518,-0.022499677905079757
0.0072,-0.006600000000000001,-0.25323031673343344,-0.029939559177612443,-0.023274294077308504
0.0073,-0.006600000000000001,-0.24508595786269247,-0.029071720396803447,-0.02389135781022993
0.0074,-0.006600000000000001,-0.22392709915503836,-0.02803854578606815,-0.024551781682162304
0.0075,-0.006600000000000001,-0.2068796863652061,-0.027051084768693293,-0.024709689198277044
0.0076,-0.006600000000000001,-0.19060749790007828,-0.025627170595124413,-0.025200668730899257
0.0077,-0.006600000000000001,-0.17359218478758043,-0.024809044419575228,-0.025362438018909313
0.0078,-0.006600000000000001,-0.16234627744869926,-0.02341510916592985,-0.02507678321534485
0.0079,-0.006600000000000001,-0.15218150585780293,-0.022075244456255166,-0.024834765074193146
0.008,-0.006600000000000001,-0.13619143203094927,-0.020711698329693,-0.024471100548703564
0.0081,-0.006600000000000001,-0.12519629121952622,-0.019162943096076055,-0.024018474555665987
0.0082,-0.006600000000000001,-0.11279455071864897,-0.017625692783323415,-0.0230990628476093
0.0083,-0.006600000000000001,-0.10462579440985881,-0.016012677484376323,-0.02202769381967309
0.0084,-0.006600000000000001,-0.09672390804486705,-0.014593380186778825,-0.020843713469023636
0.0085,-0.006600000000000001,-0.09095669653459901,-0.01305223874642953,-0.019900148836606815
0.0086,-0.006600000000000001,-0.08752405095009139,-0.011545028648257311,-0.018214379903161014
0.0087,-0.006600000000000001,-0.08438688256671203,-0.009982874020612731,-0.01671476192167756
0.0088,-0.006600000000000001,-0.08312388461471419,-0.00862347762674075,-0.015124865326512766
0.0089,-0.006600000000000001,-0.08199694495189115,-0.007188754520456378,-0.013496785823103721
0.009,-0.006600000000000001,-0.08193133559396054,-0.005920067185951726,-0.011667403725153486
0.0091,-0.006600000000000001,-0.08347171394994497,-0.004798186036689476,-0.009708656248681079
0.0092,-0.006600000000000001,-0.08554944481272693,-0.003651000548858083,-0.00798267733234674
0.0093,-0.006600000000000001,-0.088209264914832,-0.0028342709731268094,-0.006420117717769943
0.0094,-0.006600000000000001,-0.0913948343323642,-0.001999087959008602,-0.004835331803964174
0.0095,-0.006600000000000001,-0.09429033915312941,-0.001334236923934219,-0.003550054086228024
0.0096,-0.006600000000000001,-0.09695725392046191,-0.0008252031682086926,-0.0023443371470263687
0.0097,-0.006600000000000001,-0.0995316418581434,-0.0004540463852226993,-0.0013902419262855432
0.0098,-0.006600000000000001,-0.10170667585404003,-0.00020233716192507068,-0.0006596500790434488
0.0099,-0.006600000000000001,-0.103104247383453,-6.220203681309119e-05,-0.00021739025281152836
0.01,-0.006600000000000001,-0.10784828897533348,0.0,0.0
0.0,-0.006499999999999999,0.0448583430673112,0.0,0.0
0.0001,-0.006499999999999999,0.04368194522239114,-9.952735401013587e-05,0.002335684580684077
0.0002,-0.006499999999999999,0.04326977906871781,-0.00029034670551917176,0.0043388911725408714
0.0003,-0.006499999999999999,0.04053154481464099,-0.0005964624793263114,0.006169925538463003
0.0004,-0.006499999999999999,0.038962397904648546,-0.0009698385957212817,0.007664677834338176
0.0005,-0.006499999999999999,0.03688292671715145,-0.0014383270626757577,0.00906874234721836
0.0006,-0.006499999999999999,0.034493114531231654,-0.0019317339516486615,0.010245633444291843
0.0007,-0.006499999999999999,0.032239112799491404,-0.002513082175999831,0.011267085399923413
0.0008,-0.006499999999999999,0.030068112383017508,-0.0031151641305685457,0.012135693234237535
0.0009,-0.006499999999999999,0.02729752734886999,-0.0037205606529207543,0.013165217001098845
0.001,-0.006499999999999999,0.02415243026015614,-0.004435119814371786,0.013933738388952175
0.0011,-0.006499999999999999,0.020015179191969875,-0.005108968550672968,0.014584286129297734
0.0012,-0.006499999999999999,0.016324582788072663,-0.0058412743812884735,0.015223169269335533
0.0013000000000000002,-0.006499999999999999,0.012034344137866545,-0.006599309888819601,0.015853576101267437
0.0014,-0.006499999999999999,0.006139335527428166,-0.007318344758034093,0.016291388210327364
0.0015,-0.006499999999999999,-0.0011401839053360927,-0.008095293975327019,0.016770634373222543
0.0016,-0.006499999999999999,-0.005737675984703766,-0.008857199858131866,0.017211992599584065
0.0017,-0.006499999999999999,-0.014200463754565518,-0.009609240053546693,0.017604440446066693
0.0018,-0.006499999999999999,-0.024067512788690865,-0.010389491983005563,0.017951914393585535
0.0019,-0.006499999999999999,-0.032221820159569495,-0.0112663793982108,0.0183809143436225
0.002,-0.006499999999999999,-0.041728105454332316,-0.011924382453313388,0.018527526643329472
0.0021,-0.006499999999999999,-0.052106737874897224,-0.012802322918447807,0.018757326032515013
0.0022,-0.006499999999999999,-0.06264101863327536,-0.013545155345375813,0.01888822465627781
0.0023,-0.006499999999999999,-0.07557576511301604,-0.01434300350793617,0.01909823155397815
0.0024,-0.006499999999999999,-0.08728223880654999,-0.01511957178043284,0.019157465932551365
0.0025,-0.006499999999999999,-0.09945657088311201,-0.01595033777232414,0.019227648782658358
0.0026000000000000003,-0.006499999999999999,-0.11417539585359887,-0.016722144672693864,0.019211948392436787
0.0027,-0.006499999999999999,-0.1284378053216394,-0.017498916831922506,0.01917589925072684
0.0028,-0.006499999999999999,-0.14307960464268515,-0.01825200384719237,0.019136404734611128
0.0029,-0.006499999999999999,-0.15654861509104695,-0.018990004024356428,0.018921362346465062
0.003,-0.006499999999999999,-0.1718744789687306,-0.019809998455849683,0.018774605042064657
0.0031,-0.006499999999999999,-0.18796901728033794,-0.020505211598749053,0.01838107551869401
0.0032,-0.006499999999999999,-0.2036251786898233,-0.02138979655382306,0.01826405885907766
0.0033000000000000004,-0.006499999999999999,-0.22089696318393942,-0.02204608905521709,0.017966387332921458
0.0034,-0.006499999999999999,-0.23600773574086334,-0.022748544390521538,0.017511434462983932
0.0034999999999999996,-0.006499999999999999,-0.2540391537744366,-0.023468372633637567,0.01695956097320964
0.0036,-0.006499999999999999,-0.2702123605131684,-0.024115648551772107,0.01647130465168199
0.0037,-0.006499999999999999,-0.28733242626685485,-0.024855321497881683,0.01589575846099168
0.0038,-0.006499999999999999,-0.30195363838636197,-0.02548821033465906,0.015251845139144422
0.0039,-0.006499999999999999,-0.3174364710894941,-0.02624245210440676,0.014688228867975479
0.004,-0.006499999999999999,-0.33527212324205086,-0.026664065215475354,0.013824167185822803
0.0041,-0.006499999999999999,-0.35131550096563435,-0.02754135467184622,0.013139518971861339
0.0042,-0.006499999999999999,-0.3638387004575876,-0.02773725080856171,0.012202266714284137
0.0043,-0.006499999999999999,-0.3828801587156326,-0.02845180525519807,0.011270667112304764
0.0044,-0.006499999999999999,-0.3977671284553314,-0.029017927714267578,0.010448341810941364
0.0045,-0.006499999999999999,-0.4093367595997983,-0.029665440544357137,0.009405700224831108
0.0046,-0.006499999999999999,-0.4216116546498004,-0.03002096074273286,0.008268772230107723
0.0047,-0.006499999999999999,-0.4343987171714107,-0.03060638868110778,0.007154811443065035
0.0048,-0.006499999999999999,-0.4456219437065341,-0.031093712926192542,0.006017379323090069
0.0049,-0.006499999999999999,-0.45297948417989486,-0.0314881948232865,0.0049105222928196145
0.005,-0.006499999999999999,-0.45670036231740696,-0.03174555370231098,0.003677724066518255
0.0051,-0.006499999999999999,-0.46393823429412523,-0.0322564790279497,0.0024230533100613513
0.005200000000000001,-0.006499999999999999,-0.46805357761770977,-0.03257146615151063,0.0012123630795065825
0.0053,-0.006499999999999999,-0.47656996861006995,-0.03288580024652101,-7.923979482930589e-05
0.0054,-0.006499999999999999,-0.47759980399779234,-0.033028824684341894,-0.0013990490854580181
0.0055,-0.006499999999999999,-0.4815233594789678,-0.03357198778581821,-0.002741003269982772
0.0056,-0.006499999999999999,-0.48271172584883026,-0.03378254391358453,-0.0041048612428857606
0.005700000000000001,-0.006499999999999999,-0.48356343267429674,-0.03406215215999755,-0.005652787647344071
0.0058,-0.006499999999999999,-0.45909345139650587,-0.03432986858481425,-0.006998439953571295
0.0059,-0.006499999999999999,-0.4545563320177669,-0.03417264075794797,-0.008348745849845197
0.006,-0.006499999999999999,-0.4613139588145104,-0.034244766973598684,-0.009650009341085996
0.0061,-0.006499999999999999,-0.45651771694891524,-0.03439369311479231,-0.010654668218293984
0.0062,-0.006499999999999999,-0.46103875625135365,-0.034537812171822425,-0.012138335503457871
0.0063,-0.006499999999999999,-0.4481383487351921,-0.03440930264094925,-0.013821467730570237
0.0064,-0.006499999999999999,-0.4351765101530026,-0.03433053044804795,-0.01525563327947126
0.006499999999999999,-0.006499999999999999,-0.40352030028859126,-0.03405703101128823,-0.016514075867663517
0.006600000000000001,-0.006499999999999999,-0.3994221628366793,-0.03381830930147508,-0.017751486347212145
0.0067,-0.006499999999999999,-0.3771734100798807,-0.03350823277267907,-0.019132751767922753
0.0068,-0.006499999999999999,-0.3596788718117206,-0.03299552637525651,-0.020123596614615148
0.0069,-0.006499999999999999,-0.35807281083927334,-0.03241555489293141,-0.021239681668580607
0.006999999999999999,-0.006499999999999999,-0.32457789418557365,-0.0321823283543417,-0.02229605923640468
0.007100000000000001,-0.006499999999999999,-0.3010774412643957,-0.031354254983126974,-0.02321971538468138
0.0072,-0.006499999999999999,-0.28583117858561446,-0.03048573090730583,-0.02413218220612695
0.0073,-0.006499999999999999,-0.2759605077937733,-0.029656679226982775,-0.02481382146205889
0.0074,-0.006499999999999999,-0.25576085155148726,-0.028952352391729986,-0.02533929763570704
0.0075,-0.006499999999999999,-0.23488014518207997,-0.027510203436256472,-0.025776070290262156
0.0076,-0.006499999999999999,-0.21474140426921048,-0.026775551235199646,-0.02626597217566139
0.0077,-0.006499999999999999,-0.19859101431883414,-0.025447890737993712,-0.026444649827268518
0.0078,-0.006499999999999999,-0.18167110303046174,-0.024294907281576166,-0.026361465367084603
0.0079,-0.006499999999999999,-0.17018403739783775,-0.023004397251580325,-0.026279586077936054
0.008,-0.006499999999999999,-0.15352051482719695,-0.021426110053864418,-0.02593504840824821
0.0081,-0.006499999999999999,-0.14311408524119934,-0.020017080912317853,-0.025448559285224506
0.0082,-0.006499999999999999,-0.12716613715915587,-0.018607113519824785,-0.0245283486880936
0.0083,-0.006499999999999999,-0.12014502049367162,-0.016977211740956486,-0.023661056882426958
0.0084,-0.006499999999999999,-0.111438428648702,-0.015321645865983974,-0.02237418181597172
0.0085,-0.006499999999999999,-0.10395415481110747,-0.013805994807646372,-0.021312611198821205
0.0086,-0.006499999999999999,-0.09859561395185426,-0.012286780119220662,-0.019741274330472847
0.0087,-0.006499999999999999,-0.09443575740098298,-0.010635126208034239,-0.018361697544620633
0.0088,-0.006499999999999999,-0.09178266891545081,-0.0091445897232116,-0.016626327001373543
0.0089,-0.006499999999999999,-0.0898447730773586,-0.007710396631789156,-0.014831291108668425
0.009,-0.006499999999999999,-0.09000584463953551,-0.006307691182117015,-0.01306136224172215
0.0091,-0.006499999999999999,-0.09109060192567345,-0.005117775894147813,-0.01103639700308472
0.0092,-0.006499999999999999,-0.09305930683258039,-0.0039839694003325375,-0.009164348679881914
0.0093,-0.006499999999999999,-0.09544970188508463,-0.0029870753493944913,-0.007491656460804257
0.0094,-0.006499999999999999,-0.09860899097281281,-0.002176976315331662,-0.005574659048551999
0.0095,-0.006499999999999999,-0.10112040188811378,-0.0014633354816520104,-0.0041386646159238035
0.0096,-0.006499999999999999,-0.10481872538265652,-0.0009007741907987685,-0.002830879376596748
0.0097,-0.006499999999999999,-0.1079608869933302,-0.0004966599957786696,-0.001710154667621412
0.0098,-0.006499999999999999,-0.10944425831953102,-0.0002021017381544585,-0.0008367562554584401
0.0099,-0.006499999999999999,-0.1110038153462984,-5.0487520281957484e-05,-0.00029284781604494613
0.01,-0.006499999999999999,-0.1105112378660738,0.0,0.0
0.0,-0.0064,0.037276753580925366,0.0,0.0
0.0001,-0.0064,0.03711583398899646,-9.84322878927351e-05,0.0024602101102147627
0.0002,-0.0064,0.03529439061496476,-0.0002909399151457919,0.004608652968701484
0.0003,-0.0064,0.03277204284566342,-0.0005769092167890875,0.006496857096094011
0.0004,-0.0064,0.031218138257895628,-0.0009292911446708556,0.008132560892635412
0.0005,-0.0064,0.028947717666701185,-0.001387503223787079,0.009565995244256203
0.0006,-0.0064,0.027174314873625153,-0.0019087220891927125,0.010796915473678366
0.0007,-0.0064,0.02483480126628858,-0.0024724417232984573,0.01182616618960067
0.0008,-0.0064,0.022348316846242788,-0.003087717523110679,0.012974096346498633
0.0009,-0.0064,0.01954148785188735,-0.0037239206755392547,0.01385753791444293
0.001,-0.0064,0.016475752029834163,-0.004382182114766223,0.01460755776862518
0.0011,-0.0064,0.012301969519050961,-0.005092489519006797,0.015334661364268627
0.0012,-0.0064,0.007656489573769341,-0.005792977078972308,0.015944957352089874
0.0013000000000000002,-0.0064,0.00260944569690956,-0.006523443962439818,0.016506145034588113
0.0014,-0.0064,-0.002968604960127644,-0.0072658657712588864,0.01708503120929064
0.0015,-0.0064,-0.010046353659656448,-0.008004388901953237,0.017562176050279682
0.0016,-0.0064,-0.015785057982351417,-0.008777388279855717,0.017973215502855244
0.0017,-0.0064,-0.024108465147895414,-0.009520925903227001,0.018347266300120523
0.0018,-0.0064,-0.03416835091560417,-0.010355517926117186,0.018643363664803736
0.0019,-0.0064,-0.04329880249583304,-0.011132791355631683,0.018900342905285306
0.002,-0.0064,-0.05492886434559566,-0.011875315219139735,0.019247711782830537
0.0021,-0.0064,-0.06486426313502425,-0.012621535684112874,0.01951653097375944
0.0022,-0.0064,-0.07602769013844954,-0.013398170654936174,0.019620446101690784
0.0023,-0.0064,-0.08818519854426869,-0.014215486347155548,0.01985532732924954
0.0024,-0.0064,-0.10242063163267472,-0.014946527811400623,0.02000120388605482
0.0025,-0.0064,-0.11637509952915745,-0.015767817532300162,0.020021299526717093
0.0026000000000000003,-0.0064,-0.12998597652743768,-0.016537660451353856,0.02002271809478562
0.0027,-0.0064,-0.14471357981384225,-0.01730467156823963,0.019982028669481438
0.0028,-0.0064,-0.1600052409038311,-0.018079976047275983,0.01988118965931136
0.0029,-0.0064,-0.17654667913472052,-0.018840091330520583,0.019710811875807834
0.003,-0.0064,-0.19269576023373525,-0.0195512049372559,0.01947872751047368
0.0031,-0.0064,-0.20969589679781503,-0.020373522930181576,0.019261808669966546
0.0032,-0.0064,-0.22651368664520827,-0.021049674594805227,0.01896995711870901
0.0033000000000000004,-0.0064,-0.24338258509025915,-0.021718689401701893,0.01864320212391415
0.0034,-0.0064,-0.26033649027260586,-0.022521497440754393,0.018208655385212207
0.0034999999999999996,-0.0064,-0.2795734737630136,-0.023194295042797408,0.01766228682935583
0.0036,-0.0064,-0.2954988309326079,-0.02380691287736226,0.0171614371202485
0.0037,-0.0064,-0.3142674802003358,-0.0245311518021191,0.016492161870105083
0.0038,-0.0064,-0.33222967817890803,-0.025248893640948733,0.01589382011598649
0.0039,-0.0064,-0.3486446877592643,-0.025955529923989473,0.015132804840716966
0.004,-0.0064,-0.3659211655528763,-0.026459886707311853,0.014485497593194613
0.0041,-0.0064,-0.3827327072439653,-0.026926584863005795,0.013650180555392716
0.0042,-0.0064,-0.3988770066334221,-0.02771246008019117,0.012810803558856249
0.0043,-0.0064,-0.4154905098089125,-0.028274036949834814,0.011852948067554277
0.0044,-0.0064,-0.42922398957403757,-0.02861013812578214,0.010914472419082537
0.0045,-0.0064,-0.4476895941327404,-0.029064273438711197,0.009850034327276071
0.0046,-0.0064,-0.4570769678672724,-0.029683338381344345,0.008783353508157166
0.0047,-0.0064,-0.4700415204649255,-0.030163122413121704,0.007701029046424707
0.0048,-0.0064,-0.48334866506623786,-0.03061573528575905,0.006493253383946976
0.0049,-0.0064,-0.489223188346633,-0.030886571260947984,0.005310982752886641
0.005,-0.0064,-0.49900086626943935,-0.03126055527285354,0.0040932132124289
0.0051,-0.0064,-0.5109558783254576,-0.03181115707424566,0.0028153887136914144
0.005200000000000001,-0.0064,-0.5160232354056699,-0.03200884464526597,0.0015133341482683246
0.0053,-0.0064,-0.5202094808554755,-0.032552084593010365,0.0002234876752961865
0.0054,-0.0064,-0.5190919227193215,-0.032671442049694834,-0.0011119559139361663
0.0055,-0.0064,-0.5240342042103995,-0.032977710183649804,-0.002473038824035838
0.0056,-0.0064,-0.5282855893127806,-0.033259815771596694,-0.003886857818765233
0.005700000000000001,-0.0064,-0.5337819950940202,-0.033357903723796586,-0.005264745451938176
0.0058,-0.0064,-0.5356087827205124,-0.03371514713664511,-0.006665387290954317
0.0059,-0.0064,-0.5118000257041001,-0.03419328610266662,-0.008178453893531083
0.006,-0.0064,-0.49499905136999145,-0.03431656262240973,-0.009595818634829426
0.0061,-0.0064,-0.5083375067421249,-0.03418665384337576,-0.010794210607189927
0.0062,-0.0064,-0.48030894307204836,-0.034393714328482976,-0.012436026202760141
0.0063,-0.0064,-0.4527001302241948,-0.03405136533434185,-0.013867495666228056
0.0064,-0.0064,-0.45843258829601263,-0.03402047123457524,-0.015215987208115879
0.006499999999999999,-0.0064,-0.4543137579667093,-0.03396084938179974,-0.01671596202537326
0.006600000000000001,-0.0064,-0.4421366498860435,-0.03385219726737944,-0.018017601563849277
0.0067,-0.0064,-0.4113131470908946,-0.033679171043687194,-0.019427811034774353
0.0068,-0.0064,-0.4031884603114683,-0.033106728135986384,-0.020552031623580158
0.0069,-0.0064,-0.3909933739910121,-0.032774922167115327,-0.021795895026113867
0.006999999999999999,-0.0064,-0.3647137859620579,-0.03247619483635948,-0.02286646281160262
0.007100000000000001,-0.0064,-0.34432656214835883,-0.03181989112195281,-0.02384560164152786
0.0072,-0.0064,-0.32525644218501365,-0.031007896317598673,-0.02482062215271072
0.0073,-0.0064,-0.3082109867802697,-0.03026044908091168,-0.025666058652123538
0.0074,-0.0064,-0.28710642594315816,-0.029512544229185644,-0.026370942784952292
0.0075,-0.0064,-0.26714824366230727,-0.028544413655196374,-0.02695664332672636
0.0076,-0.0064,-0.24583665929170623,-0.027342933854750007,-0.02731080535675208
0.0077,-0.0064,-0.22586287422666027,-0.02627125523810511,-0.027531767596579815
0.0078,-0.0064,-0.20838394454419631,-0.025124393019457732,-0.02763731458117874
0.0079,-0.0064,-0.1854059395682985,-0.023798311706632436,-0.027620217585499814
0.008,-0.0064,-0.17046852872813403,-0.022266524149757317,-0.02718214330381058
0.0081,-0.0064,-0.16199300606853634,-0.020770221864532135,-0.026862923286544993
0.0082,-0.0064,-0.14355314317809745,-0.019258436367285355,-0.02614799413579927
0.0083,-0.0064,-0.129851603476739,-0.017793615935312156,-0.025243997939575026
0.0084,-0.0064,-0.12434734351799344,-0.01615927216462303,-0.024101596562087088
0.0085,-0.0064,-0.117203875778041,-0.01449510897309715,-0.022729046522740538
0.0086,-0.0064,-0.10945867846534114,-0.012921110222679794,-0.021407360425943857
0.0087,-0.0064,-0.10494661601574813,-0.01131931707804871,-0.019788499854271717
0.0088,-0.0064,-0.10202838255199635,-0.0097888503906963,-0.01817003249675112
0.0089,-0.0064,-0.09870125952403724,-0.008253069168896985,-0.016217973996910755
0.009,-0.0064,-0.09842294828801504,-0.006790051572871741,-0.01432063207778227
0.0091,-0.0064,-0.09945554512245149,-0.005476006794559562,-0.012278070346707158
0.0092,-0.0064,-0.10126236460991875,-0.004311410530169879,-0.010148771275945233
0.0093,-0.0064,-0.10360853469102418,-0.0032897770591267016,-0.0083796124080865
0.0094,-0.0064,-0.10658760584585926,-0.002379217622807253,-0.006480731255107744
0.0095,-0.0064,-0.109562869720147,-0.0016529349854898338,-0.004803362141135567
0.0096,-0.0064,-0.11247381291215236,-0.0010028555982116725,-0.003310703888995239
0.0097,-0.0064,-0.11616188936200653,-0.0005572797760784481,-0.0020620658185031234
0.0098,-0.0064,-0.11904412539117118,-0.00023646949616918457,-0.0010753057284483315
0.0099,-0.0064,-0.12234839854753003,-6.757035532393979e-05,-0.0003723116400744186
0.01,-0.0064,-0.122966875363097,0.0,0.0
0.0,-0.0063,0.02925809712535363,0.0,0.0
0.0001,-0.0063,0.02874800284803908,-9.379168292646223e-05,0.0025665164467021085
0.0002,-0.0063,0.027419771970445966,-0.0002835805907824422,0.004849455469757774
0.0003,-0.0063,0.025025108487587305,-0.0005566170819472952,0.0068432600124504715
0.0004,-0.0063,0.023410476362366688,-0.0009321471511684704,0.00856812726262243
0.0005,-0.0063,0.021226925578086545,-0.001375142408717861,0.01008348941991989
0.0006,-0.0063,0.01918669376160936,-0.0018590760322026063,0.011420012373910831
0.0007,-0.0063,0.01670223886483529,-0.0024218845980500912,0.012471306044023136
0.0008,-0.0063,0.014230658101998323,-0.0030151655001709682,0.013550279443656776
0.0009,-0.0063,0.011302707506203888,-0.003685110864158363,0.014546090779238597
0.001,-0.0063,0.007447552933467503,-0.004321934052272668,0.015369575550886444
0.0011,-0.0063,0.003622995085289837,-0.005012562244406198,0.015994278367522395
0.0012,-0.0063,-0.0015250843876957367,-0.005714927130575445,0.01667339377658019
0.0013000000000000002,-0.0063,-0.006087509101554233,-0.0064311532256320835,0.017236739309087146
0.0014,-0.0063,-0.011945200938457804,-0.007152982004476319,0.017779355675968122
0.0015,-0.0063,-0.020751774507695997,-0.007931480545382832,0.018281531235576336
0.0016,-0.0063,-0.026643355184768833,-0.008671366755366016,0.018739510439446216
0.0017,-0.0063,-0.03625552781100277,-0.009415425415739427,0.019122696115056223
0.0018,-0.0063,-0.04497058843689943,-0.010221997345270918,0.019433843842582642
0.0019,-0.0063,-0.05538321859283595,-0.010921708339587131,0.019793557372806664
0.002,-0.0063,-0.0662798401372569,-0.01169536701584739,0.02006073677348836
0.0021,-0.0063,-0.07812832813894664,-0.012552380142502408,0.02038739742747407
0.0022,-0.0063,-0.09013745211522256,-0.013233825633193206,0.020462439388353557
0.0023,-0.0063,-0.10300003334349113,-0.01402694090682185,0.02064485834719541
0.0024,-0.0063,-0.116884137403152,-0.0147863252919997,0.020805800733355376
0.0025,-0.0063,-0.131102199541694,-0.015553789521623963,0.02078914923042595
0.0026000000000000003,-0.0063,-0.1479792170380326,-0.01629004419775459,0.020743561871768207
0.0027,-0.0063,-0.1630477866917169,-0.017043493254371215,0.020759501101645903
0.0028,-0.0063,-0.17845855660327084,-0.01780210723260256,0.02064097414264836
0.0029,-0.0063,-0.19606995165460744,-0.018495933771066085,0.020407878101735145
0.003,-0.0063,-0.21327329481233032,-0.01927770682038518,0.020204019122636904
0.0031,-0.0063,-0.23093715905277232,-0.019979895420978274,0.020101687225987205
0.0032,-0.0063,-0.24813105043633518,-0.02071686744931042,0.019668404276460872
0.0033000000000000004,-0.0063,-0.2673269892290039,-0.021400493057933914,0.01927298001797649
0.0034,-0.0063,-0.28671310704140923,-0.022147996131112874,0.018931710606797006
0.0034999999999999996,-0.0063,-0.30330775391257414,-0.02282719148945869,0.018446417807127153
0.0036,-0.0063,-0.32365237102192007,-0.023420798260747683,0.01781897684525993
0.0037,-0.0063,-0.3428417974381032,-0.024168608584385718,0.017261081899568143
0.0038,-0.0063,-0.3599589789338939,-0.0246461692213429,0.016602499918628937
0.0039,-0.0063,-0.3798618759125363,-0.02525779821421832,0.015869494205626347
0.004,-0.0063,-0.40045448789923044,-0.025969542509402744,0.01508442798886438
0.0041,-0.0063,-0.4149519168723387,-0.02663243663656617,0.014242603773467472
0.0042,-0.0063,-0.43370628299048103,-0.027149010318804224,0.013501547662991283
0.0043,-0.0063,-0.4491458788138888,-0.027743976296631723,0.0124678428224131
0.0044,-0.0063,-0.46463910437194855,-0.028115369242268665,0.011356755448180196
0.0045,-0.0063,-0.48123251504047737,-0.02855208416348104,0.010310094703949722
0.0046,-0.0063,-0.49508934268471677,-0.029161564572560885,0.009243883460214425
0.0047,-0.0063,-0.5087560980628314,-0.0295366971583939,0.008101540120165954
0.0048,-0.0063,-0.5200852976315261,-0.029967127207213198,0.006926018580818433
0.0049,-0.0063,-0.53148785674189,-0.0303362421857849,0.005704807581620203
0.005,-0.0063,-0.5409940996698933,-0.030791238950673705,0.004435777809730979
0.0051,-0.0063,-0.5470046413491921,-0.031028033596441247,0.0031506532266481965
0.005200000000000001,-0.0063,-0.5539582171702244,-0.031427476376099765,0.0018606164422353636
0.0053,-0.0063,-0.560681877910502,-0.03186296075344285,0.0005456076575291399
0.0054,-0.0063,-0.5622061721290337,-0.03204339034996317,-0.0008268736373644282
0.0055,-0.0063,-0.5637011529716354,-0.03239396389448939,-0.002211618050201353
0.0056,-0.0063,-0.5615092283501368,-0.0325391178657499,-0.003608242052503865
0.005700000000000001,-0.0063,-0.5582603186303904,-0.03268248016562475,-0.0050434760692281335
0.0058,-0.0063,-0.5585279589158904,-0.03295050958800229,-0.006426114151427319
0.0059,-0.0063,-0.5647225380672519,-0.03332459689122474,-0.007786574207324953
0.006,-0.0063,-0.5403178647794642,-0.03331076327382524,-0.009242678853845243
0.0061,-0.0063,-0.5615808177266889,-0.03314924235632112,-0.011034695035878478
0.0062,-0.0063,-0.5524742143222546,-0.03383649799682986,-0.012608149930444325
0.0063,-0.0063,-0.5108647856801273,-0.033692500497063745,-0.013932201200971087
0.0064,-0.0063,-0.5007047742269466,-0.03382690807229858,-0.015362106014503042
0.006499999999999999,-0.0063,-0.48115754492718676,-0.03372447387833763,-0.016788592275832636
0.006600000000000001,-0.0063,-0.47867670821339336,-0.03362872148667997,-0.018144530220073625
0.0067,-0.0063,-0.4671166109082795,-0.033199403942620054,-0.01957543148004827
0.0068,-0.0063,-0.44888462167330734,-0.03320127889465468,-0.020899136148085848
0.0069,-0.0063,-0.42653883259226444,-0.03302052209191171,-0.022290751645031207
0.006999999999999999,-0.0063,-0.40326530492962465,-0.03257481125214081,-0.023381907377164602
0.007100000000000001,-0.0063,-0.3857975849807072,-0.03198468202867875,-0.02453205815789108
0.0072,-0.0063,-0.36975367035803486,-0.03142694040876414,-0.025554817346720465
0.0073,-0.0063,-0.3431488276050664,-0.030744913985040357,-0.02640910280703217
0.0074,-0.0063,-0.3208557486301448,-0.02989090191922311,-0.027188744383391264
0.0075,-0.0063,-0.29577073320361486,-0.029135042983796423,-0.027946266241367857
0.0076,-0.0063,-0.2746867057767702,-0.02805911074683115,-0.02847482699047492
0.0077,-0.0063,-0.2572966651566823,-0.02683323416363172,-0.028835691456273283
0.0078,-0.0063,-0.23796756120390736,-0.02575910627485192,-0.02904251418393411
0.0079,-0.0063,-0.21725096088010218,-0.0243975542324831,-0.028879254512301496
0.008,-0.0063,-0.19867202690890573,-0.02311120226440542,-0.028703503158149096
0.0081,-0.0063,-0.19649398964889142,-0.021457255989759994,-0.028298962212568404
0.0082,-0.0063,-0.17349974356387565,-0.02003468527296284,-0.027640963728309466
0.0083,-0.0063,-0.15359655839472636,-0.01845532260163091,-0.026959813187758953
0.0084,-0.0063,-0.14179077596836345,-0.016855300706303238,-0.025787811044376743
0.0085,-0.0063,-0.13096782657017894,-0.015210798983984659,-0.0246309718425396
0.0086,-0.0063,-0.12331745063175466,-0.013626370863244029,-0.02322147002037586
0.0087,-0.0063,-0.11538888459028898,-0.012015652541327741,-0.021349996114901598
0.0088,-0.0063,-0.11064745412204519,-0.010380419679779283,-0.019856048306962984
0.0089,-0.0063,-0.10997750217334336,-0.008746686527738644,-0.017709768939567157
0.009,-0.0063,-0.10782137804175808,-0.007321012432516403,-0.015743840218197427
0.0091,-0.0063,-0.10880393227832018,-0.0059293222102791004,-0.013505364525388822
0.0092,-0.0063,-0.10962856722393881,-0.004692027459897174,-0.01138291860850438
0.0093,-0.0063,-0.11172339499028075,-0.0034665939916353654,-0.009414897352361444
0.0094,-0.0063,-0.1147059329041335,-0.0025460015348754464,-0.007265660546286042
0.0095,-0.0063,-0.1182925771547684,-0.0017463977462273388,-0.005513320977507542
0.0096,-0.0063,-0.12158004263501042,-0.0010984003814486652,-0.0038618864707508555
0.0097,-0.0063,-0.1252128649659662,-0.0006163602297752221,-0.00245201974247685
0.0098,-0.0063,-0.1282069809072764,-0.0002890528277395423,-0.0013263308052647365
0.0099,-0.0063,-0.1300887862157064,-0.00010187125765559316,-0.0005191308330742122
0.01,-0.0063,-0.12980462899211756,0.0,0.0
0.0,-0.0062,0.021072796913934776,0.0,0.0
0.0001,-0.0062,0.02118506385581957,-9.444855097728942e-05,0.0026995551945248365
0.0002,-0.0062,0.018860311217025614,-0.0002724252160233706,0.005047988460434735
0.0003,-0.0062,0.016857240299621244,-0.0005598702110057133,0.007161546797378929
0.0004,-0.0062,0.01506608369755,-0.0009070749133954956,0.008979644801183703
0.0005,-0.0062,0.01283105980320139,-0.0013341946611445108,0.01061583091036962
0.0006,-0.0062,0.011024895652037164,-0.0018425249868087167,0.011796628252151982
0.0007,-0.0062,0.008365463997421302,-0.0024019105388140595,0.013049609414929973
0.0008,-0.0062,0.005840825415476469,-0.002974271200193016,0.014055552660775779
0.0009,-0.0062,0.002072743841703285,-0.0035966436625952817,0.01502234917012877
0.001,-0.0062,-0.0011926321938304566,-0.004252759177402183,0.016026947898193922
0.0011,-0.0062,-0.005651471559822332,-0.004918010218019051,0.016772467044175895
0.0012,-0.0062,-0.011408765436153965,-0.005613897278985729,0.017367528243725724
0.0013000000000000002,-0.0062,-0.015921109553430037,-0.0063157202719699825,0.017978020676066544
0.0014,-0.0062,-0.02369003469200258,-0.007041571242283439,0.0185541612614946
0.0015,-0.0062,-0.030066427649672798,-0.007769285712092507,0.019036989913938242
0.0016,-0.0062,-0.03924648616481061,-0.00853185619847131,0.019534975669944443
0.0017,-0.0062,-0.048116971432362536,-0.009228221159791494,0.01982399245874672
0.0018,-0.0062,-0.056897169286941204,-0.010007076214938813,0.020282685948629316
0.0019,-0.0062,-0.06784940953418091,-0.010744755687287846,0.020539401477326857
0.002,-0.0062,-0.07982616135273936,-0.011525007203792357,0.020914779338086022
0.0021,-0.0062,-0.09259141128027308,-0.01221674354639733,0.0211257513982177
0.0022,-0.0062,-0.10480112916160064,-0.013021864510973617,0.021234159859912685
0.0023,-0.0062,-0.1191399093953649,-0.013768615969953444,0.021464519242179847
0.0024,-0.0062,-0.1333135943527794,-0.01451948681398818,0.021545436034726823
0.0025,-0.0062,-0.14775144464037404,-0.015274429234665224,0.021523350615636545
0.0026000000000000003,-0.0062,-0.16475666753461804,-0.016013510300732486,0.021537190614700327
0.0027,-0.0062,-0.1810948184561714,-0.016730101800294248,0.021483155169140063
0.0028,-0.0062,-0.19795748119759363,-0.01751259311536524,0.02138016735496791
0.0029,-0.0062,-0.21663565065464724,-0.01812624668598431,0.021204204989026094
0.003,-0.0062,-0.23451661967054843,-0.018907350230929487,0.0210478520957706
0.0031,-0.0062,-0.25315961184098096,-0.01958331788618032,0.020645014575803523
0.0032,-0.0062,-0.27222106244394195,-0.02035477525291778,0.020317106791174253
0.0033000000000000004,-0.0062,-0.28991483434287724,-0.0210011344770208,0.020055729584189164
0.0034,-0.0062,-0.3120088634657652,-0.02173859265547641,0.01953733147394362
0.0034999999999999996,-0.0062,-0.3310472234833078,-0.022408308743820785,0.019065178958737827
0.0036,-0.0062,-0.35046877358121753,-0.02299584357470716,0.018463639004769546
0.0037,-0.0062,-0.3725324129379337,-0.023636784235595842,0.017842312962201786
0.0038,-0.0062,-0.3904215120179294,-0.024212936616715083,0.01708987543167943
0.0039,-0.0062,-0.41014434484770573,-0.0247666088320217,0.016538943824073473
0.004,-0.0062,-0.42913525576296424,-0.025446324494360403,0.015687806413015492
0.0041,-0.0062,-0.4470884950792563,-0.025953978356614768,0.0147137196391455
0.0042,-0.0062,-0.4679077591950294,-0.02651629558907196,0.013920150944621885
0.0043,-0.0062,-0.48478397679770335,-0.026990279330825054,0.01291037050425093
0.0044,-0.0062,-0.5040740890988618,-0.027519512606040908,0.011847229290753842
0.0045,-0.0062,-0.518608149029184,-0.02784322787825859,0.010748262526671493
0.0046,-0.0062,-0.5344194093383503,-0.028398064483063357,0.009706911048852292
0.0047,-0.0062,-0.5473438116015591,-0.028959225062898886,0.008544226709020044
0.0048,-0.0062,-0.5594776828831912,-0.029188159189707276,0.007295613733141424
0.0049,-0.0062,-0.5702725522109083,-0.02958557618204002,0.006096207425902618
0.005,-0.0062,-0.5796245240831168,-0.029995726848136284,0.004761615681609713
0.0051,-0.0062,-0.587159336547981,-0.030270206426350345,0.0034681742396607375
0.005200000000000001,-0.0062,-0.5906254125659173,-0.030463140395625046,0.0021839797720796974
0.0053,-0.0062,-0.5983092723898562,-0.030855819982507745,0.0008263163714068357
0.0054,-0.0062,-0.6033083584498445,-0.03110387348858388,-0.0005908880399342582
0.0055,-0.0062,-0.6011127195027898,-0.031563780080644914,-0.0019732166952995188
0.0056,-0.0062,-0.601218623763948,-0.03176368194653709,-0.0033793990575587403
0.005700000000000001,-0.0062,-0.5965469098072563,-0.03203497590334771,-0.00480798391572625
0.0058,-0.0062,-0.5923100009637647,-0.03243382545075631,-0.0062810904713875675
0.0059,-0.0062,-0.5882393573640351,-0.03237480683866006,-0.007737568598693921
0.006,-0.0062,-0.5918760671757392,-0.03234466362758877,-0.009157531493056535
0.0061,-0.0062,-0.5955370784346353,-0.0324786096462009,-0.01069560194916553
0.0062,-0.0062,-0.583558347925758,-0.03267010210800602,-0.012174757485082625
0.0063,-0.0062,-0.5855429324225885,-0.03280456151257562,-0.013810320666807666
0.0064,-0.0062,-0.5683333803183673,-0.03318131299749368,-0.015311779007908102
0.006499999999999999,-0.0062,-0.5382573398462351,-0.0333034315846011,-0.01677755657866799
0.006600000000000001,-0.0062,-0.5217048760836243,-0.033189269079983,-0.018351241886174853
0.0067,-0.0062,-0.504609311220991,-0.03319574929973904,-0.01978715038509922
0.0068,-0.0062,-0.4941321947783519,-0.033055218396289714,-0.021141403638555954
0.0069,-0.0062,-0.47148840115316387,-0.03292645127636067,-0.02253793840841369
0.006999999999999999,-0.0062,-0.44393895215526824,-0.03257766673797883,-0.02387948495266311
0.007100000000000001,-0.0062,-0.4269492949896837,-0.03205425365996615,-0.025048385733873246
0.0072,-0.0062,-0.40834978720855364,-0.031626151638875256,-0.026228411032852283
0.0073,-0.0062,-0.37961391857929094,-0.030949771145726165,-0.027109159681515817
0.0074,-0.0062,-0.3563844013828792,-0.030350424002344913,-0.028116587981312887
0.0075,-0.0062,-0.33099864307239096,-0.029528736793751044,-0.02882093337384948
0.0076,-0.0062,-0.30499834283497307,-0.028519337189962447,-0.029489536149249707
0.0077,-0.0062,-0.2823720343334465,-0.027569071349610876,-0.030025364341977834
0.0078,-0.0062,-0.26457863946958343,-0.02621818868306729,-0.03011967720005221
0.0079,-0.0062,-0.24384021798938602,-0.025166758368864197,-0.030178998166051886
0.008,-0.0062,-0.227783917685932,-0.02365728528848146,-0.030190442419143506
0.0081,-0.0062,-0.2082955777102212,-0.022084385447326344,-0.02988192011956379
0.0082,-0.0062,-0.18091765989236297,-0.02083673651866466,-0.029439244011429846
0.0083,-0.0062,-0.17414331661772084,-0.019290461648408225,-0.0285021564579092
0.0084,-0.0062,-0.16227949279787604,-0.01755538724668373,-0.027402839945115134
0.0085,-0.0062,-0.14755868646728404,-0.01593730146352309,-0.026241228792385652
0.0086,-0.0062,-0.13733195047940308,-0.01421298124444575,-0.024656224113747932
0.0087,-0.0062,-0.130408152972798,-0.012517398096606895,-0.02334720422470653
0.0088,-0.0062,-0.12472069339856134,-0.011020649977414903,-0.02108922623860947
0.0089,-0.0062,-0.1217777697097083,-0.00928455681517045,-0.01929640650925386
0.009,-0.0062,-0.11803986493540884,-0.0077858791342366234,-0.01705150317849484
0.0091,-0.0062,-0.11770621329273272,-0.006325261442798169,-0.014869927952999058
0.0092,-0.0062,-0.11886389831814285,-0.004963349041187295,-0.012698411108701567
0.0093,-0.0062,-0.12078174077871129,-0.0038266674508787416,-0.010505599310032787
0.0094,-0.0062,-0.12350304180557123,-0.002742924004184427,-0.008278465988835092
0.0095,-0.0062,-0.12666220151911756,-0.0018685240656262214,-0.006216576715536019
0.0096,-0.0062,-0.13069386573330605,-0.0011973167175636222,-0.0044432882255521665
0.0097,-0.0062,-0.1343112966262771,-0.0006755325259047021,-0.0028744915721693703
0.0098,-0.0062,-0.13777283763682574,-0.0003088370353697208,-0.0015896679099609576
0.0099,-0.0062,-0.1405117973579837,-9.678775363678246e-05,-0.000616356203363159
0.01,-0.0062,-0.1419428447611152,0.0,0.0
0.0,-0.0061,0.012380329797220488,0.0,0.0
0.0001,-0.0061,0.01199231176787651,-8.949881230668896e-05,0.002912365500889397
0.0002,-0.0061,0.010174241337856339,-0.0002613890919567915,0.005238072229125282
0.0003,-0.0061,0.007931377558148902,-0.0005331870015683811,0.0074892293078946326
0.0004,-0.0061,0.006434129280864714,-0.0008900626649481409,0.009345958632647786
0.0005,-0.0061,0.00411764204797699,-0.0013029903229015245,0.011038571083874613
0.0006,-0.0061,0.0022975102377520607,-0.0018001991524322525,0.012436477297175931
0.0007,-0.0061,-0.00043942676513953076,-0.002337152804452352,0.013705739632261339
0.0008,-0.0061,-0.003227770803917599,-0.0028916291019170683,0.014740226917572619
0.0009,-0.0061,-0.00692998375886295,-0.0035245147949344484,0.015794457476277564
0.001,-0.0061,-0.010264527455561598,-0.004155800904825541,0.01672395406394165
0.0011,-0.0061,-0.014498691129568201,-0.004809185977090898,0.01736277657873379
0.0012,-0.0061,-0.020663902133581918,-0.005493177508747641,0.018075990569009992
0.0013000000000000002,-0.0061,-0.026974339976867774,-0.006181897402678294,0.018710168565714832
0.0014,-0.0061,-0.03390305176056713,-0.006890556445144264,0.019257853783035808
0.0015,-0.0061,-0.041762341146577654,-0.007602555336289624,0.01974610545876765
0.0016,-0.0061,-0.05061059438327558,-0.008302025034900138,0.020145954240550115
0.0017,-0.0061,-0.06039834469379638,-0.009031847525077984,0.020669823929750572
0.0018,-0.0061,-0.07069675876799526,-0.009788110407261328,0.021057941671902287
0.0019,-0.0061,-0.08218256792981737,-0.010507032473434005,0.02130345743896674
0.002,-0.0061,-0.09329006432130937,-0.01126220344765116,0.021605000473524455
0.0021,-0.0061,-0.10579706654625018,-0.011983159428147339,0.021779778904891453
0.0022,-0.0061,-0.12124537653439603,-0.012758492548199336,0.02207618028970101
0.0023,-0.0061,-0.13336625917132852,-0.013463383071631694,0.022122577371343877
0.0024,-0.0061,-0.1499223983879049,-0.014198600834206621,0.02227571280302642
0.0025,-0.0061,-0.1673647472217619,-0.014908122211934377,0.022313319539608113
0.0026000000000000003,-0.0061,-0.1826522579298576,-0.015681453910757644,0.02230234411976789
0.0027,-0.0061,-0.20050547364723023,-0.01640595779768453,0.02217059627820881
0.0028,-0.0061,-0.21814972833075227,-0.017058317146794934,0.022060139596283557
0.0029,-0.0061,-0.23721173059503248,-0.017791125239383362,0.021919278019526367
0.003,-0.0061,-0.2562564851416319,-0.018479368873945363,0.021681936961016723
0.0031,-0.0061,-0.27457460787622934,-0.01921072986772145,0.021470362691790784
0.0032,-0.0061,-0.29509265008037094,-0.019872847598093685,0.021125253757186397
0.0033000000000000004,-0.0061,-0.31711770434541775,-0.020521626579980995,0.020685316172201876
0.0034,-0.0061,-0.336361208829896,-0.0211643732746868,0.020280509702997607
0.0034999999999999996,-0.0061,-0.3583454475224496,-0.02180704434450921,0.019726398281738222
0.0036,-0.0061,-0.3786265257822694,-0.02245396762589612,0.019005861262045638
0.0037,-0.0061,-0.4003784103990497,-0.02306130207743362,0.018459684307510226
0.0038,-0.0061,-0.4208255969559828,-0.023622550342189977,0.017778586543032306
0.0039,-0.0061,-0.4391668183960509,-0.024096628091876512,0.01692007706602781
0.004,-0.0061,-0.4617791302622471,-0.024684117505151273,0.016226848778717596
0.0041,-0.0061,-0.483769615488838,-0.025294476472814843,0.015263039560951874
0.0042,-0.0061,-0.5020461471457968,-0.02569042390766534,0.014444383025487385
0.0043,-0.0061,-0.5196595244915769,-0.02636016549181183,0.013355303199693448
0.0044,-0.0061,-0.5381668051813372,-0.026628676589480323,0.012357167367058022
0.0045,-0.0061,-0.5540164238602228,-0.02707741136295232,0.01126094960894562
0.0046,-0.0061,-0.5679280820945263,-0.027582644773997425,0.010102009745769172
0.0047,-0.0061,-0.5824977062391375,-0.028116720915746286,0.008922932871085691
0.0048,-0.0061,-0.5963356581870766,-0.028303530346339614,0.007687753703264618
0.0049,-0.0061,-0.6058932960111477,-0.028801365625293618,0.00639303274831595
0.005,-0.0061,-0.6162908054031446,-0.02898963660449825,0.00524479758294839
0.0051,-0.0061,-0.6270213524938741,-0.029449049692763875,0.0038452873743016385
0.005200000000000001,-0.0061,-0.6301447095765578,-0.029977449362895592,0.002497660409377619
0.0053,-0.0061,-0.6371860289116589,-0.03004763614519647,0.0011272068239741796
0.0054,-0.0061,-0.6382138361387112,-0.030042858864942915,-0.00022990075545443312
0.0055,-0.0061,-0.6442413030020795,-0.030650948596103372,-0.001665088178550534
0.0056,-0.0061,-0.6415444428210255,-0.03075320264437081,-0.0030908902526098196
0.005700000000000001,-0.0061,-0.6433396286897105,-0.03118528224561673,-0.0045385176786179905
0.0058,-0.0061,-0.6398967572501042,-0.031561851693982956,-0.0060193754612962724
0.0059,-0.0061,-0.6356555741755436,-0.03185391281504638,-0.007556615421519217
0.006,-0.0061,-0.6335623426469349,-0.03203016175303452,-0.009114899863661912
0.0061,-0.0061,-0.6260426687736115,-0.03216985044540787,-0.010620944139266696
0.0062,-0.0061,-0.6074730702637445,-0.03234616083294179,-0.01208620199817303
0.0063,-0.0061,-0.6045765056951758,-0.03217676827431576,-0.013511026631981036
0.0064,-0.0061,-0.6115478060003492,-0.03238149880804804,-0.015075916382379538
0.006499999999999999,-0.0061,-0.6034796133250934,-0.0326816756771618,-0.01664584596697442
0.006600000000000001,-0.0061,-0.5768636211910653,-0.03295012819805271,-0.018359084424255375
0.0067,-0.0061,-0.5495423096665368,-0.0328667006632616,-0.01971073581374408
0.0068,-0.0061,-0.531241119603586,-0.03269553741712732,-0.02130872395646384
0.0069,-0.0061,-0.5062588340983356,-0.03262038503267537,-0.022673203839947698
0.006999999999999999,-0.0061,-0.4939253866362981,-0.03234723034821202,-0.02403743159549024
0.007100000000000001,-0.0061,-0.4688562826051829,-0.031942144341687906,-0.025477054109150778
0.0072,-0.0061,-0.4479824160848756,-0.031675564723853654,-0.02670055790893713
0.0073,-0.0061,-0.417976368739329,-0.03128292598529757,-0.02772495611216599
0.0074,-0.0061,-0.3930261553383882,-0.030418365469037957,-0.028787110708725024
0.0075,-0.0061,-0.3732523638837508,-0.029763498482397822,-0.0296736897523642
0.0076,-0.0061,-0.343791803572073,-0.028967128270853577,-0.030415114481893962
0.0077,-0.0061,-0.31748016019045283,-0.02793499315270158,-0.030885061474581466
0.0078,-0.0061,-0.2940200264022337,-0.0267713525831772,-0.03141054068731868
0.0079,-0.0061,-0.26784845471913765,-0.025511702131895766,-0.031556598247564994
0.008,-0.0061,-0.24390726057792494,-0.02447197382817822,-0.03164724055578363
0.0081,-0.0061,-0.22434621514359143,-0.022837325312457503,-0.031220705554188113
0.0082,-0.0061,-0.20701645179072067,-0.021383544143946775,-0.030683632543988662
0.0083,-0.0061,-0.17644283422150062,-0.019800049210972767,-0.03000956568651435
0.0084,-0.0061,-0.1643634860276606,-0.01828483337786972,-0.02900883306428302
0.0085,-0.0061,-0.15467203127534643,-0.016619343724406887,-0.02796449261380231
0.0086,-0.0061,-0.15396363630458593,-0.01481243095900669,-0.026643337238631916
0.0087,-0.0061,-0.1457318128206924,-0.013205196456211522,-0.024876331477021525
0.0088,-0.0061,-0.13710671084164047,-0.011520910054638307,-0.02296866144644586
0.0089,-0.0061,-0.13134234006558232,-0.009864956236762673,-0.020955760337309188
0.009,-0.0061,-0.1294108804894946,-0.008204916775310529,-0.018727066613317404
0.0091,-0.0061,-0.12783319903561127,-0.006728014339925569,-0.016324638509084666
0.0092,-0.0061,-0.12869809777492233,-0.005462493109865023,-0.013903137398943638
0.0093,-0.0061,-0.1302496869034452,-0.00404268686999108,-0.011555442225108615
0.0094,-0.0061,-0.13279324937450593,-0.002938113348414753,-0.009319604464440776
0.0095,-0.0061,-0.13652259176614906,-0.002035363675735272,-0.006984122295779583
0.0096,-0.0061,-0.1401904232236811,-0.0012990873278583021,-0.005117212363699847
0.0097,-0.0061,-0.14376516131602285,-0.0007361808098260393,-0.003311219631707305
0.0098,-0.0061,-0.14768231112599453,-0.00033911717068206256,-0.0018917325602760124
0.0099,-0.0061,-0.15041100054915238,-0.00010466286951315491,-0.0007682714076809732
0.01,-0.0061,-0.15223435692353787,0.0,0.0
0.0,-0.006,0.0030692955114051132,0.0,0.0
0.0001,-0.006,0.002306542163665385,-8.57749360737497e-05,0.002918921124300201
0.0002,-0.006,0.0009383629175976817,-0.0002521978803061677,0.005570740509455226
0.0003,-0.006,-0.001357572328575664,-0.0005056073834497045,0.007846847391499741
0.0004,-0.006,-0.0026910613684826066,-0.0008536241668673115,0.009701595676510076
0.0005,-0.006,-0.004714219681812902,-0.0012568029616488799,0.011424725791190781
0.0006,-0.006,-0.006995850193140121,-0.001733234679784507,0.012942207659911255
0.0007,-0.006,-0.009377432327673,-0.00225548622523451,0.014292171925425649
0.0008,-0.006,-0.012800734750147522,-0.0028246196999576413,0.015231190297484504
0.0009,-0.006,-0.015943654946983393,-0.0034111741722862563,0.016328802110342783
0.001,-0.006,-0.020250424200211763,-0.004045227887553136,0.017254536394938843
0.0011,-0.006,-0.02452801874228445,-0.004678794650888146,0.017988821009238053
0.0012,-0.006,-0.030617248580911083,-0.0053319321283073545,0.018751556729776714
0.0013000000000000002,-0.006,-0.03696293680199588,-0.006017706996546305,0.01939147875905244
0.0014,-0.006,-0.04398057674817839,-0.006707137935620797,0.01995370103584654
0.0015,-0.006,-0.05240222985888255,-0.007415861094085621,0.020488487443164928
0.0016,-0.006,-0.06225805990150773,-0.00811125796142515,0.020935385854930457
0.0017,-0.006,-0.07199040638949115,-0.008855129113933902,0.021343802485622017
0.0018,-0.006,-0.08278128339802746,-0.00954544411789764,0.021642762744869454
0.0019,-0.006,-0.09410879919492193,-0.010286149600361928,0.02211050048809328
0.002,-0.006,-0.10738677681598031,-0.01098887871428439,0.02228214894030646
0.0021,-0.006,-0.12144778522527198,-0.011700854245165277,0.022516618003110146
0.0022,-0.006,-0.13466474963190295,-0.012411299015139713,0.0227835730574676
0.0023,-0.006,-0.1499489659699974,-0.013140268983854253,0.022943239458463188
0.0024,-0.006,-0.16525064375287288,-0.013866174352889416,0.022994053896514762
0.0025,-0.006,-0.18286828383850695,-0.014530309861549082,0.023018291227837013
0.0026000000000000003,-0.006,-0.20077039436134975,-0.01525859701161585,0.022985120736338238
0.0027,-0.006,-0.219050174762617,-0.015984464017282783,0.022820470966158992
0.0028,-0.006,-0.23767065147663757,-0.016671225455880026,0.02287819529164033
0.0029,-0.006,-0.25755743448783713,-0.017340778089660194,0.02257791335106594
0.003,-0.006,-0.27769526826280144,-0.01800855179836141,0.022316523739936908
0.0031,-0.006,-0.2971011948588344,-0.01866191959072008,0.022085494812499586
0.0032,-0.006,-0.3200848043455785,-0.019305417084018853,0.02164102321539694
0.0033000000000000004,-0.006,-0.3420362798660774,-0.019978221840783544,0.021330046960680388
0.0034,-0.006,-0.3629250691298535,-0.02056225827546606,0.020845377233803607
0.0034999999999999996,-0.006,-0.3845031966482488,-0.02121667553944069,0.020312892921938986
0.0036,-0.006,-0.4062438403937111,-0.021842576974570302,0.019726408550235715
0.0037,-0.006,-0.42697037055005166,-0.022355341179804603,0.019068034453449546
0.0038,-0.006,-0.4516499244785829,-0.022925935717007163,0.018235970619715748
0.0039,-0.006,-0.47195543784086963,-0.023493987459073207,0.01759720388901448
0.004,-0.006,-0.49414366647840263,-0.0239646179058582,0.016723767462274577
0.0041,-0.006,-0.5122789951727899,-0.02453555620839855,0.01584156940012374
0.0042,-0.006,-0.5331706167584214,-0.024957548031381237,0.014825546871431512
0.0043,-0.006,-0.5542358114041099,-0.025426888890209855,0.01374920185539621
0.0044,-0.006,-0.5694676335513648,-0.02578619393701618,0.01284761174746246
0.0045,-0.006,-0.5870044215028412,-0.026158067839678657,0.011585691768250526
0.0046,-0.006,-0.6038284384189277,-0.026773744020963663,0.010548057463741784
0.0047,-0.006,-0.6197588472682037,-0.02706189082281564,0.009328868357534506
0.0048,-0.006,-0.6305402385360325,-0.027417055373334866,0.008087209280971492
0.0049,-0.006,-0.6437269418525635,-0.02771863160549848,0.006763009955329906
0.005,-0.006,-0.6563916583874989,-0.02788500918308533,0.0054409483420684735
0.0051,-0.006,-0.666597625354361,-0.02849194821177375,0.004109494411028661
0.005200000000000001,-0.006,-0.6735064934418931,-0.028646380553562063,0.0028159547866625414
0.0053,-0.006,-0.6746527131680897,-0.02901738031345538,0.0014243942954776962
0.0054,-0.006,-0.6776426016325987,-0.029202460762365934,4.430616427622113e-05
0.0055,-0.006,-0.6822651439474174,-0.029654740435656225,-0.0013999886586741751
0.0056,-0.006,-0.6875873139265553,-0.030007044064020657,-0.002839831644363397
0.005700000000000001,-0.006,-0.686753757683731,-0.030092771657930506,-0.004326449962564267
0.0058,-0.006,-0.6919173969257537,-0.030360690810421188,-0.005815364831565917
0.0059,-0.006,-0.688119365216792,-0.030873498097992027,-0.007337431501991883
0.006,-0.006,-0.6870048285669352,-0.03129238708902942,-0.008909013106541455
0.0061,-0.006,-0.6769308532209378,-0.03141382779597403,-0.010479089211027899
0.0062,-0.006,-0.6563634050518763,-0.03166827161484414,-0.011820725152076751
0.0063,-0.006,-0.6410764035031459,-0.03194528019762201,-0.013416157769315451
0.0064,-0.006,-0.6246059718036011,-0.03182609220285636,-0.015044078111268311
0.006499999999999999,-0.006,-0.6235844753847605,-0.03185553105387367,-0.016523725157158376
0.006600000000000001,-0.006,-0.6214273787662672,-0.031999468418062706,-0.018215456679383082
0.0067,-0.006,-0.6049880361666607,-0.03209792295452683,-0.019658503649832307
0.0068,-0.006,-0.5779879677630314,-0.03230251080986864,-0.021379685607768067
0.0069,-0.006,-0.5509393141905434,-0.032300885550671087,-0.02276929448119012
0.006999999999999999,-0.006,-0.5324997333196698,-0.03202623042737518,-0.024291875712650637
0.007100000000000001,-0.006,-0.5132063460711483,-0.03185011637784703,-0.025675204719132417
0.0072,-0.006,-0.4892912698823003,-0.031516326648890904,-0.027025691333846864
0.0073,-0.006,-0.4610636974594,-0.031053313333090016,-0.028304324171917153
0.0074,-0.006,-0.43265274653335395,-0.03067475200427837,-0.02951210535618645
0.0075,-0.006,-0.4088947258827751,-0.02991521904443925,-0.030461741269376133
0.0076,-0.006,-0.3829669863262581,-0.029212360470031742,-0.031187012518296916
0.0077,-0.006,-0.35653006347420213,-0.028251372002827013,-0.03196280674948756
0.0078,-0.006,-0.333313641804705,-0.02731916806623169,-0.03241723861124334
0.0079,-0.006,-0.3048742745241071,-0.026085605932837513,-0.03281904945249459
0.008,-0.006,-0.2756007077483723,-0.024823490501757507,-0.0326527656737034
0.0081,-0.006,-0.2474113205817766,-0.023604260525386316,-0.03257457428274845
0.0082,-0.006,-0.23970792231884153,-0.022095184408356706,-0.03212636986206787
0.0083,-0.006,-0.21987462874958902,-0.020504158899792797,-0.031579404619289896
0.0084,-0.006,-0.2104114948239749,-0.018988892565942706,-0.030917442866885483
0.0085,-0.006,-0.21505748391608587,-0.017333161094162584,-0.029517047731403945
0.0086,-0.006,-0.17205378156533127,-0.015574130151912113,-0.02824933287441775
0.0087,-0.006,-0.1567420900152391,-0.013749622665096696,-0.026499425300701845
0.0088,-0.006,-0.14631140385267366,-0.012099208312845467,-0.02445342383312411
0.0089,-0.006,-0.14378132321063172,-0.010490442144126089,-0.022278361687545628
0.009,-0.006,-0.1415286625365639,-0.008691775170829226,-0.02025361615272966
0.0091,-0.006,-0.13869335300246707,-0.007208720222084894,-0.017776284924815044
0.0092,-0.006,-0.13854244534232005,-0.00566180373254385,-0.015374321071886016
0.0093,-0.006,-0.14050102116112428,-0.004369265971322711,-0.012471838234215445
0.0094,-0.006,-0.14299123283040074,-0.0031850326108219806,-0.010321745912148052
0.0095,-0.006,-0.14629990892788902,-0.002228166068006388,-0.007893512323891358
0.0096,-0.006,-0.15075182215074226,-0.001419909795354199,-0.005876752234985755
0.0097,-0.006,-0.1537923338226627,-0.0008041470021955499,-0.0038206412685053213
0.0098,-0.006,-0.15860996067835864,-0.0003701292341599033,-0.002212360084306512
0.0099,-0.006,-0.16096921517357649,-0.00011573026973014447,-0.0009220143689885719
0.01,-0.006,-0.1625578911930886,0.0,0.0
0.0,-0.0059,-0.0067058401929489175,0.0,0.0
0.0001,-0.0059,-0.007340420428879588,-7.940597269772012e-05,0.003103931675533771
0.0002,-0.0059,-0.008147253753991742,-0.0002445527514236015,0.0057344915367299925
0.0003,-0.0059,-0.01015778695734424,-0.00048361669593850824,0.00812189997446233
0.0004,-0.0059,-0.012256920959337024,-0.000827525186503803,0.010102797572775444
0.0005,-0.0059,-0.014171184103025357,-0.001215326079811921,0.011841912279136597
0.0006,-0.0059,-0.0165202125958547,-0.0016692944936900198,0.013356966299038656
0.0007,-0.0059,-0.018970583922716156,-0.0021654368339568196,0.01480101523742271
0.0008,-0.0059,-0.02199721951890799,-0.0027159258088897435,0.01585877768056416
0.0009,-0.0059,-0.025873997740692968,-0.0032917631853978586,0.016915784615643296
0.001,-0.0059,-0.0306666193515549,-0.0038988780656017507,0.017928456554062416
0.0011,-0.0059,-0.03499836323644196,-0.004525863391052748,0.01867697353779511
0.0012,-0.0059,-0.04057912332045026,-0.005173000214386337,0.01943213043135131
0.0013000000000000002,-0.0059,-0.04728589643803924,-0.005834926509814273,0.020015250827026206
0.0014,-0.0059,-0.056600410862078905,-0.006499505349110074,0.0205859626362095
0.0015,-0.0059,-0.06536670987457205,-0.0072032543186944355,0.021176570745817774
0.0016,-0.0059,-0.07402249134913895,-0.007868748180782667,0.021578313857732005
0.0017,-0.0059,-0.08383145246864536,-0.008559682560959292,0.02212987926495693
0.0018,-0.0059,-0.09618090532862285,-0.009249002407913848,0.022413009337392188
0.0019,-0.0059,-0.1076496794281958,-0.009982853062557251,0.02278500372746059
0.002,-0.0059,-0.12141983408352348,-0.010670202079741793,0.023055943472107394
0.0021,-0.0059,-0.13674201720370482,-0.011383152410862562,0.023209460140864762
0.0022,-0.0059,-0.14865861554615978,-0.012064763691098192,0.02344561760597428
0.0023,-0.0059,-0.16612066289630367,-0.012719665728961172,0.023601425513592424
0.0024,-0.0059,-0.18496984008014344,-0.01344770160027991,0.02366306038619222
0.0025,-0.0059,-0.20089766883633833,-0.01411618986406684,0.023644276738149603
0.0026000000000000003,-0.0059,-0.21923317043912635,-0.014807246339759252,0.023659932108657744
0.0027,-0.0059,-0.23873047696601285,-0.015460495866438856,0.023512862695830198
0.0028,-0.0059,-0.257946178502119,-0.016137333370233993,0.023473417097021453
0.0029,-0.0059,-0.27904112383300234,-0.01676868993413002,0.02331365663261464
0.003,-0.0059,-0.29975808975686247,-0.01744820101222785,0.023057891383188173
0.0031,-0.0059,-0.3204594307522258,-0.018086297090841915,0.022800947935541833
0.0032,-0.0059,-0.3423947319672957,-0.018706410401297658,0.022403400653372436
0.0033000000000000004,-0.0059,-0.3647528500016621,-0.019334965068929195,0.02193773056249813
0.0034,-0.0059,-0.38736238356460917,-0.01989307374439104,0.02147398367874272
0.0034999999999999996,-0.0059,-0.4123159072491724,-0.02049435937821588,0.02086217759769103
0.0036,-0.0059,-0.4337505689672977,-0.021024364798441372,0.020352064883876368
0.0037,-0.0059,-0.4565273663997802,-0.021616690639258907,0.019565742669449014
0.0038,-0.0059,-0.48006429388803395,-0.022161669332589923,0.018784963589607424
0.0039,-0.0059,-0.5031499739350133,-0.022655548861934674,0.018131655055739427
0.004,-0.0059,-0.5241790044048852,-0.023188891780969046,0.01720526035047918
0.0041,-0.0059,-0.5449198203844648,-0.02354757371601702,0.01628793300018368
0.0042,-0.0059,-0.5662299636052435,-0.024104332421022466,0.015294999033765572
0.0043,-0.0059,-0.5858873582785374,-0.024478424753059207,0.014253938555336894
0.0044,-0.0059,-0.6041492902184381,-0.024977144637744687,0.013201835921360148
0.0045,-0.0059,-0.6206073713355192,-0.02529817167717894,0.012041781481208484
0.0046,-0.0059,-0.6391261399773603,-0.025608205889869215,0.01089030588101244
0.0047,-0.0059,-0.6533632111933939,-0.02601112549605731,0.009742989288492538
0.0048,-0.0059,-0.6694884554733243,-0.02640762886062656,0.008431002636601029
0.0049,-0.0059,-0.6784942912210418,-0.026733933369049126,0.007148416911420025
0.005,-0.0059,-0.689954853906363,-0.02693941094136622,0.00583459657309631
0.0051,-0.0059,-0.7017173883494238,-0.027257977721125672,0.004476214369353973
0.005200000000000001,-0.0059,-0.7100780823421713,-0.027740029480115114,0.0031706802659899995
0.0053,-0.0059,-0.7156408141697342,-0.027888613641724316,0.0017588524947471898
0.0054,-0.0059,-0.7184072931640444,-0.028499418789617672,0.00034537465030731897
0.0055,-0.0059,-0.7178760414973465,-0.028711610077239342,-0.0010692318514757822
0.0056,-0.0059,-0.7249977630558779,-0.02906348241909057,-0.002536892805272758
0.005700000000000001,-0.0059,-0.7262813732180323,-0.029369024941152025,-0.003998939670544885
0.0058,-0.0059,-0.7254239047025126,-0.029503492272879264,-0.005532738083987483
0.0059,-0.0059,-0.7265892156659357,-0.029919142230709263,-0.007029150224321407
0.006,-0.0059,-0.7220653252893487,-0.030190550054820534,-0.008526021738777324
0.0061,-0.0059,-0.7135923468626283,-0.030505491210286347,-0.010080419276358247
0.0062,-0.0059,-0.7031040168712689,-0.030586991574696368,-0.011569254241688046
0.0063,-0.0059,-0.6995423296895485,-0.03079643886433537,-0.013258209259368986
0.0064,-0.0059,-0.6756971415841555,-0.0311031883077587,-0.014876360338371017
0.006499999999999999,-0.0059,-0.6573645513449103,-0.031245855707158966,-0.01646541747201063
0.006600000000000001,-0.0059,-0.648283676943106,-0.031202851077982388,-0.01800380180664013
0.0067,-0.0059,-0.6367844909380184,-0.03147428704110091,-0.01973409748557069
0.0068,-0.0059,-0.6297244305516809,-0.031547013854889776,-0.021245619445481752
0.0069,-0.0059,-0.6012549419026907,-0.03160817048914679,-0.022797496960261163
0.006999999999999999,-0.0059,-0.5787743503663969,-0.031593899659305126,-0.024482649414066745
0.007100000000000001,-0.0059,-0.5526203025163879,-0.03152579478151514,-0.025958396640858684
0.0072,-0.0059,-0.5260960218464553,-0.031194190395192434,-0.0273922022431478
0.0073,-0.0059,-0.5056814472017905,-0.030894649818837217,-0.028668702044569585
0.0074,-0.0059,-0.4753496973290086,-0.03045287038485362,-0.03000031848008232
0.0075,-0.0059,-0.44616054152166645,-0.029958388592693553,-0.031112776597638815
0.0076,-0.0059,-0.41982559961515253,-0.02929265302431271,-0.03206140626711479
0.0077,-0.0059,-0.3924750584848259,-0.028491315634110437,-0.032976784117363524
0.0078,-0.0059,-0.35893673539147597,-0.027587222496696928,-0.03355863296934781
0.0079,-0.0059,-0.3333141754846622,-0.026517294867541605,-0.03398128691302278
0.008,-0.0059,-0.31430439142659655,-0.02533254884953351,-0.034229521891219486
0.0081,-0.0059,-0.2861478472873812,-0.023974022252854443,-0.03377793354320537
0.0082,-0.0059,-0.2640935476141186,-0.022684925520691575,-0.03406554375377499
0.0083,-0.0059,-0.2404628800812324,-0.021188558523889303,-0.033231976791481356
0.0084,-0.0059,-0.21820719270882222,-0.01943080414485847,-0.03262569221216008
0.0085,-0.0059,-0.17744316111078373,-0.017779416610171416,-0.03150183683846413
0.0086,-0.0059,-0.18350123052645675,-0.016161052449934637,-0.029970358532933918
0.0087,-0.0059,-0.17227295940855636,-0.014396989850683143,-0.028203610805150287
0.0088,-0.0059,-0.16268519315460953,-0.012685193949866872,-0.026224588307210858
0.0089,-0.0059,-0.15617391301697536,-0.01084427934792063,-0.024326804347218678
0.009,-0.0059,-0.1523102336955067,-0.009223113797637753,-0.021868776686113933
0.0091,-0.0059,-0.14974812698912449,-0.007537387011897917,-0.019400673156417365
0.0092,-0.0059,-0.1497871689400449,-0.006016921539925752,-0.01658881431793761
0.0093,-0.0059,-0.15103248697338817,-0.004606468620102091,-0.013928872862569847
0.0094,-0.0059,-0.15330753774611683,-0.003439383398103578,-0.011412236737044272
0.0095,-0.0059,-0.15678542499080286,-0.002369101312719616,-0.008808448570506349
0.0096,-0.0059,-0.16088553277448647,-0.0015074728075399628,-0.006350590535321415
0.0097,-0.0059,-0.16508113624230988,-0.0008652149742565653,-0.004349829635848859
0.0098,-0.0059,-0.16899448463371,-0.0003979572449390781,-0.002568741299868547
0.0099,-0.0059,-0.17311034814834803,-0.00012548669253971585,-0.0010881468275258743
0.01,-0.0059,-0.17382362069376764,0.0,0.0
0.0,-0.0058,-0.01634105040346479,0.0,0.0
0.0001,-0.0058,-0.016878930232142122,-7.611943500917703e-05,0.0031492796070724917
0.0002,-0.0058,-0.01878897338875374,-0.00022739960007771474,0.005849130942664733
0.0003,-0.0058,-0.019822972166485715,-0.00046345095206621944,0.008301749246595453
0.0004,-0.0058,-0.022018307206423816,-0.0007809262360307942,0.010429795074128317
0.0005,-0.0058,-0.02378130446731617,-0.0011570968029243054,0.012234523040980357
0.0006,-0.0058,-0.02589455543919636,-0.0015974676481027034,0.013748532320079852
0.0007,-0.0058,-0.028541339998061608,-0.0020724615584272917,0.015280069318039347
0.0008,-0.0058,-0.03192110748229097,-0.00260686478660869,0.016417710826722
0.0009,-0.0058,-0.03579292324270726,-0.0031674263825496466,0.017547427288286236
0.001,-0.0058,-0.04040868057788824,-0.0037459900660489205,0.018425889888087556
0.0011,-0.0058,-0.04598611537701165,-0.004353449661267839,0.019306657157718246
0.0012,-0.0058,-0.05131372418474613,-0.004991744041787646,0.02005867113817815
0.0013000000000000002,-0.0058,-0.05874766831552213,-0.005622819309463109,0.02073181960650296
0.0014,-0.0058,-0.06736277056257627,-0.006257297354753783,0.021300536222929378
0.0015,-0.0058,-0.07667266267692548,-0.006931711861885146,0.021803747932218998
0.0016,-0.0058,-0.08641621044919548,-0.007609546332662944,0.02230393997494156
0.0017,-0.0058,-0.09725202596852878,-0.008281090340806624,0.022691956853812117
0.0018,-0.0058,-0.10883348020029683,-0.008959617959365007,0.023122335326604734
0.0019,-0.0058,-0.12170648227758642,-0.009631199900565032,0.023348646290723734
0.002,-0.0058,-0.13600702514951576,-0.010276246332499005,0.023726859034430284
0.0021,-0.0058,-0.15116765748347696,-0.010991841958958144,0.023901296885021406
0.0022,-0.0058,-0.16635625570893828,-0.01166294305160525,0.024177337287478867
0.0023,-0.0058,-0.1818571743111223,-0.012323479242399777,0.02432996060302578
0.0024,-0.0058,-0.1999804974634496,-0.012934712395185921,0.024330579657312036
0.0025,-0.0058,-0.21875667963033552,-0.013651822578468488,0.02438077197324794
0.0026000000000000003,-0.0058,-0.23774507476992576,-0.014309545238282843,0.024279900079265726
0.0027,-0.0058,-0.2578681527139358,-0.01494533008463781,0.024182706802650625
0.0028,-0.0058,-0.2777979814023365,-0.0155886722795218,0.024165927698276028
0.0029,-0.0058,-0.2990406681404639,-0.016222884053874773,0.023829040537484907
0.003,-0.0058,-0.32108286911980555,-0.01685648559428259,0.023665871118708937
0.0031,-0.0058,-0.34424070832498005,-0.017448359503955197,0.02332576730323066
0.0032,-0.0058,-0.3669488753685026,-0.018027999588955537,0.023034305341024533
0.0033000000000000004,-0.0058,-0.38951425658913136,-0.018602757807215122,0.022555423263619714
0.0034,-0.0058,-0.41417457284076586,-0.019222080069389542,0.022047286119992487
0.0034999999999999996,-0.0058,-0.43699396948843217,-0.019732691840262544,0.021542848999004296
0.0036,-0.0058,-0.4614751898019772,-0.020268178721821087,0.02088943823878454
0.0037,-0.0058,-0.4855607448624856,-0.020824419965888484,0.020051458155200815
0.0038,-0.0058,-0.5086696960055018,-0.021284813898528612,0.01936962350424203
0.0039,-0.0058,-0.5322169032033893,-0.02177010880067067,0.018558202743577685
0.004,-0.0058,-0.555053954493923,-0.022276356744731097,0.01766021597865606
0.0041,-0.0058,-0.5758659275362569,-0.02265580229753928,0.016686581932768698
0.0042,-0.0058,-0.5985373872876341,-0.023071321671142078,0.01572068724718182
0.0043,-0.0058,-0.6182561489295124,-0.023464484346804326,0.014719224625012295
0.0044,-0.0058,-0.6377319540671064,-0.023917677756651566,0.013566174953525613
0.0045,-0.0058,-0.6559554748018063,-0.024153484434535563,0.012463370918903772
0.0046,-0.0058,-0.6748321861455385,-0.024449550248584258,0.011177173293400103
0.0047,-0.0058,-0.68885924642884,-0.024977506469522247,0.009979389347015854
0.0048,-0.0058,-0.7009097119350994,-0.025210602623992308,0.008716791420393808
0.0049,-0.0058,-0.7136494011618342,-0.025625231417433204,0.007379252136606219
0.005,-0.0058,-0.7292129698229123,-0.02584571251055594,0.0061081994205575965
0.0051,-0.0058,-0.7373246404169648,-0.026246617891186225,0.004857448293863908
0.005200000000000001,-0.0058,-0.744505518311996,-0.026521976600833153,0.0034875479466083704
0.0053,-0.0058,-0.7535438438148846,-0.026772102809482803,0.0020426180705747166
0.0054,-0.0058,-0.7579655527627924,-0.027102330852417447,0.0006412713089210102
0.0055,-0.0058,-0.7608196579792522,-0.027328497126460904,-0.0007830607066265877
0.0056,-0.0058,-0.7608969861328201,-0.027807646225568295,-0.0022481831448521155
0.005700000000000001,-0.0058,-0.7636775413305369,-0.02783081664958731,-0.003715858112019254
0.0058,-0.0058,-0.7627760054329605,-0.028318303103962494,-0.005231125626514361
0.0059,-0.0058,-0.7584211286093628,-0.028804396878747786,-0.006705318718814947
0.006,-0.0058,-0.756064086039463,-0.029050923554529203,-0.008245572797388582
0.0061,-0.0058,-0.7502139521485219,-0.029366911678694887,-0.00981376198005599
0.0062,-0.0058,-0.7415051103179525,-0.029425552056569906,-0.011374175095966204
0.0063,-0.0058,-0.743438704913,-0.029888907395884047,-0.013066731928475923
0.0064,-0.0058,-0.7317562380636881,-0.02992750336972243,-0.014605028355562455
0.006499999999999999,-0.0058,-0.7155451508811151,-0.030390125473362197,-0.016242430486149786
0.006600000000000001,-0.0058,-0.6902802137845845,-0.030593189928547794,-0.017833492384213473
0.0067,-0.0058,-0.6684154909556108,-0.030574289408182843,-0.019486886215308093
0.0068,-0.0058,-0.6623248929834369,-0.030742705703666842,-0.02116790690609624
0.0069,-0.0058,-0.6431909463508602,-0.03084645098293829,-0.022788566456794654
0.006999999999999999,-0.0058,-0.6277696472251882,-0.03081247809033188,-0.024475298492499034
0.007100000000000001,-0.0058,-0.5995073776000072,-0.03096537818672674,-0.0260012101733879
0.0072,-0.0058,-0.5674277517230323,-0.03088063303663511,-0.027524506059208143
0.0073,-0.0058,-0.5433794914694656,-0.030524728797990355,-0.029055145817843332
0.0074,-0.0058,-0.5186690511595388,-0.030196944585799707,-0.030411182997747668
0.0075,-0.0058,-0.4866935216097514,-0.029722959302461716,-0.031592147538634444
0.0076,-0.0058,-0.45540969399549186,-0.029254453475791066,-0.03284527747895706
0.0077,-0.0058,-0.42625510925722393,-0.0285399955338014,-0.03365736885222797
0.0078,-0.0058,-0.395087288889771,-0.02768272065257417,-0.03442571735857534
0.0079,-0.0058,-0.3640386059571631,-0.02682543473747915,-0.03504833993770398
0.008,-0.0058,-0.33706040761907563,-0.02573640887023547,-0.03529503448316791
0.0081,-0.0058,-0.3117826297991029,-0.024351452154188477,-0.035308026543035075
0.0082,-0.0058,-0.2811885903256233,-0.023166032666169605,-0.03537294936592762
0.0083,-0.0058,-0.25457715910677403,-0.021555099449769206,-0.03482563035253879
0.0084,-0.0058,-0.24038287201187095,-0.019931820590192426,-0.03398362941530366
0.0085,-0.0058,-0.24081489069892142,-0.018224798846794694,-0.03284193141560381
0.0086,-0.0058,-0.2351568746164585,-0.01663898374294806,-0.03160729917258926
0.0087,-0.0058,-0.19528174119263841,-0.015028918929147872,-0.02997828252808566
0.0088,-0.0058,-0.18073764301390266,-0.013092859213920022,-0.02791362517819338
0.0089,-0.0058,-0.1707373351456575,-0.01133019274246602,-0.025891328083861992
0.009,-0.0058,-0.1648216022635452,-0.009624297261800937,-0.02369205625335912
0.0091,-0.0058,-0.1615129987144528,-0.007990843449087324,-0.020843696446925925
0.0092,-0.0058,-0.16170943822306666,-0.006366207569095493,-0.018241554648806186
0.0093,-0.0058,-0.1621433370092354,-0.004931186168281215,-0.015545932504331379
0.0094,-0.0058,-0.16445100500857301,-0.003581217305376698,-0.012636591348287558
0.0095,-0.0058,-0.1676734017382835,-0.0024901699467329472,-0.009971640874355037
0.0096,-0.0058,-0.1717909889213468,-0.001612847647501932,-0.0071533817670514106
0.0097,-0.0058,-0.17673823707808808,-0.0008949558412438079,-0.004970991825343015
0.0098,-0.0058,-0.18078882849805594,-0.0004312658999193243,-0.002942459563308724
0.0099,-0.0058,-0.18449559667724147,-0.0001368483455895829,-0.0012688897215597822
0.01,-0.0058,-0.1857215030354285,0.0,0.0
0.0,-0.005700000000000001,-0.02651924743917464,0.0,0.0
0.0001,-0.005700000000000001,-0.027427209767207517,-7.099719040954178e-05,0.0032765091527883136
0.0002,-0.005700000000000001,-0.028561148834401192,-0.00021322734898851747,0.006119862664508047
0.0003,-0.005700000000000001,-0.02963564690822145,-0.0004410536765714697,0.008698662754346729
0.0004,-0.005700000000000001,-0.031486916936926505,-0.0007400795529954496,0.010777128249560002
0.0005,-0.005700000000000001,-0.033384498623159016,-0.0010941852126048694,0.012639663667185615
0.0006,-0.005700000000000001,-0.03588990384604035,-0.0015083769016151487,0.014339526538918424
0.0007,-0.005700000000000001,-0.038567410129695945,-0.001979276348381045,0.015717364387540317
0.0008,-0.005700000000000001,-0.04183681554883159,-0.0024784279913032062,0.01695825513236979
0.0009,-0.005700000000000001,-0.04610130721242577,-0.0030140596967908975,0.018139312743287932
0.001,-0.005700000000000001,-0.050237985354030866,-0.0035786195445650483,0.019071940936558097
0.0011,-0.005700000000000001,-0.05667659659565698,-0.004175097480050767,0.019895519112088613
0.0012,-0.005700000000000001,-0.06250168559819116,-0.004764910849259012,0.02070199670197677
0.0013000000000000002,-0.005700000000000001,-0.06971407445627237,-0.00538989907902025,0.021332182997389742
0.0014,-0.005700000000000001,-0.07803748676126804,-0.006007781140062271,0.02196296443222187
0.0015,-0.005700000000000001,-0.08662457327216122,-0.006684995260431103,0.022474402112906182
0.0016,-0.005700000000000001,-0.0977067837373785,-0.007326875276369421,0.023034283346261814
0.0017,-0.005700000000000001,-0.10936109806880757,-0.007945676121280087,0.023508091027538203
0.0018,-0.005700000000000001,-0.121939104509329,-0.008612300496039662,0.023899112151659827
0.0019,-0.005700000000000001,-0.1354265254835395,-0.00925517731018481,0.02419427093176585
0.002,-0.005700000000000001,-0.14965716145241215,-0.009892373967248607,0.02436057952215455
0.0021,-0.005700000000000001,-0.1643698858585148,-0.010559145351732796,0.02465992254845726
0.0022,-0.005700000000000001,-0.18396947527891905,-0.01120078194077274,0.02478059746541415
0.0023,-0.005700000000000001,-0.19871062160166983,-0.011868608902341767,0.02493931326050642
0.0024,-0.005700000000000001,-0.21668731614993506,-0.012492891895280089,0.025012166429117605
0.0025,-0.005700000000000001,-0.2359765778734504,-0.013115132870601521,0.0250424792085261
0.0026000000000000003,-0.005700000000000001,-0.25579707624292414,-0.013730942265382122,0.024991426069106926
0.0027,-0.005700000000000001,-0.27718674108038766,-0.014359484690707209,0.024900169457030583
0.0028,-0.005700000000000001,-0.2978707504934238,-0.014977981650508072,0.024717162804663368
0.0029,-0.005700000000000001,-0.319393749606081,-0.015568665804663984,0.024530888754244227
0.003,-0.005700000000000001,-0.34200992963612037,-0.016152498313535053,0.024197168360568296
0.0031,-0.005700000000000001,-0.36651644075428114,-0.01672565861562447,0.023889342087960397
0.0032,-0.005700000000000001,-0.3905639835906609,-0.017307411287226713,0.02351811990615643
0.0033000000000000004,-0.005700000000000001,-0.4147095163919429,-0.017881443283337402,0.023071963827346924
0.0034,-0.005700000000000001,-0.44021344357957165,-0.018415192222348706,0.02247765596080603
0.0034999999999999996,-0.005700000000000001,-0.4630305063448825,-0.018925578771141885,0.021987534996534105
0.0036,-0.005700000000000001,-0.4869459867147735,-0.019456794244056608,0.021433808676551747
0.0037,-0.005700000000000001,-0.5129600790105248,-0.019881259897931502,0.020714356077461717
0.0038,-0.005700000000000001,-0.5360309657552063,-0.02034561521453106,0.019783462195053142
0.0039,-0.005700000000000001,-0.5602151398100802,-0.02081585149101673,0.01906463909900701
0.004,-0.005700000000000001,-0.5854628986754,-0.021206541674113316,0.018126355400221183
0.0041,-0.005700000000000001,-0.6069679865870866,-0.021611959125342143,0.0171005366099726
0.0042,-0.005700000000000001,-0.6282515987320306,-0.021964230025788817,0.016120351272511952
0.0043,-0.005700000000000001,-0.6488912727975789,-0.02234660325375854,0.014968552494731403
0.0044,-0.005700000000000001,-0.6708835063553065,-0.022785572484847097,0.01392353791854379
0.0045,-0.005700000000000001,-0.6887845957627117,-0.02310697929640562,0.012733889429035417
0.0046,-0.005700000000000001,-0.7078544809022825,-0.023413117067590878,0.011443296235178042
0.0047,-0.005700000000000001,-0.720946243853082,-0.02364447880009818,0.01035045490151698
0.0048,-0.005700000000000001,-0.7369976576130776,-0.02405788555764626,0.008998617351991646
0.0049,-0.005700000000000001,-0.7510403801651709,-0.024247627770601837,0.007700543186427072
0.005,-0.005700000000000001,-0.7635623585671106,-0.02457684928905676,0.006543035011387983
0.0051,-0.005700000000000001,-0.7715815825941458,-0.025007014497740194,0.005073134272370968
0.005200000000000001,-0.005700000000000001,-0.7807565464032188,-0.0255153119212713,0.003710090598529007
0.0053,-0.005700000000000001,-0.7908780383727654,-0.02554292975319692,0.0023305383257749947
0.0054,-0.005700000000000001,-0.7951319884557762,-0.02595713312267783,0.0009366928941024742
0.0055,-0.005700000000000001,-0.7987058984473238,-0.026150794401443814,-0.00048421781938360123
0.0056,-0.005700000000000001,-0.8023273752286006,-0.026454231121294802,-0.0019443298758353826
0.005700000000000001,-0.005700000000000001,-0.802313313584837,-0.026611316148156296,-0.0033954268689139243
0.0058,-0.005700000000000001,-0.801064021501108,-0.027189047363543734,-0.0049022630879396595
0.0059,-0.005700000000000001,-0.7982299896782368,-0.027309044726285717,-0.006363229660796959
0.006,-0.005700000000000001,-0.7972870560610748,-0.027646640727119188,-0.007873882559604644
0.0061,-0.005700000000000001,-0.7907791246326422,-0.028057449358934623,-0.009524819194537966
0.0062,-0.005700000000000001,-0.7838739173409872,-0.028317660893686994,-0.011089458477764364
0.0063,-0.005700000000000001,-0.7783396766877512,-0.02874284789847922,-0.012656207558486721
0.0064,-0.005700000000000001,-0.7685298700643303,-0.028955951289309237,-0.014298820066240498
0.006499999999999999,-0.005700000000000001,-0.7623663519459167,-0.029334455883073873,-0.015968882589981002
0.006600000000000001,-0.005700000000000001,-0.7485699802626558,-0.029550796172644334,-0.01760090260650369
0.0067,-0.005700000000000001,-0.7208456830067825,-0.029673192231149323,-0.019337408374378712
0.0068,-0.005700000000000001,-0.7017783135036282,-0.029960664887540546,-0.021070778884620143
0.0069,-0.005700000000000001,-0.681141396013977,-0.03003443651072565,-0.0226845398107226
0.006999999999999999,-0.005700000000000001,-0.6630280184563987,-0.03009289795461874,-0.02447889397845643
0.007100000000000001,-0.005700000000000001,-0.6457616372332737,-0.03013999503371469,-0.026064109225223134
0.0072,-0.005700000000000001,-0.6167371554221502,-0.03032156350161427,-0.02774713814669162
0.0073,-0.005700000000000001,-0.5861616418889781,-0.03008600694792901,-0.029231920805919877
0.0074,-0.005700000000000001,-0.5571679863068913,-0.029880025004263712,-0.03073619212615781
0.0075,-0.005700000000000001,-0.5293808803378709,-0.02939463749319492,-0.032073535971022055
0.0076,-0.005700000000000001,-0.4967469935416493,-0.029025074068773922,-0.033293070190092366
0.0077,-0.005700000000000001,-0.4656099171722739,-0.0284305872253383,-0.03433760632575222
0.0078,-0.005700000000000001,-0.44034086429000463,-0.027697074103997334,-0.0352582270002312
0.0079,-0.005700000000000001,-0.41076417683154565,-0.026927230932268478,-0.03599023420474314
0.008,-0.005700000000000001,-0.37577660413277647,-0.02594125472072603,-0.03652145552299604
0.0081,-0.005700000000000001,-0.3396320306647238,-0.024694246940285266,-0.03661940705181326
0.0082,-0.005700000000000001,-0.31641474726448876,-0.02324533759059988,-0.03654770250093644
0.0083,-0.005700000000000001,-0.2949297840860845,-0.02199588217681155,-0.03625024658532179
0.0084,-0.005700000000000001,-0.2800929948316004,-0.02053754632788451,-0.03543131529839235
0.0085,-0.005700000000000001,-0.24381775969960892,-0.019035870245974286,-0.03473319632877022
0.0086,-0.005700000000000001,-0.21049383621943588,-0.01714870034197217,-0.03361607447875933
0.0087,-0.005700000000000001,-0.19527492695988197,-0.015321471855472274,-0.03189003890560819
0.0088,-0.005700000000000001,-0.200128600561463,-0.013581205500045124,-0.0300227741626988
0.0089,-0.005700000000000001,-0.1938823669319416,-0.011867160233504936,-0.027787036141247858
0.009,-0.005700000000000001,-0.18036821200060213,-0.01013747907330181,-0.02534585658734549
0.0091,-0.005700000000000001,-0.1760300460600336,-0.008356895116430826,-0.022687712053007722
0.0092,-0.005700000000000001,-0.17396208872465455,-0.006747900748196746,-0.01970310572965935
0.0093,-0.005700000000000001,-0.1738770808897173,-0.005245709140566009,-0.016824589614945318
0.0094,-0.005700000000000001,-0.1757366384116483,-0.003911116052365271,-0.013700175447479713
0.0095,-0.005700000000000001,-0.17888702965775286,-0.0027552023390585165,-0.01091046165350263
0.0096,-0.005700000000000001,-0.1829599212061567,-0.0017418444624806113,-0.008013203302307103
0.0097,-0.005700000000000001,-0.18826752376584482,-0.0009961387966701018,-0.005515228465657857
0.0098,-0.005700000000000001,-0.19258849517630075,-0.0004668157528410202,-0.0033609312759331103
0.0099,-0.005700000000000001,-0.19577101509142047,-0.00014343459664404204,-0.0014676615365822332
0.01,-0.005700000000000001,-0.19767154854016436,0.0,0.0
0.0,-0.0056,-0.036987491708298396,0.0,0.0
0.0001,-0.0056,-0.037689273353486,-6.523737630200555e-05,0.0033646421582888292
0.0002,-0.0056,-0.03884144371759696,-0.00019863416016956549,0.006281179028867748
0.0003,-0.0056,-0.040089376387835274,-0.0004090848823187595,0.008864554535240344
0.0004,-0.0056,-0.042252806918892286,-0.0006923951865329411,0.0110977604749141
0.0005,-0.0056,-0.04337933912095736,-0.0010317895883799088,0.01306414308242295
0.0006,-0.0056,-0.0460489178864336,-0.0014255739432425876,0.01474892075918771
0.0007,-0.0056,-0.04863869846327841,-0.0018682064368386883,0.01624399848870379
0.0008,-0.0056,-0.05233789541191076,-0.0023539738278131246,0.01746451250771616
0.0009,-0.0056,-0.05612708095732272,-0.0028584393935707497,0.01868991056064117
0.001,-0.0056,-0.061033433613369076,-0.0034024688622796718,0.019611455527513283
0.0011,-0.0056,-0.06680180259964612,-0.003964887947569331,0.02048524934937972
0.0012,-0.0056,-0.0741298943918292,-0.004543035239923195,0.02126124375355941
0.0013000000000000002,-0.0056,-0.08097819272954478,-0.005147032357817291,0.021959522360183482
0.0014,-0.0056,-0.09007668538578259,-0.005750512756850565,0.022538084129986286
0.0015,-0.0056,-0.09906343515125891,-0.006356102008347359,0.023098057830454537
0.0016,-0.0056,-0.11051761319522763,-0.006976655220429179,0.02365558344825972
0.0017,-0.0056,-0.12241736585412012,-0.007604855899768008,0.024012007176659505
0.0018,-0.0056,-0.13504489776715317,-0.008193797091450341,0.024513378360248042
0.0019,-0.0056,-0.14912528417624488,-0.008843972001464261,0.024849974855208685
0.002,-0.0056,-0.16551577932921246,-0.009461883376997965,0.025033941959276815
0.0021,-0.0056,-0.17957158500088374,-0.010123672757945441,0.025217216386237536
0.0022,-0.0056,-0.1967231830194358,-0.010688451815235221,0.02542987507515931
0.0023,-0.0056,-0.21528296117617593,-0.011346214519617202,0.025428916112276267
0.0024,-0.0056,-0.23439465747260502,-0.011977932700983221,0.02560767520322038
0.0025,-0.0056,-0.254567561317532,-0.01255477709354827,0.0256423425061743
0.0026000000000000003,-0.0056,-0.27444008032560036,-0.013169097948467517,0.025604375206367158
0.0027,-0.0056,-0.29557450923149914,-0.013710724723617696,0.02557547731322284
0.0028,-0.0056,-0.3172347025169003,-0.014302039042490174,0.025391464554714062
0.0029,-0.0056,-0.3401293218588867,-0.014900091425465296,0.02504236935337616
0.003,-0.0056,-0.3649874089555092,-0.015439010369843376,0.024851382782444767
0.0031,-0.0056,-0.3880099851322167,-0.016000645064743718,0.02449646026486986
0.0032,-0.0056,-0.41252469971284356,-0.016509072395819308,0.02406279969861715
0.0033000000000000004,-0.0056,-0.4382359108272548,-0.017031068711297035,0.023590311588738474
0.0034,-0.0056,-0.4626798522248182,-0.01754197174731,0.0230027737397326
0.0034999999999999996,-0.0056,-0.4885985853315687,-0.018013857157460803,0.02252517998586827
0.0036,-0.0056,-0.515015285397489,-0.018464179542950265,0.021773165238798384
0.0037,-0.0056,-0.5395408232862059,-0.018952837958295155,0.02100013260403169
0.0038,-0.0056,-0.5648660980525269,-0.019363573461433303,0.020296279587133467
0.0039,-0.0056,-0.5892538443025296,-0.019743540043848824,0.019352187933599354
0.004,-0.0056,-0.6137938681104644,-0.020127125455825453,0.018460650278858053
0.0041,-0.0056,-0.6361312052152887,-0.02056781642618709,0.017569095614510356
0.0042,-0.0056,-0.6586696102294489,-0.02088178322858094,0.016419806637887314
0.0043,-0.0056,-0.6813657691093055,-0.021288990899085796,0.015346082731523198
0.0044,-0.0056,-0.6998119100865339,-0.021597399104448273,0.014244867761518643
0.0045,-0.0056,-0.7199789107806183,-0.021974822177333632,0.013151849159617172
0.0046,-0.0056,-0.7358286150845346,-0.02220969818536533,0.011887008838976629
0.0047,-0.0056,-0.7526229856606942,-0.022510045949193883,0.010684206065208585
0.0048,-0.0056,-0.7652394534975498,-0.022852330037257073,0.009291442486923073
0.0049,-0.0056,-0.7822276548024,-0.023025566874061213,0.0079985880064504
0.005,-0.0056,-0.7964730289998794,-0.02343896629508991,0.006727749795623183
0.0051,-0.0056,-0.8084075211946289,-0.02354714922066023,0.005460437328647664
0.005200000000000001,-0.0056,-0.8172525054823053,-0.024054130029687593,0.004061022052330357
0.0053,-0.0056,-0.8216652164281361,-0.024282394353785704,0.0026929727644241694
0.0054,-0.0056,-0.830554394818961,-0.024615498961313792,0.0012492181265760793
0.0055,-0.0056,-0.8339964316734948,-0.02495699950844879,-0.00016648142918615635
0.0056,-0.0056,-0.8373745938218741,-0.025213106774574563,-0.0016091927612286933
0.005700000000000001,-0.0056,-0.8438634267480787,-0.025605636896356834,-0.0030651925979563177
0.0058,-0.0056,-0.8434205084785477,-0.025823424552831032,-0.004592127944108196
0.0059,-0.0056,-0.8391052900376902,-0.02614444966695283,-0.006058489383936257
0.006,-0.0056,-0.8380440851628687,-0.02647381152844094,-0.007582899346704567
0.0061,-0.0056,-0.8333014143186698,-0.026734758266176467,-0.00917845147679852
0.0062,-0.0056,-0.8266200773733449,-0.027086069048077935,-0.010780182226231767
0.0063,-0.0056,-0.8189791080082838,-0.02739093816059935,-0.012293487382189104
0.0064,-0.0056,-0.8090295707568406,-0.02775589035226657,-0.01403005017468354
0.006499999999999999,-0.0056,-0.7976343237813215,-0.02808914585957284,-0.015692029018715758
0.006600000000000001,-0.0056,-0.7854703933108947,-0.02840057096983356,-0.01721023516829216
0.0067,-0.0056,-0.7683857099135446,-0.02863982381622215,-0.01907466774023496
0.0068,-0.0056,-0.7507454996314232,-0.028951028629387927,-0.020808927064705475
0.0069,-0.0056,-0.7255947297098242,-0.029167937535512535,-0.022580226660026043
0.006999999999999999,-0.0056,-0.7010580001635801,-0.029250859389573947,-0.024345752847076643
0.007100000000000001,-0.0056,-0.683062092788778,-0.029358799471040697,-0.026021768060648057
0.0072,-0.0056,-0.6601710752446079,-0.029389144101606153,-0.027671322783396714
0.0073,-0.0056,-0.6320540409786148,-0.029432760438454376,-0.029361483316474146
0.0074,-0.0056,-0.6010596005387039,-0.029292671785667836,-0.030972651770659484
0.0075,-0.0056,-0.5706698448378938,-0.0291337833273521,-0.03246087452474561
0.0076,-0.0056,-0.5394035645006948,-0.028732667292888033,-0.03375546542294507
0.0077,-0.0056,-0.5068032639353155,-0.028279332198032848,-0.03508815730386405
0.0078,-0.0056,-0.47611757146153494,-0.027668500042382423,-0.036045720209537585
0.0079,-0.0056,-0.4427384977993266,-0.026906115252172826,-0.03691411578086861
0.008,-0.0056,-0.4026008867216447,-0.025952779266114334,-0.03757115532008909
0.0081,-0.0056,-0.3752561164353066,-0.02484740967181703,-0.03784039333248351
0.0082,-0.0056,-0.34980392424111,-0.023642383662388005,-0.037973120732637346
0.0083,-0.0056,-0.3153319985327094,-0.022379915919989418,-0.03793792510160251
0.0084,-0.0056,-0.29184036594414653,-0.020857689495597256,-0.03706716280660578
0.0085,-0.0056,-0.2711480272895039,-0.019260385488732157,-0.03623529225529801
0.0086,-0.0056,-0.25664921065617813,-0.017424287973847704,-0.03482285259676845
0.0087,-0.0056,-0.24219428025572565,-0.015879168292587422,-0.033244954222395186
0.0088,-0.0056,-0.21863363878018294,-0.014094181717865896,-0.03197589095422465
0.0089,-0.0056,-0.2055781670798859,-0.012302845084387665,-0.029466107980663982
0.009,-0.0056,-0.19711841507140704,-0.010474890438627147,-0.02703378012547232
0.0091,-0.0056,-0.1893667027654413,-0.008728521336074664,-0.024321165712463916
0.0092,-0.0056,-0.18643576369207068,-0.0070437907406701574,-0.0213947893107275
0.0093,-0.0056,-0.18666512660843204,-0.005506554285099604,-0.018080682665696877
0.0094,-0.0056,-0.18763414245752932,-0.004105428572416774,-0.015299366540470247
0.0095,-0.0056,-0.19106527851276225,-0.0028892041577734417,-0.012127029202778573
0.0096,-0.0056,-0.1944310804436681,-0.001866589605335785,-0.008926540226680463
0.0097,-0.0056,-0.1993688116298014,-0.0010486023095269475,-0.006160530909957912
0.0098,-0.0056,-0.2043491773188229,-0.0004974501420168429,-0.003826140999010411
0.0099,-0.0056,-0.20829359209211246,-0.00016046362700663114,-0.0016657394750468687
0.01,-0.0056,-0.20969329143172252,0.0,0.0
0.0,-0.0055,-0.04773657299114587,0.0,0.0
0.0001,-0.0055,-0.04791521836578394,-5.948949519579822e-05,0.0034403998501413807
0.0002,-0.0055,-0.049246537170073885,-0.00018201352411837172,0.006427798602531696
0.0003,-0.0055,-0.050289427851517056,-0.0003750115053021128,0.009090049922319382
0.0004,-0.0055,-0.05189942579772408,-0.0006375171304865284,0.011433488421237037
0.0005,-0.0055,-0.05387552816583038,-0.0009561672770841669,0.013482365557424365
0.0006,-0.0055,-0.05601851490686526,-0.0013262055559226825,0.015255900969868206
0.0007,-0.0055,-0.05885955818708497,-0.0017503793280830551,0.016628414300552643
0.0008,-0.0055,-0.06280030048067764,-0.0022032993053167273,0.017878037326305145
0.0009,-0.0055,-0.06666209886435373,-0.0026906952391803477,0.019174845557841772
0.001,-0.0055,-0.07181009061531309,-0.00319999336990224,0.020209386552903302
0.0011,-0.0055,-0.07814293229546786,-0.0037385686256525236,0.02104513231341943
0.0012,-0.0055,-0.08423091816345335,-0.004306168296964351,0.021829760211499266
0.0013000000000000002,-0.0055,-0.0926174998942771,-0.004861676601395914,0.022512761768258463
0.0014,-0.0055,-0.10171396256952883,-0.005467065486733928,0.023129998780808576
0.0015,-0.0055,-0.1127711373711956,-0.006030353880407572,0.023783896796210475
0.0016,-0.0055,-0.1231158938262995,-0.006598490199958471,0.02415156055450865
0.0017,-0.0055,-0.13509714164851191,-0.007196117832216541,0.024739413200502377
0.0018,-0.0055,-0.14868633602140005,-0.00781694863462691,0.024872225264611157
0.0019,-0.0055,-0.1621157098257472,-0.008400765055990246,0.02534771032739552
0.002,-0.0055,-0.17805611524076104,-0.009000029747890442,0.025540170312555628
0.0021,-0.0055,-0.1959360151986948,-0.009624850917763262,0.02583456053810962
0.0022,-0.0055,-0.21303138812391614,-0.01020749043893236,0.026071837400090336
0.0023,-0.0055,-0.22976260374607807,-0.010788040994516813,0.02619173865256378
0.0024,-0.0055,-0.2501854841432572,-0.011352314164875397,0.026252301206417274
0.0025,-0.0055,-0.2704579099497938,-0.01193565333669093,0.026214757264169986
0.0026000000000000003,-0.0055,-0.29261831875450994,-0.012501910195331832,0.02620524140780179
0.0027,-0.0055,-0.3141126670295381,-0.013057593335326953,0.02606338798710761
0.0028,-0.0055,-0.3366559707709285,-0.013603222737324889,0.025912714959375194
0.0029,-0.0055,-0.360535311193683,-0.01414413357659592,0.025646349759700524
0.003,-0.0055,-0.3851175878444529,-0.014659533524072314,0.02535784346170691
0.0031,-0.0055,-0.4104846215172169,-0.015178645634489658,0.024996315823682322
0.0032,-0.0055,-0.43491115986555895,-0.0156657682037178,0.02456907905650409
0.0033000000000000004,-0.0055,-0.4608062121573108,-0.016197289753655194,0.024089886991135817
0.0034,-0.0055,-0.48665770485385945,-0.016653895128589388,0.023598237027709915
0.0034999999999999996,-0.0055,-0.5133462669545538,-0.01707083164712871,0.02299147193605406
0.0036,-0.0055,-0.5397941421337985,-0.017523633587558093,0.022288344229748916
0.0037,-0.0055,-0.565690630086284,-0.01790720072031902,0.021562488899391993
0.0038,-0.0055,-0.5917434495636139,-0.018297336589731244,0.02067035350277069
0.0039,-0.0055,-0.6166085304938884,-0.018738153087399064,0.019810594237190664
0.004,-0.0055,-0.6413292454149755,-0.019083809695197414,0.018902770651923723
0.0041,-0.0055,-0.6642889096252632,-0.019392607290764658,0.017916736274154976
0.0042,-0.0055,-0.6889609472046062,-0.019778218661433686,0.01683325935550392
0.0043,-0.0055,-0.7088355573109684,-0.02008136484305964,0.015707625899822397
0.0044,-0.0055,-0.7278641507923406,-0.02038193768681625,0.01459566091040292
0.0045,-0.0055,-0.749285790542571,-0.020691820267815783,0.013344045042365677
0.0046,-0.0055,-0.7670349023801146,-0.020931060908379814,0.012150472757726174
0.0047,-0.0055,-0.7812571946183885,-0.021297224022086163,0.010970279585287544
0.0048,-0.0055,-0.7958431113715734,-0.021550836953884423,0.009706116983916657
0.0049,-0.0055,-0.8104465668855151,-0.02177524904317218,0.008369607373843669
0.005,-0.0055,-0.8298761335049419,-0.02204382482436262,0.006967615759935014
0.0051,-0.0055,-0.8373544268004447,-0.022412010216269696,0.005641857352456751
0.005200000000000001,-0.0055,-0.8499982311178551,-0.02275396194605204,0.004284059445624283
0.0053,-0.0055,-0.8608226896550256,-0.02302710796033819,0.00294181574591702
0.0054,-0.0055,-0.8672493884795707,-0.023400704568336164,0.0015539981454153141
0.0055,-0.0055,-0.8717885663532509,-0.023530114482788113,0.00015780687822926893
0.0056,-0.0055,-0.8773273230104152,-0.02403199456299324,-0.001291453317689353
0.005700000000000001,-0.0055,-0.8797521582881341,-0.02429031499463031,-0.0027438157446822223
0.0058,-0.0055,-0.8800732949262622,-0.024583296364879877,-0.004250662021382088
0.0059,-0.0055,-0.8789567636709645,-0.024972031701735033,-0.005749049166923256
0.006,-0.0055,-0.8808579112275272,-0.02519536801683286,-0.007199548183598687
0.0061,-0.0055,-0.8702398657635689,-0.025501471499190655,-0.008783518561742457
0.0062,-0.0055,-0.8665722806358442,-0.02586796383825959,-0.010444530186388572
0.0063,-0.0055,-0.8603880123989914,-0.026225392769859357,-0.012077990107777216
0.0064,-0.0055,-0.8504359941589696,-0.026536197137801722,-0.013699001830240516
0.006499999999999999,-0.0055,-0.8395749751298357,-0.026903587684401622,-0.015329685868833024
0.006600000000000001,-0.0055,-0.8257716087081121,-0.027178462498936996,-0.016983082742883144
0.0067,-0.0055,-0.809132466606151,-0.02750517064895749,-0.01884098502846561
0.0068,-0.0055,-0.7957289933937988,-0.027738123933435554,-0.020605298662750727
0.0069,-0.0055,-0.7748330189808951,-0.028141044889199343,-0.0223828558263808
0.006999999999999999,-0.0055,-0.7480177511002402,-0.028367976871686042,-0.02407029684986614
0.007100000000000001,-0.0055,-0.7231460733910726,-0.028469619193923015,-0.025941536657780984
0.0072,-0.0055,-0.6996142925117418,-0.02858942247600678,-0.027687574690119267
0.0073,-0.0055,-0.6731904671386276,-0.02862211152400708,-0.029444915868793577
0.0074,-0.0055,-0.6448360545402229,-0.028580499824740993,-0.031058498176704086
0.0075,-0.0055,-0.6134249189647558,-0.028503775944900125,-0.03261399133115238
0.0076,-0.0055,-0.5803838549846233,-0.02831195252893557,-0.03417498574568226
0.0077,-0.0055,-0.5442676987826338,-0.02794946351383512,-0.0355548280569864
0.0078,-0.0055,-0.5092823836460995,-0.027490678973959237,-0.03667616516748055
0.0079,-0.0055,-0.47416671846431596,-0.02679342863817216,-0.037628114000218864
0.008,-0.0055,-0.4388696075685402,-0.025969059217142015,-0.038439313280167656
0.0081,-0.0055,-0.4029300633286393,-0.025006997024024282,-0.03891021113821427
0.0082,-0.0055,-0.37124640623372607,-0.023915622306086758,-0.03907396600359191
0.0083,-0.0055,-0.34348477965674723,-0.022684040827788993,-0.03908430047693287
0.0084,-0.0055,-0.32555296060013383,-0.021079071623950625,-0.03879564286994313
0.0085,-0.0055,-0.30014205349816303,-0.019765566958716688,-0.03793963234283774
0.0086,-0.0055,-0.25338367075397994,-0.018253876229012683,-0.03703467345842642
0.0087,-0.0055,-0.20297240494699198,-0.016241140228129055,-0.03550124151827593
0.0088,-0.0055,-0.2192169396422205,-0.014414458165456948,-0.033596372118478934
0.0089,-0.0055,-0.21339036792038651,-0.012664286276971824,-0.03132594187183727
0.009,-0.0055,-0.2152841925652914,-0.010923881668198156,-0.028824765432338684
0.0091,-0.0055,-0.2068323038352914,-0.009086221445607745,-0.026095785427379586
0.0092,-0.0055,-0.20080359612161722,-0.007384591106597907,-0.023059735370964403
0.0093,-0.0055,-0.1994729765373584,-0.005797338447861663,-0.01973025925358475
0.0094,-0.0055,-0.20008673421883788,-0.004340032191305492,-0.01636562581683822
0.0095,-0.0055,-0.20320719811041207,-0.003066335132633048,-0.012912274183658912
0.0096,-0.0055,-0.2068234650675471,-0.0019653556186062546,-0.00981631964408097
0.0097,-0.0055,-0.21157275424546218,-0.0011314191109905976,-0.006923022075830093
0.0098,-0.0055,-0.21683835520506914,-0.000538229710064607,-0.0042080702444706065
0.0099,-0.0055,-0.22166309727600103,-0.00017152864983492307,-0.0019043886764795123
0.01,-0.0055,-0.22308016767051625,0.0,0.0
0.0,-0.0054,-0.058328824281504925,0.0,0.0
0.0001,-0.0054,-0.05897101832762037,-5.2730981025414494e-05,0.0035539618651646825
0.0002,-0.0054,-0.05964179429217183,-0.0001658677458412773,0.00668415845769743
0.0003,-0.0054,-0.06131276973283424,-0.0003408429593991725,0.009360385648916216
0.0004,-0.0054,-0.062356939601624174,-0.0005823332949752266,0.01166208361402981
0.0005,-0.0054,-0.06377815492126176,-0.0008799798166967245,0.013758693940450662
0.0006,-0.0054,-0.06654222403478562,-0.0012263391936154868,0.015587433406632252
0.0007,-0.0054,-0.0693236805818302,-0.0016178032770175863,0.017230549673752354
0.0008,-0.0054,-0.07289547019926779,-0.0020506800309276763,0.01841838303205422
0.0009,-0.0054,-0.07755116019735211,-0.002515774131697867,0.019730776539706174
0.001,-0.0054,-0.08191843250472322,-0.0029944549173130507,0.020680357090222076
0.0011,-0.0054,-0.08843273392491964,-0.0034994401373269687,0.021544890897191485
0.0012,-0.0054,-0.09633052634953469,-0.004044726703314517,0.022367050612872814
0.0013000000000000002,-0.0054,-0.10413779214079066,-0.004569331267686954,0.02311769691087745
0.0014,-0.0054,-0.11317215668933482,-0.00512141306503934,0.02369485206940461
0.0015,-0.0054,-0.12405734036248149,-0.005695175023359795,0.02427405103953517
0.0016,-0.0054,-0.1358203921539495,-0.006217536557080032,0.024774059837814166
0.0017,-0.0054,-0.14804238676892525,-0.006825631325273196,0.025234458870941102
0.0018,-0.0054,-0.16208266599903803,-0.007373563539561212,0.0254948438374919
0.0019,-0.0054,-0.1761766423834156,-0.007942531742204521,0.025964280075767746
0.002,-0.0054,-0.1913972709165655,-0.00850595262124129,0.026230073840390278
0.0021,-0.0054,-0.2089410364959467,-0.009051176583354642,0.026374201216781103
0.0022,-0.0054,-0.22910459289440083,-0.009641110531451318,0.02657004539785622
0.0023,-0.0054,-0.24762753217245664,-0.01021409990304925,0.02674330054524643
0.0024,-0.0054,-0.2660835245239872,-0.010726649946746254,0.026783879604978102
0.0025,-0.0054,-0.28774103826002995,-0.011273646299270185,0.02677665753527522
0.0026000000000000003,-0.0054,-0.31007437561770396,-0.011801998096633688,0.02668270697413982
0.0027,-0.0054,-0.3328112169016947,-0.012333972526702291,0.026624400845158214
0.0028,-0.0054,-0.35537791226299775,-0.012854276720377152,0.026508476161892204
0.0029,-0.0054,-0.3814730506545603,-0.013359505055536743,0.026133686022664582
0.003,-0.0054,-0.4049404994538157,-0.013839906827305112,0.0259246472983755
0.0031,-0.0054,-0.4304472224445616,-0.014320887595403314,0.025482864179315223
0.0032,-0.0054,-0.4573012057450741,-0.014781348057922273,0.02503195094913635
0.0033000000000000004,-0.0054,-0.48365012388802486,-0.015222194608296546,0.024535902758101427
0.0034,-0.0054,-0.5103583741702551,-0.015678318689498226,0.02396254490012842
0.0034999999999999996,-0.0054,-0.5382768074480961,-0.01606540235896048,0.02341145426822378
0.0036,-0.0054,-0.5645426371542488,-0.016470137304172336,0.022665225594997507
0.0037,-0.0054,-0.5905320682678127,-0.016843900875719523,0.021905429645783032
0.0038,-0.0054,-0.6170015134142609,-0.017188278953901716,0.02103405390635806
0.0039,-0.0054,-0.6417309293044849,-0.017588710720628033,0.020158272005671243
0.004,-0.0054,-0.6677221921665177,-0.01788290551427218,0.01914551329276967
0.0041,-0.0054,-0.6913556109079864,-0.01819811362029419,0.018198259503666363
0.0042,-0.0054,-0.7146676453453564,-0.01852847077546705,0.017187319611250366
0.0043,-0.0054,-0.738421622484973,-0.018791282644481034,0.01591073209780314
0.0044,-0.0054,-0.7587422925714923,-0.01906878129236575,0.01488601945729031
0.0045,-0.0054,-0.7772207100965801,-0.019336038643121573,0.013705827291613959
0.0046,-0.0054,-0.7992081412701106,-0.019584047826621404,0.012473259131770146
0.0047,-0.0054,-0.8162372693363019,-0.019927982114292545,0.011219834483905051
0.0048,-0.0054,-0.8318197885960293,-0.02018875695036769,0.009845739784787757
0.0049,-0.0054,-0.8454304195002931,-0.020523121496760773,0.008619432994520235
0.005,-0.0054,-0.8615104647839416,-0.020720628469757196,0.007346651779586361
0.0051,-0.0054,-0.8720314411308279,-0.02111790040282963,0.006022690448659394
0.005200000000000001,-0.0054,-0.8815258663491018,-0.021343230201963628,0.004639769057188617
0.0053,-0.0054,-0.892363039097481,-0.021560619562350544,0.0032914436841158332
0.0054,-0.0054,-0.9012082956602562,-0.021887531886643052,0.001822411659650779
0.0055,-0.0054,-0.906485733742115,-0.022195710064213527,0.0004421590315869445
0.0056,-0.0054,-0.9130427491485411,-0.022554234008113856,-0.001004627987152812
0.005700000000000001,-0.0054,-0.9186611408188518,-0.02289469614378841,-0.0024149478384025355
0.0058,-0.0054,-0.9217116756695041,-0.023190802691821888,-0.003934723453649619
0.0059,-0.0054,-0.917585766413891,-0.023450211673961843,-0.0054511970239171995
0.006,-0.0054,-0.9171823526064219,-0.023870073432533903,-0.006936735501660476
0.0061,-0.0054,-0.9132762266092939,-0.02415401239467162,-0.008501564647796228
0.0062,-0.0054,-0.9088582653818157,-0.02454802634084306,-0.01010747036623956
0.0063,-0.0054,-0.9041046457488059,-0.024888891457727585,-0.011693631084670478
0.0064,-0.0054,-0.8915005754638504,-0.025239414161699714,-0.013421319984923564
0.006499999999999999,-0.0054,-0.8813399826324095,-0.025562834963933356,-0.01504107716411926
0.006600000000000001,-0.0054,-0.8681171697817471,-0.025896101448070544,-0.016772871099756097
0.0067,-0.0054,-0.8516372257233961,-0.02627862455349178,-0.018549241696229547
0.0068,-0.0054,-0.833088344342248,-0.02660056216765677,-0.020275005140575588
0.0069,-0.0054,-0.8149073945974808,-0.026915618088453865,-0.02198264415507234
0.006999999999999999,-0.0054,-0.7945549402737522,-0.02721962406888383,-0.023808106647429286
0.007100000000000001,-0.0054,-0.7697178942344117,-0.02745818555537064,-0.025758665398197978
0.0072,-0.0054,-0.7415176773236895,-0.027642566867223096,-0.027596588153833503
0.0073,-0.0054,-0.7121878817323937,-0.02777264892067769,-0.029291573485875314
0.0074,-0.0054,-0.6847324901489504,-0.027822306167857098,-0.03106033606496545
0.0075,-0.0054,-0.6570271952869828,-0.027744742835605754,-0.03280677725640623
0.0076,-0.0054,-0.6227783794316277,-0.02772373971835587,-0.03443639501468342
0.0077,-0.0054,-0.5858369069935588,-0.027544670676480733,-0.035845534401162595
0.0078,-0.0054,-0.5471808645704549,-0.027129332343083935,-0.037243691623007905
0.0079,-0.0054,-0.5150571788165241,-0.026458282687609982,-0.0383606488505761
0.008,-0.0054,-0.48544159385551466,-0.02581231102012709,-0.03918756815248808
0.0081,-0.0054,-0.456770096544523,-0.024985393264292343,-0.03986684234587019
0.0082,-0.0054,-0.4316857236976402,-0.02404311106963286,-0.040231818093744376
0.0083,-0.0054,-0.39525460933039364,-0.022972509305837625,-0.040428838090959096
0.0084,-0.0054,-0.36226987911538505,-0.021399747010042255,-0.03992519689865155
0.0085,-0.0054,-0.3121767506563617,-0.02010442159617562,-0.03952237610142663
0.0086,-0.0054,-0.30429639904712247,-0.018210004430571313,-0.03828310813561062
0.0087,-0.0054,-0.2992585393843666,-0.016631373075669777,-0.037041968014332426
0.0088,-0.0054,-0.261953817593328,-0.014998150237185238,-0.03520386377872533
0.0089,-0.0054,-0.2463768535009526,-0.013237204624711464,-0.03320699732100821
0.009,-0.0054,-0.22704610860735372,-0.011212456532112981,-0.030621718144288032
0.0091,-0.0054,-0.20778581102596513,-0.009474416477225012,-0.02774690768762636
0.0092,-0.0054,-0.21392709958209308,-0.007736659704979637,-0.02477088009157959
0.0093,-0.0054,-0.21225339540514632,-0.006064204303516231,-0.021246130501936883
0.0094,-0.0054,-0.21323841970228996,-0.004540321239714192,-0.017806687533846982
0.0095,-0.0054,-0.21540351057004295,-0.0032187938726362594,-0.014431672878683011
0.0096,-0.0054,-0.2194795334502737,-0.0021012381751575678,-0.010971408798042351
0.0097,-0.0054,-0.22469113064489754,-0.0011977255434292924,-0.007631862196620049
0.0098,-0.0054,-0.23021086271270993,-0.0005749368428129695,-0.004722728267724466
0.0099,-0.0054,-0.23424654192519503,-0.0001833899636991543,-0.0021698957528442637
0.01,-0.0054,-0.23580537194302192,0.0,0.0
0.0,-0.0053,-0.06931174512043921,0.0,0.0
0.0001,-0.0053,-0.06936696691404445,-4.800386269559315e-05,0.0036058232851902215
0.0002,-0.0053,-0.07018904600633961,-0.00015719795158574112,0.006775810805826322
0.0003,-0.0053,-0.07117068095298261,-0.0003070242359023398,0.009615309952167523
0.0004,-0.0053,-0.0725102690604352,-0.000524191851944421,0.011929674403179198
0.0005,-0.0053,-0.07440751489596172,-0.000796615382616827,0.01409940876309534
0.0006,-0.0053,-0.07654650371213459,-0.0011205561749040897,0.01583476710473705
0.0007,-0.0053,-0.0798824558967375,-0.0014845568492591094,0.017461724823669714
0.0008,-0.0053,-0.08345279202657978,-0.0018900684803627487,0.018840724031170764
0.0009,-0.0053,-0.08751726885652433,-0.0023262548998193417,0.020107826525178778
0.001,-0.0053,-0.09362130960425617,-0.0027751010657823443,0.021129271013431785
0.0011,-0.0053,-0.09969524144265447,-0.0032617471087547385,0.022158632987435818
0.0012,-0.0053,-0.106581767531335,-0.0037516771264379275,0.02291886245981305
0.0013000000000000002,-0.0053,-0.11540957241234824,-0.004271572009122274,0.023638424549553633
0.0014,-0.0053,-0.12451929827237687,-0.004776400516875278,0.024242293803851046
0.0015,-0.0053,-0.13561843278575442,-0.00530637597474105,0.0248899728081338
0.0016,-0.0053,-0.1485285119637492,-0.005838052843903584,0.025364243142238875
0.0017,-0.0053,-0.16118673875154993,-0.006390386433269147,0.025891803127282117
0.0018,-0.0053,-0.17484329869212203,-0.006916340318157028,0.026144078654656334
0.0019,-0.0053,-0.19083237675916687,-0.007425520014139028,0.026526652008951337
0.002,-0.0053,-0.20501925669695523,-0.007998871946074158,0.026839480373028298
0.0021,-0.0053,-0.22263848473310982,-0.00852741718994653,0.02696549744895347
0.0022,-0.0053,-0.24209424280671207,-0.009027789430180747,0.02712719620056413
0.0023,-0.0053,-0.26216166943221325,-0.009586573989071657,0.027223966143341174
0.0024,-0.0053,-0.2822397132090259,-0.010068391257024703,0.027310514124414056
0.0025,-0.0053,-0.30439798710289645,-0.010587002763413515,0.027264520938805423
0.0026000000000000003,-0.0053,-0.326459711803254,-0.011086709866978198,0.02727779555343146
0.0027,-0.0053,-0.34966667588799966,-0.011579829504864636,0.02705047199392703
0.0028,-0.0053,-0.37374250729893443,-0.012073743106623118,0.026903238020222875
0.0029,-0.0053,-0.39977264895545556,-0.012516259572746206,0.02660933370645311
0.003,-0.0053,-0.42557138728814625,-0.012952912485071659,0.026375310166305822
0.0031,-0.0053,-0.45196529241120575,-0.013392317841314623,0.02592753846922624
0.0032,-0.0053,-0.47785106887903767,-0.013839680981311548,0.02549192478191117
0.0033000000000000004,-0.0053,-0.5053436484260514,-0.014247007737326007,0.02496910311989832
0.0034,-0.0053,-0.5326824088335236,-0.014646581516981033,0.024396166310278935
0.0034999999999999996,-0.0053,-0.560754385371106,-0.014995326123484946,0.023743541880946854
0.0036,-0.0053,-0.5871332062366189,-0.015369812470400977,0.02303895533194892
0.0037,-0.0053,-0.6140965900272838,-0.015719151112932202,0.02226562178551582
0.0038,-0.0053,-0.6415101655383995,-0.01605658163448938,0.021352086487044876
0.0039,-0.0053,-0.6675175267254297,-0.016373974727628565,0.02049390042471257
0.004,-0.0053,-0.6920358555163766,-0.01665709430650827,0.01952897170274346
0.0041,-0.0053,-0.7169788061171202,-0.01693891947766189,0.01847547678961416
0.0042,-0.0053,-0.7417846264151039,-0.017244694059237082,0.017404992305934047
0.0043,-0.0053,-0.7651445227041699,-0.017501667843995355,0.01626909766398162
0.0044,-0.0053,-0.7864211437478206,-0.01773509377831958,0.015219813827197571
0.0045,-0.0053,-0.8061947882404187,-0.018048642459491625,0.013896183926022916
0.0046,-0.0053,-0.8260551849670101,-0.018293013842921518,0.012674902196046148
0.0047,-0.0053,-0.843699225067689,-0.018606029804083195,0.011448866336573174
0.0048,-0.0053,-0.8599772710829292,-0.01886062754703534,0.010139809768215859
0.0049,-0.0053,-0.8768041727122023,-0.019118234806678718,0.008890987559879751
0.005,-0.0053,-0.8904831760785099,-0.019404448471143983,0.007658302128018023
0.0051,-0.0053,-0.9040297765763015,-0.01957467685527846,0.006312640106500542
0.005200000000000001,-0.0053,-0.9146791498223913,-0.019862079060584736,0.004875224526286762
0.0053,-0.0053,-0.9274586283976181,-0.020285063491459678,0.003562315724441497
0.0054,-0.0053,-0.9320991499671085,-0.020467905788402758,0.0021753739967555422
0.0055,-0.0053,-0.9408045353156546,-0.020888474434946798,0.0007511819843485
0.0056,-0.0053,-0.9478050915776164,-0.020918708007085982,-0.0006858805408046751
0.005700000000000001,-0.0053,-0.9567962647245575,-0.021598284660118056,-0.0021527769914317543
0.0058,-0.0053,-0.9565977675771078,-0.021669799029699607,-0.0035716617912029697
0.0059,-0.0053,-0.9569464187271554,-0.022026624345058577,-0.005066057704770091
0.006,-0.0053,-0.9578456277995502,-0.022360231683889512,-0.006603159684245419
0.0061,-0.0053,-0.9543784582539218,-0.022813912406014006,-0.008149798530904367
0.0062,-0.0053,-0.948519084021914,-0.023050210010767333,-0.009729512023230795
0.0063,-0.0053,-0.9420329410575321,-0.02349953838329409,-0.01141475391731489
0.0064,-0.0053,-0.9328563850261916,-0.02378924966279956,-0.013077352762350423
0.006499999999999999,-0.0053,-0.9248257844110811,-0.024137030386432515,-0.014680515483120533
0.006600000000000001,-0.0053,-0.9111936906654808,-0.024535605949518882,-0.016323445276082323
0.0067,-0.0053,-0.8959992168417124,-0.024942975551314105,-0.018165902669070737
0.0068,-0.0053,-0.8776136320110616,-0.025293455337830496,-0.019949992036599855
0.0069,-0.0053,-0.8569691121136378,-0.025627188506664064,-0.021666413644046024
0.006999999999999999,-0.0053,-0.8367176861959403,-0.025950318977930875,-0.023675358392642367
0.007100000000000001,-0.0053,-0.8137950325096477,-0.026253341776233553,-0.025410299725413796
0.0072,-0.0053,-0.7882400641206659,-0.026568286607203007,-0.0273084825272928
0.0073,-0.0053,-0.7555676036386937,-0.02675153906823385,-0.029231498955998372
0.0074,-0.0053,-0.7246261260009029,-0.026927071500452582,-0.030963348889092558
0.0075,-0.0053,-0.6945475051986665,-0.026956503054162962,-0.03273603292598747
0.0076,-0.0053,-0.6635754985324215,-0.027012876155224283,-0.03449849822584965
0.0077,-0.0053,-0.6303360554563355,-0.026814428558897953,-0.03606982019401376
0.0078,-0.0053,-0.5933344080091882,-0.026514024537879367,-0.037633438232801276
0.0079,-0.0053,-0.5556493239533091,-0.026167743959932134,-0.03899279936721188
0.008,-0.0053,-0.5241280407362632,-0.025638721041667457,-0.03998684867636681
0.0081,-0.0053,-0.4819596918658169,-0.024986106489345287,-0.04101472284470879
0.0082,-0.0053,-0.4342820133190556,-0.02405895770492963,-0.041597388620007864
0.0083,-0.0053,-0.40079141491335735,-0.022883598379279304,-0.041765850173116154
0.0084,-0.0053,-0.38115526230167646,-0.02160247817887183,-0.04142294445103689
0.0085,-0.0053,-0.3300450023423753,-0.019883427016846908,-0.04121048606376488
0.0086,-0.0053,-0.31745665766697173,-0.01862591868297296,-0.04030342817018983
0.0087,-0.0053,-0.3063153834309937,-0.01716564668279622,-0.038845813043708426
0.0088,-0.0053,-0.2772804157698801,-0.015402585009745385,-0.037170122570484125
0.0089,-0.0053,-0.2601149174979875,-0.013364543914046787,-0.03521262020698842
0.009,-0.0053,-0.23622929561141018,-0.01163844361808784,-0.03252019448158609
0.0091,-0.0053,-0.24967217087341406,-0.009838506324236523,-0.029603250496523445
0.0092,-0.0053,-0.22964243176894697,-0.008052693729591581,-0.02656023533881241
0.0093,-0.0053,-0.22614400699865939,-0.006378644430389834,-0.022928364196098734
0.0094,-0.0053,-0.22650441335002736,-0.004789853404609411,-0.019293274349989953
0.0095,-0.0053,-0.22858671418105994,-0.003406157594279582,-0.015599276812634236
0.0096,-0.0053,-0.23238528229934266,-0.0021989935815053814,-0.01205356724812602
0.0097,-0.0053,-0.2372947564662867,-0.0012688027068552122,-0.008438905626521115
0.0098,-0.0053,-0.24322244029947795,-0.0006260636102092061,-0.005355162213360097
0.0099,-0.0053,-0.24792011592869376,-0.00019362608591220033,-0.002403363202260657
0.01,-0.0053,-0.24903954753083532,0.0,0.0
0.0,-0.005200000000000001,-0.0799014317035793,0.0,0.0
0.0001,-0.005200000000000001,-0.08048789152668621,-3.571301008181066e-05,0.0036732058773623353
0.0002,-0.005200000000000001,-0.0808705315425619,-0.00017786109208193146,0.00684886549912117
0.0003,-0.005200000000000001,-0.08130634836358833,-0.00027144100362048995,0.00972440274660204
0.0004,-0.005200000000000001,-0.08311785426414252,-0.00045773262964056785,0.012250381139078951
0.0005,-0.005200000000000001,-0.08471314659436825,-0.0007145072686726178,0.01436280904170642
0.0006,-0.005200000000000001,-0.08690450285997353,-0.0010048655711463552,0.016209471857010323
0.0007,-0.005200000000000001,-0.08963061545220656,-0.0013440968018388181,0.017909159289347845
0.0008,-0.005200000000000001,-0.09345382112569445,-0.001713119289785233,0.019216642847729486
0.0009,-0.005200000000000001,-0.09790880371108211,-0.002116377557683692,0.020586710727496335
0.001,-0.005200000000000001,-0.10418580087652585,-0.002560799737983529,0.021685813319137454
0.0011,-0.005200000000000001,-0.10991890850898423,-0.0029947459295731485,0.022590752236617218
0.0012,-0.005200000000000001,-0.11741263787506562,-0.0034617811206970974,0.023428390088157943
0.0013000000000000002,-0.005200000000000001,-0.1261372307092294,-0.003928273943546966,0.02411443232535904
0.0014,-0.005200000000000001,-0.1365544787074109,-0.004437369057405093,0.024826218323305362
0.0015,-0.005200000000000001,-0.1459847194147459,-0.004953729626002442,0.025349325350497123
0.0016,-0.005200000000000001,-0.16015850311225194,-0.0054150027891764155,0.02591896337737116
0.0017,-0.005200000000000001,-0.17339917906071117,-0.005926066973179875,0.026316378570975286
0.0018,-0.005200000000000001,-0.18690860808590296,-0.00642006075985951,0.02669506162829965
0.0019,-0.005200000000000001,-0.20375059086159913,-0.006921622959840221,0.02702369402640229
0.002,-0.005200000000000001,-0.22176665751087085,-0.007464933397925293,0.0272572916137228
0.0021,-0.005200000000000001,-0.23748724865511647,-0.007979063458646974,0.027538455809307062
0.0022,-0.005200000000000001,-0.254114667500238,-0.008391482202023215,0.027697824371605173
0.0023,-0.005200000000000001,-0.27635326848524183,-0.008876209618102164,0.02774878725340801
0.0024,-0.005200000000000001,-0.29772922722199735,-0.009395704393092497,0.02777676046509081
0.0025,-0.005200000000000001,-0.32067785756104145,-0.009858346893905707,0.027776754049970556
0.0026000000000000003,-0.005200000000000001,-0.3439598042543988,-0.010329411591750498,0.027722697045008654
0.0027,-0.005200000000000001,-0.3666399310291509,-0.010779806032451766,0.027567093247185953
0.0028,-0.005200000000000001,-0.3932764317106043,-0.011211723941956638,0.02739096329841381
0.0029,-0.005200000000000001,-0.4177038745907531,-0.011648209176846475,0.027037278360248995
0.003,-0.005200000000000001,-0.4435163496959602,-0.012050553955727612,0.02679065888375323
0.0031,-0.005200000000000001,-0.4711741701010458,-0.012453400585015165,0.026337598709877688
0.0032,-0.005200000000000001,-0.4983634662036189,-0.012855352632816466,0.025921896862039873
0.0033000000000000004,-0.005200000000000001,-0.5256358345022436,-0.013261578996627414,0.025398079160893525
0.0034,-0.005200000000000001,-0.5543989681404443,-0.013587794076168173,0.02470705379359313
0.0034999999999999996,-0.005200000000000001,-0.5818318296078704,-0.013903047670042745,0.024089001142469202
0.0036,-0.005200000000000001,-0.609349193477651,-0.014233107846324018,0.023428244622951937
0.0037,-0.005200000000000001,-0.6374565971931071,-0.014567295703985128,0.022559011403317952
0.0038,-0.005200000000000001,-0.6635432122339792,-0.014875730888352992,0.0216884332623754
0.0039,-0.005200000000000001,-0.690120883933661,-0.015151384234786819,0.020730525638491572
0.004,-0.005200000000000001,-0.7166896591858405,-0.015405258995705152,0.01980572049906871
0.0041,-0.005200000000000001,-0.7414420888585512,-0.015689626285439198,0.018742920934037215
0.0042,-0.005200000000000001,-0.7648360729472623,-0.015929014274055003,0.017705362864310664
0.0043,-0.005200000000000001,-0.7902457681778348,-0.01617965984160811,0.01659148683347213
0.0044,-0.005200000000000001,-0.8120646172673155,-0.016416291547610883,0.015470733634170503
0.0045,-0.005200000000000001,-0.830899489376751,-0.016666359036981358,0.014254013064262577
0.0046,-0.005200000000000001,-0.8532815057627555,-0.016938487339423443,0.01290343214773197
0.0047,-0.005200000000000001,-0.8693144530237624,-0.017190390069638815,0.011740132776959096
0.0048,-0.005200000000000001,-0.887844426445268,-0.017426902086445786,0.010477796479461975
0.0049,-0.005200000000000001,-0.9020205046125634,-0.017717331672918387,0.0091380933468971
0.005,-0.005200000000000001,-0.9195238142184349,-0.01801589659935426,0.007839094486806418
0.0051,-0.005200000000000001,-0.9313319714059289,-0.018221460519358523,0.006562721151298079
0.005200000000000001,-0.005200000000000001,-0.9454850867533938,-0.01844664291039903,0.00522016373240244
0.0053,-0.005200000000000001,-0.9581222304694998,-0.01880288986385922,0.0038621500546107026
0.0054,-0.005200000000000001,-0.9685801969495195,-0.01897044722651612,0.0024410619191392114
0.0055,-0.005200000000000001,-0.9769400747225596,-0.019329567125606475,0.001067610843658418
0.0056,-0.005200000000000001,-0.984725637804472,-0.019622387005978376,-0.0003617126489378406
0.005700000000000001,-0.005200000000000001,-0.9893198791534353,-0.020035666081974043,-0.0018419619781324032
0.0058,-0.005200000000000001,-0.9915143636912473,-0.020099625838242624,-0.003242036737231157
0.0059,-0.005200000000000001,-0.9951253189857598,-0.02050785321819827,-0.004740579233827785
0.006,-0.005200000000000001,-0.9934580106608131,-0.020824352892304977,-0.006305200381283637
0.0061,-0.005200000000000001,-0.9926490732643534,-0.021239126273390214,-0.007797096930983772
0.0062,-0.005200000000000001,-0.9912706325144718,-0.02180268561226799,-0.009376846104442355
0.0063,-0.005200000000000001,-0.9805825191656462,-0.021972446879363238,-0.010954022519132318
0.0064,-0.005200000000000001,-0.9769378994672963,-0.02234341252028211,-0.012629666612404054
0.006499999999999999,-0.005200000000000001,-0.9653399462509173,-0.022754578612294234,-0.014262012120436488
0.006600000000000001,-0.005200000000000001,-0.9494334980304575,-0.02316728961242026,-0.016046887021728986
0.0067,-0.005200000000000001,-0.9393134060003798,-0.02347136854330578,-0.017745830562173354
0.0068,-0.005200000000000001,-0.9197034744187389,-0.023873321758065044,-0.019557999955811617
0.0069,-0.005200000000000001,-0.8995179651574766,-0.024290322386837645,-0.02126171427286284
0.006999999999999999,-0.005200000000000001,-0.8793252839880286,-0.02468452870993248,-0.023226861219815174
0.007100000000000001,-0.005200000000000001,-0.8543940079742087,-0.02503108298395336,-0.025114702870767572
0.0072,-0.005200000000000001,-0.8293725030808025,-0.025360338687649586,-0.027063870151493932
0.0073,-0.005200000000000001,-0.8019879735217809,-0.025643147938296862,-0.028923954659159257
0.0074,-0.005200000000000001,-0.7683875223037152,-0.025873811563718065,-0.030879401689656263
0.0075,-0.005200000000000001,-0.7348748091041779,-0.026050926300305335,-0.03265793004261316
0.0076,-0.005200000000000001,-0.7018341634744385,-0.026116217683598487,-0.03455590294428866
0.0077,-0.005200000000000001,-0.6698508621997601,-0.026072461840337204,-0.03629095636204203
0.0078,-0.005200000000000001,-0.6347937171947036,-0.025976478681430104,-0.03773148607740221
0.0079,-0.005200000000000001,-0.5910097726253208,-0.025669080945418234,-0.03927343174913314
0.008,-0.005200000000000001,-0.5523623031596762,-0.02531570597521728,-0.04059522878674385
0.0081,-0.005200000000000001,-0.5090726662650672,-0.02467620015565076,-0.041532914370036214
0.0082,-0.005200000000000001,-0.46280977759695124,-0.023787623967424055,-0.042267495737748295
0.0083,-0.005200000000000001,-0.442135461527738,-0.02284709030737503,-0.04274934500973885
0.0084,-0.005200000000000001,-0.4092332826310866,-0.021788326871135917,-0.042692538322426164
0.0085,-0.005200000000000001,-0.3858561716250079,-0.020290038879249402,-0.04222642003581631
0.0086,-0.005200000000000001,-0.3335708116270996,-0.018961505913994488,-0.04179144213240164
0.0087,-0.005200000000000001,-0.32107571560741477,-0.017387560046389354,-0.040466475878082636
0.0088,-0.005200000000000001,-0.2954351955474074,-0.015550274612043075,-0.0389403831972442
0.0089,-0.005200000000000001,-0.2790059110646243,-0.013872749097063226,-0.03673959090472085
0.009,-0.005200000000000001,-0.2470942666329164,-0.012132866803442322,-0.03416510673010081
0.0091,-0.005200000000000001,-0.23861571583701674,-0.010135138137157208,-0.03168950292925635
0.0092,-0.005200000000000001,-0.24482147594602413,-0.008384500674058352,-0.028284802392317246
0.0093,-0.005200000000000001,-0.24063478395734436,-0.006585062629744003,-0.02465832712998596
0.0094,-0.005200000000000001,-0.2399636470034034,-0.0050231971226513406,-0.020687646201584912
0.0095,-0.005200000000000001,-0.24157858610661787,-0.0035578058664071273,-0.016886259025660984
0.0096,-0.005200000000000001,-0.24534351152074013,-0.0023657648377724476,-0.01306278893069416
0.0097,-0.005200000000000001,-0.2503256229436544,-0.0013666282214299602,-0.009434146944492183
0.0098,-0.005200000000000001,-0.25655664061076217,-0.0006653172256960624,-0.005904026777921347
0.0099,-0.005200000000000001,-0.26089894437240324,-0.00020818361984261186,-0.002694922601193485
0.01,-0.005200000000000001,-0.2627714745641558,0.0,0.0
0.0,-0.0051,-0.09114023822851827,0.0,0.0
0.0001,-0.0051,-0.09078976557031711,-3.367202060358276e-05,0.0036870916708651117
0.0002,-0.0051,-0.09113420839095694,-0.00014537410884745685,0.006944616431662301
0.0003,-0.0051,-0.09182581747762279,-0.00022696374237372364,0.009813317288284289
0.0004,-0.0051,-0.09403331981102522,-0.00039307864293399407,0.01233245128085756
0.0005,-0.0051,-0.09465716141205296,-0.0006226509874563187,0.0146064715103739
0.0006,-0.0051,-0.09664303747828445,-0.000891605225191699,0.016571253452960077
0.0007,-0.0051,-0.09973501679135177,-0.001197241404927964,0.018155055593082448
0.0008,-0.0051,-0.10371995259771084,-0.001544541399833059,0.019615627175178698
0.0009,-0.0051,-0.10838884688909045,-0.0019001132485873666,0.020906309151362674
0.001,-0.0051,-0.11462987345698133,-0.0023126769503662194,0.022058441966067956
0.0011,-0.0051,-0.1208420905988264,-0.0027210571688917173,0.022996263476419854
0.0012,-0.0051,-0.1285812380132057,-0.003159263758797145,0.023852314262189506
0.0013000000000000002,-0.0051,-0.13707222835899371,-0.003602638045708982,0.024629210165155287
0.0014,-0.0051,-0.1468772869842119,-0.00406479935884257,0.025287081648915778
0.0015,-0.0051,-0.15731021161533984,-0.004563299739096477,0.025884656117379657
0.0016,-0.0051,-0.1723531382019891,-0.004972772604009472,0.026395162904661564
0.0017,-0.0051,-0.1858559469219827,-0.005451033918816195,0.026786424769828572
0.0018,-0.0051,-0.19859925873885226,-0.0059187636961957075,0.027117731023180436
0.0019,-0.0051,-0.21287477770378863,-0.0063741290390599,0.027465688858359445
0.002,-0.0051,-0.2341238740884127,-0.006770495690562162,0.02772068261953042
0.0021,-0.0051,-0.2529360705300766,-0.00735362025880151,0.028005960708668787
0.0022,-0.0051,-0.2719348963099427,-0.007813986703422126,0.02813428616174255
0.0023,-0.0051,-0.29146842410080326,-0.00822556200372036,0.02818414069509846
0.0024,-0.0051,-0.31342150088163545,-0.008694258539120132,0.028241696537388918
0.0025,-0.0051,-0.3348499687434362,-0.009099625313440779,0.028215060113012017
0.0026000000000000003,-0.0051,-0.3588732012983489,-0.009522282582260034,0.028067947752200922
0.0027,-0.0051,-0.38329249080156086,-0.009960197819502165,0.027946192331956932
0.0028,-0.0051,-0.40878187310437747,-0.010340811101779214,0.027765799106092493
0.0029,-0.0051,-0.43541987546505684,-0.010753411682663909,0.02755423543202742
0.003,-0.0051,-0.4627653305391125,-0.01112890366044584,0.027167671795521032
0.0031,-0.0051,-0.48948107080124303,-0.011474941187254872,0.02672847304569084
0.0032,-0.0051,-0.5171564983283276,-0.011825130514080271,0.026277467106033
0.0033000000000000004,-0.0051,-0.5462182951890767,-0.01215203584072435,0.02571744071092885
0.0034,-0.0051,-0.5740630421320091,-0.012514607827728248,0.02503908445398256
0.0034999999999999996,-0.0051,-0.6019153851659111,-0.012807980265389289,0.02443925637783939
0.0036,-0.0051,-0.6300939827040395,-0.013078126256431852,0.023668976358074256
0.0037,-0.0051,-0.6581413231849573,-0.01336744367417085,0.02286953567573477
0.0038,-0.0051,-0.686124951138506,-0.013627144424118845,0.021972159654726802
0.0039,-0.0051,-0.7124731226524509,-0.013914652333674844,0.02101759665548436
0.004,-0.0051,-0.7387129429506122,-0.014149602233253872,0.020064347274368975
0.0041,-0.0051,-0.7650952131812699,-0.014371991503639887,0.019046228286838652
0.0042,-0.0051,-0.7892972371523922,-0.014624032383012953,0.01791297013647616
0.0043,-0.0051,-0.8114714723396703,-0.014845814908157224,0.016775606462714015
0.0044,-0.0051,-0.8383968525005115,-0.015098625533517145,0.015638852804797154
0.0045,-0.0051,-0.8581810470485236,-0.015291609475752355,0.014452696525626483
0.0046,-0.0051,-0.8784117099952433,-0.015501476473728598,0.013227128003510861
0.0047,-0.0051,-0.898278469545075,-0.015805245500358302,0.011993489870784605
0.0048,-0.0051,-0.9149145390346134,-0.01593479565365635,0.010706201266642682
0.0049,-0.0051,-0.9348846923754818,-0.016152875371091484,0.009495943558059107
0.005,-0.0051,-0.9484540289549626,-0.01640570150304178,0.008130033283041342
0.0051,-0.0051,-0.9639449033369085,-0.016703610193752442,0.006806144417199647
0.005200000000000001,-0.0051,-0.9773337801620933,-0.017057199805513002,0.0054653452279098125
0.0053,-0.0051,-0.9897030933847732,-0.01717984109061769,0.004169071687827096
0.0054,-0.0051,-1.0009256930530452,-0.01751845160911295,0.0027347801614803244
0.0055,-0.0051,-1.0109274369129584,-0.017760876525415397,0.0013320432226779169
0.0056,-0.0051,-1.0185380287408696,-0.018130359205449895,-9.495296043590223e-05
0.005700000000000001,-0.0051,-1.025685254120974,-0.018363658680397816,-0.0015350036310141644
0.0058,-0.0051,-1.0286444361432128,-0.018484670889406734,-0.002961196232929118
0.0059,-0.0051,-1.030453540015102,-0.019027860671772586,-0.004418146904488758
0.006,-0.0051,-1.0297785120841527,-0.01936107403764034,-0.005955185464883085
0.0061,-0.0051,-1.0286667970973014,-0.01952197415064233,-0.007407136179735426
0.0062,-0.0051,-1.0288469232322155,-0.019994657334190112,-0.008982850395743544
0.0063,-0.0051,-1.0232031326748074,-0.020474436588628384,-0.010553184104032986
0.0064,-0.0051,-1.0159813865861234,-0.020752683706872874,-0.012182760481601959
0.006499999999999999,-0.0051,-1.0038894277562926,-0.021058448462486275,-0.013865951147132578
0.006600000000000001,-0.0051,-0.9931554755108799,-0.02161203475335019,-0.015616345875972479
0.0067,-0.0051,-0.977284517767161,-0.021933970676423775,-0.017326804571900972
0.0068,-0.0051,-0.9598452318639902,-0.022452550240065924,-0.01914767259704868
0.0069,-0.0051,-0.94064814223401,-0.022820598834182793,-0.021024219708194476
0.006999999999999999,-0.0051,-0.9214623144042212,-0.02327572908995589,-0.022876356857680424
0.007100000000000001,-0.0051,-0.8966973476400432,-0.023616264131814637,-0.02476012874493149
0.0072,-0.0051,-0.8686944489167772,-0.02404685388563237,-0.026673186515892913
0.0073,-0.0051,-0.8425803264761049,-0.02439764786710865,-0.028640856410015084
0.0074,-0.0051,-0.8114906985647181,-0.024752218419293107,-0.030617955112212294
0.0075,-0.0051,-0.7783200459960596,-0.02501044458650379,-0.032513137021461073
0.0076,-0.0051,-0.7421766160587984,-0.025177466661111394,-0.034371492400845804
0.0077,-0.0051,-0.7060740537597697,-0.025206010858600292,-0.03626593555155746
0.0078,-0.0051,-0.6718155075691735,-0.02521076154543124,-0.03799989998969311
0.0079,-0.0051,-0.6357497894477194,-0.02497473557674208,-0.03963508425779401
0.008,-0.0051,-0.5881564671217601,-0.024742769186365608,-0.041010334967233
0.0081,-0.0051,-0.5515535065133742,-0.024153050452887282,-0.04213188657866471
0.0082,-0.0051,-0.5317894006559089,-0.023486066886082443,-0.0430415814696625
0.0083,-0.0051,-0.4858794687202442,-0.022761842889817682,-0.04373883732671592
0.0084,-0.0051,-0.43193611199310356,-0.021783988923770013,-0.04402531845140499
0.0085,-0.0051,-0.4043776607629196,-0.019995689102288883,-0.04380246175016553
0.0086,-0.0051,-0.3780355601533649,-0.01876659702116419,-0.042932151570573764
0.0087,-0.0051,-0.3379376030555222,-0.017312926234723885,-0.04189046533940856
0.0088,-0.0051,-0.3248424775277198,-0.015853056508947767,-0.04036882559456591
0.0089,-0.0051,-0.2892430359111749,-0.01451226973918744,-0.03872403737248242
0.009,-0.0051,-0.2766722270700069,-0.012447502052226507,-0.0361027892114186
0.0091,-0.0051,-0.25829814856399763,-0.010409023752553865,-0.033512706600631985
0.0092,-0.0051,-0.2584980525441426,-0.008573164440236869,-0.02999331773588282
0.0093,-0.0051,-0.25574384586660154,-0.006851306036718182,-0.02629922103733783
0.0094,-0.0051,-0.2539757564777727,-0.005208904552579833,-0.022366074921591216
0.0095,-0.0051,-0.2549087355299008,-0.00374499131409094,-0.018407652557323
0.0096,-0.0051,-0.2585801628953405,-0.002483600283189535,-0.014061930281810667
0.0097,-0.0051,-0.2636496347727662,-0.001421943313297909,-0.010228242646780378
0.0098,-0.0051,-0.2697170877088501,-0.0006760509994149626,-0.006399116972418792
0.0099,-0.0051,-0.274750483160865,-0.00022095929643953368,-0.002969818959563674
0.01,-0.0051,-0.2764595281127508,0.0,0.0
0.0,-0.005,-0.10095488786793164,0.0,0.0
0.0001,-0.005,-0.10181556668084449,-3.6263727705515036e-05,0.0037674285555154077
0.0002,-0.005,-0.10148186476472071,-0.000139823886739566,0.007129348647374118
0.0003,-0.005,-0.1017249292597716,-0.0001919560781319629,0.010031717610873256
0.0004,-0.005,-0.10344131950118328,-0.0003443271155964806,0.012555828293853372
0.0005,-0.005,-0.10475396883996838,-0.0005229461195244812,0.014788567326958152
0.0006,-0.005,-0.10708237096679606,-0.0007687507483103912,0.016823081708130544
0.0007,-0.005,-0.11000088007928455,-0.0010470526247117287,0.018502963694120186
0.0008,-0.005,-0.11374587202720314,-0.0013628166329363463,0.019958105357802562
0.0009,-0.005,-0.11829938579270091,-0.0016843155091582629,0.021259121082869686
0.001,-0.005,-0.1238264367592221,-0.002063555285236849,0.022355611141117913
0.0011,-0.005,-0.13169313834796667,-0.0024424937227507455,0.023461024296385483
0.0012,-0.005,-0.13918307907302463,-0.002826713892953982,0.024283123574661378
0.0013000000000000002,-0.005,-0.14768120770044652,-0.0032530210692045605,0.025058066966636157
0.0014,-0.005,-0.15910906400404426,-0.003654361084253123,0.025617725829846724
0.0015,-0.005,-0.16911138015291402,-0.004131077317080525,0.026219682768904063
0.0016,-0.005,-0.18017444893494902,-0.004530827392701771,0.0266781006270567
0.0017,-0.005,-0.19477744318819323,-0.004943929719783912,0.02711256301622993
0.0018,-0.005,-0.2116835025572031,-0.005421232667917143,0.027707042596551986
0.0019,-0.005,-0.22494580579557183,-0.00587439451211012,0.02798903121691897
0.002,-0.005,-0.24107827747632468,-0.006172375532912134,0.028147535203539433
0.0021,-0.005,-0.2624445679835652,-0.006699506228041309,0.028426448048515053
0.0022,-0.005,-0.2838171548897153,-0.007127504173520366,0.028530297454627564
0.0023,-0.005,-0.3047505031414126,-0.007498675992348474,0.02863775245086574
0.0024,-0.005,-0.3280455921709362,-0.007936587699250664,0.02863675677935439
0.0025,-0.005,-0.35024517612939754,-0.008347503484443061,0.02860821781770865
0.0026000000000000003,-0.005,-0.3737671146321363,-0.00870159622576097,0.028575733102825712
0.0027,-0.005,-0.400356948054542,-0.009105464220099288,0.028317905373169694
0.0028,-0.005,-0.42539596593530543,-0.00944367592990096,0.02809157856416137
0.0029,-0.005,-0.4511270874081125,-0.009818586490354386,0.0278724512526211
0.003,-0.005,-0.47944447730785916,-0.01015994933310025,0.027480537109329156
0.0031,-0.005,-0.5062312487929759,-0.010461026498000993,0.027086935785755474
0.0032,-0.005,-0.5353218183721065,-0.010800773757503681,0.026601962472174025
0.0033000000000000004,-0.005,-0.5643255386015563,-0.01109493648251564,0.026029683570222274
0.0034,-0.005,-0.5923399373075403,-0.011371989729953038,0.025355161882184975
0.0034999999999999996,-0.005,-0.621343795431924,-0.011655599079694986,0.024676268565409505
0.0036,-0.005,-0.6498913598491267,-0.01190270475281912,0.023913799415304488
0.0037,-0.005,-0.6785665453585623,-0.01215473402305601,0.023118859148772593
0.0038,-0.005,-0.7064752278027056,-0.012380458895574646,0.022199979179533834
0.0039,-0.005,-0.7339273877133601,-0.012601084814904929,0.02127638702546602
0.004,-0.005,-0.7600227502447046,-0.012850907816792684,0.020316715794565843
0.0041,-0.005,-0.7865359945265974,-0.01303740033048862,0.01923731313633259
0.0042,-0.005,-0.8118281559288817,-0.013258138029737816,0.01815877223821742
0.0043,-0.005,-0.835931776969113,-0.013463656076258882,0.016973061217386044
0.0044,-0.005,-0.856612542194008,-0.013654807522410627,0.015841211347802402
0.0045,-0.005,-0.8809878768390953,-0.013820378391442512,0.014613067057100894
0.0046,-0.005,-0.9028579436438467,-0.014029161635100068,0.013434702476357481
0.0047,-0.005,-0.9202748383850584,-0.014293392903121647,0.012205682754959946
0.0048,-0.005,-0.9396027307438077,-0.014560481588007762,0.010974839328425388
0.0049,-0.005,-0.9601109702622608,-0.014643021516010827,0.00970230826117868
0.005,-0.005,-0.9751846433448661,-0.014932128324583273,0.008408951623753255
0.0051,-0.005,-0.9925696450211179,-0.015097610235252499,0.007018277146207612
0.005200000000000001,-0.005,-1.0064652838893666,-0.015373535897282797,0.00567778286457639
0.0053,-0.005,-1.0193192266247952,-0.015713133432968783,0.004355537443160216
0.0054,-0.005,-1.0293931157527252,-0.015991843065880414,0.0030264722111052883
0.0055,-0.005,-1.0401402336479462,-0.01619319660634617,0.0016807647452607424
0.0056,-0.005,-1.0486345587937547,-0.016463752178513702,0.0002384471691451791
0.005700000000000001,-0.005,-1.059167198846378,-0.01699091747475471,-0.0011637280001001154
0.0058,-0.005,-1.0616117673445566,-0.01711788037633914,-0.0026477774215382336
0.0059,-0.005,-1.0655577030273915,-0.017281125378445072,-0.004085218419257567
0.006,-0.005,-1.065782104025525,-0.017835536043843497,-0.005603357812793065
0.0061,-0.005,-1.064556382351638,-0.01796102018055993,-0.007117605880194478
0.0062,-0.005,-1.0668667419694413,-0.01850650829925415,-0.008680491512375961
0.0063,-0.005,-1.0613434843630238,-0.018691179101097567,-0.010275777554369224
0.0064,-0.005,-1.0526015892347618,-0.01906575034310822,-0.011881450937916023
0.006499999999999999,-0.005,-1.0431207892763417,-0.019378635289570297,-0.013548184333289701
0.006600000000000001,-0.005,-1.0288451275886825,-0.019938781513361745,-0.015178483465558196
0.0067,-0.005,-1.0172715554381095,-0.02030290404653376,-0.016931800280336307
0.0068,-0.005,-0.9998251546304453,-0.020842451269021064,-0.01875511090571676
0.0069,-0.005,-0.9830398940004206,-0.021297608390451903,-0.02050418674003561
0.006999999999999999,-0.005,-0.9597449883364586,-0.021793695981393843,-0.022390353506977805
0.007100000000000001,-0.005,-0.9373589349194756,-0.02217888474917432,-0.024295897444474544
0.0072,-0.005,-0.9094941479926437,-0.022647865742763576,-0.026270584351184637
0.0073,-0.005,-0.8813997438895417,-0.023039514723427024,-0.028259039886798672
0.0074,-0.005,-0.851606172731202,-0.02344438005244188,-0.03027632732691235
0.0075,-0.005,-0.82021538294156,-0.023802578793706564,-0.03230504036216779
0.0076,-0.005,-0.7848432934287833,-0.024086452184040916,-0.03426387768546919
0.0077,-0.005,-0.7461338799059409,-0.024247748975083184,-0.03615597627523916
0.0078,-0.005,-0.7059872019992012,-0.02430840330513576,-0.038010803385394226
0.0079,-0.005,-0.6727868356824356,-0.024213490569904253,-0.03983245582583096
0.008,-0.005,-0.637643592448279,-0.02406827606289039,-0.04135291986935362
0.0081,-0.005,-0.5883817310057567,-0.023814150743119628,-0.04270964144618218
0.0082,-0.005,-0.5486029124792913,-0.02329444295684028,-0.04396262129410167
0.0083,-0.005,-0.4971398034506312,-0.022538540999424615,-0.04462013015401972
0.0084,-0.005,-0.4456391893775833,-0.02160942248204108,-0.044972575455448464
0.0085,-0.005,-0.43471457490040616,-0.02032149320023832,-0.04526450542044564
0.0086,-0.005,-0.4187205946345729,-0.019190510938136316,-0.04461249164144407
0.0087,-0.005,-0.3736688531461724,-0.01778601201148829,-0.04334052205563572
0.0088,-0.005,-0.32554868082425986,-0.016262199167944493,-0.042322848675090896
0.0089,-0.005,-0.2657002320986808,-0.014246467591863671,-0.0411913142829173
0.009,-0.005,-0.30143584970301784,-0.01239230031618669,-0.0380592728405088
0.0091,-0.005,-0.2793961179294506,-0.010729711925353616,-0.03521338864094104
0.0092,-0.005,-0.2674213849039233,-0.008842724792415822,-0.031777939636336086
0.0093,-0.005,-0.2688889487328701,-0.0070892206209006315,-0.027946566638765904
0.0094,-0.005,-0.2684348331838032,-0.005420162469724779,-0.023941940113723716
0.0095,-0.005,-0.2689156802577573,-0.003887098530459695,-0.019691449951796676
0.0096,-0.005,-0.2721203054569173,-0.0025701693410806812,-0.015387447775236283
0.0097,-0.005,-0.27742268824369815,-0.0015159837602576674,-0.0109986672420626
0.0098,-0.005,-0.2831890278126657,-0.0007143088868079238,-0.0069248558840887126
0.0099,-0.005,-0.2885563888534065,-0.00023322173183692974,-0.00331694730728775
0.01,-0.005,-0.2903997756886181,0.0,0.0
0.0,-0.0049,-0.11121754606539812,0.0,0.0
0.0001,-0.0049,-0.1124661985165647,-1.327722908855873e-05,0.0037685882009609196
0.0002,-0.0049,-0.11210879550729905,-0.00010251829817377535,0.0071444570595752075
0.0003,-0.0049,-0.1116816407566548,-0.00017046276638240222,0.010133180347794899
0.0004,-0.0049,-0.11293051481812909,-0.0002665534978211848,0.012787152105481854
0.0005,-0.0049,-0.11487811874780135,-0.00042950234820413936,0.015141998530148299
0.0006,-0.0049,-0.11699472795518724,-0.0006369889641421796,0.017063156982740326
0.0007,-0.0049,-0.11970130902223786,-0.0008888020679289479,0.01883308096107162
0.0008,-0.0049,-0.12305106022566442,-0.0011718784963717069,0.020275086242155474
0.0009,-0.0049,-0.12872867748329417,-0.001464465939327476,0.021552571642964025
0.001,-0.0049,-0.1339209975932297,-0.001804705041415515,0.022825436886732248
0.0011,-0.0049,-0.14066366028626312,-0.0021347494250932844,0.023772445049265137
0.0012,-0.0049,-0.14930029867301153,-0.0024843651303520543,0.02468855372895972
0.0013000000000000002,-0.0049,-0.1582192131624481,-0.0029007679109905103,0.025476223442452952
0.0014,-0.0049,-0.1685951631398291,-0.0032914900256728052,0.02610949720923257
0.0015,-0.0049,-0.18030772081555052,-0.003693938569557728,0.026787362825848083
0.0016,-0.0049,-0.19146588821300659,-0.004071168347133014,0.027263337528888577
0.0017,-0.0049,-0.20778265284161773,-0.004401555093593809,0.027600394162596593
0.0018,-0.0049,-0.2254713737551185,-0.004820563905931646,0.02808141847982333
0.0019,-0.0049,-0.2447447753940777,-0.005318055606702173,0.028353332949025686
0.002,-0.0049,-0.25534869652526243,-0.005665852018759503,0.028756696442716525
0.0021,-0.0049,-0.2720800345512644,-0.00600677824077301,0.028858654827932435
0.0022,-0.0049,-0.29705977863105987,-0.006427028871855253,0.0289715624437831
0.0023,-0.0049,-0.3186778031954217,-0.006808418805816921,0.029035529109230757
0.0024,-0.0049,-0.3405582384111291,-0.007154608319092272,0.029038673367725434
0.0025,-0.0049,-0.36534368007313006,-0.00751583460468544,0.028975153583208936
0.0026000000000000003,-0.0049,-0.3882479363552035,-0.00789442533994694,0.02890945675607697
0.0027,-0.0049,-0.4136514059618853,-0.008198064707582489,0.02870489690732621
0.0028,-0.0049,-0.44049323737643875,-0.008532520491015378,0.028466674902911798
0.0029,-0.0049,-0.46780643686453643,-0.008862056482655053,0.028173015564674525
0.003,-0.0049,-0.49437619686296036,-0.009134777359743213,0.027793369262492075
0.0031,-0.0049,-0.5229914992516354,-0.009439253545548849,0.02734774842788978
0.0032,-0.0049,-0.5520890645989608,-0.009719351106740493,0.026857781914336853
0.0033000000000000004,-0.0049,-0.5810225269222735,-0.009990104549349232,0.02625874630485609
0.0034,-0.0049,-0.6094255541491951,-0.01023011510679356,0.025673505835850936
0.0034999999999999996,-0.0049,-0.6386118579103203,-0.010454367827108861,0.024928575972597743
0.0036,-0.0049,-0.6680156107340541,-0.010684557807705723,0.024135276546333004
0.0037,-0.0049,-0.6970656480651758,-0.010909916986020257,0.023339971607087753
0.0038,-0.0049,-0.7242977096344674,-0.01110859913106817,0.022428581454907573
0.0039,-0.0049,-0.752604201917807,-0.01130061219808183,0.021460953628094963
0.004,-0.0049,-0.7795794657222724,-0.011493369225916143,0.020488466298962955
0.0041,-0.0049,-0.8067239080779243,-0.01169860768773067,0.019392050929437674
0.0042,-0.0049,-0.8320254036168601,-0.01189161397521897,0.018296722171008372
0.0043,-0.0049,-0.8567511668055435,-0.012040272076345407,0.017242740812229908
0.0044,-0.0049,-0.8790626243034434,-0.012179025718300153,0.015980467370343636
0.0045,-0.0049,-0.903198692546084,-0.012417924376235104,0.014855805861600763
0.0046,-0.0049,-0.9225128879722213,-0.012520174403839275,0.01363867641010386
0.0047,-0.0049,-0.9448024907974804,-0.012849330250388438,0.012388690632314313
0.0048,-0.0049,-0.9642495476074966,-0.013033423511587301,0.011155197529697559
0.0049,-0.0049,-0.9836574356535145,-0.013230476189926324,0.009867609355213067
0.005,-0.0049,-1.0017158770283703,-0.013418612518541215,0.00855975659068624
0.0051,-0.0049,-1.015989022787069,-0.013619008118000004,0.007236553322040879
0.005200000000000001,-0.0049,-1.0326338533643968,-0.013814523474325144,0.005953092133154137
0.0053,-0.0049,-1.0465377568585492,-0.0141508431273397,0.004594147899527304
0.0054,-0.0049,-1.0567413358881166,-0.01439451936426308,0.0032116099541720402
0.0055,-0.0049,-1.069368388476842,-0.014672793825149927,0.001888750091256804
0.0056,-0.0049,-1.07944577816235,-0.014811899308955451,0.0005285515306144893
0.005700000000000001,-0.0049,-1.0873435477608484,-0.015085077035661715,-0.0009109955762124334
0.0058,-0.0049,-1.093280110452681,-0.015426554429674035,-0.0023486709717489332
0.0059,-0.0049,-1.0999999901601076,-0.015611505643382099,-0.0037865338134621903
0.006,-0.0049,-1.097984937935402,-0.01612462578962817,-0.005227623490072451
0.0061,-0.0049,-1.1017406272013976,-0.016235812109006015,-0.006791647677306792
0.0062,-0.0049,-1.0962888702627565,-0.016692603251728954,-0.008293035135592132
0.0063,-0.0049,-1.0934967650968626,-0.01690860441029862,-0.009891798909245325
0.0064,-0.0049,-1.0881592594722478,-0.01739896976116256,-0.011450079589683007
0.006499999999999999,-0.0049,-1.0742948063025883,-0.017809776874388072,-0.013098243984576548
0.006600000000000001,-0.0049,-1.0675761571081606,-0.018160708003822558,-0.014755701533210985
0.0067,-0.0049,-1.0530414630081872,-0.018616805651616688,-0.016523405389231163
0.0068,-0.0049,-1.0369266471217116,-0.019089420321760812,-0.018289722414166144
0.0069,-0.0049,-1.0204018055840378,-0.019646826619115623,-0.020079975757228863
0.006999999999999999,-0.0049,-0.9985353092067718,-0.0201347703589127,-0.021924340700178912
0.007100000000000001,-0.0049,-0.9733852554675654,-0.02062057450904193,-0.023817338811488044
0.0072,-0.0049,-0.9489961125887404,-0.021128440928094086,-0.025817021073634483
0.0073,-0.0049,-0.9205490652201584,-0.021608661467623497,-0.027807461063301044
0.0074,-0.0049,-0.8908284068411466,-0.022057723637811968,-0.029849223700231034
0.0075,-0.0049,-0.8588302653320826,-0.022482259072724317,-0.03192193899793114
0.0076,-0.0049,-0.8250112911000524,-0.02284822361065,-0.03397986641278316
0.0077,-0.0049,-0.787856129004789,-0.023132319773919052,-0.03601390476146181
0.0078,-0.0049,-0.7466156808522177,-0.023357247325303795,-0.03792765260002704
0.0079,-0.0049,-0.7047738955362346,-0.023436909537817237,-0.03986537704293206
0.008,-0.0049,-0.6723967759228552,-0.023305227553963276,-0.041584342079593724
0.0081,-0.0049,-0.6272358474615594,-0.023124852480763233,-0.043077303749500265
0.0082,-0.0049,-0.5840654761253915,-0.022775721433153037,-0.04440678165701939
0.0083,-0.0049,-0.5502034421064963,-0.022203687950819125,-0.045308995265343543
0.0084,-0.0049,-0.5175178397432232,-0.021420893968654722,-0.04619439026766321
0.0085,-0.0049,-0.48038130945837965,-0.02044085807263644,-0.04638139922941589
0.0086,-0.0049,-0.4519949690451399,-0.01906398737964882,-0.045875449431391845
0.0087,-0.0049,-0.4304471790559882,-0.01786221285644145,-0.04444089783110848
0.0088,-0.0049,-0.40626057760545453,-0.016030066131849208,-0.043298694910052525
0.0089,-0.0049,-0.31324602244326144,-0.014823214573056643,-0.04209181343837864
0.009,-0.0049,-0.3315966187166935,-0.012887879432074227,-0.03941120224297246
0.0091,-0.0049,-0.30981117259627305,-0.010947857127508348,-0.036823008624355606
0.0092,-0.0049,-0.3310321348898256,-0.009095238331018236,-0.033759774962898524
0.0093,-0.0049,-0.28639335897513596,-0.007309817641965477,-0.029724955152477802
0.0094,-0.0049,-0.28354231145675235,-0.005629942396063434,-0.02575107908085103
0.0095,-0.0049,-0.28308855091062773,-0.0040586144786080944,-0.021146401703305527
0.0096,-0.0049,-0.2854884164584337,-0.002717120556670507,-0.01656070196858106
0.0097,-0.0049,-0.2903881652159893,-0.0015825369950655769,-0.012058195383231586
0.0098,-0.0049,-0.2969079996410757,-0.0007620065250423407,-0.007707569548051062
0.0099,-0.0049,-0.3018637652446638,-0.0002458914651797084,-0.0036236495420679062
0.01,-0.0049,-0.3038664636615607,0.0,0.0
0.0,-0.0048,-0.12159191665534182,0.0,0.0
0.0001,-0.0048,-0.12340306198751218,-6.8417559237245145e-06,0.003837358695009877
0.0002,-0.0048,-0.12177748420021442,-8.236991550705903e-05,0.00720360055229838
0.0003,-0.0048,-0.12098434113099046,-0.00012742537439375544,0.010186531396469363
0.0004,-0.0048,-0.12266440442869544,-0.00019760110480188076,0.012954143135310452
0.0005,-0.0048,-0.12451578590615228,-0.0003385244278317281,0.015188880771433594
0.0006,-0.0048,-0.1266186717236867,-0.0005248863604783428,0.01726139509364118
0.0007,-0.0048,-0.12890936538928097,-0.0007295443517606533,0.019078194424715804
0.0008,-0.0048,-0.13277921000682083,-0.0009703924133566895,0.020537539966932097
0.0009,-0.0048,-0.13791337196717665,-0.0012368339908574956,0.02191224730640399
0.001,-0.0048,-0.1444212813025265,-0.0015227044536497267,0.023100998866115625
0.0011,-0.0048,-0.15040844896622566,-0.0018378640506022217,0.024113241349107445
0.0012,-0.0048,-0.15888867571536636,-0.002157930036306909,0.02498041928671922
0.0013000000000000002,-0.0048,-0.16945553115049822,-0.002483555291569311,0.025817532765944902
0.0014,-0.0048,-0.1792542630923722,-0.0028471194472226725,0.026473001577721363
0.0015,-0.0048,-0.19220675161050946,-0.0032126367685842167,0.02710303804330654
0.0016,-0.0048,-0.20488363635704301,-0.00354172850479108,0.02776210990017592
0.0017,-0.0048,-0.21951980657307182,-0.003915865317061732,0.028043686089855552
0.0018,-0.0048,-0.23435956159960716,-0.004194670234199899,0.028418537016382396
0.0019,-0.0048,-0.252432116084055,-0.004614423300957061,0.02870962354517246
0.002,-0.0048,-0.27865659721950403,-0.005048451600233541,0.028967332120227725
0.0021,-0.0048,-0.2900882004504994,-0.005351315488574691,0.029288733169676003
0.0022,-0.0048,-0.30947987965625956,-0.0056973894783416915,0.029300736222232077
0.0023,-0.0048,-0.33241025733520807,-0.006065978042993154,0.02942140819692128
0.0024,-0.0048,-0.3532758282806381,-0.006402572411496137,0.02943732082223501
0.0025,-0.0048,-0.3759442659075247,-0.006675590084717867,0.029303486318138873
0.0026000000000000003,-0.0048,-0.4031974434049134,-0.006991901322235441,0.029273416743124482
0.0027,-0.0048,-0.42822942533081215,-0.007295378044337511,0.028989492473608304
0.0028,-0.0048,-0.4535301356389018,-0.007597453568740993,0.02876026554165332
0.0029,-0.0048,-0.4808674466363328,-0.0078652844671367,0.028472623331991
0.003,-0.0048,-0.5086616980238053,-0.00813381937264966,0.028065503902580877
0.0031,-0.0048,-0.5386631039756494,-0.00835568849057027,0.027666050867199983
0.0032,-0.0048,-0.5679902353521196,-0.008606471944380249,0.027097282879064183
0.0033000000000000004,-0.0048,-0.5966512031535536,-0.008846636670094365,0.026535132598461693
0.0034,-0.0048,-0.625826521819545,-0.009067022677928532,0.025866667405785457
0.0034999999999999996,-0.0048,-0.6554171410526811,-0.009267435465074126,0.025212514378673258
0.0036,-0.0048,-0.6849103158278846,-0.009446631928816174,0.024410018435232706
0.0037,-0.0048,-0.7135539167090007,-0.009632040205187459,0.023524772981067747
0.0038,-0.0048,-0.741693579637215,-0.00980809028814683,0.02259525209851609
0.0039,-0.0048,-0.7707528203256743,-0.009967976041713962,0.021679524062708858
0.004,-0.0048,-0.7983578055229398,-0.010121278264367317,0.020646018605908433
0.0041,-0.0048,-0.8241660850024133,-0.010284835988659655,0.01961324237039988
0.0042,-0.0048,-0.8508587928338565,-0.010432041755088071,0.01848790305646616
0.0043,-0.0048,-0.8745978137830179,-0.010585725545797361,0.01741191875156712
0.0044,-0.0048,-0.8995764457552495,-0.010752447454207689,0.016203936993884917
0.0045,-0.0048,-0.9233440934040708,-0.010952906809129982,0.01501323167925612
0.0046,-0.0048,-0.9438576675124569,-0.011102459246879639,0.013811679958864424
0.0047,-0.0048,-0.9661412306579845,-0.011258415605226193,0.01257971669921551
0.0048,-0.0048,-0.985114835978329,-0.011421177249369134,0.011332002692647662
0.0049,-0.0048,-1.0059019737417791,-0.011684252679382806,0.010041403710265396
0.005,-0.0048,-1.0247269871991982,-0.011691312842044404,0.008779289640267885
0.0051,-0.0048,-1.0428961576407514,-0.011878836812844067,0.007462959718099112
0.005200000000000001,-0.0048,-1.0556448775587368,-0.012184939457644305,0.006151899361386187
0.0053,-0.0048,-1.0728121706662221,-0.01251695985031813,0.004838635203167917
0.0054,-0.0048,-1.0858863877104274,-0.012605219783586002,0.003431950473180288
0.0055,-0.0048,-1.0958677759252242,-0.012838204234760973,0.002134758491891033
0.0056,-0.0048,-1.1082353106187621,-0.013055698829077374,0.0007287351637624838
0.005700000000000001,-0.0048,-1.116497466049514,-0.013495811934944686,-0.0006253618007207754
0.0058,-0.0048,-1.1247025771137868,-0.013743443307478795,-0.0020226687057358704
0.0059,-0.0048,-1.1274333553643172,-0.013972712691431036,-0.0035113721142886987
0.006,-0.0048,-1.1301123591205335,-0.01424070749011519,-0.004954693990741197
0.0061,-0.0048,-1.1291774544133943,-0.014661155726810078,-0.006446173238922469
0.0062,-0.0048,-1.12845301894805,-0.01462313419735494,-0.00795015274970496
0.0063,-0.0048,-1.1263304897903175,-0.015175557512787798,-0.009457744057383624
0.0064,-0.0048,-1.1183749369631257,-0.015492995733733701,-0.011040262620774953
0.006499999999999999,-0.0048,-1.109040753987737,-0.016140413318731558,-0.012670535271512809
0.006600000000000001,-0.0048,-1.1026472139959742,-0.016539703553248297,-0.014294404985633108
0.0067,-0.0048,-1.0884223339315904,-0.016925435219281516,-0.016013258353626953
0.0068,-0.0048,-1.0701977918280017,-0.017394773405092368,-0.017790333391777775
0.0069,-0.0048,-1.0564252259021043,-0.01787980833624947,-0.019553166867972312
0.006999999999999999,-0.0048,-1.0351739841392449,-0.018451965542719474,-0.021412695724945446
0.007100000000000001,-0.0048,-1.011545185934467,-0.018941876717925268,-0.023344658041801934
0.0072,-0.0048,-0.9875944929552468,-0.019546951678797875,-0.02524943861009757
0.0073,-0.0048,-0.9578629218222962,-0.02005834163505238,-0.02731636652700801
0.0074,-0.0048,-0.9296273755341165,-0.020593563895374867,-0.029351126590275767
0.0075,-0.0048,-0.8955461956847663,-0.02111009557586251,-0.03148036043238467
0.0076,-0.0048,-0.8616125693039787,-0.02153244887860182,-0.033586077410632596
0.0077,-0.0048,-0.8256940512520914,-0.021922426487642074,-0.035768572030311425
0.0078,-0.0048,-0.7871046163244122,-0.02225916820189176,-0.03779914798248283
0.0079,-0.0048,-0.7442112088572266,-0.022428756008749672,-0.03985528102977557
0.008,-0.0048,-0.702482199669583,-0.022500297579978182,-0.041677007554808354
0.0081,-0.0048,-0.6696990465286441,-0.022358614771510993,-0.043293826400691626
0.0082,-0.0048,-0.6212981491219206,-0.022200816453534822,-0.04481088985745009
0.0083,-0.0048,-0.5774122545669118,-0.021777889856918923,-0.04608445855140436
0.0084,-0.0048,-0.5356079337763755,-0.021088820235880826,-0.04700421201398119
0.0085,-0.0048,-0.48406131178968725,-0.020348391036885276,-0.04737915548032618
0.0086,-0.0048,-0.4525731815432899,-0.019285370971852435,-0.047168819226406075
0.0087,-0.0048,-0.4138356901461038,-0.017753520177775345,-0.0468550745280335
0.0088,-0.0048,-0.42279610150281133,-0.01606669067624881,-0.0454729580408845
0.0089,-0.0048,-0.3511765862802006,-0.014409762277895888,-0.04408338912237794
0.009,-0.0048,-0.3683587890835595,-0.013080780128581488,-0.04214983117992895
0.0091,-0.0048,-0.32675581832148953,-0.011254502796142042,-0.03977215871180186
0.0092,-0.0048,-0.2970890628101134,-0.009286132343967449,-0.03564599138538332
0.0093,-0.0048,-0.3003208528896308,-0.007476569758115709,-0.03181277035484859
0.0094,-0.0048,-0.29716109036433874,-0.005806051207898997,-0.027368461537169653
0.0095,-0.0048,-0.2969360593107958,-0.00418448995480237,-0.02257941172352876
0.0096,-0.0048,-0.299134186937464,-0.0027973870381413028,-0.017727738963830626
0.0097,-0.0048,-0.30380798801542136,-0.0016709418926357203,-0.013088234024208596
0.0098,-0.0048,-0.3101789128699989,-0.0007920500735980988,-0.008371945181936197
0.0099,-0.0048,-0.3155332184913195,-0.0002565408061845021,-0.003992666170219816
0.01,-0.0048,-0.31757028853776537,0.0,0.0
0.0,-0.0047,-0.1312180401267989,0.0,0.0
0.0001,-0.0047,-0.13149197593636017,-6.164158609338962e-06,0.0038375267757781704
0.0002,-0.0047,-0.1314259502435643,-4.492603642845027e-05,0.0072722355582853756
0.0003,-0.0047,-0.13164519587693377,-7.132856401324368e-05,0.010267049082477601
0.0004,-0.0047,-0.13224537680627255,-0.00012777967661862624,0.013011013910214107
0.0005,-0.0047,-0.1333162361839596,-0.00023473671467311044,0.015323958370731597
0.0006,-0.0047,-0.13600126174332333,-0.0003938499517088844,0.017521692237522785
0.0007,-0.0047,-0.13864960502562063,-0.0005876993823616044,0.019244204127474122
0.0008,-0.0047,-0.14168551023346765,-0.0007617183478339021,0.02081354741760674
0.0009,-0.0047,-0.1468889947509803,-0.0010147650283890497,0.02219335157101888
0.001,-0.0047,-0.1530725619591345,-0.0012571917769585589,0.023417271993862065
0.0011,-0.0047,-0.16022290918386273,-0.0015360447851570087,0.024444423560227226
0.0012,-0.0047,-0.16805581771023867,-0.0018179738028892582,0.02533198460573116
0.0013000000000000002,-0.0047,-0.17779527202381376,-0.0021115576898849283,0.026114908340811007
0.0014,-0.0047,-0.18837134236664305,-0.002418841930257882,0.026823732757026597
0.0015,-0.0047,-0.20084805225212993,-0.0027235524300109064,0.027420891994248936
0.0016,-0.0047,-0.2190236785820395,-0.003069716291298886,0.02789539510866193
0.0017,-0.0047,-0.22892755052296407,-0.003473973638922231,0.028396415340224412
0.0018,-0.0047,-0.23424680321327862,-0.0037410610573224354,0.028687603531426173
0.0019,-0.0047,-0.25868308132805423,-0.003991432226315255,0.02898243187906977
0.002,-0.0047,-0.28149602262265794,-0.004356061870178245,0.029032222240878605
0.0021,-0.0047,-0.3031023651217782,-0.00470629281835483,0.02935768968859145
0.0022,-0.0047,-0.3207227927396336,-0.004956752891612842,0.02967095803001279
0.0023,-0.0047,-0.3435727975151196,-0.0052208638825535615,0.0296752917391871
0.0024,-0.0047,-0.3674322697185106,-0.005594807198627205,0.029679763112427718
0.0025,-0.0047,-0.387942767128495,-0.005856336790593807,0.029643498940930713
0.0026000000000000003,-0.0047,-0.41262159239311197,-0.006111750878044583,0.029483689843073216
0.0027,-0.0047,-0.4406548789963909,-0.006368206413437175,0.02927720850160493
0.0028,-0.0047,-0.46825088907917256,-0.006635255756029711,0.029030389574336592
0.0029,-0.0047,-0.49463820451727086,-0.006859641249040417,0.028687082102687333
0.003,-0.0047,-0.5229699734663708,-0.007076946967921847,0.02833554349051572
0.0031,-0.0047,-0.5524860305941512,-0.007294884583671985,0.027845642386043104
0.0032,-0.0047,-0.5813307041069051,-0.007490297098914545,0.02731152514545985
0.0033000000000000004,-0.0047,-0.6100278139655215,-0.00769812175213698,0.02673081121077031
0.0034,-0.0047,-0.6408393326574504,-0.007866634049120101,0.02605899912192874
0.0034999999999999996,-0.0047,-0.6702064066222272,-0.008034323520050858,0.025316131700711647
0.0036,-0.0047,-0.6998715639084088,-0.008199032869297209,0.024544642258381197
0.0037,-0.0047,-0.7291526691892549,-0.008348146357982936,0.023672864239628756
0.0038,-0.0047,-0.7580029039790819,-0.008485977637388648,0.022797856231114192
0.0039,-0.0047,-0.785343843952056,-0.008608939811927027,0.0218237717780064
0.004,-0.0047,-0.8143163589669091,-0.00876192275017313,0.0208155643465021
0.0041,-0.0047,-0.8406011113097391,-0.008887760479118784,0.019745061820869814
0.0042,-0.0047,-0.8676667428604771,-0.009002155387203939,0.018631575925497256
0.0043,-0.0047,-0.8925170360513337,-0.009201700515558665,0.017536220860333282
0.0044,-0.0047,-0.9162795831898803,-0.009246039119199178,0.01635687326205084
0.0045,-0.0047,-0.941678180580669,-0.00942132802528879,0.015168749660034548
0.0046,-0.0047,-0.9636725525123799,-0.009551629854282376,0.013982999998457514
0.0047,-0.0047,-0.9855297603007319,-0.009669131714416569,0.012735689713553135
0.0048,-0.0047,-1.0071453367715744,-0.009865408311907981,0.011457503236415966
0.0049,-0.0047,-1.0257302929039154,-0.009965338133750171,0.010231224764813203
0.005,-0.0047,-1.0462221504113487,-0.01024439676075151,0.008914940608369263
0.0051,-0.0047,-1.0617545126083991,-0.010137964658452833,0.007669056738832697
0.005200000000000001,-0.0047,-1.078773433638367,-0.01051159552852227,0.006286306193388606
0.0053,-0.0047,-1.0949808217778108,-0.01074336596210558,0.005020690005195376
0.0054,-0.0047,-1.1076105500433349,-0.010803152450864027,0.0037013574206948585
0.0055,-0.0047,-1.1200996275929445,-0.011244322122460874,0.002393189705247046
0.0056,-0.0047,-1.1334072067058147,-0.01132841844505477,0.0009434116233475482
0.005700000000000001,-0.0047,-1.141384126933713,-0.011586055722899996,-0.00030582255048299434
0.0058,-0.0047,-1.14540769668399,-0.011871222952798051,-0.001809409656631375
0.0059,-0.0047,-1.1549365862392538,-0.011938842829205428,-0.003182879006871689
0.006,-0.0047,-1.1574722218162392,-0.012269920017502623,-0.004683620490930909
0.0061,-0.0047,-1.1605729510661373,-0.012650090268588793,-0.006136103338456916
0.0062,-0.0047,-1.1584769599726767,-0.013033938064549576,-0.007616990873653221
0.0063,-0.0047,-1.1545995399264726,-0.01351398170637786,-0.009124191836360228
0.0064,-0.0047,-1.1458492816829942,-0.013673808055017998,-0.010655563385202422
0.006499999999999999,-0.0047,-1.1358218837686125,-0.01426985874798849,-0.01224278496214754
0.006600000000000001,-0.0047,-1.1331381345889866,-0.014577197237424112,-0.013882075645676038
0.0067,-0.0047,-1.1173768278024243,-0.015011911910443727,-0.01552728157578756
0.0068,-0.0047,-1.1072573600332678,-0.015570352518924559,-0.017270973785671634
0.0069,-0.0047,-1.0859796296316555,-0.016180046491047873,-0.01899063800941153
0.006999999999999999,-0.0047,-1.0690761000346976,-0.01663871139080934,-0.020850679307622407
0.007100000000000001,-0.0047,-1.0426703957454266,-0.017219414858699933,-0.02278059506160628
0.0072,-0.0047,-1.018533813224835,-0.017845675454246486,-0.024692345589748005
0.0073,-0.0047,-0.9932298162663376,-0.018399467373137725,-0.026735427332615254
0.0074,-0.0047,-0.9633260144014203,-0.01899731293206279,-0.028827452447061537
0.0075,-0.0047,-0.9327035556307716,-0.01958081631895608,-0.03091820439865269
0.0076,-0.0047,-0.8971048038232133,-0.020121028194268142,-0.03311099589446573
0.0077,-0.0047,-0.861001327294857,-0.02061461468825775,-0.03524885766209173
0.0078,-0.0047,-0.8230240441826215,-0.020996554373859357,-0.03751620198778927
0.0079,-0.0047,-0.7832385313873352,-0.021387904553862636,-0.03953178765577292
0.008,-0.0047,-0.7354014266086722,-0.021573679053013245,-0.04154668147502587
0.0081,-0.0047,-0.696396810674859,-0.021607444733761572,-0.043413488368053255
0.0082,-0.0047,-0.6556696385092536,-0.021455213602369457,-0.0450246448130783
0.0083,-0.0047,-0.6038020839150711,-0.02124860879129691,-0.0464816043410651
0.0084,-0.0047,-0.5641929398436226,-0.020719836392481084,-0.04747273978610647
0.0085,-0.0047,-0.5215196408010155,-0.019920240689766573,-0.04803769969036529
0.0086,-0.0047,-0.48929196662250585,-0.01905115744930479,-0.04829699351777093
0.0087,-0.0047,-0.48053264932347606,-0.017943942276011877,-0.04792092468525716
0.0088,-0.0047,-0.4407841154740435,-0.016654460261119303,-0.04732293081971992
0.0089,-0.0047,-0.32857780604581843,-0.014717832023327515,-0.04552339529318489
0.009,-0.0047,-0.3467177352001844,-0.013182648001235829,-0.04402522614248385
0.0091,-0.0047,-0.28645184541488883,-0.01125400003345814,-0.040625959075172545
0.0092,-0.0047,-0.30301601884113216,-0.009455051395413725,-0.03736718291120515
0.0093,-0.0047,-0.31669163650498733,-0.007627367200063667,-0.03328391059309343
0.0094,-0.0047,-0.3112657965999506,-0.005999155611462284,-0.028918185108701602
0.0095,-0.0047,-0.3105277608996886,-0.004353819298413084,-0.02422905363589169
0.0096,-0.0047,-0.31238135034833725,-0.002919350832695819,-0.019008235443471397
0.0097,-0.0047,-0.317041605722031,-0.0017254625510085926,-0.013892375014684011
0.0098,-0.0047,-0.3235158570329256,-0.0008273261215397071,-0.009099526599817897
0.0099,-0.0047,-0.32876362554081867,-0.00026904097857825956,-0.0043916751577479885
0.01,-0.0047,-0.3311804287340319,0.0,0.0
0.0,-0.0046,-0.14147077011033485,0.0,0.0
0.0001,-0.0046,-0.14068060895774212,-4.966933301870183e-06,0.0038377894168471387
0.0002,-0.0046,-0.14047665007218937,4.822085683367332e-06,0.0072973862724019
0.0003,-0.0046,-0.14115991442590117,-3.2860320428491043e-06,0.010317712661304303
0.0004,-0.0046,-0.14201306973532854,-6.934460243806056e-05,0.013091155435241964
0.0005,-0.0046,-0.14283257217870912,-0.0001420561711229413,0.015420220599428125
0.0006,-0.0046,-0.14449632962821796,-0.0002728729032936068,0.0175624098949626
0.0007,-0.0046,-0.14735763016542627,-0.00041532851315340943,0.019419984100322158
0.0008,-0.0046,-0.15071065484374524,-0.0005850365750535539,0.020986063316905695
0.0009,-0.0046,-0.1557045783750154,-0.0007625464052638275,0.022373994512038833
0.001,-0.0046,-0.16221612959603315,-0.0009686630974245915,0.02359550284115203
0.0011,-0.0046,-0.16896064678304792,-0.0012200905025538213,0.02469966684713175
0.0012,-0.0046,-0.17749291635992012,-0.0014709903478648699,0.025638165733465196
0.0013000000000000002,-0.0046,-0.18695366920561224,-0.0017159509461316617,0.026454364169765696
0.0014,-0.0046,-0.19768174263785496,-0.0019934721644792055,0.027134464956744122
0.0015,-0.0046,-0.20794448402330054,-0.002233712304417812,0.02772037917990965
0.0016,-0.0046,-0.22466758599270703,-0.0025483230324750616,0.02814659234294455
0.0017,-0.0046,-0.23982180435840517,-0.0027923319690951968,0.028705635473012844
0.0018,-0.0046,-0.24391188991001994,-0.0033721741075849842,0.02930942192938507
0.0019,-0.0046,-0.272087370360432,-0.003436959788133005,0.029429489970754303
0.002,-0.0046,-0.28059031677423424,-0.0037009499669845344,0.029735297612285945
0.0021,-0.0046,-0.30534621049762634,-0.003862005300724914,0.02973600802920803
0.0022,-0.0046,-0.32932979519691186,-0.0042641986637598755,0.029881592414669353
0.0023,-0.0046,-0.35025971082485324,-0.0045264412332348646,0.029997653521054702
0.0024,-0.0046,-0.3737535058842782,-0.0047143274034978965,0.029952130068190808
0.0025,-0.0046,-0.4013879453182567,-0.00498071276665542,0.029892662035655593
0.0026000000000000003,-0.0046,-0.42627517968023354,-0.0052302686789663004,0.02978995503734604
0.0027,-0.0046,-0.4509077996189902,-0.005439150556276554,0.029538485850530646
0.0028,-0.0046,-0.4781998920792341,-0.005670154538863242,0.02925791960155453
0.0029,-0.0046,-0.5064072552804464,-0.005853103189825125,0.028954657704122255
0.003,-0.0046,-0.53612222961705,-0.006017667983875082,0.02854346320378183
0.0031,-0.0046,-0.5644193714277839,-0.006215294510128658,0.028077925878134003
0.0032,-0.0046,-0.5932304776023146,-0.006373829874157711,0.027485823964663893
0.0033000000000000004,-0.0046,-0.6232496863824954,-0.0065162917024689515,0.026901751457734886
0.0034,-0.0046,-0.6534436099268465,-0.006676163672586124,0.026212656185805285
0.0034999999999999996,-0.0046,-0.6834790250973003,-0.006798129476769158,0.02546318625813278
0.0036,-0.0046,-0.7126960029520227,-0.0069176786497801845,0.024661769285286014
0.0037,-0.0046,-0.7424503276237424,-0.007043306245494801,0.023782726616796396
0.0038,-0.0046,-0.7711899610468088,-0.00715387381787357,0.022912899291226974
0.0039,-0.0046,-0.8005032256964167,-0.007239982082130784,0.02194566769102779
0.004,-0.0046,-0.8296961009220544,-0.0073722166633602565,0.020922536128990084
0.0041,-0.0046,-0.8544763789781856,-0.007448508176736224,0.01985625666793644
0.0042,-0.0046,-0.8818104259241354,-0.007542888171355854,0.018742533997102486
0.0043,-0.0046,-0.9076138204707119,-0.007675735360301414,0.017636474922908273
0.0044,-0.0046,-0.9327497384642346,-0.007778965911291429,0.01647168664129735
0.0045,-0.0046,-0.9575383694103347,-0.007901779862513007,0.015276866731221134
0.0046,-0.0046,-0.9807014788420727,-0.007995474648722458,0.014097298339371728
0.0047,-0.0046,-1.003409932114605,-0.008090382853089504,0.01289720696915403
0.0048,-0.0046,-1.0239300789365218,-0.00817652384900737,0.011637163823157902
0.0049,-0.0046,-1.0448122721897823,-0.008429485737139688,0.010398610920947265
0.005,-0.0046,-1.0649835084040709,-0.00844950273823414,0.00909006959352958
0.0051,-0.0046,-1.0831948800963997,-0.00865872748902319,0.007821250665704623
0.005200000000000001,-0.0046,-1.0993385340550161,-0.008754111797993387,0.006541847251979165
0.0053,-0.0046,-1.1144538221958022,-0.008892033879057546,0.00521508855854344
0.0054,-0.0046,-1.126943196489447,-0.009001377470731832,0.0038691508054545295
0.0055,-0.0046,-1.1415993785259135,-0.009244660782683585,0.002533463935100351
0.0056,-0.0046,-1.1507198329524972,-0.00944889838502394,0.0012027856917930112
0.005700000000000001,-0.0046,-1.1624614717016708,-0.009723997391056609,-0.00012804101558005002
0.0058,-0.0046,-1.1669698900842203,-0.009879179859675244,-0.0015755880511075524
0.0059,-0.0046,-1.1735666083832996,-0.010161415993972266,-0.002934974392052246
0.006,-0.0046,-1.1798845489783394,-0.010561932700014931,-0.0043356945370933726
0.0061,-0.0046,-1.1792562799222233,-0.010740550966674136,-0.005793918283164839
0.0062,-0.0046,-1.1787247950863502,-0.01088307029894088,-0.007280068346151506
0.0063,-0.0046,-1.1763430410815605,-0.011386398663015801,-0.008777673731091905
0.0064,-0.0046,-1.1732241387001345,-0.011888391296773488,-0.010284407423971721
0.006499999999999999,-0.0046,-1.1679767878021914,-0.012257531883449,-0.011807592190484266
0.006600000000000001,-0.0046,-1.1601914261743846,-0.012704661161741144,-0.013394331564439916
0.0067,-0.0046,-1.1481304878689815,-0.013143226472407017,-0.015062885258468967
0.0068,-0.0046,-1.1336222780234853,-0.013617659598204782,-0.01676420566967133
0.0069,-0.0046,-1.1157954824963165,-0.014138685089214509,-0.01844710253764406
0.006999999999999999,-0.0046,-1.0951169851082627,-0.01480152391436018,-0.02024839857700146
0.007100000000000001,-0.0046,-1.0786409583108527,-0.015372105542856713,-0.02214192812311376
0.0072,-0.0046,-1.0501379073093182,-0.01600900614114682,-0.02407377539860363
0.0073,-0.0046,-1.0240288174488914,-0.01670600115351781,-0.026119861108387966
0.0074,-0.0046,-0.9953705327718799,-0.017338899951154573,-0.02819552251953559
0.0075,-0.0046,-0.9643796507415927,-0.018000258296596194,-0.030329963092585222
0.0076,-0.0046,-0.9296592307387496,-0.018626336242126732,-0.03255639355125791
0.0077,-0.0046,-0.8939333744766367,-0.01919674881912163,-0.03472496675635014
0.0078,-0.0046,-0.8564846943151371,-0.019728138003606868,-0.03701528023337967
0.0079,-0.0046,-0.8180621554985105,-0.02016425196390114,-0.03918021416311958
0.008,-0.0046,-0.7721765410783888,-0.020533476075303172,-0.0412769550039544
0.0081,-0.0046,-0.7215384557760375,-0.020712166549476642,-0.043416572712310204
0.0082,-0.0046,-0.6896701362645982,-0.020619901745808723,-0.04516957364738835
0.0083,-0.0046,-0.6435757833091506,-0.02053248478754595,-0.04679567304631463
0.0084,-0.0046,-0.597789589940483,-0.02020716215053176,-0.048142914677630946
0.0085,-0.0046,-0.5572120355263755,-0.019507597015139863,-0.048967762865951864
0.0086,-0.0046,-0.5184475637422568,-0.018940273998304835,-0.04930981570607195
0.0087,-0.0046,-0.4678952354246,-0.017833571149709855,-0.049546718369060376
0.0088,-0.0046,-0.38653073765847107,-0.016115377785193192,-0.04909831294586582
0.0089,-0.0046,-0.41710487458641804,-0.014744602293885137,-0.04613834050862982
0.009,-0.0046,-0.36466012902386985,-0.013339845255520172,-0.04382212817859918
0.0091,-0.0046,-0.3366186038596087,-0.011626573790362733,-0.04163501111774351
0.0092,-0.0046,-0.3579092494932087,-0.010274650686408624,-0.03899756396152433
0.0093,-0.0046,-0.3302818903793899,-0.007906603490138954,-0.03520748562512629
0.0094,-0.0046,-0.3241724266103334,-0.0060841372892838815,-0.030766265484840172
0.0095,-0.0046,-0.3238084407823283,-0.00448394399502041,-0.02580527560464394
0.0096,-0.0046,-0.32585584967332143,-0.0030230317496510307,-0.02060149486914796
0.0097,-0.0046,-0.32971686790939453,-0.0017769438361658445,-0.015060081969310827
0.0098,-0.0046,-0.33598361616806666,-0.0008634968841359052,-0.009827222979663444
0.0099,-0.0046,-0.3418007306160984,-0.0002842606795899261,-0.004720451962059412
0.01,-0.0046,-0.3437171563406092,0.0,0.0
0.0,-0.0045,-0.15094463707697411,0.0,0.0
0.0001,-0.0045,-0.14995039712867878,6.011466702709415e-06,0.003815744925204999
0.0002,-0.0045,-0.14972445118937663,3.1588836381203116e-05,0.007264988080150825
0.0003,-0.0045,-0.15028332624490337,2.1560398516721342e-05,0.010391020649157826
0.0004,-0.0045,-0.15057134654639084,-9.690906458378023e-06,0.013071959990034266
0.0005,-0.0045,-0.15113886873930804,-6.648778226690939e-05,0.015463823678403238
0.0006,-0.0045,-0.1528398454437662,-0.00014900900688604135,0.01773974691168802
0.0007,-0.0045,-0.15583903511997865,-0.0002453972689689849,0.019540403844399236
0.0008,-0.0045,-0.15934082036575514,-0.00037639732114428396,0.021122735171276438
0.0009,-0.0045,-0.16408708852106782,-0.0005328776085148153,0.022672049362190198
0.001,-0.0045,-0.1702694771683244,-0.0007031454834173383,0.02382601997106413
0.0011,-0.0045,-0.17737498943537247,-0.0008961185303748218,0.02492940731210855
0.0012,-0.0045,-0.18575766012639292,-0.0011101366244506913,0.025853010249178566
0.0013000000000000002,-0.0045,-0.19465858081710952,-0.001330116336157125,0.026642297193995204
0.0014,-0.0045,-0.20642396084831016,-0.0015672050752542953,0.027367764386685235
0.0015,-0.0045,-0.21287898456921858,-0.0017875410432276846,0.02796283467997683
0.0016,-0.0045,-0.23527209248745756,-0.002034580261828594,0.028521284205718884
0.0017,-0.0045,-0.24803311159469152,-0.002270996815348353,0.028943857375463233
0.0018,-0.0045,-0.2716913460214909,-0.0025767005579642424,0.029344452026024273
0.0019,-0.0045,-0.2962786863229929,-0.003071712948162432,0.029763093135150093
0.002,-0.0045,-0.3019460665491843,-0.003168045245874058,0.030243362755818376
0.0021,-0.0045,-0.31956666189047817,-0.0031330209916231805,0.030133619086281815
0.0022,-0.0045,-0.3436661065534277,-0.003485787922521215,0.030108825501122802
0.0023,-0.0045,-0.3653675993280022,-0.0037252432570636486,0.030185434147032994
0.0024,-0.0045,-0.3826941114624931,-0.0039457862402352195,0.030223428512706253
0.0025,-0.0045,-0.4082222652209393,-0.00410085248948277,0.03009187042566233
0.0026000000000000003,-0.0045,-0.4363684753277086,-0.004294588596651119,0.029962236291882906
0.0027,-0.0045,-0.4627874071872408,-0.004503324395475405,0.029739289224240774
0.0028,-0.0045,-0.48889523233090426,-0.004667296163252696,0.029463253841982142
0.0029,-0.0045,-0.5167008426318238,-0.004808112342964773,0.029098669972510555
0.003,-0.0045,-0.5460604558873658,-0.004966059429182459,0.028702559616795287
0.0031,-0.0045,-0.5750636059877302,-0.0050767831837368604,0.028160765403818757
0.0032,-0.0045,-0.6048800433951466,-0.005246281974750919,0.027649474709029072
0.0033000000000000004,-0.0045,-0.6348451864397663,-0.0053378842441280236,0.027027832350423987
0.0034,-0.0045,-0.6643394730093972,-0.00544633791956118,0.02632524663555874
0.0034999999999999996,-0.0045,-0.694907402979032,-0.005535073931478163,0.025628473059827364
0.0036,-0.0045,-0.72490932407082,-0.005643590942391649,0.024831777081791084
0.0037,-0.0045,-0.7543552539182504,-0.005731358181790442,0.02391629939770646
0.0038,-0.0045,-0.7836964554065932,-0.005796148457280052,0.023004207346615665
0.0039,-0.0045,-0.8127650809393387,-0.005900656235375633,0.022001758944707912
0.004,-0.0045,-0.8402839970469123,-0.005956024815443389,0.02101396900789561
0.0041,-0.0045,-0.8694691049714388,-0.006040462473603191,0.019955144606202638
0.0042,-0.0045,-0.8949525782037013,-0.00609670849400203,0.018849313118777578
0.0043,-0.0045,-0.9212553878371925,-0.00620584382059041,0.017735989932112946
0.0044,-0.0045,-0.9463265224522511,-0.00624985563798754,0.01656609584629595
0.0045,-0.0045,-0.970974322460229,-0.006364357983085395,0.015390930635743273
0.0046,-0.0045,-0.9945908923262614,-0.006380057035199078,0.014183486085952919
0.0047,-0.0045,-1.01854386481683,-0.006549885889481067,0.012967840073274615
0.0048,-0.0045,-1.0385783471678216,-0.006594871262801405,0.011751880744498046
0.0049,-0.0045,-1.061123056976957,-0.006749477887468058,0.010530357374133506
0.005,-0.0045,-1.0792435149000106,-0.006841768119606901,0.009247729038164848
0.0051,-0.0045,-1.0964574671641902,-0.006937791870371072,0.008022277900102253
0.005200000000000001,-0.0045,-1.1128276533243064,-0.007090649320621412,0.0066673209721709314
0.0053,-0.0045,-1.1308506798742863,-0.007151448031023251,0.005413389874151801
0.0054,-0.0045,-1.14350522488899,-0.007295710536177485,0.004075167023299255
0.0055,-0.0045,-1.1569171853750904,-0.007579731444583965,0.002764838808264147
0.0056,-0.0045,-1.172191739611991,-0.00782550104068377,0.0014082724823467692
0.005700000000000001,-0.0045,-1.1771214421142482,-0.007797731577875212,1.6616166126970715e-05
0.0058,-0.0045,-1.1882870119141757,-0.008227207776153034,-0.0013380975984678284
0.0059,-0.0045,-1.1934189959717143,-0.008286315177032424,-0.0026869325082346423
0.006,-0.0045,-1.1966019009467197,-0.00856784674389183,-0.0040740939479116415
0.0061,-0.0045,-1.1991993537705858,-0.008875557974856419,-0.005478862122279659
0.0062,-0.0045,-1.2003054991614424,-0.00899843402705032,-0.006939146358010736
0.0063,-0.0045,-1.1975810597721208,-0.009551576386997072,-0.008392381568922417
0.0064,-0.0045,-1.1897573655517741,-0.009986606087187612,-0.00989649430907668
0.006499999999999999,-0.0045,-1.1889860026914942,-0.010276653514879691,-0.011390787128241523
0.006600000000000001,-0.0045,-1.1795075650637326,-0.010692865688054998,-0.012933463423340076
0.0067,-0.0045,-1.1684330295523213,-0.011201103212074431,-0.014607674652395309
0.0068,-0.0045,-1.1582400033989353,-0.011727852298306954,-0.016253202264691343
0.0069,-0.0045,-1.1392427325632994,-0.012336369460505049,-0.017860026484366753
0.006999999999999999,-0.0045,-1.12477118755534,-0.01292225977717188,-0.019695882386846844
0.007100000000000001,-0.0045,-1.1006052895572775,-0.0135458837703607,-0.021491121862137214
0.0072,-0.0045,-1.0808249233072105,-0.014181793818729027,-0.023428500118925052
0.0073,-0.0045,-1.0547671768120699,-0.014910563018754867,-0.025452803290240595
0.0074,-0.0045,-1.025395355321892,-0.015613446599357289,-0.027508748562977327
0.0075,-0.0045,-0.9945590425373614,-0.016336193679833504,-0.029664935982871277
0.0076,-0.0045,-0.9612958539725757,-0.017016607986046543,-0.0318880532525368
0.0077,-0.0045,-0.9259978350792888,-0.01767334981679692,-0.034126293202299866
0.0078,-0.0045,-0.8871757096180763,-0.018319027477044572,-0.03651086188941605
0.0079,-0.0045,-0.8480309626464454,-0.01886589361734441,-0.03877777132374216
0.008,-0.0045,-0.8072546568977514,-0.01931671775120196,-0.041052158467985635
0.0081,-0.0045,-0.7588857217457063,-0.019670741296951056,-0.0431047919273996
0.0082,-0.0045,-0.7155785975995731,-0.019796770404756133,-0.04516126587205602
0.0083,-0.0045,-0.6741330066141424,-0.019739248285697203,-0.04698765695988194
0.0084,-0.0045,-0.6213210007865824,-0.01961790465674007,-0.048524683588808445
0.0085,-0.0045,-0.5756349548242852,-0.01921171376410779,-0.04959760304152647
0.0086,-0.0045,-0.5059169646682276,-0.018501517904607124,-0.050311117729707346
0.0087,-0.0045,-0.45187928422182866,-0.01719469632603712,-0.050739642958764035
0.0088,-0.0045,-0.41193678998024846,-0.01595783934963396,-0.04994438227909556
0.0089,-0.0045,-0.42077566523370297,-0.015044369529398739,-0.04839120836450414
0.009,-0.0045,-0.42551312129236324,-0.01310918058014715,-0.0463114529056677
0.0091,-0.0045,-0.5026365966641398,-0.011652235998785449,-0.04351407206246185
0.0092,-0.0045,-0.3437320963202977,-0.00995686260685153,-0.04121524971812607
0.0093,-0.0045,-0.35220263477453695,-0.00835550364448588,-0.0371168222736087
0.0094,-0.0045,-0.3413146231815235,-0.006352677710834451,-0.032518454101073506
0.0095,-0.0045,-0.337665253681331,-0.004615964755901271,-0.027272159993702628
0.0096,-0.0045,-0.33879898045007933,-0.0030878842886183067,-0.021863086967732145
0.0097,-0.0045,-0.3423416788614015,-0.0018325321090296395,-0.016253140835096408
0.0098,-0.0045,-0.34874494406212747,-0.0009004175259766354,-0.010633353017410715
0.0099,-0.0045,-0.35405687257330487,-0.00030310609021119256,-0.005139036865096459
0.01,-0.0045,-0.35648713241097635,0.0,0.0
0.0,-0.0044,-0.16028753186710787,0.0,0.0
0.0001,-0.0044,-0.159593370216022,1.0127116457345903e-05,0.0038392105512655853
0.0002,-0.0044,-0.15910647191553817,3.617183470602586e-05,0.007288195724275762
0.0003,-0.0044,-0.15918031278184247,5.814161393479425e-05,0.010385047630338524
0.0004,-0.0044,-0.15816054278026823,4.1301746756255976e-05,0.013181019373528497
0.0005,-0.0044,-0.15883118175439928,3.2921390965560096e-05,0.01562290998506854
0.0006,-0.0044,-0.16109130160001478,-2.2703251340581813e-05,0.01775478532236167
0.0007,-0.0044,-0.16349543519073317,-7.96186856752177e-05,0.019680657650029316
0.0008,-0.0044,-0.1673095566082404,-0.00017339252708331,0.0213119711234865
0.0009,-0.0044,-0.17180297816482332,-0.0003034865636559317,0.022685399210870025
0.001,-0.0044,-0.17786799542536222,-0.00040626994934354416,0.024064533734002913
0.0011,-0.0044,-0.1848440128304859,-0.0006072456346020293,0.02509265653520213
0.0012,-0.0044,-0.19375126969392145,-0.0007514084157739485,0.026081005276454045
0.0013000000000000002,-0.0044,-0.20325587706464457,-0.0009588031516406838,0.02685003068479292
0.0014,-0.0044,-0.21466163371202654,-0.0011455201161927064,0.02759490789855301
0.0015,-0.0044,-0.2259813562420601,-0.001392954163680617,0.028196439167725396
0.0016,-0.0044,-0.23284925697516595,-0.0015147885676186253,0.028742650677496307
0.0017,-0.0044,-0.2447937714380878,-0.0015327920311658909,0.029180900377704405
0.0018,-0.0044,-0.27183276786292554,-0.0019442007696490815,0.02918631708059302
0.0019,-0.0044,-0.31367643240170273,-0.002184110932574761,0.02946537669849389
0.002,-0.0044,-0.3184651382274707,-0.0026706785368185893,0.03004959542049428
0.0021,-0.0044,-0.3256330505997815,-0.002669935855004046,0.03025478884420987
0.0022,-0.0044,-0.34065755963769584,-0.002678986769663619,0.03040715324794532
0.0023,-0.0044,-0.3705729952933792,-0.002853049854702667,0.030372341748206612
0.0024,-0.0044,-0.39710862907209765,-0.0030971128942450556,0.030365170440331126
0.0025,-0.0044,-0.4203116550537402,-0.003248732555768376,0.03030628765257773
0.0026000000000000003,-0.0044,-0.4437966342054654,-0.00338285719728356,0.030132339780466838
0.0027,-0.0044,-0.4702377279452558,-0.0035057336608489346,0.029877066834203322
0.0028,-0.0044,-0.49790837061537474,-0.0036477880976858177,0.02965742962416064
0.0029,-0.0044,-0.5271165688277623,-0.003782208297094382,0.029256717342643603
0.003,-0.0044,-0.5547561080513908,-0.003890791331581484,0.028798810175014712
0.0031,-0.0044,-0.5836483530374333,-0.003974138442195731,0.028335057558843715
0.0032,-0.0044,-0.6144490542204917,-0.004094176805482159,0.0277897382215659
0.0033000000000000004,-0.0044,-0.6444499450402417,-0.004160579060918236,0.027126531291612844
0.0034,-0.0044,-0.6745435061902829,-0.004214748362549619,0.026440272759916363
0.0034999999999999996,-0.0044,-0.7044911331040012,-0.004296038433692432,0.02568895872555508
0.0036,-0.0044,-0.734719325458944,-0.0043471641897581195,0.02488087923796577
0.0037,-0.0044,-0.7649095276073505,-0.0044029355196459705,0.024008785228982272
0.0038,-0.0044,-0.7935422979143982,-0.004443237923029947,0.023068470300395466
0.0039,-0.0044,-0.8231234573754083,-0.004510389439577958,0.022072593647396995
0.004,-0.0044,-0.8519411459551978,-0.004527641493214322,0.021054021460258476
0.0041,-0.0044,-0.8793609700748886,-0.004583303589428922,0.020014239179232587
0.0042,-0.0044,-0.9068183444312333,-0.004639322318441558,0.01890840061315784
0.0043,-0.0044,-0.9331405819572519,-0.00468895298174786,0.01778326728641826
0.0044,-0.0044,-0.9586139694390666,-0.0047924250622131915,0.01663629144791892
0.0045,-0.0044,-0.9832222796097864,-0.004870773806977709,0.015458882066492936
0.0046,-0.0044,-1.0066584739877962,-0.00481318567680735,0.014270897709864162
0.0047,-0.0044,-1.0312759077222768,-0.004936199644242409,0.0130691374624826
0.0048,-0.0044,-1.0525567575762664,-0.004990168620665859,0.011825253806147058
0.0049,-0.0044,-1.073122139857744,-0.005019495730620462,0.010559146292796568
0.005,-0.0044,-1.0942192997882263,-0.005047833344304634,0.009304546118277537
0.0051,-0.0044,-1.1113327057188083,-0.00514430440664489,0.008044442996277384
0.005200000000000001,-0.0044,-1.129048518918534,-0.005225007168510293,0.006725289532175974
0.0053,-0.0044,-1.1432901985390396,-0.0054038099214744825,0.005525635524423708
0.0054,-0.0044,-1.1581677069854193,-0.005620208701324418,0.004239774994316175
0.0055,-0.0044,-1.1688514335741238,-0.005679902600497003,0.0029530534392673367
0.0056,-0.0044,-1.182093338401383,-0.005828037318772894,0.001571693492173426
0.005700000000000001,-0.0044,-1.1942141077334707,-0.005914688781374052,0.00022116891773985467
0.0058,-0.0044,-1.2027613893909574,-0.006166130473871278,-0.0011109045641036414
0.0059,-0.0044,-1.2068194466434983,-0.006384368187166431,-0.00245093546043831
0.006,-0.0044,-1.2089613170137932,-0.006606031991564027,-0.003825110433435662
0.0061,-0.0044,-1.2151510240253565,-0.006833064306060001,-0.005190232384457954
0.0062,-0.0044,-1.214153172619629,-0.0071808016531258794,-0.006621166094959391
0.0063,-0.0044,-1.211529536921766,-0.007554238024585514,-0.00802093839125981
0.0064,-0.0044,-1.2104504461063286,-0.007901965832899592,-0.009448832906884867
0.006499999999999999,-0.0044,-1.2042482360071858,-0.008229789690288277,-0.010976017501703817
0.006600000000000001,-0.0044,-1.1927828429650864,-0.00873848887437674,-0.012561580173512575
0.0067,-0.0044,-1.183903261387161,-0.009191191868908547,-0.014028264940803776
0.0068,-0.0044,-1.1737578568139897,-0.00974483154200811,-0.0156688203548923
0.0069,-0.0044,-1.1595243812751221,-0.010303516084520134,-0.017286358827418587
0.006999999999999999,-0.0044,-1.1413631318995403,-0.010965813409470808,-0.01904398514587652
0.007100000000000001,-0.0044,-1.1230508494635112,-0.01159966731196356,-0.02085999088515326
0.0072,-0.0044,-1.104007217554409,-0.012313134667134542,-0.022741287292212406
0.0073,-0.0044,-1.0750758352380907,-0.013051633899101961,-0.024692813087938224
0.0074,-0.0044,-1.0516980021284295,-0.013791163815508274,-0.026776167679350857
0.0075,-0.0044,-1.0186469946035885,-0.014559650002480572,-0.02892332918784557
0.0076,-0.0044,-0.9869305254325014,-0.015323958722620054,-0.031166207625145294
0.0077,-0.0044,-0.9531837667492662,-0.01611908122046085,-0.03347729065007252
0.0078,-0.0044,-0.9164491200333394,-0.016828947115773252,-0.035881721195393956
0.0079,-0.0044,-0.8763242273163463,-0.01748257586485638,-0.03817230981299047
0.008,-0.0044,-0.835040743881537,-0.018031955489136293,-0.04057056361933009
0.0081,-0.0044,-0.7927831822216668,-0.01848169884532037,-0.04285341836759567
0.0082,-0.0044,-0.744772023049646,-0.018856131890968665,-0.0450384353135258
0.0083,-0.0044,-0.6964335360858243,-0.018907355978884176,-0.04698775266310218
0.0084,-0.0044,-0.6446469584422939,-0.018817285789035725,-0.048681155567101175
0.0085,-0.0044,-0.5963797138798117,-0.018549644107791852,-0.050109517149995356
0.0086,-0.0044,-0.5577353606163962,-0.0177508393077495,-0.05079258035129106
0.0087,-0.0044,-0.5380318096412474,-0.01670711405999258,-0.05121248320038357
0.0088,-0.0044,-0.5084307102518116,-0.016010787032901593,-0.05074818055761348
0.0089,-0.0044,-0.4656557139313639,-0.015377676073846804,-0.04990109926217917
0.009,-0.0044,-0.40036167416141877,-0.013854048348206187,-0.048655781574070606
0.0091,-0.0044,-0.3736584483024751,-0.011665873638344993,-0.046266110170019886
0.0092,-0.0044,-0.4544911876851749,-0.009159309479428454,-0.04287409650455179
0.0093,-0.0044,-0.3992800510912393,-0.008237628198092107,-0.03895978457577426
0.0094,-0.0044,-0.35666461901408375,-0.006512792686953256,-0.03420039965808158
0.0095,-0.0044,-0.3487039962439488,-0.004676774639711001,-0.029006756394162038
0.0096,-0.0044,-0.3510480169753052,-0.0031757326292117458,-0.023254382085531905
0.0097,-0.0044,-0.3544559004747927,-0.0019158046590662871,-0.017156918382925497
0.0098,-0.0044,-0.36041195750098903,-0.0009372267575453307,-0.011626487848180921
0.0099,-0.0044,-0.3661292300523548,-0.0003184987324712726,-0.005533618935396802
0.01,-0.0044,-0.36841126328749896,0.0,0.0
0.0,-0.0043,-0.16854282330782988,0.0,0.0
0.0001,-0.0043,-0.1679493916554763,1.3546252314620327e-05,0.003797509245448993
0.0002,-0.0043,-0.16716779773893758,4.223291788515117e-05,0.007225250576036244
0.0003,-0.0043,-0.16596350053447734,7.30468360212639e-05,0.010400451356509344
0.0004,-0.0043,-0.16650912969754486,0.00010965068902871311,0.013086958414289463
0.0005,-0.0043,-0.16706298767630695,0.00012706878641232828,0.015573847506038416
0.0006,-0.0043,-0.1686712709243098,9.899153851648142e-05,0.017754497988008624
0.0007,-0.0043,-0.17104581596937588,5.8504007959811136e-05,0.019697692329034233
0.0008,-0.0043,-0.17478349119877992,2.124407740342442e-05,0.021358803993573015
0.0009,-0.0043,-0.17947993703667955,-6.013582228117827e-05,0.022835050372115057
0.001,-0.0043,-0.18510700487588863,-0.0001566241853060469,0.02411692847231636
0.0011,-0.0043,-0.19220313255111612,-0.00025420145996378626,0.025271068164513157
0.0012,-0.0043,-0.20017097373941956,-0.00039795010905761683,0.026227343006003736
0.0013000000000000002,-0.0043,-0.2099750756202019,-0.0005324285774836957,0.02702388788197358
0.0014,-0.0043,-0.2216824569536202,-0.0006767469935100621,0.027776399469401077
0.0015,-0.0043,-0.23444819245100465,-0.0008632246913958121,0.02846252422577643
0.0016,-0.0043,-0.24629784880793743,-0.0010265767640338964,0.028918258679783832
0.0017,-0.0043,-0.25383378850094346,-0.001148131047246221,0.029440632094494837
0.0018,-0.0043,-0.2556451741116868,-0.0010649026486331222,0.029764805229146474
0.0019,-0.0043,-0.2960762172732922,-0.0013834162747102697,0.030015686565448202
0.002,-0.0043,-0.3202843227730595,-0.0016287975279058323,0.0301824525549259
0.0021,-0.0043,-0.34490748278405947,-0.001981739638013284,0.030300477027063656
0.0022,-0.0043,-0.356508581191942,-0.00204486346225694,0.03051313915515329
0.0023,-0.0043,-0.37178561792422243,-0.002131777345708656,0.030650052076462733
0.0024,-0.0043,-0.3995365274865621,-0.0022199259342101383,0.03051914232061416
0.0025,-0.0043,-0.42742704677594334,-0.002348538908997996,0.030420011734992092
0.0026000000000000003,-0.0043,-0.45072342192672693,-0.002458956247489911,0.030235889301258336
0.0027,-0.0043,-0.47658391938511285,-0.0025522679765116255,0.030048295926605618
0.0028,-0.0043,-0.5057056469910538,-0.002629221571861724,0.029692978841389252
0.0029,-0.0043,-0.5337156856931109,-0.00274307914655709,0.029317834883234403
0.003,-0.0043,-0.5624943580655642,-0.0028219517898424567,0.02890501819434095
0.0031,-0.0043,-0.5915258061437452,-0.002874702673038819,0.02843345780600173
0.0032,-0.0043,-0.6216795264571526,-0.002931354465720274,0.027793763175222686
0.0033000000000000004,-0.0043,-0.6521386917388611,-0.0029432088058647075,0.02717903080144178
0.0034,-0.0043,-0.6820677069105747,-0.00298799303768136,0.026463931491888228
0.0034999999999999996,-0.0043,-0.7127422194801024,-0.003023463863139392,0.025689423490380787
0.0036,-0.0043,-0.7421996419429279,-0.0030523218755114227,0.024917229323220297
0.0037,-0.0043,-0.7722623500495155,-0.0030686073065406376,0.02403676519224128
0.0038,-0.0043,-0.8021855526674618,-0.003093941009656974,0.023093241014644886
0.0039,-0.0043,-0.8317459267397754,-0.0031048484339297553,0.022138519304965843
0.004,-0.0043,-0.8595808170166589,-0.0031413923936134923,0.021096115050040106
0.0041,-0.0043,-0.8881487297982336,-0.003141323937045608,0.020067965836383136
0.0042,-0.0043,-0.9157845128764153,-0.003140713167926922,0.018945480431033085
0.0043,-0.0043,-0.9423861607226096,-0.0031718088097724855,0.017836897636176408
0.0044,-0.0043,-0.967638806957835,-0.0032514448798694447,0.016703125977654512
0.0045,-0.0043,-0.9937891751961907,-0.0033143090129471617,0.015491029218851838
0.0046,-0.0043,-1.0171638983798843,-0.0032762639953241336,0.014316120182753383
0.0047,-0.0043,-1.0392195048389816,-0.003367084853173382,0.013085347815789367
0.0048,-0.0043,-1.0610977737841527,-0.0033434550572344966,0.011903676214985812
0.0049,-0.0043,-1.0835660081094904,-0.003402824951412578,0.010647329637971131
0.005,-0.0043,-1.1040012591999464,-0.003523944202845416,0.00939178774478565
0.0051,-0.0043,-1.123037393652363,-0.0035430957790925713,0.00817834266138901
0.005200000000000001,-0.0043,-1.1376348081616514,-0.003571001503754792,0.0068586833589422734
0.0053,-0.0043,-1.155388592685735,-0.0036778811574728655,0.005586575633193664
0.0054,-0.0043,-1.16821374579922,-0.003638668867411138,0.004230342790783208
0.0055,-0.0043,-1.1827524203445094,-0.003919671627732361,0.003001312572760727
0.0056,-0.0043,-1.1923841997685993,-0.0039764507014063135,0.0016242938861182603
0.005700000000000001,-0.0043,-1.2029401023099155,-0.004066555037115127,0.0004030872244892653
0.0058,-0.0043,-1.209023753898585,-0.00427310956423256,-0.0009175077685325693
0.0059,-0.0043,-1.2193045880093853,-0.004509781223838077,-0.0022389566916840645
0.006,-0.0043,-1.2222356686798521,-0.004619826130843709,-0.0036194914350344597
0.0061,-0.0043,-1.2230780158761698,-0.004873768052716792,-0.004929003800204989
0.0062,-0.0043,-1.224482871686477,-0.005213934553199591,-0.006295697260854476
0.0063,-0.0043,-1.224849908748953,-0.005578541628364783,-0.00769568756447263
0.0064,-0.0043,-1.2171382308370964,-0.005879136317706789,-0.0090814775131544
0.006499999999999999,-0.0043,-1.2145414121820712,-0.006286247377533483,-0.010551972173074695
0.006600000000000001,-0.0043,-1.2064750173404715,-0.006738261731918965,-0.012034032459766903
0.0067,-0.0043,-1.1986627086138772,-0.007182610479922676,-0.013571852494967843
0.0068,-0.0043,-1.1867368826815554,-0.007744247003618712,-0.015083620068763454
0.0069,-0.0043,-1.1733153470393782,-0.008365222478432502,-0.016759617550813243
0.006999999999999999,-0.0043,-1.1559585094779177,-0.008965802976320577,-0.018375392809475265
0.007100000000000001,-0.0043,-1.1386591910877795,-0.009601294288280248,-0.020099606301318
0.0072,-0.0043,-1.1184108479669277,-0.01034432516339849,-0.021999726260882316
0.0073,-0.0043,-1.0971930329667834,-0.011114265029927599,-0.023948315409151308
0.0074,-0.0043,-1.0715942723726524,-0.011949504996479413,-0.02598661920701234
0.0075,-0.0043,-1.0428197599335973,-0.012788448908145667,-0.028105276056492986
0.0076,-0.0043,-1.0130534855501478,-0.013631668798685145,-0.03034747383556355
0.0077,-0.0043,-0.97609133155626,-0.014427011140606802,-0.032676014271309305
0.0078,-0.0043,-0.9406043450475025,-0.015248981671432028,-0.03507284979497598
0.0079,-0.0043,-0.9020704618001496,-0.015999747198584834,-0.03751067620983206
0.008,-0.0043,-0.8608180879116453,-0.016681193556088898,-0.04001865316332543
0.0081,-0.0043,-0.8194161054611817,-0.017215520754564267,-0.04241476378462852
0.0082,-0.0043,-0.7779212511072536,-0.01768592517166775,-0.04476028707507207
0.0083,-0.0043,-0.7281740695436959,-0.01797566836455621,-0.04687789166101558
0.0084,-0.0043,-0.6849612864349379,-0.017901048920199,-0.04881896148666604
0.0085,-0.0043,-0.6361243203678094,-0.017799771340957227,-0.050419499591484264
0.0086,-0.0043,-0.6185228030534959,-0.017519059028074196,-0.05169182357320565
0.0087,-0.0043,-0.5412323435873767,-0.016860437821459517,-0.05217716483134693
0.0088,-0.0043,-0.4592303620458387,-0.01577176902398953,-0.052141226688950985
0.0089,-0.0043,-0.4699944340174988,-0.014814084364107118,-0.050643941893052685
0.009,-0.0043,-0.44136405704278775,-0.013381041805436847,-0.04894021179147021
0.0091,-0.0043,-0.34858785027818656,-0.01215814412517166,-0.04706117276920594
0.0092,-0.0043,-0.36012732445582807,-0.01028317937019807,-0.04404079345584863
0.0093,-0.0043,-0.3794650766194889,-0.008065721313574248,-0.040985489492464555
0.0094,-0.0043,-0.36367630458041933,-0.006382715653815029,-0.03584396092890399
0.0095,-0.0043,-0.3609743649096516,-0.0048502788298743875,-0.030684427826221196
0.0096,-0.0043,-0.3624158377146217,-0.0032637960555503536,-0.024613608066114734
0.0097,-0.0043,-0.36554471268571515,-0.0019577077440282734,-0.018696501565238426
0.0098,-0.0043,-0.3720925064110627,-0.0009655120576394648,-0.012181527567512737
0.0099,-0.0043,-0.37751002375850734,-0.000323394372537209,-0.006013727281339579
0.01,-0.0043,-0.3793213662555888,0.0,0.0
0.0,-0.0042,-0.17663212916363,0.0,0.0
0.0001,-0.0042,-0.1758840912735846,1.7980343932231623e-05,0.003753477603066098
0.0002,-0.0042,-0.17449035894360312,7.641795676279015e-05,0.007186188038779392
0.0003,-0.0042,-0.17419772686004864,0.00011349745250381627,0.01033026194283371
0.0004,-0.0042,-0.1735375914362148,0.0001594287075502153,0.013163197109709236
0.0005,-0.0042,-0.17455983503668954,0.00019958325439210138,0.015556545226608202
0.0006,-0.0042,-0.17581854187400628,0.00022077988302372475,0.017797199936290514
0.0007,-0.0042,-0.17797358886663622,0.00022684339782226006,0.019733333638409276
0.0008,-0.0042,-0.1816343991292419,0.00022648072946912165,0.02148472620833275
0.0009,-0.0042,-0.18600627337429768,0.00019463562632297642,0.022906195689233074
0.001,-0.0042,-0.19198747047803078,0.00011600365275928268,0.024244994552832435
0.0011,-0.0042,-0.19897376433063452,4.4375179025224476e-05,0.025353751360016177
0.0012,-0.0042,-0.20698210528289746,-2.937591228978874e-05,0.02630952753902685
0.0013000000000000002,-0.0042,-0.21631654008766507,-0.00013714833808281605,0.027122523899957226
0.0014,-0.0042,-0.22738481489711942,-0.00025147978291868467,0.027952913172042133
0.0015,-0.0042,-0.2420839888047748,-0.00032660776613281444,0.02857298972421517
0.0016,-0.0042,-0.25704861733758416,-0.0004702201976016906,0.02909942467059397
0.0017,-0.0042,-0.27722330759431624,-0.0006770853693036292,0.029786773125927802
0.0018,-0.0042,-0.2826602272070302,-0.0008361627914961513,0.03008391456494011
0.0019,-0.0042,-0.2863271886361854,-0.0009427699672966792,0.03017132281179465
0.002,-0.0042,-0.31865927960906587,-0.0010031044404902704,0.030178403449514946
0.0021,-0.0042,-0.340911828241573,-0.0009981890236264897,0.030394887109859933
0.0022,-0.0042,-0.36060080591647253,-0.001217011174871499,0.030504521403157094
0.0023,-0.0042,-0.38783060069107805,-0.001344128781055217,0.0307231349253281
0.0024,-0.0042,-0.4099173687047884,-0.001427789369370601,0.030671708581936477
0.0025,-0.0042,-0.43040127891416335,-0.0014619185602728218,0.03051085329803114
0.0026000000000000003,-0.0042,-0.4568959764342424,-0.0015286521787069953,0.03033867613890544
0.0027,-0.0042,-0.4847765718648543,-0.0016096062839862195,0.030141427826132796
0.0028,-0.0042,-0.512755003899216,-0.001657897586353627,0.029804959581667612
0.0029,-0.0042,-0.5391164418118323,-0.001664202228965694,0.029383760923998803
0.003,-0.0042,-0.568256792976752,-0.001711677132843719,0.028944012801740367
0.0031,-0.0042,-0.5982029099217296,-0.0017651622696833035,0.028430543657897617
0.0032,-0.0042,-0.6278545785973524,-0.001742381152197179,0.02784672860994815
0.0033000000000000004,-0.0042,-0.6576708900473516,-0.0017498051287502413,0.02719989107912066
0.0034,-0.0042,-0.6879017344540164,-0.0017694142710938663,0.026502842929049888
0.0034999999999999996,-0.0042,-0.7188689534343768,-0.0017644342460040902,0.025728311586741923
0.0036,-0.0042,-0.7490371191280871,-0.0017487344057372828,0.024915949462105277
0.0037,-0.0042,-0.7789934667873853,-0.001754213239383599,0.02400898452997032
0.0038,-0.0042,-0.8084984312429426,-0.001728333197408406,0.023111768513363717
0.0039,-0.0042,-0.8377370564195765,-0.0017282923734003143,0.02211616964748675
0.004,-0.0042,-0.8669111772277968,-0.0016935036885482833,0.0210911674905521
0.0041,-0.0042,-0.8950416293886884,-0.0016740427007158145,0.020039928267109444
0.0042,-0.0042,-0.9218898371695361,-0.0016699587196592803,0.018955830439033667
0.0043,-0.0042,-0.9488870433680592,-0.0016656290180029698,0.017837288315597274
0.0044,-0.0042,-0.9751889987331622,-0.0017245422986037662,0.016694173689677197
0.0045,-0.0042,-0.9996136693410752,-0.0016605025562329654,0.015488834900532922
0.0046,-0.0042,-1.0253748295115002,-0.0016888900874135722,0.014323228248489951
0.0047,-0.0042,-1.0478754992754202,-0.001673188027956101,0.013131376406553697
0.0048,-0.0042,-1.0688015002739863,-0.0017015250871984682,0.01186547843211895
0.0049,-0.0042,-1.0892509871094056,-0.0016364196811871233,0.010676808847385122
0.005,-0.0042,-1.1118747499413097,-0.0018072239309894886,0.009437369414060462
0.0051,-0.0042,-1.128108195603881,-0.001732142166695977,0.008224692957656427
0.005200000000000001,-0.0042,-1.1452235184701163,-0.001851633794702056,0.006917957812128658
0.0053,-0.0042,-1.1618088574873668,-0.0019063204494272666,0.005718287825142892
0.0054,-0.0042,-1.1757167652553757,-0.0019132992989728565,0.004333104526278453
0.0055,-0.0042,-1.188697571608172,-0.001991281689812553,0.003254794544708152
0.0056,-0.0042,-1.2003315195790198,-0.002116282105840241,0.00189520353126207
0.005700000000000001,-0.0042,-1.2081836608090308,-0.0022807162773232077,0.00048747380773078773
0.0058,-0.0042,-1.2180333894468702,-0.002433292435086322,-0.0007510622713373009
0.0059,-0.0042,-1.2247705043419723,-0.0025814351457489546,-0.002032098807417298
0.006,-0.0042,-1.2262979548598973,-0.0027823520194707875,-0.003362824256382582
0.0061,-0.0042,-1.2302499818254007,-0.0029623771868920318,-0.004677591981183079
0.0062,-0.0042,-1.2310803764391582,-0.003303455909875107,-0.006043340215203399
0.0063,-0.0042,-1.2298957904823318,-0.0035310775501196847,-0.007388619931851269
0.0064,-0.0042,-1.223325817617309,-0.003835383548962851,-0.008753023049270876
0.006499999999999999,-0.0042,-1.222163455548212,-0.004283401092176435,-0.010122472729843842
0.006600000000000001,-0.0042,-1.2132257931674388,-0.004728349688416073,-0.011496490472169303
0.0067,-0.0042,-1.20673013210822,-0.005222679331347388,-0.012961671786356255
0.0068,-0.0042,-1.1950873317204822,-0.005764658205849745,-0.014544188923604436
0.0069,-0.0042,-1.1812868319165255,-0.00634312594345891,-0.016071884047938353
0.006999999999999999,-0.0042,-1.164898128276972,-0.006949395588473007,-0.01771574164030978
0.007100000000000001,-0.0042,-1.149443728726253,-0.007668502893970298,-0.019457279030997726
0.0072,-0.0042,-1.1319295100671796,-0.008436281461219037,-0.02119176541625458
0.0073,-0.0042,-1.1106654047473976,-0.009246706388892209,-0.023132338370419166
0.0074,-0.0042,-1.0865981229682324,-0.010042441682641484,-0.025125990533642478
0.0075,-0.0042,-1.0596430830932562,-0.010946380588361261,-0.027243298025041614
0.0076,-0.0042,-1.030930123792048,-0.011843586534407436,-0.029494859658297613
0.0077,-0.0042,-0.9984319277588255,-0.012698404676972218,-0.0317894262889522
0.0078,-0.0042,-0.9620417994331777,-0.013616790743166657,-0.03422499707314798
0.0079,-0.0042,-0.9263567230814382,-0.014481107873450938,-0.03677502740800728
0.008,-0.0042,-0.8861757301246936,-0.015245804525713095,-0.03936166757593695
0.0081,-0.0042,-0.8430962396635083,-0.015921706719792632,-0.041895901830285034
0.0082,-0.0042,-0.8020047533486696,-0.01650892652375052,-0.0443892477371867
0.0083,-0.0042,-0.7527639294852728,-0.016972297529304386,-0.046661138436817906
0.0084,-0.0042,-0.7069422095890241,-0.017090714257325664,-0.04880911286217434
0.0085,-0.0042,-0.6569147597424626,-0.01704913884279024,-0.05070088753283755
0.0086,-0.0042,-0.606547328948156,-0.01688028244693453,-0.05217473729037614
0.0087,-0.0042,-0.5888575669066036,-0.016372019116067615,-0.05257396106444902
0.0088,-0.0042,-0.5738099670855082,-0.015559571323507796,-0.05208209813753359
0.0089,-0.0042,-0.520647476793965,-0.015025155730936766,-0.05203256759789113
0.009,-0.0042,-0.4572972034594995,-0.012652758039111804,-0.0509390249010486
0.0091,-0.0042,-0.565141332000342,-0.011682065698202921,-0.04727371018045623
0.0092,-0.0042,-0.4356402210632355,-0.00981238248499095,-0.045468472702771004
0.0093,-0.0042,-0.35586862969105987,-0.00871186025498663,-0.04200735442424169
0.0094,-0.0042,-0.3847918098450685,-0.006957373943708639,-0.03746184800654503
0.0095,-0.0042,-0.3711097284819952,-0.004916816616259317,-0.03226325045428214
0.0096,-0.0042,-0.3735816342687945,-0.0033522760755022463,-0.02618014161014867
0.0097,-0.0042,-0.3768953741848059,-0.0020082610005408147,-0.019459414892715972
0.0098,-0.0042,-0.3817808860590363,-0.0010101346234445273,-0.013242226304673713
0.0099,-0.0042,-0.3887716999499542,-0.00032563022373545853,-0.006323879489895126
0.01,-0.0042,-0.39035200298876277,0.0,0.0
0.0,-0.0041,-0.18344453526537383,0.0,0.0
0.0001,-0.0041,-0.18364980722027618,3.0814704118127126e-05,0.0037435231528976003
0.0002,-0.0041,-0.18233248062319507,8.671727941010794e-05,0.007184134507831234
0.0003,-0.0041,-0.1810902237486018,0.0001620537512032873,0.010217186328387667
0.0004,-0.0041,-0.18087691396536715,0.0002219720702112068,0.013016820998737836
0.0005,-0.0041,-0.18093457232506066,0.00030651293293183296,0.015623969741226835
0.0006,-0.0041,-0.18191141821399628,0.0003666652089583056,0.017756468003405537
0.0007,-0.0041,-0.18437797303541104,0.0003742056890667738,0.019705883404739385
0.0008,-0.0041,-0.18760848023213023,0.0003904652330750231,0.021456842084044567
0.0009,-0.0041,-0.19201943729095067,0.000395393314306949,0.022929110130373298
0.001,-0.0041,-0.19746140831530004,0.0003783368125698423,0.024304229679789353
0.0011,-0.0041,-0.20484137802084137,0.0003363083470329445,0.025387284008374172
0.0012,-0.0041,-0.21246287801406183,0.0003240781572661469,0.026339985450071515
0.0013000000000000002,-0.0041,-0.22228754237100326,0.00023521270564848818,0.02723469723459759
0.0014,-0.0041,-0.23340689553494656,0.00017645716411751334,0.02800034292615816
0.0015,-0.0041,-0.2473936896425502,0.00018349565081972886,0.02864163994998667
0.0016,-0.0041,-0.2672133443528807,0.0001854372607004634,0.029116312068992102
0.0017,-0.0041,-0.2910115052269689,-0.0002475084776819271,0.029510127340344416
0.0018,-0.0041,-0.3053378236342529,-9.62629793867173e-06,0.02978326804696085
0.0019,-0.0041,-0.31546089963696766,-0.0004070736134000143,0.030103618237622334
0.002,-0.0041,-0.3464224926640982,-0.0004764776927007816,0.03039821085788612
0.0021,-0.0041,-0.3400456652246059,-0.0003284677274443298,0.030735324460916338
0.0022,-0.0041,-0.3590721960657403,-0.0003750715057852516,0.03080763028866215
0.0023,-0.0041,-0.3936274960253663,-0.000528160616488187,0.030652267294671767
0.0024,-0.0041,-0.4146746031837355,-0.0005348369053883951,0.030605884673988316
0.0025,-0.0041,-0.4360890836210702,-0.0006066876624306939,0.030530714644019477
0.0026000000000000003,-0.0041,-0.46244935398084513,-0.0005923702005350928,0.030327073776431897
0.0027,-0.0041,-0.4904895596326327,-0.0006151339831473528,0.03006837233083011
0.0028,-0.0041,-0.5157965755333306,-0.0006366127896741896,0.029770274069977426
0.0029,-0.0041,-0.543783815163464,-0.0006347131593387571,0.029396328079303615
0.003,-0.0041,-0.5729683650860541,-0.0006587698683183847,0.028920570950711766
0.0031,-0.0041,-0.6024720506073283,-0.000609527688027493,0.028448575839082793
0.0032,-0.0041,-0.6323122917652009,-0.0006060505394192,0.02783763116138149
0.0033000000000000004,-0.0041,-0.6621753474011801,-0.0005953382146660188,0.027190610674198243
0.0034,-0.0041,-0.692672147558626,-0.0005529362428797005,0.02645957807135272
0.0034999999999999996,-0.0041,-0.7226653797066953,-0.0005032883612571065,0.025683244881534385
0.0036,-0.0041,-0.7531016408331455,-0.00045959729309373414,0.024892429642231484
0.0037,-0.0041,-0.7827989670616482,-0.00042022326211149067,0.024002174549330055
0.0038,-0.0041,-0.8128168075427487,-0.0003803339381003659,0.02305711924083949
0.0039,-0.0041,-0.8424112471982588,-0.0003265753407369013,0.022105852649629245
0.004,-0.0041,-0.871237461987908,-0.000279854600404128,0.021056277655990996
0.0041,-0.0041,-0.8994961921464464,-0.00024147390453781414,0.020021711461260097
0.0042,-0.0041,-0.9268157617387335,-0.0002374208499517458,0.018940954308523907
0.0043,-0.0041,-0.9532959135798574,-0.00016740730153149837,0.017810236825908255
0.0044,-0.0041,-0.9795045165823726,-0.00015395209503003411,0.016681979365622712
0.0045,-0.0041,-1.0042180632264628,-0.0001136489408127498,0.015491009093715058
0.0046,-0.0041,-1.0279450542714634,-4.9887534643284355e-05,0.014310054152470907
0.0047,-0.0041,-1.0526740904135734,-5.3064717132812056e-05,0.013107065988326564
0.0048,-0.0041,-1.0728650621942843,-8.02105383692367e-05,0.01192329494136557
0.0049,-0.0041,-1.0939202100919505,-2.668266937137995e-05,0.01064248958792494
0.005,-0.0041,-1.1141136173832218,-7.040236916018434e-05,0.009457487388353043
0.0051,-0.0041,-1.1337577057221961,-5.849949820529929e-05,0.008216934874526792
0.005200000000000001,-0.0041,-1.1516323355844573,-5.0756048586073776e-05,0.006977439621843035
0.0053,-0.0041,-1.1666046666839431,-8.501475387589949e-05,0.005684967558752394
0.0054,-0.0041,-1.1801531372220668,-0.00020789233734980935,0.004447326774677599
0.0055,-0.0041,-1.1926765892666127,-0.00016102008186211908,0.0031077332548772453
0.0056,-0.0041,-1.1995695870175855,-0.0003486716929160284,0.001782175292995484
0.005700000000000001,-0.0041,-1.210207126307438,-0.0004754335557470138,0.0006421423798061037
0.0058,-0.0041,-1.220692078389163,-0.0005546582435253439,-0.000585260091378199
0.0059,-0.0041,-1.22396615030284,-0.0006577908100869963,-0.0018740009143301283
0.006,-0.0041,-1.2282333915988342,-0.0008319160608776251,-0.00316952319995275
0.0061,-0.0041,-1.2319643405037364,-0.0010679078137706519,-0.004450225681968961
0.0062,-0.0041,-1.2307598325711797,-0.0013966258214882005,-0.005762895414458039
0.0063,-0.0041,-1.2299215592891857,-0.001566567733728919,-0.00705520985132221
0.0064,-0.0041,-1.2270704197593205,-0.0019315096194503613,-0.008379320223924194
0.006499999999999999,-0.0041,-1.2216780628195063,-0.0023809443986486665,-0.009689334272598334
0.006600000000000001,-0.0041,-1.2171334145185935,-0.002804964971029101,-0.011071426346371573
0.0067,-0.0041,-1.2092914357149165,-0.0032537310616716805,-0.012518258633755759
0.0068,-0.0041,-1.1984340029009206,-0.0038121359696513795,-0.013967162545142506
0.0069,-0.0041,-1.187755408623791,-0.004376111536225504,-0.015527540631521529
0.006999999999999999,-0.0041,-1.1741289245372604,-0.00501829442516266,-0.01705594343096388
0.007100000000000001,-0.0041,-1.1568534657662688,-0.005718556297266071,-0.018717315901011822
0.0072,-0.0041,-1.1379700251931897,-0.006476587271332223,-0.0205082802398442
0.0073,-0.0041,-1.1195091306154772,-0.007278464423110422,-0.022374532155919807
0.0074,-0.0041,-1.0972584458628227,-0.008157952573825842,-0.024247394516220398
0.0075,-0.0041,-1.0713649436983925,-0.009047841004016866,-0.026340405558128915
0.0076,-0.0041,-1.0434380422741454,-0.010035699073302123,-0.028565895065058928
0.0077,-0.0041,-1.0128302099455107,-0.010983888641552945,-0.030892070673740637
0.0078,-0.0041,-0.9827519463365021,-0.011939031049026315,-0.03334189204005419
0.0079,-0.0041,-0.9455972774423422,-0.012885094639324532,-0.03588760250280115
0.008,-0.0041,-0.9086056160038533,-0.0137533959569533,-0.038578604215189806
0.0081,-0.0041,-0.8665520186919576,-0.014566801284410076,-0.04112572635186723
0.0082,-0.0041,-0.8236863481193135,-0.015243945236601853,-0.04377169395471147
0.0083,-0.0041,-0.7824170908303885,-0.015801134627974413,-0.046314198764398684
0.0084,-0.0041,-0.7346170998774143,-0.016167352323777414,-0.04863427257074922
0.0085,-0.0041,-0.6965314663222297,-0.01616243025049687,-0.05070748347661178
0.0086,-0.0041,-0.6625797014471453,-0.016287336879569594,-0.052476105140667396
0.0087,-0.0041,-0.6234474773713324,-0.01618558490990023,-0.05363629107431853
0.0088,-0.0041,-0.6058616262178623,-0.015459813331605808,-0.05446246385048279
0.0089,-0.0041,-0.5908197685735832,-0.01440323636626753,-0.05386811040262085
0.009,-0.0041,-0.469932514276201,-0.013426183406783261,-0.053219303500521314
0.0091,-0.0041,-0.5323112723013361,-0.01201195635780256,-0.0508419833646709
0.0092,-0.0041,-0.4544316828722206,-0.010133724717188132,-0.04891343947063906
0.0093,-0.0041,-0.45941714647045645,-0.008210433942655254,-0.044289441436585204
0.0094,-0.0041,-0.3990087840886761,-0.006856684335658088,-0.03940843922793434
0.0095,-0.0041,-0.387371040539241,-0.0050147995681933885,-0.03391109783203821
0.0096,-0.0041,-0.38180890059898775,-0.0034679719236131723,-0.027653318007520723
0.0097,-0.0041,-0.38619831327021203,-0.0020622816518550214,-0.020820030021279995
0.0098,-0.0041,-0.3920745455227323,-0.0010204485020734147,-0.013843884918661904
0.0099,-0.0041,-0.39778657031584613,-0.00033811883523734255,-0.0069609661585900585
0.01,-0.0041,-0.3978257924938043,0.0,0.0
0.0,-0.004,-0.19031757903121937,0.0,0.0
0.0001,-0.004,-0.1909171007711392,3.9128825119145076e-05,0.003685227750186006
0.0002,-0.004,-0.18924080667129856,0.00010702218467502409,0.00708914887254729
0.0003,-0.004,-0.18752065217872624,0.00017924905749063403,0.010137887245536535
0.0004,-0.004,-0.1870594944360929,0.0002817801193678542,0.013012705575479538
0.0005,-0.004,-0.18684855429225056,0.00038528397987897087,0.015525692652072057
0.0006,-0.004,-0.188502555739367,0.00047875163349179914,0.017644940085532714
0.0007,-0.004,-0.19061830103716748,0.0005587109656150551,0.019717177549146085
0.0008,-0.004,-0.19325814943490438,0.000586069021553318,0.021478484919206852
0.0009,-0.004,-0.19781511790298734,0.0005988092127239283,0.023015433096173182
0.001,-0.004,-0.20318321111466162,0.0006425390801546319,0.024185374799258915
0.0011,-0.004,-0.20984520642808235,0.0006527335186464735,0.025400689384532094
0.0012,-0.004,-0.21812711467039686,0.000637134262703637,0.026445280830524828
0.0013000000000000002,-0.004,-0.22713509316961839,0.00060613650291639,0.02727907362820591
0.0014,-0.004,-0.23625300666217042,0.000605685310687118,0.028034077793186948
0.0015,-0.004,-0.2479764760133482,0.0005669613645286176,0.028641369634959044
0.0016,-0.004,-0.25762465690992403,0.0004912635846380208,0.029097461238722297
0.0017,-0.004,-0.2725720621891468,0.00044671628894438073,0.02956501477783597
0.0018,-0.004,-0.28834345467577693,0.00040556723433343435,0.030100062162322506
0.0019,-0.004,-0.3164527728887181,0.000498799449724751,0.03017989530715319
0.002,-0.004,-0.3348186338210026,0.0004013542638479452,0.030567845415586787
0.0021,-0.004,-0.3628458961082525,0.00024805236766858516,0.030539435165418308
0.0022,-0.004,-0.3746323916496876,0.00021987062408937026,0.03084893336165098
0.0023,-0.004,-0.38130662651064934,0.0002747251226783258,0.03085651453194816
0.0024,-0.004,-0.40717409954077116,0.00033927793494485593,0.03073417496705082
0.0025,-0.004,-0.4369048200513771,0.00030987580833765385,0.030616303504188626
0.0026000000000000003,-0.004,-0.46564607912548145,0.0003261455539293898,0.030384962643794457
0.0027,-0.004,-0.49145451376875,0.00033878907388109063,0.0301177443884508
0.0028,-0.004,-0.5182255306960697,0.00035982962974094037,0.029736700861056398
0.0029,-0.004,-0.5471235246715775,0.00039396024936091435,0.02940358003071454
0.003,-0.004,-0.5760053821242941,0.00045044760084620095,0.028895023197210226
0.0031,-0.004,-0.6052258726754803,0.0004825154964605897,0.028357994864033384
0.0032,-0.004,-0.6349962871960765,0.0005362502126387093,0.027803105741632573
0.0033000000000000004,-0.004,-0.6644623394632309,0.0006222590922240371,0.027126415303150398
0.0034,-0.004,-0.6949616095431559,0.0006856910629935841,0.02643186444426217
0.0034999999999999996,-0.004,-0.7250440173475842,0.000740760945806055,0.025642744598305813
0.0036,-0.004,-0.7548381201859202,0.0008146481506230857,0.024819594002238904
0.0037,-0.004,-0.7857993109580003,0.0008828658050323915,0.023930219291331836
0.0038,-0.004,-0.8149248831141066,0.0009564491262274395,0.02299069615007228
0.0039,-0.004,-0.8449398525218627,0.0010536959679317548,0.022018267148641614
0.004,-0.004,-0.8730992335440396,0.0011049510949938338,0.021035982881763934
0.0041,-0.004,-0.9017846142767484,0.0011828130035096366,0.019950399765265303
0.0042,-0.004,-0.9294906656005809,0.0012545997790694063,0.018881725549540887
0.0043,-0.004,-0.9565517781228783,0.001323187575140589,0.017775167693316697
0.0044,-0.004,-0.9823319456936058,0.0013648678656628531,0.016613820758580918
0.0045,-0.004,-1.0075609291131318,0.0014453665980273828,0.015494494398920453
0.0046,-0.004,-1.0309935569862794,0.0014557599150420493,0.014291849061618987
0.0047,-0.004,-1.0533532719520542,0.0015581560109961684,0.01311163530718125
0.0048,-0.004,-1.076732869851779,0.0015341244420261442,0.011904661698245006
0.0049,-0.004,-1.0960498067757065,0.001594571415899699,0.010664625919530813
0.005,-0.004,-1.1164046166758321,0.001640381436590225,0.009482759174096368
0.0051,-0.004,-1.1338364585481489,0.0016238128627324795,0.008254617795721255
0.005200000000000001,-0.004,-1.1496972450908318,0.0016599807689229988,0.007040929407794598
0.0053,-0.004,-1.1634765649128433,0.0016614172628495372,0.005691258384966341
0.0054,-0.004,-1.1820505511174808,0.0014420130653274967,0.0044405976169990995
0.0055,-0.004,-1.1976115831371952,0.00163064519045545,0.003288918071449808
0.0056,-0.004,-1.2012659484590211,0.0015895447485266695,0.0021296962264779977
0.005700000000000001,-0.004,-1.2094146117951459,0.0012262717173151924,0.000825662087131576
0.0058,-0.004,-1.2181300712155483,0.0012405205722194176,-0.00044294259313698884
0.0059,-0.004,-1.2218676269940045,0.0011092192022558929,-0.0017111396374754635
0.006,-0.004,-1.2248898824283705,0.0010049725944334936,-0.0029810558946587458
0.0061,-0.004,-1.2257900533405774,0.0008096187201112424,-0.0042110180316805995
0.0062,-0.004,-1.2290023476979346,0.0005244891081324758,-0.005475882428342317
0.0063,-0.004,-1.2261648067021396,0.00019011157419278614,-0.006715193918446976
0.0064,-0.004,-1.2227261262754396,-0.00010081145242800509,-0.00807265633767241
0.006499999999999999,-0.004,-1.2173829074616378,-0.00044499389711683376,-0.0094296969792775
0.006600000000000001,-0.004,-1.2108399917030883,-0.0008289422184888737,-0.010709337091300205
0.0067,-0.004,-1.2068475108377439,-0.001313369298440082,-0.01204013801056963
0.0068,-0.004,-1.19752585875098,-0.001908747607996436,-0.013445893982809272
0.0069,-0.004,-1.1864555688206502,-0.0024240925893337737,-0.014855885163093769
0.006999999999999999,-0.004,-1.1721746487450546,-0.0031136278860818076,-0.01640616449620556
0.007100000000000001,-0.004,-1.1575885873694824,-0.0038041844935307644,-0.017922795815231814
0.0072,-0.004,-1.142078994886714,-0.004566598802358378,-0.019624234556945064
0.0073,-0.004,-1.1246235920045324,-0.005411423940113666,-0.02150039032265394
0.0074,-0.004,-1.102173747974439,-0.006276878358113177,-0.02333331768568794
0.0075,-0.004,-1.080173408860114,-0.007218556015681431,-0.025391349694152368
0.0076,-0.004,-1.0539886361643915,-0.008216771071751021,-0.027574897803243254
0.0077,-0.004,-1.0254643151437661,-0.009234565159532108,-0.029926496867731408
0.0078,-0.004,-0.9939353953713272,-0.010214880600214714,-0.032371390940995184
0.0079,-0.004,-0.9622142715290124,-0.011226322725580848,-0.03494701181299483
0.008,-0.004,-0.9236492094780264,-0.012214993550149458,-0.03758953225296664
0.0081,-0.004,-0.8850442935826437,-0.01314302845699445,-0.040359515046716116
0.0082,-0.004,-0.843688957383586,-0.013961903345974129,-0.043081575511995124
0.0083,-0.004,-0.7989703874434624,-0.014646300388306534,-0.045794367752141456
0.0084,-0.004,-0.7557097350702716,-0.015212814694377744,-0.0482953353188828
0.0085,-0.004,-0.7118151568255977,-0.015503262903617516,-0.05062023954140871
0.0086,-0.004,-0.6688351452128402,-0.015752093004913943,-0.05254505585038708
0.0087,-0.004,-0.5771847651137577,-0.015627659705570836,-0.05388473854130147
0.0088,-0.004,-0.5031971204426231,-0.014747236351156595,-0.05497831313023147
0.0089,-0.004,-0.4664927097184194,-0.013623421377692563,-0.05471207267281373
0.009,-0.004,-0.5213691797437913,-0.013039967519578874,-0.05349087564518223
0.0091,-0.004,-0.4233801629032933,-0.01219809856392607,-0.052998586905340345
0.0092,-0.004,-0.44651462327232677,-0.009688425051853796,-0.04926398362987652
0.0093,-0.004,-0.41569470561482247,-0.007409224468413644,-0.045916330036525954
0.0094,-0.004,-0.3977901638552933,-0.006644270369921785,-0.04087322877800565
0.0095,-0.004,-0.3942463008798859,-0.005034154981332741,-0.035551376588306566
0.0096,-0.004,-0.3941208519677459,-0.0036002174657736325,-0.029134725283378207
0.0097,-0.004,-0.39354705867578654,-0.0021177030058001697,-0.022342280729431188
0.0098,-0.004,-0.4011200956824668,-0.0010626714708965627,-0.014763107003707227
0.0099,-0.004,-0.4053939058125594,-0.00036829614092039254,-0.007316858204946608
0.01,-0.004,-0.40376066051532633,0.0,0.0
0.0,-0.0039,-0.1966838752571152,0.0,0.0
0.0001,-0.0039,-0.19728765999411804,4.224769410346341e-05,0.0036333350033883488
0.0002,-0.0039,-0.1957245101077497,0.00011525905446205989,0.0069915955954936385
0.0003,-0.0039,-0.19347418603915867,0.00021045042892174452,0.010066567930121223
0.0004,-0.0039,-0.19279233679413535,0.0003369548040795886,0.012807308613060576
0.0005,-0.0039,-0.19284836742143863,0.00043393419816653014,0.015439455214728082
0.0006,-0.0039,-0.19371526159028798,0.000553603780693947,0.017519319572707803
0.0007,-0.0039,-0.1959371439948356,0.0006825420028006215,0.019572442897855244
0.0008,-0.0039,-0.19860735505920188,0.0007673577776595394,0.02134971587679454
0.0009,-0.0039,-0.2029958574520167,0.000835064840912933,0.022924627615934817
0.001,-0.0039,-0.20808123443703752,0.0008966582991371407,0.024176205155710607
0.0011,-0.0039,-0.21406348341841294,0.000952092218480018,0.025447070612239782
0.0012,-0.0039,-0.22176463346749034,0.0009830720484745752,0.026402390036316104
0.0013000000000000002,-0.0039,-0.23099729197261526,0.0009882699041402967,0.027280477228235924
0.0014,-0.0039,-0.24141656785885562,0.0009970445436823503,0.02804940162414134
0.0015,-0.0039,-0.2515762398559378,0.0009691332441604625,0.028695195563377525
0.0016,-0.0039,-0.26410881019296967,0.0009733316749659153,0.029300211800434545
0.0017,-0.0039,-0.2725464967601709,0.0010607261558024815,0.029862840997963148
0.0018,-0.0039,-0.29335839936249086,0.0010817087946963482,0.030090109135554106
0.0019,-0.0039,-0.3121675440482706,0.0010722629326636016,0.030242630154623806
0.002,-0.0039,-0.3098934027503742,0.0010286394795865678,0.030590920225803498
0.0021,-0.0039,-0.3433606821515114,0.0010671918038009703,0.03050801134657573
0.0022,-0.0039,-0.37814390281510907,0.001118189271090504,0.030630361498616834
0.0023,-0.0039,-0.40701580452869274,0.0011846302626910142,0.030772972899603297
0.0024,-0.0039,-0.42136694981706574,0.001115397520830787,0.030670761003175576
0.0025,-0.0039,-0.4462604151479888,0.0011542318750422324,0.030575167800932293
0.0026000000000000003,-0.0039,-0.47069482390203843,0.0012024516086755065,0.030331592865584844
0.0027,-0.0039,-0.49318773845981917,0.0012557990870056938,0.030053304491307276
0.0028,-0.0039,-0.5204338207499227,0.0013439115791915473,0.029713881207937567
0.0029,-0.0039,-0.5486963047965802,0.0014279644045897767,0.029309685328684734
0.003,-0.0039,-0.576924527318984,0.0014898652428605441,0.028830741414538674
0.0031,-0.0039,-0.606195375444864,0.0015722423435200403,0.028323566460657885
0.0032,-0.0039,-0.6356870731337088,0.0017075652892933543,0.02770687177472149
0.0033000000000000004,-0.0039,-0.665792070496939,0.0017847162293743906,0.027072022295030362
0.0034,-0.0039,-0.6955053338954866,0.001896261240695027,0.026345852468537496
0.0034999999999999996,-0.0039,-0.7260094184139283,0.0019744916348134692,0.025576245698621193
0.0036,-0.0039,-0.7561068092695279,0.0020874516574641865,0.024747514768206694
0.0037,-0.0039,-0.7861990370313204,0.002202404274394243,0.023852799965395976
0.0038,-0.0039,-0.8159856040158364,0.0023171400034736746,0.02293401646824202
0.0039,-0.0039,-0.8451633055298504,0.0024142990531895708,0.02191291240965093
0.004,-0.0039,-0.8734664391277969,0.00249860193302303,0.020941197507658934
0.0041,-0.0039,-0.901905220585613,0.002592400414618614,0.019892751569789206
0.0042,-0.0039,-0.9294031126410025,0.0026871291808065103,0.018809493288225596
0.0043,-0.0039,-0.9556447350071618,0.0027762802896138397,0.01769656722489666
0.0044,-0.0039,-0.9815014957249706,0.002877528353268405,0.01654034057417027
0.0045,-0.0039,-1.007076320218084,0.002933556029823896,0.015436927274641006
0.0046,-0.0039,-1.032351146102018,0.0030495204550758724,0.014235998260680055
0.0047,-0.0039,-1.0538440105216378,0.0031159871623097253,0.013051006921632802
0.0048,-0.0039,-1.0755695232787073,0.003126611104407708,0.01185195684034425
0.0049,-0.0039,-1.0954511547037689,0.003202384206701445,0.010679251024253211
0.005,-0.0039,-1.1156186216598574,0.0032561846855373375,0.009435696224510426
0.0051,-0.0039,-1.1320607043854825,0.0033019200791513034,0.008199104311701717
0.005200000000000001,-0.0039,-1.1479733720947867,0.0033050184908055115,0.006968987548406822
0.0053,-0.0039,-1.1624904770549616,0.003368160506954103,0.005781571880590687
0.0054,-0.0039,-1.1754243927287276,0.0031896313982113234,0.004582361625663324
0.0055,-0.0039,-1.1870580501109906,0.0032587429749242024,0.003442813630145752
0.0056,-0.0039,-1.1923845669877753,0.0033424456122425044,0.002206940633307996
0.005700000000000001,-0.0039,-1.2005336234910406,0.003060801484292362,0.0009523190519155966
0.0058,-0.0039,-1.210956314744233,0.0031255171353510303,-0.0002945910261482398
0.0059,-0.0039,-1.2156739959890148,0.002909210679760364,-0.0015840945902610766
0.006,-0.0039,-1.2209819489404865,0.0028197618437129017,-0.0028071444498081618
0.0061,-0.0039,-1.2209460070004943,0.0025692160662129063,-0.0039962882433932775
0.0062,-0.0039,-1.2174843584201827,0.0022637983325065887,-0.0052051455176037285
0.0063,-0.0039,-1.2192911580945691,0.0020859016240451366,-0.0064329491980865535
0.0064,-0.0039,-1.215083294262775,0.0017847662822532912,-0.007699086297969983
0.006499999999999999,-0.0039,-1.2120333062650106,0.0014316326193893154,-0.00894889071772367
0.006600000000000001,-0.0039,-1.2073894955850313,0.0009751863264680479,-0.010290279049792302
0.0067,-0.0039,-1.199241902087057,0.0005096456209490622,-0.011575173566298953
0.0068,-0.0039,-1.190526397995971,-5.4478913201333816e-05,-0.012857000467922647
0.0069,-0.0039,-1.1801382402456793,-0.0005959629065602119,-0.014258667202803062
0.006999999999999999,-0.0039,-1.168454472599042,-0.0012321339667047577,-0.015714150166083705
0.007100000000000001,-0.0039,-1.1561822817435847,-0.0019033645128819076,-0.01726060577991068
0.0072,-0.0039,-1.1395223977646025,-0.0026932524528193165,-0.01887064213254563
0.0073,-0.0039,-1.121598679239062,-0.003534913135737106,-0.020534363839495803
0.0074,-0.0039,-1.1043616428049392,-0.004446909023037689,-0.02244305071852667
0.0075,-0.0039,-1.0814857156373836,-0.005360412082063699,-0.024411643446999906
0.0076,-0.0039,-1.057788523379124,-0.006436796392557832,-0.02656601600393087
0.0077,-0.0039,-1.0305542293001353,-0.007492597623816308,-0.028865857249476646
0.0078,-0.0039,-1.003789892271286,-0.008535506462921038,-0.03130808999909384
0.0079,-0.0039,-0.9707316295211644,-0.009556506055254526,-0.03390487360105863
0.008,-0.0039,-0.9373550977774318,-0.010667597690320905,-0.03662819568576763
0.0081,-0.0039,-0.8995997571986523,-0.011680159313887425,-0.03940400054740431
0.0082,-0.0039,-0.8594423852614855,-0.01261725084320673,-0.042227925608391594
0.0083,-0.0039,-0.8177892889051506,-0.013423327441568695,-0.04501416241699228
0.0084,-0.0039,-0.7772970287166054,-0.01410111970999038,-0.04773645616381946
0.0085,-0.0039,-0.7268681495403372,-0.014657231040861952,-0.0501975465837392
0.0086,-0.0039,-0.6669607083086305,-0.014763766599036105,-0.052375457771104264
0.0087,-0.0039,-0.6436436403176188,-0.014657445555829077,-0.053604530928779176
0.0088,-0.0039,-0.6127218063614268,-0.01430755420549671,-0.05416437539828827
0.0089,-0.0039,-0.547296525301087,-0.013902511315518066,-0.054657987903444616
0.009,-0.0039,-0.4546029191972801,-0.013020029510676313,-0.05467410567182707
0.0091,-0.0039,-0.5379537945668603,-0.011085652258038425,-0.054225052037244106
0.0092,-0.0039,-0.48635901471816817,-0.009690331175154082,-0.049940551134543154
0.0093,-0.0039,-0.4170060365329682,-0.00867293558728417,-0.04780753386310827
0.0094,-0.0039,-0.4420077335276361,-0.006934956575660573,-0.042808015362626906
0.0095,-0.0039,-0.39585125866883775,-0.005080144556703236,-0.037502720750778984
0.0096,-0.0039,-0.3991511674060662,-0.00354548389768308,-0.03069204115074485
0.0097,-0.0039,-0.3993419778334024,-0.002214820564225621,-0.023492364953310255
0.0098,-0.0039,-0.40888568166337563,-0.0011361033027824166,-0.015698506170275267
0.0099,-0.0039,-0.4117945501999646,-0.00037403303851076935,-0.0078031412056251415
0.01,-0.0039,-0.4056225383208757,0.0,0.0
0.0,-0.0038,-0.20299297266469973,0.0,0.0
0.0001,-0.0038,-0.20146130350282127,4.4724809281346886e-05,0.0035816311993776954
0.0002,-0.0038,-0.20062144077475164,0.00013363844031691148,0.006871153044919521
0.0003,-0.0038,-0.19883119651438974,0.000244366451391281,0.009927703608477237
0.0004,-0.0038,-0.1986458376745174,0.0003603243566835633,0.012689991696614781
0.0005,-0.0038,-0.19786999936749425,0.0005327528761259221,0.015167266093776756
0.0006,-0.0038,-0.1984623824291996,0.0006617845186480641,0.017433495846549088
0.0007,-0.0038,-0.20039943993843568,0.0007916057514922873,0.019492526178346015
0.0008,-0.0038,-0.20299350700087687,0.0009741268272807562,0.021250489223431257
0.0009,-0.0038,-0.20681677632412973,0.001044883831875405,0.02283342129019729
0.001,-0.0038,-0.2120603800831604,0.0011444646211293409,0.024149658475201848
0.0011,-0.0038,-0.2180755124015767,0.0012163969904399503,0.02533673617957022
0.0012,-0.0038,-0.22603325925313356,0.0013019256551261176,0.026364590102468832
0.0013000000000000002,-0.0038,-0.23509144492887973,0.0013699967255255228,0.027251233220484835
0.0014,-0.0038,-0.24414990165460157,0.001416616405050844,0.028034975273392073
0.0015,-0.0038,-0.2551626498637289,0.0014181467920652538,0.028691424223904572
0.0016,-0.0038,-0.2664408665998226,0.0014926497225946252,0.029341263486337144
0.0017,-0.0038,-0.2837470984839198,0.0016816046585391182,0.02985256649604158
0.0018,-0.0038,-0.2983759157882744,0.0016333274211362396,0.03012211134361132
0.0019,-0.0038,-0.3158798832896158,0.0016026317231223226,0.03031743549332355
0.002,-0.0038,-0.3391416908743287,0.0016017581047576307,0.030649192067648365
0.0021,-0.0038,-0.33548295416726326,0.001733031922247682,0.030726449869651097
0.0022,-0.0038,-0.35788896092318984,0.0018114640802384446,0.030790578503935597
0.0023,-0.0038,-0.38517426404759686,0.0019876411527031484,0.03067199603660653
0.0024,-0.0038,-0.41990784399792747,0.0020160765063755976,0.030651057210456967
0.0025,-0.0038,-0.4451365244562351,0.002031840796260202,0.030451440534560094
0.0026000000000000003,-0.0038,-0.4659106112841724,0.0021146772341592264,0.0302314405308057
0.0027,-0.0038,-0.4923796304222826,0.0022338145565062475,0.02997698684124462
0.0028,-0.0038,-0.520566283370331,0.0023669574273363003,0.029630263455807798
0.0029,-0.0038,-0.5481664560714538,0.002468410526006861,0.02922358532177959
0.003,-0.0038,-0.5764375772362961,0.002570616024724617,0.028787827008662642
0.0031,-0.0038,-0.605355022870679,0.002693844249243252,0.028220526682780123
0.0032,-0.0038,-0.6349530085551103,0.0028165171080332765,0.027635139877413423
0.0033000000000000004,-0.0038,-0.6647252302294423,0.0029689822664867036,0.02692962355491867
0.0034,-0.0038,-0.6944744342766396,0.0030867361302554202,0.026235809397185242
0.0034999999999999996,-0.0038,-0.7249590364769548,0.003209242543689564,0.025432240076798274
0.0036,-0.0038,-0.7547743633636557,0.0033489009842615856,0.02458833903535377
0.0037,-0.0038,-0.7847543621537577,0.003496597556243642,0.023749673712770702
0.0038,-0.0038,-0.8140361807456994,0.0036377067367497963,0.022807932360821848
0.0039,-0.0038,-0.8434295785187682,0.003751081146374299,0.02184162499743655
0.004,-0.0038,-0.8717779142169716,0.00388538269731583,0.0207976720792579
0.0041,-0.0038,-0.90041744102902,0.004001035065241447,0.019765083679720425
0.0042,-0.0038,-0.9274532708193813,0.004123374099822134,0.01871872681080315
0.0043,-0.0038,-0.955050890458997,0.004244753734397364,0.017588318348404085
0.0044,-0.0038,-0.9799842011183117,0.004349561887167257,0.016434083795661237
0.0045,-0.0038,-1.00494344031046,0.004461999494122418,0.015311784090681499
0.0046,-0.0038,-1.0279855190486917,0.0045575780317414945,0.014124410265467261
0.0047,-0.0038,-1.0504143231673488,0.004631970060779242,0.012956092705951432
0.0048,-0.0038,-1.0716581479225944,0.0047348448341474085,0.011778434907833
0.0049,-0.0038,-1.092934322271368,0.004806388280748101,0.010558528853872255
0.005,-0.0038,-1.1099477901046995,0.0048628368409755806,0.009378972749809533
0.0051,-0.0038,-1.1271468348625313,0.004873734837872103,0.008167338519491798
0.005200000000000001,-0.0038,-1.1425584424074344,0.004912183795835818,0.006989484902443291
0.0053,-0.0038,-1.1573461589274843,0.004917172596418364,0.005781780184800821
0.0054,-0.0038,-1.1677580889882129,0.004931433861135666,0.004513525695034019
0.0055,-0.0038,-1.181450854957434,0.005058073226803245,0.0032045593546570178
0.0056,-0.0038,-1.186480075590774,0.004972493499012647,0.0020635681806489784
0.005700000000000001,-0.0038,-1.195507383518298,0.004794376390668247,0.000842947482274321
0.0058,-0.0038,-1.2059262219348585,0.0048556081707594205,-0.00033413963010089817
0.0059,-0.0038,-1.2063887274519678,0.004760454974473669,-0.001527006556623372
0.006,-0.0038,-1.2089305466493052,0.004501134197888466,-0.0025931432064367544
0.0061,-0.0038,-1.2123609110851616,0.004285838631513819,-0.003767142233957409
0.0062,-0.0038,-1.209868031224641,0.00402701696490211,-0.004993436984638821
0.0063,-0.0038,-1.2086154527533226,0.003816029088877804,-0.006196080831912705
0.0064,-0.0038,-1.2062714929961207,0.0035491749487539673,-0.007364517896968634
0.006499999999999999,-0.0038,-1.2007904559601517,0.0031722259127071623,-0.008548973330103207
0.006600000000000001,-0.0038,-1.1944592563252499,0.0027807774002044983,-0.009829009096364074
0.0067,-0.0038,-1.188774744394674,0.0023277673097927437,-0.011021154803619313
0.0068,-0.0038,-1.1781520836900772,0.001770599526156795,-0.012364508881855488
0.0069,-0.0038,-1.169472547644231,0.001221833226472182,-0.013670134768073364
0.006999999999999999,-0.0038,-1.157353881853555,0.0006179021830755021,-0.014997762106040223
0.007100000000000001,-0.0038,-1.1485855015877326,-7.43108856899228e-05,-0.01647976097858725
0.0072,-0.0038,-1.1325925461964088,-0.0008582136683997551,-0.018047418780076412
0.0073,-0.0038,-1.119685878162075,-0.0017100109246653461,-0.019703482806692214
0.0074,-0.0038,-1.1008355748655303,-0.0026566017365457785,-0.0214885272460511
0.0075,-0.0038,-1.0801786410388556,-0.003574709150072663,-0.02341677818523618
0.0076,-0.0038,-1.0583105485719657,-0.004635402206558425,-0.025492289822667925
0.0077,-0.0038,-1.032951440670742,-0.005710812732485799,-0.02775642644705544
0.0078,-0.0038,-1.008305138131967,-0.006855069299014665,-0.030206601294107557
0.0079,-0.0038,-0.9778137034013307,-0.007951911761810045,-0.03281221806220506
0.008,-0.0038,-0.946325352091932,-0.009090709395172123,-0.03554833041581883
0.0081,-0.0038,-0.9086932498862917,-0.010214953755698378,-0.038347841178637466
0.0082,-0.0038,-0.8707591782129271,-0.011248696444067759,-0.041314573227592855
0.0083,-0.0038,-0.832096015264836,-0.012167328744249388,-0.044267248371182094
0.0084,-0.0038,-0.783185531725922,-0.012941577375944473,-0.04713216911857901
0.0085,-0.0038,-0.74475075964577,-0.013598722247874834,-0.04982331175415722
0.0086,-0.0038,-0.6995859198250906,-0.013871579993829597,-0.05231860652576928
0.0087,-0.0038,-0.6726163560819786,-0.014024726448902026,-0.05464463016764755
0.0088,-0.0038,-0.6620038090188205,-0.013828907602655866,-0.056304645833379435
0.0089,-0.0038,-0.6350676087001467,-0.013359718890381395,-0.0561364783269698
0.009,-0.0038,-0.5661252567570585,-0.013055234097240057,-0.05687090783594857
0.0091,-0.0038,-0.47496372217867494,-0.011096478852185041,-0.054729615014159384
0.0092,-0.0038,-0.43904614665556696,-0.010795119957052766,-0.05220811589440283
0.0093,-0.0038,-0.3682437720160171,-0.008415547478693927,-0.049551950295605066
0.0094,-0.0038,-0.37699642511677567,-0.006654221251811998,-0.0449107733743889
0.0095,-0.0038,-0.40498979222286047,-0.005158659154715039,-0.03882280109536552
0.0096,-0.0038,-0.4030319487515876,-0.0037078443377707355,-0.03237652501061692
0.0097,-0.0038,-0.4070409871273432,-0.002166942956590721,-0.024763081238982826
0.0098,-0.0038,-0.4140366476899598,-0.0012385829653059229,-0.016805995265278675
0.0099,-0.0038,-0.41485042399320426,-0.0003977248313580169,-0.008298279544758305
0.01,-0.0038,-0.40824872784673544,0.0,0.0
0.0,-0.0037,-0.20877100330504986,0.0,0.0
0.0001,-0.0037,-0.2071954885162898,4.396753320180299e-05,0.0035165504299462004
0.0002,-0.0037,-0.20528978181439153,0.00013856693468795295,0.006796001985599895
0.0003,-0.0037,-0.2045637854761709,0.00026791482187546407,0.00983449845840318
0.0004,-0.0037,-0.20284720698985417,0.000423503602953064,0.012617603025658647
0.0005,-0.0037,-0.20245321524711643,0.0006064154097846834,0.015072194933949701
0.0006,-0.0037,-0.20325715456414,0.0007567621799953972,0.017308462835384775
0.0007,-0.0037,-0.20425632266870444,0.0009150972968190078,0.019287996227318385
0.0008,-0.0037,-0.2073029976171175,0.0010901572229759231,0.02112053382426576
0.0009,-0.0037,-0.21087110785974297,0.0012341257053096026,0.022652303464808843
0.001,-0.0037,-0.21529670492108188,0.0014029558333395892,0.02404075638319523
0.0011,-0.0037,-0.2212501615244384,0.001512924135335133,0.025229127397346618
0.0012,-0.0037,-0.22840496861273984,0.0016143609094361683,0.02630234849378344
0.0013000000000000002,-0.0037,-0.2373593434693559,0.0017241216710490637,0.027184088207217256
0.0014,-0.0037,-0.2477291789213675,0.0018038653443168545,0.028003454479986013
0.0015,-0.0037,-0.2585589090924286,0.0018928872834417085,0.028643581934493137
0.0016,-0.0037,-0.2724230215731998,0.0020391083980233165,0.029139182954730343
0.0017,-0.0037,-0.28959442740536057,0.0020805055047955373,0.029569029649022378
0.0018,-0.0037,-0.29746505710842935,0.002172947443554986,0.02983188836605151
0.0019,-0.0037,-0.3135119603790488,0.002261098853802979,0.030255318113789
0.002,-0.0037,-0.3361364322418805,0.002300390952081594,0.03046022821595991
0.0021,-0.0037,-0.3651438442327311,0.0024660438951236326,0.030659335396530665
0.0022,-0.0037,-0.3803648586974392,0.0026038976371946503,0.03080540512346507
0.0023,-0.0037,-0.40137750063437,0.0026595361241791796,0.030580681954205526
0.0024,-0.0037,-0.4287231246188238,0.0027313469876915747,0.030447328087521586
0.0025,-0.0037,-0.43797831191986986,0.0029157780907963764,0.03036110096582797
0.0026000000000000003,-0.0037,-0.46301244751430226,0.003021305257936055,0.030161365282263704
0.0027,-0.0037,-0.4922366711816305,0.003174250329326052,0.029871323227339493
0.0028,-0.0037,-0.5190674764932127,0.0032912469244760992,0.029497326066207585
0.0029,-0.0037,-0.5464085628476166,0.003472784033962138,0.029091351700629688
0.003,-0.0037,-0.5743360422712238,0.0036077564407693136,0.028610015908233356
0.0031,-0.0037,-0.6031420764468745,0.0037535182715259306,0.028047042181223277
0.0032,-0.0037,-0.6323362872785512,0.003929151445569651,0.02746104483401517
0.0033000000000000004,-0.0037,-0.6620859571024862,0.004093042148243375,0.02681258497897602
0.0034,-0.0037,-0.6915255490768715,0.004242579324563738,0.026073650326860588
0.0034999999999999996,-0.0037,-0.7216550934730176,0.004417588510891424,0.02527989203127569
0.0036,-0.0037,-0.7513789306994523,0.004604681690777215,0.024471007374039067
0.0037,-0.0037,-0.7811444694960809,0.0047621036604949705,0.02360571548975512
0.0038,-0.0037,-0.8106416778995139,0.0049206361873594465,0.02265148335332336
0.0039,-0.0037,-0.839150053241268,0.005098190136157342,0.02168422108900248
0.004,-0.0037,-0.8677161992965141,0.005247015091841378,0.020670936327137485
0.0041,-0.0037,-0.8960805807058908,0.00540319157249319,0.019626505385479606
0.0042,-0.0037,-0.9238219930939702,0.0055302863631761685,0.01858313403253747
0.0043,-0.0037,-0.9494244306521955,0.005675453703632677,0.01747532106980045
0.0044,-0.0037,-0.9755754496344713,0.005822725259014748,0.016378467996680354
0.0045,-0.0037,-0.9998395341441257,0.0059456720844414425,0.015194715954450334
0.0046,-0.0037,-1.0241050081652705,0.006060182349492899,0.014073943744043155
0.0047,-0.0037,-1.0448048387176938,0.006162601492983665,0.012868332320679621
0.0048,-0.0037,-1.0652845590089624,0.00625381588177464,0.011709657341380367
0.0049,-0.0037,-1.0867060172341734,0.006351337640350551,0.010525488922709693
0.005,-0.0037,-1.1046381956489923,0.0064253022655839445,0.00933611877260841
0.0051,-0.0037,-1.1209702702518922,0.00647405374240225,0.008145219823439664
0.005200000000000001,-0.0037,-1.1359600469401085,0.006552566491919188,0.0069053129361519375
0.0053,-0.0037,-1.149819392755698,0.006616713279521256,0.005777742521416866
0.0054,-0.0037,-1.1606364391820518,0.0066109906266999035,0.0045660498952798945
0.0055,-0.0037,-1.1724188839474963,0.006538919336008503,0.003399750983955404
0.0056,-0.0037,-1.179325416168668,0.006597205728979726,0.002222580175261378
0.005700000000000001,-0.0037,-1.1883688820113483,0.0064673596709858856,0.0010026658592887868
0.0058,-0.0037,-1.1929486494853652,0.0065428560812610245,-0.00011629449411231612
0.0059,-0.0037,-1.1944933155265023,0.006370542176073652,-0.0011954645293602325
0.006,-0.0037,-1.1974696101958673,0.0060431395468738104,-0.0023726151842167484
0.0061,-0.0037,-1.199630997751591,0.005991346463130046,-0.0036006735407856194
0.0062,-0.0037,-1.1957480505780107,0.005819166790110771,-0.004740775412608648
0.0063,-0.0037,-1.1936696902435533,0.005569985670139681,-0.005920603813026397
0.0064,-0.0037,-1.1911489413557454,0.005101480182494823,-0.007035999427885589
0.006499999999999999,-0.0037,-1.1862119888124791,0.004834730319475356,-0.008216210886862191
0.006600000000000001,-0.0037,-1.1795102634839878,0.004497173696718109,-0.009354520093813651
0.0067,-0.0037,-1.1728531250477165,0.004102554033932259,-0.010594813245660722
0.0068,-0.0037,-1.1659733585709111,0.0035217036822876727,-0.01168454177821858
0.0069,-0.0037,-1.154975706445244,0.0029200097228294156,-0.013027048234608617
0.006999999999999999,-0.0037,-1.145570482415931,0.002329217957400155,-0.014373686401724912
0.007100000000000001,-0.0037,-1.1345434358625763,0.0016601337708298102,-0.015832521907950783
0.0072,-0.0037,-1.1213388285815449,0.0008170804204233415,-0.01722440683852247
0.0073,-0.0037,-1.1069789850411553,3.733665949859286e-05,-0.018806029791645196
0.0074,-0.0037,-1.0906363562306074,-0.0009167459207921777,-0.020584355692751157
0.0075,-0.0037,-1.0728812318634713,-0.0018685677166493193,-0.02239092848337048
0.0076,-0.0037,-1.05443320801397,-0.002910837917641135,-0.024468276038671945
0.0077,-0.0037,-1.031931911963639,-0.003977377233042245,-0.026670387689366783
0.0078,-0.0037,-1.007722800191412,-0.005171452296536646,-0.029066256278174152
0.0079,-0.0037,-0.9800089005389289,-0.00632830039144684,-0.031654969380519704
0.008,-0.0037,-0.9495735671097664,-0.007522246246500947,-0.034356444185783125
0.0081,-0.0037,-0.9153837758137194,-0.008678167108061905,-0.03727731340502929
0.0082,-0.0037,-0.879272801474975,-0.009794989904522473,-0.04024293453440795
0.0083,-0.0037,-0.8402248785293105,-0.010851147301518514,-0.04333241224546106
0.0084,-0.0037,-0.797750719002999,-0.011747212756364563,-0.04630380891749911
0.0085,-0.0037,-0.7620065697091551,-0.0125345924015585,-0.04926237737135795
0.0086,-0.0037,-0.715744149216806,-0.013214814107031845,-0.05180555169678336
0.0087,-0.0037,-0.621715281397771,-0.01351051120760053,-0.05428019227040675
0.0088,-0.0037,-0.5321769701897296,-0.013363151961646487,-0.0561116945074887
0.0089,-0.0037,-0.4866277849038596,-0.012921074311050149,-0.05700679988739559
0.009,-0.0037,-0.46164943653003404,-0.012082884007139794,-0.05807821240262798
0.0091,-0.0037,-0.4500079642450789,-0.010578975857540694,-0.05576879229782892
0.0092,-0.0037,-0.4839386475056367,-0.009973938004110157,-0.05396188744342726
0.0093,-0.0037,-0.48505825852269846,-0.00803330079337926,-0.05059083514486228
0.0094,-0.0037,-0.39474257862211376,-0.007127038807357292,-0.045854077146142536
0.0095,-0.0037,-0.4092434245286834,-0.005048138111487473,-0.0405910096819084
0.0096,-0.0037,-0.40758356323015144,-0.003942549844242342,-0.03378536030463119
0.0097,-0.0037,-0.4105019424812699,-0.0022638808857877,-0.025836185793427793
0.0098,-0.0037,-0.4163351543628693,-0.0012219900434480276,-0.017643280263966436
0.0099,-0.0037,-0.42168075171935165,-0.0004013097379714525,-0.008929874999299784
0.01,-0.0037,-0.4158358598509506,0.0,0.0
0.0,-0.0036,-0.21314749764290217,0.0,0.0
0.0001,-0.0036,-0.21183008901728304,5.0974289103989e-05,0.003446228503690566
0.0002,-0.0036,-0.20975937021069968,0.00015684229948470242,0.006669859796623447
0.0003,-0.0036,-0.20812022920120565,0.00029747730089397,0.009671484951515236
0.0004,-0.0036,-0.20631292030187004,0.000474038575952568,0.012398914543508444
0.0005,-0.0036,-0.20590100074828507,0.0006550455609921915,0.01484560358625861
0.0006,-0.0036,-0.20576621607580806,0.0008687835970763544,0.017182694863710015
0.0007,-0.0036,-0.20775224698081535,0.0010553790054070725,0.01913221482777018
0.0008,-0.0036,-0.21040684957522054,0.0012351895686903908,0.020960769449332558
0.0009,-0.0036,-0.213224556412783,0.0014265324008942808,0.022510008023305956
0.001,-0.0036,-0.21782355360979883,0.0015885187082345176,0.023894915803703818
0.0011,-0.0036,-0.22391100343806827,0.0017587946986874375,0.02511978174354808
0.0012,-0.0036,-0.23123200330024252,0.0019295156494611174,0.026164400680586442
0.0013000000000000002,-0.0036,-0.23912982328085922,0.0020655137138860433,0.02706107410870709
0.0014,-0.0036,-0.24904050423873741,0.00219685835040608,0.027853414500024706
0.0015,-0.0036,-0.2596447816542953,0.0023328004413615275,0.028501755928228928
0.0016,-0.0036,-0.27214441865472005,0.0024618731548205343,0.02901905753576628
0.0017,-0.0036,-0.2825529031990345,0.0025742345706026857,0.02953049897612734
0.0018,-0.0036,-0.29942500958958007,0.0026978976992850395,0.029861110285195194
0.0019,-0.0036,-0.31468136190500867,0.0028828416921361393,0.030130641080126693
0.002,-0.0036,-0.33059559775329106,0.0030132005351658528,0.03036378802767178
0.0021,-0.0036,-0.3571285531471045,0.003153396913386595,0.03039431389483396
0.0022,-0.0036,-0.38483831519539885,0.003287674961262184,0.03033754361425749
0.0023,-0.0036,-0.38541980111172014,0.0033267425282438147,0.030347376825875058
0.0024,-0.0036,-0.40077607618586514,0.003529132751653015,0.030370679876418484
0.0025,-0.0036,-0.4350957173925589,0.0037831985969022223,0.030253758792963437
0.0026000000000000003,-0.0036,-0.4639324798434896,0.0039154036257091724,0.03002574983512607
0.0027,-0.0036,-0.4898329752067906,0.004089395663688481,0.029714191919703304
0.0028,-0.0036,-0.5154891666556681,0.0042596840594402744,0.02934939988656221
0.0029,-0.0036,-0.5427071132322145,0.004456175838165716,0.028933932164053402
0.003,-0.0036,-0.5707503905721673,0.004615824225613792,0.028409534626633315
0.0031,-0.0036,-0.5991477421354203,0.004811172952365439,0.027860813884956384
0.0032,-0.0036,-0.6283282417134625,0.005014514431243275,0.027256849376113463
0.0033000000000000004,-0.0036,-0.657341460920156,0.005213446121594374,0.026597509365749807
0.0034,-0.0036,-0.6871424737767945,0.005428711856151055,0.02589129085194555
0.0034999999999999996,-0.0036,-0.7167688549541441,0.005609726621888373,0.025098568754333306
0.0036,-0.0036,-0.7464224900669252,0.005837071344684418,0.02427867685168878
0.0037,-0.0036,-0.7757266933940036,0.0060096828803822755,0.023388012551344487
0.0038,-0.0036,-0.8051146200048003,0.006204177292650073,0.022471136109766872
0.0039,-0.0036,-0.8340273045196548,0.006410441871538275,0.021518005218101377
0.004,-0.0036,-0.8620693943457259,0.006582408818658217,0.020519585117440967
0.0041,-0.0036,-0.889771578529536,0.00675346737506875,0.019483617927035686
0.0042,-0.0036,-0.9170542232706557,0.006917843242394427,0.018427782805263953
0.0043,-0.0036,-0.9434463559279169,0.00708279231219593,0.017335042296541477
0.0044,-0.0036,-0.9690758948938741,0.007256403822121684,0.016179650002308345
0.0045,-0.0036,-0.992336330943442,0.007377909180314446,0.015070733953792301
0.0046,-0.0036,-1.016566619098231,0.007498811782591908,0.013916178231271243
0.0047,-0.0036,-1.0369731654239038,0.007639580218710931,0.01277479188919837
0.0048,-0.0036,-1.0579027129438536,0.007762025162145535,0.01158963521915567
0.0049,-0.0036,-1.0780623323055913,0.007848369588021506,0.010442834370928092
0.005,-0.0036,-1.0950469874679782,0.007935551002420672,0.00923949595606255
0.0051,-0.0036,-1.1124150681926335,0.008021257028490361,0.008077578371847919
0.005200000000000001,-0.0036,-1.1275513711078151,0.00802331582996904,0.006894572448974446
0.0053,-0.0036,-1.1380970816365845,0.008119326703563632,0.005698200924380679
0.0054,-0.0036,-1.1506598421389043,0.008127983339883982,0.004538591415442788
0.0055,-0.0036,-1.1597490061156874,0.008095317385320655,0.0033839240926401173
0.0056,-0.0036,-1.1659649093376472,0.008104619313216913,0.0022508656245573667
0.005700000000000001,-0.0036,-1.1711952839080666,0.007949937850588418,0.0011507445219798207
0.0058,-0.0036,-1.1741378675587126,0.00825203567610463,3.420716609386261e-05
0.0059,-0.0036,-1.1738570473643948,0.00786119517704491,-0.0011107383091413705
0.006,-0.0036,-1.178541847563386,0.0076322653471967905,-0.0022659846750707475
0.0061,-0.0036,-1.1808864994505577,0.007621000886658046,-0.003383904008846347
0.0062,-0.0036,-1.1778047378842849,0.007281724204843833,-0.00454266578933048
0.0063,-0.0036,-1.1775081418880033,0.007133682900274545,-0.0056319776596600235
0.0064,-0.0036,-1.1736073160968665,0.006815351192118005,-0.006703743832489147
0.006499999999999999,-0.0036,-1.169174807169845,0.006525241875075527,-0.007811468884995704
0.006600000000000001,-0.0036,-1.1624951810493611,0.00604972984584111,-0.0089448026633055
0.0067,-0.0036,-1.154990497597364,0.005598390046922315,-0.010079491990826292
0.0068,-0.0036,-1.148309647408255,0.0052074298156417655,-0.011253847709834295
0.0069,-0.0036,-1.1392187639629583,0.004637986366966875,-0.012474839802353841
0.006999999999999999,-0.0036,-1.128886406663037,0.003949731212972417,-0.013654670744963588
0.007100000000000001,-0.0036,-1.1177813743287721,0.0033136633782672497,-0.015072796922958176
0.0072,-0.0036,-1.1078674336240595,0.002533196214644551,-0.01646009009100777
0.0073,-0.0036,-1.0934454561922424,0.001763218105192644,-0.017981552740626378
0.0074,-0.0036,-1.0800466392110277,0.0008451401527443171,-0.019587049190270697
0.0075,-0.0036,-1.0631475244844406,-0.00013321440293600391,-0.021428848558878694
0.0076,-0.0036,-1.0453379684943018,-0.0012358743512940543,-0.023387774691465663
0.0077,-0.0036,-1.024059328720437,-0.002311049904046938,-0.02554612072973004
0.0078,-0.0036,-1.0020373182032836,-0.0034823070064333266,-0.02789015413238365
0.0079,-0.0036,-0.9770003929626017,-0.004682565666298626,-0.030410670916611388
0.008,-0.0036,-0.9501310725400276,-0.005963433989544367,-0.03318162286878617
0.0081,-0.0036,-0.9184628871219721,-0.007165928945179926,-0.036024132719638405
0.0082,-0.0036,-0.8834931330964808,-0.008376390294177602,-0.039149258446336724
0.0083,-0.0036,-0.8459724603706971,-0.009497335578477432,-0.04223618555618245
0.0084,-0.0036,-0.8065062125705585,-0.010571673633080961,-0.045421754838217705
0.0085,-0.0036,-0.7558819762250895,-0.01141172641030672,-0.04851021835542578
0.0086,-0.0036,-0.7168246644905715,-0.012156788196670995,-0.05136019314735199
0.0087,-0.0036,-0.6858706176501009,-0.012395738169007832,-0.053610145076931695
0.0088,-0.0036,-0.6621864556405342,-0.012649871881480557,-0.05519460429801357
0.0089,-0.0036,-0.594493684773416,-0.012354494949549218,-0.05642509248673682
0.009,-0.0036,-0.535789015120337,-0.011577914739680374,-0.056743833637985575
0.0091,-0.0036,-0.5155184804128028,-0.011486530385422748,-0.056403619836848065
0.0092,-0.0036,-0.44174997816191486,-0.01054171715574104,-0.05565500918608776
0.0093,-0.0036,-0.4468460460286899,-0.00801295065107843,-0.05259793174488802
0.0094,-0.0036,-0.4382293175238215,-0.006485515362079659,-0.04775025645038692
0.0095,-0.0036,-0.42119355246937207,-0.006030590832944454,-0.042363515462171736
0.0096,-0.0036,-0.42264934211802246,-0.003866855347040402,-0.03523905564622339
0.0097,-0.0036,-0.4108250535583582,-0.0023447776357130457,-0.02705096795654585
0.0098,-0.0036,-0.41883699657035006,-0.0011828878571706087,-0.01847236985193797
0.0099,-0.0036,-0.4256015863628931,-0.00039762382122895826,-0.00948708368296613
0.01,-0.0036,-0.4240938841957529,0.0,0.0
0.0,-0.0034999999999999996,-0.21694430573740403,0.0,0.0
0.0001,-0.0034999999999999996,-0.21686984240974722,4.9345790372e-05,0.0033690682580369054
0.0002,-0.0034999999999999996,-0.21398448354341637,0.00017527442234778202,0.006536915981380645
0.0003,-0.0034999999999999996,-0.21184939530360897,0.00033935619094821803,0.009516400229157708
0.0004,-0.0034999999999999996,-0.21006760676150846,0.0004733502596628577,0.01216853895953845
0.0005,-0.0034999999999999996,-0.20919815976671854,0.0006959281076875005,0.014615131801771776
0.0006,-0.0034999999999999996,-0.21024280737575776,0.0009702451964064056,0.016852577415824185
0.0007,-0.0034999999999999996,-0.2110728680492033,0.001159670309292061,0.018997330165749407
0.0008,-0.0034999999999999996,-0.2128104058665785,0.0013698191416993554,0.020769794874805753
0.0009,-0.0034999999999999996,-0.21569009445320125,0.0016118408595896796,0.022341267979796506
0.001,-0.0034999999999999996,-0.22003885295627673,0.0018060839067424493,0.02366737860596016
0.0011,-0.0034999999999999996,-0.22534308612050588,0.002044236639030132,0.02491375850540805
0.0012,-0.0034999999999999996,-0.23183613363577768,0.0022182336173604835,0.026002321026763954
0.0013000000000000002,-0.0034999999999999996,-0.23986945492716805,0.002403718674819184,0.02690273398410363
0.0014,-0.0034999999999999996,-0.24933598000857116,0.0025833192924564034,0.027702018949815506
0.0015,-0.0034999999999999996,-0.2595263060507937,0.0027377948359009192,0.028355373644429218
0.0016,-0.0034999999999999996,-0.26915616036246404,0.0028780179588345453,0.028899504819545285
0.0017,-0.0034999999999999996,-0.2850692975152553,0.0030960944762154145,0.0293918095507773
0.0018,-0.0034999999999999996,-0.3000731882613834,0.0032421624231488105,0.029716135332008772
0.0019,-0.0034999999999999996,-0.3175564686918698,0.0034336424452461284,0.029978540596531267
0.002,-0.0034999999999999996,-0.33231587545029834,0.0035874417252575105,0.030201588108019196
0.0021,-0.0034999999999999996,-0.3490193424356665,0.0037447603862669557,0.03026468083285267
0.0022,-0.0034999999999999996,-0.35675389636124527,0.0039250247690239244,0.030342146288394448
0.0023,-0.0034999999999999996,-0.3745723811029658,0.004157263393761571,0.03051170591020479
0.0024,-0.0034999999999999996,-0.4103332599877803,0.0044015356644049675,0.03037026054936989
0.0025,-0.0034999999999999996,-0.4369503044749601,0.004562259192484211,0.030106776039133518
0.0026000000000000003,-0.0034999999999999996,-0.46012678606544105,0.004771021162836021,0.029854349140493404
0.0027,-0.0034999999999999996,-0.48479753738181414,0.00496995018014321,0.029516243883847743
0.0028,-0.0034999999999999996,-0.5108672278788207,0.0051829938747926275,0.029150782421242572
0.0029,-0.0034999999999999996,-0.5375568171459316,0.005399346756354348,0.028713460910680524
0.003,-0.0034999999999999996,-0.5653114078651124,0.005656605261635847,0.028241353281021828
0.0031,-0.0034999999999999996,-0.5935927221273333,0.005864396533304103,0.027671925547882795
0.0032,-0.0034999999999999996,-0.6221836606333254,0.006114464920946659,0.027064660892127165
0.0033000000000000004,-0.0034999999999999996,-0.6513672406509059,0.006352659998436632,0.02639317446873244
0.0034,-0.0034999999999999996,-0.6803662201640421,0.006564332396702161,0.02567946888482602
0.0034999999999999996,-0.0034999999999999996,-0.7101764884557505,0.006809656469292269,0.024896007302405182
0.0036,-0.0034999999999999996,-0.7394710160235295,0.0070080383737647885,0.024053480957646128
0.0037,-0.0034999999999999996,-0.7692043183948831,0.007244695755240317,0.023179982797295717
0.0038,-0.0034999999999999996,-0.7979169013128279,0.00747659388886105,0.022269982581502683
0.0039,-0.0034999999999999996,-0.8269571971659707,0.007679374985673015,0.021323891408041147
0.004,-0.0034999999999999996,-0.8546830870209475,0.007901248867636079,0.02032955230031401
0.0041,-0.0034999999999999996,-0.8826308342578846,0.008084060894389785,0.019289051746515688
0.0042,-0.0034999999999999996,-0.9092848864791955,0.008296791162555375,0.01823040238396988
0.0043,-0.0034999999999999996,-0.935140413370606,0.008455476439183955,0.017136139872039425
0.0044,-0.0034999999999999996,-0.9604041643173156,0.008627122625961254,0.01603042827773665
0.0045,-0.0034999999999999996,-0.9837895557908176,0.008798758406844359,0.014918538109583697
0.0046,-0.0034999999999999996,-1.0065646737544476,0.00892890946461402,0.013769681256201505
0.0047,-0.0034999999999999996,-1.0275246762765315,0.009099900578422101,0.012654984731653808
0.0048,-0.0034999999999999996,-1.0474721431722005,0.00921464100565559,0.011481612465524264
0.0049,-0.0034999999999999996,-1.0652983723436902,0.009353792818595802,0.01032554266714332
0.005,-0.0034999999999999996,-1.0827798302359826,0.00940477051128948,0.009167579179459344
0.0051,-0.0034999999999999996,-1.0992737772498649,0.009521902753208106,0.008006929597632547
0.005200000000000001,-0.0034999999999999996,-1.1138256104245399,0.009637068335027803,0.006861781455894925
0.0053,-0.0034999999999999996,-1.1250884106120933,0.009683368810846266,0.005680115351588202
0.0054,-0.0034999999999999996,-1.1369689258368385,0.009629445342340835,0.004528234287972245
0.0055,-0.0034999999999999996,-1.145794727144441,0.009611169193377664,0.0034065526187532684
0.0056,-0.0034999999999999996,-1.1522784211537298,0.009562481775626727,0.002279441160634631
0.005700000000000001,-0.0034999999999999996,-1.1568591483886113,0.009623787070788687,0.0011161408251597015
0.0058,-0.0034999999999999996,-1.1598965216063775,0.00952525565037629,-5.1541940472319556e-05
0.0059,-0.0034999999999999996,-1.1607144427204388,0.009329812448347073,-0.0011764434194983554
0.006,-0.0034999999999999996,-1.165233120064302,0.009202464738051431,-0.0022807279554975177
0.0061,-0.0034999999999999996,-1.1647304643512502,0.009230493229712288,-0.0033375471505462345
0.0062,-0.0034999999999999996,-1.1620198935323407,0.008922095107936956,-0.004289043645531152
0.0063,-0.0034999999999999996,-1.1599983880585532,0.008576097889215659,-0.005360818060831416
0.0064,-0.0034999999999999996,-1.152471614808481,0.008425742036611393,-0.00638884287439801
0.006499999999999999,-0.0034999999999999996,-1.148814772516841,0.007912392880208879,-0.007456439215798802
0.006600000000000001,-0.0034999999999999996,-1.1433393444057627,0.007614783951876674,-0.008493699744684568
0.0067,-0.0034999999999999996,-1.1359884381012606,0.007184899039117273,-0.009622788726286476
0.0068,-0.0034999999999999996,-1.1278741675928061,0.006649718979004203,-0.010722667768167009
0.0069,-0.0034999999999999996,-1.1192338149649814,0.006205366598707681,-0.011890586865924584
0.006999999999999999,-0.0034999999999999996,-1.110031601424779,0.0055112593825441605,-0.013070053343858391
0.007100000000000001,-0.0034999999999999996,-1.0959786577642088,0.004821086310389125,-0.014281355444849347
0.0072,-0.0034999999999999996,-1.0891237888287983,0.004095463287564698,-0.01564327338298725
0.0073,-0.0034999999999999996,-1.0740455394733013,0.003303316159219476,-0.017102225526739102
0.0074,-0.0034999999999999996,-1.063633558466972,0.0024075612890747076,-0.018661122001043858
0.0075,-0.0034999999999999996,-1.0477161547523424,0.0013950031002657654,-0.02041691700563313
0.0076,-0.0034999999999999996,-1.0313498114754682,0.0004146541503030642,-0.022318294637013757
0.0077,-0.0034999999999999996,-1.0145921618250213,-0.0006940825862471172,-0.024403015367419047
0.0078,-0.0034999999999999996,-0.9948051294880995,-0.0019011814611353305,-0.02669541378053418
0.0079,-0.0034999999999999996,-0.9688628601102899,-0.0030812579252821395,-0.029163434367279934
0.008,-0.0034999999999999996,-0.9426679360770918,-0.0043873408566182616,-0.03191350178061664
0.0081,-0.0034999999999999996,-0.9158333411748779,-0.005658291706968632,-0.034763003754671166
0.0082,-0.0034999999999999996,-0.8840899895075075,-0.00689734938287597,-0.037838998441795585
0.0083,-0.0034999999999999996,-0.8481227754794386,-0.008121919932005353,-0.041115354175162246
0.0084,-0.0034999999999999996,-0.8091790146180239,-0.009263747745667605,-0.04437103187961325
0.0085,-0.0034999999999999996,-0.7685915489685389,-0.01025395320300831,-0.04764040820275344
0.0086,-0.0034999999999999996,-0.73758305408585,-0.011023144629279594,-0.05083802907689231
0.0087,-0.0034999999999999996,-0.7144783303355835,-0.011671027885767323,-0.05371816117126125
0.0088,-0.0034999999999999996,-0.6592974321550882,-0.012041047963837434,-0.05632783995322859
0.0089,-0.0034999999999999996,-0.6539995912547294,-0.011775132123509417,-0.05809731284060367
0.009,-0.0034999999999999996,-0.6565773705826436,-0.011578527989427606,-0.0587849868963518
0.0091,-0.0034999999999999996,-0.5650735124776168,-0.011347811859145976,-0.05851368320094852
0.0092,-0.0034999999999999996,-0.4581479898282911,-0.009439135264087904,-0.05682037046421273
0.0093,-0.0034999999999999996,-0.41306818062674694,-0.008312116535455123,-0.054115908849939554
0.0094,-0.0034999999999999996,-0.4198130214790213,-0.0073999851854587686,-0.04914935248324355
0.0095,-0.0034999999999999996,-0.41198684344750536,-0.005684242101189535,-0.04390723167625876
0.0096,-0.0034999999999999996,-0.41041238280856995,-0.003773925119745581,-0.03692684336954847
0.0097,-0.0034999999999999996,-0.4127996415710736,-0.002463201795736693,-0.02847180621540886
0.0098,-0.0034999999999999996,-0.4184710707191576,-0.0012022734250614151,-0.01974861520651802
0.0099,-0.0034999999999999996,-0.42395156911485365,-0.00043131004975947287,-0.009938143146176828
0.01,-0.0034999999999999996,-0.4256790926389691,0.0,0.0
0.0,-0.0034,-0.2191936253127801,0.0,0.0
0.0001,-0.0034,-0.21923874705359947,5.842451818331984e-05,0.0033073198315150087
0.0002,-0.0034,-0.21848076853430776,0.00014255612285239043,0.00641342347845689
0.0003,-0.0034,-0.2150672244788341,0.0003308779248738697,0.00930962937441662
0.0004,-0.0034,-0.21339444734702134,0.0005006654428723865,0.011994201724106122
0.0005,-0.0034,-0.21276203012338976,0.0008200096888541547,0.01446630206257846
0.0006,-0.0034,-0.21171074529867678,0.0009996458365441293,0.016634834780022197
0.0007,-0.0034,-0.2132191863278465,0.0012908815086493893,0.018649721189171638
0.0008,-0.0034,-0.21468442635732443,0.0015367795039296418,0.0205278205425047
0.0009,-0.0034,-0.21745922400562417,0.0017234831022023241,0.022026342674494048
0.001,-0.0034,-0.22146809298061584,0.0020288802948171787,0.023482490176594834
0.0011,-0.0034,-0.22669904557720233,0.0022787950024008145,0.02476915761764525
0.0012,-0.0034,-0.23265449181821407,0.0024986374769242338,0.02585087741989063
0.0013000000000000002,-0.0034,-0.2399826795952589,0.002708711479128132,0.02672720274247561
0.0014,-0.0034,-0.2486065189269783,0.002905772525813131,0.02748941204042149
0.0015,-0.0034,-0.25722888875784117,0.0031556865235509,0.028156735079207486
0.0016,-0.0034,-0.27137925733706036,0.0033588761570685823,0.02873664495772221
0.0017,-0.0034,-0.28293684098068606,0.0035658473206264564,0.029166755576305256
0.0018,-0.0034,-0.29743093366437107,0.0037574346274002676,0.02953137270659367
0.0019,-0.0034,-0.3100265185448029,0.003979951763691616,0.02976962766098413
0.002,-0.0034,-0.32060501161096716,0.004194762139909619,0.029903278868795957
0.0021,-0.0034,-0.34479693144111984,0.00441215866855647,0.030081849747033103
0.0022,-0.0034,-0.3701689482885984,0.0047035610390357575,0.03020007519190034
0.0023,-0.0034,-0.409204882633196,0.004918269086036219,0.030084499481519283
0.0024,-0.0034,-0.42739497054354625,0.005060129249346542,0.029941049680217675
0.0025,-0.0034,-0.43408797526943677,0.005296912626797448,0.02980262962316914
0.0026000000000000003,-0.0034,-0.45401326662922864,0.0055858212776589275,0.029580897467684455
0.0027,-0.0034,-0.4782098075483818,0.005841038161272904,0.02927907880920302
0.0028,-0.0034,-0.5044864913246154,0.006102263628032217,0.02893091277606974
0.0029,-0.0034,-0.5312297342222677,0.00636430069244167,0.028501040030601887
0.003,-0.0034,-0.5582331391475853,0.006632652943678591,0.027973590754616324
0.0031,-0.0034,-0.5861954971287757,0.006904476295610779,0.027424470446025924
0.0032,-0.0034,-0.614464672858959,0.007175379355936925,0.026821239656142876
0.0033000000000000004,-0.0034,-0.6434233432005154,0.007408226349587025,0.026142544142710264
0.0034,-0.0034,-0.6727085163128854,0.007697531978351656,0.025417607629956148
0.0034999999999999996,-0.0034,-0.7018885966677899,0.007939313189967085,0.024645213647733224
0.0036,-0.0034,-0.730921734769624,0.008197525882837878,0.02382399697667898
0.0037,-0.0034,-0.7603820690617992,0.008467327920894321,0.022957125587345528
0.0038,-0.0034,-0.7889991661482053,0.008691888411713594,0.02204059440190878
0.0039,-0.0034,-0.8173639123290778,0.008930704499947727,0.021080191452078383
0.004,-0.0034,-0.8450960301885666,0.009163497331075696,0.020103758834719765
0.0041,-0.0034,-0.8724751750590223,0.009399544730600388,0.019082064552948065
0.0042,-0.0034,-0.8989654927865535,0.009610339188285445,0.01804883227363433
0.0043,-0.0034,-0.9243768054385196,0.009812605126957674,0.016974656214512968
0.0044,-0.0034,-0.9494302604369681,0.009977317292398747,0.015877084769013904
0.0045,-0.0034,-0.9730106488194756,0.010170239148174599,0.0147638869008634
0.0046,-0.0034,-0.9952375732626959,0.010303741032541192,0.01363757685925774
0.0047,-0.0034,-1.0162108764856697,0.010489808969619258,0.012490332651068506
0.0048,-0.0034,-1.0358299506189692,0.010648934120383606,0.011353630370116486
0.0049,-0.0034,-1.053479652981818,0.010754572871534293,0.010217197011845792
0.005,-0.0034,-1.0699542676805172,0.01086381211855662,0.009059180016887543
0.0051,-0.0034,-1.0863616681007535,0.010938494185813297,0.007937723978299343
0.005200000000000001,-0.0034,-1.0997036345771076,0.011047824462418143,0.006783174904677317
0.0053,-0.0034,-1.1118459637287508,0.011020757594666012,0.00564962571156591
0.0054,-0.0034,-1.121138677425372,0.011107014268787366,0.004505126781680361
0.0055,-0.0034,-1.1292423016774535,0.011099789472322631,0.003412964053717063
0.0056,-0.0034,-1.1363364242316094,0.011076086024369812,0.002285250997994965
0.005700000000000001,-0.0034,-1.1413486362373508,0.011046138115630003,0.0011874019949999833
0.0058,-0.0034,-1.145601545837328,0.01107387665325412,9.628596313107987e-05
0.0059,-0.0034,-1.1476783624881166,0.0108655550361076,-0.0009170617869835859
0.006,-0.0034,-1.1519504484860412,0.010586270299590273,-0.002018175922665522
0.0061,-0.0034,-1.149811998672524,0.010677665832781832,-0.003029073982388081
0.0062,-0.0034,-1.143989614431204,0.01030525471458517,-0.004031451108196589
0.0063,-0.0034,-1.1384891934843009,0.010136355275622287,-0.005050442180087281
0.0064,-0.0034,-1.132177458193824,0.009693207507845495,-0.0060609237117298384
0.006499999999999999,-0.0034,-1.1273040923472841,0.00942419717876758,-0.00708322704613627
0.006600000000000001,-0.0034,-1.1206811439435447,0.009053255907188857,-0.008120338274834158
0.0067,-0.0034,-1.1151642443045844,0.008689735461928359,-0.009121206719236203
0.0068,-0.0034,-1.1053760862143365,0.008162832092135952,-0.010208785958840207
0.0069,-0.0034,-1.09732881322338,0.007607496508319655,-0.011254974340220415
0.006999999999999999,-0.0034,-1.0854102432662323,0.007005369456042603,-0.012445051268003875
0.007100000000000001,-0.0034,-1.076260328252772,0.006358131385043097,-0.013621268794334368
0.0072,-0.0034,-1.068292798142304,0.005523769607252215,-0.014947096272336691
0.0073,-0.0034,-1.053633969654706,0.004812424193818627,-0.016249861001126232
0.0074,-0.0034,-1.0454833835410697,0.0038783717594913004,-0.01776955110304453
0.0075,-0.0034,-1.0299901783988543,0.002940630896506468,-0.019439494426095178
0.0076,-0.0034,-1.0153224693730176,0.0019110282246765028,-0.02124782707251495
0.0077,-0.0034,-0.9983089379531772,0.0008191056645678471,-0.023257077946511145
0.0078,-0.0034,-0.9800114959436242,-0.00030703901901159015,-0.0254819170969441
0.0079,-0.0034,-0.9599831602277067,-0.0015608563224241388,-0.02793482932880967
0.008,-0.0034,-0.935142607727902,-0.0028194603617777473,-0.03060705968674936
0.0081,-0.0034,-0.9071403089889317,-0.004161739357132591,-0.03350390654033919
0.0082,-0.0034,-0.8802756852292674,-0.005473333758443397,-0.036603413049833354
0.0083,-0.0034,-0.8468587014173414,-0.006765716083895841,-0.03989480958975491
0.0084,-0.0034,-0.8109191063045341,-0.007987335424721258,-0.04329652013575991
0.0085,-0.0034,-0.7739729871198033,-0.009121848641993923,-0.04661706063103726
0.0086,-0.0034,-0.728539915487953,-0.010023936488626576,-0.0500434247035628
0.0087,-0.0034,-0.681664264281179,-0.010970921828605654,-0.05304264991471384
0.0088,-0.0034,-0.5906181072917565,-0.011383665351682533,-0.055854124222261894
0.0089,-0.0034,-0.5410542230701763,-0.011808816489144692,-0.05774471454910912
0.009,-0.0034,-0.4420267678657594,-0.011613797164601933,-0.05948390660843842
0.0091,-0.0034,-0.391750391459826,-0.010744497315308299,-0.060153447641581384
0.0092,-0.0034,-0.5649426639492159,-0.00933846340385444,-0.05761135831300566
0.0093,-0.0034,-0.4806503293847374,-0.008546505178680414,-0.05535708036836924
0.0094,-0.0034,-0.42719607511063085,-0.006987065460840125,-0.051140948196625215
0.0095,-0.0034,-0.42419796229949774,-0.00600537374573224,-0.046125969575446624
0.0096,-0.0034,-0.41890602168046565,-0.0038428924599299974,-0.03877465713981635
0.0097,-0.0034,-0.4153710944689886,-0.0023084804867730007,-0.03006013055540151
0.0098,-0.0034,-0.4171726564045473,-0.0012320216448338554,-0.02048048948131564
0.0099,-0.0034,-0.42211551133415515,-0.0004199626836736495,-0.010444318499984786
0.01,-0.0034,-0.42436678717884574,0.0,0.0
0.0,-0.0033000000000000004,-0.21965339372943202,0.0,0.0
0.0001,-0.0033000000000000004,-0.2232023043215001,2.2053907088115043e-05,0.003208214888485841
0.0002,-0.0033000000000000004,-0.2201151711425126,0.00019157320446183332,0.0063185213041898405
0.0003,-0.0033000000000000004,-0.21765117392102795,0.0003027348061604051,0.009112559041285022
0.0004,-0.0033000000000000004,-0.2159119591769573,0.0005876065195334649,0.011731970074346634
0.0005,-0.0033000000000000004,-0.21445306766856975,0.0008946473069150522,0.014155814251126567
0.0006,-0.0033000000000000004,-0.21400834504241426,0.0010457677370781756,0.016377525540217798
0.0007,-0.0033000000000000004,-0.21455045957297178,0.0013854798387532075,0.018475491748167552
0.0008,-0.0033000000000000004,-0.21531125221043643,0.0016233627988959305,0.02017368816413463
0.0009,-0.0033000000000000004,-0.21856250552626877,0.0019384423403421517,0.021796325429911906
0.001,-0.0033000000000000004,-0.22188244487224135,0.0021896987190998508,0.02322032357271471
0.0011,-0.0033000000000000004,-0.2271281230479987,0.0024582954809160536,0.024522247705462366
0.0012,-0.0033000000000000004,-0.23223288639486417,0.0027461829382620577,0.02552079265951117
0.0013000000000000002,-0.0033000000000000004,-0.23951652069090354,0.0030171660514584295,0.026487276297054753
0.0014,-0.0033000000000000004,-0.24860930847796864,0.003206728763873847,0.027285651512259493
0.0015,-0.0033000000000000004,-0.256414040835694,0.0034798043325022818,0.02794805248635303
0.0016,-0.0033000000000000004,-0.26749507677374884,0.0037474565537747163,0.028556212865918352
0.0017,-0.0033000000000000004,-0.2801733668679251,0.004028156733576318,0.028938945010992263
0.0018,-0.0033000000000000004,-0.29342052140804054,0.004270427643399831,0.029323727779187236
0.0019,-0.0033000000000000004,-0.30748523306769804,0.004502297758971453,0.029618152379638742
0.002,-0.0033000000000000004,-0.32295155835601486,0.004788173320482945,0.029741952409609397
0.0021,-0.0033000000000000004,-0.3437586428233889,0.0050513949659097895,0.029931270002907823
0.0022,-0.0033000000000000004,-0.3616500379341615,0.005285677733263959,0.029892556317930974
0.0023,-0.0033000000000000004,-0.36978453870657346,0.005558652424137115,0.029777446299347143
0.0024,-0.0033000000000000004,-0.39179768029944306,0.005841488607508133,0.0296275741442152
0.0025,-0.0033000000000000004,-0.42331664843487943,0.006135864935648154,0.02950513906402108
0.0026000000000000003,-0.0033000000000000004,-0.4476195120782411,0.006401815657519372,0.02931355480654225
0.0027,-0.0033000000000000004,-0.471484900694884,0.006692340922479487,0.02900506868882693
0.0028,-0.0033000000000000004,-0.4970138213687467,0.006979901722042069,0.028638639810435542
0.0029,-0.0033000000000000004,-0.5227489382282523,0.007287488954613452,0.02819679652208139
0.003,-0.0033000000000000004,-0.549766737882737,0.007587368608620489,0.027695006215753538
0.0031,-0.0033000000000000004,-0.5774219936756387,0.007878991115709128,0.02711907833855914
0.0032,-0.0033000000000000004,-0.6055030198635791,0.008176801909257679,0.02654088978558279
0.0033000000000000004,-0.0033000000000000004,-0.6340425352524225,0.008479826531228354,0.02585892860460184
0.0034,-0.0033000000000000004,-0.6627192974329885,0.008760822192604387,0.025133681894966026
0.0034999999999999996,-0.0033000000000000004,-0.6916147282412972,0.009082303047326261,0.024377093655728904
0.0036,-0.0033000000000000004,-0.7206940652766379,0.009356813070805242,0.023553199808831256
0.0037,-0.0033000000000000004,-0.7495369675254981,0.009619424698145473,0.022687600843068235
0.0038,-0.0033000000000000004,-0.7780695149011554,0.009912444251806499,0.021795231218078248
0.0039,-0.0033000000000000004,-0.8059241173303332,0.0101750044466451,0.020841626099211048
0.004,-0.0033000000000000004,-0.8337124656702797,0.01042217654914463,0.019854012918741185
0.0041,-0.0033000000000000004,-0.8611348677643462,0.010653093604500025,0.018853478482451135
0.0042,-0.0033000000000000004,-0.8872050627833914,0.010905254304549914,0.01782347498237191
0.0043,-0.0033000000000000004,-0.9125502065678963,0.011100971976191979,0.016753676045352574
0.0044,-0.0033000000000000004,-0.9365838240318752,0.01131522184702542,0.01568218252924838
0.0045,-0.0033000000000000004,-0.9601414696065278,0.011510327301745754,0.01459903226824556
0.0046,-0.0033000000000000004,-0.9811895492220503,0.011672973622844751,0.013461300703482483
0.0047,-0.0033000000000000004,-1.0036179616169858,0.011862549848484803,0.012350606343817537
0.0048,-0.0033000000000000004,-1.0217506600760287,0.012010824072856462,0.01123801059406173
0.0049,-0.0033000000000000004,-1.0404784627564299,0.01215031644704818,0.01009092771633295
0.005,-0.0033000000000000004,-1.0560107408934205,0.012200465247877264,0.008972979577311876
0.0051,-0.0033000000000000004,-1.0709536878865913,0.012315685950889943,0.007854177361730353
0.005200000000000001,-0.0033000000000000004,-1.0840868289196477,0.012387306205305898,0.006713154791553247
0.0053,-0.0033000000000000004,-1.0945112446508176,0.012478013646555184,0.005602628515510362
0.0054,-0.0033000000000000004,-1.1035850723969771,0.012549922033522252,0.004474863387316734
0.0055,-0.0033000000000000004,-1.1113576712438005,0.012508992539078926,0.0033945436367845607
0.0056,-0.0033000000000000004,-1.1169540892889473,0.01250565785144035,0.002295078198605998
0.005700000000000001,-0.0033000000000000004,-1.1213427322152487,0.012458468116648544,0.0012569373050228783
0.0058,-0.0033000000000000004,-1.124098851718525,0.01236391240460466,0.00018307339449300173
0.0059,-0.0033000000000000004,-1.125506053328497,0.012235045884353923,-0.0007710879609984498
0.006,-0.0033000000000000004,-1.1274305999615304,0.012131443043680782,-0.0017238637381677907
0.0061,-0.0033000000000000004,-1.1242112458999227,0.011919978286628882,-0.0027246451263380853
0.0062,-0.0033000000000000004,-1.118965484687603,0.011706299073331428,-0.0037968341003472416
0.0063,-0.0033000000000000004,-1.1149445275411678,0.011380416880628658,-0.004801043315470346
0.0064,-0.0033000000000000004,-1.1088807702609331,0.01108765901110276,-0.005750923316790162
0.006499999999999999,-0.0033000000000000004,-1.1040883603804026,0.010794415005206637,-0.006722000525859602
0.006600000000000001,-0.0033000000000000004,-1.0962690906240256,0.010393712346141719,-0.007705114715684493
0.0067,-0.0033000000000000004,-1.0888713343560887,0.009959130059175342,-0.008697219611274959
0.0068,-0.0033000000000000004,-1.081408849448176,0.009478142548261216,-0.009686898901532673
0.0069,-0.0033000000000000004,-1.075736745694198,0.008988303375070372,-0.010723257732807015
0.006999999999999999,-0.0033000000000000004,-1.0625446206762608,0.008369903313631334,-0.011795410662072814
0.007100000000000001,-0.0033000000000000004,-1.0539788747695338,0.007617086289537696,-0.01292987426379291
0.0072,-0.0033000000000000004,-1.0415620291764633,0.006919192061042584,-0.014138100173602203
0.0073,-0.0033000000000000004,-1.0331811146533634,0.006209995554887567,-0.015446091744280677
0.0074,-0.0033000000000000004,-1.0204652704918789,0.005304364195006565,-0.016849399118278777
0.0075,-0.0033000000000000004,-1.010960054513054,0.004378682630791908,-0.018459298891610066
0.0076,-0.0033000000000000004,-0.9965156218600546,0.0034290221631632432,-0.020174236502840722
0.0077,-0.0033000000000000004,-0.9799364419313972,0.0023241354248579545,-0.022118553368464043
0.0078,-0.0033000000000000004,-0.9647173348676098,0.0011478777902677445,-0.02425972750903308
0.0079,-0.0033000000000000004,-0.9441283083019936,-7.596972611978518e-05,-0.026654945863734167
0.008,-0.0033000000000000004,-0.9220995724516322,-0.0013754787034092018,-0.029296831043223604
0.0081,-0.0033000000000000004,-0.899096446421686,-0.0027567902510176345,-0.03215524878533533
0.0082,-0.0033000000000000004,-0.870501820518506,-0.004040923753697198,-0.03524773626654476
0.0083,-0.0033000000000000004,-0.8404643665089772,-0.005434935872489045,-0.03857155200325179
0.0084,-0.0033000000000000004,-0.8063766287053598,-0.006706897079145485,-0.042011387552120846
0.0085,-0.0033000000000000004,-0.7718819363633741,-0.007940527947383825,-0.04553991909747179
0.0086,-0.0033000000000000004,-0.7229850913564025,-0.008965643587130099,-0.04900716703542362
0.0087,-0.0033000000000000004,-0.688935886657584,-0.009871842983986485,-0.05217116620756305
0.0088,-0.0033000000000000004,-0.6693720652044646,-0.01014676218877073,-0.054823780881347976
0.0089,-0.0033000000000000004,-0.6662516117682767,-0.010397170718907695,-0.05734970885750421
0.009,-0.0033000000000000004,-0.6890493730420234,-0.01081923186604299,-0.057888725108417804
0.0091,-0.0033000000000000004,-0.49628451056788325,-0.010746853480092303,-0.05884890641251981
0.0092,-0.0033000000000000004,-0.4037078107033123,-0.010974090638950107,-0.06001844245189228
0.0093,-0.0033000000000000004,-0.4414417964470518,-0.008646739951355596,-0.05670676877130859
0.0094,-0.0033000000000000004,-0.4166729067550487,-0.006402267417217712,-0.053914303699727655
0.0095,-0.0033000000000000004,-0.46737825933359195,-0.00465186223514115,-0.04695118429345995
0.0096,-0.0033000000000000004,-0.41909910139765816,-0.0031737105149945107,-0.04000337467453141
0.0097,-0.0033000000000000004,-0.42034241146575235,-0.002397110178731849,-0.03147388704868152
0.0098,-0.0033000000000000004,-0.41115195005863914,-0.001196384507703806,-0.021494617747019815
0.0099,-0.0033000000000000004,-0.4197033958428984,-0.0004276730827629609,-0.011022072316301085
0.01,-0.0033000000000000004,-0.4190828857702012,0.0,0.0
0.0,-0.0032,-0.22716935826530296,0.0,0.0
0.0001,-0.0032,-0.2242875720794793,0.00011576147310006764,0.0030946539406465808
0.0002,-0.0032,-0.22305402751975348,0.00013656874012852539,0.0060988806744941915
0.0003,-0.0032,-0.21993167248964796,0.00039222734404330907,0.008902531554429119
0.0004,-0.0032,-0.2182499080924225,0.0006363220801695203,0.011511856599334387
0.0005,-0.0032,-0.21460066650968093,0.0008540227805099003,0.01393828148107394
0.0006,-0.0032,-0.21559719083858864,0.0011739561867879422,0.01609781851284496
0.0007,-0.0032,-0.21649138901267567,0.0014270108253521298,0.01809304499185145
0.0008,-0.0032,-0.21567693894634626,0.0017494704052886364,0.019926727579214997
0.0009,-0.0032,-0.21799552202733985,0.0020576814787047933,0.021575752143742334
0.001,-0.0032,-0.2216042876049512,0.002357608257917862,0.022942515797337165
0.0011,-0.0032,-0.22627612353828197,0.0027011994820744494,0.02422047680075053
0.0012,-0.0032,-0.23152063785320584,0.002948118473572458,0.02527991780944655
0.0013000000000000002,-0.0032,-0.23809839383583462,0.0032842806985528025,0.026203063842835685
0.0014,-0.0032,-0.24609070826640703,0.003564070683122856,0.026995749994321867
0.0015,-0.0032,-0.25629467846514803,0.0038640579029655454,0.027665048590628644
0.0016,-0.0032,-0.2642299273863317,0.004118403813157902,0.028225664899036093
0.0017,-0.0032,-0.27756513381908365,0.004426977263126805,0.02865031955155093
0.0018,-0.0032,-0.2898397831417389,0.004711875173768519,0.02900118483454714
0.0019,-0.0032,-0.30341707722960287,0.005014081406428077,0.029300194007039627
0.002,-0.0032,-0.3226323486435049,0.0052983409888242156,0.029489342881796828
0.0021,-0.0032,-0.34062939269476983,0.0056228075405513585,0.029511939541459944
0.0022,-0.0032,-0.35565221012565745,0.005916766280874307,0.02954935751523309
0.0023,-0.0032,-0.3730900274040783,0.0062122350771722165,0.029605068753894022
0.0024,-0.0032,-0.3938502554198738,0.006560429157037047,0.0294923701505765
0.0025,-0.0032,-0.41536031648884075,0.006855643974247425,0.029279294252195734
0.0026000000000000003,-0.0032,-0.43902607267454885,0.007184525734304073,0.02900599349319611
0.0027,-0.0032,-0.462895619019725,0.007518673189467676,0.028717485735002293
0.0028,-0.0032,-0.48758407394454023,0.007845717659721729,0.028341856397434275
0.0029,-0.0032,-0.5133113336916186,0.008177392411142851,0.02788041026106519
0.003,-0.0032,-0.5396760632217461,0.008513973385268117,0.027381923600800297
0.0031,-0.0032,-0.5670057782176824,0.008835076419619371,0.026838866342067575
0.0032,-0.0032,-0.5945885078253917,0.00916580892806726,0.026223840851427194
0.0033000000000000004,-0.0032,-0.6229438481245857,0.009546036354458208,0.025554558257507316
0.0034,-0.0032,-0.6514712120872496,0.009868208175422298,0.024836807065989844
0.0034999999999999996,-0.0032,-0.6798936925937163,0.01014520647479046,0.024055976195352047
0.0036,-0.0032,-0.7085854746827294,0.010467080055790433,0.02326830489606442
0.0037,-0.0032,-0.7372448318867135,0.010749615278891168,0.02240721182390871
0.0038,-0.0032,-0.7656199144374358,0.011066255892547032,0.02150493885294378
0.0039,-0.0032,-0.7936847002165056,0.011357578622248713,0.020576878876685228
0.004,-0.0032,-0.8210969105270277,0.011619565961205273,0.01960544831675722
0.0041,-0.0032,-0.8480273050150617,0.01189390713257596,0.01860684402768561
0.0042,-0.0032,-0.8733784718310851,0.012137956722595105,0.017588022174649647
0.0043,-0.0032,-0.8986601384451303,0.01237861820057827,0.01653201924865145
0.0044,-0.0032,-0.923123786255556,0.012604084840537932,0.015482161255540167
0.0045,-0.0032,-0.9455374978568097,0.012792640509293364,0.01439114629738289
0.0046,-0.0032,-0.9671281986790207,0.012981781310394869,0.013297762090930948
0.0047,-0.0032,-0.9875546688835624,0.013164022067103444,0.012204511313585117
0.0048,-0.0032,-1.0071296050982281,0.013330961505351636,0.01109032823981345
0.0049,-0.0032,-1.0230673689849719,0.01341771796305811,0.009971770720660383
0.005,-0.0032,-1.0393762692600221,0.01358681624235298,0.008854570158244765
0.0051,-0.0032,-1.05355003342672,0.013647379504455815,0.007749153141010598
0.005200000000000001,-0.0032,-1.0659731139368775,0.01371984820550491,0.0066400522515764815
0.0053,-0.0032,-1.0759610985431982,0.013816410786016642,0.005567584627742601
0.0054,-0.0032,-1.0852732316872542,0.013799816013671666,0.004480449898645957
0.0055,-0.0032,-1.0928752734128315,0.013885144975368564,0.003403078100479895
0.0056,-0.0032,-1.0978171141314326,0.013742777544793383,0.0023491324844200864
0.005700000000000001,-0.0032,-1.100698631261354,0.013687987902148424,0.0013418448025880009
0.0058,-0.0032,-1.103017672153537,0.013708826310560782,0.0003254955226245929
0.0059,-0.0032,-1.1028840172355912,0.013457657366847151,-0.0006704923134049922
0.006,-0.0032,-1.1016740034557813,0.013436967653208407,-0.0017217144999672107
0.0061,-0.0032,-1.0988251227720565,0.013153847336598369,-0.002642847929043988
0.0062,-0.0032,-1.0940212841873564,0.012823547331342017,-0.0035830560036027334
0.0063,-0.0032,-1.0902475109415577,0.012791508569421345,-0.004516555362038562
0.0064,-0.0032,-1.0858814118187041,0.01231850826529894,-0.005452117309947083
0.006499999999999999,-0.0032,-1.079975608005106,0.012110830745021154,-0.006366182127818334
0.006600000000000001,-0.0032,-1.0710588775998078,0.011593098432998519,-0.007294926879984395
0.0067,-0.0032,-1.0622013758871016,0.011290472759602675,-0.008234811447783581
0.0068,-0.0032,-1.0566418289842847,0.010739175392809653,-0.009196301022982502
0.0069,-0.0032,-1.0467484581994337,0.010160338750093506,-0.010162047960650684
0.006999999999999999,-0.0032,-1.0384510121368347,0.009680471035604222,-0.011175223414607256
0.007100000000000001,-0.0032,-1.0280960020711025,0.008998255243283813,-0.012250914132629971
0.0072,-0.0032,-1.0173647940911505,0.008268559406860712,-0.013380562257624108
0.0073,-0.0032,-1.0074482772063704,0.007507066992744518,-0.014601894914270781
0.0074,-0.0032,-0.9981645482749905,0.006640809241503912,-0.015977318672390262
0.0075,-0.0032,-0.9849202974966603,0.00578949744978725,-0.017513909492495993
0.0076,-0.0032,-0.971017408548645,0.004771859686362108,-0.019150878496024783
0.0077,-0.0032,-0.9592589791914469,0.003671227205069659,-0.020978254678788767
0.0078,-0.0032,-0.9422767238889359,0.0025455180815371885,-0.023078060876912273
0.0079,-0.0032,-0.926067701250027,0.0013062256524156409,-0.025387373096460775
0.008,-0.0032,-0.9067030660609772,5.2377681778100626e-05,-0.02797241845104691
0.0081,-0.0032,-0.8857517858000903,-0.0012649109170692662,-0.03078982023892356
0.0082,-0.0032,-0.8616446860636855,-0.002710648617080806,-0.033857451082093516
0.0083,-0.0032,-0.8308669417670356,-0.00407703858355831,-0.037215077312710745
0.0084,-0.0032,-0.799116357574654,-0.005463862356329355,-0.04069315418797055
0.0085,-0.0032,-0.764134494759605,-0.0067376153852636905,-0.04434552337667183
0.0086,-0.0032,-0.7265579754041571,-0.007915842397449087,-0.048080157332339835
0.0087,-0.0032,-0.687688913589606,-0.008820248456363276,-0.05162331760022625
0.0088,-0.0032,-0.6603937386304891,-0.009562069296764182,-0.054802326789987116
0.0089,-0.0032,-0.5736269033867787,-0.009855302063536438,-0.0582159074427585
0.009,-0.0032,-0.5831402137595237,-0.01000251732082025,-0.0599683365827135
0.0091,-0.0032,-0.6188996304236792,-0.009691284109572451,-0.059838725046837474
0.0092,-0.0032,-0.49649729046606966,-0.009755395838173121,-0.059630170541983746
0.0093,-0.0032,-0.4523690228623345,-0.008893744161212974,-0.05713403377269493
0.0094,-0.0032,-0.45282370320288745,-0.006725799473108341,-0.05394723354038018
0.0095,-0.0032,-0.40401768491186874,-0.005603832783658038,-0.04927786936756294
0.0096,-0.0032,-0.38925151977871386,-0.00374617691666786,-0.040965105923165754
0.0097,-0.0032,-0.3937890521301344,-0.0025259272656892604,-0.032762490204667254
0.0098,-0.0032,-0.40968550586091834,-0.0012158492465121223,-0.022614878843331233
0.0099,-0.0032,-0.41118344185850814,-0.0003977031064341488,-0.011574517737765178
0.01,-0.0032,-0.41118164458651996,0.0,0.0
0.0,-0.0031,-0.22617581354971433,0.0,0.0
0.0001,-0.0031,-0.22893916191172806,4.4369705548957374e-05,0.003056615926768658
0.0002,-0.0031,-0.2236608563241284,0.00014483689678644946,0.0059505004357987105
0.0003,-0.0031,-0.2207510261748808,0.0003779451276233653,0.00868620990384346
0.0004,-0.0031,-0.21900479698105735,0.0006529039519574178,0.011248635616549416
0.0005,-0.0031,-0.21631439180618192,0.0008393566211535336,0.013637352754849535
0.0006,-0.0031,-0.21741175704195148,0.0011662540212395382,0.01583514450489863
0.0007,-0.0031,-0.21737131722829936,0.0015193166408603246,0.01785009832226746
0.0008,-0.0031,-0.21691258537568778,0.001861603225861119,0.019592719385119917
0.0009,-0.0031,-0.21819283273952988,0.0021689149367122708,0.021196264802730222
0.001,-0.0031,-0.2207409387916848,0.002481817042180697,0.02257818051018301
0.0011,-0.0031,-0.22440222078152783,0.002841570568604998,0.023881668016504265
0.0012,-0.0031,-0.2293360599716324,0.0032028236848574707,0.02494381115453852
0.0013000000000000002,-0.0031,-0.23595912619418363,0.003520907437011959,0.025889479035078957
0.0014,-0.0031,-0.2430330614643663,0.0038371303250815956,0.026706247405636374
0.0015,-0.0031,-0.2511702411181983,0.0041759535669968605,0.027377233439536727
0.0016,-0.0031,-0.2605447754771287,0.004495117355119333,0.027927586247757177
0.0017,-0.0031,-0.26978188891621413,0.004839273579541805,0.028415234953817453
0.0018,-0.0031,-0.28366820811682564,0.005183661402824386,0.028739973531039405
0.0019,-0.0031,-0.29838278910913657,0.005504912432736666,0.028994520498191914
0.002,-0.0031,-0.31350340506338953,0.0058171647934597455,0.029121426247149276
0.0021,-0.0031,-0.328022333883964,0.006165556436355642,0.0292069039334467
0.0022,-0.0031,-0.34443365258682695,0.0065167817473250345,0.02923487515739473
0.0023,-0.0031,-0.364629276546701,0.006858310962774401,0.02923351871612346
0.0024,-0.0031,-0.3851723107165316,0.007217703605929874,0.029085277444425402
0.0025,-0.0031,-0.40581087312324604,0.007585632060378227,0.028942291974792297
0.0026000000000000003,-0.0031,-0.4284475020679863,0.007945854527993757,0.028660593594507833
0.0027,-0.0031,-0.45233066746575756,0.008308756845016982,0.028328395080455093
0.0028,-0.0031,-0.47687870458326365,0.008672596513210363,0.027973776928106542
0.0029,-0.0031,-0.5018497137617735,0.009048246315259195,0.027525640457452195
0.003,-0.0031,-0.5281630726501525,0.009410340326801731,0.027043505256870527
0.0031,-0.0031,-0.5551251391154624,0.009771512659219534,0.026464576044068978
0.0032,-0.0031,-0.5826594117699238,0.010166315095351075,0.025880132115835328
0.0033000000000000004,-0.0031,-0.610230840921356,0.010513248591684829,0.025209219235279624
0.0034,-0.0031,-0.63858906636401,0.010866775418325869,0.024499765739870446
0.0034999999999999996,-0.0031,-0.6667323320319022,0.011200103110335629,0.023724584223846462
0.0036,-0.0031,-0.6951722829336967,0.01153890867486842,0.022935054843748883
0.0037,-0.0031,-0.7234992310206033,0.011860282952158938,0.022091137723653863
0.0038,-0.0031,-0.7519719722978289,0.012216015909204792,0.021193583562967612
0.0039,-0.0031,-0.779311590546053,0.012506294076351555,0.02028675496538072
0.004,-0.0031,-0.8064837776416002,0.012800625542940425,0.01932999162148895
0.0041,-0.0031,-0.832960354722775,0.013083596418448907,0.01834256904343412
0.0042,-0.0031,-0.8588788915113504,0.01334616723712308,0.017334338079605556
0.0043,-0.0031,-0.8835785892853261,0.013618283483905659,0.016299781200985602
0.0044,-0.0031,-0.9073487244544084,0.013823604180491887,0.015264961934517707
0.0045,-0.0031,-0.9294147739852135,0.01405879583827576,0.014191332391526541
0.0046,-0.0031,-0.9517940279993087,0.014236570136803751,0.013105720870835386
0.0047,-0.0031,-0.9707858490206286,0.014387863503761679,0.012023750955847227
0.0048,-0.0031,-0.9905540643763956,0.01459999612508341,0.01093218410157102
0.0049,-0.0031,-1.0068123521718237,0.01474474907721437,0.00984993102069045
0.005,-0.0031,-1.0222821605351504,0.01487344133775323,0.008763529460493566
0.0051,-0.0031,-1.0352228283917575,0.014960280109431727,0.007663071869719074
0.005200000000000001,-0.0031,-1.047489698980043,0.015011989934456042,0.00660341486731128
0.0053,-0.0031,-1.0569719458782816,0.014994666187971586,0.005526673539851929
0.0054,-0.0031,-1.0661642348543479,0.01508342561723585,0.004465226208643646
0.0055,-0.0031,-1.0719726150925581,0.015017510322350255,0.0034312397211621625
0.0056,-0.0031,-1.0766653887459448,0.015049039853891536,0.0024324985551217723
0.005700000000000001,-0.0031,-1.079625316775912,0.01493243110138845,0.0014060514261888023
0.0058,-0.0031,-1.0804472457356573,0.014828914373710318,0.0004262146259518349
0.0059,-0.0031,-1.0818303427136058,0.01468203547323169,-0.0005421074061244254
0.006,-0.0031,-1.079614675575541,0.014565445454016996,-0.0015262530577214322
0.0061,-0.0031,-1.0765679835201762,0.014312724877588707,-0.0024229815862917433
0.0062,-0.0031,-1.0720527167846208,0.014198643973446957,-0.0033495984492282437
0.0063,-0.0031,-1.0665090469069685,0.013926427861888191,-0.004207481458789079
0.0064,-0.0031,-1.0595727417659107,0.01353330047314577,-0.005109802307965815
0.006499999999999999,-0.0031,-1.0550324615218354,0.01320980807334949,-0.005999961625208001
0.006600000000000001,-0.0031,-1.0460297647800332,0.01277256952146596,-0.006886939010621537
0.0067,-0.0031,-1.0362968230985765,0.012385199822212204,-0.007773637343100135
0.0068,-0.0031,-1.029996134066853,0.012025210773306993,-0.008665009647979482
0.0069,-0.0031,-1.0219627815987127,0.01140590691591146,-0.009576382919303218
0.006999999999999999,-0.0031,-1.0110130372528736,0.010732781863228706,-0.010578845433321486
0.007100000000000001,-0.0031,-1.0008659297696312,0.010185106408049174,-0.011594909130215
0.0072,-0.0031,-0.9910859507976539,0.009503922645120767,-0.012680477882218958
0.0073,-0.0031,-0.9839486549923732,0.008707842242484968,-0.013848712514487022
0.0074,-0.0031,-0.9738293246189358,0.007919928710299737,-0.01514292449856254
0.0075,-0.0031,-0.9614874063984788,0.007037915850364975,-0.016553342271582117
0.0076,-0.0031,-0.9484505532853944,0.0060496739601773875,-0.018137926479491123
0.0077,-0.0031,-0.9349022578559324,0.005073446363596078,-0.019905832174712607
0.0078,-0.0031,-0.9227823713104677,0.00391345201885326,-0.021902126704932846
0.0079,-0.0031,-0.9075250363912107,0.0027065302257827852,-0.024118000840239563
0.008,-0.0031,-0.888944090303245,0.001425495265711238,-0.02666078974240257
0.0081,-0.0031,-0.868142819392673,3.20761383348217e-05,-0.029401753128078995
0.0082,-0.0031,-0.8432976338695168,-0.0013274297414661287,-0.03251637061847573
0.0083,-0.0031,-0.8190033542424584,-0.0027420953331169745,-0.035787109757629464
0.0084,-0.0031,-0.7886074470448273,-0.004199269327699704,-0.03934795438020388
0.0085,-0.0031,-0.7561829409644331,-0.005546801507763207,-0.04304632681612505
0.0086,-0.0031,-0.7218416647151434,-0.006827099511494218,-0.04684954722503004
0.0087,-0.0031,-0.6754998719414387,-0.007914967786989644,-0.05064814078866634
0.0088,-0.0031,-0.6323509877523986,-0.008992765483636643,-0.054056232071604184
0.0089,-0.0031,-0.5638288524878754,-0.009593711061036587,-0.05677489307714467
0.009,-0.0031,-0.4711808200925273,-0.009661478506668132,-0.059320718921291565
0.0091,-0.0031,-0.5373676553522809,-0.009327356572206047,-0.0606157689390203
0.0092,-0.0031,-0.5261120757793256,-0.00898285870063467,-0.06048702023137642
0.0093,-0.0031,-0.3951054310592108,-0.008187437022530155,-0.059703636298896925
0.0094,-0.0031,-0.3689605520506929,-0.006926466776235553,-0.0552370827434029
0.0095,-0.0031,-0.3729281047733431,-0.005151662777723364,-0.050167283046434724
0.0096,-0.0031,-0.3894008481624648,-0.0040102615682646205,-0.04261356192547975
0.0097,-0.0031,-0.38944984949649175,-0.0021560647204974643,-0.03412413395335472
0.0098,-0.0031,-0.3967327759790442,-0.0014355804812653165,-0.02376649612512366
0.0099,-0.0031,-0.3997148853931754,-0.00047810758074048307,-0.012194813048000672
0.01,-0.0031,-0.4009751621500405,0.0,0.0
0.0,-0.003,-0.23337721290483715,0.0,0.0
0.0001,-0.003,-0.2300512228285113,4.026159216559194e-06,0.003004141993879671
0.0002,-0.003,-0.2254406484627834,0.00016615817851430687,0.0058050118621466515
0.0003,-0.003,-0.22198254915723867,0.0003705730703488016,0.00847313527523466
0.0004,-0.003,-0.21746607936142215,0.0006429977155860203,0.010987535408960839
0.0005,-0.003,-0.21670785713029195,0.0008701511874915527,0.013323523119269605
0.0006,-0.003,-0.2163032144426429,0.0012075553889792031,0.015534624103369341
0.0007,-0.003,-0.21593506416654804,0.0015817041561799383,0.01746533294452888
0.0008,-0.003,-0.21449727217801345,0.0019300538987403158,0.01922486868413837
0.0009,-0.003,-0.21679268929803502,0.002294956652535082,0.020857328027224953
0.001,-0.003,-0.21942293592426834,0.0026229926193477257,0.02224494527362435
0.0011,-0.003,-0.22256710136010124,0.0029871519320421418,0.023483372665528468
0.0012,-0.003,-0.22690072349811435,0.003374986522124911,0.02463945317655046
0.0013000000000000002,-0.003,-0.23243153140731704,0.0037498092376544428,0.02556568841700546
0.0014,-0.003,-0.2391608775323652,0.004085976299087856,0.02636011750260931
0.0015,-0.003,-0.24634787733749336,0.004453460361392092,0.027039398566549678
0.0016,-0.003,-0.25505784063446785,0.004854521650224379,0.027578876136224024
0.0017,-0.003,-0.2674414259170936,0.00519981150909435,0.028036501366170308
0.0018,-0.003,-0.2782069552579512,0.005558831456124261,0.028411504715418617
0.0019,-0.003,-0.29115792112539424,0.0059205326543031655,0.028614971361923883
0.002,-0.003,-0.3044891546623199,0.00632458792138666,0.028816445334435864
0.0021,-0.003,-0.3198737705874871,0.0067105724455092455,0.02893332345441515
0.0022,-0.003,-0.33704615301940244,0.007080705442022724,0.02889493114705595
0.0023,-0.003,-0.356440065215427,0.007474381229684796,0.02884318601005727
0.0024,-0.003,-0.3749591204455689,0.00786230957951811,0.028717316366755577
0.0025,-0.003,-0.39554090785869794,0.008248641263710573,0.028541748406498087
0.0026000000000000003,-0.003,-0.41749982820220555,0.008675481411869895,0.028288282046372504
0.0027,-0.003,-0.44083713197211055,0.009070818815980377,0.02795661259076477
0.0028,-0.003,-0.4647222364439117,0.00947356081131938,0.027583429670639162
0.0029,-0.003,-0.48958484365919624,0.009873554819295666,0.027140397587038425
0.003,-0.003,-0.5149466830380528,0.010273754131803006,0.02665331283150027
0.0031,-0.003,-0.5414783316282155,0.010684513937647692,0.026096936076408228
0.0032,-0.003,-0.5688745536474252,0.011075122163162554,0.02549270879893319
0.0033000000000000004,-0.003,-0.5960345048747642,0.011463615865929337,0.024836692313075122
0.0034,-0.003,-0.6242052744338975,0.011867579615246876,0.02410779538779316
0.0034999999999999996,-0.003,-0.6521648869311635,0.012232552402859786,0.02336222257594316
0.0036,-0.003,-0.680204243423662,0.012622830681508585,0.022590722782584442
0.0037,-0.003,-0.7087537231682138,0.012955457797830623,0.021757796613770326
0.0038,-0.003,-0.7360613951396446,0.013308304741263445,0.020876683133674856
0.0039,-0.003,-0.7635883136001719,0.013633155909222884,0.019977068883529972
0.004,-0.003,-0.7906994797054071,0.013955090008454392,0.019023838470030467
0.0041,-0.003,-0.817169305528858,0.014245804984352262,0.018063358201649813
0.0042,-0.003,-0.8425032614949519,0.014528716693982029,0.01706897278407506
0.0043,-0.003,-0.8668021603052914,0.014785862274432468,0.01604477251690117
0.0044,-0.003,-0.8904505393494501,0.015026513869969905,0.01502698326776566
0.0045,-0.003,-0.9133485100582548,0.015251422848341446,0.013967946394453227
0.0046,-0.003,-0.9340265049386604,0.015452970755680466,0.01293400266569454
0.0047,-0.003,-0.9537063807724887,0.015666519354636907,0.011864200622446698
0.0048,-0.003,-0.9718633216115543,0.01579350576565198,0.010791315894900356
0.0049,-0.003,-0.9876698659067034,0.015948070237081037,0.009723262185424485
0.005,-0.003,-1.0029307412979105,0.01610163282050339,0.008670980651132325
0.0051,-0.003,-1.0163136306274514,0.016150800364817187,0.00759583898438796
0.005200000000000001,-0.003,-1.027393572984171,0.01621921458808041,0.006549361529632871
0.0053,-0.003,-1.0377687753650418,0.01624417636808471,0.005493993476530447
0.0054,-0.003,-1.044741650093864,0.01626234033414675,0.004453726679911786
0.0055,-0.003,-1.049927712076149,0.016218317670264562,0.003480167614554486
0.0056,-0.003,-1.054456560271986,0.01625412569842986,0.0024641388859645277
0.005700000000000001,-0.003,-1.0573727286406684,0.016142582641873158,0.0014726575675681312
0.0058,-0.003,-1.059169801129682,0.016047069716166578,0.0005651056453026635
0.0059,-0.003,-1.0578701687479872,0.015894504993705566,-0.0003881110119082886
0.006,-0.003,-1.057127663702498,0.015720229858501245,-0.001313114355211355
0.0061,-0.003,-1.052550147994871,0.015495665737353507,-0.002198795001665726
0.0062,-0.003,-1.0475138168337215,0.01522382267468511,-0.0030674675520905043
0.0063,-0.003,-1.0414660169963734,0.014961271702851851,-0.003929251568124809
0.0064,-0.003,-1.035159279864173,0.014640466909564956,-0.004796792089288786
0.006499999999999999,-0.003,-1.029679170810176,0.014296840929365819,-0.005623437174693701
0.006600000000000001,-0.003,-1.0199353856544382,0.013956283291374189,-0.006468064435686165
0.0067,-0.003,-1.0110663994444993,0.013510570319945583,-0.007294817414321935
0.0068,-0.003,-1.0006057852905486,0.012953089507521451,-0.008159074590960227
0.0069,-0.003,-0.9919727294243217,0.012471839755481813,-0.009062413087275059
0.006999999999999999,-0.003,-0.9844396749863965,0.011933015295073547,-0.009949330175796432
0.007100000000000001,-0.003,-0.9742581222059203,0.011269111762163832,-0.010940780818537008
0.0072,-0.003,-0.9638375390631099,0.01059030780406489,-0.011958302776328797
0.0073,-0.003,-0.951632066920133,0.009864907361646176,-0.013081491014340911
0.0074,-0.003,-0.9466873856554029,0.009034981002376374,-0.014321602549183375
0.0075,-0.003,-0.9361424543613414,0.008220186030957756,-0.015641394126058396
0.0076,-0.003,-0.922506983650727,0.007245198005335004,-0.017140342372146147
0.0077,-0.003,-0.9106094584519114,0.006258623253803295,-0.01886079206181214
0.0078,-0.003,-0.8978031934456069,0.00515340348414252,-0.020737061056793862
0.0079,-0.003,-0.8825198053313592,0.00399885548663276,-0.022925539061983094
0.008,-0.003,-0.8649208153606052,0.00270576712145718,-0.025351152429478392
0.0081,-0.003,-0.8487524275273479,0.0013729076696215301,-0.02805440752772291
0.0082,-0.003,-0.8265967068526442,-2.187695945781096e-05,-0.031071031423536385
0.0083,-0.003,-0.7998043378820723,-0.0014727812737101735,-0.034334123935552234
0.0084,-0.003,-0.7751111720711537,-0.0029168783235107324,-0.0379428341470758
0.0085,-0.003,-0.7413710641037836,-0.004353726042568041,-0.04166698875384737
0.0086,-0.003,-0.7085637728489518,-0.005729640354179323,-0.04562733679415121
0.0087,-0.003,-0.6666988600531009,-0.006932092008478195,-0.04948194377599736
0.0088,-0.003,-0.6481277014346428,-0.007997529665711716,-0.05326910088325159
0.0089,-0.003,-0.6554486562199825,-0.008757692150488343,-0.0564957390273183
0.009,-0.003,-0.6432298504931767,-0.00938583326277112,-0.05875592606170892
0.0091,-0.003,-0.5869441393961927,-0.009279370902351331,-0.06081612763506046
0.0092,-0.003,-0.4815516908116044,-0.00842988002428043,-0.06164334624005396
0.0093,-0.003,-0.47418319192515357,-0.008057450318011182,-0.05869822430954761
0.0094,-0.003,-0.3251411723617148,-0.006624295989300444,-0.0557249239644676
0.0095,-0.003,-0.38860278706115553,-0.0062062486103326665,-0.05119065167426412
0.0096,-0.003,-0.3982512315507899,-0.004386729899516687,-0.04422112799702941
0.0097,-0.003,-0.37223995991947445,-0.002571764728974485,-0.03536127037258634
0.0098,-0.003,-0.38571038021590676,-0.0013714262995778014,-0.025168182773408068
0.0099,-0.003,-0.3859200540778113,-0.0004764080963576557,-0.012734802969968062
0.01,-0.003,-0.38735246422426356,0.0,0.0
0.0,-0.0029,-0.22816327054444993,0.0,0.0
0.0001,-0.0029,-0.2315747737717716,0.00011295951942114618,0.00289145757924056
0.0002,-0.0029,-0.22533353778726437,0.00017714449701221322,0.005671105040378693
0.0003,-0.0029,-0.22091374365229302,0.00037203023158680385,0.008239217362623792
0.0004,-0.0029,-0.21900932193820666,0.0005929833416444344,0.01072755770125202
0.0005,-0.0029,-0.21655291186425826,0.0009008962956027961,0.013037473602241096
0.0006,-0.0029,-0.21626838018280733,0.001252079811141768,0.015133265142493208
0.0007,-0.0029,-0.21511905604716772,0.001655173251810648,0.017106705721198344
0.0008,-0.0029,-0.21325674274132866,0.0019996771698947355,0.01886608991347033
0.0009,-0.0029,-0.21499457804537292,0.00237603574215629,0.020457530442770724
0.001,-0.0029,-0.21714374006428835,0.0027364317687454997,0.021881248876752003
0.0011,-0.0029,-0.21979810182134568,0.0031187295996713024,0.023183955918391376
0.0012,-0.0029,-0.22388786803951558,0.003545192532808412,0.024251611751662225
0.0013000000000000002,-0.0029,-0.22884384144736608,0.0039283789822775325,0.025148808431097222
0.0014,-0.0029,-0.23465085903144864,0.00431659105433509,0.02591740123766756
0.0015,-0.0029,-0.24107562676417393,0.0047537181685391615,0.02662188792113084
0.0016,-0.0029,-0.24997185603437277,0.00516534660617835,0.027204885447008026
0.0017,-0.0029,-0.26027583075217525,0.005550052967503722,0.027629640849632382
0.0018,-0.0029,-0.27098123452147344,0.005968891066630375,0.02798371801717661
0.0019,-0.0029,-0.28287058396920456,0.006354800092156578,0.028207546818022386
0.002,-0.0029,-0.2966628797038577,0.006782238307420985,0.028433596822124485
0.0021,-0.0029,-0.3116163780442136,0.0071932401880779595,0.02847948431419229
0.0022,-0.0029,-0.32751807357764007,0.007623023201614707,0.028511536026475916
0.0023,-0.0029,-0.3449438743995734,0.008030642057283368,0.02843697885623858
0.0024,-0.0029,-0.36370901766629715,0.008460365411287257,0.02827272400903512
0.0025,-0.0029,-0.38363652345957766,0.008902769126606742,0.02810235319714016
0.0026000000000000003,-0.0029,-0.40547381060803,0.009347156322272383,0.02785258558607522
0.0027,-0.0029,-0.4272763147963858,0.00979077345044967,0.02751468612398235
0.0028,-0.0029,-0.45126359542375893,0.010230632360363711,0.02716972539331788
0.0029,-0.0029,-0.4756951970706816,0.010675369808051907,0.02672683688128027
0.003,-0.0029,-0.5014384253935592,0.011113335884329585,0.026234538087547166
0.0031,-0.0029,-0.5267182071655925,0.011545428872634052,0.02567113807971745
0.0032,-0.0029,-0.5538098793016348,0.011971645613796308,0.02507283228081965
0.0033000000000000004,-0.0029,-0.5811697762925881,0.012394296602720694,0.0244465627235117
0.0034,-0.0029,-0.6084715485359945,0.012794976882322201,0.02374397751370005
0.0034999999999999996,-0.0029,-0.6364735688903299,0.01320768282287832,0.02300522657765342
0.0036,-0.0029,-0.6641937461119394,0.013588704010317563,0.022224844979256704
0.0037,-0.0029,-0.692022092418362,0.013980783720173355,0.02138240555469847
0.0038,-0.0029,-0.7194858103169287,0.01434774964313437,0.020540781133593467
0.0039,-0.0029,-0.7469671353262989,0.014709323699813382,0.019634922207428063
0.004,-0.0029,-0.7738061410236337,0.015035256387833686,0.01872069469539574
0.0041,-0.0029,-0.79938131255788,0.01535184127211485,0.017761654276912918
0.0042,-0.0029,-0.8250608107821363,0.01565483972002729,0.01679732164613093
0.0043,-0.0029,-0.8492587367013485,0.015932662989951146,0.01579164146052923
0.0044,-0.0029,-0.8725403969405829,0.01618123373020813,0.014783184092164543
0.0045,-0.0029,-0.8944498006626023,0.0164078127251811,0.013746576225452282
0.0046,-0.0029,-0.91547197175069,0.01664497201115355,0.012715738028997465
0.0047,-0.0029,-0.9346786834606127,0.016824310356593253,0.011681493983732007
0.0048,-0.0029,-0.9524371557296606,0.016974038210148795,0.010637783263575729
0.0049,-0.0029,-0.9686966076458366,0.017119079473608526,0.009577775694789185
0.005,-0.0029,-0.982628023050025,0.017224431076908214,0.008552639459466596
0.0051,-0.0029,-0.9953061500392527,0.01727206615296442,0.007536259883985494
0.005200000000000001,-0.0029,-1.0068519245411969,0.017391347435118266,0.006485645130800438
0.0053,-0.0029,-1.0162484663090772,0.01740766827554832,0.0054720806135603725
0.0054,-0.0029,-1.0235173979723187,0.017380659710611236,0.0044761780108136555
0.0055,-0.0029,-1.0294025308419608,0.017298786706106944,0.0034695300516562003
0.0056,-0.0029,-1.0323869909739753,0.017288866169057192,0.0025151524338296615
0.005700000000000001,-0.0029,-1.0352710579830584,0.017259815332626948,0.0016151600358166839
0.0058,-0.0029,-1.0360244889274017,0.01712672661267154,0.0006824366386057959
0.0059,-0.0029,-1.0352032324691973,0.016975137428195102,-0.0002528782160465596
0.006,-0.0029,-1.0323517849150894,0.016725840644236024,-0.0011004411058442424
0.0061,-0.0029,-1.0287784955829957,0.01663008814077618,-0.0019309900060094519
0.0062,-0.0029,-1.023402628941795,0.016223040073088675,-0.002781141532566718
0.0063,-0.0029,-1.0161893764011942,0.016060091663431086,-0.003645606930636146
0.0064,-0.0029,-1.0101089692554424,0.01568942295960719,-0.0044410512636289
0.006499999999999999,-0.0029,-1.0023543700045772,0.015287792418061531,-0.005253450046184297
0.006600000000000001,-0.0029,-0.9937961708416456,0.014890364211033373,-0.006071560641748148
0.0067,-0.0029,-0.9851042353323084,0.014500975451571056,-0.006836578932239959
0.0068,-0.0029,-0.9743826186475417,0.01408477814832039,-0.007663632031084504
0.0069,-0.0029,-0.9664251125075156,0.013463866614821962,-0.008524579585726189
0.006999999999999999,-0.0029,-0.9548997748613264,0.012922163167702744,-0.009393654985582131
0.007100000000000001,-0.0029,-0.9459231996825046,0.012279035372350318,-0.010284704173005074
0.0072,-0.0029,-0.9362673183273676,0.011669903517106719,-0.011263864253435207
0.0073,-0.0029,-0.9267310316886189,0.01092069873340201,-0.012348849633134167
0.0074,-0.0029,-0.9188632647765697,0.010143545677689185,-0.013483426546749243
0.0075,-0.0029,-0.9088761287128778,0.009315613476532992,-0.014765609536056766
0.0076,-0.0029,-0.8967175201518143,0.008373667789069231,-0.016211613943708687
0.0077,-0.0029,-0.8838925100881959,0.007419988095347075,-0.017805636999211265
0.0078,-0.0029,-0.8699871607197782,0.006346718467857959,-0.019641512001190478
0.0079,-0.0029,-0.8582604397841453,0.005201265977322109,-0.021699576057400232
0.008,-0.0029,-0.8409704661315563,0.003953041661599408,-0.024062037530686368
0.0081,-0.0029,-0.824783189483164,0.0026487167898166697,-0.02663508768205506
0.0082,-0.0029,-0.8030064586384918,0.0012528118549244875,-0.029623932018802143
0.0083,-0.0029,-0.7819632873406371,-0.000184617794701486,-0.03288061299308101
0.0084,-0.0029,-0.7561430515840633,-0.0016627544491318225,-0.03641749893736215
0.0085,-0.0029,-0.7262908276760771,-0.003141409651080009,-0.04025764326579895
0.0086,-0.0029,-0.6938004037829054,-0.004585203298320662,-0.04426782653466074
0.0087,-0.0029,-0.6629639414618368,-0.00591414056054944,-0.04833873098075179
0.0088,-0.0029,-0.6223544740552912,-0.007086316326842696,-0.05238424419333342
0.0089,-0.0029,-0.5680245137756179,-0.008266363116417213,-0.05606898812954068
0.009,-0.0029,-0.46047446751347243,-0.009385272138177048,-0.059167105762206657
0.0091,-0.0029,-0.4299981283984969,-0.008485858300246537,-0.06174713248265001
0.0092,-0.0029,-0.4700252603263818,-0.007941211444376678,-0.062416657198049966
0.0093,-0.0029,-0.5176001629634489,-0.007072768020467173,-0.05969901932115294
0.0094,-0.0029,-0.5436782777122291,-0.006814864658356343,-0.05769780737554291
0.0095,-0.0029,-0.41965521136189693,-0.006283449725476235,-0.05343036272150608
0.0096,-0.0029,-0.3788305057081536,-0.00406620863619917,-0.046646129546813915
0.0097,-0.0029,-0.3704896923961312,-0.0028490689886409553,-0.037272400783453556
0.0098,-0.0029,-0.3696702190382897,-0.0013612077134981474,-0.025928353185149047
0.0099,-0.0029,-0.37378548588665145,-0.0004923000097898722,-0.013424945821043822
0.01,-0.0029,-0.375025702732375,0.0,0.0
0.0,-0.0028,-0.22325911376234717,0.0,0.0
0.0001,-0.0028,-0.22572463878920782,7.937004809183513e-05,0.0028682458339695607
0.0002,-0.0028,-0.2257574719391388,0.0002366807627090376,0.005522489293411832
0.0003,-0.0028,-0.22101453653465905,0.00037706783365293295,0.008036626235006233
0.0004,-0.0028,-0.21752031666971391,0.0006245975313296409,0.010453987425759826
0.0005,-0.0028,-0.2152873528842321,0.0009111831975189346,0.012719925170572752
0.0006,-0.0028,-0.21456958318979413,0.0012295199754691355,0.014800210717900353
0.0007,-0.0028,-0.2135708125685821,0.0016428272208482632,0.016747906632732634
0.0008,-0.0028,-0.21181026797768895,0.002084722428386658,0.01851545811813356
0.0009,-0.0028,-0.2130981324034691,0.0024000329264096767,0.0200880800656226
0.001,-0.0028,-0.21439955944329087,0.0028660475248721805,0.02147880683726751
0.0011,-0.0028,-0.21598609222128173,0.0032569234312649215,0.02273026804035465
0.0012,-0.0028,-0.21927248672080657,0.0036419747040663205,0.023750685370294126
0.0013000000000000002,-0.0028,-0.2234650686565011,0.004100430482631526,0.024735336844537204
0.0014,-0.0028,-0.22831367506526226,0.004559833443128782,0.025560672856639117
0.0015,-0.0028,-0.23459433128700607,0.00495919650438116,0.02623569636674243
0.0016,-0.0028,-0.24194962160886463,0.005428005801713324,0.026746835165452967
0.0017,-0.0028,-0.2499515751951129,0.005889410310595264,0.027214228935758436
0.0018,-0.0028,-0.26070746610910195,0.0062965406560626935,0.027542878412642652
0.0019,-0.0028,-0.2726130004361688,0.00673144547744679,0.027801049968803723
0.002,-0.0028,-0.2851137001992677,0.007191212767844022,0.027938682409613214
0.0021,-0.0028,-0.2998542955485984,0.007653689650924273,0.02807428949286871
0.0022,-0.0028,-0.3154280290854646,0.008118801119813054,0.028087889388710298
0.0023,-0.0028,-0.3323631360992547,0.008572076889684683,0.027948793382394067
0.0024,-0.0028,-0.3509192628394865,0.009057172658973702,0.02784495219196752
0.0025,-0.0028,-0.370985344739706,0.009535632593500619,0.02768974604827278
0.0026000000000000003,-0.0028,-0.3913995565251879,0.009999994561105452,0.027379361669323744
0.0027,-0.0028,-0.4130357186529933,0.010482341077054959,0.027069326091382146
0.0028,-0.0028,-0.43632178927216836,0.010953745234326392,0.026718106793295893
0.0029,-0.0028,-0.4604870898381784,0.011427248621076407,0.026266832616024877
0.003,-0.0028,-0.48496086110227543,0.011901212234929055,0.025776225427250655
0.0031,-0.0028,-0.5106093082065453,0.012366714118933794,0.025234666122743655
0.0032,-0.0028,-0.5371661117891855,0.012818029678412638,0.02463770825924225
0.0033000000000000004,-0.0028,-0.5640634748339381,0.013277717167076208,0.023996260897312244
0.0034,-0.0028,-0.5917508586476246,0.013725731703686628,0.02332347260549682
0.0034999999999999996,-0.0028,-0.6192508505105528,0.01414114723772577,0.02259363162675509
0.0036,-0.0028,-0.6464163118941014,0.014561650834004887,0.021804502815496132
0.0037,-0.0028,-0.6743747338641497,0.01498487847221553,0.0210184912350862
0.0038,-0.0028,-0.7015583658997245,0.015365244369597894,0.020160039821869893
0.0039,-0.0028,-0.7291347680509996,0.015734863754478214,0.019278142267525136
0.004,-0.0028,-0.7550479219495085,0.01607639406053103,0.018376292104541125
0.0041,-0.0028,-0.7812313295319667,0.016407718044973575,0.017446579057759405
0.0042,-0.0028,-0.8062990293982005,0.01671134324349015,0.01649155855952951
0.0043,-0.0028,-0.8305049750289678,0.016989940633717195,0.0155144440710423
0.0044,-0.0028,-0.8534851175242953,0.017287802702469903,0.014535716086597867
0.0045,-0.0028,-0.8749474559078607,0.017531319154250737,0.0135260820717308
0.0046,-0.0028,-0.895569201164319,0.017738232300632217,0.012532470298266313
0.0047,-0.0028,-0.9146095156639801,0.01793242494743783,0.01150940176114927
0.0048,-0.0028,-0.9322288151405448,0.01807316419965461,0.010474363063105655
0.0049,-0.0028,-0.9474210691312384,0.01821489964212025,0.0094791683979288
0.005,-0.0028,-0.9626901778703051,0.018329392278835798,0.008426099978539279
0.0051,-0.0028,-0.9744817912868339,0.018393035903604964,0.007422715008136175
0.005200000000000001,-0.0028,-0.9853189958151007,0.018473514766592255,0.006440269297780719
0.0053,-0.0028,-0.9943377652278012,0.01850481176351995,0.0054764667293595
0.0054,-0.0028,-1.0014121850414177,0.018450880559984208,0.004497683972976533
0.0055,-0.0028,-1.0065587877172095,0.018413202225474202,0.0035424122248010415
0.0056,-0.0028,-1.0102175994220535,0.018349451188593147,0.00261190644436229
0.005700000000000001,-0.0028,-1.012204041348049,0.018260030793315177,0.0017092684455919185
0.0058,-0.0028,-1.0123967676875285,0.018103636133125652,0.0008247752533918802
0.0059,-0.0028,-1.0106526893778949,0.01794391595362958,-3.8916716347639496e-05
0.006,-0.0028,-1.0080851617686681,0.017838899215950516,-0.0009029319674515268
0.0061,-0.0028,-1.0027417424584943,0.017504438772430186,-0.0017370276995170076
0.0062,-0.0028,-0.997571438729754,0.017310461541361077,-0.002504622614016124
0.0063,-0.0028,-0.9918772759723768,0.01701325329838189,-0.003337777145813507
0.0064,-0.0028,-0.9840125017244735,0.016730777323342796,-0.004097126094512603
0.006499999999999999,-0.0028,-0.9763577231995679,0.016294944814041395,-0.004865065513048612
0.006600000000000001,-0.0028,-0.9695903924369174,0.01585344049740737,-0.0056208468492252835
0.0067,-0.0028,-0.9587314982059028,0.015372501583675285,-0.00639165723723153
0.0068,-0.0028,-0.9491387651203187,0.014910193291863775,-0.007150005713027126
0.0069,-0.0028,-0.9412997156325739,0.014407994477474302,-0.007972162628412075
0.006999999999999999,-0.0028,-0.9281590004997291,0.01381826815914381,-0.008807015890377358
0.007100000000000001,-0.0028,-0.9175238088775066,0.013290152516037497,-0.009657963403799156
0.0072,-0.0028,-0.9107203654361516,0.012623066248552032,-0.010586728727153761
0.0073,-0.0028,-0.8977987968674078,0.011865151332886875,-0.011589121698639427
0.0074,-0.0028,-0.8859950332658515,0.011117498092996576,-0.012695788197165069
0.0075,-0.0028,-0.8787764336647969,0.010326643224204573,-0.013910125446370963
0.0076,-0.0028,-0.8670932769617767,0.00947475718594404,-0.015287086210180462
0.0077,-0.0028,-0.8585813019555273,0.008549150180899943,-0.0167919894935254
0.0078,-0.0028,-0.8445970306152237,0.007452014567533279,-0.01853602885851186
0.0079,-0.0028,-0.8335034228289876,0.006384493052279606,-0.02052934637045235
0.008,-0.0028,-0.8194673702391747,0.005171998718520216,-0.022787012748353798
0.0081,-0.0028,-0.8009085386678564,0.003884159986758197,-0.025319544214962637
0.0082,-0.0028,-0.7820586467843161,0.002499862879475913,-0.028163013564868833
0.0083,-0.0028,-0.7597569785414884,0.0010491364912343197,-0.03146380473177873
0.0084,-0.0028,-0.7345150038100065,-0.0004456769693723765,-0.03491739866210838
0.0085,-0.0028,-0.7057749288981691,-0.0019582769810352076,-0.038748665721953894
0.0086,-0.0028,-0.6770690426624589,-0.0034641590963562577,-0.04289134575552145
0.0087,-0.0028,-0.6444790084186116,-0.004897839978257279,-0.046935631910750564
0.0088,-0.0028,-0.5953325350813202,-0.006133975986803247,-0.0510156872654661
0.0089,-0.0028,-0.5354838624857278,-0.007314676850295532,-0.05454256986437844
0.009,-0.0028,-0.4912662623702614,-0.007746295278568899,-0.05775988235571451
0.0091,-0.0028,-0.4158446387351852,-0.008117935222586792,-0.06014738929337185
0.0092,-0.0028,-0.4045032163653035,-0.008374708309193029,-0.06172707742902968
0.0093,-0.0028,-0.46338943443399355,-0.008131536388893685,-0.06248653597510545
0.0094,-0.0028,-0.41621268736104505,-0.006344029281287926,-0.05945070841676156
0.0095,-0.0028,-0.3725920487272709,-0.005228460856091729,-0.05455945431666283
0.0096,-0.0028,-0.34097149300676205,-0.004031865246569666,-0.048014361252323993
0.0097,-0.0028,-0.35060132125605464,-0.0028966090730761355,-0.038629531853878574
0.0098,-0.0028,-0.35114782989953663,-0.0014458891724268411,-0.026975847085297905
0.0099,-0.0028,-0.354369177428463,-0.00045370440888308687,-0.014245004579522734
0.01,-0.0028,-0.35582820144227,0.0,0.0
0.0,-0.0027,-0.2210725554469783,0.0,0.0
0.0001,-0.0027,-0.2217024083118486,2.51939169843501e-05,0.002680888736934177
0.0002,-0.0027,-0.22447897528131236,0.0003389518163296814,0.005338469720424979
0.0003,-0.0027,-0.21911503068821964,0.0003772811971147283,0.007816920836427722
0.0004,-0.0027,-0.21751837657890535,0.0006482500671934057,0.010179315093721933
0.0005,-0.0027,-0.21437637350283076,0.000909891530574372,0.012385946428552012
0.0006,-0.0027,-0.2133340374586315,0.0012625788240851867,0.014472144015815923
0.0007,-0.0027,-0.21111475799591217,0.001648818947499544,0.016352547718279205
0.0008,-0.0027,-0.20921708135620906,0.00201454496859808,0.018060135728026293
0.0009,-0.0027,-0.2097826275463812,0.00245771942985933,0.019730884763559504
0.001,-0.0027,-0.2113226306583426,0.0028720518843853844,0.02104481025869321
0.0011,-0.0027,-0.21246324954527157,0.0033191591610316207,0.022280004537645722
0.0012,-0.0027,-0.2140608604463972,0.0037534665067019708,0.023312983898271678
0.0013000000000000002,-0.0027,-0.21780472054889533,0.004277461927254706,0.024261914014077297
0.0014,-0.0027,-0.221927410037818,0.004650309352952174,0.025081931605233854
0.0015,-0.0027,-0.22819494598433718,0.005176545110543711,0.025787053099499437
0.0016,-0.0027,-0.23417093601693492,0.0056132446025201725,0.026312023452453582
0.0017,-0.0027,-0.24270698026391982,0.006109878116694497,0.026743317055451177
0.0018,-0.0027,-0.2512874659705923,0.006572346933547791,0.027097373433176142
0.0019,-0.0027,-0.26270970112049047,0.007078775117372028,0.02732571258501966
0.002,-0.0027,-0.27444019236017647,0.0075757825738415815,0.02750333764434204
0.0021,-0.0027,-0.2883108210322439,0.008070652559826091,0.027570733351188127
0.0022,-0.0027,-0.3033326650021327,0.008570604273688455,0.027562476245781203
0.0023,-0.0027,-0.31939695474281016,0.009067823082194977,0.027475335240165162
0.0024,-0.0027,-0.33744594273568007,0.009569835306995572,0.027427697015503447
0.0025,-0.0027,-0.35523084544385564,0.010080890968902646,0.02716528343344414
0.0026000000000000003,-0.0027,-0.3759165432069434,0.01059245818858079,0.02688582703176321
0.0027,-0.0027,-0.39777528331973616,0.011124631362667451,0.026567909430053268
0.0028,-0.0027,-0.42048012683687475,0.011626220100554314,0.02620572622246884
0.0029,-0.0027,-0.44412984342020356,0.0121355643238201,0.0257595723702181
0.003,-0.0027,-0.4688446798214634,0.01264352379980287,0.025292143426368253
0.0031,-0.0027,-0.4940437729517132,0.013141850702469808,0.024759829931468427
0.0032,-0.0027,-0.5194833252162703,0.013635838176128956,0.024161343897531107
0.0033000000000000004,-0.0027,-0.5465575704774261,0.014122474846139856,0.02353436352153067
0.0034,-0.0027,-0.573534251531594,0.014581472657275087,0.022849548014276317
0.0034999999999999996,-0.0027,-0.6004384294172951,0.01505473699427927,0.022137291506655093
0.0036,-0.0027,-0.627793249247723,0.015495457920684855,0.021388424506956577
0.0037,-0.0027,-0.6552962922896312,0.01589833356557099,0.020592477295981643
0.0038,-0.0027,-0.6823890569573593,0.01632660891235768,0.019782596326272054
0.0039,-0.0027,-0.7095214725841453,0.01672546306907835,0.01892105252095301
0.004,-0.0027,-0.7362648125086387,0.017076367033080953,0.018034845035684477
0.0041,-0.0027,-0.7617014954941708,0.017419571879175692,0.01713150011518712
0.0042,-0.0027,-0.7863023066227232,0.0177581699029894,0.016182962881191056
0.0043,-0.0027,-0.8108933607540175,0.018047352461433883,0.015248570776734378
0.0044,-0.0027,-0.8333110314157782,0.01832913731425553,0.014276842803938972
0.0045,-0.0027,-0.8550275266610801,0.018574929126395752,0.013296110994092534
0.0046,-0.0027,-0.8751303610910456,0.018787131126089585,0.012314875787657381
0.0047,-0.0027,-0.893951606871403,0.018984141325493677,0.011323909851450467
0.0048,-0.0027,-0.9114435475490167,0.019163130141657922,0.010343171424315446
0.0049,-0.0027,-0.9275902370669875,0.019263362396885496,0.009361710478637578
0.005,-0.0027,-0.9413583984027905,0.019401396587653216,0.008379658702868274
0.0051,-0.0027,-0.9536764735436134,0.019447268458643155,0.007371332304331776
0.005200000000000001,-0.0027,-0.9637595907746909,0.019530660814209923,0.006403099833792817
0.0053,-0.0027,-0.9721944996781886,0.019507565826611062,0.005487639886159726
0.0054,-0.0027,-0.9793262457849199,0.01948846207090728,0.004516250488722668
0.0055,-0.0027,-0.9836235925604095,0.0194697666942648,0.0036267919781129755
0.0056,-0.0027,-0.9880415466240334,0.019364057919542536,0.0027384277903346414
0.005700000000000001,-0.0027,-0.9897362704088619,0.01926328347937427,0.0018240712216385114
0.0058,-0.0027,-0.9894701899136304,0.019089672964234746,0.00099142166996428
0.0059,-0.0027,-0.9869047831598011,0.018905225663850823,0.00015355586058200983
0.006,-0.0027,-0.9851802783765234,0.018719425344264722,-0.0006554427888553649
0.0061,-0.0027,-0.9787882115922186,0.01845724619013139,-0.0014430091102292872
0.0062,-0.0027,-0.9733966762036698,0.01817469546934674,-0.002247911661270024
0.0063,-0.0027,-0.9666165786213688,0.017859742498699777,-0.0029932855894810547
0.0064,-0.0027,-0.960875646159275,0.01754285168605948,-0.003742417697280321
0.006499999999999999,-0.0027,-0.9505100936114137,0.01719524168542892,-0.0044672208137412584
0.006600000000000001,-0.0027,-0.9403682456433027,0.01669488233769822,-0.005192151775000998
0.0067,-0.0027,-0.9307790746213067,0.016304326567231152,-0.00593341935189479
0.0068,-0.0027,-0.9234092455476658,0.015843395957986044,-0.006662443159095781
0.0069,-0.0027,-0.9151670106802995,0.015308553605371545,-0.007426715536168302
0.006999999999999999,-0.0027,-0.9021739838604892,0.01473493291359161,-0.008211101259164123
0.007100000000000001,-0.0027,-0.8936064777977762,0.014198276011308837,-0.00903334510152016
0.0072,-0.0027,-0.885275760219182,0.01349514425307094,-0.009932799346648164
0.0073,-0.0027,-0.873261525548444,0.012805281083936082,-0.010891326175511874
0.0074,-0.0027,-0.8627516119868817,0.012068995025399463,-0.011921802317959432
0.0075,-0.0027,-0.848703572661321,0.011275767825032923,-0.013084918671280614
0.0076,-0.0027,-0.8382897927431479,0.01045786580703572,-0.01438333543703056
0.0077,-0.0027,-0.8239522974332856,0.009556174211468585,-0.01582152389608828
0.0078,-0.0027,-0.8160123123832975,0.008519842508147375,-0.017496839518873163
0.0079,-0.0027,-0.8019164359306913,0.0074903886451907695,-0.01938856723577546
0.008,-0.0027,-0.7893413902818123,0.006317895382705741,-0.021523732482592685
0.0081,-0.0027,-0.7736074949138679,0.0050750813445197334,-0.024029272575126243
0.0082,-0.0027,-0.7533355510467589,0.003701428561656599,-0.026765988300197427
0.0083,-0.0027,-0.7344056943641477,0.0022446822968677604,-0.029974561988111617
0.0084,-0.0027,-0.7107015591258611,0.0007421246660645219,-0.03339749986475567
0.0085,-0.0027,-0.6852640619349587,-0.0007779422785879606,-0.03719725058440435
0.0086,-0.0027,-0.654380102727838,-0.0023325945252798456,-0.04131014167420511
0.0087,-0.0027,-0.6194412616609484,-0.0038825399893442723,-0.04563015758138815
0.0088,-0.0027,-0.5788190462408161,-0.005110239743297246,-0.04987656227272893
0.0089,-0.0027,-0.5623913401299876,-0.006138391905946822,-0.0538472151186418
0.009,-0.0027,-0.6151977705242024,-0.006413038466493934,-0.057591568299580356
0.0091,-0.0027,-0.6194280170965711,-0.007980978562294206,-0.06035397263212783
0.0092,-0.0027,-0.47865835512702065,-0.009153197038598931,-0.06202916269799891
0.0093,-0.0027,-0.3172619990466602,-0.00824527316823385,-0.06218225186952051
0.0094,-0.0027,-0.3577392803995232,-0.007121295289180908,-0.06101870700310768
0.0095,-0.0027,-0.3309862944756386,-0.00503830586610368,-0.055733394310163234
0.0096,-0.0027,-0.32004393472433323,-0.0036218458109116324,-0.04888353644532559
0.0097,-0.0027,-0.34143538512747496,-0.002377172959054636,-0.03980408195190573
0.0098,-0.0027,-0.3257453792765734,-0.0014042474548993601,-0.02820791264211967
0.0099,-0.0027,-0.3310555392994472,-0.0005135794068624648,-0.014718268881580508
0.01,-0.0027,-0.330416142114386,0.0,0.0
0.0,-0.0026000000000000003,-0.228414693719508,0.0,0.0
0.0001,-0.0026000000000000003,-0.2256277014975812,6.138475062056135e-05,0.0025917191963077306
0.0002,-0.0026000000000000003,-0.22209199937213894,0.0001307809076777643,0.0051617212264807606
0.0003,-0.0026000000000000003,-0.21986120047515653,0.0003741930285429516,0.007608840610205442
0.0004,-0.0026000000000000003,-0.21457829771568734,0.0006108440487010505,0.00989451575410699
0.0005,-0.0026000000000000003,-0.21250856859447376,0.0009032280716351999,0.012068627840451776
0.0006,-0.0026000000000000003,-0.21094266349738003,0.0012419478765380533,0.014092346718725213
0.0007,-0.0026000000000000003,-0.20774911440046298,0.0016459382362398738,0.015947206990759962
0.0008,-0.0026000000000000003,-0.20646378587082911,0.002044294394483223,0.0176968534902783
0.0009,-0.0026000000000000003,-0.20623104480757615,0.0024780680109309575,0.019235624056438555
0.001,-0.0026000000000000003,-0.20700393325585453,0.0029410559527696975,0.020598564169695105
0.0011,-0.0026000000000000003,-0.20736266034686404,0.003373991196442449,0.021892651087498972
0.0012,-0.0026000000000000003,-0.20797099371104028,0.0038821679155380054,0.022954854252192465
0.0013000000000000002,-0.0026000000000000003,-0.2106721457689286,0.00429059656734858,0.023820755939633887
0.0014,-0.0026000000000000003,-0.21539405757102686,0.0048191486038043005,0.024608502435104346
0.0015,-0.0026000000000000003,-0.21912866635521688,0.005321280192696409,0.025278319901198543
0.0016,-0.0026000000000000003,-0.22374921960810862,0.005857771266769504,0.02579077827012005
0.0017,-0.0026000000000000003,-0.2323380609817867,0.006350962700216097,0.026261608638642055
0.0018,-0.0026000000000000003,-0.2412342211062932,0.00685183301363565,0.026597013887175572
0.0019,-0.0026000000000000003,-0.2517767560953096,0.007367372433617259,0.02684274733984981
0.002,-0.0026000000000000003,-0.26274120443585586,0.00790770627304554,0.02698442549260113
0.0021,-0.0026000000000000003,-0.27461987450584,0.008443660516109107,0.027043926129854113
0.0022,-0.0026000000000000003,-0.28858775284419375,0.008981032279987035,0.027067281631108282
0.0023,-0.0026000000000000003,-0.3047484956975798,0.009511835413588937,0.02699083695885057
0.0024,-0.0026000000000000003,-0.32186070144207096,0.010055338439449921,0.026833548571113416
0.0025,-0.0026000000000000003,-0.34029230471078264,0.010604400683002863,0.026652268015198866
0.0026000000000000003,-0.0026000000000000003,-0.35993354886702533,0.011177028631691382,0.02641231193349873
0.0027,-0.0026000000000000003,-0.38105366055205786,0.011726859952928296,0.026061912759467024
0.0028,-0.0026000000000000003,-0.40338077564407127,0.012258016443899398,0.025668398719161212
0.0029,-0.0026000000000000003,-0.426399813251053,0.012820779989868903,0.025279957098056034
0.003,-0.0026000000000000003,-0.4506575555190099,0.013335778295713844,0.024764729748417494
0.0031,-0.0026000000000000003,-0.47529159351536693,0.013878412136468463,0.024239580068128916
0.0032,-0.0026000000000000003,-0.5009627146335915,0.014399842344510258,0.02366221564880614
0.0033000000000000004,-0.0026000000000000003,-0.5272991168774076,0.014905260599472775,0.023042107868696704
0.0034,-0.0026000000000000003,-0.5541344108292231,0.01541007189709231,0.022389142466586492
0.0034999999999999996,-0.0026000000000000003,-0.5810488214757001,0.01588779957319369,0.021686964870019504
0.0036,-0.0026000000000000003,-0.6082397474038932,0.016350333538623085,0.020951249092581222
0.0037,-0.0026000000000000003,-0.6358261388704307,0.016812630227200014,0.020167981837726424
0.0038,-0.0026000000000000003,-0.6628205905766016,0.01722238253874399,0.01937789483526842
0.0039,-0.0026000000000000003,-0.6889523951611717,0.017619512956607176,0.01853548871422093
0.004,-0.0026000000000000003,-0.7158524357874284,0.01803759193615829,0.017667082374465706
0.0041,-0.0026000000000000003,-0.7409967562985709,0.018393163086789305,0.016781180334863473
0.0042,-0.0026000000000000003,-0.7660124713756751,0.018717651273678058,0.015886197201932635
0.0043,-0.0026000000000000003,-0.7895691699451721,0.019025454877744166,0.014951823683283372
0.0044,-0.0026000000000000003,-0.8124159768723088,0.019315763532918306,0.01403286975356043
0.0045,-0.0026000000000000003,-0.8341933456757334,0.019570362237961544,0.013061493627405309
0.0046,-0.0026000000000000003,-0.8543273980876281,0.01979613104452114,0.01209688379520218
0.0047,-0.0026000000000000003,-0.8726584248371305,0.019979664485370082,0.011154232305854626
0.0048,-0.0026000000000000003,-0.8897628037934817,0.020151230648419668,0.010199884968355092
0.0049,-0.0026000000000000003,-0.9058887545205755,0.020306382099363834,0.009244778546817685
0.005,-0.0026000000000000003,-0.9196381646347563,0.020401247306181293,0.008265662844335898
0.0051,-0.0026000000000000003,-0.9314674192229855,0.02044520612398371,0.007321520348817296
0.005200000000000001,-0.0026000000000000003,-0.9416281046623125,0.02047641406325648,0.0064091312858911426
0.0053,-0.0026000000000000003,-0.9503482529657812,0.020487516180267257,0.005446269277937069
0.0054,-0.0026000000000000003,-0.957080546510201,0.020445219965799233,0.004567437565415749
0.0055,-0.0026000000000000003,-0.961903819674036,0.020428057935604024,0.0037056363889661757
0.0056,-0.0026000000000000003,-0.9650998409491278,0.020322127581044264,0.0028265639725442186
0.005700000000000001,-0.0026000000000000003,-0.9662886402824561,0.02018865990408236,0.0019824806158329233
0.0058,-0.0026000000000000003,-0.9646854088187183,0.020042918311919587,0.001159502368771603
0.0059,-0.0026000000000000003,-0.9641792016501999,0.01982119891494132,0.00032011928947955697
0.006,-0.0026000000000000003,-0.9613649711311688,0.019572816389958878,-0.00041286244348836615
0.0061,-0.0026000000000000003,-0.956288095715297,0.019378708691265793,-0.0012237550472553498
0.0062,-0.0026000000000000003,-0.9500771259237856,0.019087325532058882,-0.00192495128487457
0.0063,-0.0026000000000000003,-0.9420032129971398,0.018744660856990454,-0.00264981490851589
0.0064,-0.0026000000000000003,-0.9341798159196576,0.01839197085952468,-0.003394222264029954
0.006499999999999999,-0.0026000000000000003,-0.9261737800500445,0.017997378141837692,-0.004056779567631128
0.006600000000000001,-0.0026000000000000003,-0.9167672786073802,0.017589150679583578,-0.00476921002870378
0.0067,-0.0026000000000000003,-0.9052791668488338,0.017152681814590297,-0.005444565048579531
0.0068,-0.0026000000000000003,-0.8995062227143947,0.016629871751540442,-0.006152505105872052
0.0069,-0.0026000000000000003,-0.8869965660836389,0.01611444976183333,-0.00690159106840384
0.006999999999999999,-0.0026000000000000003,-0.8755513473810304,0.015552180394976772,-0.007631959215358299
0.007100000000000001,-0.0026000000000000003,-0.8637926122601929,0.014966677896708247,-0.008443622715150251
0.0072,-0.0026000000000000003,-0.853169943867181,0.014361012718191091,-0.009263887843478808
0.0073,-0.0026000000000000003,-0.8454245289483734,0.013713650361981753,-0.01017039696981461
0.0074,-0.0026000000000000003,-0.8345063314001127,0.012973015062293109,-0.011176453476606674
0.0075,-0.0026000000000000003,-0.8204470196064925,0.012219658118828504,-0.012263817008795586
0.0076,-0.0026000000000000003,-0.8125598411908201,0.011385231936944209,-0.013497165625579736
0.0077,-0.0026000000000000003,-0.7994305683843169,0.010506746843674558,-0.014900481513734394
0.0078,-0.0026000000000000003,-0.7905914563872792,0.009563128288329954,-0.016480540199443543
0.0079,-0.0026000000000000003,-0.7764049594256739,0.008491074054946092,-0.018297973143783088
0.008,-0.0026000000000000003,-0.7636090629943179,0.007396851828879417,-0.020350955777099736
0.0081,-0.0026000000000000003,-0.7422556183717625,0.00618580808468906,-0.02272414978187754
0.0082,-0.0026000000000000003,-0.7276638861911371,0.004862905228656319,-0.02540996208300088
0.0083,-0.0026000000000000003,-0.706017305370496,0.003434683700309764,-0.028442954936622845
0.0084,-0.0026000000000000003,-0.6840300266194647,0.0019409234925167433,-0.03185037568674104
0.0085,-0.0026000000000000003,-0.659495254271435,0.0003673714358973866,-0.03561350935418447
0.0086,-0.0026000000000000003,-0.6293987939966681,-0.0012389607717206133,-0.039768028030051306
0.0087,-0.0026000000000000003,-0.5984155334919059,-0.002750970645775954,-0.04409259658508196
0.0088,-0.0026000000000000003,-0.570533877775523,-0.0042074199044696186,-0.04867422600083263
0.0089,-0.0026000000000000003,-0.5354653495696745,-0.005433036960032631,-0.053281242236337595
0.009,-0.0026000000000000003,-0.4761998324842639,-0.006657044625661497,-0.05740362499520209
0.0091,-0.0026000000000000003,-0.3958776075118142,-0.007832551608397255,-0.060598909778969756
0.0092,-0.0026000000000000003,-0.3880363387453384,-0.007400198338532108,-0.06235431439706717
0.0093,-0.0026000000000000003,-0.3398868424168549,-0.006904232197228393,-0.062685247939406
0.0094,-0.0026000000000000003,-0.26509260113075755,-0.0075511162346516645,-0.061751615309333464
0.0095,-0.0026000000000000003,-0.23814736328692948,-0.005384056003873053,-0.056767239347445014
0.0096,-0.0026000000000000003,-0.27602569022914053,-0.004419904926487059,-0.050133696289866664
0.0097,-0.0026000000000000003,-0.28843753503864816,-0.0029109117805771545,-0.041428596306934296
0.0098,-0.0026000000000000003,-0.3004530847608203,-0.0014913247277470862,-0.029169178498504474
0.0099,-0.0026000000000000003,-0.302619108620216,-0.0005434984041981537,-0.015460852756087096
0.01,-0.0026000000000000003,-0.30232725530816984,0.0,0.0
0.0,-0.0025,-0.22356769700543697,0.0,0.0
0.0001,-0.0025,-0.22636777610918643,7.247785946295982e-05,0.0025688946349183895
0.0002,-0.0025,-0.2182791449351246,4.087314423713326e-05,0.0050210450582199116
0.0003,-0.0025,-0.21649231627422877,0.0003582198079004079,0.007373837662366556
0.0004,-0.0025,-0.21265102917905693,0.0005947723392893927,0.009648361521100927
0.0005,-0.0025,-0.20928863851840812,0.0008949954497434203,0.0117555784885372
0.0006,-0.0025,-0.20711615137121844,0.0012246869495807684,0.013730343126940476
0.0007,-0.0025,-0.2038809826732475,0.0016302436371698926,0.015568917518568781
0.0008,-0.0025,-0.2026866081116039,0.0020118130440234332,0.017248749160748016
0.0009,-0.0025,-0.20188132708523787,0.0024512021850479435,0.018780803147276735
0.001,-0.0025,-0.20113219025885126,0.002882247342411226,0.020149642585377894
0.0011,-0.0025,-0.2014573616987103,0.00331961441836773,0.021327031714940256
0.0012,-0.0025,-0.20234842921569499,0.00393898885472519,0.02240788077227597
0.0013000000000000002,-0.0025,-0.20320541366124276,0.004391838220302375,0.0232684113369146
0.0014,-0.0025,-0.20745035380782118,0.004948984978334684,0.024087230663571834
0.0015,-0.0025,-0.211112297320271,0.005427550427648476,0.024784437278035452
0.0016,-0.0025,-0.21634479434371304,0.005965635226307732,0.02528291835802234
0.0017,-0.0025,-0.22225912089777286,0.006515934754804656,0.025712855270611706
0.0018,-0.0025,-0.2294959516166515,0.007024069639003142,0.02605544683006558
0.0019,-0.0025,-0.23875635180366866,0.007603522967629926,0.02627520296752447
0.002,-0.0025,-0.24863908848266816,0.008197963910295909,0.026408601353454388
0.0021,-0.0025,-0.261336025291705,0.008759057070121604,0.026503663385240652
0.0022,-0.0025,-0.27486094105380415,0.00933797504183605,0.026483461576501957
0.0023,-0.0025,-0.289556623946395,0.00991980979327607,0.026392922265983734
0.0024,-0.0025,-0.3062590607733822,0.010488347154517444,0.026256849269066407
0.0025,-0.0025,-0.32348366231067766,0.011103152673214337,0.02605180298352246
0.0026000000000000003,-0.0025,-0.34293860388587505,0.011680979558722446,0.025816943392555348
0.0027,-0.0025,-0.36315029149948796,0.012259464946147417,0.025480339761383863
0.0028,-0.0025,-0.38486722151555086,0.012817862481858542,0.02511441099422604
0.0029,-0.0025,-0.40789092976925817,0.013422421610244182,0.02468348592795886
0.003,-0.0025,-0.43113990348022885,0.013984053816159218,0.024223836469692867
0.0031,-0.0025,-0.45630574042464833,0.014559776985808343,0.023688425504165573
0.0032,-0.0025,-0.4815055009910482,0.015090502073428422,0.02313161239049395
0.0033000000000000004,-0.0025,-0.5077187084921422,0.015640260865920207,0.022528001617105442
0.0034,-0.0025,-0.5342970683728361,0.01616677284359754,0.021882406269501317
0.0034999999999999996,-0.0025,-0.5610888841002047,0.01666651576103878,0.021199010699772106
0.0036,-0.0025,-0.5881355473382137,0.017167812358426803,0.020473264193488917
0.0037,-0.0025,-0.6153085459014898,0.017632424010246412,0.019705620032785864
0.0038,-0.0025,-0.6419336271051889,0.018085652351746723,0.018930405905295274
0.0039,-0.0025,-0.6683553382784678,0.018491257651560466,0.01811400058230523
0.004,-0.0025,-0.694650515485004,0.01891424751427792,0.017295896662901666
0.0041,-0.0025,-0.7199687036792688,0.0192831550673232,0.016430186552111904
0.0042,-0.0025,-0.7446923175187566,0.019622738254288882,0.015555617163404967
0.0043,-0.0025,-0.7680142273118861,0.019951902838396485,0.014672143053096512
0.0044,-0.0025,-0.7911932262369357,0.02024446730075183,0.01374560744039722
0.0045,-0.0025,-0.8127301169774348,0.020493693334162295,0.01281644930398539
0.0046,-0.0025,-0.8323597212129986,0.020724208164203867,0.011901487772552927
0.0047,-0.0025,-0.8513400123150495,0.020922294121743762,0.010963542629293332
0.0048,-0.0025,-0.8684883808207682,0.021088465489441734,0.010058121005876617
0.0049,-0.0025,-0.8836184259175028,0.021214057698366012,0.009119256158295131
0.005,-0.0025,-0.8976005008116573,0.021321877178857935,0.008195345449518781
0.0051,-0.0025,-0.9095300381680076,0.02136686695981818,0.007262001904470303
0.005200000000000001,-0.0025,-0.91917845181862,0.0214086949562045,0.006395564452753472
0.0053,-0.0025,-0.9278482803253955,0.021435241330795614,0.005494928435890444
0.0054,-0.0025,-0.9347008351172947,0.021361683160369304,0.004626647569847997
0.0055,-0.0025,-0.9395457957519613,0.021308196341291104,0.0037626251862473586
0.0056,-0.0025,-0.9419269859323325,0.021205379868972724,0.002936178601923054
0.005700000000000001,-0.0025,-0.9429600283394926,0.021051275370279787,0.0021455070362338536
0.0058,-0.0025,-0.9425639012047812,0.020906966981998135,0.0013441327908020797
0.0059,-0.0025,-0.9402681059994513,0.020707388846061183,0.0005510077026046875
0.006,-0.0025,-0.9359251555411302,0.020418005353543395,-0.00018445773836501362
0.0061,-0.0025,-0.9318599635435937,0.02019541169341597,-0.0009286552902029115
0.0062,-0.0025,-0.9249288177859306,0.019913171666421647,-0.0016225848139534386
0.0063,-0.0025,-0.918384383254679,0.019577596833052824,-0.0023265164882570744
0.0064,-0.0025,-0.9102530590662203,0.01916531560259109,-0.002984710714848868
0.006499999999999999,-0.0025,-0.9021981356315205,0.01880965969913946,-0.0036757876448809527
0.006600000000000001,-0.0025,-0.8913432086008479,0.01840138032328139,-0.004330206864070574
0.0067,-0.0025,-0.8827092150536486,0.017928184428345737,-0.004993604427543845
0.0068,-0.0025,-0.8727159404480198,0.017427029830618702,-0.005670095811224925
0.0069,-0.0025,-0.8629497044895267,0.016905761193229767,-0.006362911757934417
0.006999999999999999,-0.0025,-0.8519511328842524,0.016345240186308056,-0.0070730977308291285
0.007100000000000001,-0.0025,-0.8397610049600757,0.015780683399442857,-0.007832630978119757
0.0072,-0.0025,-0.8304231312575223,0.015143545964840903,-0.0086322255706578
0.0073,-0.0025,-0.8171668313067528,0.01450473019055435,-0.009505597333982648
0.0074,-0.0025,-0.806092155215212,0.013801905773639017,-0.010435382475057108
0.0075,-0.0025,-0.7941047023846282,0.013100106746770007,-0.011499286378762841
0.0076,-0.0025,-0.7850268541084178,0.012277555020125125,-0.012684968295335103
0.0077,-0.0025,-0.7743722912907927,0.01144972386197611,-0.013998223518083714
0.0078,-0.0025,-0.7599601980392874,0.010506778252346489,-0.015516214460145408
0.0079,-0.0025,-0.7460793665917985,0.009508775531289392,-0.017261722280755135
0.008,-0.0025,-0.7328313955515424,0.008436998190503463,-0.01920001464785593
0.0081,-0.0025,-0.7160053170864087,0.007267310047519234,-0.021510307948970138
0.0082,-0.0025,-0.6998202849222145,0.005981392771842484,-0.02403940903990909
0.0083,-0.0025,-0.677199169406416,0.004620891588666194,-0.026993602467879407
0.0084,-0.0025,-0.6559783100984041,0.0031328225120098893,-0.030337544584179685
0.0085,-0.0025,-0.6307250484676055,0.0015657128421318204,-0.0340443679905197
0.0086,-0.0025,-0.6014850263131657,-9.465924270524382e-05,-0.03819155202485737
0.0087,-0.0025,-0.5694368209255203,-0.0017420577056177146,-0.0426518637433178
0.0088,-0.0025,-0.5391855140048848,-0.0033506524976328333,-0.047176880906198815
0.0089,-0.0025,-0.48968216785251534,-0.0049148051031382735,-0.05173700805649262
0.009,-0.0025,-0.420881689354939,-0.006452830278233304,-0.055638014862538956
0.0091,-0.0025,-0.3152402873925197,-0.006791952150067024,-0.05932838971392251
0.0092,-0.0025,-0.30990037029046674,-0.005605465966774335,-0.06196361935180779
0.0093,-0.0025,-0.3875125340093626,-0.005279346043189092,-0.06232684176112862
0.0094,-0.0025,-0.3554051028532728,-0.007642539763813884,-0.06180178650536588
0.0095,-0.0025,-0.25856543602949106,-0.0068163655868695334,-0.05906257576836404
0.0096,-0.0025,-0.26590940983140365,-0.003914515441762641,-0.05199917036178693
0.0097,-0.0025,-0.27293088576053853,-0.002884193414882507,-0.04262931895556106
0.0098,-0.0025,-0.2607917122217428,-0.0018731648335244362,-0.030536738366050482
0.0099,-0.0025,-0.2659481025328017,-0.0005173624181120942,-0.016194003832506805
0.01,-0.0025,-0.2689249806671145,0.0,0.0
0.0,-0.0024,-0.22380649461888635,0.0,0.0
0.0001,-0.0024,-0.22104197859787297,5.258008158644232e-05,0.0024913339370630076
0.0002,-0.0024,-0.2164888142654798,8.911707431948581e-05,0.0048460590650218245
0.0003,-0.0024,-0.21354857818123305,0.0003345586395667216,0.007136147734490218
0.0004,-0.0024,-0.20926854296461578,0.000562620018718739,0.009374897770338156
0.0005,-0.0024,-0.20557421144432073,0.0008511471608052606,0.01145129826511384
0.0006,-0.0024,-0.20357243526615837,0.0012017040317311792,0.013369246423476984
0.0007,-0.0024,-0.20052893984380635,0.0015649400420814528,0.015173727556072792
0.0008,-0.0024,-0.1985792783418037,0.0019717112998524715,0.0168389417377918
0.0009,-0.0024,-0.1965800572423136,0.002411554851300407,0.018337368885924618
0.001,-0.0024,-0.19558910885459638,0.002829399216741891,0.01972642680757604
0.0011,-0.0024,-0.19489576983217113,0.0033226824517180926,0.020825544968237943
0.0012,-0.0024,-0.19561967906314304,0.0038909580651834714,0.021929197721816493
0.0013000000000000002,-0.0024,-0.19617851345565682,0.004388453553265162,0.02280946693819762
0.0014,-0.0024,-0.19822469244729454,0.004926783147832903,0.023556306730863223
0.0015,-0.0024,-0.2016245255432484,0.0054767318137013314,0.024230147828582
0.0016,-0.0024,-0.20540975129564462,0.00606907658188893,0.024708723146511236
0.0017,-0.0024,-0.21060281625915825,0.006643979900425348,0.02517248438260812
0.0018,-0.0024,-0.217599902397311,0.0071864888763958695,0.025474811994540703
0.0019,-0.0024,-0.2253780067785439,0.0077854180239303825,0.02570676824619794
0.002,-0.0024,-0.23476212429519078,0.008397672599985079,0.02584339294995064
0.0021,-0.0024,-0.24572459654722373,0.009009966495529556,0.025891740808406807
0.0022,-0.0024,-0.2582584723346189,0.009621246527900482,0.025891893879630923
0.0023,-0.0024,-0.27331212961912055,0.010246809405217284,0.025789925643481388
0.0024,-0.0024,-0.28845887853596136,0.010861257471428926,0.025638398170170187
0.0025,-0.0024,-0.3060030378655421,0.011514056718791766,0.025489346977931107
0.0026000000000000003,-0.0024,-0.3244532346979384,0.012117020689079789,0.02518767749730599
0.0027,-0.0024,-0.3447903251052744,0.012733969873025344,0.024902501503295423
0.0028,-0.0024,-0.36604072175243213,0.013342421685037376,0.024514341582409997
0.0029,-0.0024,-0.38819332045544924,0.013965431365224108,0.02409281455893829
0.003,-0.0024,-0.4118944412450096,0.014572207806267768,0.023637809960121336
0.0031,-0.0024,-0.4361026811772879,0.015172496444029399,0.023116964781948024
0.0032,-0.0024,-0.4610504307843988,0.01573903665495193,0.022576218767363845
0.0033000000000000004,-0.0024,-0.48707168912618143,0.016300542521456476,0.02198989463080624
0.0034,-0.0024,-0.5132230761925759,0.016876913512250263,0.021357226977903168
0.0034999999999999996,-0.0024,-0.5404101817805759,0.017387456221039817,0.020683709385921414
0.0036,-0.0024,-0.5672425565316185,0.017906644457497754,0.01998615342098488
0.0037,-0.0024,-0.5935036045431831,0.018407516640869842,0.01925159686226435
0.0038,-0.0024,-0.6203714459478805,0.01886969151392368,0.01850379435366711
0.0039,-0.0024,-0.6471764093900516,0.01931815995825753,0.017703818920380997
0.004,-0.0024,-0.67334858154319,0.01973070407488756,0.016885016420664905
0.0041,-0.0024,-0.6983385694064949,0.020115390241481193,0.016059042332342566
0.0042,-0.0024,-0.723029945683058,0.020488857986845535,0.015214944635005879
0.0043,-0.0024,-0.7466807784702812,0.02079359194122237,0.014353683281274633
0.0044,-0.0024,-0.7694359950362669,0.021098186024075267,0.01343785562463537
0.0045,-0.0024,-0.7910391523478447,0.021373413108389146,0.012585976371857516
0.0046,-0.0024,-0.8111561678534324,0.021581952284733637,0.01170043007419274
0.0047,-0.0024,-0.829378922043188,0.02180324932234449,0.010780116934001285
0.0048,-0.0024,-0.8465155533863963,0.021965481271229107,0.009915160011964632
0.0049,-0.0024,-0.862162085781772,0.02209008726998253,0.00903372405854763
0.005,-0.0024,-0.875292458159612,0.02218941090143285,0.0081303905685837
0.0051,-0.0024,-0.8877053043229226,0.022239130449934044,0.007239658620897306
0.005200000000000001,-0.0024,-0.8978083012895461,0.022264006991159397,0.006374625737993087
0.0053,-0.0024,-0.9064569345064011,0.022258919553044675,0.005501656223804237
0.0054,-0.0024,-0.912826293137391,0.02223047892490324,0.004678499046317399
0.0055,-0.0024,-0.9165117295070438,0.022150626320480548,0.003828964357223569
0.0056,-0.0024,-0.9196323004590602,0.022018490632844168,0.0030449696238219175
0.005700000000000001,-0.0024,-0.9212353538434994,0.021886019028092424,0.002277961312619857
0.0058,-0.0024,-0.9203089181036721,0.021707262710316387,0.0014898639371557487
0.0059,-0.0024,-0.9194123779463999,0.02148966032209248,0.0007827202412414342
0.006,-0.0024,-0.9146799278761243,0.02126462923543643,7.298111754442532e-05
0.0061,-0.0024,-0.910382470171781,0.021006648005845827,-0.0006298502159829341
0.0062,-0.0024,-0.9045902724964837,0.020681626606636277,-0.0013190495952511913
0.0063,-0.0024,-0.8958482849220262,0.02034207404600607,-0.0019872956032265807
0.0064,-0.0024,-0.888902838690466,0.019975602462060676,-0.0025939618903207174
0.006499999999999999,-0.0024,-0.8808047171444642,0.01953177400612198,-0.003272230708069724
0.006600000000000001,-0.0024,-0.8688338598754525,0.019139509827933894,-0.003875510323443999
0.0067,-0.0024,-0.8566348527603435,0.018708872461225177,-0.004525415827202362
0.0068,-0.0024,-0.8482930208490669,0.018159957436022424,-0.005161419818046429
0.0069,-0.0024,-0.83699027223494,0.017645021530349494,-0.00582301794706621
0.006999999999999999,-0.0024,-0.8235090710240872,0.017144557313729474,-0.006507208245525047
0.007100000000000001,-0.0024,-0.816565018336194,0.016553997779370395,-0.007219108499434093
0.0072,-0.0024,-0.8045883227832205,0.015949761796504484,-0.007989263807829775
0.0073,-0.0024,-0.792812624399105,0.015306522213164904,-0.008848184608148667
0.0074,-0.0024,-0.7800233048317847,0.014634794242115431,-0.009747221882030907
0.0075,-0.0024,-0.7687730207312842,0.013930004811207194,-0.010750668384328142
0.0076,-0.0024,-0.7557065442999773,0.013177865550694529,-0.011869806191005907
0.0077,-0.0024,-0.7447450656163719,0.012332860813101938,-0.013155370955561166
0.0078,-0.0024,-0.7299381199571825,0.011440796822737041,-0.014583880770369843
0.0079,-0.0024,-0.717001603284433,0.010489645098503865,-0.01619764755729534
0.008,-0.0024,-0.6999914565304115,0.009455206591051181,-0.018111708977093337
0.0081,-0.0024,-0.6870566983258445,0.008331759621180481,-0.020264084537815016
0.0082,-0.0024,-0.6682792739488634,0.007061023824550385,-0.02275281594213781
0.0083,-0.0024,-0.6495294069005558,0.005757574918604878,-0.02558024790454654
0.0084,-0.0024,-0.6251717540217416,0.004279114191495278,-0.028775114264068005
0.0085,-0.0024,-0.5998516878342206,0.002729814447104717,-0.03241738261882498
0.0086,-0.0024,-0.5706606853623606,0.0010773987295908157,-0.0364637456543004
0.0087,-0.0024,-0.5377155067317818,-0.0006307283434122326,-0.04079397757755648
0.0088,-0.0024,-0.49799321536464985,-0.002283010316026368,-0.045486232853558496
0.0089,-0.0024,-0.4472013258236965,-0.0038714176653877165,-0.0503069379095642
0.009,-0.0024,-0.4359773862842593,-0.005033689890586085,-0.05494949471617251
0.0091,-0.0024,-0.5342249270569214,-0.005533212873849468,-0.05878745311266712
0.0092,-0.0024,-0.49125465161562715,-0.0064383835094459375,-0.061651834503537783
0.0093,-0.0024,-0.3274449391018235,-0.006204095998739192,-0.06361915020018212
0.0094,-0.0024,-0.33359198659956135,-0.004705435722247509,-0.06207838762110305
0.0095,-0.0024,-0.27449921554395446,-0.005871341285301354,-0.05897787422802893
0.0096,-0.0024,-0.2228745730667696,-0.004815807556588054,-0.053018714552575424
0.0097,-0.0024,-0.25103623832431876,-0.002849836806829984,-0.0442037142479664
0.0098,-0.0024,-0.22543682025017917,-0.0015904483813636934,-0.031619555226955094
0.0099,-0.0024,-0.23199843466373254,-0.0004964935192478786,-0.016858378156677938
0.01,-0.0024,-0.2335023637736084,0.0,0.0
0.0,-0.0023,-0.21893241752950124,0.0,0.0
0.0001,-0.0023,-0.21614127849492484,6.303050605645387e-05,0.002424530567875217
0.0002,-0.0023,-0.21464523138503847,0.00015708202028889536,0.004717339136026023
0.0003,-0.0023,-0.2091031687464062,0.0003154718773675858,0.006939937581995315
0.0004,-0.0023,-0.20633007325213285,0.0005362314924978413,0.009094969513889167
0.0005,-0.0023,-0.2025268483117628,0.0007984080312801616,0.011118759571151972
0.0006,-0.0023,-0.19893489202524137,0.001117058162124823,0.01302390425000869
0.0007,-0.0023,-0.19502415534536144,0.001462908939255754,0.014790627219788261
0.0008,-0.0023,-0.193932089697217,0.0018649358242439893,0.01640908695938185
0.0009,-0.0023,-0.19084198122356208,0.002286768102121205,0.01788026279751911
0.001,-0.0023,-0.18890177422375365,0.0027711221869022315,0.019173429969229286
0.0011,-0.0023,-0.18731312332684347,0.0032782436468971016,0.020362883512511545
0.0012,-0.0023,-0.18732937926119825,0.003847980363872959,0.021347668618437177
0.0013000000000000002,-0.0023,-0.18824909121341377,0.004378545573653908,0.022245630356570508
0.0014,-0.0023,-0.18852234285059402,0.004863015234910226,0.02303930618192612
0.0015,-0.0023,-0.1903177830201688,0.005501683545166159,0.023571980736572958
0.0016,-0.0023,-0.19262982498809758,0.006081670897017779,0.02417068806662233
0.0017,-0.0023,-0.19718044802883014,0.006676622946093669,0.024594021211917512
0.0018,-0.0023,-0.2036154667459101,0.00729909227844284,0.024846165090223853
0.0019,-0.0023,-0.21104218733345712,0.007923194821614665,0.025105653131901308
0.002,-0.0023,-0.21982172737065095,0.008586113447120222,0.025197484890036866
0.0021,-0.0023,-0.2296753205380072,0.00922010571633564,0.025277044713118868
0.0022,-0.0023,-0.24197837264516658,0.009858256676818082,0.02522969292955556
0.0023,-0.0023,-0.2556308657464218,0.010517430217394881,0.025154573724264797
0.0024,-0.0023,-0.2704894271785626,0.011179735589844197,0.02501498675830049
0.0025,-0.0023,-0.287317063096622,0.011840557770075893,0.024818038235330978
0.0026000000000000003,-0.0023,-0.30523667810040694,0.012532964682151421,0.024580408292874764
0.0027,-0.0023,-0.3246996439546319,0.013153655612049063,0.02423017134519594
0.0028,-0.0023,-0.34546350513973456,0.013822431551449445,0.02388031216477235
0.0029,-0.0023,-0.3677819320395939,0.014449767393777799,0.023456622768735304
0.003,-0.0023,-0.3909871174587798,0.015102821713692031,0.023012766645979305
0.0031,-0.0023,-0.4148086277553791,0.015701422112804782,0.022534060186132607
0.0032,-0.0023,-0.4397460679127727,0.0163411682753419,0.021998475782736136
0.0033000000000000004,-0.0023,-0.46548365501737254,0.016925146017845765,0.021416305443153753
0.0034,-0.0023,-0.4913303344616385,0.01749193890239403,0.020798475812602052
0.0034999999999999996,-0.0023,-0.5185174718924712,0.01804555364924659,0.020154372115111147
0.0036,-0.0023,-0.5453015166420612,0.018588958123470393,0.01946057453920587
0.0037,-0.0023,-0.5717547449391004,0.019102990578409848,0.018757836152701463
0.0038,-0.0023,-0.5984696662032587,0.019591587510422545,0.018029456289088724
0.0039,-0.0023,-0.6252559703936689,0.02005539965172848,0.017245075247452214
0.004,-0.0023,-0.6512153075088651,0.020476003308325465,0.016485349581510943
0.0041,-0.0023,-0.6760651201557625,0.020878537147854606,0.01566685807770014
0.0042,-0.0023,-0.7012459811421466,0.021236750434054853,0.014861533833691626
0.0043,-0.0023,-0.7251603749011204,0.02158775876834898,0.014023734293986229
0.0044,-0.0023,-0.7474048676110213,0.021908334783715153,0.013201589298384907
0.0045,-0.0023,-0.7688665432554264,0.022178905444030145,0.01232573059534135
0.0046,-0.0023,-0.7887072180759391,0.022402499934481724,0.011458917169658743
0.0047,-0.0023,-0.8073442684968455,0.022606420056949447,0.010616542363254572
0.0048,-0.0023,-0.824357125787075,0.022781090090941588,0.00975122841074492
0.0049,-0.0023,-0.8401801922596118,0.022908231402992016,0.008882872700478873
0.005,-0.0023,-0.8535924458808742,0.022998252202931724,0.008021709511687928
0.0051,-0.0023,-0.865761938466777,0.023074859741089738,0.007206669343030204
0.005200000000000001,-0.0023,-0.8757717967349642,0.023069272667713272,0.006348294419909587
0.0053,-0.0023,-0.8845349914788072,0.02308584106979636,0.005541322697165414
0.0054,-0.0023,-0.8907117471930246,0.023042240039696293,0.004722904889227587
0.0055,-0.0023,-0.8952119959166588,0.02293068400334346,0.003972234395562906
0.0056,-0.0023,-0.8985554559479967,0.022831526296341935,0.0031841166971167075
0.005700000000000001,-0.0023,-0.8993911556345598,0.02265708326249788,0.002422498789428771
0.0058,-0.0023,-0.8987440297640918,0.02248841254372921,0.0017090372853479274
0.0059,-0.0023,-0.8966813363039151,0.022237544690836976,0.0010038288671817247
0.006,-0.0023,-0.8922703842262073,0.022019931619694545,0.0003301258378269978
0.0061,-0.0023,-0.8882088030571968,0.02173537492310364,-0.00036195533372742933
0.0062,-0.0023,-0.8818992862394278,0.02141484753412808,-0.0009385507777149803
0.0063,-0.0023,-0.8730014446167305,0.02105603631372811,-0.0016209287979312107
0.0064,-0.0023,-0.8653225395161359,0.020679811736252524,-0.0022124961940323813
0.006499999999999999,-0.0023,-0.8565415840395165,0.020270026169674805,-0.0028362157633828877
0.006600000000000001,-0.0023,-0.8455893720173461,0.019887744491247868,-0.003441015791722155
0.0067,-0.0023,-0.8360192846659042,0.019398932396772386,-0.0040479127302612775
0.0068,-0.0023,-0.8242252083663063,0.018976984469420994,-0.004668910498589193
0.0069,-0.0023,-0.8140512853287055,0.01844834891570449,-0.0052920395790376044
0.006999999999999999,-0.0023,-0.8010748823588861,0.017892877039438114,-0.005946902040686814
0.007100000000000001,-0.0023,-0.7921812526192752,0.017327628073020074,-0.006656104490941964
0.0072,-0.0023,-0.7787901011200713,0.016724713433109193,-0.007382442085473305
0.0073,-0.0023,-0.7662510918403652,0.016109993636321252,-0.00816542020692384
0.0074,-0.0023,-0.7564840688952494,0.015441948721233152,-0.009051701120753236
0.0075,-0.0023,-0.7419572651480325,0.014757189994719828,-0.010027983218192224
0.0076,-0.0023,-0.727058014749276,0.014008002567199338,-0.011092857377453538
0.0077,-0.0023,-0.7185906251701473,0.013208243432297113,-0.012309919245545912
0.0078,-0.0023,-0.7010453776488322,0.012374427462066503,-0.013674389488166204
0.0079,-0.0023,-0.6878950666471648,0.011466252975309286,-0.015237064847031273
0.008,-0.0023,-0.6743137920940178,0.010467858635004412,-0.017077182319023002
0.0081,-0.0023,-0.6552602954609702,0.0093933520579935,-0.019097499087779624
0.0082,-0.0023,-0.6360385378661076,0.008189930952811944,-0.02145208914474114
0.0083,-0.0023,-0.6167822356238098,0.0068681816516582,-0.024188909846892995
0.0084,-0.0023,-0.5934513509061308,0.005467598238932156,-0.027286109532926775
0.0085,-0.0023,-0.5672222741170972,0.003940503980766946,-0.03081236662819687
0.0086,-0.0023,-0.5390602411411985,0.002258101415481262,-0.034665040745391305
0.0087,-0.0023,-0.5059340468993194,0.000595040507209476,-0.03913113040007191
0.0088,-0.0023,-0.46830572161869,-0.0010786034456064,-0.04388904678845238
0.0089,-0.0023,-0.43640962239084125,-0.0025673971980224764,-0.048772055117663
0.009,-0.0023,-0.4026737993553403,-0.003916341134874055,-0.053927278687765604
0.0091,-0.0023,-0.3382653309914269,-0.005654154925228538,-0.05887352086546276
0.0092,-0.0023,-0.1991933704242467,-0.006822334731477417,-0.062057351688952656
0.0093,-0.0023,-0.14588325454032444,-0.007007700974722743,-0.0641771889443905
0.0094,-0.0023,-0.24994007747969096,-0.004603530983917914,-0.06460121342756456
0.0095,-0.0023,-0.09661315910159668,-0.0045194779164274826,-0.05995252580067452
0.0096,-0.0023,-0.259498529956677,-0.004404217699646439,-0.05454955394554162
0.0097,-0.0023,-0.18441152157023258,-0.003268530797372471,-0.045777683246616165
0.0098,-0.0023,-0.18736374836306527,-0.0016510829238322033,-0.03339680723795393
0.0099,-0.0023,-0.18509324381160308,-0.0006845513198084614,-0.017782487190948788
0.01,-0.0023,-0.186686525600521,0.0,0.0
0.0,-0.0022,-0.20911486477194546,0.0,0.0
0.0001,-0.0022,-0.2124164564991289,6.554537665501833e-05,0.002355571855993586
0.0002,-0.0022,-0.21098966772422112,0.0002502286388807975,0.004610695724427408
0.0003,-0.0022,-0.20506263143911022,0.0002889627949250364,0.006793146088299661
0.0004,-0.0022,-0.20178930085580993,0.0004967242733242539,0.008878724845295878
0.0005,-0.0022,-0.19735133375544764,0.0007375163184219304,0.010821480375808493
0.0006,-0.0022,-0.19469952663675508,0.0010382213810688444,0.012678410980580763
0.0007,-0.0022,-0.19131410980683483,0.0013513220290016438,0.014417632363071173
0.0008,-0.0022,-0.18686616285541124,0.0017811549137866124,0.0159979586823481
0.0009,-0.0022,-0.18497700993963156,0.0021977279111240955,0.017424106400623814
0.001,-0.0022,-0.18257021116477004,0.0026602584343780873,0.018714264949357556
0.0011,-0.0022,-0.17970811046381163,0.0031818173819053936,0.01983448029462581
0.0012,-0.0022,-0.1776867682949724,0.003709685767553129,0.02086479775183274
0.0013000000000000002,-0.0022,-0.17839379348340892,0.004273809914666591,0.021681458292629727
0.0014,-0.0022,-0.17805440998482458,0.004834089956829067,0.02242600379779854
0.0015,-0.0022,-0.17866622550205835,0.005409015188675201,0.022999333744971664
0.0016,-0.0022,-0.1812028387762854,0.0060420546734602405,0.023533316236669696
0.0017,-0.0022,-0.18387178236063706,0.00673860997187532,0.023934743161246365
0.0018,-0.0022,-0.18912645728058447,0.007335142738935211,0.02424247929794446
0.0019,-0.0022,-0.1952007434888269,0.007994011708428672,0.02440073742845556
0.002,-0.0022,-0.20347414603518968,0.008662735581622472,0.024574871813747227
0.0021,-0.0022,-0.21322555033372953,0.009339552570964577,0.024583344450631022
0.0022,-0.0022,-0.22429221315586562,0.01004033550712947,0.024597079854901144
0.0023,-0.0022,-0.23699033372358175,0.010705625207170583,0.024508140953945788
0.0024,-0.0022,-0.25163814457472267,0.011416737306755785,0.024347194907800025
0.0025,-0.0022,-0.2679963775515733,0.012100470198362077,0.024133657348933316
0.0026000000000000003,-0.0022,-0.2855039854301784,0.012817478537098824,0.023907392804725203
0.0027,-0.0022,-0.30447590919991474,0.013512926022801332,0.023578685685286618
0.0028,-0.0022,-0.32507570424965876,0.0141977155420289,0.023234753029108737
0.0029,-0.0022,-0.3466300214666714,0.014858724249798588,0.02282275358644896
0.003,-0.0022,-0.3692372263841976,0.015520323357218986,0.02237562374284573
0.0031,-0.0022,-0.39323220174380163,0.016202695286652816,0.021890322383529687
0.0032,-0.0022,-0.41803744289399913,0.016800511767755762,0.02138043391483904
0.0033000000000000004,-0.0022,-0.44387075356976563,0.017425598185247925,0.020809697617147745
0.0034,-0.0022,-0.46968772986731877,0.018047157628326812,0.020214325746198403
0.0034999999999999996,-0.0022,-0.4960129944362538,0.018621371119434894,0.019592933639417415
0.0036,-0.0022,-0.5228063258427601,0.019176844989333766,0.01893310590051334
0.0037,-0.0022,-0.5496601628318541,0.01971994027939601,0.01825638778020985
0.0038,-0.0022,-0.5761923698106768,0.020212477823826944,0.01753707502364017
0.0039,-0.0022,-0.6026094808469108,0.020691752705851663,0.016810555807773044
0.004,-0.0022,-0.6283097864845867,0.02114270268278481,0.01605170870996579
0.0041,-0.0022,-0.65465578343528,0.02157454020840236,0.015273004976358785
0.0042,-0.0022,-0.6785663198051186,0.02194927596028952,0.014492240076352426
0.0043,-0.0022,-0.7020024924550075,0.022309570663442843,0.013699438780568602
0.0044,-0.0022,-0.7251151642527227,0.022624732943472507,0.012875896712948039
0.0045,-0.0022,-0.7471194979395752,0.022900490160468634,0.012057615809148785
0.0046,-0.0022,-0.7664706941511817,0.02315860992696568,0.011239630411120667
0.0047,-0.0022,-0.7855624176297636,0.023341455728883576,0.010417801661716814
0.0048,-0.0022,-0.8027088506543092,0.02353704495297403,0.009565362280054427
0.0049,-0.0022,-0.8180824627931502,0.023663987977372715,0.008788775477616877
0.005,-0.0022,-0.8318008937113069,0.023761185798676,0.007936289621065637
0.0051,-0.0022,-0.8439922551675013,0.023810605530971148,0.0071575853700004514
0.005200000000000001,-0.0022,-0.8543368188429026,0.0238176115582256,0.0063777066761156916
0.0053,-0.0022,-0.8626071165275764,0.023836127681078786,0.005548005666127335
0.0054,-0.0022,-0.8693249825434043,0.023781128071601695,0.004815089966798832
0.0055,-0.0022,-0.8738393139648332,0.02367986046370438,0.004039889707396801
0.0056,-0.0022,-0.8768437822010106,0.02355974459674408,0.0033526184035459422
0.005700000000000001,-0.0022,-0.8786491573767307,0.02343265009024845,0.0025829379603564693
0.0058,-0.0022,-0.877887504949398,0.023205095804062287,0.0019096618233757003
0.0059,-0.0022,-0.8744360120570261,0.023004777629164138,0.0012226904154216045
0.006,-0.0022,-0.8715974011060914,0.022748378847956465,0.0005885874056263496
0.0061,-0.0022,-0.8673317972800737,0.022437969397898678,-3.5586595894771326e-05
0.0062,-0.0022,-0.8603877497500797,0.02211401203131879,-0.0006480923061044368
0.0063,-0.0022,-0.8520676039802245,0.02180496566322335,-0.001258072894021951
0.0064,-0.0022,-0.8445677423840561,0.02139163151425848,-0.0018234126176364523
0.006499999999999999,-0.0022,-0.8356377444628478,0.021028588100074297,-0.002417726717203355
0.006600000000000001,-0.0022,-0.8257226157992621,0.020630677636010005,-0.0029892900576553396
0.0067,-0.0022,-0.8160202686309055,0.020127303111600554,-0.0035784058079221083
0.0068,-0.0022,-0.8019328425191279,0.019645986551304187,-0.004179953718810149
0.0069,-0.0022,-0.7940932403824077,0.019168886382861794,-0.004769161908603985
0.006999999999999999,-0.0022,-0.7816472701560245,0.018624230675169835,-0.005410962443225897
0.007100000000000001,-0.0022,-0.7669758528692315,0.018066289015060504,-0.006081781597376693
0.0072,-0.0022,-0.7560347911449965,0.01750102686667904,-0.0067832733543744615
0.0073,-0.0022,-0.7447337520455367,0.016884846531040536,-0.007564465287689934
0.0074,-0.0022,-0.7323676534577214,0.01625146949844899,-0.008392702404705047
0.0075,-0.0022,-0.7186087764300912,0.015568525777943838,-0.009320112325158305
0.0076,-0.0022,-0.7069301423649909,0.014867282276285313,-0.010335101332762062
0.0077,-0.0022,-0.6894404432943279,0.014101665133965383,-0.011496884780541455
0.0078,-0.0022,-0.6766754601535129,0.013302584453786272,-0.012819022615686435
0.0079,-0.0022,-0.6627966059666083,0.012411331199344603,-0.01430173132891682
0.008,-0.0022,-0.6438983816781112,0.011478265983344458,-0.01600803139228114
0.0081,-0.0022,-0.6257724671842696,0.010424943371736405,-0.017988913798808504
0.0082,-0.0022,-0.6034983563272401,0.009280725571343606,-0.020199361695977126
0.0083,-0.0022,-0.58350032526801,0.00801910371317716,-0.022861165955255516
0.0084,-0.0022,-0.5597242444675912,0.006628137918467271,-0.02588219186411639
0.0085,-0.0022,-0.5329233909148474,0.005151464145531626,-0.02924467633781567
0.0086,-0.0022,-0.5023313786786145,0.003479546654313251,-0.03323421050644443
0.0087,-0.0022,-0.47041395093014016,0.0017655355694144296,-0.03736238607977978
0.0088,-0.0022,-0.4366189191557712,5.373410514348809e-05,-0.042240083334081024
0.0089,-0.0022,-0.39846364950055596,-0.0016149760738924164,-0.047218940482828375
0.009,-0.0022,-0.35043442173910205,-0.0031422109749322073,-0.05226177936201263
0.0091,-0.0022,-0.27018258359222397,-0.004824368920885581,-0.0565211654641747
0.0092,-0.0022,-0.19539299099230562,-0.005253600625711316,-0.05996016865241097
0.0093,-0.0022,-0.2065191803210772,-0.004830093485579438,-0.06302881068983467
0.0094,-0.0022,-0.3605282548804432,-0.005867012730425932,-0.06264041140690178
0.0095,-0.0022,-0.1635012164265473,-0.005537064844485529,-0.06009056109604103
0.0096,-0.0022,-0.14463498739826258,-0.004240397392537432,-0.05584537643746739
0.0097,-0.0022,-0.13696811646030507,-0.003219410899737938,-0.04712613950211106
0.0098,-0.0022,-0.13320215602469213,-0.0018050808346300802,-0.03452873097353445
0.0099,-0.0022,-0.1340163528251297,-0.000543893601981322,-0.01861722318015124
0.01,-0.0022,-0.13356986165645351,0.0,0.0
0.0,-0.0021,-0.2025514858232004,0.0,0.0
0.0001,-0.0021,-0.20671241294435094,2.545252463889573e-05,0.0022894820726128344
0.0002,-0.0021,-0.20666524603821415,0.00021517433660559412,0.00448843269178966
0.0003,-0.0021,-0.2006787830084819,0.0002286508531059189,0.006601322805018466
0.0004,-0.0021,-0.19599477882500177,0.00042621608623743764,0.008671351243608847
0.0005,-0.0021,-0.19101055058275454,0.0006390762015644253,0.010582976640765351
0.0006,-0.0021,-0.18798394837031218,0.0009181382157261311,0.012355008050496753
0.0007,-0.0021,-0.18359658625554262,0.0012507425550231618,0.014040042907013906
0.0008,-0.0021,-0.180317429129985,0.0016180630928924328,0.015587005607550802
0.0009,-0.0021,-0.17775804138626108,0.002026034880655801,0.01699446323541951
0.001,-0.0021,-0.17494746940149952,0.0025035033277325657,0.01824748442605792
0.0011,-0.0021,-0.17121225906031717,0.0030093306289518517,0.019310361034178675
0.0012,-0.0021,-0.1688366880534539,0.0035555980879934095,0.020325537535094196
0.0013000000000000002,-0.0021,-0.1673349353705425,0.004095944231480103,0.021143316774765247
0.0014,-0.0021,-0.16643024920965657,0.004701088514010069,0.021795175316573302
0.0015,-0.0021,-0.16569525710101818,0.005310163970833227,0.02248577265678279
0.0016,-0.0021,-0.1673124925640776,0.005881156422309601,0.022899984976685057
0.0017,-0.0021,-0.16984778122611766,0.006609274091822437,0.023257832914239013
0.0018,-0.0021,-0.17376549854873916,0.007271124989868143,0.023568823330258115
0.0019,-0.0021,-0.17966016668635243,0.007984640733794294,0.02374702499314777
0.002,-0.0021,-0.1866798353948776,0.008682521407165425,0.023854315275653792
0.0021,-0.0021,-0.194783309245414,0.009407815797298645,0.023893221592950875
0.0022,-0.0021,-0.20605801503226465,0.010109158556047666,0.02388322411518863
0.0023,-0.0021,-0.21772562519185637,0.010838035207104565,0.02378838721908965
0.0024,-0.0021,-0.2320909900686507,0.011576708224109859,0.023627677587413704
0.0025,-0.0021,-0.24708328259250384,0.012282771673362215,0.023429699659219486
0.0026000000000000003,-0.0021,-0.26461000033346044,0.013057810174770874,0.023177265857922274
0.0027,-0.0021,-0.28319404908618123,0.013763762434288921,0.02287547146944381
0.0028,-0.0021,-0.3033320625338603,0.014463840283982662,0.022521382676947435
0.0029,-0.0021,-0.3247816806471168,0.015168668997681113,0.02214223915106969
0.003,-0.0021,-0.3474477102837392,0.015874635145808776,0.021683710440684307
0.0031,-0.0021,-0.37074441711165584,0.016547314728682688,0.021233575285419682
0.0032,-0.0021,-0.3958482060383017,0.017202036962364702,0.02073223392249024
0.0033000000000000004,-0.0021,-0.421120107701253,0.01786303123582805,0.020180512888650377
0.0034,-0.0021,-0.446824376196002,0.01850185906967837,0.019623294209238185
0.0034999999999999996,-0.0021,-0.4735261415086419,0.019093152610298623,0.019015475137956858
0.0036,-0.0021,-0.5000018642240355,0.019681242590884697,0.018376095749392907
0.0037,-0.0021,-0.5267109727745702,0.020244449870427568,0.01771895252608621
0.0038,-0.0021,-0.5535961971167743,0.020763283038406213,0.0170385790044911
0.0039,-0.0021,-0.5798913307689536,0.021269005221268542,0.01632941369854149
0.004,-0.0021,-0.6063993224494025,0.021727192787306542,0.015619769155226657
0.0041,-0.0021,-0.6316246281775576,0.02215114974665934,0.014867814761970988
0.0042,-0.0021,-0.6560992175120567,0.022573272059988204,0.01412772452700959
0.0043,-0.0021,-0.6799499197640045,0.02292685617998625,0.013350040999858993
0.0044,-0.0021,-0.7032118287078353,0.023249129608082293,0.012571997922790894
0.0045,-0.0021,-0.7248411224371856,0.023554527011130557,0.01182249670181128
0.0046,-0.0021,-0.744749226117145,0.023806583155851112,0.011004320412940506
0.0047,-0.0021,-0.7635817937757106,0.024019202748455107,0.01023029342822238
0.0048,-0.0021,-0.7809164111055166,0.024202784891576377,0.009425801543856308
0.0049,-0.0021,-0.796549056093988,0.024329634430627477,0.008669753811551604
0.005,-0.0021,-0.8101764071603346,0.02443369936020942,0.007878825990172731
0.0051,-0.0021,-0.8229961539656216,0.024503502738900004,0.007119967338451667
0.005200000000000001,-0.0021,-0.8335037136725878,0.024532275146839134,0.006344028057544449
0.0053,-0.0021,-0.8417274538633549,0.024500552954381513,0.005620480518901787
0.0054,-0.0021,-0.8484291898639377,0.02446704406603767,0.004871399224478483
0.0055,-0.0021,-0.8533661460714046,0.024367383451503733,0.004123840460743712
0.0056,-0.0021,-0.8566192756007687,0.02424988072699179,0.003438000568855146
0.005700000000000001,-0.0021,-0.8583404325486125,0.024116031668322987,0.0028010070564827376
0.0058,-0.0021,-0.8572891228003753,0.02390015807153066,0.0021406230076701873
0.0059,-0.0021,-0.855645898372697,0.023711960185380413,0.001468415721983748
0.006,-0.0021,-0.8525017161750529,0.023426641056953038,0.000844776203633541
0.0061,-0.0021,-0.8478465647319157,0.023138177130399867,0.00026217918929088773
0.0062,-0.0021,-0.8422317593819215,0.02282677331957197,-0.00031994888542494215
0.0063,-0.0021,-0.8318435571496852,0.022477789404985443,-0.0008885685414886532
0.0064,-0.0021,-0.8267896491775324,0.02212094071193373,-0.0014895279865156455
0.006499999999999999,-0.0021,-0.8166521469153194,0.021711538478816392,-0.0020006953190292867
0.006600000000000001,-0.0021,-0.8060665576635606,0.02131285679565742,-0.0025836985949495386
0.0067,-0.0021,-0.7952890033249518,0.020871262244575275,-0.003124101666525999
0.0068,-0.0021,-0.782502389194372,0.02038388201215758,-0.0036912875335468
0.0069,-0.0021,-0.7722909215717992,0.01986294841890219,-0.004276581733359255
0.006999999999999999,-0.0021,-0.7590729291784215,0.01937504198999275,-0.004874545634379664
0.007100000000000001,-0.0021,-0.7474373139298,0.018864316826673742,-0.005519914946505064
0.0072,-0.0021,-0.7340366734242211,0.01828317792170416,-0.006196709390963319
0.0073,-0.0021,-0.7226058205241963,0.017727024768896312,-0.006939765333261333
0.0074,-0.0021,-0.7084200439749857,0.01707147108167342,-0.007742160006413862
0.0075,-0.0021,-0.6944901854615608,0.01643328822213824,-0.008647313731055584
0.0076,-0.0021,-0.6816533033987471,0.015734399051955058,-0.009654649685082232
0.0077,-0.0021,-0.6674278939991919,0.015000506513719966,-0.01073097481190792
0.0078,-0.0021,-0.6489830931751939,0.014230706404576741,-0.012003077592074758
0.0079,-0.0021,-0.6336231559270301,0.013409509551670088,-0.013378689728301607
0.008,-0.0021,-0.6123159142681825,0.012488915436207244,-0.01501341920562758
0.0081,-0.0021,-0.5944488313909265,0.011483708290825605,-0.016953531467239918
0.0082,-0.0021,-0.5755028763072387,0.010388207781698166,-0.019112243805228652
0.0083,-0.0021,-0.5501311998316372,0.009201161733504505,-0.021497034033022337
0.0084,-0.0021,-0.5242673189886627,0.0078601630180527,-0.024347073259649455
0.0085,-0.0021,-0.49566370834348145,0.006406464295168172,-0.027673687478766792
0.0086,-0.0021,-0.4646924314768834,0.004698659585235746,-0.03147505080626555
0.0087,-0.0021,-0.4305215010626361,0.0030261839918528555,-0.03569492358702398
0.0088,-0.0021,-0.3925652297094221,0.0011434633705922962,-0.040452611084759824
0.0089,-0.0021,-0.34770408709575595,-0.0007084201540745992,-0.04540305589285157
0.009,-0.0021,-0.2849269644586478,-0.0023784826397200537,-0.05060334387282237
0.0091,-0.0021,-0.27706723993653193,-0.003877470855976781,-0.05563701116077168
0.0092,-0.0021,-0.3759092301906434,-0.004364094701288251,-0.06044258100888942
0.0093,-0.0021,-0.2967098879697614,-0.004825199631251233,-0.06331115228444005
0.0094,-0.0021,-0.21476255760700974,-0.005958437029639953,-0.06521710403255591
0.0095,-0.0021,-0.1845994689269423,-0.005462692861416295,-0.06264204940748243
0.0096,-0.0021,-0.08679241047444648,-0.004740658775967993,-0.057008880663734496
0.0097,-0.0021,-0.05385375815330674,-0.0030459659992728596,-0.048326821689843154
0.0098,-0.0021,-0.08651465820378752,-0.0015611499135658059,-0.03559931675720932
0.0099,-0.0021,-0.08167869246969676,-0.000696702520928768,-0.01919779273219395
0.01,-0.0021,-0.07601484916508666,0.0,0.0
0.0,-0.002,-0.20002493226608872,0.0,0.0
0.0001,-0.002,-0.2030839848587254,3.5069701288359096e-05,0.0022311216223207028
0.0002,-0.002,-0.20042912313821354,0.00016385766954443782,0.004406579264898134
0.0003,-0.002,-0.19435886014367745,0.00016953897299986558,0.006466133424266604
0.0004,-0.002,-0.1900453096759574,0.0003443701454280447,0.00845559794314179
0.0005,-0.002,-0.18522732315572638,0.000527222255591713,0.010333212117371298
0.0006,-0.002,-0.18051495221131664,0.0007743785494483152,0.012086858046221647
0.0007,-0.002,-0.178041062852291,0.0010756644848748853,0.013712560141043618
0.0008,-0.002,-0.17412202332992635,0.0014206712561946962,0.015211116893891772
0.0009,-0.002,-0.1699904844662415,0.0018127309208697717,0.016552880237889357
0.001,-0.002,-0.16528549366406295,0.0022746750392239404,0.01775224848581281
0.0011,-0.002,-0.16164508029499056,0.002720575115432304,0.018820148696473662
0.0012,-0.002,-0.15899158179459008,0.00331617191775509,0.01973796950979699
0.0013000000000000002,-0.002,-0.15503514283577632,0.003851856549390374,0.020547602555337812
0.0014,-0.002,-0.15411139297499987,0.004466978902351916,0.021251045648956385
0.0015,-0.002,-0.15375543809496806,0.005065471707870905,0.02176777778268477
0.0016,-0.002,-0.1525280113606027,0.0057651534666015095,0.02217573030156259
0.0017,-0.002,-0.15522561036926102,0.0064656080488137814,0.022641120406380357
0.0018,-0.002,-0.15827120841500958,0.007128349385545116,0.022850995824359576
0.0019,-0.002,-0.16189098690497955,0.007843764872299189,0.023023462423033145
0.002,-0.002,-0.16901066569167672,0.008599789078289637,0.02316699507854004
0.0021,-0.002,-0.17598565438774694,0.009340849850174705,0.023149424929779363
0.0022,-0.002,-0.18667766919448656,0.010090345493973512,0.023123058232956562
0.0023,-0.002,-0.19778163963886142,0.01087989043411222,0.023047682769409467
0.0024,-0.002,-0.21142946282774003,0.011630616948877005,0.0228702738092898
0.0025,-0.002,-0.2268020437951966,0.012404947495307411,0.02267675025165889
0.0026000000000000003,-0.002,-0.24264583954208638,0.013162510834383773,0.02244261326316339
0.0027,-0.002,-0.26170426506570993,0.013904736015449821,0.022125118503814163
0.0028,-0.002,-0.28106139488566895,0.014690105922812237,0.02179437219003634
0.0029,-0.002,-0.30242279780458536,0.0154047927660456,0.021411570443102653
0.003,-0.002,-0.32508170441895085,0.01613764492246669,0.021000438644168378
0.0031,-0.002,-0.34843164976934216,0.01685245957214079,0.020528662392774722
0.0032,-0.002,-0.37342072531811793,0.017545448248907042,0.020042032261638074
0.0033000000000000004,-0.002,-0.39879375784718124,0.018245067802750838,0.019523099203755143
0.0034,-0.002,-0.42415477248842276,0.01886842531288488,0.018988194711879455
0.0034999999999999996,-0.002,-0.45034841994768837,0.019505769559150246,0.018399607657400268
0.0036,-0.002,-0.47724873698449866,0.020077637040587976,0.017793952297853362
0.0037,-0.002,-0.5038549338350289,0.020659806261365186,0.017162983889871093
0.0038,-0.002,-0.5310916838068089,0.02121586687761781,0.016516247918799586
0.0039,-0.002,-0.5578072915734712,0.021740137515995236,0.01584210109963786
0.004,-0.002,-0.583868827999712,0.02223056760690438,0.015151658302164382
0.0041,-0.002,-0.6092702791729799,0.022690958335094727,0.014445062305124793
0.0042,-0.002,-0.6342279853803682,0.02309656947258075,0.013727848724630318
0.0043,-0.002,-0.6582613927293539,0.023485220507784697,0.013000636916269848
0.0044,-0.002,-0.680579559310883,0.023826662652736492,0.012264754589151716
0.0045,-0.002,-0.7029860118742554,0.02411305013851909,0.011526423762198501
0.0046,-0.002,-0.7230674454972612,0.024392062531614456,0.010771868675349634
0.0047,-0.002,-0.7424066305709779,0.02461127713837327,0.010012821244779941
0.0048,-0.002,-0.7596465432811289,0.02480061171737181,0.009252168233850869
0.0049,-0.002,-0.7756018579121474,0.024952592591532863,0.008531167540231314
0.005,-0.002,-0.7895511576970786,0.02505921214022713,0.007795558480874188
0.0051,-0.002,-0.801871183068286,0.02514550084054671,0.007032791780543154
0.005200000000000001,-0.002,-0.8126750721783365,0.025148944572561206,0.006336737342578433
0.0053,-0.002,-0.8212710116090093,0.025157647679147688,0.0056273195537705
0.0054,-0.002,-0.8280908934312813,0.025138319331093346,0.00495273689605839
0.0055,-0.002,-0.8338636072676285,0.025034954883856694,0.004269094067951656
0.0056,-0.002,-0.8364655191722389,0.02491667562860868,0.003558689757467372
0.005700000000000001,-0.002,-0.8380648468658551,0.024779328565360373,0.002945707421850937
0.0058,-0.002,-0.8380566643924157,0.024606478888225883,0.002345257374798552
0.0059,-0.002,-0.8360454663426276,0.024360264910101615,0.0017194798815519663
0.006,-0.002,-0.8322918763526947,0.02411683641989674,0.0011630049759948217
0.0061,-0.002,-0.8291149717400906,0.02386507323366357,0.000567726385417834
0.0062,-0.002,-0.8225095170472,0.02351203201115108,1.0348244937572262e-05
0.0063,-0.002,-0.814235040711976,0.02319051568701509,-0.0005274969434380363
0.0064,-0.002,-0.8068984509566752,0.02283514751243055,-0.001055253864232696
0.006499999999999999,-0.002,-0.7970903940669049,0.02243734325690923,-0.0016047347998108575
0.006600000000000001,-0.002,-0.788688773101086,0.021995208749717162,-0.0021272060671396493
0.0067,-0.002,-0.7751646013132749,0.02160936000865753,-0.0026737432108547014
0.0068,-0.002,-0.765141882372807,0.021135572619146094,-0.003224655132375905
0.0069,-0.002,-0.7532643818409934,0.020684604014564952,-0.0037645590937852563
0.006999999999999999,-0.002,-0.7412543523383119,0.020149487606551178,-0.004367020711369853
0.007100000000000001,-0.002,-0.7268059322499106,0.019649494473254658,-0.004974581764568687
0.0072,-0.002,-0.7132203817727661,0.019089784991317207,-0.00562939068319682
0.0073,-0.002,-0.7044767382407623,0.018520765094653314,-0.006347132504256909
0.0074,-0.002,-0.6878458829437784,0.017941764990800062,-0.007133235555789457
0.0075,-0.002,-0.6707312977940784,0.01731129189772599,-0.007975301295190907
0.0076,-0.002,-0.6574095178966101,0.016621476464843164,-0.008937058039191153
0.0077,-0.002,-0.6408973376582134,0.015965320308872294,-0.010009505383688083
0.0078,-0.002,-0.6230036448421847,0.015240909209386356,-0.011202910981765214
0.0079,-0.002,-0.6044188463097316,0.014429258697882492,-0.012592928050035796
0.008,-0.002,-0.5839066628089019,0.013533856833814509,-0.014073508425667333
0.0081,-0.002,-0.5626462883447222,0.012609170585070282,-0.01587730780950393
0.0082,-0.002,-0.5399864706093664,0.01154572388351874,-0.01795991064511121
0.0083,-0.002,-0.5152067280610063,0.010338325500015625,-0.020290296342765666
0.0084,-0.002,-0.48633593753953336,0.0090670748810291,-0.022967667558306107
0.0085,-0.002,-0.45764543849221073,0.00759119709222815,-0.02619354334483578
0.0086,-0.002,-0.4246459012861109,0.005967523480580071,-0.029720020688669548
0.0087,-0.002,-0.3879203833915652,0.00435073588295414,-0.033905002180883916
0.0088,-0.002,-0.3484469517914724,0.0024885420446164666,-0.038499481651777606
0.0089,-0.002,-0.3082103836608228,0.0006376391107143963,-0.04354665220090388
0.009,-0.002,-0.26975831883153856,-0.0012608301726032374,-0.048867662059696795
0.0091,-0.002,-0.21990031100740573,-0.002785362484295362,-0.05465870803339454
0.0092,-0.002,-0.15937932046074788,-0.004591510843814396,-0.060259175801802956
0.0093,-0.002,-0.12062147511190169,-0.005719505711185711,-0.06331442495021633
0.0094,-0.002,-0.0873558504967676,-0.004248461411032439,-0.06350254767953155
0.0095,-0.002,-0.0773347434763269,-0.0046191860414804544,-0.06339719679176999
0.0096,-0.002,0.026583450754977502,-0.005057318336953167,-0.05871308094809352
0.0097,-0.002,0.013685997943273447,-0.0025622985315780136,-0.04930316361499627
0.0098,-0.002,-0.0136436839081785,-0.0013765436600525437,-0.03674337055044063
0.0099,-0.002,-0.009533186584532229,-0.000628448364789114,-0.020001776867340823
0.01,-0.002,-0.0114131411291777,0.0,0.0
0.0,-0.0019,-0.1962733682405681,0.0,0.0
0.0001,-0.0019,-0.19722650864422706,3.9414878614036695e-05,0.0021685083697776937
0.0002,-0.0019,-0.19370878575461842,5.49494728107986e-05,0.004369770846126996
0.0003,-0.0019,-0.18637569694613831,0.00012179930050366396,0.0063897677623977805
0.0004,-0.0019,-0.18163973619909674,0.00022771395694177787,0.008297258456821222
0.0005,-0.0019,-0.1784273701331824,0.0003849418207263169,0.010147912446749147
0.0006,-0.0019,-0.17371386066893904,0.0005880141193576234,0.011833095329524862
0.0007,-0.0019,-0.1698827163579966,0.0008529772861727105,0.013426121500159344
0.0008,-0.0019,-0.16500744248747712,0.001155960886056481,0.014844044324502212
0.0009,-0.0019,-0.16126049913859747,0.001528486535587905,0.016136934066009807
0.001,-0.0019,-0.15564349653621987,0.0019105692559119106,0.01730633386567727
0.0011,-0.0019,-0.15081674756147273,0.0024384584991187642,0.01830164148848104
0.0012,-0.0019,-0.14792893375879243,0.0029409409688717237,0.019202648402417807
0.0013000000000000002,-0.0019,-0.14284496523385723,0.003540045597800408,0.019983130046341238
0.0014,-0.0019,-0.1407160302323825,0.0042142972834818045,0.02062509000866746
0.0015,-0.0019,-0.13885803185120632,0.0048235710668257815,0.021156090866854618
0.0016,-0.0019,-0.13772811514478667,0.005433662942772434,0.02152344505840694
0.0017,-0.0019,-0.13785858665952438,0.0062028416067318095,0.02190013098949357
0.0018,-0.0019,-0.14056971298759238,0.006867206479563084,0.02211883379246362
0.0019,-0.0019,-0.14438042506387497,0.007695489351125399,0.022251696075524224
0.002,-0.0019,-0.14989064538455776,0.008458316235673438,0.022381486117472427
0.0021,-0.0019,-0.15727166140196058,0.009251696572797527,0.02238895972405905
0.0022,-0.0019,-0.16636388814484054,0.010020427777902387,0.022363741945254784
0.0023,-0.0019,-0.1774816882082303,0.010793644863617995,0.02224510324389496
0.0024,-0.0019,-0.19040100076818517,0.011607740977409867,0.022118469573603618
0.0025,-0.0019,-0.2046722374305654,0.012412090723933298,0.02189961195992309
0.0026000000000000003,-0.0019,-0.22115323879404414,0.013185428552998627,0.021665889306046918
0.0027,-0.0019,-0.23921595552494274,0.013999934661050898,0.021370619402777458
0.0028,-0.0019,-0.258669898058403,0.014778743577744186,0.02103806954412557
0.0029,-0.0019,-0.2798939144278182,0.01556528591085486,0.020669037355479043
0.003,-0.0019,-0.3020950921886135,0.01629296181264404,0.020261925171442638
0.0031,-0.0019,-0.3258176177069378,0.017041425007716417,0.019828957628036534
0.0032,-0.0019,-0.35012618431187836,0.01776945957749776,0.019367869918781623
0.0033000000000000004,-0.0019,-0.37537096804476167,0.01846872317863669,0.018851602571414907
0.0034,-0.0019,-0.40113285557074624,0.019135707154558947,0.01832273896295031
0.0034999999999999996,-0.0019,-0.42757957881319747,0.01977687908327551,0.017769032728334227
0.0036,-0.0019,-0.4543844434594742,0.020414556310696982,0.01718986438358928
0.0037,-0.0019,-0.4811521483098816,0.020996276163678097,0.016598541203252576
0.0038,-0.0019,-0.5084444261596676,0.021565671196494593,0.015970825209541264
0.0039,-0.0019,-0.5348825180328937,0.02214070598112095,0.015330473651864835
0.004,-0.0019,-0.5608434524963074,0.022636258304582685,0.014674367668335806
0.0041,-0.0019,-0.5869200404227686,0.023108898420985357,0.014006222101406951
0.0042,-0.0019,-0.6117142446166693,0.02354751254158237,0.013322521520505573
0.0043,-0.0019,-0.6365297868410842,0.023925734098115003,0.012626954792306173
0.0044,-0.0019,-0.6589820956504114,0.024283110491908143,0.011934349378637138
0.0045,-0.0019,-0.6814414694501929,0.02460148965498414,0.011225909751605034
0.0046,-0.0019,-0.7016282196196308,0.02488716644201493,0.010522605058146606
0.0047,-0.0019,-0.7211750509126174,0.025135854837238642,0.009793041474622184
0.0048,-0.0019,-0.7386391025661588,0.025338378826557303,0.00909609139609381
0.0049,-0.0019,-0.7546076002337254,0.025495991605597915,0.008387204066653636
0.005,-0.0019,-0.7691067583266457,0.025621345147458736,0.007715864842694237
0.0051,-0.0019,-0.7819773159580699,0.025690640970370215,0.007013215119680879
0.005200000000000001,-0.0019,-0.7929908479581348,0.025742996381492897,0.006302423960725423
0.0053,-0.0019,-0.8018455206018129,0.02574906347499062,0.005670127126897001
0.0054,-0.0019,-0.8092005920111913,0.02572712332038836,0.004997525185721974
0.0055,-0.0019,-0.814156607916924,0.025646592018145245,0.0043394176116174675
0.0056,-0.0019,-0.8181026810343889,0.025544823887323178,0.0037286072723475266
0.005700000000000001,-0.0019,-0.8194526541701692,0.025400283259865958,0.0031339004538269233
0.0058,-0.0019,-0.81976136886888,0.025240683657697334,0.002539545144792151
0.0059,-0.0019,-0.8185292679982344,0.025014720835717198,0.0019721675069402462
0.006,-0.0019,-0.8152982312165162,0.024789907504748184,0.0013846273045350283
0.0061,-0.0019,-0.8098804208291619,0.024562847264191726,0.0008426572698254618
0.0062,-0.0019,-0.804534822738835,0.024207228196528735,0.0003199716423089721
0.0063,-0.0019,-0.7985979152322008,0.023893327386613594,-0.00020997835839915992
0.0064,-0.0019,-0.7908358311661136,0.02354748629887899,-0.0007175329606047651
0.006499999999999999,-0.0019,-0.7799463855689914,0.023211575203960957,-0.001244141758054079
0.006600000000000001,-0.0019,-0.7700258820323569,0.022753008391742782,-0.001720127430957498
0.0067,-0.0019,-0.7588790700828045,0.02237998175590422,-0.0022466785206748502
0.0068,-0.0019,-0.7492520693411637,0.021946279042834263,-0.002761878206541753
0.0069,-0.0019,-0.7370341545934855,0.02147979478146462,-0.003279498082662882
0.006999999999999999,-0.0019,-0.7217046181248044,0.02099220092507685,-0.0038470488484777833
0.007100000000000001,-0.0019,-0.710798033852683,0.020465200051084594,-0.004448326990489343
0.0072,-0.0019,-0.6975726208442516,0.019965800901762504,-0.005080948986719324
0.0073,-0.0019,-0.6823986395873284,0.019439675610419274,-0.0057707974283908855
0.0074,-0.0019,-0.6644444130986303,0.018834162171856052,-0.006539758121670023
0.0075,-0.0019,-0.6504881846087599,0.01825803314060596,-0.007370513896039982
0.0076,-0.0019,-0.6329650262135608,0.017622813035767813,-0.008267900967041674
0.0077,-0.0019,-0.6187370518778459,0.016966467077307017,-0.009293247090745816
0.0078,-0.0019,-0.5979797279021845,0.01625318280467949,-0.010474636211539655
0.0079,-0.0019,-0.5762609116247427,0.015445365178513576,-0.01178341919895136
0.008,-0.0019,-0.5559942133195536,0.014636255219342018,-0.013246453109356227
0.0081,-0.0019,-0.5313402060730996,0.013746214784719322,-0.014994896221829316
0.0082,-0.0019,-0.5062423700493794,0.01274827461573665,-0.016869178150613933
0.0083,-0.0019,-0.4811149075739647,0.01157616086975514,-0.01909920275917444
0.0084,-0.0019,-0.44848174634043275,0.01033092614394686,-0.021592290375243923
0.0085,-0.0019,-0.4176058748046978,0.008975956293941526,-0.02468458506303598
0.0086,-0.0019,-0.38151666930956785,0.00737710142332319,-0.02818649001440108
0.0087,-0.0019,-0.34280667601086046,0.005585209484506282,-0.032098849906914986
0.0088,-0.0019,-0.30104092136608335,0.0037465095947943703,-0.036625222085149595
0.0089,-0.0019,-0.2597234456470276,0.0019593843104506767,-0.04171851803815533
0.009,-0.0019,-0.23581909660752717,-0.00013515594114763308,-0.047171063098652
0.0091,-0.0019,-0.16342431158094875,-0.0018051041161543048,-0.05264157374260195
0.0092,-0.0019,-0.06254032408861934,-0.003647891922169282,-0.057912349428519194
0.0093,-0.0019,-0.06613383888325129,-0.00566834567812091,-0.061973241123885484
0.0094,-0.0019,-0.051705766515226084,-0.004852929788581944,-0.06323817676231828
0.0095,-0.0019,0.07794648776811486,-0.005575389505641289,-0.062485471256054026
0.0096,-0.0019,0.07137466158042481,-0.004694142601642196,-0.0578739501265841
0.0097,-0.0019,0.02178786442500672,-0.0027537872102356845,-0.05084809646735905
0.0098,-0.0019,0.05918543946510355,-0.001523172335806849,-0.03799842983531472
0.0099,-0.0019,0.06013346893336745,-0.0005347152292875956,-0.020791441722273853
0.01,-0.0019,0.057814386921417445,0.0,0.0
0.0,-0.0018,-0.19053655119920523,0.0,0.0
0.0001,-0.0018,-0.18907899667324093,4.73066808210405e-06,0.002169268463287704
0.0002,-0.0018,-0.1860370608950807,5.548390295472081e-06,0.004316122964379862
0.0003,-0.0018,-0.17941763557723273,4.4976436380409934e-05,0.006340485640431506
0.0004,-0.0018,-0.1748734855240394,0.00011357405641837307,0.008219293103175693
0.0005,-0.0018,-0.17040912986556425,0.00022589527846269918,0.010036844839743753
0.0006,-0.0018,-0.16568899999013378,0.00032647656300535455,0.01165048678632226
0.0007,-0.0018,-0.1610292239121647,0.0005437170915209678,0.013146675701387864
0.0008,-0.0018,-0.1558160281904863,0.0008256230006747884,0.014521150373931237
0.0009,-0.0018,-0.150908539309207,0.0011431040620552921,0.015753552217638325
0.001,-0.0018,-0.14490423133954136,0.0015657542060401352,0.016852968745585808
0.0011,-0.0018,-0.13949891454335733,0.0020304969647781386,0.017814599277708204
0.0012,-0.0018,-0.1357269440771544,0.0025689736291883447,0.018616550177386816
0.0013000000000000002,-0.0018,-0.13078493128607782,0.003100324773243391,0.019340575875413782
0.0014,-0.0018,-0.1271527026067615,0.0037072770437398847,0.019978860106415405
0.0015,-0.0018,-0.12271192292775959,0.004452114306302229,0.02048306761733458
0.0016,-0.0018,-0.12181447853162541,0.005092746643420157,0.020833183990100097
0.0017,-0.0018,-0.12217497821419145,0.005790841178697788,0.021132305523037877
0.0018,-0.0018,-0.12255288569125035,0.006603479377750372,0.02133576906783051
0.0019,-0.0018,-0.1259664883849692,0.007338761191184738,0.021498669739960615
0.002,-0.0018,-0.13050228091308141,0.008166141631075628,0.02158481837172702
0.0021,-0.0018,-0.1371899731296444,0.008976594643058592,0.021628062917830895
0.0022,-0.0018,-0.14542349773824173,0.009756481382992302,0.021560602435840338
0.0023,-0.0018,-0.15614658336267753,0.010604032405819561,0.0214441598392049
0.0024,-0.0018,-0.16850978828522148,0.011444671592028097,0.021249212258287714
0.0025,-0.0018,-0.1831209587442485,0.012261876000622219,0.02108075022954313
0.0026000000000000003,-0.0018,-0.1991386571670173,0.013120712332146034,0.02085296656172783
0.0027,-0.0018,-0.21709520778103417,0.013920109311086216,0.020569840866500915
0.0028,-0.0018,-0.23642961755875908,0.014758296119699026,0.020245214265981252
0.0029,-0.0018,-0.25679754052529685,0.015530316671026168,0.019879145985901413
0.003,-0.0018,-0.279459257718285,0.016365877794244,0.01950351532620906
0.0031,-0.0018,-0.30262465959944884,0.017106814751135246,0.019086818826832525
0.0032,-0.0018,-0.3274064804233066,0.017862528049801107,0.018634076677080013
0.0033000000000000004,-0.0018,-0.3522565871095388,0.018569010039703106,0.018148560897111643
0.0034,-0.0018,-0.3782390850796591,0.01929709703855315,0.017646877347748533
0.0034999999999999996,-0.0018,-0.4050814633978349,0.01999346356133056,0.017110177574450932
0.0036,-0.0018,-0.4318983162582004,0.020646617748524776,0.016572869364573153
0.0037,-0.0018,-0.4588542028993365,0.021277667758326388,0.015992716763973323
0.0038,-0.0018,-0.4856864170208973,0.02184772460863801,0.015403220586708122
0.0039,-0.0018,-0.5124094515678698,0.022423467228997535,0.014796898557192469
0.004,-0.0018,-0.5390955132503515,0.022929017236943985,0.014177572009921514
0.0041,-0.0018,-0.5651348539033098,0.023420729027281425,0.013541443787468256
0.0042,-0.0018,-0.5902035207968804,0.023860589769804985,0.01289252539395178
0.0043,-0.0018,-0.6147719620033091,0.024285229230210023,0.012251934808047253
0.0044,-0.0018,-0.6379854963211102,0.02470243014965993,0.011589422950325346
0.0045,-0.0018,-0.6600192048438144,0.025016219990095373,0.01091467132327196
0.0046,-0.0018,-0.6812011352433114,0.025330915464220633,0.010233967285561772
0.0047,-0.0018,-0.7010292136406363,0.025585089246029393,0.009582980640674641
0.0048,-0.0018,-0.7182509328713584,0.025803220653571775,0.008912713742614656
0.0049,-0.0018,-0.7352783341243355,0.025982053626752523,0.008247808807502264
0.005,-0.0018,-0.7493668805849996,0.026124484701691143,0.007587828868468049
0.0051,-0.0018,-0.762369146307533,0.02621681735154311,0.0069404574683677115
0.005200000000000001,-0.0018,-0.7735819857884395,0.026289648249225573,0.0062888972858479615
0.0053,-0.0018,-0.7832023217689478,0.02631292161596215,0.005655172978816146
0.0054,-0.0018,-0.7909550955639422,0.026291005837183565,0.005061809504496126
0.0055,-0.0018,-0.7963130290030258,0.026251223442463015,0.0044373573900874
0.0056,-0.0018,-0.7999524198963793,0.026158527718540506,0.003866364788675915
0.005700000000000001,-0.0018,-0.8017937981256683,0.026040198742195375,0.0032395338842013976
0.0058,-0.0018,-0.8020385517303249,0.025902623244592922,0.0026985959647865152
0.0059,-0.0018,-0.8014261418594953,0.02565952793764832,0.002182904992410959
0.006,-0.0018,-0.7983100187771285,0.02546319939781895,0.0016128429789268803
0.0061,-0.0018,-0.79378130955761,0.025198400537327015,0.0011118370958040588
0.0062,-0.0018,-0.7883570724496932,0.024938786067604593,0.000609195841742061
0.0063,-0.0018,-0.7800477359291199,0.02463715145438927,0.000129981314398233
0.0064,-0.0018,-0.772653427499312,0.024334108075174166,-0.00035895854845570884
0.006499999999999999,-0.0018,-0.7637789961920404,0.023986666971778953,-0.000851557026201081
0.006600000000000001,-0.0018,-0.7545944292727086,0.02358308629658203,-0.0013216811708273953
0.0067,-0.0018,-0.743377672876407,0.023211285000652362,-0.001829099375639963
0.0068,-0.0018,-0.7310869974768359,0.022759266394694,-0.0023267825886026244
0.0069,-0.0018,-0.718916362724868,0.022350932045154377,-0.0028364064854141838
0.006999999999999999,-0.0018,-0.7086320039713258,0.02188018572509967,-0.0033846243139910043
0.007100000000000001,-0.0018,-0.6911205471141343,0.021430017005636987,-0.003944136973020293
0.0072,-0.0018,-0.6763460667259251,0.020980012748838824,-0.004560761305663038
0.0073,-0.0018,-0.662100182180733,0.020412973619348268,-0.005222108222858471
0.0074,-0.0018,-0.6459250138224779,0.019906095612073654,-0.005959777777318535
0.0075,-0.0018,-0.6263112676503738,0.01929859986225381,-0.006764334018472581
0.0076,-0.0018,-0.6109847205066475,0.018690032090308183,-0.007632992223085656
0.0077,-0.0018,-0.5913548764662412,0.018042194171717957,-0.008617120094819236
0.0078,-0.0018,-0.5713497864973568,0.017346468345181842,-0.009741616779671985
0.0079,-0.0018,-0.5493316888932573,0.016601825424639033,-0.010949241799948673
0.008,-0.0018,-0.5264519206570871,0.015813799902921172,-0.012424306451668391
0.0081,-0.0018,-0.4985529808584563,0.014905983861471428,-0.013992290463792387
0.0082,-0.0018,-0.47164950300454517,0.014019085786280784,-0.01579712952407082
0.0083,-0.0018,-0.4433960499518316,0.01295691852667348,-0.01782901842352835
0.0084,-0.0018,-0.40891321759373556,0.011756205466288826,-0.02043248859160213
0.0085,-0.0018,-0.37418924757914185,0.01043747234963279,-0.02314227429822807
0.0086,-0.0018,-0.3361709173000986,0.008700993737251134,-0.026475959749203984
0.0087,-0.0018,-0.2953984188415621,0.007056822975794973,-0.030286292047642573
0.0088,-0.0018,-0.25123754731684755,0.0050965232080899545,-0.034592545449454774
0.0089,-0.0018,-0.20437175691436038,0.0031686962844601585,-0.03960344412462544
0.009,-0.0018,-0.15268945924515898,0.0010351707466165726,-0.04529545351361911
0.0091,-0.0018,-0.10536827955750737,-0.0010732034465150847,-0.05088573239004932
0.0092,-0.0018,-0.06287691289219745,-0.0024262461959072253,-0.055836449146678124
0.0093,-0.0018,-0.07924378758871972,-0.003922612391548486,-0.06111460608099342
0.0094,-0.0018,0.08627777007427857,-0.004571014596544739,-0.06397600720561179
0.0095,-0.0018,-0.024363116642938148,-0.004363945368579813,-0.06297348236455624
0.0096,-0.0018,-0.052669024368881524,-0.005371486248192481,-0.06027189768475884
0.0097,-0.0018,0.10231756871999484,-0.0029414039152300636,-0.05225814369037556
0.0098,-0.0018,0.12255664274456175,-0.002228648182051109,-0.039381998222498965
0.0099,-0.0018,0.1307824581326655,-0.0005066724775471639,-0.021667240821149396
0.01,-0.0018,0.12509744723781147,0.0,0.0
0.0,-0.0017,-0.18001816323114786,0.0,0.0
0.0001,-0.0017,-0.1805190228653157,-2.838092901421058e-05,0.002215767705067154
0.0002,-0.0017,-0.17619496308439406,-5.8557990109427316e-05,0.004296102623966992
0.0003,-0.0017,-0.17093564372809794,-6.151380936944875e-05,0.006320033849533036
0.0004,-0.0017,-0.1665984162280604,-4.116287455309493e-05,0.008199513732590907
0.0005,-0.0017,-0.16125837930431183,-4.276935608065816e-05,0.00995012150366694
0.0006,-0.0017,-0.15608025170071674,6.166242292831615e-05,0.011474941328727907
0.0007,-0.0017,-0.151489877342894,0.00019631128563607839,0.012973573419317826
0.0008,-0.0017,-0.14597888527709682,0.00041875720680316505,0.014258512496314255
0.0009,-0.0017,-0.14019015775323423,0.0007197577161908033,0.015376699573728243
0.001,-0.0017,-0.1335070178846503,0.0010996535358134226,0.016430463600877878
0.0011,-0.0017,-0.12769423669289026,0.0015324997146374496,0.017327504051973235
0.0012,-0.0017,-0.12209891004088054,0.002054003469866341,0.01808080927652716
0.0013000000000000002,-0.0017,-0.11638202086701709,0.0025883691134244054,0.018803017940978876
0.0014,-0.0017,-0.11110369035734462,0.0032359847540767515,0.01935645754729994
0.0015,-0.0017,-0.1068332567378008,0.003897349215914581,0.019767762574876602
0.0016,-0.0017,-0.10453935889281461,0.004626555079216819,0.02008404418826223
0.0017,-0.0017,-0.10443502005709422,0.005308286075058541,0.020412642407864178
0.0018,-0.0017,-0.10407740078696351,0.006125603961416648,0.020604918255902577
0.0019,-0.0017,-0.10688442878941581,0.006924352348043235,0.02072456564358381
0.002,-0.0017,-0.11089967759985145,0.0077945165617398565,0.02076834644307997
0.0021,-0.0017,-0.11615464920382666,0.008591410054699484,0.020758764526328764
0.0022,-0.0017,-0.12447329198953246,0.009449859553597749,0.020712112679930846
0.0023,-0.0017,-0.1347253235830533,0.010304457367379284,0.02058380133793454
0.0024,-0.0017,-0.14677397054131058,0.011178508419133888,0.020433531114061994
0.0025,-0.0017,-0.16066680732825833,0.012052078590274958,0.02021991131957681
0.0026000000000000003,-0.0017,-0.17663296142576174,0.012889644034517995,0.01999226388859214
0.0027,-0.0017,-0.19416421302692022,0.013775998261617196,0.01972252116707568
0.0028,-0.0017,-0.2136671019742887,0.014611773801779955,0.019419640718798682
0.0029,-0.0017,-0.23430809834805796,0.015456257112157834,0.019062312833262984
0.003,-0.0017,-0.2563890478042953,0.016249256963906125,0.01869631497801716
0.0031,-0.0017,-0.27980860075401526,0.017073210556246367,0.018300611133013893
0.0032,-0.0017,-0.3041839403160534,0.01783184268862063,0.01787355731311697
0.0033000000000000004,-0.0017,-0.3296470730249644,0.018599051128058246,0.017424962192006684
0.0034,-0.0017,-0.35595203774305195,0.01934626028831915,0.016930977405637874
0.0034999999999999996,-0.0017,-0.382544090697795,0.020036276765283523,0.016430245615540563
0.0036,-0.0017,-0.4094950699213067,0.0207186395493746,0.015911643943312903
0.0037,-0.0017,-0.4370480188155122,0.021402242387270138,0.015369398085403801
0.0038,-0.0017,-0.4633717360154088,0.021992953103417257,0.01481313512203198
0.0039,-0.0017,-0.49079921789471004,0.02259958944289941,0.014238954998416271
0.004,-0.0017,-0.5172257048102099,0.023134567805554312,0.013659084899941963
0.0041,-0.0017,-0.5439959713860957,0.023669532686698313,0.013056163029664678
0.0042,-0.0017,-0.5688936100991324,0.024127295955918882,0.012443163455605838
0.0043,-0.0017,-0.5938190978773672,0.024591437077701103,0.01182497362908332
0.0044,-0.0017,-0.6172279238584487,0.025005631377648437,0.011199138992994498
0.0045,-0.0017,-0.6390776375640365,0.025364992511556758,0.010567895299318425
0.0046,-0.0017,-0.6603609857912822,0.02568789095565549,0.009968697447742324
0.0047,-0.0017,-0.6805842455430359,0.025975670253754954,0.009322677237508065
0.0048,-0.0017,-0.6988531720316407,0.026218922342249457,0.008695109481643636
0.0049,-0.0017,-0.7158335929400136,0.02643812425383843,0.008075339895966862
0.005,-0.0017,-0.7308279069942278,0.026586867088985985,0.0074660225121135106
0.0051,-0.0017,-0.7439300510658766,0.02670544460210036,0.006843332405272188
0.005200000000000001,-0.0017,-0.7556880089030784,0.026796089018621596,0.0062554587400067
0.0053,-0.0017,-0.7651957865154353,0.02684874179128386,0.00564174235663115
0.0054,-0.0017,-0.7729941844936583,0.026855774040913022,0.005061969419606892
0.0055,-0.0017,-0.7791553965279704,0.026813167991208132,0.004512929164734401
0.0056,-0.0017,-0.7831405173888415,0.026753315052003603,0.003916584004337627
0.005700000000000001,-0.0017,-0.7861192067180334,0.026655931185030124,0.003399047299307836
0.0058,-0.0017,-0.786449165321851,0.026516530910285198,0.002847622029465746
0.0059,-0.0017,-0.7853267497238113,0.026362036950395226,0.0023605071443230175
0.006,-0.0017,-0.782531923189308,0.026171595061531067,0.0018370543657426767
0.0061,-0.0017,-0.7789726985232867,0.025973687382136235,0.0013469686950647846
0.0062,-0.0017,-0.7745320036372771,0.025714161708526397,0.0008881743940529594
0.0063,-0.0017,-0.7664514458294843,0.025423589202685778,0.0004270455481541549
0.0064,-0.0017,-0.7580029225988759,0.0251380466405178,-4.073112862704835e-05
0.006499999999999999,-0.0017,-0.7501195409574417,0.024820160008038952,-0.0004926826689108703
0.006600000000000001,-0.0017,-0.7389415411715035,0.024448003509861822,-0.0009555101693737894
0.0067,-0.0017,-0.7286133524254929,0.024111468790642195,-0.0014267485930086828
0.0068,-0.0017,-0.7166903413475815,0.023740330396534583,-0.0019167704338080762
0.0069,-0.0017,-0.7038213545427544,0.02332985785452065,-0.002406563572940136
0.006999999999999999,-0.0017,-0.6897547969548459,0.022908225991442904,-0.0029210345454064855
0.007100000000000001,-0.0017,-0.6761566542972822,0.02243473246834009,-0.0034789751221484793
0.0072,-0.0017,-0.6603872098999327,0.022010768842796836,-0.00407708098004103
0.0073,-0.0017,-0.6450524919105403,0.021486611156040773,-0.004710584134890718
0.0074,-0.0017,-0.6288972898538265,0.020977661953392086,-0.005420737301045802
0.0075,-0.0017,-0.60971498969757,0.020434406986753847,-0.006195287565831297
0.0076,-0.0017,-0.5878512238919756,0.019873999597249854,-0.0070349013666416195
0.0077,-0.0017,-0.5683408782762861,0.01922677940302088,-0.007996891201825762
0.0078,-0.0017,-0.5487840514411765,0.01860080662083993,-0.009018921453354409
0.0079,-0.0017,-0.5214059513300713,0.01791248286553565,-0.010244681768780057
0.008,-0.0017,-0.496769458372973,0.017096118110820235,-0.011595471686655465
0.0081,-0.0017,-0.4689311079069058,0.0162554090943112,-0.013024617582927684
0.0082,-0.0017,-0.43784278252657854,0.015354417580718144,-0.014779714454621354
0.0083,-0.0017,-0.4050475039617659,0.01437867091627494,-0.016790138368635184
0.0084,-0.0017,-0.36842638395662003,0.013081418725117717,-0.019129435975003127
0.0085,-0.0017,-0.3301218174557224,0.01179268477937029,-0.02178867998219881
0.0086,-0.0017,-0.28815826820053325,0.010295806230140585,-0.02483962180441463
0.0087,-0.0017,-0.24295806919298876,0.008532706112872978,-0.028450685163074363
0.0088,-0.0017,-0.19543377801264752,0.006626633736036322,-0.032798679798577306
0.0089,-0.0017,-0.14419760423545314,0.004513578518953809,-0.037595029208043224
0.009,-0.0017,-0.08899151655801117,0.0023452034113939134,-0.043022228094699036
0.0091,-0.0017,-0.033469548930074235,0.00010078662552211599,-0.048709837536398064
0.0092,-0.0017,0.011174478063115036,-0.0019078043948919728,-0.05475402014170209
0.0093,-0.0017,0.027719469946440742,-0.0033072531634275055,-0.060256614090683364
0.0094,-0.0017,0.11595877977346124,-0.004319722520046476,-0.0633679675341391
0.0095,-0.0017,0.13829132312853493,-0.005327768254443786,-0.06494110286148694
0.0096,-0.0017,0.06434431674291442,-0.0032286313020907387,-0.06284257871910444
0.0097,-0.0017,0.18995574030500573,-0.002898680136517424,-0.054375817364337345
0.0098,-0.0017,0.22067277858703438,-0.0021769282030337867,-0.040521108709401704
0.0099,-0.0017,0.21989356207246202,-0.0009155527584822084,-0.022580510115945335
0.01,-0.0017,0.2056921519746727,0.0,0.0
0.0,-0.0016,-0.17244209636914498,0.0,0.0
0.0001,-0.0016,-0.16970459215597863,-3.9830656428268414e-05,0.0022299204457346634
0.0002,-0.0016,-0.1657736134637426,-0.00012606155614631226,0.004298527216692535
0.0003,-0.0016,-0.16056477180927986,-0.0001819580427358896,0.006382116801768265
0.0004,-0.0016,-0.1564480556784551,-0.0003068651520762482,0.008229364622410834
0.0005,-0.0016,-0.15029632345543298,-0.00034765763086954207,0.009906427606074098
0.0006,-0.0016,-0.14565287457829817,-0.0003010728802639922,0.011397677399864546
0.0007,-0.0016,-0.14102238489057356,-0.00024547900370043183,0.012763451591509257
0.0008,-0.0016,-0.13421527376298586,-7.3231493469025e-05,0.013984480989778704
0.0009,-0.0016,-0.12786235422901038,0.00018023251531610747,0.015092131023451525
0.001,-0.0016,-0.12086554370338694,0.0005387706171044838,0.01604921488708168
0.0011,-0.0016,-0.11424112304780995,0.0009607276525609742,0.016869768717601992
0.0012,-0.0016,-0.10804150386871259,0.0014246132961587014,0.017567211419590167
0.0013000000000000002,-0.0016,-0.10172439794734434,0.0019162103088860155,0.01814871950787014
0.0014,-0.0016,-0.09557287545314663,0.0025867183642177185,0.01867399903515814
0.0015,-0.0016,-0.09017891282620254,0.0033371427605982974,0.01911274164639061
0.0016,-0.0016,-0.08802826700044837,0.00404993188813046,0.01938668708049434
0.0017,-0.0016,-0.08566643695709343,0.004750898420340946,0.019621578347922473
0.0018,-0.0016,-0.08542998179133679,0.0055572561995719146,0.019742130935202606
0.0019,-0.0016,-0.0871288152367355,0.006390280219312653,0.019864005190249764
0.002,-0.0016,-0.09054178261679997,0.00725816086453399,0.019866666564296163
0.0021,-0.0016,-0.09564815163396484,0.008090389397284962,0.019862509570078506
0.0022,-0.0016,-0.10352520335409005,0.008994757570080067,0.019800630560951334
0.0023,-0.0016,-0.11275158826266005,0.00985421963704259,0.019691210048764753
0.0024,-0.0016,-0.12494252360969968,0.010788896350415925,0.019564691134114673
0.0025,-0.0016,-0.13893568028741443,0.011671594698678785,0.01937023103500736
0.0026000000000000003,-0.0016,-0.15401052422485986,0.012588446953088212,0.019118692686818928
0.0027,-0.0016,-0.17175693695460081,0.013463937378890784,0.01887306669621071
0.0028,-0.0016,-0.191242493768409,0.01435580114925483,0.018566758688931744
0.0029,-0.0016,-0.21170392501065138,0.015215311370839264,0.018233468237055916
0.003,-0.0016,-0.2335867890129249,0.016087794095512697,0.01786205493900711
0.0031,-0.0016,-0.2570723234757308,0.016889264105774328,0.017507597536139657
0.0032,-0.0016,-0.2815401786130401,0.01771364468420798,0.017088570415911858
0.0033000000000000004,-0.0016,-0.30711541043123625,0.018529641426859082,0.016652489261965414
0.0034,-0.0016,-0.3332650177962586,0.01926841347578197,0.01618919360098442
0.0034999999999999996,-0.0016,-0.36008883694307736,0.020046950752353306,0.01571646033273356
0.0036,-0.0016,-0.3875930017832745,0.020747040228772808,0.015228939699664651
0.0037,-0.0016,-0.41448422056115874,0.021435929629950917,0.014719997011362904
0.0038,-0.0016,-0.44170785271730806,0.022106488373323244,0.01418737260576038
0.0039,-0.0016,-0.4693364320592933,0.02271785675732498,0.013652453619451946
0.004,-0.0016,-0.4964445363123385,0.023274965090281506,0.013101801532312055
0.0041,-0.0016,-0.522816363451366,0.023876734081987334,0.01253861003433603
0.0042,-0.0016,-0.5487593752455833,0.02435001301615592,0.011965136816410666
0.0043,-0.0016,-0.5733511573104549,0.024817255061063484,0.011389254776026031
0.0044,-0.0016,-0.5970743660646411,0.025250694937892112,0.010809594066820992
0.0045,-0.0016,-0.6199953877696125,0.025651087727883905,0.01021318872740711
0.0046,-0.0016,-0.6416326535794342,0.0260174776121779,0.009641508576140373
0.0047,-0.0016,-0.6614063885967034,0.02633106292547774,0.009037593347709377
0.0048,-0.0016,-0.6798895150725446,0.02661887644793078,0.008437428981670719
0.0049,-0.0016,-0.6972869175919765,0.02684431159124381,0.007875979471675093
0.005,-0.0016,-0.7125881760143246,0.027022524210301775,0.007295113797275588
0.0051,-0.0016,-0.7261248250264232,0.02717821564062385,0.0067186709001070604
0.005200000000000001,-0.0016,-0.7381222274201957,0.02729931507556634,0.006160027839559836
0.0053,-0.0016,-0.7481812425498694,0.027381857215944584,0.00560717904973225
0.0054,-0.0016,-0.7561830171804933,0.027417271408496785,0.005046920197285674
0.0055,-0.0016,-0.7627649397453363,0.027419295187790228,0.004521267618710906
0.0056,-0.0016,-0.7672858305008736,0.02738993225524737,0.004013124271940459
0.005700000000000001,-0.0016,-0.7700598932974576,0.02731512790966141,0.0034784196129704864
0.0058,-0.0016,-0.7712100160771067,0.027225083297959564,0.002990081627782106
0.0059,-0.0016,-0.7701869466254557,0.027089871247081967,0.0024869533661857086
0.006,-0.0016,-0.7678912078338845,0.026910107917756068,0.0020302764187393268
0.0061,-0.0016,-0.7634028486318776,0.0267425333472188,0.0015848937974814765
0.0062,-0.0016,-0.7597523423369883,0.026523978569410862,0.0011364552557192595
0.0063,-0.0016,-0.7532028426704844,0.026276558880712033,0.0007081165074060048
0.0064,-0.0016,-0.7436136760784038,0.026019114232032688,0.0002338890776443614
0.006499999999999999,-0.0016,-0.7365437261538658,0.025723405581336657,-0.00017618256410313442
0.006600000000000001,-0.0016,-0.7260951289749924,0.025483148060181777,-0.0006322857505316727
0.0067,-0.0016,-0.7137059641901726,0.02510778156075831,-0.0010698072746762603
0.0068,-0.0016,-0.7016868777997258,0.024764774314315167,-0.0015262833213961578
0.0069,-0.0016,-0.6882371433281361,0.02435962361000284,-0.002008455563631176
0.006999999999999999,-0.0016,-0.6775330765330448,0.024023994982072392,-0.0025042609268759253
0.007100000000000001,-0.0016,-0.6599809026469377,0.023638490202445045,-0.0030489352027109995
0.0072,-0.0016,-0.6452465021505919,0.02316512263269444,-0.0036208293393163804
0.0073,-0.0016,-0.6266400713776847,0.022730485458097457,-0.004218338812847549
0.0074,-0.0016,-0.6117586024712107,0.022182389628235107,-0.004900139339486069
0.0075,-0.0016,-0.5904473404312364,0.021659019825552794,-0.0056356417369660605
0.0076,-0.0016,-0.5689106746124089,0.021156853492052433,-0.006461058576304377
0.0077,-0.0016,-0.5474555691514258,0.020570975675677124,-0.007381978360102207
0.0078,-0.0016,-0.5220973148268688,0.019974437223387223,-0.008414181612906453
0.0079,-0.0016,-0.4967571092592215,0.0192236882349511,-0.00947046583526533
0.008,-0.0016,-0.4692040701978855,0.018536789619818007,-0.010812775664682639
0.0081,-0.0016,-0.43796670415348116,0.017731476436345883,-0.012168370460391438
0.0082,-0.0016,-0.4029351986662592,0.016748942512546217,-0.013872131078769648
0.0083,-0.0016,-0.3652669507659084,0.015833241854098474,-0.015733943833994277
0.0084,-0.0016,-0.32555920771395236,0.014693404900665364,-0.01790119438150495
0.0085,-0.0016,-0.28358309742239785,0.013435048837096748,-0.02030537539596193
0.0086,-0.0016,-0.23818431000239387,0.011915770063728558,-0.023281488106255847
0.0087,-0.0016,-0.1871390715810063,0.010190617940006579,-0.02667547250161614
0.0088,-0.0016,-0.13541102021780702,0.008226511872302387,-0.030692713709140326
0.0089,-0.0016,-0.07945893856414106,0.006100150576518445,-0.035401397892153255
0.009,-0.0016,-0.01984380243100675,0.003791474488067034,-0.04069432281775506
0.0091,-0.0016,0.04146289889489,0.0014808166299514923,-0.0464988078212268
0.0092,-0.0016,0.1064758622788408,-0.001207933574161447,-0.052652589543559086
0.0093,-0.0016,0.24681852815427427,-0.0031410001834751254,-0.05824817587855873
0.0094,-0.0016,0.302800347837265,-0.003959153907365418,-0.062181572900384764
0.0095,-0.0016,0.30954093128964905,-0.00444091496983463,-0.0638812540037617
0.0096,-0.0016,0.3508058383353709,-0.00476570824403296,-0.06301184218241455
0.0097,-0.0016,0.2800691074813962,-0.00253093664415416,-0.0552283916422887
0.0098,-0.0016,0.2803550954313055,-0.0015552948140920232,-0.041461015221914456
0.0099,-0.0016,0.30504418804750794,-0.0013766930976915602,-0.023472393574547362
0.01,-0.0016,0.2935131054888693,0.0,0.0
0.0,-0.0015,-0.16247360429861765,0.0,0.0
0.0001,-0.0015,-0.1598227204880952,-7.763872065463153e-05,0.0023030766551323622
0.0002,-0.0015,-0.1549764234580746,-0.00022713535687432976,0.00446218516901424
0.0003,-0.0015,-0.15137038226040375,-0.0003758704849787739,0.006497397801488371
0.0004,-0.0015,-0.1445300485595415,-0.0005727640653447476,0.008317951076613348
0.0005,-0.0015,-0.13887700462195887,-0.0006851751350250745,0.010000171042947188
0.0006,-0.0015,-0.13399266249763436,-0.0007687855792020006,0.011412545033000201
0.0007,-0.0015,-0.12883150188071746,-0.0007658624190301297,0.012696782566769217
0.0008,-0.0015,-0.12204063691513782,-0.0006659479511656755,0.013791227282600446
0.0009,-0.0015,-0.11526667000849387,-0.0004441912678441809,0.014834105426933787
0.001,-0.0015,-0.10872480192530141,-0.00017037643826922703,0.015675026098727073
0.0011,-0.0015,-0.10128093119748725,0.00020086856677285284,0.01642338528553673
0.0012,-0.0015,-0.09342705292513709,0.0006699245521560059,0.017065098162443424
0.0013000000000000002,-0.0015,-0.08619090526485418,0.0012440749589304697,0.017596315409403873
0.0014,-0.0015,-0.0793876870299534,0.0018841826959724419,0.018043810970651077
0.0015,-0.0015,-0.07390975029260714,0.002508596568789176,0.018401756175912096
0.0016,-0.0015,-0.06874625233923845,0.003265909950895031,0.018668606638972816
0.0017,-0.0015,-0.06634291154624256,0.004026931900619745,0.018904045357139954
0.0018,-0.0015,-0.06526156523747634,0.004864269597470237,0.01902291245727794
0.0019,-0.0015,-0.06706900177750816,0.0057066151849323905,0.01904462225865201
0.002,-0.0015,-0.06967403315510425,0.006583014525629805,0.019043693094617235
0.0021,-0.0015,-0.07451393993630973,0.007508932441912911,0.019016925253412142
0.0022,-0.0015,-0.08197003963357936,0.008416149580783022,0.01892111647386055
0.0023,-0.0015,-0.09109488174557787,0.009316821114055216,0.018810827191555243
0.0024,-0.0015,-0.1025307526581557,0.010252664436492207,0.018638712050868585
0.0025,-0.0015,-0.1167751271096114,0.011227321152814232,0.018463711685999314
0.0026000000000000003,-0.0015,-0.13222391076170162,0.012144725179529747,0.018194522479110103
0.0027,-0.0015,-0.14964256623048788,0.013083239364653027,0.017962624251048394
0.0028,-0.0015,-0.1687009723432801,0.013995211694050134,0.017679167617669026
0.0029,-0.0015,-0.1892085606407273,0.014852843578426098,0.017337887905613147
0.003,-0.0015,-0.2117687280400328,0.015782867831237963,0.017017543603672917
0.0031,-0.0015,-0.2352875988546897,0.01666514038276868,0.016647090228117514
0.0032,-0.0015,-0.26004906016580376,0.017532824152481537,0.016267231980492083
0.0033000000000000004,-0.0015,-0.28577697740324776,0.018337925843983773,0.015840026820683507
0.0034,-0.0015,-0.3116610605189956,0.019153951418890876,0.015421084689696087
0.0034999999999999996,-0.0015,-0.33862837217290803,0.019931310612569864,0.014972443673758513
0.0036,-0.0015,-0.36645433719288933,0.020680886624538233,0.014504578985096085
0.0037,-0.0015,-0.39256195853780157,0.021418181363441945,0.014022086132988061
0.0038,-0.0015,-0.4205428927659413,0.022113047889158906,0.01353458559774378
0.0039,-0.0015,-0.4490336093103266,0.02274546679032552,0.013034847078358664
0.004,-0.0015,-0.47561317979501044,0.02336110694476561,0.012520518924536879
0.0041,-0.0015,-0.5026784184134115,0.023966538917698888,0.011994926141468364
0.0042,-0.0015,-0.5282968148435815,0.02451194856062646,0.011452580232037424
0.0043,-0.0015,-0.5536458745593354,0.025008232645910344,0.010917972331538128
0.0044,-0.0015,-0.578418876396663,0.025481216474019033,0.010372704499478786
0.0045,-0.0015,-0.6014014413151373,0.025914215802399478,0.009827510217963296
0.0046,-0.0015,-0.6230124762525948,0.02631616978203353,0.009273006674020102
0.0047,-0.0015,-0.6433930697761462,0.026657004954485388,0.008717496420132387
0.0048,-0.0015,-0.6620925767031888,0.02697300854182282,0.008183815659882368
0.0049,-0.0015,-0.6796991496372395,0.027252085456089026,0.007652104865530904
0.005,-0.0015,-0.6951387500043787,0.027483056197309747,0.007115871109949485
0.0051,-0.0015,-0.7093739105966682,0.027675490317001474,0.0065566383171572415
0.005200000000000001,-0.0015,-0.7215912162804712,0.027824278262917515,0.006044142977469088
0.0053,-0.0015,-0.7321103822035643,0.02793239872972844,0.005522697417017639
0.0054,-0.0015,-0.7408033762971403,0.028032248696047625,0.005016476340515283
0.0055,-0.0015,-0.7473873244028465,0.028072294437576584,0.004535631477040539
0.0056,-0.0015,-0.7527071937484486,0.028054610033088324,0.004042484340036931
0.005700000000000001,-0.0015,-0.7559856480401499,0.02805915628711398,0.003565648863206086
0.0058,-0.0015,-0.7570863827778981,0.028010816490809894,0.0030992321041599527
0.0059,-0.0015,-0.7567687623053283,0.027893998052501274,0.0026541138947068547
0.006,-0.0015,-0.7551104650558272,0.027782744247827996,0.002207308836132158
0.0061,-0.0015,-0.7512406319539658,0.027628964853806216,0.0017496615311291019
0.0062,-0.0015,-0.7459662136790474,0.027456806997732754,0.0013367525667197539
0.0063,-0.0015,-0.7404145973855742,0.02725074431622966,0.0009173853217935299
0.0064,-0.0015,-0.7338947279772808,0.02704865994221861,0.0004954609789735786
0.006499999999999999,-0.0015,-0.7234939138629097,0.02681996577271934,9.954343409458999e-05
0.006600000000000001,-0.0015,-0.714243877706746,0.026547460260395752,-0.0003324540386411099
0.0067,-0.0015,-0.7024038696403732,0.026229994417520455,-0.0007660866273737293
0.0068,-0.0015,-0.692456073884601,0.02597481692617661,-0.0011803214109212012
0.0069,-0.0015,-0.6770841420772348,0.025636577250878846,-0.0016391128935663874
0.006999999999999999,-0.0015,-0.6627337300435833,0.025243003052080843,-0.002137974856483126
0.007100000000000001,-0.0015,-0.6486258994626588,0.02494707861242051,-0.002642259307763246
0.0072,-0.0015,-0.6291752516677398,0.024525900386576628,-0.0031905129336057304
0.0073,-0.0015,-0.6126964581066099,0.024149268311446433,-0.0037691064866616714
0.0074,-0.0015,-0.5931477720150293,0.02367554828519874,-0.004419035058794642
0.0075,-0.0015,-0.5723206950495748,0.02317215833793066,-0.005131277941553384
0.0076,-0.0015,-0.5494065623732852,0.02262404536866999,-0.005898001288854986
0.0077,-0.0015,-0.5243289904229911,0.022087834365705133,-0.006777981250404422
0.0078,-0.0015,-0.49714939798567953,0.02146768196370682,-0.007693625163629367
0.0079,-0.0015,-0.4697981429547123,0.020871809500134935,-0.008868761147252676
0.008,-0.0015,-0.4393595414015238,0.020157425601096547,-0.010025486252002228
0.0081,-0.0015,-0.4045791057754094,0.019273099135531255,-0.011440125813473085
0.0082,-0.0015,-0.36702445457561533,0.018435539587983007,-0.01290791683064424
0.0083,-0.0015,-0.325502168396563,0.01746080674837231,-0.014628502020269402
0.0084,-0.0015,-0.2828333772528466,0.016363957677497598,-0.016707403902252737
0.0085,-0.0015,-0.2349040800787391,0.014997632434845823,-0.018965228386410467
0.0086,-0.0015,-0.1841601893655559,0.013584137328983998,-0.021575516417630947
0.0087,-0.0015,-0.12839375376431797,0.011873937002781693,-0.024865552433223914
0.0088,-0.0015,-0.07095532797903538,0.00995589275920745,-0.028641157090078907
0.0089,-0.0015,-0.010320735539867286,0.007816703234985845,-0.03313256304988247
0.009,-0.0015,0.051963004470234345,0.005493623500624059,-0.038291019653460406
0.0091,-0.0015,0.11389148276527135,0.0031073528368379903,-0.04402062858078108
0.0092,-0.0015,0.18914310960986658,0.0006484529218769502,-0.05017072278173804
0.0093,-0.0015,0.2696384355432677,-0.0012842769078413203,-0.05574977783457522
0.0094,-0.0015,0.2326590551789537,-0.00432244059112919,-0.06140487027633647
0.0095,-0.0015,0.38172598191099205,-0.0047403908252933065,-0.0636521591821584
0.0096,-0.0015,0.5939783996689363,-0.003954992703950374,-0.06369060623042005
0.0097,-0.0015,0.3980976748972157,-0.0024583522394959097,-0.056545288219938
0.0098,-0.0015,0.3332632758396321,-0.001503054009500426,-0.0431959494703113
0.0099,-0.0015,0.418418517209266,-0.0017235625719440825,-0.02476325622653483
0.01,-0.0015,0.4034867204136756,0.0,0.0
0.0,-0.0014,-0.14702012093658384,0.0,0.0
0.0001,-0.0014,-0.1458118666242831,-0.00011962578634304002,0.002468323182982792
0.0002,-0.0014,-0.14177766464327834,-0.00036578012850537026,0.004755679879633013
0.0003,-0.0014,-0.13739028306433598,-0.0005533259813611455,0.006755168521305899
0.0004,-0.0014,-0.13203529317585316,-0.0008685291326495844,0.008580794261611773
0.0005,-0.0014,-0.12680807838443647,-0.0011741250757627178,0.010143185737280095
0.0006,-0.0014,-0.1217045388388641,-0.0013407492307720673,0.01149459133818662
0.0007,-0.0014,-0.11590720558649736,-0.001423630137116818,0.012625842349105954
0.0008,-0.0014,-0.10785299607156455,-0.0013955658810476544,0.01366330668680475
0.0009,-0.0014,-0.09860232092849003,-0.0012231919679587093,0.014635889677689246
0.001,-0.0014,-0.09193108668328956,-0.001004435121616001,0.015389411740913789
0.0011,-0.0014,-0.08576945040599705,-0.0006420781399581812,0.016025261572248147
0.0012,-0.0014,-0.07712606719943042,-0.00018295692155830684,0.016540452870127908
0.0013000000000000002,-0.0014,-0.0698051802844379,0.000327435106429845,0.01700708003949033
0.0014,-0.0014,-0.06247700060335725,0.0009404714340862993,0.01736562420755121
0.0015,-0.0014,-0.055185891480784566,0.0016013175159383048,0.01769260615094717
0.0016,-0.0014,-0.05137003860984711,0.0023526749243758076,0.017883212561805955
0.0017,-0.0014,-0.047970479636160406,0.003213262994571048,0.018060455186859038
0.0018,-0.0014,-0.04643353628952415,0.004058838662459165,0.01815833079366348
0.0019,-0.0014,-0.04640967956120483,0.004900781338128313,0.018148717014702085
0.002,-0.0014,-0.04926458488891117,0.005855863914223597,0.018149043662776584
0.0021,-0.0014,-0.05363576109942542,0.0067522064593489835,0.01816890656111856
0.0022,-0.0014,-0.06096465389340719,0.007700392963695996,0.018013843328514193
0.0023,-0.0014,-0.07021162857718509,0.00867821978432262,0.017851749774921717
0.0024,-0.0014,-0.08085378863763083,0.009665499430719593,0.017634735703729153
0.0025,-0.0014,-0.09459947901542286,0.01061708544762673,0.017481129395638867
0.0026000000000000003,-0.0014,-0.11041966611739598,0.01158585090027979,0.017260393167332057
0.0027,-0.0014,-0.12799575684273284,0.012603937608327743,0.01703055246178323
0.0028,-0.0014,-0.14680522308725236,0.013507425371752313,0.016715824278329662
0.0029,-0.0014,-0.1680786893341897,0.01445917948252404,0.016422561176767353
0.003,-0.0014,-0.19071379935884203,0.015417237945574864,0.016116379848255653
0.0031,-0.0014,-0.21399066934716066,0.016322810587619023,0.015762933645761288
0.0032,-0.0014,-0.23816214643538064,0.017229723556332583,0.015408031004864773
0.0033000000000000004,-0.0014,-0.2633406220156632,0.018100674226302245,0.01502133938122907
0.0034,-0.0014,-0.29163278133113657,0.01893686562983232,0.014605279809947412
0.0034999999999999996,-0.0014,-0.317649931431911,0.01980863357455022,0.014168147616857455
0.0036,-0.0014,-0.34433516987603163,0.020545505568554005,0.013734295940828894
0.0037,-0.0014,-0.37239933979265727,0.021339324728723255,0.01330289659149684
0.0038,-0.0014,-0.4014762856040348,0.02207653534939804,0.012847616173152391
0.0039,-0.0014,-0.42962385697308625,0.022789085461573707,0.012373793740622377
0.004,-0.0014,-0.4561086341056569,0.02344420763531282,0.011892484406694668
0.0041,-0.0014,-0.4831929601990281,0.02406083945871613,0.011401434764438698
0.0042,-0.0014,-0.5095991769329425,0.024662282074168068,0.010905075201767582
0.0043,-0.0014,-0.5343719805961716,0.025198664684216443,0.010405042511922546
0.0044,-0.0014,-0.559408004662655,0.02572388590583315,0.009898780276448643
0.0045,-0.0014,-0.5827790131358211,0.02620020838363479,0.009393014844858492
0.0046,-0.0014,-0.605586112429628,0.02662525519393801,0.008879662574272935
0.0047,-0.0014,-0.6264591734388464,0.027029231921319424,0.008381060645324115
0.0048,-0.0014,-0.6454907406391006,0.027388025539022587,0.007865677224293485
0.0049,-0.0014,-0.6628765280576913,0.027718385660074563,0.007374366115363265
0.005,-0.0014,-0.679122306348936,0.027973022157231887,0.006868835476468412
0.0051,-0.0014,-0.6936249210142668,0.028253146652682515,0.006377892480833539
0.005200000000000001,-0.0014,-0.7056349340880603,0.028432385184711723,0.005891925594297066
0.0053,-0.0014,-0.7168772924418405,0.02857965984449001,0.0054139806804614655
0.0054,-0.0014,-0.7263002980270775,0.028746877817038104,0.004920688431611136
0.0055,-0.0014,-0.7330958345081504,0.028800519940833182,0.0044782764938613735
0.0056,-0.0014,-0.7380838097870231,0.028853472352788113,0.004017456713101152
0.005700000000000001,-0.0014,-0.7413589396465612,0.028882153136761565,0.003569033570699299
0.0058,-0.0014,-0.7439995869958902,0.028878582649076737,0.00314541184992319
0.0059,-0.0014,-0.7444355832255569,0.02885377907423288,0.002706904376867864
0.006,-0.0014,-0.742242304049195,0.02877635040929052,0.0022984345687512516
0.0061,-0.0014,-0.7401314059436052,0.028699902245625887,0.0018993276879120337
0.0062,-0.0014,-0.7349014243853307,0.028559004341468776,0.0014751963105037985
0.0063,-0.0014,-0.7292689672141149,0.028418054791162457,0.001100357379604425
0.0064,-0.0014,-0.7227925930143034,0.028218636589854823,0.0007063410896383132
0.006499999999999999,-0.0014,-0.7124033390168933,0.028024463480211564,0.0003230077141462895
0.006600000000000001,-0.0014,-0.7029391204110055,0.02780726326534133,-8.074962727204344e-05
0.0067,-0.0014,-0.6905038110720594,0.02762493545683597,-0.0004765152167769803
0.0068,-0.0014,-0.6796737277303374,0.027341976876088487,-0.0008963516924701872
0.0069,-0.0014,-0.6642837854305446,0.0270140024799497,-0.0013479891897747983
0.006999999999999999,-0.0014,-0.6494592351269738,0.026743016546516514,-0.0017974362010068007
0.007100000000000001,-0.0014,-0.6347409018912478,0.026447100301750983,-0.0022638805618662504
0.0072,-0.0014,-0.6165642290935437,0.025975263257500093,-0.002814698682634424
0.0073,-0.0014,-0.5993805283828623,0.02565146795990121,-0.003344852937346092
0.0074,-0.0014,-0.5764382189941755,0.025252958698057177,-0.003963908476842358
0.0075,-0.0014,-0.5547182148167961,0.024840476468840057,-0.00465454685104321
0.0076,-0.0014,-0.5315579042030628,0.024280954420109604,-0.005346413124539767
0.0077,-0.0014,-0.503422094220221,0.023827901704779077,-0.006172569695109237
0.0078,-0.0014,-0.4737924895092902,0.023231327303065954,-0.007140057224147342
0.0079,-0.0014,-0.4425530464121646,0.02258991072519628,-0.008086275272825016
0.008,-0.0014,-0.4078765072174551,0.02183474374512332,-0.009339917021781202
0.0081,-0.0014,-0.3693077960868527,0.021162237844620523,-0.010505451426426594
0.0082,-0.0014,-0.32892258892698284,0.020297473506408165,-0.012047282287512071
0.0083,-0.0014,-0.28407764676681224,0.019249752900995967,-0.013614693177567569
0.0084,-0.0014,-0.23668448256020602,0.01815267719530916,-0.01548104076899064
0.0085,-0.0014,-0.18332816694934284,0.016984488639101365,-0.017634428841548918
0.0086,-0.0014,-0.12724101927761633,0.01550921807699052,-0.02014705901510176
0.0087,-0.0014,-0.06651090359520359,0.013823443989169494,-0.023180397052297925
0.0088,-0.0014,-0.004526185288064937,0.011894416436546202,-0.026656066020627724
0.0089,-0.0014,0.06308282515502209,0.00971451460162606,-0.03090831224096295
0.009,-0.0014,0.1306302015060434,0.007258977529385921,-0.03583847202843736
0.0091,-0.0014,0.20451383940932796,0.00473836453552846,-0.041531173020137396
0.0092,-0.0014,0.2728697033425158,0.0020600988360720044,-0.04779687296672108
0.0093,-0.0014,0.3565158416847963,0.00033518163154317685,-0.05394903830403713
0.0094,-0.0014,0.2941533366417749,-0.0032521281613046684,-0.06014926117519553
0.0095,-0.0014,0.41380687935580895,-0.004939617479824705,-0.06187037359319232
0.0096,-0.0014,0.6734288652297501,-0.005297555373770253,-0.0626535099843217
0.0097,-0.0014,0.6037241439449694,-0.0028787498173584243,-0.05754391962438424
0.0098,-0.0014,0.4883805244525065,-0.0017925975839146334,-0.04450344597284431
0.0099,-0.0014,0.5207711204542901,-0.0016863950140184687,-0.025636423226354565
0.01,-0.0014,0.5373315318979537,0.0,0.0
0.0,-0.0013000000000000002,-0.13182066260649475,0.0,0.0
0.0001,-0.0013000000000000002,-0.12989148838923154,-0.00019507283482954224,0.0024612510776132173
0.0002,-0.0013000000000000002,-0.1259533662554148,-0.0005003963204585377,0.005057545198630453
0.0003,-0.0013000000000000002,-0.121118913079255,-0.0008086073912980939,0.0070925269670117815
0.0004,-0.0013000000000000002,-0.11705221704846867,-0.001278889457927377,0.008971893671265177
0.0005,-0.0013000000000000002,-0.11339413969927341,-0.001688448764458875,0.010484461537170219
0.0006,-0.0013000000000000002,-0.10827425766265379,-0.0019558640472192796,0.011645517689703587
0.0007,-0.0013000000000000002,-0.10119244029638627,-0.0021700685691293286,0.012817060450282093
0.0008,-0.0013000000000000002,-0.09187808932598672,-0.0021879166295849387,0.013640538974427952
0.0009,-0.0013000000000000002,-0.08855944077873827,-0.0021088338352716514,0.014457684809102296
0.001,-0.0013000000000000002,-0.08405114962684883,-0.0019688579261291964,0.015134560639696357
0.0011,-0.0013000000000000002,-0.07200422205918447,-0.0016144311527745453,0.01565922158101643
0.0012,-0.0013000000000000002,-0.06185678050144666,-0.0012103830313917351,0.016069048183454955
0.0013000000000000002,-0.0013000000000000002,-0.052721237518132104,-0.0006484186442415933,0.016412220719422412
0.0014,-0.0013000000000000002,-0.045302024978987866,-1.093538118816309e-05,0.016717002407395973
0.0015,-0.0013000000000000002,-0.03932321028444693,0.0006507543848617737,0.016916057218964175
0.0016,-0.0013000000000000002,-0.03359622240721345,0.0014153463208307134,0.01709208618850486
0.0017,-0.0013000000000000002,-0.028256993290761825,0.002187948142908161,0.01712763164817185
0.0018,-0.0013000000000000002,-0.02715736456874095,0.003081088955042479,0.017169831448208116
0.0019,-0.0013000000000000002,-0.025981343976976774,0.003985051507250367,0.01726209921860078
0.002,-0.0013000000000000002,-0.028982616304672502,0.004976502307338563,0.017226206053694713
0.0021,-0.0013000000000000002,-0.03360997582897848,0.005931331689118899,0.01714989392057939
0.0022,-0.0013000000000000002,-0.040818985860168515,0.006898832596337468,0.016983711252457078
0.0023,-0.0013000000000000002,-0.049530486119596866,0.007928853841793272,0.01683187556806772
0.0024,-0.0013000000000000002,-0.05934143762402552,0.008940464069928974,0.01666769029165111
0.0025,-0.0013000000000000002,-0.07439541150410639,0.009972933636698789,0.01646254459483984
0.0026000000000000003,-0.0013000000000000002,-0.0898453361493572,0.010979550809594566,0.016298557676440836
0.0027,-0.0013000000000000002,-0.10813206483978409,0.012058463844038615,0.01601616542802829
0.0028,-0.0013000000000000002,-0.12696420662956617,0.013066701654707778,0.01577841803452684
0.0029,-0.0013000000000000002,-0.14585226461297346,0.014007349583544122,0.015485923666094265
0.003,-0.0013000000000000002,-0.16720217688404354,0.014974869326136113,0.015171878388330035
0.0031,-0.0013000000000000002,-0.19265936651912124,0.015979561912810653,0.014829667402428626
0.0032,-0.0013000000000000002,-0.2200164183147932,0.016952511714651026,0.01447302382849729
0.0033000000000000004,-0.0013000000000000002,-0.2432754134104356,0.017860069507699104,0.01411900270529199
0.0034,-0.0013000000000000002,-0.27073337124592756,0.018724310802661973,0.013715661568781831
0.0034999999999999996,-0.0013000000000000002,-0.296492425387038,0.019595771810564135,0.013346029809624502
0.0036,-0.0013000000000000002,-0.3250803825949826,0.020438144654178224,0.012960760588712792
0.0037,-0.0013000000000000002,-0.35533233654957613,0.021280420682415844,0.012540218507730917
0.0038,-0.0013000000000000002,-0.3813207118261259,0.022056010381865228,0.012104694556780269
0.0039,-0.0013000000000000002,-0.4104635537227991,0.02278901324269424,0.01166544132755587
0.004,-0.0013000000000000002,-0.4385942930585056,0.02347855560598323,0.011224072315486187
0.0041,-0.0013000000000000002,-0.4643126356464265,0.024210422062612532,0.010762088338476777
0.0042,-0.0013000000000000002,-0.4913667086200778,0.024836302495781584,0.010300630818059472
0.0043,-0.0013000000000000002,-0.5174987940064147,0.02546783750850523,0.009843076817184397
0.0044,-0.0013000000000000002,-0.54207800507045,0.026025648408069597,0.00937903305050302
0.0045,-0.0013000000000000002,-0.5658105766732272,0.02655918375475912,0.008916719215114914
0.0046,-0.0013000000000000002,-0.5880018431696994,0.0270368862301627,0.008435351235005694
0.0047,-0.0013000000000000002,-0.6094877182686176,0.027483762242726136,0.00797186709994648
0.0048,-0.0013000000000000002,-0.6291259926728904,0.02790080162098383,0.007505413205939457
0.0049,-0.0013000000000000002,-0.6473240006936675,0.02825642007732392,0.0070405760600742665
0.005,-0.0013000000000000002,-0.6636446483700154,0.02860690845586767,0.00657040519843708
0.0051,-0.0013000000000000002,-0.6783991227498777,0.028897281389242482,0.006123590511828144
0.005200000000000001,-0.0013000000000000002,-0.6914151923080334,0.029157052985545204,0.005668054539918608
0.0053,-0.0013000000000000002,-0.7027707633178815,0.02936242127226651,0.005236733225215442
0.0054,-0.0013000000000000002,-0.711724175595138,0.029572660041610483,0.004778901527392016
0.0055,-0.0013000000000000002,-0.719502649783023,0.02970164939199312,0.004379031511349703
0.0056,-0.0013000000000000002,-0.7256091938909626,0.029827624393968678,0.003963114601537121
0.005700000000000001,-0.0013000000000000002,-0.7294171116721209,0.029904195542488854,0.0035423885800292404
0.0058,-0.0013000000000000002,-0.7317442515978523,0.02994453180700255,0.0031483242497398044
0.0059,-0.0013000000000000002,-0.7324417699386041,0.02995530730900167,0.0027403753826306184
0.006,-0.0013000000000000002,-0.730948541527104,0.029985332020432888,0.002360050968036183
0.0061,-0.0013000000000000002,-0.7289412173842343,0.029920472903511033,0.001988265544096611
0.0062,-0.0013000000000000002,-0.7231674520973334,0.029814981220706707,0.0016087680762680836
0.0063,-0.0013000000000000002,-0.7192157249300936,0.029765245007125487,0.001253607437758795
0.0064,-0.0013000000000000002,-0.7106114858961184,0.029651817780768655,0.0008549349216879494
0.006499999999999999,-0.0013000000000000002,-0.7005902495577068,0.02943607413944272,0.0005030238803878314
0.006600000000000001,-0.0013000000000000002,-0.6925718001111411,0.02937379957962189,0.0001254777731292997
0.0067,-0.0013000000000000002,-0.6809073132646225,0.02914430407829928,-0.00027337643448293556
0.0068,-0.0013000000000000002,-0.6690181489446433,0.028917156432617244,-0.0006390962657537247
0.0069,-0.0013000000000000002,-0.654218428331413,0.028662265433222086,-0.0010509946901798948
0.006999999999999999,-0.0013000000000000002,-0.6386560385242965,0.028479813708254392,-0.001491955510960117
0.007100000000000001,-0.0013000000000000002,-0.619743521370682,0.02814981628704909,-0.0019468089905100466
0.0072,-0.0013000000000000002,-0.6024966436513688,0.02787249457424645,-0.002445847799935917
0.0073,-0.0013000000000000002,-0.5828486549795442,0.02743938162909535,-0.0029767892651518103
0.0074,-0.0013000000000000002,-0.5606921643618852,0.027109203915724512,-0.003552703586963189
0.0075,-0.0013000000000000002,-0.5358286369473407,0.026760550849453026,-0.004230715590339174
0.0076,-0.0013000000000000002,-0.5094977622995336,0.02625450821037774,-0.004940541392615327
0.0077,-0.0013000000000000002,-0.4810343018155592,0.025823513488916806,-0.005688677021908881
0.0078,-0.0013000000000000002,-0.449188629822377,0.02515776135908797,-0.00653424566631656
0.0079,-0.0013000000000000002,-0.4160997736872,0.024628227389968723,-0.007527015621343423
0.008,-0.0013000000000000002,-0.3772195994495186,0.02394345179201502,-0.008591456135785637
0.0081,-0.0013000000000000002,-0.33648411309378395,0.023262590642895792,-0.00975189956375216
0.0082,-0.0013000000000000002,-0.28997663293737014,0.022341522912951273,-0.011078914397171865
0.0083,-0.0013000000000000002,-0.24366785513737993,0.021357146527030003,-0.012494358172252543
0.0084,-0.0013000000000000002,-0.18795403102070793,0.02032355035941809,-0.01428094644954191
0.0085,-0.0013000000000000002,-0.13013991257830468,0.019016355074438846,-0.016247259444912454
0.0086,-0.0013000000000000002,-0.0686868601270896,0.017661566226988095,-0.018564698061383427
0.0087,-0.0013000000000000002,-0.0031020513112399476,0.01596005885691241,-0.02123543468382419
0.0088,-0.0013000000000000002,0.06726353616360858,0.014077480284689243,-0.02464828546507919
0.0089,-0.0013000000000000002,0.1390074923585096,0.011774000535735607,-0.02840437226475964
0.009,-0.0013000000000000002,0.21961220422095415,0.009260894673934665,-0.03320515531175539
0.0091,-0.0013000000000000002,0.29673778700969705,0.006505776277958324,-0.038827992072901434
0.0092,-0.0013000000000000002,0.3777396983399638,0.0035803076225302717,-0.04515585738305131
0.0093,-0.0013000000000000002,0.4526549216748522,0.0010977574680206042,-0.051446114094782884
0.0094,-0.0013000000000000002,0.5162641530489341,-0.0006293647063208808,-0.05812837088856269
0.0095,-0.0013000000000000002,0.45151662007056315,-0.0028507663863196185,-0.061091371613624934
0.0096,-0.0013000000000000002,0.5772628838483242,-0.005731154373524269,-0.06151234962239758
0.0097,-0.0013000000000000002,0.7341327185058852,-0.0033540061526371834,-0.057725382939753184
0.0098,-0.0013000000000000002,0.637244935000992,-0.0016584060682543129,-0.04577598661757764
0.0099,-0.0013000000000000002,0.7039755931633541,-0.0012161932071112775,-0.026978224074468062
0.01,-0.0013000000000000002,0.6908524980038433,0.0,0.0
0.0,-0.0012,-0.11594043335590877,0.0,0.0
0.0001,-0.0012,-0.11493369590053155,-0.00030451819655478844,0.00283031205641582
0.0002,-0.0012,-0.11004819516618934,-0.0006909106521868401,0.005430247587887553
0.0003,-0.0012,-0.10544683698053288,-0.0012395430008066144,0.007614609186736104
0.0004,-0.0012,-0.10088885908069141,-0.001814994410884082,0.009388452609982029
0.0005,-0.0012,-0.09812564952414407,-0.0022461848192374388,0.010871431278831696
0.0006,-0.0012,-0.09430516748204539,-0.002778978024340959,0.011983708776444713
0.0007,-0.0012,-0.08921627766253257,-0.0030601618428485896,0.01302557545897335
0.0008,-0.0012,-0.07583656836450452,-0.0031965887847508266,0.013741522441408456
0.0009,-0.0012,-0.0710845814493379,-0.0032397738705100955,0.014395872522134062
0.001,-0.0012,-0.06920030109168065,-0.003033357622753047,0.01483262510368798
0.0011,-0.0012,-0.05681349663805754,-0.002733360535461105,0.015261858854613525
0.0012,-0.0012,-0.04570574850329826,-0.0023141204885381707,0.015608541630081041
0.0013000000000000002,-0.0012,-0.03674988536395907,-0.0017866204415125835,0.015872977313345117
0.0014,-0.0012,-0.02858341718698351,-0.0011781912788755616,0.01603618368172386
0.0015,-0.0012,-0.02222947355198561,-0.00042284278327611724,0.016206649020836416
0.0016,-0.0012,-0.015316155384794266,0.0003064799931097068,0.01632738959377655
0.0017,-0.0012,-0.012077727777873647,0.001192451529341268,0.016342073959902625
0.0018,-0.0012,-0.006926947263900628,0.0020794104903203987,0.01629243454508611
0.0019,-0.0012,-0.006817907682604055,0.0030257130162251672,0.016261271070779584
0.002,-0.0012,-0.0093648637190534,0.004070689425211108,0.01622870194158951
0.0021,-0.0012,-0.014368075603806556,0.005075990792474478,0.01605333531412499
0.0022,-0.0012,-0.02258088361939423,0.006134974608583367,0.01591165855921947
0.0023,-0.0012,-0.03007432893450467,0.007216796154161035,0.015793655129246402
0.0024,-0.0012,-0.040333136999045144,0.008241093617339384,0.015634982226364762
0.0025,-0.0012,-0.04984994984197689,0.009380639526478038,0.01545658351778031
0.0026000000000000003,-0.0012,-0.06606612724761585,0.010422337870707298,0.015206103533442459
0.0027,-0.0012,-0.08670449840562701,0.011510650751866823,0.01498411971084181
0.0028,-0.0012,-0.1109639587890612,0.012521613024075617,0.014758350392965622
0.0029,-0.0012,-0.13083050597059975,0.013551810507832268,0.014437751659502118
0.003,-0.0012,-0.14842509607162846,0.01463695009617786,0.014111176257384499
0.0031,-0.0012,-0.17137934128919946,0.015713982137826335,0.013832089650555407
0.0032,-0.0012,-0.19917468742088026,0.016677245426623112,0.013555597259794215
0.0033000000000000004,-0.0012,-0.22358611979283513,0.01763724642885061,0.013187360098094646
0.0034,-0.0012,-0.25263084206798303,0.01862350875472072,0.012850058104206231
0.0034999999999999996,-0.0012,-0.2809804116239393,0.019501406156116702,0.012475223375112011
0.0036,-0.0012,-0.30583977030225534,0.0203818474010378,0.012111636311832546
0.0037,-0.0012,-0.33527769746917385,0.02128734328592959,0.011695963672602545
0.0038,-0.0012,-0.3632280723626407,0.02216019722399184,0.011288476894466801
0.0039,-0.0012,-0.3931428669272764,0.02294604755485846,0.010902238482793892
0.004,-0.0012,-0.4202455142839628,0.023729618090606405,0.010490111021645014
0.0041,-0.0012,-0.44637698338004794,0.02445488087293805,0.010060620439652786
0.0042,-0.0012,-0.474110133866586,0.025197966498374403,0.009648811962338667
0.0043,-0.0012,-0.5007772600179252,0.025852955201870198,0.00922371263683118
0.0044,-0.0012,-0.5255524989539865,0.02646035793680391,0.00879638208052633
0.0045,-0.0012,-0.5499169709822802,0.02704096538269543,0.008372008446248204
0.0046,-0.0012,-0.5725839052916141,0.027592492538448088,0.007942434597453224
0.0047,-0.0012,-0.5937911349242266,0.028113441283311242,0.007517643093064597
0.0048,-0.0012,-0.6137753735861798,0.028596976481648623,0.007086756550959284
0.0049,-0.0012,-0.6323398268227889,0.02901414634516889,0.0066542934139588485
0.005,-0.0012,-0.6488372183574325,0.02940998699236847,0.006233072836801211
0.0051,-0.0012,-0.6643230117932422,0.029788102232053422,0.005821000816718411
0.005200000000000001,-0.0012,-0.677841754138201,0.030068195600956405,0.005397900619075364
0.0053,-0.0012,-0.6895869479616458,0.030387266450665265,0.004987034148818505
0.0054,-0.0012,-0.6994398064578365,0.03062365743867263,0.0046010317367808015
0.0055,-0.0012,-0.7072302653628255,0.030812618467926434,0.004195738757094253
0.0056,-0.0012,-0.7133965883836232,0.031008038695993112,0.0038122014427316546
0.005700000000000001,-0.0012,-0.718223587383461,0.031138404967654243,0.003447078465199517
0.0058,-0.0012,-0.7207688505056159,0.031274867193423476,0.00306634668408379
0.0059,-0.0012,-0.7216286851002862,0.03132119861161411,0.002702346490220946
0.006,-0.0012,-0.7201875660211607,0.03139658151186907,0.0023558211137593224
0.0061,-0.0012,-0.7181972611718903,0.03141649553882639,0.0020037841701067613
0.0062,-0.0012,-0.7139796692946205,0.031392989975559886,0.001667971775957744
0.0063,-0.0012,-0.7080227458654387,0.031370753733496785,0.0012966448451340843
0.0064,-0.0012,-0.701514424731219,0.03127214806403274,0.0009676449320803782
0.006499999999999999,-0.0012,-0.6927410021406629,0.031176297352119742,0.0006239730141476253
0.006600000000000001,-0.0012,-0.6806417177492842,0.03111609681590401,0.0002719947892773883
0.0067,-0.0012,-0.672235171094062,0.031051646197890227,-7.604534842922499e-05
0.0068,-0.0012,-0.656231098819062,0.030815899788675695,-0.0004478626926934605
0.0069,-0.0012,-0.6435128730271232,0.03066351632656146,-0.0008427115849554565
0.006999999999999999,-0.0012,-0.6267673248573504,0.030403745085408163,-0.001256971815477154
0.007100000000000001,-0.0012,-0.6085347763362392,0.03022444334755846,-0.001655848802675542
0.0072,-0.0012,-0.5874116271392068,0.02983608771254416,-0.0021261690587918622
0.0073,-0.0012,-0.5685763055170037,0.02962898646069717,-0.002633173374597387
0.0074,-0.0012,-0.5444818357606238,0.029224059528714222,-0.003215999854639859
0.0075,-0.0012,-0.5180828343983231,0.028869820212823895,-0.003806770251124514
0.0076,-0.0012,-0.49050671025067666,0.028462373537452207,-0.004458873145942672
0.0077,-0.0012,-0.4599284228348196,0.028093292563569752,-0.0051763983624146205
0.0078,-0.0012,-0.4250523675645855,0.027499912184889133,-0.005980191138819983
0.0079,-0.0012,-0.38759415803393976,0.026881996695948585,-0.006921749841168061
0.008,-0.0012,-0.346227324469622,0.02617851312741746,-0.007815650597850436
0.0081,-0.0012,-0.30092225688386764,0.025434914827337923,-0.009003183467349145
0.0082,-0.0012,-0.25229442183279166,0.024721786815373403,-0.010221051162760154
0.0083,-0.0012,-0.19702033474613864,0.02371797309527432,-0.011576078242480537
0.0084,-0.0012,-0.13758648054299738,0.022671002877171026,-0.01312804815855969
0.0085,-0.0012,-0.07437035269783049,0.021378155707351628,-0.014888154345927319
0.0086,-0.0012,-0.005239836858905212,0.01998822791366004,-0.01701138000718273
0.0087,-0.0012,0.06551382148910737,0.018286122474578833,-0.019450200588998587
0.0088,-0.0012,0.14574624319104343,0.01631409925661439,-0.022449008937212633
0.0089,-0.0012,0.22480633590474908,0.014079598339878267,-0.02608680507076959
0.009,-0.0012,0.313279491254453,0.011519195334685017,-0.030488311367999277
0.0091,-0.0012,0.39513735108192183,0.008538059139695237,-0.03581867879592115
0.0092,-0.0012,0.49242284613055853,0.005593028096910672,-0.04216802778555718
0.0093,-0.0012,0.5660433663961364,0.002324381910116346,-0.04900170900742115
0.0094,-0.0012,0.6542941360568658,0.0002986082407294638,-0.05594064268703865
0.0095,-0.0012,0.5992908594894155,-0.0017261320935557864,-0.06014412752977355
0.0096,-0.0012,0.6789236100385815,-0.0053100041605094895,-0.06289597884186791
0.0097,-0.0012,0.7537765042837778,-0.003193507511472506,-0.0608817163726266
0.0098,-0.0012,0.7415023912302424,-0.0015873205265272091,-0.04685297067943094
0.0099,-0.0012,0.8291429558552138,-0.0015454726216713635,-0.02772358082274991
0.01,-0.0012,0.8653725464369355,0.0,0.0
0.0,-0.0011,-0.09747859768747044,0.0,0.0
0.0001,-0.0011,-0.09361600617522402,-0.0004106436509770516,0.003228064201999461
0.0002,-0.0011,-0.0898256683032023,-0.0010375284116258014,0.006041867239224334
0.0003,-0.0011,-0.08757965537933993,-0.001633464562417323,0.008267061483436767
0.0004,-0.0011,-0.08442633278079131,-0.0024323999124436606,0.010037420354725712
0.0005,-0.0011,-0.0817805890465757,-0.0030895605036800437,0.011445538580592503
0.0006,-0.0011,-0.07758456259385951,-0.0036350575323286813,0.012404393925877145
0.0007,-0.0011,-0.07152314763052604,-0.003998221343797962,0.013286201528992698
0.0008,-0.0011,-0.07745210167258819,-0.004397062672133935,0.013891378813733916
0.0009,-0.0011,-0.06302634911659784,-0.004396957235991414,0.014239754677992067
0.001,-0.0011,-0.04681838837818016,-0.004150284252580801,0.014562061027776175
0.0011,-0.0011,-0.04364402244536939,-0.0039510366294718624,0.014951309193488208
0.0012,-0.0011,-0.03154656040200795,-0.003581837816891017,0.01512379826962557
0.0013000000000000002,-0.0011,-0.019944749952564546,-0.00299109827495829,0.015245049488397222
0.0014,-0.0011,-0.012471477512228714,-0.0022929311433958557,0.015326664387001396
0.0015,-0.0011,-0.005191655549328468,-0.0015631380993337274,0.015372553371357026
0.0016,-0.0011,-0.0010618219886588144,-0.0007581162125538763,0.015475389422649337
0.0017,-0.0011,0.004704350690537387,0.00013986206115074453,0.01536349748217885
0.0018,-0.0011,0.008765603545632163,0.001100637777735112,0.015296363186248134
0.0019,-0.0011,0.013582101446989172,0.002082130551032846,0.015317320193534052
0.002,-0.0011,0.010584041148651803,0.003149395501166146,0.015129346037436481
0.0021,-0.0011,0.0070283013451369674,0.004237894517252495,0.015092835354183124
0.0022,-0.0011,-0.0006394564697766462,0.005355076962078005,0.014894832024575283
0.0023,-0.0011,-0.010289665515162472,0.006602734824249843,0.01468399883159901
0.0024,-0.0011,-0.02599358938442597,0.007726107680221939,0.01449694331621896
0.0025,-0.0011,-0.03961117276165882,0.008836865104951306,0.014244532257965499
0.0026000000000000003,-0.0011,-0.04963084760837316,0.009958461348470896,0.014121351238403596
0.0027,-0.0011,-0.06355895392749318,0.01110120549022278,0.013972432475181276
0.0028,-0.0011,-0.0857826388149527,0.012208839733392188,0.01366282545631559
0.0029,-0.0011,-0.11067394871266363,0.013362345324415792,0.013378371058071714
0.003,-0.0011,-0.13253068696769169,0.014365299499369245,0.013118492436306346
0.0031,-0.0011,-0.15809511069332413,0.015492397660390102,0.012823210663791546
0.0032,-0.0011,-0.18195382774015498,0.016474818717139607,0.012533984930885278
0.0033000000000000004,-0.0011,-0.19951853291885874,0.017518964904815006,0.012217650805442471
0.0034,-0.0011,-0.23172405327366508,0.01868538586016975,0.011852585801171399
0.0034999999999999996,-0.0011,-0.2668565971032155,0.019621866866142243,0.011498985882284927
0.0036,-0.0011,-0.2896968447900431,0.020525307477239525,0.011120373545247256
0.0037,-0.0011,-0.31474093911688095,0.021549452283222133,0.010808244873155822
0.0038,-0.0011,-0.34462294047125774,0.022471817879396665,0.010451761575910752
0.0039,-0.0011,-0.37863392126131135,0.02333579367133752,0.0100818107957597
0.004,-0.0011,-0.40283232407737046,0.02412774408980832,0.009692056721932475
0.0041,-0.0011,-0.42960492289178603,0.024985554784248798,0.009318444887904235
0.0042,-0.0011,-0.45988938393139434,0.02576816096771027,0.008934665501332187
0.0043,-0.0011,-0.485071346910656,0.02647435168513623,0.008553803073416966
0.0044,-0.0011,-0.5099420196026607,0.027197010026339764,0.008151871742757716
0.0045,-0.0011,-0.5347574129544516,0.02781058244574088,0.0077651470177696955
0.0046,-0.0011,-0.5576925997828831,0.028412808044695155,0.007375829951526611
0.0047,-0.0011,-0.5794391111432489,0.029008301102429745,0.006992179821327449
0.0048,-0.0011,-0.5998264779207582,0.029524002789016512,0.0065917265423935615
0.0049,-0.0011,-0.619175106117956,0.030078550797798,0.006192913037616281
0.005,-0.0011,-0.6362188572509425,0.030504922274118575,0.0058163010702723455
0.0051,-0.0011,-0.6510384512085595,0.030982782728259065,0.00545190700458641
0.005200000000000001,-0.0011,-0.6648876057737549,0.03132280951093424,0.005070497412595286
0.0053,-0.0011,-0.6771270983971125,0.03168443242888945,0.004700519469032378
0.0054,-0.0011,-0.6879852579150729,0.03198736131134155,0.004334981092275412
0.0055,-0.0011,-0.6958806649104478,0.03229276055527484,0.00398059833311424
0.0056,-0.0011,-0.7025577270745069,0.03253288166051863,0.0036276529319223456
0.005700000000000001,-0.0011,-0.7069031178031034,0.03272691222539936,0.003271825018386439
0.0058,-0.0011,-0.7096624485707052,0.0328822418188617,0.0029369789977696627
0.0059,-0.0011,-0.7114719514052812,0.03307335467273103,0.0026058738996055496
0.006,-0.0011,-0.711565136371597,0.03320177244127015,0.002276144618643374
0.0061,-0.0011,-0.7086556933979775,0.033289626200693805,0.0019535332878199215
0.0062,-0.0011,-0.7035250881360552,0.03325976451470186,0.0016533240988405432
0.0063,-0.0011,-0.698493007733933,0.033338612934858895,0.0013317871261617014
0.0064,-0.0011,-0.6913659708357264,0.03334091232583384,0.001000542011770332
0.006499999999999999,-0.0011,-0.6823732433723378,0.033300337800327456,0.0006864893977936188
0.006600000000000001,-0.0011,-0.671760249563978,0.03322849043435184,0.00036853507255038537
0.0067,-0.0011,-0.6603524663123518,0.03320910772257745,2.8539761699320627e-05
0.0068,-0.0011,-0.648468797190693,0.033072645507253244,-0.0003128285959818622
0.0069,-0.0011,-0.633395574324688,0.03298942159355846,-0.0006715833199186773
0.006999999999999999,-0.0011,-0.6165008782614602,0.03271768831472515,-0.0010394528471475498
0.007100000000000001,-0.0011,-0.5967570386307771,0.03254767268188801,-0.0014388887977370892
0.0072,-0.0011,-0.5748098110965895,0.03242965503832318,-0.0018839481789765704
0.0073,-0.0011,-0.5541930848644872,0.032096133793132774,-0.0023212479103173573
0.0074,-0.0011,-0.5295762149932003,0.0318337336406065,-0.0028604084806988024
0.0075,-0.0011,-0.5006766811764236,0.03132395975679594,-0.0033957588820574362
0.0076,-0.0011,-0.471215372341392,0.031030429469284804,-0.003966908621310112
0.0077,-0.0011,-0.4371603130188075,0.030485226486187192,-0.004670804842878957
0.0078,-0.0011,-0.4002112034432593,0.030004200015248318,-0.005460927608946789
0.0079,-0.0011,-0.3593098314843454,0.029588388608968553,-0.006260288203579613
0.008,-0.0011,-0.3141666424595538,0.028904559135498276,-0.007148323778307994
0.0081,-0.0011,-0.26491603476692027,0.028047028453140117,-0.008177012566631465
0.0082,-0.0011,-0.21016978284028273,0.027350241767647887,-0.009335183588531294
0.0083,-0.0011,-0.15061508637460055,0.026383801045700896,-0.010601929581594345
0.0084,-0.0011,-0.08514385599377804,0.02526588258481905,-0.012032387459427543
0.0085,-0.0011,-0.016548004260132004,0.02393093395962849,-0.0135875095076637
0.0086,-0.0011,0.05878534939865611,0.02254015740234269,-0.015445807745302582
0.0087,-0.0011,0.1379499972579741,0.02093645947987741,-0.017707066958745417
0.0088,-0.0011,0.22295220169911148,0.018987023581998205,-0.02039123391227181
0.0089,-0.0011,0.31527460274496705,0.016652646175771595,-0.023642534434466917
0.009,-0.0011,0.4097313044097066,0.014042499970751028,-0.02771217067411968
0.0091,-0.0011,0.5038471614277417,0.010916398550573775,-0.03265104141762817
0.0092,-0.0011,0.604148890299197,0.0076692255806369465,-0.03874695179182623
0.0093,-0.0011,0.6766368289662538,0.004023966351185089,-0.04562282013970247
0.0094,-0.0011,0.8619314708082835,0.0014248584778962746,-0.05292952649812108
0.0095,-0.0011,0.9072968281206423,-0.002647089588854252,-0.05768137399817556
0.0096,-0.0011,1.0316231940985423,-0.004505610063323793,-0.0613589485046894
0.0097,-0.0011,1.0042233239503633,-0.0036616590545722988,-0.0598185767055754
0.0098,-0.0011,0.9003794277150526,-0.0018268893725954382,-0.04936629894723882
0.0099,-0.0011,1.0296442683024638,-0.0017603489684494143,-0.02917481616390158
0.01,-0.0011,1.0144616127800783,0.0,0.0
0.0,-0.001,-0.07394940343476081,0.0,0.0
0.0001,-0.001,-0.0730878261793476,-0.00045846090926931224,0.0037648643033880457
0.0002,-0.001,-0.07104037033377109,-0.0012947746242903038,0.00684088845330452
0.0003,-0.001,-0.06787007225349637,-0.0022017617056030235,0.00921046136015982
0.0004,-0.001,-0.0648814672675602,-0.003229028230805336,0.010946100522055214
0.0005,-0.001,-0.0629594654137214,-0.004093570228869438,0.012126940146237187
0.0006,-0.001,-0.05767640671142703,-0.004749884162688256,0.01294875069788924
0.0007,-0.001,-0.04901753738438276,-0.005216776774930637,0.013658455456846814
0.0008,-0.001,-0.06592582098966422,-0.0055547368438422645,0.013909191225205729
0.0009,-0.001,-0.0493110762656946,-0.005750549455793694,0.014148039426687617
0.001,-0.001,-0.03159465590335365,-0.005467739770847066,0.014235899029533722
0.0011,-0.001,-0.034212908461149494,-0.005249986341126875,0.014519066120215016
0.0012,-0.001,-0.019446853942748497,-0.004781843734794867,0.014581682315832643
0.0013000000000000002,-0.001,-0.0066381567110116845,-0.004194283469362476,0.014613552961230814
0.0014,-0.001,0.004794464664748118,-0.00339188972657307,0.014659367332325327
0.0015,-0.001,0.01128919391944966,-0.0026691305449278897,0.014644369782565343
0.0016,-0.001,0.01932787528846232,-0.001797240440767206,0.014482802588457447
0.0017,-0.001,0.024716856122179325,-0.0007223225948317973,0.014567261729802179
0.0018,-0.001,0.024084404324830576,0.000393943205036508,0.014268371391868845
0.0019,-0.001,0.017775984044071273,0.0014480238676703575,0.014143755577585699
0.002,-0.001,0.017223782971903676,0.0023926856121493853,0.014132200263317652
0.0021,-0.001,0.02810674345264627,0.0034612039734246273,0.013834687205993755
0.0022,-0.001,0.03288256396289989,0.004865198187387871,0.013718339959612198
0.0023,-0.001,0.01917793629129193,0.006188833912207517,0.013390224778056193
0.0024,-0.001,-0.012922500236720045,0.007457057762269354,0.013352761147206677
0.0025,-0.001,-0.031235113284964543,0.008519617059850873,0.013114286446280324
0.0026000000000000003,-0.001,-0.045282658192039985,0.009598187303161145,0.012924905641603292
0.0027,-0.001,-0.05613943987133446,0.010721211905269014,0.012724089979842083
0.0028,-0.001,-0.060902931929826695,0.01195120912997036,0.012456609600170821
0.0029,-0.001,-0.08055516819221192,0.013401815510072058,0.012197807870520489
0.003,-0.001,-0.11153291755178497,0.014446612696749626,0.011988136506299561
0.0031,-0.001,-0.1487290725007861,0.01568021789038942,0.011726375645473358
0.0032,-0.001,-0.17801016504100856,0.01665625890048314,0.011392682704809316
0.0033000000000000004,-0.001,-0.1817455306385103,0.017776255288014055,0.011054125024288007
0.0034,-0.001,-0.20804316330543549,0.019039770361856733,0.010803690482036537
0.0034999999999999996,-0.001,-0.24575298953111954,0.020255239506911632,0.010475528271785668
0.0036,-0.001,-0.27692874174819837,0.021092016459435176,0.010152046707029818
0.0037,-0.001,-0.301970906450054,0.022085093706091644,0.009846287643096146
0.0038,-0.001,-0.32673193448644167,0.02315938392597567,0.009499367470202247
0.0039,-0.001,-0.3599301062595977,0.024097322894201256,0.00916734677449888
0.004,-0.001,-0.3898139738070941,0.02495880256857252,0.008853404689664626
0.0041,-0.001,-0.413253093192339,0.025815814195605427,0.00851306727645215
0.0042,-0.001,-0.4451010033969509,0.026717244445612,0.008165253443785372
0.0043,-0.001,-0.4682248172200039,0.02751625569652427,0.007788378295841958
0.0044,-0.001,-0.49543894047848314,0.028272280626043783,0.00744075480852245
0.0045,-0.001,-0.5203751302410662,0.02902295803486863,0.007093652451754082
0.0046,-0.001,-0.5440874995609923,0.02965584778878763,0.0067304906106917615
0.0047,-0.001,-0.566031615997769,0.0303111710200836,0.006390146505615618
0.0048,-0.001,-0.5867241498535126,0.03092721338437443,0.006047138024164287
0.0049,-0.001,-0.605509495566083,0.031516718220233574,0.005684872549130686
0.005,-0.001,-0.6229150137674365,0.032059533340985456,0.00534269044950271
0.0051,-0.001,-0.6386883208435137,0.032557596397790156,0.005006401518360219
0.005200000000000001,-0.001,-0.6534922115091009,0.03302086610610402,0.00466638603076112
0.0053,-0.001,-0.6657084671911723,0.033458603537945907,0.004329743830133177
0.0054,-0.001,-0.675626244122857,0.03380737625083701,0.004009889742376605
0.0055,-0.001,-0.684632682792955,0.034133672060158694,0.003679399190240003
0.0056,-0.001,-0.6914289661172877,0.03445309924412903,0.0033650115067855287
0.005700000000000001,-0.001,-0.6968533056734371,0.03473976855134085,0.0030536104355793196
0.0058,-0.001,-0.7005253170121272,0.03500442115898322,0.0027417696418762317
0.0059,-0.001,-0.7019962374403104,0.03518773961465136,0.0024459226975705357
0.006,-0.001,-0.7016809711079177,0.035378983480400056,0.0021496170975535034
0.0061,-0.001,-0.6988259039607949,0.03552794639071356,0.001864904592965859
0.0062,-0.001,-0.6949655983116637,0.035590087553706365,0.001569757038866088
0.0063,-0.001,-0.6898978842591043,0.03572379847131725,0.0012801826250288069
0.0064,-0.001,-0.6836131587966767,0.035786779188338405,0.0009888730632725835
0.006499999999999999,-0.001,-0.6732013027448548,0.0358947091252785,0.0007035644885942003
0.006600000000000001,-0.001,-0.6625535705812566,0.035825491093992363,0.00039668033718483404
0.0067,-0.001,-0.651004710565117,0.03579600085731862,0.00010664459464373028
0.0068,-0.001,-0.6390811524600685,0.035738419636564926,-0.0002182991339795472
0.0069,-0.001,-0.6218633933273721,0.03559657615527549,-0.0005561986114231227
0.006999999999999999,-0.001,-0.6028397385412668,0.03547243362852084,-0.0008898389126709922
0.007100000000000001,-0.001,-0.584515876569044,0.03552266914686055,-0.0012580034705623883
0.0072,-0.001,-0.5648868753441759,0.035138465124332524,-0.001648017665782586
0.0073,-0.001,-0.5391459115987576,0.03491822235294067,-0.002056393550721332
0.0074,-0.001,-0.5134171074071222,0.03467532295299481,-0.00254123143634407
0.0075,-0.001,-0.48278609896356334,0.0343129183142147,-0.003052983081739616
0.0076,-0.001,-0.4493952530532134,0.0339790872098969,-0.0036482851258621955
0.0077,-0.001,-0.41471162497372593,0.03350372681690549,-0.004218630031832325
0.0078,-0.001,-0.3744787156281533,0.033100309705839916,-0.004904755866310866
0.0079,-0.001,-0.3303923763784175,0.03247495267401273,-0.005635240262898515
0.008,-0.001,-0.28186007887739345,0.031857045022193796,-0.006523178350929866
0.0081,-0.001,-0.22764503871873357,0.031138120001493432,-0.007426219907630894
0.0082,-0.001,-0.16984885016669832,0.030236619547230816,-0.008415779817113098
0.0083,-0.001,-0.10389005470520672,0.02929407395541426,-0.00956115221438059
0.0084,-0.001,-0.03404185337863065,0.028177852441255202,-0.010813125067369601
0.0085,-0.001,0.04138128747777549,0.0268862301738371,-0.01232354120352653
0.0086,-0.001,0.12300054477688348,0.025469696218998767,-0.013901108701648535
0.0087,-0.001,0.21052305471754412,0.023826195551043563,-0.0158908107273933
0.0088,-0.001,0.30783829786743844,0.021871742696722443,-0.018257215149677496
0.0089,-0.001,0.40521534184320795,0.01955454677039045,-0.021153676469539053
0.009,-0.001,0.5119737560328704,0.016862752087818605,-0.02478992796779185
0.0091,-0.001,0.6176420225886236,0.013627851474615857,-0.02940085803453334
0.0092,-0.001,0.7323141705752654,0.01022423201512454,-0.03508987411490301
0.0093,-0.001,0.8224940028924539,0.00577855602260633,-0.04187814729364108
0.0094,-0.001,1.0065821977809928,0.0029690516303077378,-0.04880686696060427
0.0095,-0.001,0.9857947111189803,-0.0011468917033599514,-0.05544444247904726
0.0096,-0.001,1.1403568916710143,-0.0037594075444955044,-0.059482377945173595
0.0097,-0.001,1.1550362773728309,-0.0032242060845094874,-0.059099550636444745
0.0098,-0.001,1.065356162183601,-0.0024962380546963547,-0.05228427799574941
0.0099,-0.001,1.173006257907533,-0.0008413744549994446,-0.03133831107917056
0.01,-0.001,1.2379685393402453,0.0,0.0
0.0,-0.0009,-0.0497073300008553,0.0,0.0
0.0001,-0.0009,-0.04920681404650296,-0.0006559616263978485,0.004462911215224218
0.0002,-0.0009,-0.04816891152425342,-0.0016373129759350699,0.007952417792695793
0.0003,-0.0009,-0.04638375403114522,-0.0028616923330562305,0.010314163043981542
0.0004,-0.0009,-0.044758018456996895,-0.0040717703019948195,0.01196957536543827
0.0005,-0.0009,-0.04346476531036295,-0.005173073646335943,0.012990227185017276
0.0006,-0.0009,-0.04284638669136075,-0.006013407349097852,0.013624575356410693
0.0007,-0.0009,-0.04330077440631211,-0.006784947521893825,0.014021375874727078
0.0008,-0.0009,-0.046808334234464406,-0.0069269123217964084,0.014080936271042933
0.0009,-0.0009,-0.02547868006586675,-0.006983933645554516,0.014134220178205932
0.001,-0.0009,-0.01127281642613577,-0.00680649160538328,0.014102521473258604
0.0011,-0.0009,-0.01789230854990027,-0.006327405446347266,0.014153589836636365
0.0012,-0.0009,-0.0044891143648646365,-0.005834623296788043,0.014003481019218148
0.0013000000000000002,-0.0009,0.004697049840309285,-0.0050771220628505614,0.013886108167133648
0.0014,-0.0009,0.007113190339913616,-0.004311150272892999,0.01381630350013442
0.0015,-0.0009,0.014703903212943655,-0.0036380302136538034,0.013716597697450436
0.0016,-0.0009,0.038439272849488455,-0.0026570422664814737,0.013532941014123646
0.0017,-0.0009,0.05789170229229324,-0.0013382639298338578,0.013271625444225183
0.0018,-0.0009,0.04697280716300163,2.9612566551127234e-05,0.013263321687111333
0.0019,-0.0009,0.026576853607251313,0.0011320915369349483,0.013119150782103831
0.002,-0.0009,0.019718687471801097,0.0020752051314944717,0.012893951876784163
0.0021,-0.0009,0.023741900566529583,0.003134420561745621,0.012435578174555685
0.0022,-0.0009,0.042889655198496884,0.004639541768508586,0.012332187180749861
0.0023,-0.0009,0.03797028034187209,0.006171767183172664,0.012323124438212214
0.0024,-0.0009,0.020641649988681652,0.007518482451339084,0.012080868779260848
0.0025,-0.0009,-0.0012920485067428255,0.008900891653896598,0.011923748936779333
0.0026000000000000003,-0.0009,-0.03403189290400955,0.010135235448045768,0.011825518418901029
0.0027,-0.0009,-0.049232705799571785,0.011124056607564464,0.011546367023717337
0.0028,-0.0009,-0.04358664045117819,0.012417609805352036,0.011202510000209632
0.0029,-0.0009,-0.06159165340334501,0.014167161666404164,0.010973373818334176
0.003,-0.0009,-0.10340647538880528,0.015175722838454737,0.010745599620048923
0.0031,-0.0009,-0.13119185449821943,0.016149474372402783,0.010416075929356962
0.0032,-0.0009,-0.15344188692206978,0.017449253790346585,0.010331674039754352
0.0033000000000000004,-0.0009,-0.1781586885287606,0.018598669681357545,0.00997532032674752
0.0034,-0.0009,-0.19551988891163077,0.019826483753393673,0.009582504511163792
0.0034999999999999996,-0.0009,-0.22305236470860662,0.021171796877739082,0.009402391689049605
0.0036,-0.0009,-0.2592272067740864,0.022338789172128577,0.00908813057395388
0.0037,-0.0009,-0.29090006173921207,0.023305111544933494,0.008817384207611615
0.0038,-0.0009,-0.31152320755319984,0.02437635985068628,0.008539453758109062
0.0039,-0.0009,-0.3460968586442797,0.025427010118696913,0.008261352969658834
0.004,-0.0009,-0.37576757731343474,0.026334416147517282,0.007899796193663516
0.0041,-0.0009,-0.40122639707824387,0.027344549940870756,0.007603108213452849
0.0042,-0.0009,-0.43182236826906895,0.028243052526395036,0.0072939334483083235
0.0043,-0.0009,-0.4538112931832158,0.029085959987604566,0.006964261459678316
0.0044,-0.0009,-0.48283898465925007,0.029951494536841674,0.006679483356443913
0.0045,-0.0009,-0.5074811946603479,0.03074240584172045,0.0063502937818471165
0.0046,-0.0009,-0.5302838119198541,0.03146142793363746,0.00603466954404316
0.0047,-0.0009,-0.5534325663298572,0.03218449526978914,0.005721435686848664
0.0048,-0.0009,-0.5738533909364409,0.032959367607821824,0.00541130827428012
0.0049,-0.0009,-0.5928770365138034,0.03352000978500871,0.005099611655334183
0.005,-0.0009,-0.6114666393874247,0.0341557051986577,0.0047922273753281995
0.0051,-0.0009,-0.6278365243436554,0.03467776405819711,0.004494676372818871
0.005200000000000001,-0.0009,-0.6420515231308818,0.035255237317025304,0.004195328547236923
0.0053,-0.0009,-0.6545987449723647,0.03569591716726936,0.0038930239327991294
0.0054,-0.0009,-0.6653339006532786,0.03607704889567984,0.0036077045003945264
0.0055,-0.0009,-0.6746231246335064,0.03658819242149501,0.0033194833386315336
0.0056,-0.0009,-0.6822575413977977,0.036945684656348864,0.0030346734518079603
0.005700000000000001,-0.0009,-0.6872484608154603,0.03725950064387502,0.0027736042514743056
0.0058,-0.0009,-0.690040609287476,0.03757767853212879,0.0024859255478752074
0.0059,-0.0009,-0.6927411454132794,0.037824695075260484,0.0022241359580712663
0.006,-0.0009,-0.6927342895529669,0.0380174112865804,0.0019612055201608538
0.0061,-0.0009,-0.6905102719727394,0.03829721903825317,0.0016991569707767318
0.0062,-0.0009,-0.6863388209950277,0.03847313318917234,0.0014365668091694751
0.0063,-0.0009,-0.6808002840771394,0.03860148466363,0.0011830116989691311
0.0064,-0.0009,-0.6735618856757096,0.038769065753513486,0.0009254023735155033
0.006499999999999999,-0.0009,-0.6659772378973148,0.03873525416406998,0.0006687232468903092
0.006600000000000001,-0.0009,-0.6544305746120445,0.03889857608726579,0.00039316031922175047
0.0067,-0.0009,-0.6424147435924882,0.03880484573872258,0.00011981884677289209
0.0068,-0.0009,-0.6282149089390738,0.038850505130544416,-0.0001447050966834505
0.0069,-0.0009,-0.6127931567433941,0.038775476091255014,-0.0004648913408345544
0.006999999999999999,-0.0009,-0.5935618307765734,0.03882190767107496,-0.0007510592344259098
0.007100000000000001,-0.0009,-0.5726629574330282,0.038751532708213854,-0.0010976544147786322
0.0072,-0.0009,-0.5515099678650368,0.03835807529444469,-0.0014644853637267954
0.0073,-0.0009,-0.5244439037943295,0.03823731054839021,-0.0018011747535379475
0.0074,-0.0009,-0.49582403278120113,0.037982230565321365,-0.002261593658670524
0.0075,-0.0009,-0.46567850315363646,0.03783395740445938,-0.002683163458718747
0.0076,-0.0009,-0.4292656103687042,0.03724881719174005,-0.0032256340310471165
0.0077,-0.0009,-0.3909259675368926,0.03704074616237748,-0.0037729588957512413
0.0078,-0.0009,-0.34841075668604865,0.036372530402018946,-0.004352050642418367
0.0079,-0.0009,-0.3016827799788884,0.03583239923322201,-0.00507672505853078
0.008,-0.0009,-0.24917815460164103,0.03527254715926902,-0.005796251975956558
0.0081,-0.0009,-0.1908577414488404,0.034479931754467584,-0.006582564827686713
0.0082,-0.0009,-0.12743708410594298,0.033615439840563546,-0.007518323717405262
0.0083,-0.0009,-0.058382433436771415,0.03263406223865461,-0.008531729991160605
0.0084,-0.0009,0.019627977350133465,0.031533087239952864,-0.009652076167199018
0.0085,-0.0009,0.10255615279240883,0.030214122989637684,-0.010919057779160364
0.0086,-0.0009,0.19260140334265669,0.0288032834515939,-0.012328639009931308
0.0087,-0.0009,0.2872029559090008,0.02711570331475718,-0.014036534007130922
0.0088,-0.0009,0.3942282227239813,0.025150940986038574,-0.016113057272148613
0.0089,-0.0009,0.5036753079440139,0.022807212515655085,-0.018669937172695657
0.009,-0.0009,0.6191743016113738,0.020078487207560034,-0.021897560133616135
0.0091,-0.0009,0.7419923841424992,0.016757255158996242,-0.025963915737412403
0.0092,-0.0009,0.8744097195523234,0.013128496625373617,-0.03124777245720757
0.0093,-0.0009,0.9890880867381592,0.008516126774754986,-0.0378446517970443
0.0094,-0.0009,1.1885128408439076,0.004993239228711144,-0.045223240172371094
0.0095,-0.0009,1.1485541067531666,-0.00041100963442008075,-0.05275736127724955
0.0096,-0.0009,1.2991201126129341,-0.002081392885938061,-0.05926863498652746
0.0097,-0.0009,1.4562132926795845,-0.0013230718063550755,-0.061931583354783507
0.0098,-0.0009,1.4222772622176802,-0.0034313205186472895,-0.05268410174133579
0.0099,-0.0009,1.4668252546164287,-0.001455972491549001,-0.0326943339649294
0.01,-0.0009,1.4678232809142306,0.0,0.0
0.0,-0.0008,-0.024496523942943042,0.0,0.0
0.0001,-0.0008,-0.0254005651445418,-0.0008455170823448853,0.005366106379889507
0.0002,-0.0008,-0.023515689075390905,-0.0021847030662278215,0.009283644024011778
0.0003,-0.0008,-0.025326445531947156,-0.003766580034216584,0.011831991349988991
0.0004,-0.0008,-0.022045627429477712,-0.005199357959120365,0.013226769605314173
0.0005,-0.0008,-0.025584420995395638,-0.006328640063557664,0.01405012520327198
0.0006,-0.0008,-0.04520705849197789,-0.007355582985472631,0.014667849378242418
0.0007,-0.0008,-0.03863827161038673,-0.008332407951393733,0.014326697725154356
0.0008,-0.0008,-0.03724645668031272,-0.008330523135581955,0.013856960492768267
0.0009,-0.0008,-0.013002215732288044,-0.008106897146598388,0.014167479635480713
0.001,-0.0008,-0.0035901955977452236,-0.00781228647462905,0.013868030603562235
0.0011,-0.0008,-0.00854506627700256,-0.00716102273773325,0.013556491202749828
0.0012,-0.0008,0.02037017931569244,-0.006597194961749331,0.013358839172808777
0.0013000000000000002,-0.0008,0.03061440805604924,-0.005529760503050875,0.013143622195711458
0.0014,-0.0008,-0.0033647776081223105,-0.004624571583263867,0.012956666027974302
0.0015,-0.0008,0.00817101873114624,-0.00409078931049849,0.012636589520505748
0.0016,-0.0008,0.044630517228074096,-0.0029432656391173693,0.012277740306583842
0.0017,-0.0008,0.06351584232726146,-0.0014362171794509713,0.012152197257835944
0.0018,-0.0008,0.07176745457458425,0.0002444563851386729,0.012067811534060743
0.0019,-0.0008,0.05442755493698377,0.001480096807858947,0.011692410032979867
0.002,-0.0008,0.048854928909336556,0.002434828850861646,0.011380705190273486
0.0021,-0.0008,0.04989631176134028,0.0039587503062364525,0.011293944614129511
0.0022,-0.0008,0.05038538485288319,0.005245340211688829,0.011253584932983125
0.0023,-0.0008,0.037296536812813474,0.006559106752957362,0.011011916097341583
0.0024,-0.0008,0.03508893824824221,0.008178116065943415,0.010599989051830898
0.0025,-0.0008,0.01647006707324064,0.00994376158484977,0.010419913073238293
0.0026000000000000003,-0.0008,-0.009076070641411553,0.011155038443254828,0.010441648737723472
0.0027,-0.0008,-0.0368376355912786,0.0122811015358808,0.010297523793024881
0.0028,-0.0008,-0.030321758216919098,0.01367332620731489,0.010175890207024595
0.0029,-0.0008,-0.04391304517722201,0.015303944202910633,0.009739612362295414
0.003,-0.0008,-0.09505429903020537,0.01653902132799449,0.009652727861695477
0.0031,-0.0008,-0.12377106252677407,0.017812846996796892,0.009365010800396659
0.0032,-0.0008,-0.13042379467821577,0.01904689346647634,0.008822142047410284
0.0033000000000000004,-0.0008,-0.15126233260830965,0.020245602662785803,0.008704704017586908
0.0034,-0.0008,-0.1851650802461408,0.021598934402905726,0.008415153613710091
0.0034999999999999996,-0.0008,-0.2116029151237802,0.023051896923298898,0.007954285776109741
0.0036,-0.0008,-0.24760524797721392,0.024155573379181478,0.007851183950670235
0.0037,-0.0008,-0.2771942990364714,0.025253306052592586,0.00764102882616148
0.0038,-0.0008,-0.29825622278242403,0.026414344314677998,0.0074947979550509984
0.0039,-0.0008,-0.32571194070075565,0.027349469778318036,0.007102034045831748
0.004,-0.0008,-0.3585938794052185,0.028510392899518636,0.006834194949942112
0.0041,-0.0008,-0.3939780984516535,0.029603322063195076,0.006645308039645474
0.0042,-0.0008,-0.41758711923415853,0.030510532561233684,0.006345283959990783
0.0043,-0.0008,-0.4441484118181743,0.031524510353264125,0.0060972937968710415
0.0044,-0.0008,-0.47070649326093283,0.032405802300547966,0.005822641809862425
0.0045,-0.0008,-0.495228200743464,0.033198190738323696,0.005539389652564983
0.0046,-0.0008,-0.5183926701404035,0.03404071324270274,0.005262123501502786
0.0047,-0.0008,-0.5414076537145356,0.034832542558054506,0.0049924628774800014
0.0048,-0.0008,-0.5624383078967797,0.03554605021089276,0.004722288545149055
0.0049,-0.0008,-0.5820593720059959,0.036275721953262965,0.004453204916040759
0.005,-0.0008,-0.6003532376908352,0.03692016695758389,0.0041767642630359805
0.0051,-0.0008,-0.6168551765773642,0.037607867207018704,0.003915508621143042
0.005200000000000001,-0.0008,-0.6310772829791017,0.038146946309061444,0.0036644671852364198
0.0053,-0.0008,-0.6442810377792537,0.03862585668283154,0.0034070208689170114
0.0054,-0.0008,-0.6555993684217828,0.03914339848994017,0.003147048511263076
0.0055,-0.0008,-0.665133058435176,0.03973443006399161,0.0028925785864844624
0.0056,-0.0008,-0.6726629562101673,0.04001779112865559,0.0026480394433105177
0.005700000000000001,-0.0008,-0.6775382536927386,0.04044359651394841,0.002421893141355291
0.0058,-0.0008,-0.6811894419758427,0.04091187279764307,0.002168401509703195
0.0059,-0.0008,-0.6831732685397514,0.04122124245638104,0.0019438659633869869
0.006,-0.0008,-0.6835838411658038,0.041541746275730054,0.0017178939789569095
0.0061,-0.0008,-0.6818938734541271,0.041656491679672586,0.0014861041904909624
0.0062,-0.0008,-0.6782268164350691,0.041796961288904304,0.0012633923928252913
0.0063,-0.0008,-0.6729375431822752,0.04213887817105305,0.0010352529110421419
0.0064,-0.0008,-0.6654050494495029,0.04220638365853679,0.0008105674873916746
0.006499999999999999,-0.0008,-0.6574911786295807,0.042388080052796,0.0005662048020682898
0.006600000000000001,-0.0008,-0.6456763513202509,0.042412939679508876,0.0003347338209708027
0.0067,-0.0008,-0.6336604177581177,0.042629182814643764,8.211693686176035e-05
0.0068,-0.0008,-0.6188220681955114,0.042544816054258694,-0.00014633098258298155
0.0069,-0.0008,-0.6011618842064509,0.042520273923376734,-0.00040064238625773607
0.006999999999999999,-0.0008,-0.5824689996723008,0.04248780524445159,-0.0006858216218767278
0.007100000000000001,-0.0008,-0.5606822484239999,0.04243569240969494,-0.0009685304153924683
0.0072,-0.0008,-0.5366097466939368,0.04223638688907938,-0.0012822990518035122
0.0073,-0.0008,-0.5087437881922175,0.04211890840058394,-0.001620271137945939
0.0074,-0.0008,-0.48024859831639105,0.04194053284994013,-0.0019902760634431
0.0075,-0.0008,-0.44658440044524483,0.041637994643629966,-0.0023968114195548405
0.0076,-0.0008,-0.4093139901472491,0.04117815386420026,-0.0028558968939273706
0.0077,-0.0008,-0.368498421978616,0.04079027520032644,-0.0033143078746136825
0.0078,-0.0008,-0.32223883348257887,0.04034744141115017,-0.003858484615785605
0.0079,-0.0008,-0.27203676524764087,0.0397578694714011,-0.004453732769408312
0.008,-0.0008,-0.21592993740546432,0.03918462165711965,-0.005092601185983057
0.0081,-0.0008,-0.15326424720672394,0.03832481287019932,-0.005790781719030864
0.0082,-0.0008,-0.08697955137488798,0.03741945694918094,-0.00659214551582019
0.0083,-0.0008,-0.010693185637491864,0.03647090844996355,-0.007449170990034171
0.0084,-0.0008,0.07159289330740984,0.035306454584816474,-0.008454957286412415
0.0085,-0.0008,0.16119320941604945,0.034054126361679586,-0.009554961372208948
0.0086,-0.0008,0.258800890717177,0.03255998360468011,-0.010786096528678353
0.0087,-0.0008,0.36173666653439834,0.030844834728910843,-0.012238743996703466
0.0088,-0.0008,0.4781014983353186,0.028836551318002914,-0.013984022706534656
0.0089,-0.0008,0.6001850334597468,0.026516598458675635,-0.016175725180938596
0.009,-0.0008,0.7277767972879436,0.02381659094608124,-0.018866469062800012
0.0091,-0.0008,0.864917847690557,0.020500354186973328,-0.022455474379167995
0.0092,-0.0008,1.0117948283898266,0.016735933747292025,-0.02712941331765023
0.0093,-0.0008,1.1531570951405707,0.01202017017699887,-0.03303060952442043
0.0094,-0.0008,1.333406923759133,0.00761942723875409,-0.040457444726047356
0.0095,-0.0008,1.3601946332327464,0.0018091414189603855,-0.04944799911516682
0.0096,-0.0008,1.6630084811178327,-0.0013695573963852256,-0.05664220273173102
0.0097,-0.0008,1.9551131847305439,-0.0015238466023713819,-0.05849116800241039
0.0098,-0.0008,1.6788031418673708,-0.0025935556137463445,-0.05423324620671008
0.0099,-0.0008,1.6800193365523068,-0.0010671275523405977,-0.03439183932945058
0.01,-0.0008,1.765378693513107,0.0,0.0
0.0,-0.0007,0.0028908335852397605,0.0,0.0
0.0001,-0.0007,0.0014755134249940858,-0.0011624775089965715,0.006741263520620548
0.0002,-0.0007,0.003983752874836508,-0.0029042110766613685,0.011053507258233076
0.0003,-0.0007,-0.002146575034672682,-0.004825714272899343,0.01352445601458467
0.0004,-0.0007,-0.0028842770728362515,-0.006638825392138569,0.014552823438646998
0.0005,-0.0007,-0.014408303890146785,-0.007579614309991051,0.015153014418803831
0.0006,-0.0007,-0.04661812865391344,-0.00889199971987612,0.015601649800783608
0.0007,-0.0007,-0.03395776654756068,-0.009419577018728382,0.01496791083058558
0.0008,-0.0007,-0.005401917796556681,-0.00911255808811756,0.013960049368933636
0.0009,-0.0007,-0.029260912663397663,-0.00865678253495859,0.013385493191867085
0.001,-0.0007,-0.022480053315812903,-0.00818137451459216,0.013198344468463711
0.0011,-0.0007,-0.01135681143725424,-0.0075764285495367265,0.012817603815012813
0.0012,-0.0007,0.017112795534263446,-0.00684271005808142,0.012465833460477034
0.0013000000000000002,-0.0007,0.042608709868421475,-0.005309740840004353,0.012297287168282904
0.0014,-0.0007,0.02434802261945046,-0.004239595662894325,0.011870198636648267
0.0015,-0.0007,0.04160819618738387,-0.0030206845550802366,0.01144335320033731
0.0016,-0.0007,0.06015541176806252,-0.0019977695254232565,0.011022031572980538
0.0017,-0.0007,0.050241742409360204,-0.00019822321990971127,0.010656514077701526
0.0018,-0.0007,0.07324730570961747,0.0012647009776186175,0.010751842281759079
0.0019,-0.0007,0.06907435999304798,0.002999735844762387,0.010287343853494623
0.002,-0.0007,0.06446002279503024,0.004408772772634723,0.010441074896343218
0.0021,-0.0007,0.06926569416347049,0.005590294890053154,0.010034353991031648
0.0022,-0.0007,0.04919398699025317,0.007201952375338117,0.00964356994463799
0.0023,-0.0007,0.03549164977350213,0.008979528413690971,0.009399672470240582
0.0024,-0.0007,0.04581995166384412,0.010470416259583821,0.008730864604150096
0.0025,-0.0007,0.021378327262324595,0.01208551347237843,0.009035043474453563
0.0026000000000000003,-0.0007,-0.007813304515748819,0.013261747929794565,0.008715053654700882
0.0027,-0.0007,-0.02354976417468308,0.014271573360119572,0.008673877099826421
0.0028,-0.0007,-0.027748953486049586,0.015272804800259757,0.009028656869651248
0.0029,-0.0007,-0.02865892881319214,0.017040757999299026,0.00830024886413336
0.003,-0.0007,-0.07067155489349014,0.019112043791281192,0.007927493691471894
0.0031,-0.0007,-0.11534837247769486,0.020922798058461468,0.007822311141218658
0.0032,-0.0007,-0.13185643701010652,0.02183003056557363,0.00758376114546034
0.0033000000000000004,-0.0007,-0.13631469012731673,0.0229943176185723,0.007513730529852412
0.0034,-0.0007,-0.14992960446385648,0.02484549775181457,0.0072516815275544535
0.0034999999999999996,-0.0007,-0.19087043043701155,0.026075315588630556,0.006884948159313828
0.0036,-0.0007,-0.26173045299850767,0.027103719882797694,0.00679442092493066
0.0037,-0.0007,-0.27310488924117304,0.028051394865586738,0.006651010918799539
0.0038,-0.0007,-0.2899950776006971,0.029529851211345073,0.00632870321121707
0.0039,-0.0007,-0.31084466145971423,0.030551173109315856,0.005998180306364759
0.004,-0.0007,-0.3527803468950631,0.03183658137692266,0.005852793007168075
0.0041,-0.0007,-0.3813055860618684,0.03283270714516633,0.0056126435556361765
0.0042,-0.0007,-0.40497681045777423,0.033639447668832013,0.005363437265104486
0.0043,-0.0007,-0.43115155261483734,0.034838092228258996,0.005152560367850905
0.0044,-0.0007,-0.4586986766666775,0.035802649091483,0.004905062039729829
0.0045,-0.0007,-0.48363976720106516,0.036678762437094024,0.0046759486411755554
0.0046,-0.0007,-0.507390481703439,0.03747861045611347,0.004440832129220969
0.0047,-0.0007,-0.5309821174261633,0.03837815449637453,0.004206380396659714
0.0048,-0.0007,-0.552041393374938,0.03910606364847739,0.003974284681703523
0.0049,-0.0007,-0.5715488623361127,0.039908431437658556,0.003745053007344619
0.005,-0.0007,-0.5899178754102884,0.04051698570269985,0.0035180289314966345
0.0051,-0.0007,-0.606971902127895,0.04132869771161683,0.0032918555391799375
0.005200000000000001,-0.0007,-0.6214578769042735,0.041976119929612456,0.003076954445917247
0.0053,-0.0007,-0.6347716706599447,0.04252666813175693,0.0028602616193954865
0.0054,-0.0007,-0.6459647680657672,0.04307536154965361,0.0026452669148292317
0.0055,-0.0007,-0.6554078151288704,0.04361247980694817,0.002429144887290633
0.0056,-0.0007,-0.6629438684818757,0.043978226203326864,0.0022140800131123027
0.005700000000000001,-0.0007,-0.6693702206141716,0.04452210463124737,0.0020187296514559464
0.0058,-0.0007,-0.6734481644970391,0.04486181498196687,0.0018092415933853127
0.0059,-0.0007,-0.6750670859679869,0.04513545965188381,0.001617266948408011
0.006,-0.0007,-0.6758409213666601,0.0454993240490712,0.0014255537688711592
0.0061,-0.0007,-0.6738610749854254,0.045780284487716316,0.0012293614608202066
0.0062,-0.0007,-0.669603811278964,0.04608603147902754,0.0010328067257682032
0.0063,-0.0007,-0.6652403280695983,0.04626340482637669,0.0008474422540924688
0.0064,-0.0007,-0.6574631322962056,0.046584788088626476,0.0006402439426878141
0.006499999999999999,-0.0007,-0.6486780775846834,0.04663164460107092,0.0004446309113735742
0.006600000000000001,-0.0007,-0.636941985310194,0.046655728964487525,0.00025019202827779736
0.0067,-0.0007,-0.6241371216191923,0.04691299287339796,6.788799308597827e-05
0.0068,-0.0007,-0.608258734381371,0.046896077267573395,-0.0001532512218356522
0.0069,-0.0007,-0.5904439901743379,0.046966644888580246,-0.000386851169464167
0.006999999999999999,-0.0007,-0.5701205343879395,0.04687701102582595,-0.0006415963278521904
0.007100000000000001,-0.0007,-0.5482451515918431,0.04674005510802433,-0.0008766448447581447
0.0072,-0.0007,-0.5232681762953271,0.04664881648334977,-0.0011235765628677637
0.0073,-0.0007,-0.49517565875256203,0.04658902207574183,-0.001419151101642818
0.0074,-0.0007,-0.463242596106397,0.04628734967639504,-0.0017374072714465224
0.0075,-0.0007,-0.4283691491572521,0.04602206459767719,-0.002075782197533884
0.0076,-0.0007,-0.3886648444069894,0.04562477337294233,-0.002459787504720127
0.0077,-0.0007,-0.345779562356263,0.045151819377132855,-0.002841730399451166
0.0078,-0.0007,-0.29664879578075426,0.044722584931421734,-0.003292595582074931
0.0079,-0.0007,-0.24360640790477514,0.04411923519439376,-0.003817569265990043
0.008,-0.0007,-0.18486533509592365,0.04350674916229677,-0.004342733937682754
0.0081,-0.0007,-0.11683844396071702,0.04270608634338768,-0.004970794424207234
0.0082,-0.0007,-0.0455766814790454,0.04180794346884498,-0.005647822868208342
0.0083,-0.0007,0.035235826532893214,0.040804113162437886,-0.006401195463702579
0.0084,-0.0007,0.12520664538785056,0.03961953543576872,-0.007188247372100873
0.0085,-0.0007,0.2216916929786704,0.03829761364719894,-0.00813964480523985
0.0086,-0.0007,0.32499296651154386,0.03679119063087051,-0.009174062952720899
0.0087,-0.0007,0.44201821950644554,0.03506282293800909,-0.010394460454708607
0.0088,-0.0007,0.5612443394456917,0.03308377266230074,-0.011831069621650276
0.0089,-0.0007,0.6951451397001536,0.030778730689459473,-0.013636901672717805
0.009,-0.0007,0.8359745173102179,0.0280734346363674,-0.015895777178899968
0.0091,-0.0007,0.9891766657286108,0.024729512405086015,-0.018920047710208013
0.0092,-0.0007,1.1487868677454773,0.02093579720874038,-0.022768548629547317
0.0093,-0.0007,1.3136844588929901,0.01634480092868603,-0.028258548827905985
0.0094,-0.0007,1.4856369299641428,0.011261558220662202,-0.035059377708238935
0.0095,-0.0007,1.632199357030403,0.005337934475566107,-0.04414377726886649
0.0096,-0.0007,1.8646967819115279,0.0005379646164176494,-0.053094789070855776
0.0097,-0.0007,1.943634380910681,-0.0018985606754253212,-0.05631863497787011
0.0098,-0.0007,1.9600575090233068,-0.0016863032920103244,-0.05371672673965148
0.0099,-0.0007,2.0106396776755564,-0.0015591431986711453,-0.03728642431771453
0.01,-0.0007,2.0290568487658205,0.0,0.0
0.0,-0.0006,0.032345119299523765,0.0,0.0
0.0001,-0.0006,0.030310058783609192,-0.001556379213219696,0.008242092530235232
0.0002,-0.0006,0.02402308364573869,-0.003829414077824805,0.013206308011320701
0.0003,-0.0006,0.014295647133949764,-0.0063242641568739995,0.015379771460321354
0.0004,-0.0006,0.03254207168314654,-0.007794739620541826,0.016294153128897232
0.0005,-0.0006,-0.022997196286931337,-0.008663488211659699,0.016520731074390716
0.0006,-0.0006,-0.05582980389430667,-0.009706842061751942,0.01531826313000268
0.0007,-0.0006,-0.02055882145276783,-0.009919071403012722,0.014778409211085076
0.0008,-0.0006,-0.004990943716352813,-0.009839256384279698,0.013969630507277526
0.0009,-0.0006,0.00168857595994144,-0.008291510098109257,0.012993511888844789
0.001,-0.0006,-0.020301444498056598,-0.007492080670556608,0.012377222616440565
0.0011,-0.0006,-0.00628778081701876,-0.006862113791238064,0.011772670826822738
0.0012,-0.0006,0.012119356794422767,-0.005314673846952231,0.011339430680826663
0.0013000000000000002,-0.0006,0.01635375076009779,-0.0040010064232350265,0.01069821520985807
0.0014,-0.0006,0.03834614642998328,-0.0025958328848696972,0.010052589554862986
0.0015,-0.0006,0.06869202462105226,-0.0009011275015285689,0.00972060350363492
0.0016,-0.0006,0.06779797730675415,0.0011915945207834058,0.009467668908470832
0.0017,-0.0006,0.06159122589701825,0.002440228780531234,0.00928135450717571
0.0018,-0.0006,0.06692970287712291,0.0038703207016582523,0.009202701946280733
0.0019,-0.0006,0.08805239805135795,0.0063346467477397965,0.008949398664175658
0.002,-0.0006,0.07194099981562282,0.0070219700253741,0.008706546707581095
0.0021,-0.0006,0.0706809960265036,0.009069036454580378,0.00832399848011955
0.0022,-0.0006,0.07435068679220819,0.010880659227222934,0.007572872486282538
0.0023,-0.0006,0.08040191448996459,0.012288693168934016,0.007554461851432959
0.0024,-0.0006,0.058073594100216286,0.01386311844436619,0.0077256644319765025
0.0025,-0.0006,0.02810506171339632,0.01582723481445944,0.007828501749478115
0.0026000000000000003,-0.0006,0.011792973577266639,0.017470205514884877,0.007452534888186101
0.0027,-0.0006,-0.0005473391290029503,0.0180033834830062,0.0071595893510738575
0.0028,-0.0006,-0.020834353036616904,0.01940811856172993,0.006980194898356367
0.0029,-0.0006,-0.033895862560289675,0.02127115926157139,0.006764747711060094
0.003,-0.0006,-0.033387201299223006,0.023268579087403464,0.006401443769388224
0.0031,-0.0006,-0.08689523827182963,0.024627351641931333,0.0062965528893770386
0.0032,-0.0006,-0.11489776765833097,0.026296694741960825,0.00619567156115737
0.0033000000000000004,-0.0006,-0.14165228832025012,0.027254537161440558,0.005916128509724762
0.0034,-0.0006,-0.1573390223643238,0.028774168839998577,0.005904336375481407
0.0034999999999999996,-0.0006,-0.18864068925042735,0.030305779070984102,0.005617672036806735
0.0036,-0.0006,-0.2244230823404256,0.03150523880761782,0.005515418078456786
0.0037,-0.0006,-0.2527092616767609,0.03238465976918251,0.005275937319568092
0.0038,-0.0006,-0.28039625654017536,0.03389549469373007,0.0051594168614196925
0.0039,-0.0006,-0.3093037640732831,0.03512200336334359,0.004950093071317046
0.004,-0.0006,-0.3396057764126125,0.03624899056726687,0.004742361627016727
0.0041,-0.0006,-0.3677834846123167,0.03730354630195929,0.004527755845981071
0.0042,-0.0006,-0.3940726718278343,0.03838710238592473,0.0043415109136891025
0.0043,-0.0006,-0.42132994572249116,0.03945310357202586,0.004160730217266148
0.0044,-0.0006,-0.4480391145597791,0.04045008696013252,0.003967231650952206
0.0045,-0.0006,-0.4728826427025688,0.041279846492312804,0.003768982191409663
0.0046,-0.0006,-0.497805637394216,0.042148336033242806,0.003575744044788529
0.0047,-0.0006,-0.5199794302635093,0.0431756574491372,0.0033841189015227733
0.0048,-0.0006,-0.5417343039315368,0.04381837529066718,0.0031966111970961643
0.0049,-0.0006,-0.5618274599330696,0.044605011406999046,0.0030067066621895055
0.005,-0.0006,-0.5805792396614603,0.04529565387851554,0.002821774535903405
0.0051,-0.0006,-0.5969276064788764,0.04601192018676453,0.0026414868383278817
0.005200000000000001,-0.0006,-0.6122517153519214,0.04667974774845977,0.0024538951584323608
0.0053,-0.0006,-0.6256796910564858,0.04728506494090734,0.002274335648683199
0.0054,-0.0006,-0.636983709577273,0.047856576128950404,0.002107000004794801
0.0055,-0.0006,-0.6470299175956316,0.048296794694972466,0.0019306397528903877
0.0056,-0.0006,-0.6547157775051203,0.04892609782216265,0.001760577055153388
0.005700000000000001,-0.0006,-0.6609725904883171,0.04934028833117435,0.001587908201999188
0.0058,-0.0006,-0.6647340276408893,0.04967970107920792,0.0014171753459540364
0.0059,-0.0006,-0.6669272283603598,0.05006794054091732,0.001268225872331419
0.006,-0.0006,-0.667309955951171,0.050524485748401994,0.0011081463698971218
0.0061,-0.0006,-0.6659590260172817,0.050668654350255186,0.0009678213925031942
0.0062,-0.0006,-0.6619215277228384,0.05112444617672114,0.000794717164638868
0.0063,-0.0006,-0.6569745838903892,0.05141532564121916,0.000632655953691641
0.0064,-0.0006,-0.6488803860530576,0.05148705406721358,0.00047810885751844675
0.006499999999999999,-0.0006,-0.6400122152804385,0.051646216454358795,0.0003165842842615177
0.006600000000000001,-0.0006,-0.6289713882871202,0.05185452633578911,0.00014905453134085508
0.0067,-0.0006,-0.61408943995482,0.05180897031901194,-2.3175783438260206e-05
0.0068,-0.0006,-0.5983071377324191,0.05192427849673188,-0.0001957810842138038
0.0069,-0.0006,-0.581025923040823,0.05192911969142788,-0.0003731080804996126
0.006999999999999999,-0.0006,-0.5595240507675486,0.051970668441028406,-0.0005507735428175828
0.007100000000000001,-0.0006,-0.5364873106351068,0.05172277357132198,-0.000769041951469806
0.0072,-0.0006,-0.5099070214756273,0.0517127225941036,-0.0009908267488460477
0.0073,-0.0006,-0.480548454785155,0.05144113579072394,-0.0012318903862318115
0.0074,-0.0006,-0.44747432124355757,0.05119649160572018,-0.0014729329853862467
0.0075,-0.0006,-0.41013697800579074,0.051016408926842005,-0.0017755498449691575
0.0076,-0.0006,-0.3689461509584048,0.0505911086130062,-0.002056896172752179
0.0077,-0.0006,-0.32361941106089986,0.050197153029406055,-0.0024085567246096853
0.0078,-0.0006,-0.272172184030269,0.049665418542152895,-0.002760848209000093
0.0079,-0.0006,-0.21631868362890178,0.04909660800822835,-0.0031902808605969754
0.008,-0.0006,-0.15237865951753973,0.04839116339864473,-0.0036231601956586996
0.0081,-0.0006,-0.08401932758051686,0.047637447743322514,-0.00413507311641894
0.0082,-0.0006,-0.00502316323423279,0.046712858723087114,-0.004672016871594527
0.0083,-0.0006,0.07808966535227753,0.04565468224740772,-0.005294593846689351
0.0084,-0.0006,0.17420878324064162,0.044474005894863916,-0.00597915132335261
0.0085,-0.0006,0.27563503862855243,0.04316713655559904,-0.006726372815217799
0.0086,-0.0006,0.38712349928007,0.04161743899930076,-0.007581595227609717
0.0087,-0.0006,0.5104610822622697,0.03986442022596071,-0.008570316083717147
0.0088,-0.0006,0.6457911932526512,0.037948205564837044,-0.009730110131905778
0.0089,-0.0006,0.7879559790435694,0.035654184377389465,-0.011151381312925453
0.009,-0.0006,0.9437394557845524,0.03294567952587755,-0.012951513614323847
0.0091,-0.0006,1.1118681781643132,0.02977184273204352,-0.01534760017170398
0.0092,-0.0006,1.2871223146182895,0.02596377872660094,-0.018643118537090254
0.0093,-0.0006,1.4766733352635064,0.021331211486430475,-0.023275973037355038
0.0094,-0.0006,1.6709864179954512,0.015688015021376008,-0.029628146918709852
0.0095,-0.0006,1.8978115805794333,0.01003420355618542,-0.0379147077895501
0.0096,-0.0006,2.0667438486417407,0.003170518449461155,-0.0475190674423182
0.0097,-0.0006,2.314691717517404,-0.0018753833374271498,-0.05528811068252529
0.0098,-0.0006,2.4719731131303235,-0.0023321598550641483,-0.05543966805837704
0.0099,-0.0006,2.445677712139435,-0.0009207945190864583,-0.037060255444579714
0.01,-0.0006,2.4526809821918074,0.0,0.0
0.0,-0.0005,0.06802772822352486,0.0,0.0
0.0001,-0.0005,0.06987109461042246,-0.002059874194219449,0.010431906460522361
0.0002,-0.0005,0.03900298579443547,-0.004981257782125554,0.015673107603874966
0.0003,-0.0005,0.06286789616399938,-0.007891910705908426,0.017557119265273848
0.0004,-0.0005,0.05791754168728253,-0.00837118141264625,0.017605275413173426
0.0005,-0.0005,-0.03739307303281635,-0.009079582589822045,0.01662312806137912
0.0006,-0.0005,-0.051421173886251774,-0.008990920319168403,0.014976621443679573
0.0007,-0.0005,-0.019629982519282656,-0.008542017530494755,0.013844128342535112
0.0008,-0.0005,-0.034019294456587565,-0.007633731237181575,0.012742354177855115
0.0009,-0.0005,-0.006556000381925245,-0.005795634598777001,0.012190634979423838
0.001,-0.0005,-0.01416385744712017,-0.004517151384221984,0.01125149148227643
0.0011,-0.0005,0.0007203539366687098,-0.0033006632555009465,0.010413582318385059
0.0012,-0.0005,0.017813806018249383,-0.0012328963094842009,0.00999579841288703
0.0013000000000000002,-0.0005,0.022555479728345096,0.00033936972072813945,0.009019418382668041
0.0014,-0.0005,0.04234340517904753,0.0018467687181678363,0.008535554335998742
0.0015,-0.0005,0.06030117834251052,0.0038434781385738638,0.007986985182912581
0.0016,-0.0005,0.07350443070595115,0.005800372098707086,0.007933619543416587
0.0017,-0.0005,0.08395554685103682,0.00745424136972296,0.007345851094421037
0.0018,-0.0005,0.07597513346055444,0.009712983640387432,0.00742450741729408
0.0019,-0.0005,0.0767454580942446,0.011028558444107878,0.0068616828567354855
0.002,-0.0005,0.08374044204552607,0.012970816917321796,0.0066874718431121395
0.0021,-0.0005,0.08182142274245016,0.014631254908277097,0.006538892491238281
0.0022,-0.0005,0.08903085748558855,0.016445855440076845,0.006425656255108098
0.0023,-0.0005,0.09143658000570673,0.01817926616204,0.006414209682010777
0.0024,-0.0005,0.06033353016349158,0.020125953645251427,0.006417371747316214
0.0025,-0.0005,0.03394915732362893,0.021397959782038723,0.006262642413826446
0.0026000000000000003,-0.0005,0.016710241873408197,0.022936129359836153,0.005891589568128578
0.0027,-0.0005,0.024815282865845844,0.02429423744865064,0.00553201811555474
0.0028,-0.0005,-0.010572759295037367,0.026069272402605526,0.005080692830629248
0.0029,-0.0005,-0.02267163804189968,0.027748896423765525,0.005069862391081823
0.003,-0.0005,-0.03696034890146649,0.02934197024807962,0.0050583353929335925
0.0031,-0.0005,-0.07223191172683525,0.030845097860638493,0.005018591523314593
0.0032,-0.0005,-0.10068734232045953,0.032263831273695386,0.004785366756311113
0.0033000000000000004,-0.0005,-0.13034415490368934,0.03344140358886182,0.004712018199991027
0.0034,-0.0005,-0.14957362611537087,0.034909375326403716,0.00457015547598254
0.0034999999999999996,-0.0005,-0.1829261682262136,0.03618909181176198,0.0043899789319320655
0.0036,-0.0005,-0.21230232750006497,0.037520342348538176,0.004159743777165574
0.0037,-0.0005,-0.24117922326357452,0.038737243825132384,0.00396071152984259
0.0038,-0.0005,-0.26888784658779336,0.03979220657946917,0.00395511314209869
0.0039,-0.0005,-0.29913063823396796,0.04121809209426017,0.003801526655844432
0.004,-0.0005,-0.32738675095879916,0.04219738660303207,0.003617413359126027
0.0041,-0.0005,-0.356644625113446,0.043362850840186845,0.003464470128987289
0.0042,-0.0005,-0.38437899615132576,0.044442439919245555,0.0033142373894242093
0.0043,-0.0005,-0.4118841753754236,0.0454361956701705,0.0031683329162536973
0.0044,-0.0005,-0.4378195952284421,0.04642292292719218,0.0030137095681204385
0.0045,-0.0005,-0.4638122332558129,0.04732767289387913,0.0028608849485951683
0.0046,-0.0005,-0.48771373535061596,0.04808442269423781,0.0027123329290555205
0.0047,-0.0005,-0.5107680429601995,0.049009826399313304,0.002560702664674053
0.0048,-0.0005,-0.5325456798524518,0.04978847532983016,0.0024131453406544064
0.0049,-0.0005,-0.5528061876281266,0.05044217800375065,0.0022648784182405035
0.005,-0.0005,-0.5713889182066778,0.05124127976855372,0.002120887261918291
0.0051,-0.0005,-0.5883745522664465,0.051883715793751055,0.001979644985800818
0.005200000000000001,-0.0005,-0.6038161837451634,0.052603112903911446,0.0018380817499783074
0.0053,-0.0005,-0.6171028824139778,0.0531690511884052,0.0016976730067805937
0.0054,-0.0005,-0.6288924222103542,0.053709208694529054,0.001562617229345936
0.0055,-0.0005,-0.6387700612798484,0.0542698652717875,0.0014284080371836233
0.0056,-0.0005,-0.6471140599768856,0.05476932490007097,0.0012970245466529034
0.005700000000000001,-0.0005,-0.6528577113033339,0.05511522980572606,0.0011662983550887825
0.0058,-0.0005,-0.6570477678738212,0.05553094033728359,0.0010466339019515715
0.0059,-0.0005,-0.6596356863593602,0.055823341776389326,0.0009151427132467406
0.006,-0.0005,-0.660119571674747,0.05627852917672203,0.0007966878326326092
0.0061,-0.0005,-0.658061542657523,0.05649958107334055,0.0006855908665527821
0.0062,-0.0005,-0.6551370658634535,0.05676805537657745,0.0005534097091211931
0.0063,-0.0005,-0.649863045067338,0.05698328610518229,0.00042931345698723014
0.0064,-0.0005,-0.6423770729927031,0.05717991300654042,0.00030698322285875395
0.006499999999999999,-0.0005,-0.6320992053591243,0.05725154718975128,0.00018557680916644092
0.006600000000000001,-0.0005,-0.6196392064371735,0.05739270323355725,4.368033009618619e-05
0.0067,-0.0005,-0.6057389847947211,0.05748371379540234,-7.294930394076533e-05
0.0068,-0.0005,-0.5907719563498584,0.05750495971785024,-0.00021455774228719535
0.0069,-0.0005,-0.5710505849591809,0.05757081060052471,-0.00034916704090443083
0.006999999999999999,-0.0005,-0.5493910958911339,0.05747889260775424,-0.0005042255768582091
0.007100000000000001,-0.0005,-0.5250702102715455,0.05744755038273597,-0.0006664421095065465
0.0072,-0.0005,-0.497614935060005,0.05729868867713886,-0.0008379381643461664
0.0073,-0.0005,-0.4664875753084817,0.05710243850590238,-0.001012920237042006
0.0074,-0.0005,-0.43180029994277913,0.05685374758565473,-0.0012237007236187074
0.0075,-0.0005,-0.3932060633356357,0.05654301042575164,-0.0014324386614928616
0.0076,-0.0005,-0.35032314867381,0.056190011744106254,-0.0016878203468996503
0.0077,-0.0005,-0.30274902536493953,0.05578862737795956,-0.0019388701332113173
0.0078,-0.0005,-0.24962238945386447,0.05524736158013915,-0.002226451586210417
0.0079,-0.0005,-0.19000367935718146,0.054686583654674985,-0.002553160890688431
0.008,-0.0005,-0.12455675796073397,0.05393458402552921,-0.0029074804457291524
0.0081,-0.0005,-0.05105683693650843,0.053215890821016035,-0.003285778851950945
0.0082,-0.0005,0.028751031645045153,0.05222692889708411,-0.003710504797110116
0.0083,-0.0005,0.1187281815844239,0.051272290314931634,-0.004192300584311493
0.0084,-0.0005,0.21616237075099928,0.05001969054319371,-0.004716023929940723
0.0085,-0.0005,0.3241266081048575,0.0486196597436524,-0.00530499565670666
0.0086,-0.0005,0.44439422719447486,0.0471437476073184,-0.005981880068396404
0.0087,-0.0005,0.574005739328219,0.045452070679985246,-0.006736653251191452
0.0088,-0.0005,0.7196921587209344,0.04356559829309334,-0.007620967006635934
0.0089,-0.0005,0.8722115029838524,0.041260902837511965,-0.008697193896262572
0.009,-0.0005,1.0416870052335157,0.03874152957565083,-0.010095602922451392
0.0091,-0.0005,1.225957659067028,0.035590387053729224,-0.01189082013310954
0.0092,-0.0005,1.4239656518790351,0.03180856574771181,-0.014495350700746215
0.0093,-0.0005,1.6363574281405824,0.02739668264958911,-0.01819206789967145
0.0094,-0.0005,1.8677471751214576,0.021666192028016965,-0.02355480084953809
0.0095,-0.0005,2.130996419776502,0.01513618218374434,-0.03101251080624445
0.0096,-0.0005,2.3311913983750565,0.007832528062676893,-0.040798205129275435
0.0097,-0.0005,2.6208152072142914,0.002112422117169567,-0.05025223254182172
0.0098,-0.0005,2.7483294255274977,0.0002205514674083989,-0.052332265957665214
0.0099,-0.0005,2.7378114853851163,-0.003445514477853038,-0.038592111522404514
0.01,-0.0005,2.913461473307889,0.0,0.0
0.0,-0.0004,0.09273576326155583,0.0,0.0
0.0001,-0.0004,0.1032722220027592,-0.002926512484021699,0.0131122798411821
0.0002,-0.0004,0.07063429394091265,-0.006129588558200384,0.018005427273217627
0.0003,-0.0004,0.0570059246519362,-0.007921830383429597,0.019176165168587576
0.0004,-0.0004,0.044262294395555395,-0.007804259601304537,0.018105612396161774
0.0005,-0.0004,-0.03300416579382068,-0.007257449671726627,0.015702018917618427
0.0006,-0.0004,-0.021369501977548604,-0.0063587285137889984,0.014388691207123378
0.0007,-0.0004,-0.030707003987205054,-0.00487995200871354,0.01302841025027759
0.0008,-0.0004,-0.03517814455180896,-0.002958820431703875,0.01134104847443741
0.0009,-0.0004,-0.02032897226721297,-0.0008519832305100853,0.010402930479406616
0.001,-0.0004,-0.00898833745927271,0.0015577321894749106,0.009313877933775165
0.0011,-0.0004,0.00851728361996204,0.003703603419084231,0.008455974792845197
0.0012,-0.0004,0.023755712417363416,0.005855660944720869,0.007785489682738045
0.0013000000000000002,-0.0004,0.03514659794216046,0.007945047574036366,0.007066198437394872
0.0014,-0.0004,0.05179282002733236,0.009844839669247053,0.00666302470901555
0.0015,-0.0004,0.06506461775204612,0.012187198214069297,0.00639024536257435
0.0016,-0.0004,0.07650970870781487,0.013602439456443583,0.00604127364130226
0.0017,-0.0004,0.08507671510432215,0.015653676290160713,0.005695848676969302
0.0018,-0.0004,0.0873362061240726,0.017786420792690473,0.005446561824174022
0.0019,-0.0004,0.08948178869888626,0.019706067198568183,0.005144707941322449
0.002,-0.0004,0.09205084024668143,0.021663329640418734,0.005014127913709558
0.0021,-0.0004,0.09305536904569629,0.023270346718615147,0.004847094095494116
0.0022,-0.0004,0.08654469049835703,0.024868697142264296,0.004850553237019061
0.0023,-0.0004,0.08175265393882192,0.026368761755518312,0.004607584901896718
0.0024,-0.0004,0.06463106839597886,0.02829615750248622,0.004531728414931602
0.0025,-0.0004,0.05449334019054815,0.029919346239268393,0.004292605837625398
0.0026000000000000003,-0.0004,0.0314768089353538,0.031797033360347206,0.004103884704575045
0.0027,-0.0004,0.020224799735898275,0.03327274100965149,0.004029552729065375
0.0028,-0.0004,0.0007179881947027896,0.034753588466595924,0.003789659415086955
0.0029,-0.0004,-0.014055517718149668,0.03630409202909102,0.003798824927367106
0.003,-0.0004,-0.03658594157124012,0.037509455297422264,0.0037570358440403313
0.0031,-0.0004,-0.06275089218659424,0.03910814716405006,0.00360965250834615
0.0032,-0.0004,-0.08850875021474738,0.04038709621482509,0.0034482200319021807
0.0033000000000000004,-0.0004,-0.1152645582713632,0.041795897688542985,0.0033313444053397383
0.0034,-0.0004,-0.1452139236518391,0.0431009535681182,0.0032444774403684973
0.0034999999999999996,-0.0004,-0.17871568721035255,0.044295471242737285,0.0031252313223783957
0.0036,-0.0004,-0.2038248321671033,0.04555230590488628,0.003019108880205272
0.0037,-0.0004,-0.23089055438279918,0.04673197903505074,0.002841800430972379
0.0038,-0.0004,-0.26014693347330403,0.047879202741439246,0.0027574769578093427
0.0039,-0.0004,-0.2899065326286213,0.04904528984752357,0.002670932719719129
0.004,-0.0004,-0.3188019128452251,0.04999087719872708,0.0025523219375147427
0.0041,-0.0004,-0.3480371955794162,0.051067478518767834,0.002436363798157783
0.0042,-0.0004,-0.3751904644389228,0.05205875874734303,0.002323848786315349
0.0043,-0.0004,-0.40303308199776366,0.05294542336958268,0.0022147344073777347
0.0044,-0.0004,-0.42945942245660595,0.05382162609251702,0.002103621188634921
0.0045,-0.0004,-0.45477541186897946,0.05474574774111388,0.0019918079725313796
0.0046,-0.0004,-0.479074839823193,0.05558343068338767,0.0018827796614131723
0.0047,-0.0004,-0.5025504300643618,0.05631145102766832,0.0017739145227300916
0.0048,-0.0004,-0.5237157413486426,0.05702149261329344,0.0016692108062489382
0.0049,-0.0004,-0.5441515803802839,0.057763450515076024,0.0015609725983767528
0.005,-0.0004,-0.5635070941281155,0.05840704779666585,0.0014575201148285884
0.0051,-0.0004,-0.5802502352275283,0.05900898381137956,0.0013529178975471084
0.005200000000000001,-0.0004,-0.5957862432641478,0.05955931323474655,0.0012551708569419249
0.0053,-0.0004,-0.6095247668896171,0.060131119240959555,0.0011539218037992258
0.0054,-0.0004,-0.6215072840866979,0.06061928742099479,0.001057532969667233
0.0055,-0.0004,-0.6315263082464144,0.06110672234579473,0.0009613306700659998
0.0056,-0.0004,-0.6396734667173544,0.061530515236148886,0.0008662749724485784
0.005700000000000001,-0.0004,-0.6459592027183167,0.06190764492191873,0.0007743160168877522
0.0058,-0.0004,-0.6499752984914413,0.06228785327900909,0.0006826941574716308
0.0059,-0.0004,-0.65244165882324,0.06259010773848617,0.000592798859966309
0.006,-0.0004,-0.6527067470906986,0.06288971070547018,0.0005058283320265241
0.0061,-0.0004,-0.651094714875353,0.0631273817441765,0.0004166260057636047
0.0062,-0.0004,-0.6478219387318158,0.06336516079040092,0.00032793316518549666
0.0063,-0.0004,-0.6422136975575795,0.0635375636125836,0.00024184922215230166
0.0064,-0.0004,-0.6353645090388661,0.06368162321478087,0.00014510836893339742
0.006499999999999999,-0.0004,-0.6242832696538528,0.06380500210340267,6.390216390625692e-05
0.006600000000000001,-0.0004,-0.6129596062440534,0.06387152467405931,-3.386256455058716e-05
0.0067,-0.0004,-0.5980426159693392,0.06394072615070583,-0.00012511748625392
0.0068,-0.0004,-0.5815226769338682,0.06396848766488049,-0.00022261946014194025
0.0069,-0.0004,-0.5619175078163805,0.06391938269552391,-0.00032515676290852254
0.006999999999999999,-0.0004,-0.5393567884513243,0.06385020689047874,-0.00043651742945785684
0.007100000000000001,-0.0004,-0.5139543491483619,0.06371643288296827,-0.000551502402985539
0.0072,-0.0004,-0.4859090788795405,0.06357611864232625,-0.0006806504833383859
0.0073,-0.0004,-0.453970827478128,0.06337850858954616,-0.000807179323157496
0.0074,-0.0004,-0.41808531805964994,0.06315779730803446,-0.0009516864177238232
0.0075,-0.0004,-0.37895836158993323,0.06278504239791081,-0.0011044400216588342
0.0076,-0.0004,-0.3347361459997286,0.06243823712349015,-0.0012770183266773995
0.0077,-0.0004,-0.28453150298990687,0.062021046721503284,-0.0014681116290905902
0.0078,-0.0004,-0.2295072911887839,0.06153243485755714,-0.0016748887518583798
0.0079,-0.0004,-0.16854186308401728,0.06088326861028759,-0.0019090927131939833
0.008,-0.0004,-0.10022197242366103,0.060209541575811515,-0.0021582755834207512
0.0081,-0.0004,-0.0245361888067769,0.05941426824739948,-0.002445166972781305
0.0082,-0.0004,0.06043179951480198,0.05846722856194854,-0.002759212417129392
0.0083,-0.0004,0.15375629031948745,0.057485345711198524,-0.0030998782473055544
0.0084,-0.0004,0.25476957380758797,0.05628575855077128,-0.0034859792999269792
0.0085,-0.0004,0.36757782555222596,0.055053763126254776,-0.003911197373764794
0.0086,-0.0004,0.49321562936111596,0.05365438051257568,-0.004396663705069599
0.0087,-0.0004,0.6312425162279495,0.051950809201885474,-0.004960078797901779
0.0088,-0.0004,0.781336056197103,0.050159516524194606,-0.005596684854506296
0.0089,-0.0004,0.9507612575546098,0.04799777615136909,-0.006378435344270778
0.009,-0.0004,1.1305652750885737,0.04554081066725966,-0.007384982827894477
0.0091,-0.0004,1.3310902250211918,0.04263219332387891,-0.00870913778056772
0.0092,-0.0004,1.5503808874861353,0.039148965566706086,-0.010512699124556147
0.0093,-0.0004,1.7908599061352777,0.03474673956250335,-0.013219851174172138
0.0094,-0.0004,2.046435573556533,0.029349712693725827,-0.017528975223810223
0.0095,-0.0004,2.339839170730787,0.02250965827689545,-0.02379749590677281
0.0096,-0.0004,2.630779046899447,0.014447564156583274,-0.033164034473472825
0.0097,-0.0004,2.886066085972561,0.0054972805045957005,-0.04309966817430797
0.0098,-0.0004,3.178769060501015,3.100326055027504e-05,-0.050660445565627744
0.0099,-0.0004,3.3829257266913952,0.002225704593484312,-0.040671718105229904
0.01,-0.0004,3.4410630449796904,0.0,0.0
0.0,-0.0003,0.16828951217100294,0.0,0.0
0.0001,-0.0003,0.18761380957309673,-0.0037440854787657296,0.016734724552607418
0.0002,-0.0003,0.14602918099221407,-0.006172734596758801,0.020215038827447834
0.0003,-0.0003,0.07358086176155172,-0.0059792610441580015,0.019115514228144365
0.0004,-0.0003,0.01792857563985724,-0.004120478670100214,0.01696626328743314
0.0005,-0.0003,-0.010630787710326772,-0.002119541217317881,0.014283688376922066
0.0006,-0.0003,-0.023070120524010383,0.0007643274081870557,0.012121697428356693
0.0007,-0.0003,-0.028306328750014688,0.004283058274403375,0.010377262844388469
0.0008,-0.0003,-0.027569745397012752,0.00708074590887357,0.009018981634640778
0.0009,-0.0003,-0.018630750843246547,0.01006456891765811,0.007809257033604036
0.001,-0.0003,-0.003839632871242153,0.012941748975152155,0.006857690375616239
0.0011,-0.0003,0.013719893529909164,0.01549375804813773,0.006129018660848421
0.0012,-0.0003,0.027094310162197176,0.0180956760956421,0.005497605077022468
0.0013000000000000002,-0.0003,0.045115764447872284,0.02036932686920299,0.00498746118537661
0.0014,-0.0003,0.06381230192905801,0.022705199970418047,0.004629818446773854
0.0015,-0.0003,0.07635011667755005,0.0246889397252019,0.00431189974188932
0.0016,-0.0003,0.08366163225008724,0.02671126205487977,0.004023159823128001
0.0017,-0.0003,0.09123280823359935,0.02864863813357,0.003837893045616578
0.0018,-0.0003,0.09651379789642511,0.03045102344290862,0.003631583142691488
0.0019,-0.0003,0.10043795978407763,0.03235165184244077,0.0032983309424956552
0.002,-0.0003,0.10318039862987706,0.034025340485309884,0.003176485922690272
0.0021,-0.0003,0.1010718937730295,0.03568880747919613,0.003160023958031031
0.0022,-0.0003,0.09446584648557783,0.03718968856362478,0.0030982610534665434
0.0023,-0.0003,0.08253763422044681,0.03881737918974665,0.0029692598380808653
0.0024,-0.0003,0.06526515784758255,0.04031201554671324,0.00297312095644431
0.0025,-0.0003,0.05942909947434312,0.04201926622130045,0.002775519945114429
0.0026000000000000003,-0.0003,0.03714246102426939,0.043236424495420644,0.0026051575590767167
0.0027,-0.0003,0.030492534148957317,0.04470403132982445,0.0025545863695865855
0.0028,-0.0003,0.009206331317280785,0.04614628037527616,0.0024831317705009534
0.0029,-0.0003,-0.011279171648494046,0.047495742393494925,0.0023979634630569907
0.003,-0.0003,-0.02850536098791954,0.04879315059021297,0.0023316463936071566
0.0031,-0.0003,-0.056041675913434306,0.05003456683508065,0.0022407422409210743
0.0032,-0.0003,-0.08117257878755706,0.05124983845102844,0.00219169819392421
0.0033000000000000004,-0.0003,-0.1092931529094612,0.052443602307763015,0.0020980752576969437
0.0034,-0.0003,-0.1376041888442408,0.053538685060674475,0.0020532509221595154
0.0034999999999999996,-0.0003,-0.1645819562212456,0.05469375328172652,0.00192102618519302
0.0036,-0.0003,-0.19439719288054264,0.055743431408696135,0.001850782784492329
0.0037,-0.0003,-0.22348773052122908,0.05676788731438194,0.0017741059970282588
0.0038,-0.0003,-0.25274781785748335,0.05773577522008803,0.0017290898001590229
0.0039,-0.0003,-0.2810767413243836,0.058671766143281914,0.0016523798273712512
0.004,-0.0003,-0.3109046976974495,0.059640764396588636,0.001579202855530818
0.0041,-0.0003,-0.338984087062275,0.06049488923807414,0.0015062161135129433
0.0042,-0.0003,-0.36732238790496125,0.0613267747192964,0.001430985026042728
0.0043,-0.0003,-0.3950091758249876,0.06215124898187144,0.0013650833356388219
0.0044,-0.0003,-0.421733009025577,0.06291777826318594,0.001284362349151833
0.0045,-0.0003,-0.4468237629798112,0.06362750572329759,0.0012191337077643938
0.0046,-0.0003,-0.47165999805697006,0.06433136181298897,0.0011492800548695973
0.0047,-0.0003,-0.49467698187602605,0.06498009619319188,0.0010793020569289237
0.0048,-0.0003,-0.516159810406119,0.06557852733161994,0.001009123744203143
0.0049,-0.0003,-0.5374082051865473,0.06619402596128111,0.0009387242699647308
0.005,-0.0003,-0.5560203994440953,0.06672628306598494,0.0008759146403901962
0.0051,-0.0003,-0.5732369376332044,0.0672333029581264,0.0008010273646560421
0.005200000000000001,-0.0003,-0.5887802520909691,0.06770354872048703,0.0007416922388241735
0.0053,-0.0003,-0.6024825980006451,0.0681818574823905,0.0006798437471547234
0.0054,-0.0003,-0.6146886321957219,0.06858921675064783,0.0006167027060862217
0.0055,-0.0003,-0.6248633550014481,0.06894309922197299,0.0005559487182903652
0.0056,-0.0003,-0.6333334969306174,0.06930833987697381,0.0004969832310843345
0.005700000000000001,-0.0003,-0.6394695866200357,0.06959937708217767,0.0004382786206299291
0.0058,-0.0003,-0.6441027167478489,0.06988004014727885,0.00038163909320186243
0.0059,-0.0003,-0.6464561227565876,0.07017608452945572,0.0003218630780072514
0.006,-0.0003,-0.6466659355693416,0.0703922815981787,0.00026405734975583627
0.0061,-0.0003,-0.6446742688888187,0.07054434572448412,0.00021177967310930315
0.0062,-0.0003,-0.64061740959679,0.07070149989249042,0.00016300536501887632
0.0063,-0.0003,-0.6351922898663973,0.07079993994427809,0.00011108568129232964
0.0064,-0.0003,-0.6277837198611828,0.07100643480061085,4.856051586202529e-05
0.006499999999999999,-0.0003,-0.6183410900512829,0.07100182655054865,-1.1287480400872512e-05
0.006600000000000001,-0.0003,-0.6065525529622007,0.07103035970751703,-7.552427610623026e-05
0.0067,-0.0003,-0.5909374298701092,0.07103613984208494,-0.00014360906241037957
0.0068,-0.0003,-0.5736632040454825,0.07098928352600505,-0.00019414996977899923
0.0069,-0.0003,-0.554320657313479,0.07094417043159006,-0.00026084940058172947
0.006999999999999999,-0.0003,-0.5308061395883756,0.07081772076355446,-0.00032861195008317937
0.007100000000000001,-0.0003,-0.5055827739736068,0.07080956438373666,-0.00040249106161207167
0.0072,-0.0003,-0.47599091234596363,0.07052224830887081,-0.0004810748214788826
0.0073,-0.0003,-0.44363793849081257,0.0703890565618967,-0.0005712817091232964
0.0074,-0.0003,-0.40692695593560935,0.07015388026167715,-0.0006605152821714605
0.0075,-0.0003,-0.3662036477516655,0.06968082621815673,-0.0007595812317246179
0.0076,-0.0003,-0.32058467994061285,0.069452463468606,-0.0008801596216717905
0.0077,-0.0003,-0.2696238081502473,0.06890703558201705,-0.0010017393155033912
0.0078,-0.0003,-0.21325770330106325,0.06844592979124996,-0.001131568214688268
0.0079,-0.0003,-0.14994876618630495,0.06790495089552429,-0.0012812525170861925
0.008,-0.0003,-0.0797667890241068,0.06728398334545488,-0.001451269925912762
0.0081,-0.0003,-0.0023680586107379426,0.0666290500291086,-0.0016297801432004107
0.0082,-0.0003,0.0831773845305657,0.0656205431722359,-0.0018314860695257677
0.0083,-0.0003,0.17948517056680802,0.0647821325769236,-0.002056031955530615
0.0084,-0.0003,0.2841802392521565,0.06361502168596007,-0.00230915491132356
0.0085,-0.0003,0.40307605788899437,0.062368244786800434,-0.0025857692133565823
0.0086,-0.0003,0.5335813614641942,0.06112602371772711,-0.002911876810773567
0.0087,-0.0003,0.6763601460307221,0.05951501136395884,-0.003270855514032242
0.0088,-0.0003,0.8368517864612023,0.05784800259559524,-0.003696368286490858
0.0089,-0.0003,1.009722231978991,0.05596792460370284,-0.0042103473110008584
0.009,-0.0003,1.205428590605718,0.053852666544742606,-0.004841022623934471
0.0091,-0.0003,1.41960950875289,0.05106124356263846,-0.005711908642807428
0.0092,-0.0003,1.660926826628076,0.04807777123243365,-0.006881232803647133
0.0093,-0.0003,1.926289774467224,0.04417348252993726,-0.008649412405005684
0.0094,-0.0003,2.2212666226192357,0.03918659335465255,-0.011582772085403318
0.0095,-0.0003,2.551668776081885,0.032561152881796195,-0.016288863358164186
0.0096,-0.0003,2.9285909905471836,0.02388859923510038,-0.023846519122156455
0.0097,-0.0003,3.353609910930316,0.013293837581152951,-0.03446830893264776
0.0098,-0.0003,3.8695984941425015,0.004335498436223862,-0.04372389799918798
0.0099,-0.0003,4.020333527347215,0.0014873625345354217,-0.04161416204283131
0.01,-0.0003,3.925174623691417,0.0,0.0
0.0,-0.0002,0.11085190007103846,0.0,0.0
0.0001,-0.0002,0.11065044413406161,-0.002945950604268716,0.020592875192043798
0.0002,-0.0002,0.12069236553715247,-0.0028922055811768797,0.020595336207032966
0.0003,-0.0002,0.10160614302197457,0.0019341851647524761,0.017109060932151983
0.0004,-0.0002,0.04103445172547787,0.00744971658170191,0.013387627353111478
0.0005,-0.0002,0.011663821270686983,0.012325231526419308,0.010601023860718579
0.0006,-0.0002,-0.004882929784273415,0.017228175361921668,0.008580693420760982
0.0007,-0.0002,-0.010334320003186858,0.021671020924860118,0.006969835584530917
0.0008,-0.0002,-0.010592754211441796,0.02541390438402956,0.005689682177559565
0.0009,-0.0002,-0.0005351399748245929,0.028797903809276278,0.004811332488101405
0.001,-0.0002,0.010609225038208723,0.03184198349643186,0.004101015920393004
0.0011,-0.0002,0.026517324483116257,0.03446091682316715,0.003600740848094204
0.0012,-0.0002,0.040112788282771185,0.03687690576997524,0.0031674483392123754
0.0013000000000000002,-0.0002,0.057913892361883254,0.039111218689149234,0.0028437540780406048
0.0014,-0.0002,0.07282563464345425,0.041078355143116266,0.0025828501824042478
0.0015,-0.0002,0.08294203868790616,0.043016566265956985,0.002386774511208352
0.0016,-0.0002,0.0946838067759709,0.04494647369367075,0.0021937845405157956
0.0017,-0.0002,0.09870361866493246,0.0464684855445468,0.0020459920492725925
0.0018,-0.0002,0.1077410384729045,0.04805287892547541,0.0019472577631062004
0.0019,-0.0002,0.11099149805311152,0.049445640766708855,0.0018435106185151207
0.002,-0.0002,0.11063438693266966,0.05095581394709952,0.0017606999720358807
0.0021,-0.0002,0.1116282207063535,0.05234376970444583,0.0017196522082326858
0.0022,-0.0002,0.1061779370547233,0.0535930651241495,0.0016669717802872909
0.0023,-0.0002,0.09436946689404639,0.05493492806758449,0.0016046026662810441
0.0024,-0.0002,0.07925727792566982,0.05604878072714539,0.001512382115782866
0.0025,-0.0002,0.06708468431796119,0.057314031824168804,0.0013933246490233943
0.0026000000000000003,-0.0002,0.054401897821621435,0.05840584362050617,0.001345213140540996
0.0027,-0.0002,0.041560711478216356,0.05957830535674358,0.0013103902967669652
0.0028,-0.0002,0.023780504220697624,0.06065838532383536,0.0012855275512460207
0.0029,-0.0002,-0.002202556977311529,0.06157531871931215,0.0012613927078007324
0.003,-0.0002,-0.02323835379061615,0.06259154662359737,0.0012288245046105238
0.0031,-0.0002,-0.04705975462487733,0.06364426723925838,0.0011489308956496626
0.0032,-0.0002,-0.07322882646853401,0.06440761199686407,0.001121308153487631
0.0033000000000000004,-0.0002,-0.09862422949413911,0.06529528110018751,0.0010766486091900833
0.0034,-0.0002,-0.12730722899119773,0.06626846405154421,0.0010502224110758988
0.0034999999999999996,-0.0002,-0.15464502850200046,0.06710721815126418,0.0010086257073242256
0.0036,-0.0002,-0.186338520299675,0.06796452689046693,0.0009502001122312577
0.0037,-0.0002,-0.21443007303790557,0.06878484715496547,0.0009225850118316677
0.0038,-0.0002,-0.2442665691023419,0.06950066202255777,0.0008630333064002877
0.0039,-0.0002,-0.2729864223333637,0.07027771982823999,0.0008279699694989415
0.004,-0.0002,-0.30219607263090553,0.07084607220603699,0.0007999807135287739
0.0041,-0.0002,-0.33121295651963345,0.07148033500408126,0.0007546088789205587
0.0042,-0.0002,-0.3596266666706688,0.0720459972621087,0.0007113811419565505
0.0043,-0.0002,-0.38684716489551246,0.07278421214550974,0.0006834132252669365
0.0044,-0.0002,-0.4140744781203845,0.07331175780434498,0.0006472193863093635
0.0045,-0.0002,-0.439325193378297,0.07376409640877535,0.0006087506743030975
0.0046,-0.0002,-0.4642683349846837,0.07423362362894632,0.0005670111845594992
0.0047,-0.0002,-0.4877973039758045,0.07473049822235774,0.0005301748415363406
0.0048,-0.0002,-0.5101645470349372,0.07520223152630437,0.0004921558754610922
0.0049,-0.0002,-0.5307304286345286,0.07566862108506711,0.0004577215558070974
0.005,-0.0002,-0.550039176860478,0.07604486212152389,0.00041693979939022384
0.0051,-0.0002,-0.5671174219931397,0.07646318898747279,0.00038790434140519573
0.005200000000000001,-0.0002,-0.58332590289033,0.0768185020401411,0.00035211420445181545
0.0053,-0.0002,-0.5972795891123932,0.07705585927097502,0.00031788660954969487
0.0054,-0.0002,-0.6093988968435075,0.07735675567895094,0.00028649957236786676
0.0055,-0.0002,-0.6197273952655029,0.0776070069638829,0.0002530760904445928
0.0056,-0.0002,-0.6283320437032356,0.07788104324067047,0.0002206891676259691
0.005700000000000001,-0.0002,-0.6346008612899879,0.07804114894447543,0.00019408702736539585
0.0058,-0.0002,-0.6393282163719209,0.07817976835342205,0.00016176073891396227
0.0059,-0.0002,-0.6419170129404682,0.07834269422826322,0.00013662121996040662
0.006,-0.0002,-0.6426054804086707,0.07846452724148925,0.00010785139748840408
0.0061,-0.0002,-0.6410085135017257,0.07860864776666476,7.695922286537331e-05
0.0062,-0.0002,-0.6376624117773733,0.07863952172860383,5.0847316819764836e-05
0.0063,-0.0002,-0.6312819044418525,0.07877814143536951,3.243185230733077e-05
0.0064,-0.0002,-0.6237268058029595,0.0788383314805072,7.062831049032079e-06
0.006499999999999999,-0.0002,-0.6136497945141782,0.07875586789144232,-3.246608337716688e-05
0.006600000000000001,-0.0002,-0.600363143974573,0.07886864202621596,-8.94123843360545e-05
0.0067,-0.0002,-0.58607221288687,0.07875312341808048,-0.00010369277002604891
0.0068,-0.0002,-0.5679442284667278,0.07869948707689663,-0.00013730719324708089
0.0069,-0.0002,-0.5481139024873647,0.07866891179758512,-0.00017202843114988092
0.006999999999999999,-0.0002,-0.5248623186906938,0.0785452523666708,-0.00021025997173834134
0.007100000000000001,-0.0002,-0.4984482712530869,0.07834205294859187,-0.00025000889125688125
0.0072,-0.0002,-0.4687946654824189,0.07817237440185752,-0.00029348101524328803
0.0073,-0.0002,-0.4358509807525129,0.07811707597095596,-0.0003399495529868787
0.0074,-0.0002,-0.39903112070517244,0.07773061172738206,-0.00038951777832768234
0.0075,-0.0002,-0.3569295056366198,0.07737472110827165,-0.0004417802917180182
0.0076,-0.0002,-0.31086436216342594,0.07712991063492462,-0.000502247783582642
0.0077,-0.0002,-0.2590942959745297,0.07680506292482159,-0.0005698989364192846
0.0078,-0.0002,-0.20177420817050334,0.07624313087971565,-0.0006432834777204341
0.0079,-0.0002,-0.1374063619237226,0.0759218342869965,-0.0007233899576718073
0.008,-0.0002,-0.06658614154002829,0.07524999673911724,-0.000812217258730987
0.0081,-0.0002,0.013692811496975781,0.07463412331829504,-0.0009121704226159916
0.0082,-0.0002,0.10111629317407414,0.07400679271105097,-0.0010223815586683377
0.0083,-0.0002,0.19740175966450646,0.07310622466224985,-0.0011443516465014685
0.0084,-0.0002,0.306342056533927,0.07230412519813971,-0.0012829554219906296
0.0085,-0.0002,0.42492061644757007,0.07131660163307289,-0.0014401274607922449
0.0086,-0.0002,0.5585610956331761,0.07013745937263935,-0.0016156226528513146
0.0087,-0.0002,0.7083337087536501,0.0688340734502572,-0.0018166174938807793
0.0088,-0.0002,0.8708341833109476,0.06748569219583755,-0.002038498701614672
0.0089,-0.0002,1.0540098393828305,0.06582609677622868,-0.002321337957443175
0.009,-0.0002,1.2588719239673318,0.0640469258590458,-0.0026899446748014466
0.0091,-0.0002,1.486915084487122,0.06184185794990757,-0.003157940284922405
0.0092,-0.0002,1.7459718478086972,0.0592728523732429,-0.003813835659929485
0.0093,-0.0002,2.0354950241763516,0.05616680652180611,-0.0047738597932600576
0.0094,-0.0002,2.36513283627154,0.05201149631535367,-0.006391596024209231
0.0095,-0.0002,2.7551601161422514,0.046411703734903054,-0.009197524018875988
0.0096,-0.0002,3.2194826763391107,0.03811703914383029,-0.014006654682938005
0.0097,-0.0002,3.763539381669864,0.027198250240525135,-0.022881365389253186
0.0098,-0.0002,4.333274080907931,0.014326432717477272,-0.03229582478454903
0.0099,-0.0002,4.822741580066418,0.0028954301431888922,-0.03842902860571218
0.01,-0.0002,5.108222977002534,0.0,0.0
0.0,-0.0001,-0.004591269533310255,0.0,0.0
0.0001,-0.0001,0.09795343427308996,0.011125445572730014,0.014472415719315219
0.0002,-0.0001,0.17781671721350623,0.018462589855540577,0.01204836311791585
0.0003,-0.0001,0.13161263099923584,0.029160601419494437,0.009237169879072542
0.0004,-0.0001,0.07382777894129797,0.03691560325942962,0.006835879708339302
0.0005,-0.0001,0.04010685938680557,0.04301483054616465,0.005041188925247363
0.0006,-0.0001,0.019412130198146034,0.04789657388950246,0.0038601471470414528
0.0007,-0.0001,0.010171622681818464,0.05191211041031786,0.0029626972603344205
0.0008,-0.0001,0.010108845640239216,0.055005247481140974,0.002362869789134905
0.0009,-0.0001,0.015404103630922929,0.05767608673618525,0.0019213200339866312
0.001,-0.0001,0.0253521902995655,0.05973100656275594,0.001600355348862407
0.0011,-0.0001,0.03918111036783835,0.06174818600303327,0.001359545970928631
0.0012,-0.0001,0.05304824110363053,0.063350438499467,0.001190230524176464
0.0013000000000000002,-0.0001,0.06738051998592907,0.06460043358765967,0.0010503137120593008
0.0014,-0.0001,0.08124755782447997,0.06602526472455746,0.0009447936057781624
0.0015,-0.0001,0.09155384889806584,0.0672663390205246,0.0008578999486345438
0.0016,-0.0001,0.10192014658869278,0.06831218237580179,0.0007947348226924769
0.0017,-0.0001,0.11041346419969872,0.06930005448813563,0.0007177024041855061
0.0018,-0.0001,0.11278511483852034,0.07029877825335304,0.000701085890232788
0.0019,-0.0001,0.11969283093318149,0.07106327854846194,0.0006838520110657216
0.002,-0.0001,0.11814283281558284,0.07205668069720209,0.0006368321600260579
0.0021,-0.0001,0.11382658360977747,0.07278055894839199,0.0005925976663226922
0.0022,-0.0001,0.10930350040042132,0.07351621567469134,0.0005708837652598995
0.0023,-0.0001,0.0994003033342853,0.07431706301324617,0.0005553059966622518
0.0024,-0.0001,0.08821502567092813,0.07495861493041063,0.0005300486610799434
0.0025,-0.0001,0.0793146673816449,0.07559803782411888,0.0004929448582678581
0.0026000000000000003,-0.0001,0.06239104822972786,0.07647816737312679,0.0004769110738868588
0.0027,-0.0001,0.04600437450257877,0.07698561590232854,0.00045410605207085513
0.0028,-0.0001,0.026149126838937976,0.07753176048873367,0.0004322964175630275
0.0029,-0.0001,0.005237368156897082,0.07801592272743237,0.00042417287475240506
0.003,-0.0001,-0.01842057793022076,0.07875573446764637,0.00041022282805197114
0.0031,-0.0001,-0.04236618259007938,0.07914488456847957,0.0004004135311468243
0.0032,-0.0001,-0.06647945499573807,0.07986471612636252,0.00039060704657719507
0.0033000000000000004,-0.0001,-0.09327115690700989,0.08007277633127104,0.00037010711583967395
0.0034,-0.0001,-0.12123507940130783,0.08074406067714551,0.00035412480727942624
0.0034999999999999996,-0.0001,-0.15036350072632151,0.08115825545308475,0.00034603372887888817
0.0036,-0.0001,-0.17844341252911664,0.08152975825124803,0.00032961869421585977
0.0037,-0.0001,-0.2082759317984201,0.08212186643521363,0.0003066991316961087
0.0038,-0.0001,-0.23743932509005042,0.08256460397018967,0.0002891880686048555
0.0039,-0.0001,-0.2683570446861062,0.08285655668586586,0.00027521257924540603
0.004,-0.0001,-0.2969008120330289,0.08319642314692158,0.000268053621315132
0.0041,-0.0001,-0.32576185315752815,0.0836291513216759,0.0002517933632620596
0.0042,-0.0001,-0.3540307265844314,0.08389770796103596,0.00023671421945558116
0.0043,-0.0001,-0.3815693742948546,0.08430632032308692,0.00022592541553079538
0.0044,-0.0001,-0.4093374036189047,0.08453520621839078,0.00020803445516955462
0.0045,-0.0001,-0.4351495705099613,0.08480873863220689,0.000194462092659713
0.0046,-0.0001,-0.45989471173537283,0.08510352573292584,0.00018091246581012615
0.0047,-0.0001,-0.483437929377302,0.08541317806801778,0.00016986125950957162
0.0048,-0.0001,-0.5059149182465811,0.08558014156401275,0.00016047395552468269
0.0049,-0.0001,-0.5261506745960518,0.08576832852800438,0.0001423965861161592
0.005,-0.0001,-0.545565689239417,0.08596466970587463,0.00013197713447897483
0.0051,-0.0001,-0.5631198055741709,0.08618500755925386,0.00012148718296631572
0.005200000000000001,-0.0001,-0.5793351581854405,0.08629363191933653,0.00010906883423116244
0.0053,-0.0001,-0.5934462877905848,0.08648078556088101,9.661727117050945e-05
0.0054,-0.0001,-0.6058817430586606,0.08659590017749291,8.456742741737587e-05
0.0055,-0.0001,-0.6163471793145452,0.08673936417300956,7.424449448272273e-05
0.0056,-0.0001,-0.6246084069693018,0.08688520663897982,6.284601922853855e-05
0.005700000000000001,-0.0001,-0.6315603506367378,0.08690197898565417,5.430549954848015e-05
0.0058,-0.0001,-0.6362430035770659,0.08704379729344403,4.8128799365876616e-05
0.0059,-0.0001,-0.6387740553593132,0.0871076675977614,3.630440786047789e-05
0.006,-0.0001,-0.6398581744883104,0.0871313970293108,2.1029119553818737e-05
0.0061,-0.0001,-0.6382287180107692,0.08716162739895338,7.014901453286418e-06
0.0062,-0.0001,-0.6337389627164535,0.08718050055798732,-2.133722122655414e-06
0.0063,-0.0001,-0.6271456854717241,0.08718853327084482,-8.323876918965356e-06
0.0064,-0.0001,-0.6204492748409601,0.08715359208127825,-1.3872485577155e-05
0.006499999999999999,-0.0001,-0.6101369530858082,0.08715567620241767,-3.0921363343075595e-05
0.006600000000000001,-0.0001,-0.5979702822762556,0.08713011758933739,-3.7613443724842304e-05
0.0067,-0.0001,-0.5828603135130834,0.08701633546610892,-4.5099086619837737e-05
0.0068,-0.0001,-0.5647595819180296,0.08705341115359395,-6.222783314910488e-05
0.0069,-0.0001,-0.5442503137903124,0.08694608626948874,-7.339264077500436e-05
0.006999999999999999,-0.0001,-0.52068625317442,0.08690401414919548,-8.812326104108259e-05
0.007100000000000001,-0.0001,-0.49425634285709263,0.0867513697547379,-0.00010257002253005778
0.0072,-0.0001,-0.46494894221078475,0.08657105231586525,-0.00011736573372939834
0.0073,-0.0001,-0.4314222397989512,0.08648936267229682,-0.00013500161642623906
0.0074,-0.0001,-0.39351155419402883,0.08623227114988304,-0.00015312459053167055
0.0075,-0.0001,-0.3519515542366654,0.08603007336809168,-0.00017225528087379507
0.0076,-0.0001,-0.3050073551861704,0.08589730241637639,-0.00019458020868105876
0.0077,-0.0001,-0.2526084710650663,0.08562488476913993,-0.00021786663313163928
0.0078,-0.0001,-0.1949946234999967,0.08531368099448866,-0.0002456231993532109
0.0079,-0.0001,-0.13049095617980505,0.0849454606924953,-0.0002750887785483652
0.008,-0.0001,-0.058204719015816836,0.08459574794924501,-0.0003076501487348884
0.0081,-0.0001,0.020525712098729988,0.08419225688367658,-0.00034362041281901914
0.0082,-0.0001,0.10896914572757974,0.08374496192349877,-0.0003851738580743832
0.0083,-0.0001,0.2079207793158414,0.0832574900498814,-0.0004291034215979699
0.0084,-0.0001,0.3168843095956817,0.08267739174683891,-0.0004815403043097327
0.0085,-0.0001,0.43748540630003985,0.081970155198029,-0.0005381463148323012
0.0086,-0.0001,0.5744502396565264,0.08127050428751534,-0.0006024670675617778
0.0087,-0.0001,0.7254436426733378,0.08047304722689792,-0.0006814898070982289
0.0088,-0.0001,0.8923495658434604,0.0795691778342739,-0.0007750820007828849
0.0089,-0.0001,1.0796634963977891,0.07856147266536107,-0.000884305862540272
0.009,-0.0001,1.2917027734030448,0.07733499394112991,-0.0010177937391434428
0.0091,-0.0001,1.528884838740104,0.07597687175603259,-0.0011958038125743507
0.0092,-0.0001,1.7996613499830254,0.07437424160826571,-0.0014222453958929737
0.0093,-0.0001,2.109724083401482,0.07235574338946986,-0.001803504567721475
0.0094,-0.0001,2.460202444414447,0.06969987454339761,-0.0023878767863458727
0.0095,-0.0001,2.89449724200583,0.06595849678862913,-0.0034976550424814117
0.0096,-0.0001,3.408220444063573,0.060162267025932796,-0.005581623207510315
0.0097,-0.0001,4.099052854721366,0.05187208101953392,-0.009687756790611752
0.0098,-0.0001,4.918258169036372,0.036029982760614275,-0.01649057852185636
0.0099,-0.0001,6.009035167038772,0.020866313879148918,-0.022164730643330927
0.01,-0.0001,6.856422441072438,0.0,0.0
0.0,0.0,0.0,0.1,0.0
0.0001,0.0,0.24348696355946114,0.1,0.0
0.0002,0.0,0.3503401194669738,0.1,0.0
0.0003,0.0,0.16225340665129617,0.1,0.0
0.0004,0.0,0.08504722208585642,0.1,0.0
0.0005,0.0,0.053153401917731935,0.1,0.0
0.0006,0.0,0.02454137453303696,0.1,0.0
0.0007,0.0,0.015367656253603552,0.1,0.0
0.0008,0.0,0.013486418756110494,0.1,0.0
0.0009,0.0,0.02060293168095105,0.1,0.0
0.001,0.0,0.029629324005755662,0.1,0.0
0.0011,0.0,0.04215098799765396,0.1,0.0
0.0012,0.0,0.05648526147805842,0.1,0.0
0.0013000000000000002,0.0,0.06997965658220298,0.1,0.0
0.0014,0.0,0.08319145590336206,0.1,0.0
0.0015,0.0,0.09369264806642034,0.1,0.0
0.0016,0.0,0.10398199726285955,0.1,0.0
0.0017,0.0,0.11068475750721266,0.1,0.0
0.0018,0.0,0.11704126915608226,0.1,0.0
0.0019,0.0,0.12031397677369601,0.1,0.0
0.002,0.0,0.1221196752765828,0.1,0.0
0.0021,0.0,0.11274006239753143,0.1,0.0
0.0022,0.0,0.10233280149801338,0.1,0.0
0.0023,0.0,0.09693194828319751,0.1,0.0
0.0024,0.0,0.09236010604935695,0.1,0.0
0.0025,0.0,0.07721493024324133,0.1,0.0
0.0026000000000000003,0.0,0.061394435590879516,0.1,0.0
0.0027,0.0,0.04796948181505379,0.1,0.0
0.0028,0.0,0.027916308404647476,0.1,0.0
0.0029,0.0,0.006895975515342169,0.1,0.0
0.003,0.0,-0.014790546732497115,0.1,0.0
0.0031,0.0,-0.039885847505872665,0.1,0.0
0.0032,0.0,-0.06452042195271059,0.1,0.0
0.0033000000000000004,0.0,-0.09246259007840045,0.1,0.0
0.0034,0.0,-0.12006137213462986,0.1,0.0
0.0034999999999999996,0.0,-0.14692969731459382,0.1,0.0
0.0036,0.0,-0.17730437301140548,0.1,0.0
0.0037,0.0,-0.20560981185132293,0.1,0.0
0.0038,0.0,-0.23637989833536222,0.1,0.0
0.0039,0.0,-0.26531090833515936,0.1,0.0
0.004,0.0,-0.29433589021754625,0.1,0.0
0.0041,0.0,-0.3240610405691001,0.1,0.0
0.0042,0.0,-0.3522256908802898,0.1,0.0
0.0043,0.0,-0.3798296848108673,0.1,0.0
0.0044,0.0,-0.40720243654710353,0.1,0.0
0.0045,0.0,-0.43289664683195633,0.1,0.0
0.0046,0.0,-0.4575415206548745,0.1,0.0
0.0047,0.0,-0.48152616917138186,0.1,0.0
0.0048,0.0,-0.50423284237715,0.1,0.0
0.0049,0.0,-0.5247344616493475,0.1,0.0
0.005,0.0,-0.5442730652373473,0.1,0.0
0.0051,0.0,-0.561907620780422,0.1,0.0
0.005200000000000001,0.0,-0.5782264873877174,0.1,0.0
0.0053,0.0,-0.5921536426100079,0.1,0.0
0.0054,0.0,-0.6046449854003246,0.1,0.0
0.0055,0.0,-0.6151385087395438,0.1,0.0
0.0056,0.0,-0.6232202777084785,0.1,0.0
0.005700000000000001,0.0,-0.6304619604714253,0.1,0.0
0.0058,0.0,-0.6351688521709623,0.1,0.0
0.0059,0.0,-0.6373878439194585,0.1,0.0
0.006,0.0,-0.6373618548407053,0.1,0.0
0.0061,0.0,-0.6354888590670045,0.1,0.0
0.0062,0.0,-0.6321818416496765,0.1,0.0
0.0063,0.0,-0.6267876044889213,0.1,0.0
0.0064,0.0,-0.6174665585432246,0.1,0.0
0.006499999999999999,0.0,-0.6078357738132255,0.1,0.0
0.006600000000000001,0.0,-0.5971839812479656,0.1,0.0
0.0067,0.0,-0.5814375265719806,0.1,0.0
0.0068,0.0,-0.5627318454497546,0.1,0.0
0.0069,0.0,-0.5427032849369879,0.1,0.0
0.006999999999999999,0.0,-0.5196945588741659,0.1,0.0
0.007100000000000001,0.0,-0.4926550199649406,0.1,0.0
0.0072,0.0,-0.463031169810915,0.1,0.0
0.0073,0.0,-0.42944979097030794,0.1,0.0
0.0074,0.0,-0.39199841835160104,0.1,0.0
0.0075,0.0,-0.34950004817024155,0.1,0.0
0.0076,0.0,-0.30240047506882256,0.1,0.0
0.0077,0.0,-0.25057562305155323,0.1,0.0
0.0078,0.0,-0.1918261291130034,0.1,0.0
0.0079,0.0,-0.1283856200841163,0.1,0.0
0.008,0.0,-0.05614781194578289,0.1,0.0
0.0081,0.0,0.023759355377093724,0.1,0.0
0.0082,0.0,0.11252816909562453,0.1,0.0
0.0083,0.0,0.21058275990455885,0.1,0.0
0.0084,0.0,0.32286668788326534,0.1,0.0
0.0085,0.0,0.44425855212603554,0.1,0.0
0.0086,0.0,0.5782579167352793,0.1,0.0
0.0087,0.0,0.7310193084414579,0.1,0.0
0.0088,0.0,0.899990519258413,0.1,0.0
0.0089,0.0,1.0888731127886717,0.1,0.0
0.009,0.0,1.3030470505196854,0.1,0.0
0.0091,0.0,1.5436417244803384,0.1,0.0
0.0092,0.0,1.8188886053254196,0.1,0.0
0.0093,0.0,2.1347864776833902,0.1,0.0
0.0094,0.0,2.500767524837294,0.1,0.0
0.0095,0.0,2.9516588981605114,0.1,0.0
0.0096,0.0,3.4884599936000056,0.1,0.0
0.0097,0.0,4.245825055923481,0.1,0.0
0.0098,0.0,5.211285811647112,0.1,0.0
0.0099,0.0,6.566216169910431,0.1,0.0
0.01,0.0,7.467067363354332,0.1,0.0
