x-coordinate,y-coordinate,pressure,x-velocity,y-velocity
0.0,-0.01,-4.294539942665018,0.0,0.0
0.0001,-0.01,-4.3582644664002,0.0,0.0
0.0002,-0.01,-4.304399147454008,0.0,0.0
0.0003,-0.01,-4.296009662836881,0.0,0.0
0.0004,-0.01,-4.961869148800329,0.0,0.0
0.0005,-0.01,-4.479743550061392,0.0,0.0
0.0006,-0.01,-4.287233564282877,0.0,0.0
0.0007,-0.01,-4.213586264807557,0.0,0.0
0.0008,-0.01,-4.478395406856153,0.0,0.0
0.0009,-0.01,-4.2912605772497585,0.0,0.0
0.001,-0.01,-4.297605859341734,0.0,0.0
0.0011,-0.01,-4.037742120695245,0.0,0.0
0.0012,-0.01,-4.506768904466497,0.0,0.0
0.0013000000000000002,-0.01,-4.362462307242428,0.0,0.0
0.0014,-0.01,-4.221283805330607,0.0,0.0
0.0015,-0.01,-4.592181539450485,0.0,0.0
0.0016,-0.01,-4.5265886946798375,0.0,0.0
0.0017,-0.01,-1.9476077426901672,0.0,0.0
0.0018,-0.01,-4.302678905628939,0.0,0.0
0.0019,-0.01,20.791949353938964,0.0,0.0
0.002,-0.01,-4.39077896413147,0.0,0.0
0.0021,-0.01,-5.885233867341262,0.0,0.0
0.0022,-0.01,-4.2680405124175245,0.0,0.0
0.0023,-0.01,-20.342557919870657,0.0,0.0
0.0024,-0.01,-4.299583075280791,0.0,0.0
0.0025,-0.01,-2.2109088999145587,0.0,0.0
0.0026000000000000003,-0.01,-4.281293725833799,0.0,0.0
0.0027,-0.01,-0.38337366816941915,0.0,0.0
0.0028,-0.01,5.087791382341086,0.0,0.0
0.0029,-0.01,-4.426310594969655,0.0,0.0
0.003,-0.01,-4.602771058786978,0.0,0.0
0.0031,-0.01,-29.382904830185375,0.0,0.0
0.0032,-0.01,-4.37262451164554,0.0,0.0
0.0033000000000000004,-0.01,-4.369491949979434,0.0,0.0
0.0034,-0.01,-4.366784198857955,0.0,0.0
0.0034999999999999996,-0.01,-4.3753307342063135,0.0,0.0
0.0036,-0.01,-4.381033669632497,0.0,0.0
0.0037,-0.01,-4.378027823493969,0.0,0.0
0.0038,-0.01,-4.386706652939978,0.0,0.0
0.0039,-0.01,-4.3903266536574765,0.0,0.0
0.004,-0.01,-4.3931573132262836,0.0,0.0
0.0041,-0.01,-4.387577599001365,0.0,0.0
0.0042,-0.01,-4.389476896823246,0.0,0.0
0.0043,-0.01,-4.388922641626611,0.0,0.0
0.0044,-0.01,-4.3890744135624535,0.0,0.0
0.0045,-0.01,-4.389423681570174,0.0,0.0
0.0046,-0.01,-4.388167761079094,0.0,0.0
0.0047,-0.01,-4.388169025844014,0.0,0.0
0.0048,-0.01,-4.38533445208962,0.0,0.0
0.0049,-0.01,-4.384627928004448,0.0,0.0
0.005,-0.01,-4.382019151760813,0.0,0.0
0.0051,-0.01,-4.378494255790291,0.0,0.0
0.005200000000000001,-0.01,-4.377089622257066,0.0,0.0
0.0053,-0.01,-4.372907023730869,0.0,0.0
0.0054,-0.01,-4.369183707110177,0.0,0.0
0.0055,-0.01,-4.366694972658091,0.0,0.0
0.0056,-0.01,-4.363625978499422,0.0,0.0
0.005700000000000001,-0.01,-4.359406444560191,0.0,0.0
0.0058,-0.01,-4.356013244924549,0.0,0.0
0.0059,-0.01,-4.354677190152305,0.0,0.0
0.006,-0.01,-4.351592641108418,0.0,0.0
0.0061,-0.01,-4.348975850203074,0.0,0.0
0.0062,-0.01,-4.351358502875309,0.0,0.0
0.0063,-0.01,-4.349722593327177,0.0,0.0
0.0064,-0.01,-4.35056981730753,0.0,0.0
0.006499999999999999,-0.01,-4.3484174911918965,0.0,0.0
0.006600000000000001,-0.01,-4.34901635767551,0.0,0.0
0.0067,-0.01,-4.354313987534964,0.0,0.0
0.0068,-0.01,-4.358816699438887,0.0,0.0
0.0069,-0.01,-4.368315438739885,0.0,0.0
0.006999999999999999,-0.01,-4.356023415702024,0.0,0.0
0.007100000000000001,-0.01,-4.373426318628287,0.0,0.0
0.0072,-0.01,-4.383864604568109,0.0,0.0
0.0073,-0.01,-4.361447911943658,0.0,0.0
0.0074,-0.01,-4.389570291447237,0.0,0.0
0.0075,-0.01,-4.412831177753167,0.0,0.0
0.0076,-0.01,-4.402932029572277,0.0,0.0
0.0077,-0.01,-4.385197796456329,0.0,0.0
0.0078,-0.01,-4.41351502116432,0.0,0.0
0.0079,-0.01,-4.426675151178632,0.0,0.0
0.008,-0.01,-4.40656073385504,0.0,0.0
0.0081,-0.01,-4.425337101973242,0.0,0.0
0.0082,-0.01,-4.428959465474423,0.0,0.0
0.0083,-0.01,-4.429756725841369,0.0,0.0
0.0084,-0.01,-4.434143029143261,0.0,0.0
0.0085,-0.01,-4.4364156770449705,0.0,0.0
0.0086,-0.01,-4.438464998955489,0.0,0.0
0.0087,-0.01,-4.440608672887424,0.0,0.0
0.0088,-0.01,-4.4421491212783115,0.0,0.0
0.0089,-0.01,-4.443238201964741,0.0,0.0
0.009,-0.01,-4.444385071068237,0.0,0.0
0.0091,-0.01,-4.444957271115746,0.0,0.0
0.0092,-0.01,-4.445696929303891,0.0,0.0
0.0093,-0.01,-4.445208948079527,0.0,0.0
0.0094,-0.01,-4.445510059233377,0.0,0.0
0.0095,-0.01,-4.445468771126745,0.0,0.0
0.0096,-0.01,-4.445577960904586,0.0,0.0
0.0097,-0.01,-4.444394261447335,0.0,0.0
0.0098,-0.01,-4.443594392695392,0.0,0.0
0.0099,-0.01,-4.4445899705774385,0.0,0.0
0.01,-0.01,-4.44440565853399,0.0,0.0
0.0,-0.0099,-4.317268952919984,0.0,0.0
0.0001,-0.0099,-4.318233240409002,1.1449738121095815e-05,-6.266459703393077e-06
0.0002,-0.0099,-4.317368127223078,2.769911636194474e-05,-1.0686015067417473e-05
0.0003,-0.0099,-4.317065177347986,6.221943393159815e-05,-1.8101405212276624e-05
0.0004,-0.0099,-4.318916931621297,8.015353170593185e-05,-2.7411990797005366e-05
0.0005,-0.0099,-4.31960263334501,8.646606535660314e-05,-4.171337386952996e-05
0.0006,-0.0099,-4.318073810095843,0.00014168384048793352,-4.00677717517625e-05
0.0007,-0.0099,-4.318146197723227,0.00022832704426218732,5.346157083085349e-08
0.0008,-0.0099,-4.322620041843973,0.00013282714390444115,-2.397401930387334e-05
0.0009,-0.0099,-4.319119876150662,0.00015341287199470795,-6.10457557610317e-05
0.001,-0.0099,-4.320375100331451,0.00016035105344144545,-1.5188922095904946e-05
0.0011,-0.0099,-4.320676822546904,0.0002067835079302186,3.331909492045906e-05
0.0012,-0.0099,-4.318752434223949,0.00027124113204932956,2.1940412339035555e-06
0.0013000000000000002,-0.0099,-4.3243087276061605,0.0002471927219687475,3.87805619949763e-05
0.0014,-0.0099,-4.321550418267951,0.00012933208496319237,-9.232364921269454e-05
0.0015,-0.0099,-4.326772345055805,0.00020239216798296854,-2.4185851231871692e-06
0.0016,-0.0099,-4.326198245426306,8.879741400020917e-05,6.772730896697769e-05
0.0017,-0.0099,-4.323731342815812,0.00011784712786426212,7.427295264979955e-06
0.0018,-0.0099,-4.332024887441554,-2.1309986007672382e-06,-2.1330319666656278e-05
0.0019,-0.0099,-4.332481701113327,1.390421370476131e-05,-3.413240475554236e-05
0.002,-0.0099,-4.332973072274339,-3.708576367135864e-05,0.00011318138376229812
0.0021,-0.0099,-4.333183593768169,-5.792691392619578e-05,3.832278615272783e-05
0.0022,-0.0099,-4.3376750384711125,-0.0001336023144536104,2.9011664840529462e-05
0.0023,-0.0099,-4.340436323433589,-0.0001717515267213586,5.369898131273525e-05
0.0024,-0.0099,-4.342128316237892,-0.0002613008733726176,5.979980056313938e-05
0.0025,-0.0099,-4.346057033874998,-0.0003553786472008664,6.491661748179062e-05
0.0026000000000000003,-0.0099,-4.346722753106144,-0.00042459462002869796,6.52981547360886e-05
0.0027,-0.0099,-4.349800119035944,-0.000551821088867004,7.334052793435803e-05
0.0028,-0.0099,-4.352374722982182,-0.0006576856269621859,8.425955166512009e-05
0.0029,-0.0099,-4.35714794146402,-0.0007644816741184768,8.823243444860184e-05
0.003,-0.0099,-4.358997807035042,-0.0008954314325167076,8.805182450329185e-05
0.0031,-0.0099,-4.361585120462959,-0.0010416978261024827,9.469011819258693e-05
0.0032,-0.0099,-4.366880645432515,-0.001187605665535659,0.0001234638978567273
0.0033000000000000004,-0.0099,-4.367995910956341,-0.0012983468253786167,0.00011540077291819846
0.0034,-0.0099,-4.368563513600931,-0.0014719941112305386,0.00011292638640270029
0.0034999999999999996,-0.0099,-4.374609115749214,-0.0016598406391505574,0.00012598005751715088
0.0036,-0.0099,-4.37737015701713,-0.0017884571969470188,0.00012732466988324385
0.0037,-0.0099,-4.377972729829478,-0.001994206401136506,0.00011074071074398899
0.0038,-0.0099,-4.3836585009546924,-0.0021612710008201224,0.0001230309695464004
0.0039,-0.0099,-4.386146248265223,-0.002346826464021946,0.0001395733360184918
0.004,-0.0099,-4.38709560923583,-0.0024651832100134894,0.0001321945580532556
0.0041,-0.0099,-4.3873049138749,-0.0025599363609298343,0.00011808048733777297
0.0042,-0.0099,-4.386685894999382,-0.002729783231918211,0.0001245911236056562
0.0043,-0.0099,-4.388963572797458,-0.0029507416974666177,0.00011510734737278789
0.0044,-0.0099,-4.3891531188254715,-0.003147185462661784,0.00010416630923337806
0.0045,-0.0099,-4.389165318136609,-0.0032353806401317535,9.234452217791339e-05
0.0046,-0.0099,-4.388965418116176,-0.003310489586964678,8.182298348794847e-05
0.0047,-0.0099,-4.387993916478266,-0.0034295806450539475,6.677889879117914e-05
0.0048,-0.0099,-4.385506106477647,-0.0033703780510405037,4.809162884709026e-05
0.0049,-0.0099,-4.384197362977473,-0.0034981242478243457,3.415896058315991e-05
0.005,-0.0099,-4.381205032689089,-0.0036246577083047095,1.6512045971120997e-05
0.0051,-0.0099,-4.378198391486516,-0.0037030773559665235,-2.733692977835658e-06
0.005200000000000001,-0.0099,-4.375882217268746,-0.0035224128137009967,-2.0093555917831394e-05
0.0053,-0.0099,-4.373274379386634,-0.003571840833303791,-4.0580172122623555e-05
0.0054,-0.0099,-4.369157403471723,-0.0034025004094866574,-6.023070990390648e-05
0.0055,-0.0099,-4.365543139884265,-0.003319355744755902,-7.915430448388385e-05
0.0056,-0.0099,-4.362404621319354,-0.0031739767656846565,-0.00010647193019908668
0.005700000000000001,-0.0099,-4.36140133381098,-0.0030468978847451736,-0.00011622384055354062
0.0058,-0.0099,-4.356660540923666,-0.0028750878957568005,-0.0001297197341000132
0.0059,-0.0099,-4.355961791159982,-0.0027351829302230644,-0.00016435030940086797
0.006,-0.0099,-4.353399234645708,-0.0025253423562033328,-0.00015593262688065373
0.0061,-0.0099,-4.352146063164599,-0.0022875787483669576,-0.00018145713915936106
0.0062,-0.0099,-4.350788835690932,-0.0020139546682849236,-0.00018160098419403096
0.0063,-0.0099,-4.350185326421721,-0.0017841103106963488,-0.0001858354346767811
0.0064,-0.0099,-4.34987503610446,-0.001513295025870503,-0.00019958070717386708
0.006499999999999999,-0.0099,-4.350893732708919,-0.0012190772949774262,-0.00020861475784604485
0.006600000000000001,-0.0099,-4.351614464813244,-0.0009518207847920506,-0.00019933618487985214
0.0067,-0.0099,-4.3567565664582615,-0.0007030896299887369,-0.0001932736192989466
0.0068,-0.0099,-4.3583533595274275,-0.0004462572643427474,-0.0001774894352543551
0.0069,-0.0099,-4.363238402065392,-0.0002783457021966766,-0.0002650199311968258
0.006999999999999999,-0.0099,-4.3633823515790615,-9.333887501179142e-06,-9.604746070821917e-05
0.007100000000000001,-0.0099,-4.378308670267901,8.335913660034358e-05,-0.00012963405864657823
0.0072,-0.0099,-4.3783783932915785,0.000282705002903846,-6.260105865147848e-05
0.0073,-0.0099,-4.374994706868192,0.0006201533917621787,-4.2853815865033184e-05
0.0074,-0.0099,-4.3865910882864805,0.0009508054030064736,-0.00010168371715792966
0.0075,-0.0099,-4.398360046867926,0.0009127708911270037,-0.00020986276786394626
0.0076,-0.0099,-4.403747842339573,0.0007961326423478216,-5.514661985079271e-05
0.0077,-0.0099,-4.392764496413999,0.0009491230168628639,6.928673417246134e-05
0.0078,-0.0099,-4.411054925103787,0.0012499396656869323,-1.7725835386462717e-05
0.0079,-0.0099,-4.42394028882033,0.0010947440541671607,-8.472211376321365e-05
0.008,-0.0099,-4.413448358337021,0.0011032377391210495,4.059374647046153e-05
0.0081,-0.0099,-4.422269876702098,0.0011646495370231835,3.73771823307068e-05
0.0082,-0.0099,-4.429404557391505,0.0010980059533757397,8.111134999788325e-06
0.0083,-0.0099,-4.427788001040447,0.0010833163990066085,2.9511786961701048e-05
0.0084,-0.0099,-4.433963865988624,0.0010296085355769346,3.284931578774041e-05
0.0085,-0.0099,-4.436043057075544,0.0009653519964991329,4.774472667856936e-05
0.0086,-0.0099,-4.437863263000145,0.0009072325361968434,5.67941286103829e-05
0.0087,-0.0099,-4.440868856674354,0.0008338446339129727,6.627961182867195e-05
0.0088,-0.0099,-4.441805554813302,0.0007462414717692802,6.125072818595352e-05
0.0089,-0.0099,-4.442947766118719,0.0006600407601812577,6.636279273905456e-05
0.009,-0.0099,-4.44488062928246,0.0005703370316895477,6.591949489986197e-05
0.0091,-0.0099,-4.4449668096410555,0.0004853225812775103,6.461795148609431e-05
0.0092,-0.0099,-4.444854324844211,0.00039315140312960604,6.3880147627047e-05
0.0093,-0.0099,-4.444827481320909,0.00031579245601487605,6.0563074750729264e-05
0.0094,-0.0099,-4.4456733214260185,0.00023904467588223697,5.685782926931702e-05
0.0095,-0.0099,-4.44490676499646,0.0001710987091882775,5.178573577639735e-05
0.0096,-0.0099,-4.444515199634436,0.00011001998759532772,4.2060306046580176e-05
0.0097,-0.0099,-4.444651763137091,5.957749122490768e-05,3.073636377724065e-05
0.0098,-0.0099,-4.443867352283509,2.4951677305440573e-05,1.8874992369074918e-05
0.0099,-0.0099,-4.44397882164294,6.847039308966093e-06,6.428428201886889e-06
0.01,-0.0099,-4.444096093050183,0.0,0.0
0.0,-0.0098,-4.31712338542067,0.0,0.0
0.0001,-0.0098,-4.319014455128128,1.4189424409779704e-05,-2.347569055442544e-05
0.0002,-0.0098,-4.318464544887689,6.22385145581325e-05,-6.112345702293346e-05
0.0003,-0.0098,-4.320352123528989,0.0001052844653375444,-5.947050438634137e-05
0.0004,-0.0098,-4.319757610546223,0.0001340137060968226,-6.863859595691686e-05
0.0005,-0.0098,-4.318325750336616,0.00013824292304175437,-8.101680498577217e-05
0.0006,-0.0098,-4.316439414148154,0.00030922449399974826,-6.551530965616732e-05
0.0007,-0.0098,-4.318367236346104,0.00032595704534395877,-4.152409622608464e-05
0.0008,-0.0098,-4.322145915199279,0.00026642999576188136,-4.169674082424321e-05
0.0009,-0.0098,-4.316606455175866,0.00024444234997426055,-6.973898689857788e-05
0.001,-0.0098,-4.3180809862173355,0.0003757685987748536,-3.168395556696812e-05
0.0011,-0.0098,-4.319268217006512,0.0003513312663142756,-9.263860706643757e-06
0.0012,-0.0098,-4.318962817940802,0.00038673721923140566,1.2466595039030438e-05
0.0013000000000000002,-0.0098,-4.321932152096178,0.00018061861582343333,7.649049287735622e-05
0.0014,-0.0098,-4.32541708484702,0.00022494155465415164,5.593640967213415e-05
0.0015,-0.0098,-4.323531654268797,0.0002934591075899587,1.779471721714209e-05
0.0016,-0.0098,-4.331092606931584,0.000165096972972418,0.00015170986551623389
0.0017,-0.0098,-4.32725769421466,-4.4483189200169097e-07,0.0001408435181040728
0.0018,-0.0098,-4.327807723977333,5.724286440241819e-05,8.198382305473541e-05
0.0019,-0.0098,-4.331122099939422,-6.98542923242835e-05,0.00011909201356660187
0.002,-0.0098,-4.331870218925024,-0.00018527449181268045,4.731250655490109e-05
0.0021,-0.0098,-4.334595667945785,-0.00029239122023341747,0.00011972345563711703
0.0022,-0.0098,-4.337122513182668,-0.00047304967599812544,0.00015500466977529163
0.0023,-0.0098,-4.339578667352317,-0.0005829376492937384,0.00016220529369656854
0.0024,-0.0098,-4.341512481233764,-0.0007541323413249629,0.00018620977222466576
0.0025,-0.0098,-4.344191069939661,-0.0009231407978670906,0.00020052698176089347
0.0026000000000000003,-0.0098,-4.3489375442337135,-0.0010894549191749064,0.00021889804857266063
0.0027,-0.0098,-4.351373328269739,-0.0012985741321830384,0.00023758763531453683
0.0028,-0.0098,-4.351885194039436,-0.0015368125262477908,0.0002628096059478589
0.0029,-0.0098,-4.356100827019751,-0.0017698785019770577,0.0002861219637186062
0.003,-0.0098,-4.357929921340185,-0.002035300989746486,0.00029953070616495025
0.0031,-0.0098,-4.361196303327658,-0.0022998374316675492,0.00029416880087243974
0.0032,-0.0098,-4.362727134706637,-0.002575745843333474,0.0003031385128248129
0.0033000000000000004,-0.0098,-4.367766616396889,-0.002878899107193381,0.0003428594938839128
0.0034,-0.0098,-4.370996937504265,-0.003153530059299742,0.0003716465182438628
0.0034999999999999996,-0.0098,-4.3734269463386735,-0.003493029174175852,0.00036277014760533225
0.0036,-0.0098,-4.376416087881259,-0.0037760612123239386,0.00037398510320623405
0.0037,-0.0098,-4.378395154171491,-0.00404213417377783,0.0003805576634352764
0.0038,-0.0098,-4.380406445792152,-0.004481410506835602,0.00034421154193177715
0.0039,-0.0098,-4.382234184893381,-0.004776488861678956,0.0002936090212975139
0.004,-0.0098,-4.3844426582150104,-0.005009358579538792,0.00037474120037632864
0.0041,-0.0098,-4.3860141733287845,-0.005399448268432429,0.0003841104007730437
0.0042,-0.0098,-4.388273250840231,-0.005569154986552164,0.00031217134761542427
0.0043,-0.0098,-4.389559676604102,-0.0058458281688561625,0.0003118505029774141
0.0044,-0.0098,-4.388792757601352,-0.006073713540068932,0.0002937813057180984
0.0045,-0.0098,-4.389396356488768,-0.006288384860765633,0.00026605444442402134
0.0046,-0.0098,-4.3880686160894085,-0.006567783233723737,0.00022360929022404572
0.0047,-0.0098,-4.387423972707859,-0.006595209854641806,0.00018052304641825407
0.0048,-0.0098,-4.3867449095575095,-0.006961058767529122,0.0001311475288463206
0.0049,-0.0098,-4.384389011479006,-0.006928312586945502,8.46215911417141e-05
0.005,-0.0098,-4.381420511988092,-0.0067682254560469226,3.248514033246481e-05
0.0051,-0.0098,-4.379060788638133,-0.006856979281345725,-2.012903224066948e-05
0.005200000000000001,-0.0098,-4.376570915429966,-0.006728773679953795,-7.780401240004128e-05
0.0053,-0.0098,-4.37494009892161,-0.006695323278313717,-0.0001395949216320711
0.0054,-0.0098,-4.370105389587138,-0.006556169793551118,-0.00019776382474331859
0.0055,-0.0098,-4.36661536224033,-0.006342777583367031,-0.00023699889961875371
0.0056,-0.0098,-4.363791132104341,-0.006272381785444415,-0.00030506205288717396
0.005700000000000001,-0.0098,-4.3623182823451625,-0.005809048417425484,-0.00033670716588373936
0.0058,-0.0098,-4.360266799972703,-0.005443496756602172,-0.00040085818432492536
0.0059,-0.0098,-4.358134165602235,-0.005237505608176613,-0.00045568382621678126
0.006,-0.0098,-4.353683043616352,-0.004771796341380189,-0.00048694513711450754
0.0061,-0.0098,-4.352451502288255,-0.004405422989762777,-0.0005214110520204594
0.0062,-0.0098,-4.352613175179479,-0.003985931220916685,-0.0005362553633923747
0.0063,-0.0098,-4.351131881209941,-0.0034858040097010025,-0.0005517259483425781
0.0064,-0.0098,-4.354207635583854,-0.003058442712725401,-0.0005717947632394346
0.006499999999999999,-0.0098,-4.353765795750385,-0.0025997516917358483,-0.000577078826518148
0.006600000000000001,-0.0098,-4.354301472322432,-0.002145216925777909,-0.0005479566309544189
0.0067,-0.0098,-4.357040857561367,-0.0016215333583996516,-0.0005773416037775725
0.0068,-0.0098,-4.36037226594021,-0.001217536410377342,-0.0005212082169600108
0.0069,-0.0098,-4.3626898123131514,-0.0007914047088364144,-0.0005611830630961695
0.006999999999999999,-0.0098,-4.367422028955925,-0.00042898545736641866,-0.0003822496455637188
0.007100000000000001,-0.0098,-4.370396397204244,0.00015722115566131658,-0.00046111750080582263
0.0072,-0.0098,-4.376582548316128,0.00031553279744587874,-0.00034993451307027495
0.0073,-0.0098,-4.382283149675788,0.0007526238723859756,-0.0003699067580235402
0.0074,-0.0098,-4.386131723079887,0.0010367954245239102,-0.0004436659541854247
0.0075,-0.0098,-4.3933459230036,0.0013781884734824618,-0.00030475340366732456
0.0076,-0.0098,-4.40066749123825,0.0013246408290490412,-0.00018151348395465435
0.0077,-0.0098,-4.403767834910765,0.0015745664350355225,-7.539519493462487e-05
0.0078,-0.0098,-4.405822984755067,0.0017909256883172566,-0.00010608549290121789
0.0079,-0.0098,-4.416700745846855,0.0018751056820506965,-6.663819303233362e-05
0.008,-0.0098,-4.419228651730112,0.001858970512440113,3.866129163337957e-05
0.0081,-0.0098,-4.421437404163006,0.0019425453471089956,4.9035376406230045e-05
0.0082,-0.0098,-4.429014862114075,0.0019220391974237136,6.086219534306176e-05
0.0083,-0.0098,-4.4283486042048965,0.001792824315165643,8.876157478265809e-05
0.0084,-0.0098,-4.43184067032415,0.0017908587412834697,0.00010962800674595578
0.0085,-0.0098,-4.435686499272917,0.0017198470861857062,0.00012420469565285327
0.0086,-0.0098,-4.438420458236952,0.0015944239120376973,0.0001459761375813637
0.0087,-0.0098,-4.441964392302012,0.0014632745203716699,0.00018217947722453024
0.0088,-0.0098,-4.440448872003683,0.0013163368619714207,0.0001732267293243744
0.0089,-0.0098,-4.443333127495033,0.0011887928226785895,0.00017924486014776918
0.009,-0.0098,-4.443397329434366,0.0010346843004417604,0.0001878139235134858
0.0091,-0.0098,-4.443876994956777,0.0008889539515054527,0.00018745335147904424
0.0092,-0.0098,-4.444547088188567,0.0007448903052792765,0.00018204590097583643
0.0093,-0.0098,-4.44489619401773,0.0006014466020904243,0.00017328941163441327
0.0094,-0.0098,-4.4445657552033095,0.0004538468480334408,0.0001612762188523693
0.0095,-0.0098,-4.444786932203951,0.00033534613964435043,0.00014567342477913922
0.0096,-0.0098,-4.444816680864769,0.00021732655827436874,0.00012182318685431181
0.0097,-0.0098,-4.444083139194978,0.00012586222420061098,9.414669041858938e-05
0.0098,-0.0098,-4.443819443478205,6.0852276196101166e-05,6.0297856919396595e-05
0.0099,-0.0098,-4.443817740896677,1.9664122868557495e-05,2.5482351895795893e-05
0.01,-0.0098,-4.443104913910766,0.0,0.0
0.0,-0.0097,-4.318090131508334,0.0,0.0
0.0001,-0.0097,-4.318200248982038,1.4930328334375392e-05,-3.430553951541388e-05
0.0002,-0.0097,-4.317056189963223,3.896557871882118e-05,-9.050915556225977e-05
0.0003,-0.0097,-4.317881266422116,0.00011909485505813929,-0.00013378283397261833
0.0004,-0.0097,-4.317124143221778,0.00014814355864799884,-0.00011454435886959876
0.0005,-0.0097,-4.315592675796346,0.0002045408830339315,-0.00010912166658249131
0.0006,-0.0097,-4.318174422139676,0.00038317140202542746,-0.00010631452690627321
0.0007,-0.0097,-4.3191694259043425,0.00029392895537779174,-0.00010345136482613569
0.0008,-0.0097,-4.316434552677559,0.0003609388197595807,-5.818151948663467e-05
0.0009,-0.0097,-4.320395717827215,0.00029305704671224453,-3.336077588792545e-05
0.001,-0.0097,-4.320416517161926,0.0003432867591172555,-3.4626873140722684e-05
0.0011,-0.0097,-4.320866172571368,0.0003817348723119027,-1.2450985034237296e-05
0.0012,-0.0097,-4.320272494314815,0.0003768822779965401,8.668604135503636e-05
0.0013000000000000002,-0.0097,-4.3237751704708325,0.00030785223311708223,7.004575191581727e-05
0.0014,-0.0097,-4.3247933994775,0.0002009767904050222,8.446967575571272e-05
0.0015,-0.0097,-4.325138481050413,0.00011930849113428013,9.354112459859046e-05
0.0016,-0.0097,-4.328129325044026,5.944277071815649e-05,0.00016725855345248945
0.0017,-0.0097,-4.32847133426277,-5.0110832864674627e-05,0.0001721594917046407
0.0018,-0.0097,-4.328661163110259,-0.00016979517499798803,0.00020907135276329236
0.0019,-0.0097,-4.331165565889923,-0.0003623662024378144,0.0002340555021548225
0.002,-0.0097,-4.333428278619102,-0.0005088416707881262,0.0002747990140855544
0.0021,-0.0097,-4.33507516702265,-0.0007087759585314669,0.00027735972934533713
0.0022,-0.0097,-4.337253802922009,-0.0009050507595935258,0.00030372104656443315
0.0023,-0.0097,-4.339130746498897,-0.0011421890037422472,0.00035579632771814556
0.0024,-0.0097,-4.341771939187896,-0.0013944150054653669,0.0004008092135089081
0.0025,-0.0097,-4.342888634231119,-0.0016818054524240325,0.0004321751881296125
0.0026000000000000003,-0.0097,-4.346164392931929,-0.0019751350889360415,0.00047368708902952966
0.0027,-0.0097,-4.348280202290134,-0.0022870673031205645,0.0005121521994437449
0.0028,-0.0097,-4.352824267246333,-0.0026239625972177233,0.0005558666672468429
0.0029,-0.0097,-4.355587890746186,-0.0029909421862326087,0.0005846134626575049
0.003,-0.0097,-4.35946561709576,-0.003368436934028921,0.0006342111212020033
0.0031,-0.0097,-4.360027049121831,-0.003801854738926082,0.0006457599667502964
0.0032,-0.0097,-4.364617606508057,-0.0042277771284436735,0.0007027962198075529
0.0033000000000000004,-0.0097,-4.366968248035343,-0.0045579896166496915,0.0006995734993445805
0.0034,-0.0097,-4.368952973929993,-0.0050973869840256585,0.0007347999130405318
0.0034999999999999996,-0.0097,-4.372057472632711,-0.005481776879848745,0.0007597304249938703
0.0036,-0.0097,-4.375661666810069,-0.005959669134728403,0.0007697929512929695
0.0037,-0.0097,-4.3786658769292055,-0.0064079096725310055,0.0007287264285582529
0.0038,-0.0097,-4.380655269356112,-0.006800098333482392,0.000798960005647849
0.0039,-0.0097,-4.384052949395792,-0.007177837565180568,0.0007212559570540188
0.004,-0.0097,-4.385081614054551,-0.007749324844595196,0.0007235955844504755
0.0041,-0.0097,-4.386609673587626,-0.007943249733176184,0.0006743453834094258
0.0042,-0.0097,-4.388025731449065,-0.008445487024795549,0.0006027048810533671
0.0043,-0.0097,-4.388760649937029,-0.009042267218660456,0.0005536043564808796
0.0044,-0.0097,-4.390184203491188,-0.008901913341452183,0.00053498980812191
0.0045,-0.0097,-4.388953483591878,-0.009179877153473565,0.00045489680240901265
0.0046,-0.0097,-4.388504936693941,-0.009618051990240748,0.000399225126082365
0.0047,-0.0097,-4.387740306240598,-0.00970082579473808,0.00032583577097594076
0.0048,-0.0097,-4.386874239919255,-0.009885003266352395,0.00022614668288583012
0.0049,-0.0097,-4.385349211702384,-0.010037325166950587,0.00012463462653687648
0.005,-0.0097,-4.384203517349019,-0.00998297009011272,3.152407240918289e-05
0.0051,-0.0097,-4.38133937151412,-0.010065454377366124,-7.336605117790752e-05
0.005200000000000001,-0.0097,-4.379326899689615,-0.009761336298242405,-0.00017375804495356942
0.0053,-0.0097,-4.37574360322369,-0.00971635820989692,-0.00030119548735521644
0.0054,-0.0097,-4.3721320728151145,-0.00940267947242349,-0.00039230681536801034
0.0055,-0.0097,-4.370183094687296,-0.009119503269139498,-0.00047344699133436673
0.0056,-0.0097,-4.365440268132867,-0.008711302142440166,-0.0005834921012898689
0.005700000000000001,-0.0097,-4.3645638188667135,-0.008243431064253478,-0.00070851257976703
0.0058,-0.0097,-4.3609206494861485,-0.00798874883863319,-0.0008214383985234175
0.0059,-0.0097,-4.357621147797182,-0.007537709937825824,-0.0008737377148491517
0.006,-0.0097,-4.355528821506325,-0.0070163547154507375,-0.0009215471545654367
0.0061,-0.0097,-4.3532478628441735,-0.006389795644133248,-0.0010037334203464327
0.0062,-0.0097,-4.354848521981336,-0.005897749394222471,-0.0010065677027554132
0.0063,-0.0097,-4.3528566138821345,-0.005267282809603522,-0.0010887402152220693
0.0064,-0.0097,-4.3527450010243145,-0.004628508117568263,-0.0011547408477825209
0.006499999999999999,-0.0097,-4.354282272699678,-0.0040325810778864225,-0.001114634184304013
0.006600000000000001,-0.0097,-4.3563950273372605,-0.00341001524203915,-0.0011096100269373126
0.0067,-0.0097,-4.357512809825095,-0.0027621784888517357,-0.0010926615135656585
0.0068,-0.0097,-4.361835096173567,-0.002129233481409948,-0.0010970323786029927
0.0069,-0.0097,-4.365354567335901,-0.0016267478028667876,-0.0010418431625939225
0.006999999999999999,-0.0097,-4.369748435054179,-0.0010038768225141845,-0.0009776793523107398
0.007100000000000001,-0.0097,-4.374261845154959,-0.0004900187304925197,-0.0008646461408339187
0.0072,-0.0097,-4.379222916445233,0.00010226320971939932,-0.0008005648470360781
0.0073,-0.0097,-4.384270783320141,0.0005920687210273208,-0.0007265744977024301
0.0074,-0.0097,-4.388823040308178,0.0009497701449389138,-0.0006549745726958733
0.0075,-0.0097,-4.394163644738245,0.0012029353713825402,-0.0005554965924247255
0.0076,-0.0097,-4.398691179671851,0.0014982860248281802,-0.0004172476303487281
0.0077,-0.0097,-4.4047778427596125,0.0018102198994062854,-0.00032612449202091306
0.0078,-0.0097,-4.409186679066662,0.002028803273362837,-0.0002484106580115547
0.0079,-0.0097,-4.412434129789591,0.0022121100576598107,-0.00012192864288582601
0.008,-0.0097,-4.419463155248929,0.0023556862548817937,-4.434543569675771e-05
0.0081,-0.0097,-4.422523994458838,0.0022635207223451483,-2.392325563190694e-05
0.0082,-0.0097,-4.427476797608085,0.0023554929685234323,8.608294707753671e-05
0.0083,-0.0097,-4.430321296692528,0.002339288815583129,8.099922151928652e-05
0.0084,-0.0097,-4.433487956360339,0.0022815638857005085,0.00016475519916780954
0.0085,-0.0097,-4.433407799020396,0.0021947029807038105,0.00024390715197139597
0.0086,-0.0097,-4.438309798007245,0.002074164498422916,0.00033042577732706184
0.0087,-0.0097,-4.440563617847177,0.001888537485561671,0.0003246818972371543
0.0088,-0.0097,-4.439481192688219,0.0017559003736239516,0.00032869008014731237
0.0089,-0.0097,-4.44388774610818,0.0015924664899667953,0.00034320921071986124
0.009,-0.0097,-4.442294762240296,0.001389057947767116,0.0003603613622626062
0.0091,-0.0097,-4.443351543116671,0.0011881697595610159,0.00035465912106403554
0.0092,-0.0097,-4.4439513796628365,0.0010141165042608597,0.0003491001618156904
0.0093,-0.0097,-4.443770421753735,0.000819099187113881,0.00033641574605043634
0.0094,-0.0097,-4.444021625976087,0.0006429209829304576,0.00031289706820102466
0.0095,-0.0097,-4.443977349721954,0.0004754672071678498,0.0002833276528858856
0.0096,-0.0097,-4.4439020090673225,0.0003227053060043064,0.00024209822225274705
0.0097,-0.0097,-4.44370519216808,0.00018980885410175907,0.00019084947221692853
0.0098,-0.0097,-4.44335562288479,9.779199757585733e-05,0.00012779090683521537
0.0099,-0.0097,-4.443736806079657,3.2465598229728994e-05,5.8451804660069126e-05
0.01,-0.0097,-4.443577641192611,0.0,0.0
0.0,-0.0096,-4.318634964252109,0.0,0.0
0.0001,-0.0096,-4.319877957592503,1.2145020313671763e-05,-7.06891549496912e-05
0.0002,-0.0096,-4.318334577031037,5.186790744967396e-05,-0.00014736778328404627
0.0003,-0.0096,-4.317862942986959,0.00013289608685844226,-0.00018691784161224323
0.0004,-0.0096,-4.317266860311549,0.00018780385414475097,-0.00020376274509351975
0.0005,-0.0096,-4.317925151754314,0.00023677788774220294,-0.00015644992739106864
0.0006,-0.0096,-4.319756774514833,0.0003073149895763125,-0.00017017129340202175
0.0007,-0.0096,-4.320640371125702,0.00034525870518754885,-0.00014405640104038045
0.0008,-0.0096,-4.316984587376946,0.00037519804870468745,-0.00010594848766197936
0.0009,-0.0096,-4.319265286516307,0.00030727283518167185,-3.580321729185706e-05
0.001,-0.0096,-4.319704283982475,0.00033691124453766487,2.8189319114831017e-05
0.0011,-0.0096,-4.321444238438474,0.0003238644120840653,4.7795255889529346e-05
0.0012,-0.0096,-4.322088902510668,0.00023877647557232371,0.0001322771896943846
0.0013000000000000002,-0.0096,-4.322556598201203,0.0001746764336154806,0.0001426730752516574
0.0014,-0.0096,-4.323535206211127,9.241975963622355e-05,0.00017252342058708122
0.0015,-0.0096,-4.325282784965005,-5.78857475259929e-05,0.00021152620822535283
0.0016,-0.0096,-4.3262816632895795,-0.0002189218165487828,0.00025681990825057814
0.0017,-0.0096,-4.326827873484842,-0.00037773824726134055,0.0003124695838152642
0.0018,-0.0096,-4.329657128518665,-0.000557605239983461,0.0003985313467654729
0.0019,-0.0096,-4.331001009613261,-0.0007513871841591565,0.00042350714937799884
0.002,-0.0096,-4.332507646471799,-0.0010239619800097696,0.0004956785606002147
0.0021,-0.0096,-4.3338616117798345,-0.0012886031111643305,0.0005280493011778221
0.0022,-0.0096,-4.337125699519752,-0.0015529660755512144,0.000592194087299523
0.0023,-0.0096,-4.338953467209768,-0.0018845029459501222,0.0006552368586832632
0.0024,-0.0096,-4.340875324081598,-0.002234185464681155,0.0007118449461622272
0.0025,-0.0096,-4.343621485833342,-0.0026223774748426174,0.000768453363111027
0.0026000000000000003,-0.0096,-4.344188099318228,-0.003028514090789374,0.00085311372537587
0.0027,-0.0096,-4.347628860452562,-0.0034410499894418343,0.0009069108952531147
0.0028,-0.0096,-4.352023867711773,-0.003950728806574112,0.000972961084198427
0.0029,-0.0096,-4.354317261905121,-0.004415110868627327,0.0010145257118941776
0.003,-0.0096,-4.357013619468429,-0.004904247755742619,0.0010519704048630432
0.0031,-0.0096,-4.358978702032231,-0.005411924877814464,0.0011007590346490015
0.0032,-0.0096,-4.364229042988298,-0.006058080688464803,0.001202583112029954
0.0033000000000000004,-0.0096,-4.3667176782935195,-0.0064514540078967515,0.0011847612059980555
0.0034,-0.0096,-4.370551865159652,-0.007090636456472623,0.0012030378263500913
0.0034999999999999996,-0.0096,-4.373400160884569,-0.007648152554051078,0.0012497309048861754
0.0036,-0.0096,-4.3754679568680235,-0.008105437872535991,0.0012860398087861007
0.0037,-0.0096,-4.378716500186854,-0.008825605564210031,0.0012579094056037788
0.0038,-0.0096,-4.381711960787391,-0.009225000373197834,0.0012294911866411575
0.0039,-0.0096,-4.383065443924091,-0.009529412516324942,0.0011242985375192432
0.004,-0.0096,-4.385893041636046,-0.010459357803814667,0.0011763215054262145
0.0041,-0.0096,-4.388246248381762,-0.010596296622390559,0.001102509952052539
0.0042,-0.0096,-4.389172352352676,-0.011160944244238795,0.0010233578165657377
0.0043,-0.0096,-4.390214994731562,-0.011531057735890035,0.0009226560811150808
0.0044,-0.0096,-4.390413239272306,-0.011990468440203192,0.0008041548962885967
0.0045,-0.0096,-4.390264241371998,-0.012011513204592712,0.0007266520630022155
0.0046,-0.0096,-4.390017961085543,-0.012461924536798525,0.0006054203788688922
0.0047,-0.0096,-4.389696716608044,-0.01266041850048353,0.0004536104649098493
0.0048,-0.0096,-4.388242880755129,-0.012841997168355655,0.0003187620447781562
0.0049,-0.0096,-4.388031124875505,-0.012554386126407763,0.0001628589730114843
0.005,-0.0096,-4.384283813277756,-0.012465067569155051,-1.979238101459328e-06
0.0051,-0.0096,-4.383232049594863,-0.01258476933128552,-0.0001672764795610262
0.005200000000000001,-0.0096,-4.380410856312746,-0.012552997119905993,-0.0003340019324277088
0.0053,-0.0096,-4.37802045426247,-0.012141757855487045,-0.0005153593091913637
0.0054,-0.0096,-4.374636646818581,-0.011968582918164508,-0.000679026122546232
0.0055,-0.0096,-4.370631910624819,-0.011713776424572385,-0.0008478339310749334
0.0056,-0.0096,-4.367766719686141,-0.011299762605618349,-0.0010215010687588042
0.005700000000000001,-0.0096,-4.364064839973586,-0.010657097000539904,-0.0011437099685351279
0.0058,-0.0096,-4.36197236739172,-0.010403113723544468,-0.0013039698905862843
0.0059,-0.0096,-4.3593919273520205,-0.009716018666356997,-0.0014490150832100824
0.006,-0.0096,-4.358190457803096,-0.009175528660815927,-0.0015668857191819489
0.0061,-0.0096,-4.357029965340348,-0.008593348284451702,-0.001656785006913799
0.0062,-0.0096,-4.355216368926159,-0.007798930317594351,-0.0017157329127756304
0.0063,-0.0096,-4.353860615475151,-0.007085986568978797,-0.0016716266848452494
0.0064,-0.0096,-4.3552745644249375,-0.006473210519609156,-0.0018378121863170513
0.006499999999999999,-0.0096,-4.358031268177912,-0.0056801986983764765,-0.0018440980563669
0.006600000000000001,-0.0096,-4.359074760251373,-0.004870309016312144,-0.0018750076084203913
0.0067,-0.0096,-4.360426607631845,-0.004116806268167957,-0.0017949486149943757
0.0068,-0.0096,-4.363607093769405,-0.003372737454075968,-0.0017393026438421396
0.0069,-0.0096,-4.367207949549021,-0.0026648501480372347,-0.0016887752345572241
0.006999999999999999,-0.0096,-4.371342984647026,-0.0019975868628715524,-0.001551908388745687
0.007100000000000001,-0.0096,-4.375589967616569,-0.0012803947191843126,-0.0014350544816453294
0.0072,-0.0096,-4.3804287562585325,-0.000728059994992737,-0.0013531703564927495
0.0073,-0.0096,-4.3850424606755904,-0.00014912029252426694,-0.001239287269988875
0.0074,-0.0096,-4.390594957668628,0.00042222752206305794,-0.001086292168477229
0.0075,-0.0096,-4.394627107444204,0.0009016885224567508,-0.0009674543353565276
0.0076,-0.0096,-4.399771720790539,0.001390618188023757,-0.0007564262375479758
0.0077,-0.0096,-4.405758940975352,0.001631233588618938,-0.0006041621056048871
0.0078,-0.0096,-4.409277599057865,0.0019601095596578967,-0.0004482407158384513
0.0079,-0.0096,-4.413400122282362,0.0022029966972117814,-0.00027853776257095303
0.008,-0.0096,-4.419429622017067,0.002387494492640571,-0.0001968809444328386
0.0081,-0.0096,-4.423946893470764,0.0024954250833776215,-4.328155672103692e-05
0.0082,-0.0096,-4.428536205305266,0.002461418743338411,3.316356238856015e-05
0.0083,-0.0096,-4.427113221989071,0.002481783630143242,0.00012874850818328493
0.0084,-0.0096,-4.431379982670582,0.0026201779308009897,0.0002960877793017325
0.0085,-0.0096,-4.433839367346411,0.0023914749906887196,0.0004266930882614447
0.0086,-0.0096,-4.433504519592498,0.0023587055498878705,0.00042044748122929687
0.0087,-0.0096,-4.441467753747139,0.0022258121011158607,0.0004178521375361813
0.0088,-0.0096,-4.439705230638919,0.002012208067825708,0.0005219054178662059
0.0089,-0.0096,-4.439671490652823,0.0018777370972870328,0.000541095233093718
0.009,-0.0096,-4.443098016236056,0.0016397292115612233,0.0005615552687335782
0.0091,-0.0096,-4.443113153423958,0.0014047073209694496,0.0005570396191610918
0.0092,-0.0096,-4.443558990960533,0.0012125882023471704,0.000550617942418437
0.0093,-0.0096,-4.44382452981485,0.0009810083537270095,0.0005381333907450953
0.0094,-0.0096,-4.4435396388664365,0.0007858112086416236,0.0005101977993959086
0.0095,-0.0096,-4.443685359511989,0.00058284415260232,0.0004684240992471981
0.0096,-0.0096,-4.443243065703683,0.00040145018529498343,0.0004042605327743046
0.0097,-0.0096,-4.443689762844639,0.0002456218392622057,0.000322451835315716
0.0098,-0.0096,-4.442942097425397,0.00012885172098046164,0.00021729784160563447
0.0099,-0.0096,-4.442914517509795,4.35325937362872e-05,0.00011040700487052543
0.01,-0.0096,-4.4427260585332755,0.0,0.0
0.0,-0.0095,-4.317332075929884,0.0,0.0
0.0001,-0.0095,-4.3181173734259195,-2.2204182289481337e-05,-8.300871188339135e-05
0.0002,-0.0095,-4.31602664353831,5.953057709861098e-05,-0.00013899817410940713
0.0003,-0.0095,-4.3170296891638165,0.00012160847436871077,-8.318483837921548e-05
0.0004,-0.0095,-4.316652741102128,0.0001820852366894455,-0.00015736298568626807
0.0005,-0.0095,-4.320446499778021,0.00023477056473760545,-0.00020502543465253026
0.0006,-0.0095,-4.319200753067603,0.00025258513804404077,-0.0002095804896266189
0.0007,-0.0095,-4.317399756150669,0.0002513807207127039,-0.00016564106831591316
0.0008,-0.0095,-4.317370322589282,0.00020691141699870266,-0.00012262663762600245
0.0009,-0.0095,-4.319125640872567,0.00026224111781744934,-2.226064039045786e-05
0.001,-0.0095,-4.320400083820734,0.00023288147400104726,3.8925571057247494e-05
0.0011,-0.0095,-4.3215162262803855,0.00015712319971196344,0.00011283615725485394
0.0012,-0.0095,-4.321928641724663,7.077031583430103e-05,0.00020327203527313424
0.0013000000000000002,-0.0095,-4.323090285813606,-2.478015056613832e-05,0.00025449081958699
0.0014,-0.0095,-4.3230495059258915,-0.00017846150039628602,0.0003000718282473603
0.0015,-0.0095,-4.3258961437950765,-0.0003106323151908817,0.00037718201709492616
0.0016,-0.0095,-4.3269285538793065,-0.0005653915636295316,0.00045314023920611427
0.0017,-0.0095,-4.328253710990861,-0.000780269692147486,0.0005403999797305515
0.0018,-0.0095,-4.327990630602727,-0.0010415757639948206,0.0006178794604652722
0.0019,-0.0095,-4.330287893070403,-0.0013098035480391054,0.0006889422790511829
0.002,-0.0095,-4.3314528783598,-0.0016297545100667978,0.0007715663179427006
0.0021,-0.0095,-4.334157318447851,-0.0020028046898328865,0.0008636074185657312
0.0022,-0.0095,-4.335873029226205,-0.0023817708531599074,0.0009468455218153437
0.0023,-0.0095,-4.337727167484941,-0.002787759189707049,0.0010312350218492853
0.0024,-0.0095,-4.339677412076009,-0.003256448017265129,0.0011303677106199981
0.0025,-0.0095,-4.343589570566623,-0.0037431827214108497,0.0012054329715109502
0.0026000000000000003,-0.0095,-4.345148210680115,-0.004211950212836661,0.0013105956560389438
0.0027,-0.0095,-4.347507360262562,-0.004787073756401379,0.0014105552935147715
0.0028,-0.0095,-4.350598674240189,-0.0053895116442033925,0.00146812278476994
0.0029,-0.0095,-4.35337215979939,-0.005952006555524351,0.0015290842736117502
0.003,-0.0095,-4.357452730372127,-0.0066304716394901715,0.0016277595119262714
0.0031,-0.0095,-4.36042368272699,-0.007200455595177978,0.0016975674071908903
0.0032,-0.0095,-4.363323115946909,-0.00794235545841977,0.0017850212977917437
0.0033000000000000004,-0.0095,-4.367458025830264,-0.00849594335221277,0.0018551706791088314
0.0034,-0.0095,-4.370380034502595,-0.009075766818229084,0.0018475367975578636
0.0034999999999999996,-0.0095,-4.372844910569008,-0.009794682150672099,0.0018824246993896622
0.0036,-0.0095,-4.376142677741274,-0.010396873110969158,0.0018689861669610596
0.0037,-0.0095,-4.378447152341771,-0.011198273157070678,0.0018026167314007864
0.0038,-0.0095,-4.382676062648223,-0.0119136353928041,0.0017339984623428663
0.0039,-0.0095,-4.384332358907907,-0.012203755925687025,0.0017165900745951845
0.004,-0.0095,-4.38754788060454,-0.012569185062903854,0.0016647092069860135
0.0041,-0.0095,-4.389325218416751,-0.013077526006450702,0.0015868034437211986
0.0042,-0.0095,-4.390490140465385,-0.013559052437712986,0.0014747439109359106
0.0043,-0.0095,-4.3917273468687394,-0.014107589016073195,0.0013394917786457225
0.0044,-0.0095,-4.392806810483801,-0.014566397562058526,0.0011446609995702042
0.0045,-0.0095,-4.393324893187851,-0.01501937649948914,0.0009873932952899533
0.0046,-0.0095,-4.393151997909863,-0.015075115954250576,0.0007963621160700818
0.0047,-0.0095,-4.392415387869519,-0.015293428491476078,0.000593538676031314
0.0048,-0.0095,-4.392114353454359,-0.01575319858814552,0.00038648920765466826
0.0049,-0.0095,-4.390591326197099,-0.015770762089672697,0.00017252875840630504
0.005,-0.0095,-4.388645220165335,-0.01540833808841457,-5.701272011945009e-05
0.0051,-0.0095,-4.386062620123766,-0.015467472735923414,-0.0003000944292323043
0.005200000000000001,-0.0095,-4.383526143960446,-0.01529962930329924,-0.0005162012271102081
0.0053,-0.0095,-4.3813083159190365,-0.015026798582150433,-0.0007778236546193166
0.0054,-0.0095,-4.377472323725511,-0.014650099221930397,-0.001023387884028791
0.0055,-0.0095,-4.374295561192941,-0.014058538268507035,-0.0012101330877627254
0.0056,-0.0095,-4.371697763011352,-0.013488095611674845,-0.0014901963221811464
0.005700000000000001,-0.0095,-4.369007655298155,-0.013238871112244513,-0.001667276532539192
0.0058,-0.0095,-4.367155079668344,-0.012309406619387937,-0.0018801697135738442
0.0059,-0.0095,-4.364294819006413,-0.012031848480830007,-0.0019722152556204777
0.006,-0.0095,-4.36114844166581,-0.011296410435123966,-0.0021998535137923423
0.0061,-0.0095,-4.357948400223872,-0.010507137926011224,-0.002356189376658019
0.0062,-0.0095,-4.35781697907385,-0.009795433282881447,-0.0024187311701014897
0.0063,-0.0095,-4.357255893197962,-0.008997782317901753,-0.002550635067811148
0.0064,-0.0095,-4.357731108512403,-0.0082267996560145,-0.00261562663558223
0.006499999999999999,-0.0095,-4.357914213701065,-0.0073157787378148285,-0.0026454348534727928
0.006600000000000001,-0.0095,-4.360212438568898,-0.006475297578082776,-0.002619359175745659
0.0067,-0.0095,-4.362053224896593,-0.0056552176029139875,-0.0025421514815001816
0.0068,-0.0095,-4.365677546044303,-0.004830638725252145,-0.002604545893553276
0.0069,-0.0095,-4.3684078723748065,-0.003911742639925768,-0.0024340790671297232
0.006999999999999999,-0.0095,-4.37134236376278,-0.003166295070329014,-0.0023075855142615956
0.007100000000000001,-0.0095,-4.377359394857765,-0.002366073967583313,-0.002193218153266874
0.0072,-0.0095,-4.3812814688967245,-0.0017376966765269026,-0.0020015640570002972
0.0073,-0.0095,-4.387063475779085,-0.001004477838061408,-0.0018197435127357182
0.0074,-0.0095,-4.391943433346459,-0.00037134008341278325,-0.0016228227923990202
0.0075,-0.0095,-4.396574866227351,0.0001984155544766088,-0.001429285243939142
0.0076,-0.0095,-4.401582360649133,0.0006924502108870837,-0.0012125570549728838
0.0077,-0.0095,-4.406740722982209,0.0012016876829729836,-0.0009935568954820221
0.0078,-0.0095,-4.411471253928722,0.0015840827897994722,-0.0007447867537757453
0.0079,-0.0095,-4.416498117941242,0.0019166044305259458,-0.0005675078959002409
0.008,-0.0095,-4.420169238511502,0.0021886771302400505,-0.0003362067280001477
0.0081,-0.0095,-4.423098698589125,0.002358125375793089,-0.00020720173345280192
0.0082,-0.0095,-4.42836260281777,0.002492464397551264,-2.1404138552651598e-05
0.0083,-0.0095,-4.430304203565647,0.0023781809357358422,0.0001902820103905717
0.0084,-0.0095,-4.431845006809308,0.002692688937352734,0.0003187512974857517
0.0085,-0.0095,-4.4350392976368544,0.0024916175880856776,0.0004424695289249597
0.0086,-0.0095,-4.4344902133519035,0.002495846280620432,0.0004932040101877152
0.0087,-0.0095,-4.441188052635151,0.0024475087131970263,0.0006135493470996316
0.0088,-0.0095,-4.445081816874017,0.0021999512965217094,0.000733241623877496
0.0089,-0.0095,-4.4415906413043285,0.0019458741759932133,0.0007442971914007322
0.009,-0.0095,-4.442320118282092,0.001766128836620698,0.0007447465368669521
0.0091,-0.0095,-4.441837295172441,0.0015436322950990258,0.000757438768328574
0.0092,-0.0095,-4.4428574459468955,0.0013556973741021946,0.0007770998288486183
0.0093,-0.0095,-4.443648159208894,0.0011138135460460599,0.0007634732794252738
0.0094,-0.0095,-4.444132623148683,0.000881418425045023,0.0007248364926036181
0.0095,-0.0095,-4.444378873792834,0.0006517803720265758,0.0006582397589701028
0.0096,-0.0095,-4.444131043532927,0.00046076350090813674,0.0005761268917804467
0.0097,-0.0095,-4.443753935751605,0.0002846441443377112,0.0004738352646621612
0.0098,-0.0095,-4.442906954390836,0.00014928924533700512,0.0003294999003800427
0.0099,-0.0095,-4.44227462191257,5.228607287117638e-05,0.00017853077892258272
0.01,-0.0095,-4.442285171584074,0.0,0.0
0.0,-0.0094,-4.318703917810982,0.0,0.0
0.0001,-0.0094,-4.319973700072544,1.8244646903351469e-06,-8.45189908266156e-05
0.0002,-0.0094,-4.318699029331671,5.292978365462886e-05,-0.00016807283701544067
0.0003,-0.0094,-4.322168725402118,8.806701233544557e-05,-0.00021558359502572039
0.0004,-0.0094,-4.319464586392403,0.00011155803153723396,-0.00016731984380449023
0.0005,-0.0094,-4.318684813354086,0.00019198899245769803,-0.0002564174163331155
0.0006,-0.0094,-4.3187337351479504,0.000215376637592472,-0.00020624117046376102
0.0007,-0.0094,-4.318221942879926,0.00021588419213234037,-0.00014864756765425006
0.0008,-0.0094,-4.320354775670035,0.00019397360046386725,-6.63727253291438e-05
0.0009,-0.0094,-4.319427876301758,0.0001517224998141678,1.5122893887416722e-05
0.001,-0.0094,-4.319956383891787,8.218503004536921e-05,0.0001160346645248295
0.0011,-0.0094,-4.320478935881934,-1.829754749356604e-05,0.0002092805032521857
0.0012,-0.0094,-4.3209777084367795,-0.00015586587748125686,0.00031753753242280686
0.0013000000000000002,-0.0094,-4.322007382950335,-0.0003007452731482903,0.00040486197683158346
0.0014,-0.0094,-4.322843196226084,-0.0005300804638250931,0.0004947190771979807
0.0015,-0.0094,-4.324071092171099,-0.0007304795151253098,0.0005960013497170827
0.0016,-0.0094,-4.325490232953902,-0.0010077872698360938,0.0007023469964661063
0.0017,-0.0094,-4.327447910612158,-0.0013191074612363927,0.0008211408892583035
0.0018,-0.0094,-4.328262490728861,-0.0016091132790648174,0.0009263868556817251
0.0019,-0.0094,-4.33008597892918,-0.001978807015514907,0.0010324845132184388
0.002,-0.0094,-4.331913382744692,-0.0023942431495009415,0.0011516593098930279
0.0021,-0.0094,-4.334424352520514,-0.002827443328229844,0.0012668246535691976
0.0022,-0.0094,-4.335857900160411,-0.0033106225965877146,0.001401023731233058
0.0023,-0.0094,-4.336493924600321,-0.0038479766700062605,0.0015366835008658844
0.0024,-0.0094,-4.339591701055116,-0.004381250201436403,0.0016641622878904028
0.0025,-0.0094,-4.343124241141987,-0.005000205106338754,0.0018260262815644518
0.0026000000000000003,-0.0094,-4.345801551119091,-0.005619158051804117,0.0018987841526327248
0.0027,-0.0094,-4.347648901146072,-0.006323124948450654,0.0019574926533408895
0.0028,-0.0094,-4.349972709690561,-0.006876192107673339,0.0020783192050828625
0.0029,-0.0094,-4.354668690774078,-0.007608762564812733,0.0021773768698266113
0.003,-0.0094,-4.356286274703846,-0.0083879883173481,0.002337797105472077
0.0031,-0.0094,-4.360751565059327,-0.009108751653236791,0.002428750327357629
0.0032,-0.0094,-4.363655361192454,-0.009782021916572861,0.00248929909399541
0.0033000000000000004,-0.0094,-4.36675807761611,-0.010762339543898453,0.0025075284201743295
0.0034,-0.0094,-4.370850882678886,-0.011545385497438538,0.0024592688451851503
0.0034999999999999996,-0.0094,-4.373944906322158,-0.011873025123615925,0.0024969568120716628
0.0036,-0.0094,-4.3781138938540325,-0.01300607553462762,0.002466882193476001
0.0037,-0.0094,-4.381515860332394,-0.013533444219072297,0.002484090907121885
0.0038,-0.0094,-4.384760111245199,-0.014078095908476473,0.002403001779144172
0.0039,-0.0094,-4.3865635573504305,-0.014992422294600335,0.0023474902594776705
0.004,-0.0094,-4.389891660067846,-0.015369618926456495,0.0022313734934175946
0.0041,-0.0094,-4.39198363447514,-0.016174547442749553,0.0020612243330717906
0.0042,-0.0094,-4.393715260947898,-0.016336173842208875,0.0018604781368243618
0.0043,-0.0094,-4.395075158112421,-0.01699095000942044,0.0017166803035829688
0.0044,-0.0094,-4.396538016804809,-0.017413017585186902,0.001472275897054121
0.0045,-0.0094,-4.397154857301414,-0.01753142869425858,0.0012278384347413056
0.0046,-0.0094,-4.397384678781869,-0.01742658086651881,0.001001490741279676
0.0047,-0.0094,-4.397198933837613,-0.018034483604223578,0.0007451751258740355
0.0048,-0.0094,-4.3961751973219645,-0.017947479379918318,0.0004620538767249263
0.0049,-0.0094,-4.394894919378965,-0.018414924157241618,0.00016430325789532177
0.005,-0.0094,-4.393065863321512,-0.018047074843109908,-0.0001329596693256863
0.0051,-0.0094,-4.3910578086049075,-0.01788588127845533,-0.0004562674444037852
0.005200000000000001,-0.0094,-4.388465724099399,-0.017388286447304113,-0.0007302699036469966
0.0053,-0.0094,-4.38585611595912,-0.01739574649170129,-0.001096068828961996
0.0054,-0.0094,-4.382374513646564,-0.01715613170692287,-0.0013864861369553758
0.0055,-0.0094,-4.379698063285474,-0.016362697274020704,-0.0016677880042814557
0.0056,-0.0094,-4.376910696804217,-0.01602826138922787,-0.001904934263545028
0.005700000000000001,-0.0094,-4.372831979470313,-0.015616099229427466,-0.002188112537412951
0.0058,-0.0094,-4.369462180790583,-0.014936120233190714,-0.0025080534247013766
0.0059,-0.0094,-4.3677629799828965,-0.014064843640007521,-0.00274501886562163
0.006,-0.0094,-4.365640474576928,-0.013405446227446353,-0.002919203308061249
0.0061,-0.0094,-4.3628118645368925,-0.012787168935832129,-0.00302106420641659
0.0062,-0.0094,-4.362266160489608,-0.011982397069875682,-0.0032335480164434427
0.0063,-0.0094,-4.36053389441363,-0.011484891807202881,-0.003410390299422952
0.0064,-0.0094,-4.361912941436789,-0.010242543462640322,-0.0036063363751001596
0.006499999999999999,-0.0094,-4.362565736113106,-0.009150078966816768,-0.0034154764482438567
0.006600000000000001,-0.0094,-4.363084765826363,-0.008457097518223279,-0.0035327872316119483
0.0067,-0.0094,-4.3661093637826855,-0.007473732624219198,-0.003422247937545095
0.0068,-0.0094,-4.367499222655336,-0.006483174486472044,-0.0033376496539047097
0.0069,-0.0094,-4.370172841326419,-0.005483181627206137,-0.0033163607340715357
0.006999999999999999,-0.0094,-4.37451019660628,-0.004691198772010321,-0.0031970249853449277
0.007100000000000001,-0.0094,-4.378908225554163,-0.003742738928194607,-0.003040447788811402
0.0072,-0.0094,-4.3834349899121925,-0.003033533368609569,-0.002718931116238239
0.0073,-0.0094,-4.388214390117879,-0.0022126324968835026,-0.0025448426094741494
0.0074,-0.0094,-4.393339765480276,-0.0014124633676566385,-0.002291252233315648
0.0075,-0.0094,-4.398638552830969,-0.0007487596890938801,-0.0020302312480520936
0.0076,-0.0094,-4.402824420138819,-0.0001345509581610443,-0.0017442824956569248
0.0077,-0.0094,-4.4085186924407225,0.00042250346154710144,-0.0014700248400357971
0.0078,-0.0094,-4.4128182911537275,0.0009292826356178206,-0.0012057409335836245
0.0079,-0.0094,-4.417031620273263,0.001344825599855585,-0.0009070640415805343
0.008,-0.0094,-4.421006441876808,0.0017008830119067926,-0.0006634548163710675
0.0081,-0.0094,-4.424318128451273,0.0019497485949291325,-0.0003341741798504072
0.0082,-0.0094,-4.427473808605663,0.0021606372777116844,-0.00014668851910685826
0.0083,-0.0094,-4.431224830201931,0.0023122831258153937,7.208772126491145e-05
0.0084,-0.0094,-4.434310284323289,0.002381435226155695,0.00027439685292521705
0.0085,-0.0094,-4.436472632519505,0.0024512638372322267,0.00043405630466748286
0.0086,-0.0094,-4.439113308261943,0.0024144265744515817,0.0006201377893625061
0.0087,-0.0094,-4.435682911033934,0.0023761115181339804,0.000782858140226007
0.0088,-0.0094,-4.445147071377931,0.00220500727395195,0.0008503933726410518
0.0089,-0.0094,-4.444358482607529,0.0019498739232409936,0.0009340610287718193
0.009,-0.0094,-4.439676648930527,0.0018124292178498449,0.000954060322458069
0.0091,-0.0094,-4.4429038545957384,0.0016383033110507713,0.0010103055989844633
0.0092,-0.0094,-4.443628068566994,0.0014039332448511192,0.0010198248517922048
0.0093,-0.0094,-4.443477829122623,0.001157535823448609,0.0010020969230828329
0.0094,-0.0094,-4.443654919541362,0.0009368397936480058,0.0009451128950931873
0.0095,-0.0094,-4.4440884050376805,0.0007049839175529708,0.0008761906864510685
0.0096,-0.0094,-4.443193894912276,0.0004981224234639871,0.0007757514949595732
0.0097,-0.0094,-4.44347232014775,0.00031193299589529094,0.000630529473908523
0.0098,-0.0094,-4.442725160935086,0.00016066334956070408,0.00045541318784111224
0.0099,-0.0094,-4.44231601964896,5.6932134429004315e-05,0.00024524589687849297
0.01,-0.0094,-4.442179141362226,0.0,0.0
0.0,-0.0093,-4.3192424828916,0.0,0.0
0.0001,-0.0093,-4.3197704917028075,7.348954600458395e-05,-0.00014731055388083984
0.0002,-0.0093,-4.319208184453281,7.019717137790134e-05,-0.0003556532339631965
0.0003,-0.0093,-4.31839943528349,7.126574904038816e-05,-0.0004961899015534256
0.0004,-0.0093,-4.318683965558081,0.0001508009159050553,-0.0004457211066006298
0.0005,-0.0093,-4.318374963874031,8.108027941733099e-05,-0.0002919601933778004
0.0006,-0.0093,-4.318654268491113,0.0001201734093925978,-0.00020969369109754963
0.0007,-0.0093,-4.317511738149455,8.595805642535887e-05,-0.00013243249405960836
0.0008,-0.0093,-4.3185829462577825,3.168909677743878e-05,-2.8485871362483743e-05
0.0009,-0.0093,-4.319553486053892,-3.841526566532609e-06,9.734896364257831e-05
0.001,-0.0093,-4.3191199054984235,-0.00014657752216934886,0.00021291301612324696
0.0011,-0.0093,-4.320158179692345,-0.00028167629775557217,0.00034847570622737356
0.0012,-0.0093,-4.3217560147003535,-0.00047433443364959624,0.00047598664202171354
0.0013000000000000002,-0.0093,-4.321495767772068,-0.0006601926450103975,0.0006068409554579792
0.0014,-0.0093,-4.323115673450746,-0.0009205659130506474,0.0007375703798859261
0.0015,-0.0093,-4.324356442571709,-0.0012209410082814403,0.000876825568152161
0.0016,-0.0093,-4.325461157275447,-0.0015432681359635735,0.0010104497080181815
0.0017,-0.0093,-4.327111071423397,-0.0019114584502409387,0.0011693909337667826
0.0018,-0.0093,-4.328307559398415,-0.002315688277719024,0.0013123894947277917
0.0019,-0.0093,-4.33010575626345,-0.0027544669037287742,0.001455430138992998
0.002,-0.0093,-4.3308687876258976,-0.0032556780001701926,0.0016060879682551468
0.0021,-0.0093,-4.333393221436427,-0.0037827117818652594,0.0017878421205169512
0.0022,-0.0093,-4.334770508954068,-0.004345464409893686,0.0019390535309336595
0.0023,-0.0093,-4.337126325105218,-0.005027295280518257,0.002094614121353576
0.0024,-0.0093,-4.339140237462164,-0.005671472231486939,0.002291838368890849
0.0025,-0.0093,-4.342688840732917,-0.0064205697512966595,0.0024074124225603303
0.0026000000000000003,-0.0093,-4.345123648120228,-0.007013620390837536,0.0025971682620762196
0.0027,-0.0093,-4.348439523916279,-0.007963029107144753,0.0027244037094299248
0.0028,-0.0093,-4.350822658983995,-0.008594022063006685,0.0029015055092543717
0.0029,-0.0093,-4.3543865292392425,-0.009326649733700005,0.00300892001868492
0.003,-0.0093,-4.357790176951579,-0.010315350845900545,0.0030728671687388124
0.0031,-0.0093,-4.361728813930794,-0.011041004630387152,0.003167330197670938
0.0032,-0.0093,-4.365018894301712,-0.011784800574994135,0.003282171517923156
0.0033000000000000004,-0.0093,-4.368535929441993,-0.012501083249537921,0.0032543807890091135
0.0034,-0.0093,-4.373095573156745,-0.01341764523616307,0.0033659088716752766
0.0034999999999999996,-0.0093,-4.376527197076122,-0.014459067575307056,0.0033364151278002306
0.0036,-0.0093,-4.381099559231199,-0.01501686892212863,0.0032950671456404416
0.0037,-0.0093,-4.384373812578823,-0.015680560961963654,0.003161327691838366
0.0038,-0.0093,-4.387217477910835,-0.01680628687275498,0.003060838808548349
0.0039,-0.0093,-4.390905897099363,-0.01707491733381421,0.0028744171730948225
0.004,-0.0093,-4.393804140990469,-0.01797752547608052,0.0026849701884392643
0.0041,-0.0093,-4.3964313838149645,-0.018576903787820086,0.0025392259282587047
0.0042,-0.0093,-4.399005266342799,-0.018733860058856723,0.0023077450246579145
0.0043,-0.0093,-4.400234462891678,-0.019272011563651055,0.0020806028215479117
0.0044,-0.0093,-4.401911526606105,-0.01957463684174576,0.0018747146704247515
0.0045,-0.0093,-4.403174889796328,-0.019859914099572374,0.0015264335603023577
0.0046,-0.0093,-4.403515300704089,-0.020390236426762263,0.0012126667200394522
0.0047,-0.0093,-4.403269978644019,-0.020275171192297367,0.0008579454132351646
0.0048,-0.0093,-4.4030394914421045,-0.020626476853613296,0.0005234244495266569
0.0049,-0.0093,-4.40130655694103,-0.02027082118399049,0.00015264632567952454
0.005,-0.0093,-4.399894729948838,-0.020690310912442018,-0.00022362866108179672
0.0051,-0.0093,-4.398096938693312,-0.020412210324535603,-0.0006024978549138017
0.005200000000000001,-0.0093,-4.3952922556260745,-0.020112394078869156,-0.0010022178574182667
0.0053,-0.0093,-4.3923720858686615,-0.019760766789041314,-0.0013692046374115519
0.0054,-0.0093,-4.389312696455108,-0.019791802041372538,-0.0017474857418480186
0.0055,-0.0093,-4.386400784651223,-0.019047035958949188,-0.0021018873646835136
0.0056,-0.0093,-4.382967733226763,-0.01893753445167559,-0.002459849407277836
0.005700000000000001,-0.0093,-4.379722782722103,-0.01802304490340748,-0.002766073973930678
0.0058,-0.0093,-4.3765472866478285,-0.017624155406559625,-0.0031617718020945187
0.0059,-0.0093,-4.373265971557186,-0.016460022271943427,-0.003455275179401503
0.006,-0.0093,-4.370718272061477,-0.015926720406060135,-0.0036975271279317146
0.0061,-0.0093,-4.3687549132248975,-0.01541387813773732,-0.003918164998691688
0.0062,-0.0093,-4.367531702325982,-0.014064723041199304,-0.004089833131626096
0.0063,-0.0093,-4.366507545653365,-0.013656416304344561,-0.004255736734800233
0.0064,-0.0093,-4.366064272227599,-0.012280495096099263,-0.004447079983553933
0.006499999999999999,-0.0093,-4.3659258616211085,-0.01154651226813634,-0.004563243485244041
0.006600000000000001,-0.0093,-4.366544500386659,-0.010633378162734434,-0.00461707809709818
0.0067,-0.0093,-4.368419719979028,-0.009439388848057218,-0.00433701338648753
0.0068,-0.0093,-4.370446850200121,-0.008284615055467374,-0.004284288575049758
0.0069,-0.0093,-4.373083329296473,-0.007502269653349528,-0.004121898937439044
0.006999999999999999,-0.0093,-4.377906029036986,-0.006413907945969991,-0.004194232124909503
0.007100000000000001,-0.0093,-4.381902473178922,-0.0054873037002168435,-0.0038842035326326937
0.0072,-0.0093,-4.385455521875316,-0.004505720383977325,-0.0036160047449262617
0.0073,-0.0093,-4.390030727341897,-0.0036299106218064684,-0.0033916225565650358
0.0074,-0.0093,-4.39553833990958,-0.0027054158636191567,-0.0031393651877243433
0.0075,-0.0093,-4.4006140559145726,-0.0019432086069022846,-0.0027543811170355134
0.0076,-0.0093,-4.4053256560768626,-0.0012312569737377372,-0.002439732951227102
0.0077,-0.0093,-4.410012579975651,-0.0005612208672476928,-0.0020642964404742887
0.0078,-0.0093,-4.414997098950917,8.222666302746585e-05,-0.0016951159973295578
0.0079,-0.0093,-4.419042636419979,0.0005781099187458303,-0.0013600833304360602
0.008,-0.0093,-4.423107469637772,0.0010243546038320292,-0.0010010624867126093
0.0081,-0.0093,-4.426678758889786,0.001382584357814903,-0.0006876543499319122
0.0082,-0.0093,-4.430098816122593,0.0017058028006406657,-0.0003421303215836092
0.0083,-0.0093,-4.432360279695693,0.001922225451699986,-6.592966471987158e-05
0.0084,-0.0093,-4.435666720406223,0.002084263236673534,0.00023366127910958573
0.0085,-0.0093,-4.438003510128935,0.002187490961813031,0.00041157358063206466
0.0086,-0.0093,-4.439597114693526,0.002176431699552715,0.0006594964327074833
0.0087,-0.0093,-4.438876529295366,0.002176820603723801,0.0008236515691050217
0.0088,-0.0093,-4.442584915137948,0.0020907277845783733,0.0009353345662500313
0.0089,-0.0093,-4.443588653220993,0.0019034608345471255,0.0010577686424802744
0.009,-0.0093,-4.442118232551975,0.0017585801269233159,0.0011775778155832333
0.0091,-0.0093,-4.443877850683959,0.0016156161245168027,0.0012126320774577043
0.0092,-0.0093,-4.44574899563214,0.00139733485382208,0.0012324262309132777
0.0093,-0.0093,-4.4448540082975905,0.0011630525443444163,0.0012271518216700678
0.0094,-0.0093,-4.444036786764585,0.0009471732525280356,0.0011752898758694806
0.0095,-0.0093,-4.444081155517388,0.0007187677560183638,0.0010905151671797488
0.0096,-0.0093,-4.444983124153053,0.0005101646292502438,0.0009668018203404252
0.0097,-0.0093,-4.443997123886842,0.0003187477748405035,0.0008047352159195453
0.0098,-0.0093,-4.443627487940127,0.00016556972270282636,0.0005898822462968834
0.0099,-0.0093,-4.442891329054513,5.8470160537016e-05,0.00031858344399978935
0.01,-0.0093,-4.442925639483493,0.0,0.0
0.0,-0.0092,-4.318748704414932,0.0,0.0
0.0001,-0.0092,-4.318566198043907,1.0179343176430919e-05,-0.00020445933838138461
0.0002,-0.0092,-4.3126804008686275,7.225650543227818e-05,-0.00033077777476237576
0.0003,-0.0092,-4.31336859147722,7.242198786411296e-05,-0.0003992946705584147
0.0004,-0.0092,-4.315627465771885,9.774723212046498e-05,-0.00034741831372875017
0.0005,-0.0092,-4.316372965873275,7.547192316537185e-05,-0.00029791275330562285
0.0006,-0.0092,-4.317059252203702,3.538060130983336e-05,-0.000184673833979377
0.0007,-0.0092,-4.318623468728384,-4.534430054534398e-05,-8.446842196670385e-05
0.0008,-0.0092,-4.318832742517144,-9.426770367317277e-05,4.311041043460556e-05
0.0009,-0.0092,-4.318752501003632,-0.00025546894932930935,0.0002048025862690586
0.001,-0.0092,-4.319406977286353,-0.0003833641507209771,0.00035707039301166224
0.0011,-0.0092,-4.320788530168779,-0.0005805355104211446,0.0005310844915961301
0.0012,-0.0092,-4.319709586676679,-0.0008207756367687876,0.0006967942844453838
0.0013000000000000002,-0.0092,-4.321761524669025,-0.0010487472205358847,0.000867589079201848
0.0014,-0.0092,-4.322537439805704,-0.0014240037746315734,0.001041953100886679
0.0015,-0.0092,-4.324746555501872,-0.001763985450671528,0.0012212067597182016
0.0016,-0.0092,-4.324214233603397,-0.0021673755453350536,0.0014052373904676935
0.0017,-0.0092,-4.326008183199845,-0.0026045387841688583,0.0015967795548928621
0.0018,-0.0092,-4.327881696246175,-0.003099619220869704,0.0017671354235060316
0.0019,-0.0092,-4.330213489184599,-0.003634435273469827,0.001988174108572897
0.002,-0.0092,-4.3312591926201724,-0.004195556079438007,0.0022044984833032868
0.0021,-0.0092,-4.332783612239675,-0.004893312643110154,0.0023763926220993106
0.0022,-0.0092,-4.334740503487547,-0.005508601939633337,0.002606675388889837
0.0023,-0.0092,-4.33655750999987,-0.006333295424932813,0.0027912250115028174
0.0024,-0.0092,-4.339874211295422,-0.006951878244156506,0.003046652613103116
0.0025,-0.0092,-4.342537577181108,-0.007890822900009323,0.003173895974669279
0.0026000000000000003,-0.0092,-4.346495911857962,-0.008438676871885846,0.0034876556688628424
0.0027,-0.0092,-4.34835934362152,-0.009483150020581593,0.0035959262841413404
0.0028,-0.0092,-4.351931282686815,-0.010339148957471954,0.0037487553295381445
0.0029,-0.0092,-4.355177644501152,-0.011207076201049172,0.0037829043297147313
0.003,-0.0092,-4.359169660404668,-0.01227345561861403,0.0040670811533499605
0.0031,-0.0092,-4.363359228388843,-0.013317849817255228,0.004125619973189222
0.0032,-0.0092,-4.367131490402183,-0.014452681496677148,0.004136536489623128
0.0033000000000000004,-0.0092,-4.371921138910007,-0.014828440804548471,0.004109188090554105
0.0034,-0.0092,-4.37584498016766,-0.015541222793185532,0.0040915601928320335
0.0034999999999999996,-0.0092,-4.380281553220465,-0.01636868787605055,0.004125323819107562
0.0036,-0.0092,-4.384469011584561,-0.017418449091556116,0.003969994204643316
0.0037,-0.0092,-4.389074613461983,-0.018077879333553256,0.0039254338327100215
0.0038,-0.0092,-4.39256909789542,-0.019030526499948876,0.003842785566743253
0.0039,-0.0092,-4.396569947600495,-0.01943512527475197,0.003645932708297197
0.004,-0.0092,-4.399502610807271,-0.020313823230136408,0.0032699286345453794
0.0041,-0.0092,-4.402256543185446,-0.020790538582258336,0.0031103384624226343
0.0042,-0.0092,-4.405885230724325,-0.02159638251304012,0.002796996735109307
0.0043,-0.0092,-4.407810321302829,-0.021476667083429414,0.0025012996977626157
0.0044,-0.0092,-4.4102839678915275,-0.022363940217282205,0.0022025156264780734
0.0045,-0.0092,-4.41086897584039,-0.02256024471066824,0.0018237413041064035
0.0046,-0.0092,-4.411530912752661,-0.022401127519419875,0.0014134624502531393
0.0047,-0.0092,-4.411127622719684,-0.02312250044136925,0.0010252242489740425
0.0048,-0.0092,-4.410979202084597,-0.023093339629178075,0.0005844544434224743
0.0049,-0.0092,-4.4100384965627475,-0.02321025081816532,0.00014373382024241904
0.005,-0.0092,-4.409399252326168,-0.02280455922591348,-0.00030858176377547195
0.0051,-0.0092,-4.407177451234162,-0.02264159147840575,-0.000761662371288604
0.005200000000000001,-0.0092,-4.404455089462512,-0.022568585977055664,-0.0012185338631063043
0.0053,-0.0092,-4.401820262685619,-0.02283258110519104,-0.0016552673886635477
0.0054,-0.0092,-4.3987340694084285,-0.021726732802639835,-0.0021414262549868724
0.0055,-0.0092,-4.395011440633696,-0.021718679375831742,-0.002577588586483431
0.0056,-0.0092,-4.39143844462839,-0.020842076454689308,-0.0030227156812593
0.005700000000000001,-0.0092,-4.387985722957035,-0.020592203404265742,-0.0034278066065613916
0.0058,-0.0092,-4.384593848144867,-0.020021316591384293,-0.0038289487654042005
0.0059,-0.0092,-4.381499202736494,-0.01887291274245549,-0.004161190892812478
0.006,-0.0092,-4.378580823518208,-0.01837280379211858,-0.004428615559174681
0.0061,-0.0092,-4.376224777343981,-0.017263729180627213,-0.004948250122130954
0.0062,-0.0092,-4.373844819904902,-0.01664903777142949,-0.005097222499445209
0.0063,-0.0092,-4.372725806978892,-0.015565767843943135,-0.005295790686490665
0.0064,-0.0092,-4.371878858502358,-0.014887060849171553,-0.0053403441183394245
0.006499999999999999,-0.0092,-4.371409905182878,-0.014035734146111985,-0.005418102221652061
0.006600000000000001,-0.0092,-4.372321992164402,-0.012353394963645896,-0.005470430907224537
0.0067,-0.0092,-4.3737345409251525,-0.011486091034313393,-0.005405051883581963
0.0068,-0.0092,-4.375328787649956,-0.010520107727237993,-0.005331628093202987
0.0069,-0.0092,-4.3777321115137795,-0.009527268675497871,-0.0054105336341879785
0.006999999999999999,-0.0092,-4.380675103964866,-0.008395191684876511,-0.005115907851454214
0.007100000000000001,-0.0092,-4.384858063508363,-0.007370371534694634,-0.004957914621476142
0.0072,-0.0092,-4.388692806028534,-0.006300256025266163,-0.0046955994135281865
0.0073,-0.0092,-4.392555615883214,-0.00506536168032366,-0.004348136387020725
0.0074,-0.0092,-4.398145956980771,-0.00411263579062823,-0.003922221575345613
0.0075,-0.0092,-4.402689670271251,-0.0032276209523442374,-0.003599137786666989
0.0076,-0.0092,-4.40691817358284,-0.0024534363089156325,-0.003143189562694638
0.0077,-0.0092,-4.411690934366225,-0.0016466827104942962,-0.0027315326535431988
0.0078,-0.0092,-4.416540276979721,-0.0010475620948526756,-0.0023330903798748194
0.0079,-0.0092,-4.420384212721639,-0.0003586752917664232,-0.0018990417402961113
0.008,-0.0092,-4.4237628208025175,0.00021947350242882563,-0.0014574241938253689
0.0081,-0.0092,-4.427602062162505,0.0006427341979301318,-0.0010593357014638239
0.0082,-0.0092,-4.431596049143851,0.0010623974364253389,-0.0006654896047521809
0.0083,-0.0092,-4.434150368366058,0.001363083155079592,-0.0003079758081172392
0.0084,-0.0092,-4.436848999761711,0.0016101536822475749,3.0097111836158112e-05
0.0085,-0.0092,-4.438162390401718,0.0017635003004477625,0.000314899386562018
0.0086,-0.0092,-4.4406992842222355,0.0018614928315047808,0.0005892315652567801
0.0087,-0.0092,-4.441693657791704,0.0018909551724042573,0.000867171486341746
0.0088,-0.0092,-4.442979588881291,0.0018711493032278093,0.0010707496316890875
0.0089,-0.0092,-4.444296383368711,0.0017832413370917268,0.0011896263888418435
0.009,-0.0092,-4.444460392678557,0.001655965594559266,0.0013237733092802857
0.0091,-0.0092,-4.44400177135061,0.0015086475124774603,0.0013911250946734258
0.0092,-0.0092,-4.445153617306228,0.001325710446014104,0.0014320378441661655
0.0093,-0.0092,-4.444944903022432,0.0011250716779120883,0.0014535081846438912
0.0094,-0.0092,-4.444117320178951,0.0009141330875927071,0.0014039477482664581
0.0095,-0.0092,-4.444146017190227,0.0007044295157222873,0.0013083620642978916
0.0096,-0.0092,-4.444849665468725,0.0005015620760510292,0.0011765826072436642
0.0097,-0.0092,-4.4438809838260305,0.00031497913337110903,0.000982474494573987
0.0098,-0.0092,-4.443475734236129,0.00016359803354450942,0.0007181434552056381
0.0099,-0.0092,-4.443467305730937,5.726051382226134e-05,0.0003998106800999887
0.01,-0.0092,-4.4428575073620875,0.0,0.0
0.0,-0.0091,-4.318212312308891,0.0,0.0
0.0001,-0.0091,-4.318870582371085,-3.0871530268181486e-05,-0.00019495367998425533
0.0002,-0.0091,-4.319063617329062,6.543992142598919e-05,-0.00019874496738667982
0.0003,-0.0091,-4.318265049043449,-5.003910736322334e-06,-0.00034266284751034796
0.0004,-0.0091,-4.316065165332643,-5.518515313619006e-06,-0.00030583146641914306
0.0005,-0.0091,-4.317082004048663,5.25921721328611e-06,-0.00024153916393755597
0.0006,-0.0091,-4.31675517786946,-8.393664731795692e-05,-0.0001461422239559168
0.0007,-0.0091,-4.317921767037022,-0.00020876173103194599,1.2164245579484451e-05
0.0008,-0.0091,-4.317761377198999,-0.00033144239040183097,0.00017929675235357604
0.0009,-0.0091,-4.318704451405609,-0.0004631849711708122,0.00036252634290023317
0.001,-0.0091,-4.319456344784757,-0.0006771438706210618,0.0005561322773878549
0.0011,-0.0091,-4.32019079767653,-0.0009700311480808632,0.0007657731549027021
0.0012,-0.0091,-4.319962260632219,-0.0012489090056798926,0.000977528280242573
0.0013000000000000002,-0.0091,-4.321211922592405,-0.0015468909332222848,0.0011953037276116487
0.0014,-0.0091,-4.322913388593536,-0.0019444308989360786,0.0014089917742714864
0.0015,-0.0091,-4.323580970038644,-0.002385387186045927,0.0016393018349878817
0.0016,-0.0091,-4.324613941656851,-0.002867722890023225,0.0018698154319888973
0.0017,-0.0091,-4.3265258794205215,-0.0033805260362630286,0.00211114880614686
0.0018,-0.0091,-4.327411822981941,-0.003960332578275452,0.0023509391636130274
0.0019,-0.0091,-4.329686077828893,-0.004597432751111021,0.002616298249984787
0.002,-0.0091,-4.3301065604082165,-0.00530801960293762,0.0028312293752860845
0.0021,-0.0091,-4.332145702413117,-0.006026777082944474,0.0030420155333695524
0.0022,-0.0091,-4.334369355753547,-0.006717998385810414,0.0033105274419580714
0.0023,-0.0091,-4.338170357576148,-0.0076487781044257104,0.0035622912023183864
0.0024,-0.0091,-4.34108283533946,-0.008667292238593489,0.003835473783790648
0.0025,-0.0091,-4.343802264320665,-0.009448141734921967,0.004223756214718233
0.0026000000000000003,-0.0091,-4.346302169882856,-0.010257288540022941,0.004359541155635351
0.0027,-0.0091,-4.350295150854627,-0.011132699848616557,0.004381565835180317
0.0028,-0.0091,-4.35359612498069,-0.011959123274398272,0.0046344252561305215
0.0029,-0.0091,-4.35793021971814,-0.013273932988688425,0.004748972101576965
0.003,-0.0091,-4.362154363339526,-0.014229238415155498,0.005044839145879769
0.0031,-0.0091,-4.3663315286062705,-0.015258976459048064,0.004996749450910096
0.0032,-0.0091,-4.371015845197073,-0.016030169903206798,0.005145043383694432
0.0033000000000000004,-0.0091,-4.37645107033325,-0.016908050103969754,0.005072837241932672
0.0034,-0.0091,-4.380609136722778,-0.017800043583472827,0.004929897508021292
0.0034999999999999996,-0.0091,-4.386002432850535,-0.018753951518370827,0.0050040680933236895
0.0036,-0.0091,-4.390943441269946,-0.01946881040483226,0.004763125979954601
0.0037,-0.0091,-4.394187574897234,-0.02053166145278142,0.004668555977030835
0.0038,-0.0091,-4.39988196761225,-0.021116531305623926,0.004443030352581568
0.0039,-0.0091,-4.404611766402647,-0.021745422722571496,0.004160541254945241
0.004,-0.0091,-4.4079293327917615,-0.02220187830917782,0.003981733949893114
0.0041,-0.0091,-4.411410617439159,-0.023184111050280995,0.003597683063742468
0.0042,-0.0091,-4.416048438327881,-0.023524259122549598,0.0033416848350825163
0.0043,-0.0091,-4.418434601173536,-0.023866017233925636,0.0029068096766169185
0.0044,-0.0091,-4.419765912577062,-0.024555945530807068,0.002587833231784265
0.0045,-0.0091,-4.422426164203249,-0.025086683003061022,0.0020965609672737567
0.0046,-0.0091,-4.4215341630211675,-0.025226732126118458,0.0016407938042126557
0.0047,-0.0091,-4.422941206155378,-0.025290576371595288,0.0011578401371994487
0.0048,-0.0091,-4.422761486208878,-0.025541268129080027,0.0006599809551950593
0.0049,-0.0091,-4.421021092875978,-0.025828221205257098,0.00012507391362281815
0.005,-0.0091,-4.420545424262107,-0.025549088905205287,-0.00037392764807987224
0.0051,-0.0091,-4.4192902347028635,-0.025361635918221926,-0.0009002656925671104
0.005200000000000001,-0.0091,-4.415557042484861,-0.024903562733638737,-0.001485850997275516
0.0053,-0.0091,-4.412881849123763,-0.0244822336958582,-0.001991098187301674
0.0054,-0.0091,-4.411264484586849,-0.024221010083951628,-0.002535651269345763
0.0055,-0.0091,-4.406033246586425,-0.024156633605927444,-0.0030588738496706742
0.0056,-0.0091,-4.403652286400295,-0.02353938578520462,-0.0035300149913435903
0.005700000000000001,-0.0091,-4.398796699166499,-0.02302076627747046,-0.004011969950266434
0.0058,-0.0091,-4.395336051160608,-0.022173527855599052,-0.004468229545367351
0.0059,-0.0091,-4.39222552281994,-0.021545520736969893,-0.0048755715601519565
0.006,-0.0091,-4.3882014538479766,-0.02121377187802877,-0.005324811268426974
0.0061,-0.0091,-4.385423859445226,-0.01968137285625593,-0.005561000808314941
0.0062,-0.0091,-4.382319322879714,-0.01890865117030567,-0.0058697759512103265
0.0063,-0.0091,-4.3809594235448825,-0.01790063526005343,-0.006174428877833817
0.0064,-0.0091,-4.379665707172126,-0.01696615188390214,-0.00630219350217144
0.006499999999999999,-0.0091,-4.378413855425181,-0.016021041389908963,-0.006662369157449017
0.006600000000000001,-0.0091,-4.378765761011412,-0.015042618923298546,-0.006755740176987628
0.0067,-0.0091,-4.37944702516441,-0.013939455230704069,-0.006478460391718276
0.0068,-0.0091,-4.380890650477441,-0.012802834019609258,-0.006656469311501049
0.0069,-0.0091,-4.382811898090129,-0.011438445366046834,-0.006376368964483405
0.006999999999999999,-0.0091,-4.38567090152121,-0.010222497024272229,-0.006288251534908755
0.007100000000000001,-0.0091,-4.388642043082115,-0.009236927223829714,-0.006117110901630466
0.0072,-0.0091,-4.392023312788926,-0.008090393924698331,-0.0057215994675037
0.0073,-0.0091,-4.396000791121513,-0.00707733458611662,-0.005207575033894967
0.0074,-0.0091,-4.400840510712629,-0.005968114240829033,-0.0049392274005987
0.0075,-0.0091,-4.405358370376157,-0.0048689107269967065,-0.004451671916419751
0.0076,-0.0091,-4.409882549266506,-0.003928313871934644,-0.00407489711946718
0.0077,-0.0091,-4.413731125917444,-0.0030817133951057405,-0.0035520889598341307
0.0078,-0.0091,-4.418109564843619,-0.002130856620440929,-0.003026311543966194
0.0079,-0.0091,-4.421991244479173,-0.00143500232370044,-0.002529901564906262
0.008,-0.0091,-4.426086876498633,-0.000819540106319828,-0.0020260416887181915
0.0081,-0.0091,-4.429307941381526,-0.00022216317113791007,-0.001534862070395464
0.0082,-0.0091,-4.4327432550986625,0.0002829923448905979,-0.0010650868323242712
0.0083,-0.0091,-4.435421815337763,0.000687055316018563,-0.000603781180525359
0.0084,-0.0091,-4.43803511871942,0.0010352496441498632,-0.00019066385711356457
0.0085,-0.0091,-4.439850985939795,0.0012741264687076627,0.0001729927112304368
0.0086,-0.0091,-4.441964484458711,0.0014524039129009568,0.0004897287002139225
0.0087,-0.0091,-4.443326742637667,0.0015414530051806692,0.0007955389694693093
0.0088,-0.0091,-4.443401104532643,0.001572393714469919,0.001078702656798105
0.0089,-0.0091,-4.444357486807652,0.0015517259389363327,0.0012873959176809462
0.009,-0.0091,-4.445154883122002,0.0014706249838177287,0.0014266805845154127
0.0091,-0.0091,-4.445084487432819,0.0013570822831441927,0.001562683276453112
0.0092,-0.0091,-4.445209357454914,0.0012239561949220574,0.0016354626534043012
0.0093,-0.0091,-4.446501480745913,0.0010508406713109642,0.0016499929841083017
0.0094,-0.0091,-4.447164119777711,0.00085298453159101,0.0016020845570089506
0.0095,-0.0091,-4.44516325026467,0.0006588406242605885,0.0015069262267945844
0.0096,-0.0091,-4.445552169635874,0.00047052923619500005,0.0013536933009182638
0.0097,-0.0091,-4.445082838562726,0.00029681432086206517,0.0011429449115092046
0.0098,-0.0091,-4.444118057974682,0.00015450380955282816,0.0008538425503819156
0.0099,-0.0091,-4.443502715555597,5.3557637033355485e-05,0.00047477001988319525
0.01,-0.0091,-4.442933731482129,0.0,0.0
0.0,-0.009,-4.3155255304538125,0.0,0.0
0.0001,-0.009,-4.314939719423321,1.3160194364416378e-05,-0.00015889533560058786
0.0002,-0.009,-4.316255053279764,-2.1920321630265264e-06,-0.00029889933155027577
0.0003,-0.009,-4.316325758319094,-7.371280218431472e-06,-0.0003653100806066017
0.0004,-0.009,-4.314448549049257,-2.9238013645582525e-05,-0.00031832032564752715
0.0005,-0.009,-4.314848164282303,-0.00011677277319846898,-0.00018512463630179725
0.0006,-0.009,-4.316368544609914,-0.00021049994994522183,1.5454036997982619e-06
0.0007,-0.009,-4.31677317590363,-0.0003900286633174199,0.0001435542669956542
0.0008,-0.009,-4.317336344945868,-0.0005598924848810949,0.0003620941674750088
0.0009,-0.009,-4.318537419768942,-0.0007803973405057223,0.0005803032083182045
0.001,-0.009,-4.318407413406491,-0.001040635475843051,0.000814242051033624
0.0011,-0.009,-4.319025485381105,-0.0013410652965519213,0.0010636052718060115
0.0012,-0.009,-4.321181170259937,-0.0017337996977189144,0.001324101266105176
0.0013000000000000002,-0.009,-4.320372483165993,-0.0021214690852605573,0.0015822671862581528
0.0014,-0.009,-4.322406451998459,-0.0025634794751251116,0.0018579910427091513
0.0015,-0.009,-4.323462546059413,-0.003067096242821137,0.0021217901863952037
0.0016,-0.009,-4.324183510145304,-0.003630139455028971,0.002416561193411998
0.0017,-0.009,-4.325317662981581,-0.004232764663718589,0.0026834051041682073
0.0018,-0.009,-4.326537537079757,-0.004864794288396255,0.0029808488752830083
0.0019,-0.009,-4.329440185664469,-0.005592173482443595,0.0033252533442747183
0.002,-0.009,-4.331855391191275,-0.006382609970366684,0.0036343025504876852
0.0021,-0.009,-4.333344056328474,-0.007209810879162403,0.003955586884876439
0.0022,-0.009,-4.335618384841382,-0.008172862047757022,0.004198361490236307
0.0023,-0.009,-4.33819211335498,-0.009057922635349889,0.004434555744079384
0.0024,-0.009,-4.340988146184581,-0.009935419327883213,0.004802209160727274
0.0025,-0.009,-4.345273057132459,-0.011105810034496236,0.004823933395980933
0.0026000000000000003,-0.009,-4.349101025922478,-0.01179725885930527,0.005319628234057991
0.0027,-0.009,-4.352480368696071,-0.01306668767455953,0.005598524072700448
0.0028,-0.009,-4.356532020964423,-0.01359643079219617,0.005811997140722737
0.0029,-0.009,-4.361607630779148,-0.014705091131244123,0.005780435043216788
0.003,-0.009,-4.366240541572407,-0.015981512318500472,0.005853757995002547
0.0031,-0.009,-4.371275678628594,-0.01727594134354934,0.005885484242730752
0.0032,-0.009,-4.376516729232256,-0.01784344842922238,0.006003761145741326
0.0033000000000000004,-0.009,-4.382610862671746,-0.018851830078994675,0.005871460804465968
0.0034,-0.009,-4.3883073481681105,-0.020161058713775534,0.005897957523220147
0.0034999999999999996,-0.009,-4.393122948251701,-0.020646451309530956,0.005743457141120083
0.0036,-0.009,-4.39861389167752,-0.021653837641922746,0.005719615169053836
0.0037,-0.009,-4.4036524809709405,-0.02237222423396686,0.005438810045353031
0.0038,-0.009,-4.407803836707325,-0.023114573764177596,0.005335400243514176
0.0039,-0.009,-4.415287245871052,-0.024270989972603886,0.004963495760482348
0.004,-0.009,-4.418349867337657,-0.024639270250205965,0.004616050928760938
0.0041,-0.009,-4.421778062203189,-0.02512878070900257,0.0042189964499928815
0.0042,-0.009,-4.427366677899226,-0.026202587968315795,0.003840157561852105
0.0043,-0.009,-4.4318158392753,-0.025782702286296352,0.0033811999249074884
0.0044,-0.009,-4.432879759897707,-0.02685779141429162,0.0028993483064007346
0.0045,-0.009,-4.433887126865338,-0.02724116534589507,0.0024073273986214942
0.0046,-0.009,-4.436572804339093,-0.02750770054899042,0.0018739734832409157
0.0047,-0.009,-4.439136241773694,-0.02788557805813853,0.0013212640559411401
0.0048,-0.009,-4.434669593633756,-0.027602436583075696,0.000742804716537167
0.0049,-0.009,-4.438252017104804,-0.02751133975651332,0.00016314494606144364
0.005,-0.009,-4.434910730381797,-0.02736515975895818,-0.0004411627527511405
0.0051,-0.009,-4.433631549762887,-0.027833711177047256,-0.001040099427013342
0.005200000000000001,-0.009,-4.429815543523308,-0.027478449115371253,-0.001674426542300397
0.0053,-0.009,-4.428801159103598,-0.02728118599671859,-0.0022985470579207734
0.0054,-0.009,-4.424071228588387,-0.02697167966537488,-0.0028975483147861076
0.0055,-0.009,-4.420184157170891,-0.026493495086825292,-0.003492291206164095
0.0056,-0.009,-4.415004082211967,-0.026067698029591604,-0.004029261597755955
0.005700000000000001,-0.009,-4.4122712072334185,-0.025404355610323844,-0.004617517946455089
0.0058,-0.009,-4.410407275668071,-0.0245841661911201,-0.005145859307303081
0.0059,-0.009,-4.405277377436683,-0.024521071687565635,-0.005560398819914245
0.006,-0.009,-4.400654313979333,-0.023155337587317856,-0.006100264146388154
0.0061,-0.009,-4.396774631188621,-0.022710040256411893,-0.006511734197636069
0.0062,-0.009,-4.393669936194426,-0.02172697464057817,-0.006860035953249622
0.0063,-0.009,-4.39157148622287,-0.020630798502728524,-0.007102852932212436
0.0064,-0.009,-4.389802526063718,-0.019299917815339854,-0.007408280354664285
0.006499999999999999,-0.009,-4.388723152276769,-0.018340035768733377,-0.007665003873396995
0.006600000000000001,-0.009,-4.385783440271539,-0.017638526076647208,-0.0077384524405472626
0.0067,-0.009,-4.387237286129159,-0.015987195304008855,-0.007726244395362715
0.0068,-0.009,-4.387155402551367,-0.015187383619342867,-0.00785231000079113
0.0069,-0.009,-4.389193136126234,-0.014058710390755147,-0.007753135613783824
0.006999999999999999,-0.009,-4.391233344182156,-0.012311002334509435,-0.007402779723360487
0.007100000000000001,-0.009,-4.393204042298849,-0.011171335674239266,-0.007183426455689529
0.0072,-0.009,-4.396195838477693,-0.01001362112007618,-0.006740899110679849
0.0073,-0.009,-4.399601866405863,-0.00863739524473286,-0.006482570108578813
0.0074,-0.009,-4.403635209426865,-0.007533486426147537,-0.0059909963502541306
0.0075,-0.009,-4.408573797863358,-0.00650030790498513,-0.005559802907861892
0.0076,-0.009,-4.412099689609553,-0.005416696969737485,-0.004999880747206343
0.0077,-0.009,-4.416434310087887,-0.004363658956940589,-0.0045308617936424675
0.0078,-0.009,-4.420234506326809,-0.0034252185930786724,-0.003819044193363455
0.0079,-0.009,-4.423367113828261,-0.0026759962734298256,-0.0032818655362395715
0.008,-0.009,-4.427787298114069,-0.0018693826795564813,-0.0026965546950944437
0.0081,-0.009,-4.43175249189205,-0.0011421004171706655,-0.0021366340622917886
0.0082,-0.009,-4.434043368473835,-0.0005808563834710038,-0.0015716997105778016
0.0083,-0.009,-4.436703322125151,-7.041568827646427e-05,-0.0010358663181905148
0.0084,-0.009,-4.439422938419408,0.00034819598422841284,-0.0005541287277711402
0.0085,-0.009,-4.440946925437918,0.0006834515664607037,-7.128825139801722e-05
0.0086,-0.009,-4.443202932437452,0.0009501680763262407,0.00035941484125269485
0.0087,-0.009,-4.444170352657638,0.00111493327623973,0.0006907018221068874
0.0088,-0.009,-4.445319599118932,0.0012077109776460783,0.0010145474687856502
0.0089,-0.009,-4.4456636488917365,0.0012552817796269249,0.0013200389502703214
0.009,-0.009,-4.446262140555732,0.0012390289491749703,0.00150253363285688
0.0091,-0.009,-4.44708707388762,0.0011697967446928522,0.0016844904194944464
0.0092,-0.009,-4.446846191209581,0.0010673800985923733,0.0017730162939691267
0.0093,-0.009,-4.448165746148974,0.0009301489526575193,0.001822516085489969
0.0094,-0.009,-4.445955091489546,0.0007677185439352834,0.0018200782183481286
0.0095,-0.009,-4.444236875935765,0.0006100936614156673,0.0017152739491560192
0.0096,-0.009,-4.444768052534055,0.00043156818967976816,0.001556881189505375
0.0097,-0.009,-4.445439625051188,0.0002688834607911471,0.0012892767080854514
0.0098,-0.009,-4.445104860759055,0.00014156306029149674,0.0009697124254117672
0.0099,-0.009,-4.444163248324615,4.912290470527207e-05,0.0005432274863912035
0.01,-0.009,-4.444052550526992,0.0,0.0
0.0,-0.0089,-4.31695586595393,0.0,0.0
0.0001,-0.0089,-4.31785408717491,2.038196439314582e-05,-0.00018576147630436254
0.0002,-0.0089,-4.315746274445492,-2.0025142721909034e-05,-0.00017072460093129228
0.0003,-0.0089,-4.315129614414425,-5.1785880501327746e-05,-0.0002949301193119556
0.0004,-0.0089,-4.31508790437947,-0.00013734954610998863,-0.00015780374137095216
0.0005,-0.0089,-4.315845606509667,-0.0002427599688445868,-7.710540992320264e-05
0.0006,-0.0089,-4.31615423733122,-0.0003976914784548747,0.00012096162091872641
0.0007,-0.0089,-4.316786510243481,-0.0006068550452970378,0.00033933120765301344
0.0008,-0.0089,-4.316122374531089,-0.000846281712929178,0.0005877070464283424
0.0009,-0.0089,-4.318086654449259,-0.0011196085084938133,0.0008545641277846804
0.001,-0.0089,-4.317799822083974,-0.0014312563140139079,0.0011346385093988682
0.0011,-0.0089,-4.318231251175186,-0.0017787622593304839,0.0014288698850246665
0.0012,-0.0089,-4.319322577594143,-0.0022127903481938753,0.001742731071791289
0.0013000000000000002,-0.0089,-4.319764401775606,-0.00270011903718512,0.002047253947426861
0.0014,-0.0089,-4.320104874286084,-0.0032339573859278244,0.0023682284196831767
0.0015,-0.0089,-4.322653273651389,-0.0038131450203026567,0.0026906655687855027
0.0016,-0.0089,-4.324515631685612,-0.004433257564496489,0.0030306717621564707
0.0017,-0.0089,-4.32568514716731,-0.005155449649841284,0.0034266562191849364
0.0018,-0.0089,-4.326358946390587,-0.005865280855395157,0.0036846582857188465
0.0019,-0.0089,-4.328919713707352,-0.006638465909388033,0.003970678911687559
0.002,-0.0089,-4.331609655566172,-0.007530260974016752,0.004371582640634039
0.0021,-0.0089,-4.333792851121471,-0.008361970179178387,0.00480098995703395
0.0022,-0.0089,-4.336718894765142,-0.00942911251644786,0.005171235148238227
0.0023,-0.0089,-4.339560734772714,-0.010110330809646939,0.00543552489301925
0.0024,-0.0089,-4.343468462079018,-0.01142202899099564,0.0058936864047622025
0.0025,-0.0089,-4.347025408505337,-0.01242720086456369,0.005833658708361666
0.0026000000000000003,-0.0089,-4.351614613909922,-0.013524582115032175,0.006130139206987759
0.0027,-0.0089,-4.356098962271855,-0.014650328101103206,0.006539572550251238
0.0028,-0.0089,-4.361007156279681,-0.01585802621698721,0.006585947010401748
0.0029,-0.0089,-4.366715227915123,-0.016690771228428342,0.006910991404690115
0.003,-0.0089,-4.371920740245155,-0.017902663732680454,0.00692272117295954
0.0031,-0.0089,-4.377151586055304,-0.018800905834167436,0.007162666168446744
0.0032,-0.0089,-4.383926400592647,-0.020068741804464513,0.007014913149967449
0.0033000000000000004,-0.0089,-4.390973241698775,-0.020873856424341548,0.007047837599397798
0.0034,-0.0089,-4.39616511327769,-0.021736655885247397,0.006854230996803929
0.0034999999999999996,-0.0089,-4.402647247235837,-0.023008018626841764,0.006655839872225492
0.0036,-0.0089,-4.408189982168397,-0.023721206737620786,0.00644185195896561
0.0037,-0.0089,-4.413784736084477,-0.024419998837269707,0.006256743898440885
0.0038,-0.0089,-4.42204155041215,-0.0250620846143523,0.006041389632537156
0.0039,-0.0089,-4.428415002434034,-0.026234864725933473,0.005607095561422675
0.004,-0.0089,-4.4310339435968995,-0.02669859495988086,0.005272771466514391
0.0041,-0.0089,-4.436534348809069,-0.02741818178868747,0.0048308517083890876
0.0042,-0.0089,-4.437545288275038,-0.027670023461485945,0.00437181542465154
0.0043,-0.0089,-4.446402509332012,-0.02818928864035555,0.0038355516334530287
0.0044,-0.0089,-4.448420983318086,-0.028923722691952203,0.003290456628956533
0.0045,-0.0089,-4.452142011515998,-0.029181647202106004,0.0027274111338061197
0.0046,-0.0089,-4.452046422845651,-0.029453749129535703,0.00212956228764749
0.0047,-0.0089,-4.455812748258131,-0.029479351899325563,0.0015000150420260525
0.0048,-0.0089,-4.453741472198336,-0.029619089996257637,0.0008442217138194465
0.0049,-0.0089,-4.451526879916807,-0.03007335654693066,0.00019934751500273875
0.005,-0.0089,-4.452550858174998,-0.029784833441494685,-0.00047578641073422155
0.0051,-0.0089,-4.453645178132085,-0.029755762093224204,-0.0011564284375398899
0.005200000000000001,-0.0089,-4.447338071986667,-0.029804364732981314,-0.001862403048146535
0.0053,-0.0089,-4.446819287712004,-0.0292691286490197,-0.002549274873058778
0.0054,-0.0089,-4.442391974206106,-0.02928977432032939,-0.003191431621452376
0.0055,-0.0089,-4.440685323260637,-0.02860736988702959,-0.003843079614702806
0.0056,-0.0089,-4.434383816392859,-0.028425233640658645,-0.004525688416612552
0.005700000000000001,-0.0089,-4.429570074761793,-0.027997427557343992,-0.005232199005511947
0.0058,-0.0089,-4.426050035670666,-0.027364936243445128,-0.005821501175797433
0.0059,-0.0089,-4.421636835805818,-0.02639257295995209,-0.006376552319917896
0.006,-0.0089,-4.4179049168711675,-0.02600463779876417,-0.006963336030304013
0.0061,-0.0089,-4.413646093718032,-0.025087366107617234,-0.007455210099593199
0.0062,-0.0089,-4.408841120239146,-0.02431112484183209,-0.007840826122849375
0.0063,-0.0089,-4.405041731282978,-0.02327420114640767,-0.008255276199825757
0.0064,-0.0089,-4.401588045849978,-0.02231998853954096,-0.008572611176114424
0.006499999999999999,-0.0089,-4.400569505214042,-0.02100123813724817,-0.008722264296555265
0.006600000000000001,-0.0089,-4.39877197541012,-0.019723808456484696,-0.008919381392486084
0.0067,-0.0089,-4.3973087973270895,-0.018692344326045614,-0.009051386443007571
0.0068,-0.0089,-4.3970893341621995,-0.017152267767377317,-0.00893540026300387
0.0069,-0.0089,-4.397780378023693,-0.01593138936650444,-0.008943317388322379
0.006999999999999999,-0.0089,-4.398149666667094,-0.014698643408027075,-0.008716419259819325
0.007100000000000001,-0.0089,-4.39896822893277,-0.0136137716718202,-0.00844519909849646
0.0072,-0.0089,-4.402156492576635,-0.012324925771947017,-0.008154033942174807
0.0073,-0.0089,-4.404052256320009,-0.010681611164724165,-0.007668837247190786
0.0074,-0.0089,-4.407841340421492,-0.009618168806936118,-0.007292089400740676
0.0075,-0.0089,-4.412013753395031,-0.008203706198810468,-0.006649006481706023
0.0076,-0.0089,-4.41553552206259,-0.007125914339797854,-0.006096966765326305
0.0077,-0.0089,-4.418526066335537,-0.006045857272670548,-0.005495759738159843
0.0078,-0.0089,-4.422239473639859,-0.0049342573937148915,-0.004812235883171454
0.0079,-0.0089,-4.4268476655941855,-0.003928833628384553,-0.004150718535920766
0.008,-0.0089,-4.429654866984612,-0.0030660874793253436,-0.0034935714964772976
0.0081,-0.0089,-4.4329335357892035,-0.0021849856297988094,-0.0028392806290214604
0.0082,-0.0089,-4.436145624384906,-0.0015725925514695285,-0.002157531588225443
0.0083,-0.0089,-4.438482300512958,-0.0009332952746609745,-0.0015584553785309716
0.0084,-0.0089,-4.440537824085925,-0.0003806996009755204,-0.0009728354070518827
0.0085,-0.0089,-4.442536961480719,5.478058547771607e-05,-0.0004152839544554668
0.0086,-0.0089,-4.444495447502956,0.0003784063110465325,7.835837446538113e-05
0.0087,-0.0089,-4.445786222265963,0.000621969612280723,0.000506643709851782
0.0088,-0.0089,-4.44656398666557,0.000822289488956312,0.0009437977079197832
0.0089,-0.0089,-4.447104789824789,0.0009273856264716933,0.0012669699149188633
0.009,-0.0089,-4.447635085877006,0.000956599276469056,0.0015332464308700931
0.0091,-0.0089,-4.448081015075793,0.0009460230302657625,0.0017306903022641157
0.0092,-0.0089,-4.4474083323421585,0.0008942894131903601,0.0018571032084287232
0.0093,-0.0089,-4.448510964602845,0.0007937983739267012,0.001960834046181443
0.0094,-0.0089,-4.44906709284815,0.0006784073583786528,0.001993134239296004
0.0095,-0.0089,-4.449975214667552,0.0005312854285822645,0.001910020952642236
0.0096,-0.0089,-4.448395926739239,0.0003654315179410154,0.001698221948000204
0.0097,-0.0089,-4.44733038752261,0.0002383817621351949,0.001452067804967245
0.0098,-0.0089,-4.445585557212067,0.00012732836598169738,0.0010712087407203955
0.0099,-0.0089,-4.446078872221421,4.5597340834736015e-05,0.0006011684143233961
0.01,-0.0089,-4.445997070763543,0.0,0.0
0.0,-0.0088,-4.322084809667274,0.0,0.0
0.0001,-0.0088,-4.319027921512139,4.5155036626645846e-05,-8.905045750054221e-05
0.0002,-0.0088,-4.316797536928325,-9.372677113243883e-05,-0.0002724097743511147
0.0003,-0.0088,-4.312420851082805,-0.00010422039716430664,-0.00016287340964778229
0.0004,-0.0088,-4.3148033348115815,-0.0002291488388683584,-0.00013204995617978584
0.0005,-0.0088,-4.314014390578691,-0.00038276165800841004,0.00010032401540321256
0.0006,-0.0088,-4.315212441229648,-0.0005757650682949927,0.0002885959010831913
0.0007,-0.0088,-4.315138503087085,-0.0008445383563203086,0.0005947510639555952
0.0008,-0.0088,-4.316195359354106,-0.00114985096970474,0.0008544265685703115
0.0009,-0.0088,-4.317113624776892,-0.0014527988012798443,0.0011817702277576
0.001,-0.0088,-4.31817307206271,-0.0018336949964699808,0.0015127799980806725
0.0011,-0.0088,-4.317977953844044,-0.002299654380171095,0.001856050409401986
0.0012,-0.0088,-4.318740228956665,-0.0027604519747430716,0.0022074322617404644
0.0013000000000000002,-0.0088,-4.320819173894677,-0.0033233624914215058,0.0025592625017142366
0.0014,-0.0088,-4.321099817864668,-0.003919444409215593,0.0029683245600458305
0.0015,-0.0088,-4.322625078447007,-0.004607050964771118,0.0033712426265746034
0.0016,-0.0088,-4.324543673880409,-0.005346871781615746,0.0037400870803523376
0.0017,-0.0088,-4.325945274687675,-0.006138801393386854,0.004194883362111553
0.0018,-0.0088,-4.32764695955568,-0.006895469252179963,0.004556035318482283
0.0019,-0.0088,-4.330701163661141,-0.0079273601011701,0.0049821654815707704
0.002,-0.0088,-4.332922786267008,-0.008623223094735594,0.005342192366388367
0.0021,-0.0088,-4.334637867244591,-0.009850358995762197,0.005629011890386675
0.0022,-0.0088,-4.338669371454446,-0.010534461307072036,0.006181324086729699
0.0023,-0.0088,-4.341916908178506,-0.011951566170856055,0.006529498609309597
0.0024,-0.0088,-4.346231959714545,-0.012816907523258703,0.006808809313257114
0.0025,-0.0088,-4.35068123130057,-0.01415394563916686,0.007232223563451715
0.0026000000000000003,-0.0088,-4.355479006027555,-0.014921383017090714,0.007454735507719157
0.0027,-0.0088,-4.3605597290135245,-0.016176456409262515,0.0074736902671812076
0.0028,-0.0088,-4.367124505954287,-0.01732814730754396,0.007968711258411655
0.0029,-0.0088,-4.372231246993483,-0.01872946673742784,0.007856094111984718
0.003,-0.0088,-4.379312644101456,-0.01960560774260789,0.008037020047607526
0.0031,-0.0088,-4.385816319198093,-0.020479967993140932,0.008013588381256844
0.0032,-0.0088,-4.392700832865501,-0.021549154778197112,0.007999353295822204
0.0033000000000000004,-0.0088,-4.398792430854139,-0.02285640965400813,0.007989507731973614
0.0034,-0.0088,-4.4077678027812945,-0.023655313049970296,0.007908891108919147
0.0034999999999999996,-0.0088,-4.414419570933062,-0.024785451311293893,0.007677364818796161
0.0036,-0.0088,-4.421583249191247,-0.025548359384917105,0.007362848677479253
0.0037,-0.0088,-4.428642758998909,-0.026543204076170824,0.0070922914338972885
0.0038,-0.0088,-4.434216211685349,-0.027038234708860784,0.006742063474264502
0.0039,-0.0088,-4.439211765543022,-0.027726712837549062,0.006298979906977396
0.004,-0.0088,-4.445986399378567,-0.028561395124226376,0.005944527505910649
0.0041,-0.0088,-4.454139410062144,-0.02928502142344441,0.005379043406382465
0.0042,-0.0088,-4.459401726683928,-0.029676680480834036,0.004875089633811854
0.0043,-0.0088,-4.461208664419203,-0.03012437629159567,0.0043425395539554166
0.0044,-0.0088,-4.468188523460802,-0.03066777669812495,0.003684991016248125
0.0045,-0.0088,-4.470830602157416,-0.031110280238985488,0.003072895250528143
0.0046,-0.0088,-4.472617499335002,-0.031580059642776596,0.0023967034037861556
0.0047,-0.0088,-4.47069835475605,-0.03177691366280201,0.0016896879676444394
0.0048,-0.0088,-4.475242532703976,-0.03171127776024248,0.000997710827766085
0.0049,-0.0088,-4.478365474171691,-0.03170432109356546,0.0002504974947695589
0.005,-0.0088,-4.472730322406971,-0.03173606607522881,-0.00049907160856129
0.0051,-0.0088,-4.475080491215243,-0.032067910266581214,-0.0012354764512233982
0.005200000000000001,-0.0088,-4.470390477083309,-0.031785065609298946,-0.0020163397202652765
0.0053,-0.0088,-4.468914410824157,-0.03160305979806681,-0.0027678784338529016
0.0054,-0.0088,-4.46496205739397,-0.03140663387675557,-0.0034948064510875523
0.0055,-0.0088,-4.460537634855111,-0.030971933014699415,-0.004305223526187156
0.0056,-0.0088,-4.456222718820598,-0.030484522317255482,-0.005002175278260828
0.005700000000000001,-0.0088,-4.451349533949364,-0.030239477865537236,-0.005662692176705469
0.0058,-0.0088,-4.445435494338468,-0.029476722009017266,-0.006385065193797352
0.0059,-0.0088,-4.43857602969814,-0.028747919895755272,-0.007038060726361682
0.006,-0.0088,-4.435736349207889,-0.028332629730647055,-0.007729272615951814
0.0061,-0.0088,-4.42722424520673,-0.02720371007458578,-0.008220877615927906
0.0062,-0.0088,-4.425286195325269,-0.026684687936748087,-0.008720052088033968
0.0063,-0.0088,-4.423403249965863,-0.02584109916940854,-0.009289639588828663
0.0064,-0.0088,-4.418357904806102,-0.024660068055307505,-0.00958986413666961
0.006499999999999999,-0.0088,-4.414123585977301,-0.023353334032724937,-0.009877704423162487
0.006600000000000001,-0.0088,-4.412521958596979,-0.02204398277157101,-0.010163089526473754
0.0067,-0.0088,-4.410256355140451,-0.021190090697823016,-0.010290295953343636
0.0068,-0.0088,-4.4075929493742345,-0.019785725073117724,-0.010351180207269474
0.0069,-0.0088,-4.407649226149976,-0.01855825337464103,-0.010342137889592403
0.006999999999999999,-0.0088,-4.408261841469753,-0.017205453514998775,-0.010098622811947011
0.007100000000000001,-0.0088,-4.407896560095878,-0.015564067509834412,-0.009878888047833101
0.0072,-0.0088,-4.409250283527917,-0.014405111772547642,-0.00945356075575101
0.0073,-0.0088,-4.411004608813509,-0.012995948341868062,-0.009119807209199011
0.0074,-0.0088,-4.4133047976973465,-0.011896628571178531,-0.008663285680602935
0.0075,-0.0088,-4.41598128505296,-0.010277724751147457,-0.008066205157929801
0.0076,-0.0088,-4.419314654359546,-0.00866650004667803,-0.007308868326771395
0.0077,-0.0088,-4.422128492087464,-0.007512202553386408,-0.006720909170982076
0.0078,-0.0088,-4.425769810179036,-0.006436059074227671,-0.005850203068178481
0.0079,-0.0088,-4.42891370533275,-0.005280001644760901,-0.005152289633754902
0.008,-0.0088,-4.432083658356091,-0.004248548244323423,-0.0044151054350335985
0.0081,-0.0088,-4.435133222504371,-0.003454997797175964,-0.003624563584042169
0.0082,-0.0088,-4.437817436799096,-0.0025633843582625673,-0.0028900360300378614
0.0083,-0.0088,-4.440547599123549,-0.0018210146669775888,-0.002166713066444021
0.0084,-0.0088,-4.4430574385600785,-0.0011661254140843927,-0.0014794260386554103
0.0085,-0.0088,-4.444511909221024,-0.0006697483086916742,-0.0008611652165225859
0.0086,-0.0088,-4.446506160562646,-0.00023442667702976228,-0.0002499502181675117
0.0087,-0.0088,-4.44728862093313,0.00011928675438138952,0.00026253747628869595
0.0088,-0.0088,-4.447761614299801,0.00036894807741485666,0.0007268064961803946
0.0089,-0.0088,-4.44846644962634,0.0005494789426826211,0.0011652866167252422
0.009,-0.0088,-4.4486907703418215,0.0006585758359955206,0.0014956145272787037
0.0091,-0.0088,-4.449406864011572,0.000701864529102811,0.0017467812795117805
0.0092,-0.0088,-4.44968988573574,0.0006958180584903098,0.0019172383348715573
0.0093,-0.0088,-4.449130024386591,0.0006506013795875568,0.0019842663006181607
0.0094,-0.0088,-4.452400128970556,0.0005420406077572759,0.002018350556238788
0.0095,-0.0088,-4.45038502212246,0.000400019523870009,0.0019616707404097
0.0096,-0.0088,-4.447363218530143,0.00032830034129228904,0.0018059176606181116
0.0097,-0.0088,-4.447835817588162,0.0002201298873382489,0.001539410793446712
0.0098,-0.0088,-4.447134827699849,0.00011453562375690668,0.0011651067227766096
0.0099,-0.0088,-4.446059364092581,3.9655821709806506e-05,0.0006590797507739114
0.01,-0.0088,-4.446437451597306,0.0,0.0
0.0,-0.0087,-4.322360417222336,0.0,0.0
0.0001,-0.0087,-4.313846767056888,-2.6453776117627613e-05,-0.00021468842200537998
0.0002,-0.0087,-4.314368223447704,-7.386200239200881e-05,-0.00020705593324247949
0.0003,-0.0087,-4.312608848774344,-0.0002028688876329325,-0.00012673632298009185
0.0004,-0.0087,-4.313544406526245,-0.0003375480392740241,0.00012474939602231404
0.0005,-0.0087,-4.313412976665948,-0.0005336738269864641,0.00032227636419916456
0.0006,-0.0087,-4.313515222290344,-0.0007926745676761359,0.0005393541082007288
0.0007,-0.0087,-4.314122627609931,-0.0010865874352145464,0.000871507686718042
0.0008,-0.0087,-4.315398961555338,-0.001421835380043591,0.0012091554604450284
0.0009,-0.0087,-4.316176893994412,-0.0018249965622861208,0.0015815629124056277
0.001,-0.0087,-4.316579120256046,-0.002282200116300368,0.0019531107791807148
0.0011,-0.0087,-4.317083606106167,-0.002797139554076926,0.002347377176975612
0.0012,-0.0087,-4.318890025272808,-0.003351227720413413,0.002749446165052375
0.0013000000000000002,-0.0087,-4.3193238407166845,-0.003960652995153825,0.0032052351615508416
0.0014,-0.0087,-4.320296422720005,-0.004686450776830443,0.0036654847956678737
0.0015,-0.0087,-4.321469270605933,-0.005387795185904662,0.004099736289522012
0.0016,-0.0087,-4.3235377068298115,-0.006234825680127382,0.00449715096087408
0.0017,-0.0087,-4.32533582142457,-0.007021278887754854,0.005115598594802599
0.0018,-0.0087,-4.328098102881606,-0.008024468262871672,0.005466307939304003
0.0019,-0.0087,-4.330455352213744,-0.008813082828607908,0.005743789749973672
0.002,-0.0087,-4.334061276600354,-0.010072169873859158,0.006344187132484147
0.0021,-0.0087,-4.33644667661872,-0.0111027976117214,0.0065927573947066834
0.0022,-0.0087,-4.340640375207191,-0.012141674310451489,0.007335769376867299
0.0023,-0.0087,-4.344704251003649,-0.013154635264582416,0.007476209388279392
0.0024,-0.0087,-4.349704456220035,-0.014019159933487419,0.008023697770875455
0.0025,-0.0087,-4.354806351149104,-0.015300663417342193,0.008187939096081412
0.0026000000000000003,-0.0087,-4.36110959245109,-0.016913345631008568,0.008474544859669756
0.0027,-0.0087,-4.366988141190555,-0.01789540621933336,0.008670584369186385
0.0028,-0.0087,-4.373650055091379,-0.018770630927500826,0.008883668498526153
0.0029,-0.0087,-4.380891080486112,-0.020132826967114367,0.009097382586078617
0.003,-0.0087,-4.387791233992677,-0.021216846885313438,0.009049114295645588
0.0031,-0.0087,-4.396130353707116,-0.022464532874307427,0.00914170402663436
0.0032,-0.0087,-4.403975534050407,-0.023382208572228988,0.009016510591698064
0.0033000000000000004,-0.0087,-4.412532012570951,-0.024323841888789544,0.008931397646519746
0.0034,-0.0087,-4.419553521254022,-0.025191574358432275,0.00881864670264301
0.0034999999999999996,-0.0087,-4.428970652801663,-0.026170915538738217,0.008510990891462976
0.0036,-0.0087,-4.437539145829149,-0.027148888304434623,0.008249902543051494
0.0037,-0.0087,-4.444430310546551,-0.028005911461124296,0.007880412211568577
0.0038,-0.0087,-4.452217417938775,-0.028708858332347133,0.00738978811466841
0.0039,-0.0087,-4.460312293170105,-0.02955714689315249,0.007036935023999377
0.004,-0.0087,-4.469660570056212,-0.03019072895587099,0.006543211762855989
0.0041,-0.0087,-4.47261340640093,-0.031143021438019038,0.00598808043819571
0.0042,-0.0087,-4.479647867774856,-0.03131981236177194,0.00539294822655622
0.0043,-0.0087,-4.483001906987029,-0.03181909895418583,0.004683653459237555
0.0044,-0.0087,-4.488996920574201,-0.03229627609321076,0.004117224698155681
0.0045,-0.0087,-4.48861457180147,-0.03281633223683434,0.0033966499757272354
0.0046,-0.0087,-4.493530995517342,-0.03294412444037878,0.0026262832408650936
0.0047,-0.0087,-4.497082145931778,-0.033625273198313786,0.0019510419594867033
0.0048,-0.0087,-4.497337295649415,-0.03355028502526324,0.0011262842002875374
0.0049,-0.0087,-4.499385729412546,-0.033722209947264256,0.00032280905926973573
0.005,-0.0087,-4.497366849577111,-0.03389720880104773,-0.0004720182784823377
0.0051,-0.0087,-4.493773903376103,-0.033696995661293055,-0.0013243676507597787
0.005200000000000001,-0.0087,-4.4998155248790095,-0.03387154295715492,-0.002122537559754106
0.0053,-0.0087,-4.492528636250292,-0.033151118863318556,-0.002944137212994399
0.0054,-0.0087,-4.488095604553077,-0.03354241947198607,-0.003772785825033528
0.0055,-0.0087,-4.485031861182298,-0.03283624385424002,-0.004617107008032739
0.0056,-0.0087,-4.482691526183708,-0.032328996194428035,-0.005416190429600685
0.005700000000000001,-0.0087,-4.477323852252294,-0.03209924234531813,-0.006233972662128626
0.0058,-0.0087,-4.471817457472494,-0.03162549652669361,-0.006927774298389417
0.0059,-0.0087,-4.463896091011496,-0.03120181528763485,-0.0077336626526661985
0.006,-0.0087,-4.458441095399433,-0.030375959542498415,-0.008358558164538992
0.0061,-0.0087,-4.450405992435665,-0.029959708249266255,-0.009001585952317984
0.0062,-0.0087,-4.445132126180285,-0.028739701029345047,-0.009692408376681656
0.0063,-0.0087,-4.442653423888273,-0.02810713579440416,-0.010175215130651569
0.0064,-0.0087,-4.4345913753409745,-0.02730606853146695,-0.010679260395181876
0.006499999999999999,-0.0087,-4.43011263375499,-0.026306648405045707,-0.010975579823311397
0.006600000000000001,-0.0087,-4.427111385134251,-0.024717314791278738,-0.011376631488175701
0.0067,-0.0087,-4.424567026073688,-0.023813732114239733,-0.01135506699067395
0.0068,-0.0087,-4.4187252581185446,-0.022148732157619873,-0.011663495374572987
0.0069,-0.0087,-4.4167737435841445,-0.020883737475359362,-0.011574291471887398
0.006999999999999999,-0.0087,-4.418406417402169,-0.019827111305795248,-0.0114067843667367
0.007100000000000001,-0.0087,-4.4161466385389305,-0.017979373579995944,-0.011526305577100876
0.0072,-0.0087,-4.418528447402094,-0.016582123209618705,-0.010940312229815714
0.0073,-0.0087,-4.416673028374592,-0.015105858076217569,-0.010813963476558247
0.0074,-0.0087,-4.4196865674660195,-0.01374194757561393,-0.010076598117263838
0.0075,-0.0087,-4.421015122997669,-0.012056053496183858,-0.009413538975726235
0.0076,-0.0087,-4.422816768569867,-0.010984387621775997,-0.008767625090225493
0.0077,-0.0087,-4.426812211206339,-0.009474709158026302,-0.00811594255418356
0.0078,-0.0087,-4.428776715688662,-0.007905843944349686,-0.0071429827425632175
0.0079,-0.0087,-4.43190405167454,-0.006747858653700612,-0.006339852368542168
0.008,-0.0087,-4.434108224174147,-0.00565444756487693,-0.005416912134158776
0.0081,-0.0087,-4.4370153044213785,-0.004592618204889924,-0.004579489625083681
0.0082,-0.0087,-4.439947914699688,-0.0036230982664947815,-0.003723873828962536
0.0083,-0.0087,-4.442063051707538,-0.002792234466786061,-0.0029083089572998645
0.0084,-0.0087,-4.443976207219856,-0.0020468734511744414,-0.0021218454252953808
0.0085,-0.0087,-4.445974344312629,-0.0014210010953939018,-0.001367800057940642
0.0086,-0.0087,-4.447609851518093,-0.0008887109118795003,-0.000699612563248812
0.0087,-0.0087,-4.4481864747535935,-0.0004426007246811094,-5.311103310194548e-05
0.0088,-0.0087,-4.449852253695914,-9.457734171840781e-05,0.0004952604943103736
0.0089,-0.0087,-4.44985817155736,0.00015683236946737312,0.0009847395570749375
0.009,-0.0087,-4.4501153991690945,0.0003272636873361232,0.0013831978671568247
0.0091,-0.0087,-4.451396663993729,0.0004343314661665021,0.001696658186340276
0.0092,-0.0087,-4.450214255845228,0.00047601604170869114,0.001918810398466803
0.0093,-0.0087,-4.448738446897506,0.0004751946061188246,0.0020596100586281127
0.0094,-0.0087,-4.447373216197881,0.0003980490530141989,0.0020775203475362452
0.0095,-0.0087,-4.449941290690699,0.0003556838773274159,0.002028918750627401
0.0096,-0.0087,-4.450190565649872,0.00028754492354487695,0.0019275558770592894
0.0097,-0.0087,-4.446408699722546,0.00015914603581764376,0.0016583126620994188
0.0098,-0.0087,-4.448092773387644,0.0001060907460897725,0.0012474496526193781
0.0099,-0.0087,-4.447205928031128,3.3001580691505316e-05,0.0007080489839399285
0.01,-0.0087,-4.447338622062284,0.0,0.0
0.0,-0.0086,-4.301490180640148,0.0,0.0
0.0001,-0.0086,-4.3084634094077225,-1.2650576201103355e-05,-0.00018507238737673648
0.0002,-0.0086,-4.310528991731605,-9.899787082679316e-05,-0.00010083605627887079
0.0003,-0.0086,-4.3122277776235665,-0.00025222805520950766,8.783362095066911e-05
0.0004,-0.0086,-4.312734275554301,-0.0004799008761120697,0.0002601754372775456
0.0005,-0.0086,-4.312606714033171,-0.0006871187140583206,0.0005719396918884832
0.0006,-0.0086,-4.313808834284773,-0.0009989960019082633,0.0008700713662685281
0.0007,-0.0086,-4.313767337363994,-0.001374789667510098,0.0012115001609577132
0.0008,-0.0086,-4.3143848429332845,-0.0017735962967020632,0.0016216038385208813
0.0009,-0.0086,-4.315729507519299,-0.0022307326210722006,0.0020389103904466356
0.001,-0.0086,-4.315751126407655,-0.0027506124999182044,0.002484872543391273
0.0011,-0.0086,-4.3164151524534615,-0.003331398898384213,0.0029192564322251743
0.0012,-0.0086,-4.317748314054546,-0.0039547640760188105,0.003415243502865463
0.0013000000000000002,-0.0086,-4.319262066145762,-0.004647979723308284,0.003857933674700899
0.0014,-0.0086,-4.320520339919863,-0.005386078095268354,0.004372644385402337
0.0015,-0.0086,-4.321417187934811,-0.006245367308670491,0.0049642649453622446
0.0016,-0.0086,-4.3239557732724805,-0.007056874207600406,0.005351530471674718
0.0017,-0.0086,-4.325968768081351,-0.008032317799642892,0.005966669584663065
0.0018,-0.0086,-4.329034408118439,-0.009061208281847342,0.006339378245285441
0.0019,-0.0086,-4.332496062262508,-0.009900975791910701,0.007012792791492226
0.002,-0.0086,-4.33570912011777,-0.01110477089176147,0.007504342061847912
0.0021,-0.0086,-4.3397743398371755,-0.012123779455913213,0.007849120611702664
0.0022,-0.0086,-4.343874537052069,-0.013422524106788064,0.00821349387186726
0.0023,-0.0086,-4.3488739702278885,-0.014525291082909715,0.008665605910039273
0.0024,-0.0086,-4.3542468725918475,-0.016015228445942727,0.009078770192778023
0.0025,-0.0086,-4.360942023667118,-0.017013963911434837,0.009301427831666468
0.0026000000000000003,-0.0086,-4.366920253391634,-0.018268386634225506,0.00988085036285902
0.0027,-0.0086,-4.3752443722792975,-0.01936208819268755,0.010042592974456555
0.0028,-0.0086,-4.383022797796664,-0.02013867305090728,0.010016304577957304
0.0029,-0.0086,-4.391090292396656,-0.0217553109909574,0.010189095510478098
0.003,-0.0086,-4.396719695778389,-0.023045626895266114,0.010115385915815062
0.0031,-0.0086,-4.407050433167465,-0.023999344579571952,0.010147864973059926
0.0032,-0.0086,-4.415422859319678,-0.024976836738757332,0.010101434115781875
0.0033000000000000004,-0.0086,-4.42897825149273,-0.026159887691874717,0.009948596424846641
0.0034,-0.0086,-4.434009594014739,-0.027124084311869547,0.009696325060798155
0.0034999999999999996,-0.0086,-4.446314755939877,-0.02784588201378988,0.00949829111099535
0.0036,-0.0086,-4.4555541949510316,-0.02872896555589507,0.008979317214040277
0.0037,-0.0086,-4.462328402929035,-0.029731632760074258,0.008648043594561197
0.0038,-0.0086,-4.468732616749948,-0.030239884030657055,0.008233287536169295
0.0039,-0.0086,-4.482396495702264,-0.0309703189504313,0.007716155553226189
0.004,-0.0086,-4.490834920059783,-0.031668914705460065,0.007166732222238542
0.0041,-0.0086,-4.495279180270712,-0.03222985703641191,0.006645339935702037
0.0042,-0.0086,-4.504013877346579,-0.032775251313580916,0.0059035932509657
0.0043,-0.0086,-4.509119107159527,-0.03323782024932676,0.005216791201087562
0.0044,-0.0086,-4.511718807281579,-0.033815041583845164,0.004399865051677609
0.0045,-0.0086,-4.515264841837444,-0.03425254713142718,0.0037875706718461678
0.0046,-0.0086,-4.523065753884987,-0.03462535320197302,0.00301677640380573
0.0047,-0.0086,-4.520913817061492,-0.03522287918158088,0.002127117198456846
0.0048,-0.0086,-4.524620521258471,-0.0348816060804146,0.0013478417569742218
0.0049,-0.0086,-4.522752646698103,-0.035235694539778144,0.0004181513442240289
0.005,-0.0086,-4.526394756212659,-0.03574404800839084,-0.00040734517304838306
0.0051,-0.0086,-4.523750392636985,-0.03515656014544338,-0.001290251148380505
0.005200000000000001,-0.0086,-4.525131507086758,-0.035191904903715335,-0.0022290494300592242
0.0053,-0.0086,-4.518411464229242,-0.03531261135744279,-0.0031287056367763607
0.0054,-0.0086,-4.517101373484066,-0.034592456523610586,-0.004016571247916545
0.0055,-0.0086,-4.511529885420689,-0.03513325806691756,-0.0048603456791764445
0.0056,-0.0086,-4.504948343906595,-0.03466053134016891,-0.005766469254156583
0.005700000000000001,-0.0086,-4.502035132079447,-0.034068851595672286,-0.006622137049705299
0.0058,-0.0086,-4.49433202975684,-0.033853295487856074,-0.007486015960500716
0.0059,-0.0086,-4.491842556617009,-0.03280279054704823,-0.008308745578526976
0.006,-0.0086,-4.485679768253347,-0.032690697847536025,-0.009055546541749969
0.0061,-0.0086,-4.478910822249796,-0.031708826967565495,-0.00975784332154383
0.0062,-0.0086,-4.4704522867312475,-0.031048454198925324,-0.010530252773874593
0.0063,-0.0086,-4.466377644708151,-0.030093638623224624,-0.011157959218933651
0.0064,-0.0086,-4.4570229908503425,-0.029232231377327163,-0.011735347861072776
0.006499999999999999,-0.0086,-4.4535599260754415,-0.028189864483560957,-0.012073059853282468
0.006600000000000001,-0.0086,-4.444999205344835,-0.027305004767925075,-0.012477740044449426
0.0067,-0.0086,-4.444174910802956,-0.026054110883933654,-0.012819127224667019
0.0068,-0.0086,-4.4364991854279,-0.024790492810752164,-0.012908383979436881
0.0069,-0.0086,-4.4337781442036475,-0.023613863935933416,-0.01300315821351191
0.006999999999999999,-0.0086,-4.4316063607647465,-0.022169833749711695,-0.01301973430240239
0.007100000000000001,-0.0086,-4.430674183870842,-0.020728844225237443,-0.012872375948978977
0.0072,-0.0086,-4.425995905870968,-0.01867065016923311,-0.012393873737269832
0.0073,-0.0086,-4.425488936135825,-0.017154787550544715,-0.012022807204398035
0.0074,-0.0086,-4.428624473765969,-0.015810366408414652,-0.01161901063240148
0.0075,-0.0086,-4.428148889028427,-0.014583914908930332,-0.010923698304670043
0.0076,-0.0086,-4.428629579870913,-0.01253862032974127,-0.010118350735222768
0.0077,-0.0086,-4.430214228895155,-0.011228792005630296,-0.009646042466169619
0.0078,-0.0086,-4.432634548541017,-0.009833132738727997,-0.008471733399127051
0.0079,-0.0086,-4.434834166989068,-0.008391479328317334,-0.007699769257677897
0.008,-0.0086,-4.437172708555085,-0.007204822023472091,-0.006584446973983327
0.0081,-0.0086,-4.439783844308139,-0.005961107241026182,-0.005714866622509745
0.0082,-0.0086,-4.441398610914694,-0.00475662866858334,-0.004683123963474953
0.0083,-0.0086,-4.444013422180201,-0.0037603238832577463,-0.003802572482858266
0.0084,-0.0086,-4.445722709797042,-0.002961265484560555,-0.0028553710816123217
0.0085,-0.0086,-4.446824674408382,-0.002178469692897201,-0.002031167070571771
0.0086,-0.0086,-4.4489243221593915,-0.0015523731449440853,-0.0012159450506351217
0.0087,-0.0086,-4.449832226468806,-0.0010197934276316586,-0.00048768736324362143
0.0088,-0.0086,-4.45071784106982,-0.0005891376478327267,0.00015620900354238831
0.0089,-0.0086,-4.451454421506649,-0.00024749995603008695,0.0007499319349840596
0.009,-0.0086,-4.451614097882514,-1.3064981535341591e-05,0.0011955299067071467
0.0091,-0.0086,-4.451991348003425,0.00015845540159440232,0.0015788321459921269
0.0092,-0.0086,-4.451048154094133,0.00025833216316441325,0.001895841573342708
0.0093,-0.0086,-4.450730602980648,0.0002910749387240737,0.0021020818947960177
0.0094,-0.0086,-4.450025590315186,0.0002837590158902528,0.0022075087782737484
0.0095,-0.0086,-4.451827733689474,0.00029742763812672926,0.0021395786843009064
0.0096,-0.0086,-4.453051895890028,0.0002282537587110652,0.002012540411395768
0.0097,-0.0086,-4.451253057928779,0.00011686732993241417,0.001742168014807404
0.0098,-0.0086,-4.450017241270834,8.176749155068505e-05,0.0013037879307651627
0.0099,-0.0086,-4.449757285216855,2.872157656235561e-05,0.0007437766507850468
0.01,-0.0086,-4.448940558059949,0.0,0.0
0.0,-0.0085,-4.310099188295675,0.0,0.0
0.0001,-0.0085,-4.308904386166851,-1.200837585190694e-05,4.701716643292723e-05
0.0002,-0.0085,-4.309679196297269,-0.00016995048176322977,5.947042313898541e-05
0.0003,-0.0085,-4.311237821917004,-0.0003418624797582989,0.0002389792020077476
0.0004,-0.0085,-4.311616964185742,-0.0006054111685852376,0.0005283187275535077
0.0005,-0.0085,-4.311898258662111,-0.0008858284251511252,0.0008605412739542294
0.0006,-0.0085,-4.312326253642165,-0.0012373498344606078,0.0012198873176062451
0.0007,-0.0085,-4.313534925840481,-0.0016428033859979979,0.0016160036496394596
0.0008,-0.0085,-4.313573050666835,-0.0021266210709654314,0.002102048838939692
0.0009,-0.0085,-4.314626206552202,-0.0026396592689131777,0.002558535115330604
0.001,-0.0085,-4.315793503969979,-0.0032445611150090344,0.003052926012613321
0.0011,-0.0085,-4.316831895776871,-0.0038894486790752806,0.003538348100396455
0.0012,-0.0085,-4.317751146592073,-0.004588260767743108,0.004176761196446684
0.0013000000000000002,-0.0085,-4.319082555288464,-0.005384425419108947,0.004605937701843941
0.0014,-0.0085,-4.32041806533437,-0.006233274833702692,0.005131162583103737
0.0015,-0.0085,-4.322669403518579,-0.0069775900204900355,0.005770310562445683
0.0016,-0.0085,-4.324665453551932,-0.008037828343799769,0.0064110871663444965
0.0017,-0.0085,-4.328095167307854,-0.009067319490658698,0.006887181096892273
0.0018,-0.0085,-4.330741654094982,-0.010124283187898306,0.007386610609487004
0.0019,-0.0085,-4.334728526920565,-0.010929125750434318,0.007955282867024767
0.002,-0.0085,-4.3382706853998405,-0.012062792141334095,0.008678815484607373
0.0021,-0.0085,-4.343213277571599,-0.013632849341942725,0.009092951098553107
0.0022,-0.0085,-4.34844673205423,-0.014308986803634245,0.009603524681421945
0.0023,-0.0085,-4.354083292026114,-0.016086354377677605,0.009831920855894408
0.0024,-0.0085,-4.361055827100434,-0.017408899260311455,0.010120068818186431
0.0025,-0.0085,-4.3675302148133754,-0.018389427788483587,0.010691590512769127
0.0026000000000000003,-0.0085,-4.375421071781465,-0.019567922027412952,0.010933934717241068
0.0027,-0.0085,-4.3843751467417285,-0.020781065647318776,0.011059076509415885
0.0028,-0.0085,-4.392511462830539,-0.022052197511150656,0.011248926552543169
0.0029,-0.0085,-4.402117219118376,-0.022992981580158407,0.011281851347062258
0.003,-0.0085,-4.412065446195122,-0.024345416022116418,0.011470788520208297
0.0031,-0.0085,-4.423033124363673,-0.025652023938259806,0.011302905380507372
0.0032,-0.0085,-4.426622662876477,-0.026277068283661026,0.011295502456247154
0.0033000000000000004,-0.0085,-4.441482740863775,-0.027446235112636844,0.01096571149586438
0.0034,-0.0085,-4.454819164335052,-0.028451333479385846,0.01060491441667689
0.0034999999999999996,-0.0085,-4.46283983794073,-0.029209236322753043,0.010437362508641804
0.0036,-0.0085,-4.471524842049714,-0.030061699746620964,0.010018012706123737
0.0037,-0.0085,-4.485275632760592,-0.03080876635950317,0.009465155105047765
0.0038,-0.0085,-4.491657821556768,-0.03151172810430432,0.008991019013474186
0.0039,-0.0085,-4.503260417010217,-0.032539746922533,0.008486518577577554
0.004,-0.0085,-4.5107290113461005,-0.032983063219954686,0.007844170746885277
0.0041,-0.0085,-4.519995591984453,-0.03379110614925306,0.007132285284194787
0.0042,-0.0085,-4.527145048892294,-0.034659229464540225,0.006434885686955556
0.0043,-0.0085,-4.532822593648156,-0.034297633712033836,0.005640088181301874
0.0044,-0.0085,-4.544311488103605,-0.03484905433082023,0.004908053213173069
0.0045,-0.0085,-4.545840480303757,-0.03511675706456074,0.004081557719629799
0.0046,-0.0085,-4.551926676674092,-0.035829567423739966,0.003315891162761325
0.0047,-0.0085,-4.550872343325386,-0.03630355840260231,0.002363628243702338
0.0048,-0.0085,-4.5529588572795765,-0.036204310040600186,0.0015975637968843636
0.0049,-0.0085,-4.5561819035466025,-0.03635962569730441,0.0005501381653048049
0.005,-0.0085,-4.556188415492154,-0.03645753299048338,-0.00029645955808163603
0.0051,-0.0085,-4.555901071974867,-0.03687450988491031,-0.0012113945072086396
0.005200000000000001,-0.0085,-4.550917439203506,-0.03731506559752193,-0.0022239473047634887
0.0053,-0.0085,-4.553079507600887,-0.036732940552180585,-0.0032741941014604314
0.0054,-0.0085,-4.5448654031937545,-0.03662918246473631,-0.0042172684670773895
0.0055,-0.0085,-4.5437357424536415,-0.03600027856441108,-0.005137899803704889
0.0056,-0.0085,-4.5365792282841975,-0.036472910269690344,-0.006052822530180711
0.005700000000000001,-0.0085,-4.5305573986446825,-0.03540769201770503,-0.00703298933276535
0.0058,-0.0085,-4.527276687844703,-0.03540235644949179,-0.007904510590374928
0.0059,-0.0085,-4.517947538851959,-0.03464270630581238,-0.008852570836285217
0.006,-0.0085,-4.51454280621505,-0.034471735970788744,-0.00976430364893604
0.0061,-0.0085,-4.504855636520931,-0.033676581595220606,-0.010464526754790296
0.0062,-0.0085,-4.500704968658571,-0.03294544073659415,-0.011137010644149065
0.0063,-0.0085,-4.488541516836341,-0.032296614593034546,-0.012083813592957305
0.0064,-0.0085,-4.480899998196209,-0.03163968274876421,-0.012578927314467959
0.006499999999999999,-0.0085,-4.4746967484322715,-0.0304283080372614,-0.013101433823078918
0.006600000000000001,-0.0085,-4.467194427721979,-0.029707912701512646,-0.013559375583409512
0.0067,-0.0085,-4.462391875812226,-0.028047723873162834,-0.014000658078002723
0.0068,-0.0085,-4.458791921900413,-0.026916446711124187,-0.014231531494487382
0.0069,-0.0085,-4.450445628933269,-0.02570560510846468,-0.014413874029203936
0.006999999999999999,-0.0085,-4.449745242909588,-0.024389082801735632,-0.014351014916774346
0.007100000000000001,-0.0085,-4.441175043332561,-0.023289955899505943,-0.014090555739496089
0.0072,-0.0085,-4.440080914743086,-0.02139183035341333,-0.01408749227618261
0.0073,-0.0085,-4.436908702734009,-0.01938038599321599,-0.013755927682908259
0.0074,-0.0085,-4.437200903641177,-0.017757715345705267,-0.013092284533566657
0.0075,-0.0085,-4.435340095023365,-0.016268570826501256,-0.012454190422748505
0.0076,-0.0085,-4.434752846248991,-0.014606208775934363,-0.011864453435424027
0.0077,-0.0085,-4.436630782516792,-0.013340840323945237,-0.011026023535511298
0.0078,-0.0085,-4.437400474085947,-0.011292795466108306,-0.010046091937545415
0.0079,-0.0085,-4.438957305115642,-0.009984069942645401,-0.008965653229925739
0.008,-0.0085,-4.440084197482509,-0.00865643488149397,-0.008026675674153194
0.0081,-0.0085,-4.442066132039268,-0.007286059147842541,-0.006929742311329369
0.0082,-0.0085,-4.443316984598027,-0.006130938092411085,-0.005790566614738298
0.0083,-0.0085,-4.445131729882468,-0.0048856973846808606,-0.004796688168515872
0.0084,-0.0085,-4.447061747502639,-0.0038947747772871792,-0.0037423521976626332
0.0085,-0.0085,-4.4486010751341505,-0.003008050256580972,-0.002756202168949713
0.0086,-0.0085,-4.450165631209303,-0.0022619322953951375,-0.0018767792317551024
0.0087,-0.0085,-4.45096903134557,-0.0016255507701729442,-0.0010199614380553138
0.0088,-0.0085,-4.452114388712158,-0.001107935391097533,-0.00026739033069214386
0.0089,-0.0085,-4.452290602279959,-0.0006768089586628928,0.00039436344492533063
0.009,-0.0085,-4.452590362925188,-0.0003531939287033697,0.0009658690845450167
0.0091,-0.0085,-4.454145734536467,-0.00012386314346140106,0.001433531043165362
0.0092,-0.0085,-4.453464146300948,3.934948124041134e-05,0.001780808502628717
0.0093,-0.0085,-4.453202818747673,0.00012310603141247868,0.002041825744090568
0.0094,-0.0085,-4.4542363605832405,0.0001889235233167282,0.002197724016318807
0.0095,-0.0085,-4.452710875591786,0.0001729773320471585,0.0022002014363491688
0.0096,-0.0085,-4.452445557703007,0.0001448167931299929,0.002038911283105099
0.0097,-0.0085,-4.4517603615798125,0.00012609861708970458,0.00175290998154
0.0098,-0.0085,-4.449759076653317,6.183722975108733e-05,0.001363522720224445
0.0099,-0.0085,-4.451489461970891,2.356637213763967e-05,0.0007875060606196727
0.01,-0.0085,-4.451866522022124,0.0,0.0
0.0,-0.0084,-4.310883144807441,0.0,0.0
0.0001,-0.0084,-4.309752299762473,-9.675042269953742e-05,4.090453605718617e-05
0.0002,-0.0084,-4.309933442818522,-0.0002451545709626442,0.00019304468570055752
0.0003,-0.0084,-4.310071640966957,-0.0004214440931006147,0.0004112839411637171
0.0004,-0.0084,-4.310120695855399,-0.0007352818775647608,0.0007923873039139473
0.0005,-0.0084,-4.310713475634389,-0.001053151337274055,0.0012568791818860642
0.0006,-0.0084,-4.311142091371415,-0.0014806882331697515,0.0016330660357166218
0.0007,-0.0084,-4.311692085587271,-0.0019549769787905106,0.002116755527212118
0.0008,-0.0084,-4.3121705651026465,-0.0024829763075576213,0.0026288523881964937
0.0009,-0.0084,-4.314001977919795,-0.0030984960961395174,0.0031385662118370845
0.001,-0.0084,-4.314271204482434,-0.0037505095250869123,0.003688225558615192
0.0011,-0.0084,-4.315691638209622,-0.004435789807051753,0.00427750216529967
0.0012,-0.0084,-4.317018266558604,-0.00524620092035842,0.004810027015703471
0.0013000000000000002,-0.0084,-4.3192492885674,-0.006010262441204637,0.005446406350420395
0.0014,-0.0084,-4.321050770790897,-0.006956025270367755,0.006128879643133463
0.0015,-0.0084,-4.3239192059721745,-0.008046392662573893,0.006605834366048957
0.0016,-0.0084,-4.326266141730303,-0.00892758777237476,0.007290885019455746
0.0017,-0.0084,-4.329043831783131,-0.01000518868002448,0.007994214018022824
0.0018,-0.0084,-4.332838918750989,-0.01101031244471348,0.00865942074979782
0.0019,-0.0084,-4.337436328700969,-0.01218018510798214,0.009307619751975969
0.002,-0.0084,-4.342668112177753,-0.013335786249388274,0.009940156484509842
0.0021,-0.0084,-4.34788953018793,-0.014632554257524577,0.010167870388226048
0.0022,-0.0084,-4.353267246602699,-0.015529022767282847,0.010720642053003661
0.0023,-0.0084,-4.360661564205736,-0.01676706290797107,0.01114580837701381
0.0024,-0.0084,-4.368630774417587,-0.01834401114631578,0.011587889650519188
0.0025,-0.0084,-4.376180311005697,-0.0196480938680186,0.011935790239292789
0.0026000000000000003,-0.0084,-4.386504597460247,-0.02092987643001002,0.012327967801510908
0.0027,-0.0084,-4.395750640830723,-0.02213871024822959,0.012448396215081698
0.0028,-0.0084,-4.404472868074034,-0.023156282447305884,0.012463365347244227
0.0029,-0.0084,-4.415956253010136,-0.024356033807586042,0.01239965967331825
0.003,-0.0084,-4.425704361034222,-0.025493080286163917,0.012487323604523051
0.0031,-0.0084,-4.441126006694186,-0.026522262784534803,0.012332023423985879
0.0032,-0.0084,-4.452962890296438,-0.027491151054738996,0.012180586802317355
0.0033000000000000004,-0.0084,-4.461683722937349,-0.028597110205109334,0.011878713703516728
0.0034,-0.0084,-4.473275852910932,-0.02970963124708699,0.011585317019244661
0.0034999999999999996,-0.0084,-4.483767180342818,-0.030563710444741928,0.011265021560623666
0.0036,-0.0084,-4.498641649742168,-0.031298159683857116,0.010726634929654581
0.0037,-0.0084,-4.506763248247389,-0.03217761295357726,0.01024975240001852
0.0038,-0.0084,-4.5196310648967275,-0.03302132803624385,0.009624025907455772
0.0039,-0.0084,-4.53109036656717,-0.033814924590375196,0.009080276921781255
0.004,-0.0084,-4.541047941970205,-0.03438118885504941,0.00842186183187833
0.0041,-0.0084,-4.545530851890082,-0.03448020595064526,0.0077180484778168875
0.0042,-0.0084,-4.55552991586612,-0.03509014291445637,0.007022976191293668
0.0043,-0.0084,-4.566172319963742,-0.035692682948927246,0.006050213881022899
0.0044,-0.0084,-4.568535570059492,-0.036157654320811534,0.005341772736766441
0.0045,-0.0084,-4.576886754205995,-0.03639613046090303,0.004551897393909749
0.0046,-0.0084,-4.581849621476534,-0.036875543780694596,0.0035649606655099616
0.0047,-0.0084,-4.582121946543266,-0.03696920473708886,0.0026775062678147817
0.0048,-0.0084,-4.588602953536278,-0.0376966003995478,0.0016939721445088437
0.0049,-0.0084,-4.587489171354453,-0.037646784405483136,0.0007508331636888427
0.005,-0.0084,-4.593339283688775,-0.037952545210171364,-0.00025008207175793043
0.0051,-0.0084,-4.591339296771984,-0.03728825327873878,-0.0012691628421052363
0.005200000000000001,-0.0084,-4.590257964128815,-0.038030957385226945,-0.002221738159281494
0.0053,-0.0084,-4.584162249475699,-0.03825781706606943,-0.0033369868884899935
0.0054,-0.0084,-4.578416983990185,-0.03744046898747443,-0.004285109245425922
0.0055,-0.0084,-4.578159642397896,-0.03770375220804705,-0.005375745979677478
0.0056,-0.0084,-4.570230285179129,-0.037610458332847665,-0.006343817369946728
0.005700000000000001,-0.0084,-4.568144125558752,-0.03668772404202133,-0.007291503323442589
0.0058,-0.0084,-4.558895688899719,-0.03678332837596963,-0.00829040609717102
0.0059,-0.0084,-4.554514146859062,-0.036668350270514787,-0.009224049221921092
0.006,-0.0084,-4.548632229427017,-0.03589846137442107,-0.01013748620981887
0.0061,-0.0084,-4.541454595651322,-0.03489988555601495,-0.01100770415229583
0.0062,-0.0084,-4.532178543707454,-0.034641924005464356,-0.012075133383691462
0.0063,-0.0084,-4.517531004524432,-0.03372187501264032,-0.012784350758884944
0.0064,-0.0084,-4.512019504311617,-0.03307248092853026,-0.013638887298844674
0.006499999999999999,-0.0084,-4.503661425965065,-0.03262633313334048,-0.01425020728825683
0.006600000000000001,-0.0084,-4.49352994225512,-0.03162611303316069,-0.014707404432134542
0.0067,-0.0084,-4.488469517765297,-0.030314067535562084,-0.015120166574635994
0.0068,-0.0084,-4.483003652881721,-0.029397170215288135,-0.0156017670480934
0.0069,-0.0084,-4.472456951069691,-0.028110368380312525,-0.015753485833234413
0.006999999999999999,-0.0084,-4.466218501071483,-0.026307928227442125,-0.0157046035562497
0.007100000000000001,-0.0084,-4.4630387186517,-0.024947120651471272,-0.015738834510523495
0.0072,-0.0084,-4.456776429724323,-0.023333578154135726,-0.015631418095451217
0.0073,-0.0084,-4.4531149908313425,-0.021691106555661678,-0.015350177370960436
0.0074,-0.0084,-4.447706728420626,-0.02022871840465242,-0.01469636074143868
0.0075,-0.0084,-4.444947636034131,-0.01859528391173476,-0.014360090217075464
0.0076,-0.0084,-4.444491472058153,-0.017241627679159655,-0.013407126552868992
0.0077,-0.0084,-4.443345935621338,-0.015231114910960962,-0.012614908319297402
0.0078,-0.0084,-4.442382027084734,-0.013446903742669184,-0.011530218183142121
0.0079,-0.0084,-4.443514771280577,-0.011963573898419726,-0.010586782358425393
0.008,-0.0084,-4.443952273718595,-0.010195342790685638,-0.00950594476501393
0.0081,-0.0084,-4.444736563177648,-0.008653102253887818,-0.008240073669707105
0.0082,-0.0084,-4.445724000225953,-0.00743008998635869,-0.007181239821567014
0.0083,-0.0084,-4.4475333498437895,-0.006090415145970014,-0.005978746201850623
0.0084,-0.0084,-4.448811260345525,-0.004930100488011147,-0.004715591832499828
0.0085,-0.0084,-4.450193161508916,-0.00394423700406681,-0.003656578663293208
0.0086,-0.0084,-4.4513498530181375,-0.0029999803716572134,-0.002628259074253049
0.0087,-0.0084,-4.452424541296687,-0.00224879022478212,-0.001669276598436055
0.0088,-0.0084,-4.45288785845724,-0.0016424232565739648,-0.000782293439562269
0.0089,-0.0084,-4.453682001366241,-0.0011289679798669881,-7.427676194365885e-06
0.009,-0.0084,-4.454583587412342,-0.000725238581418841,0.0006413680979187313
0.0091,-0.0084,-4.454835239554849,-0.00039650503514291284,0.001207363100812887
0.0092,-0.0084,-4.4554720249989215,-0.0001906327681294063,0.0016628279986929371
0.0093,-0.0084,-4.454639325079292,-4.032614936734717e-05,0.0019435982753677394
0.0094,-0.0084,-4.454708151859976,5.990744552808301e-05,0.0021142217567558506
0.0095,-0.0084,-4.457319096536807,7.56124906721007e-05,0.0021609939038005743
0.0096,-0.0084,-4.452110718925341,7.831086980677623e-05,0.0020866299957265863
0.0097,-0.0084,-4.450197272750997,0.00011545493332782515,0.0018662995098680272
0.0098,-0.0084,-4.454158986429398,4.398311778350432e-05,0.0014629494857477977
0.0099,-0.0084,-4.45348130656741,1.0059562912828358e-05,0.0008146932831593657
0.01,-0.0084,-4.454143304686725,0.0,0.0
0.0,-0.0083,-4.306530216701074,0.0,0.0
0.0001,-0.0083,-4.310607632938415,-0.00013285503487249077,0.00018734356923331497
0.0002,-0.0083,-4.307566669170782,-0.00022476548654656796,0.0005037993395772678
0.0003,-0.0083,-4.308616092086727,-0.0004983563892571548,0.0007245995555781056
0.0004,-0.0083,-4.309635150572246,-0.0008603748366956967,0.0011546606134345602
0.0005,-0.0083,-4.309823376549612,-0.0012647875525214935,0.0015764057622632513
0.0006,-0.0083,-4.310820869376181,-0.0017172757988578047,0.0021378614005776553
0.0007,-0.0083,-4.311164841023272,-0.002263701348954754,0.0026638593469921097
0.0008,-0.0083,-4.3122660735286535,-0.0028505608403901037,0.0032236958699636015
0.0009,-0.0083,-4.313021023606989,-0.003521975872437904,0.0038446117534394007
0.001,-0.0083,-4.3151730785992,-0.004194252331030517,0.004420720331894195
0.0011,-0.0083,-4.316371736148451,-0.004957980514248872,0.005076154242285318
0.0012,-0.0083,-4.317947326322744,-0.005866041975102894,0.005699412471810686
0.0013000000000000002,-0.0083,-4.319505195576386,-0.006723051044788763,0.0063332925363469884
0.0014,-0.0083,-4.321360756601636,-0.007663545892012663,0.0069721248458883365
0.0015,-0.0083,-4.324335304068951,-0.008849222067910062,0.007734544071476554
0.0016,-0.0083,-4.328142654616459,-0.009718397202100324,0.00856952031113496
0.0017,-0.0083,-4.331520915469747,-0.010841881839813867,0.009052169399883065
0.0018,-0.0083,-4.336449215904478,-0.012130182534288096,0.009957797973824411
0.0019,-0.0083,-4.34125090581273,-0.013223862854122066,0.010182358946470916
0.002,-0.0083,-4.346906946868784,-0.014337307974180681,0.011078834811818816
0.0021,-0.0083,-4.3535132617663965,-0.01569310587143188,0.011269816707667905
0.0022,-0.0083,-4.360976259724681,-0.016894304153732814,0.012110353013045447
0.0023,-0.0083,-4.369676433512355,-0.018246522011685123,0.012347782661377019
0.0024,-0.0083,-4.377022627905187,-0.01953998080596981,0.012822692709929348
0.0025,-0.0083,-4.38877406881481,-0.020782104783528765,0.013046949096951688
0.0026000000000000003,-0.0083,-4.398591908689383,-0.021894931811054563,0.013298104540278294
0.0027,-0.0083,-4.4080895055383245,-0.02312613440622926,0.013574898876160896
0.0028,-0.0083,-4.419801387292167,-0.024378693455212794,0.013654120618021195
0.0029,-0.0083,-4.431123411401627,-0.02558313754481233,0.013661876883880018
0.003,-0.0083,-4.4440821033346145,-0.026859465269633488,0.013529163517965837
0.0031,-0.0083,-4.458299856016702,-0.027615303155494833,0.01342512772812479
0.0032,-0.0083,-4.468897825984034,-0.02871816086325006,0.013254443274290928
0.0033000000000000004,-0.0083,-4.478448582501483,-0.029663884084585937,0.012866927176899976
0.0034,-0.0083,-4.495296974818498,-0.030709224543699423,0.012482226865977173
0.0034999999999999996,-0.0083,-4.511490682645394,-0.03144113019838704,0.012001720465589723
0.0036,-0.0083,-4.519986434874093,-0.0323475976501298,0.01156210273914844
0.0037,-0.0083,-4.5337413200008285,-0.03311300998421652,0.010897983677122488
0.0038,-0.0083,-4.545454286298848,-0.03350238650716223,0.010416963582771851
0.0039,-0.0083,-4.557185767857717,-0.034732811846157764,0.009790836710449204
0.004,-0.0083,-4.568122110099309,-0.03491372130948879,0.0089953698054218
0.0041,-0.0083,-4.573795697878648,-0.03537333942459125,0.00844081762747812
0.0042,-0.0083,-4.588471710902109,-0.035979299048175914,0.007494885920772511
0.0043,-0.0083,-4.597847153774397,-0.036468283882321095,0.00667149898984018
0.0044,-0.0083,-4.599995231770384,-0.03683192115839175,0.005598409283323502
0.0045,-0.0083,-4.608326967225297,-0.0369268612739912,0.004773146404043932
0.0046,-0.0083,-4.614153992663944,-0.03700011886137871,0.003782546156919675
0.0047,-0.0083,-4.617858201735424,-0.03789629359680313,0.0028365033461982252
0.0048,-0.0083,-4.620692996918537,-0.03825346653097764,0.0019280694412808922
0.0049,-0.0083,-4.627147449554037,-0.038878188662776925,0.0009415715876710083
0.005,-0.0083,-4.628811299515351,-0.03831585955589776,-2.8189633950869745e-06
0.0051,-0.0083,-4.624133416662843,-0.03908781981931228,-0.0010908890806294541
0.005200000000000001,-0.0083,-4.62547480715807,-0.039029995836790565,-0.002049309932410429
0.0053,-0.0083,-4.62565036378982,-0.03822314033440221,-0.0032650482529233194
0.0054,-0.0083,-4.623356795818496,-0.03884661932481365,-0.004488667896607556
0.0055,-0.0083,-4.614338742191358,-0.038395580377953126,-0.005499589717732666
0.0056,-0.0083,-4.610422447456866,-0.03813472180134619,-0.006448394252665854
0.005700000000000001,-0.0083,-4.600352191040163,-0.038117131340138444,-0.007578594313673474
0.0058,-0.0083,-4.597640217706581,-0.037517402630318025,-0.008658932231025726
0.0059,-0.0083,-4.592582659201102,-0.037521074957925504,-0.00960393485805077
0.006,-0.0083,-4.584861248934654,-0.037621538615571694,-0.010706043143004964
0.0061,-0.0083,-4.57430899938046,-0.03719375002502461,-0.01171695872121486
0.0062,-0.0083,-4.562912181112652,-0.036612335368461146,-0.01273343666787494
0.0063,-0.0083,-4.554640455882614,-0.03546985670197526,-0.013458650210133642
0.0064,-0.0083,-4.544658997395158,-0.035278098603853246,-0.014271889279619476
0.006499999999999999,-0.0083,-4.535586895297884,-0.034060862047860414,-0.015044967636331608
0.006600000000000001,-0.0083,-4.527705827010114,-0.03364373792006627,-0.015811966607442256
0.0067,-0.0083,-4.516216747278739,-0.03198334065178127,-0.016264449441190206
0.0068,-0.0083,-4.50484473390385,-0.03057520017956262,-0.01672980096558422
0.0069,-0.0083,-4.495178270505196,-0.029754596901085735,-0.016924832121059837
0.006999999999999999,-0.0083,-4.4885889660229115,-0.02867818404405453,-0.0171454269508253
0.007100000000000001,-0.0083,-4.4847540198320806,-0.027082667054614408,-0.017245721756103963
0.0072,-0.0083,-4.475432963595815,-0.02591514300817397,-0.017145866675315983
0.0073,-0.0083,-4.465251979518139,-0.024150086508678233,-0.016915785890940737
0.0074,-0.0083,-4.462457817682422,-0.02251789507760385,-0.016595589514501935
0.0075,-0.0083,-4.45837494328549,-0.020565457343198264,-0.016192950893949093
0.0076,-0.0083,-4.453453470319882,-0.018764767390763673,-0.015263814145030597
0.0077,-0.0083,-4.450902809018843,-0.01683959190256526,-0.01428957138459921
0.0078,-0.0083,-4.450269914322564,-0.015383548429802564,-0.013263597480108505
0.0079,-0.0083,-4.449308480980995,-0.013537720114140768,-0.012088677348399435
0.008,-0.0083,-4.448518604298188,-0.012082131274937069,-0.01085292056307486
0.0081,-0.0083,-4.448474785067381,-0.010265492887452154,-0.009810819715083059
0.0082,-0.0083,-4.448598662954797,-0.008814318697786833,-0.008440360085311233
0.0083,-0.0083,-4.4504845215030615,-0.007252853083114086,-0.007275178467153536
0.0084,-0.0083,-4.450592112090438,-0.006078743365692682,-0.005976336498378223
0.0085,-0.0083,-4.451414635150288,-0.00480085897287326,-0.004758008862206438
0.0086,-0.0083,-4.452869080064094,-0.0038292951737702156,-0.003485751850903301
0.0087,-0.0083,-4.452753188953607,-0.0029405105801965084,-0.00244021792875293
0.0088,-0.0083,-4.454534234108175,-0.0021885198818229323,-0.0014023421797705448
0.0089,-0.0083,-4.455929032666248,-0.0015736855846592544,-0.0005167140744223824
0.009,-0.0083,-4.454972801414876,-0.0010587675290710218,0.00026674378713864377
0.0091,-0.0083,-4.455736699694024,-0.0006954091058038298,0.0009191234984416888
0.0092,-0.0083,-4.45644524531427,-0.0003995162994299907,0.001432426975173903
0.0093,-0.0083,-4.456826168191446,-0.00019931012835772502,0.001822316431564346
0.0094,-0.0083,-4.456214303781107,-7.412443701604892e-05,0.0020613524779928036
0.0095,-0.0083,-4.453982268395152,4.666974468085008e-06,0.0021339641505162864
0.0096,-0.0083,-4.4536612172588095,6.233356013978249e-05,0.0021025746287697228
0.0097,-0.0083,-4.460829689083645,4.922082004787416e-05,0.0018877583431038038
0.0098,-0.0083,-4.459512839745175,-3.05840575027807e-06,0.0014366458717559318
0.0099,-0.0083,-4.455849910862784,1.0907698115201041e-05,0.000811246575613756
0.01,-0.0083,-4.453922142528429,0.0,0.0
0.0,-0.0082,-4.306495182228399,0.0,0.0
0.0001,-0.0082,-4.3060344412932245,-8.737208795630732e-05,0.0002922951976131299
0.0002,-0.0082,-4.3065094071030465,-0.0002956180356462169,0.0006094393520245838
0.0003,-0.0082,-4.308057877621017,-0.0005786932447182133,0.0010443817787175733
0.0004,-0.0082,-4.308975470062027,-0.0009690396726276864,0.0015406431261503293
0.0005,-0.0082,-4.30943106557928,-0.001430700753232197,0.0020497797671592977
0.0006,-0.0082,-4.310054069197895,-0.0019711277941208485,0.0026345965352692377
0.0007,-0.0082,-4.310963712723118,-0.002564947777626857,0.003240765106919565
0.0008,-0.0082,-4.311619995107675,-0.0032219385468233996,0.0038361762098075925
0.0009,-0.0082,-4.312550220477392,-0.003921730159538326,0.004591371443358773
0.001,-0.0082,-4.313903096013339,-0.004694188744119758,0.005162481955900956
0.0011,-0.0082,-4.315552454939523,-0.0055162457498356444,0.005908096662143792
0.0012,-0.0082,-4.317690963656495,-0.006471443231732688,0.006572168023686097
0.0013000000000000002,-0.0082,-4.320500133236502,-0.007233172329474351,0.007439323611964957
0.0014,-0.0082,-4.323649990535509,-0.00855049057771878,0.008101791083196858
0.0015,-0.0082,-4.326022732691428,-0.009462350177186917,0.008742819317327365
0.0016,-0.0082,-4.330533281780669,-0.010653369964279244,0.009467060474811079
0.0017,-0.0082,-4.335264686409942,-0.011920701005456336,0.01040149157411598
0.0018,-0.0082,-4.340162594796702,-0.012893040840813245,0.010915245559700257
0.0019,-0.0082,-4.3466535801366035,-0.014288790403024535,0.011583789070654112
0.002,-0.0082,-4.353000810097883,-0.015255762249858727,0.012347407321906742
0.0021,-0.0082,-4.359892632482642,-0.01675850491738362,0.012777199388930436
0.0022,-0.0082,-4.370104007078914,-0.01816477388580722,0.013049408059089801
0.0023,-0.0082,-4.377994381628008,-0.019265435106933383,0.013567182875717966
0.0024,-0.0082,-4.38877128598198,-0.020468870549383705,0.014201499479092364
0.0025,-0.0082,-4.397805557539351,-0.021942419306540163,0.014303870676217446
0.0026000000000000003,-0.0082,-4.41284376308747,-0.0230104640023357,0.014700473792060381
0.0027,-0.0082,-4.422608802994477,-0.02424072693333882,0.014733833177742456
0.0028,-0.0082,-4.43562254904903,-0.02556804990546673,0.014725255728169701
0.0029,-0.0082,-4.451658975945687,-0.02653373544566985,0.014856778549697509
0.003,-0.0082,-4.46165424852245,-0.027584600148218646,0.014583551988552247
0.0031,-0.0082,-4.474403815672902,-0.02851822274826249,0.01448582760940438
0.0032,-0.0082,-4.492778273076394,-0.029462581256925302,0.014090971759370264
0.0033000000000000004,-0.0082,-4.5036564380925395,-0.03030533112637738,0.013809795409509535
0.0034,-0.0082,-4.518543500143526,-0.03131583934578811,0.013343113981449193
0.0034999999999999996,-0.0082,-4.538658709892537,-0.03229868852672262,0.012900218249423218
0.0036,-0.0082,-4.5512722856243455,-0.032631114223175,0.012302166529656875
0.0037,-0.0082,-4.559483522799239,-0.03405408888509532,0.011809991329101356
0.0038,-0.0082,-4.573693960915084,-0.03423624759400479,0.01117256701983445
0.0039,-0.0082,-4.582556570724769,-0.03499683658236799,0.010181036009558204
0.004,-0.0082,-4.597494795464604,-0.03517843117586665,0.009682505243653343
0.0041,-0.0082,-4.609779452958297,-0.03629900730491691,0.008950894196360757
0.0042,-0.0082,-4.622654425821299,-0.03665653453662059,0.00812182978134257
0.0043,-0.0082,-4.635320497079843,-0.03702482564445961,0.007002782565707806
0.0044,-0.0082,-4.642799814844528,-0.03709769868267121,0.00615733267754133
0.0045,-0.0082,-4.658268912650392,-0.03801878622061606,0.005287943119531454
0.0046,-0.0082,-4.654662304548481,-0.03840276673852971,0.0040536082245731095
0.0047,-0.0082,-4.6525867442567765,-0.038274561689293454,0.0031343312216967293
0.0048,-0.0082,-4.654071163273287,-0.03828862622167381,0.0020658987028365178
0.0049,-0.0082,-4.6620513083027095,-0.03834573589931819,0.0010851932311103857
0.005,-0.0082,-4.664490629991085,-0.03919652881672915,-5.5323018270381524e-05
0.0051,-0.0082,-4.669953953549999,-0.03892302677613889,-0.0011356286593227096
0.005200000000000001,-0.0082,-4.680726679773738,-0.03975609700221701,-0.002332902198048834
0.0053,-0.0082,-4.661703959318302,-0.03928761592792619,-0.003423977673224821
0.0054,-0.0082,-4.665816506249583,-0.03881148871207512,-0.004580656457374425
0.0055,-0.0082,-4.647028389529683,-0.039292665959161435,-0.005652713793210358
0.0056,-0.0082,-4.643862055425646,-0.039386579649981095,-0.00664580540989064
0.005700000000000001,-0.0082,-4.642882326562132,-0.03801734841163143,-0.007755338180653531
0.0058,-0.0082,-4.635917272053889,-0.039079403636908296,-0.008851048927440588
0.0059,-0.0082,-4.631137423198652,-0.0382955197577338,-0.009963694596073389
0.006,-0.0082,-4.620577321634499,-0.03783343347835439,-0.011079497303189693
0.0061,-0.0082,-4.611587666130121,-0.038204504434115105,-0.01204142112816679
0.0062,-0.0082,-4.599996985519735,-0.03733158082286475,-0.013204406309872286
0.0063,-0.0082,-4.589773205983016,-0.0365428882812503,-0.014025976649449197
0.0064,-0.0082,-4.579013790990895,-0.03642738416503485,-0.015016931992312438
0.006499999999999999,-0.0082,-4.570384316298561,-0.03554622128677706,-0.015852577956539212
0.006600000000000001,-0.0082,-4.557592097024434,-0.035067148721103183,-0.01637921690626834
0.0067,-0.0082,-4.545842438132287,-0.03373698559833922,-0.017231297630282607
0.0068,-0.0082,-4.53480936584405,-0.03295355328336671,-0.017737350782610763
0.0069,-0.0082,-4.521275653747481,-0.03159556478540171,-0.01819896250542256
0.006999999999999999,-0.0082,-4.514601881031112,-0.03019530575915117,-0.018361754534490456
0.007100000000000001,-0.0082,-4.506537130617311,-0.029282098360928228,-0.018661871547685557
0.0072,-0.0082,-4.493137641494131,-0.027672468243165705,-0.01852851939292417
0.0073,-0.0082,-4.486305259364461,-0.02608319600893674,-0.018528587703488364
0.0074,-0.0082,-4.478982662408214,-0.024460408308510602,-0.01828465449876573
0.0075,-0.0082,-4.473995855309345,-0.02265117991326309,-0.017528925707770003
0.0076,-0.0082,-4.467387148880454,-0.02102480527179467,-0.017032452245325225
0.0077,-0.0082,-4.463243137733595,-0.019121804785956046,-0.01623763901449474
0.0078,-0.0082,-4.458158809834483,-0.01720640808785903,-0.015238420225762252
0.0079,-0.0082,-4.455398745664337,-0.01533646480839834,-0.013953368516073981
0.008,-0.0082,-4.454241877967316,-0.0136077549391948,-0.012822856377446979
0.0081,-0.0082,-4.4527344619201195,-0.011941816255869271,-0.011486365207562339
0.0082,-0.0082,-4.452303974080398,-0.010116353781597573,-0.009961410848243465
0.0083,-0.0082,-4.452189457018642,-0.008524396020612196,-0.008602263336966362
0.0084,-0.0082,-4.452590674339179,-0.007049233658367783,-0.0072441965057774595
0.0085,-0.0082,-4.453368522191904,-0.005859761239490637,-0.005844460412445667
0.0086,-0.0082,-4.4543061488097395,-0.004611285038225464,-0.004496194852730486
0.0087,-0.0082,-4.455280051389587,-0.0036655976716995515,-0.0032795687860644705
0.0088,-0.0082,-4.455946176607904,-0.0027627656868241274,-0.002155355989355993
0.0089,-0.0082,-4.456000761834161,-0.0020512841473635936,-0.0011254504883177942
0.009,-0.0082,-4.456753541509695,-0.0014606474223165045,-0.0002363406642400825
0.0091,-0.0082,-4.457742442205005,-0.0009951629911044656,0.0005384563349342908
0.0092,-0.0082,-4.457825746246742,-0.0006157694444726317,0.0011623896459330377
0.0093,-0.0082,-4.458474765734303,-0.0003577930067448622,0.0016261414912950509
0.0094,-0.0082,-4.456954033812908,-0.0001894204281819655,0.0019397532286957262
0.0095,-0.0082,-4.457001441942984,-8.185551183749472e-05,0.0021092353270052433
0.0096,-0.0082,-4.457852752563046,-2.221587289624828e-05,0.0020571787825188477
0.0097,-0.0082,-4.4576427866888295,-1.8794048854410504e-05,0.0018074114174085236
0.0098,-0.0082,-4.45679791430281,-4.082094195415154e-06,0.0014030612410307556
0.0099,-0.0082,-4.45454583982948,1.8643062158311255e-05,0.0008067305574060376
0.01,-0.0082,-4.456262941879361,0.0,0.0
0.0,-0.0081,-4.306362398003168,0.0,0.0
0.0001,-0.0081,-4.306839719965915,-0.00011562776269201299,0.0003863381049028106
0.0002,-0.0081,-4.305999653130553,-0.0003403819250197761,0.000854967418804661
0.0003,-0.0081,-4.307074156372933,-0.0006665262718294104,0.0014195376697764617
0.0004,-0.0081,-4.30814828178513,-0.0011097189998327769,0.0019960056158336128
0.0005,-0.0081,-4.308341119279101,-0.0016184543991152962,0.0026153058542261773
0.0006,-0.0081,-4.30928227228984,-0.0022189790509508206,0.0032401655754379674
0.0007,-0.0081,-4.310172823173863,-0.0028653549218458935,0.0038886322818023605
0.0008,-0.0081,-4.311424639340131,-0.0035615208312956242,0.004602876659325569
0.0009,-0.0081,-4.312911429489107,-0.004337372242958388,0.005305268065592
0.001,-0.0081,-4.314816029792539,-0.005244011701995258,0.006034620760256255
0.0011,-0.0081,-4.316122251669567,-0.0060939776751856405,0.006815021713676078
0.0012,-0.0081,-4.318240990914291,-0.00711077452508887,0.007437897096647217
0.0013000000000000002,-0.0081,-4.321946214744636,-0.008088945514803185,0.008247559609807754
0.0014,-0.0081,-4.325510487526245,-0.009063295137744485,0.00919002206720782
0.0015,-0.0081,-4.328582854985438,-0.010247417988886679,0.009934834928194787
0.0016,-0.0081,-4.33371877992534,-0.011371772933129853,0.010642294265716492
0.0017,-0.0081,-4.338878818711516,-0.012476050873932044,0.011350955600401067
0.0018,-0.0081,-4.346158505649653,-0.013858807150020153,0.012183758157739411
0.0019,-0.0081,-4.352730484304568,-0.015136871775185535,0.012681030364478886
0.002,-0.0081,-4.3604318253225385,-0.016431085417412075,0.013551220079320588
0.0021,-0.0081,-4.369303329152842,-0.017734535115222518,0.014219998436781955
0.0022,-0.0081,-4.377843720298143,-0.01906221129666489,0.014474815973672343
0.0023,-0.0081,-4.390834044523001,-0.020379603876948454,0.015071159347099725
0.0024,-0.0081,-4.401990020700721,-0.021573522605583675,0.01529803499435287
0.0025,-0.0081,-4.416389087621331,-0.02255535728807051,0.015505532708614052
0.0026000000000000003,-0.0081,-4.424930342221796,-0.023901708204598304,0.01565092581531249
0.0027,-0.0081,-4.439100729803183,-0.025043442137307016,0.01592171498194904
0.0028,-0.0081,-4.456559131189181,-0.026346409196277988,0.015823388093548673
0.0029,-0.0081,-4.473741134893777,-0.027173395167656513,0.015725144943403182
0.003,-0.0081,-4.482842946220205,-0.02832382080648307,0.01568058390641665
0.0031,-0.0081,-4.499864980400623,-0.029559544322001554,0.015356182021350374
0.0032,-0.0081,-4.515320340967651,-0.030364035900659447,0.01493660052110005
0.0033000000000000004,-0.0081,-4.530883192515043,-0.03118723967322508,0.014760161404156475
0.0034,-0.0081,-4.547509233031747,-0.03178474562515323,0.014222858574311333
0.0034999999999999996,-0.0081,-4.5592294791371515,-0.03303846654055323,0.013754407557661231
0.0036,-0.0081,-4.583288152016469,-0.03380637438818631,0.01304953627611198
0.0037,-0.0081,-4.590978087956082,-0.03399651054114974,0.01250378852837476
0.0038,-0.0081,-4.602098268282935,-0.03508071587211903,0.011788988812910064
0.0039,-0.0081,-4.620972104138035,-0.03509220435521531,0.010701335618901372
0.004,-0.0081,-4.627205061667721,-0.035795288932965796,0.010142091568438705
0.0041,-0.0081,-4.645031115098535,-0.036573311423609756,0.00959084012375029
0.0042,-0.0081,-4.65950357332529,-0.03681923516813808,0.008566495961226014
0.0043,-0.0081,-4.670861703546269,-0.03753914719620095,0.007404726020487079
0.0044,-0.0081,-4.673810603278864,-0.037421009212744376,0.006374824843032204
0.0045,-0.0081,-4.6966578315347105,-0.03766877231831649,0.005272389582942957
0.0046,-0.0081,-4.693056383838395,-0.03836264344311169,0.004225462158014823
0.0047,-0.0081,-4.690650383418919,-0.03841025025067334,0.003340556431675281
0.0048,-0.0081,-4.695513532808011,-0.03905210849556358,0.0023857669758484443
0.0049,-0.0081,-4.7058190429929825,-0.038354083943116686,0.0014904678161957192
0.005,-0.0081,-4.708331504605907,-0.03940689563904368,0.00020094275948395672
0.0051,-0.0081,-4.71019582761048,-0.03933436744407997,-0.0007151646047438278
0.005200000000000001,-0.0081,-4.7111884557076085,-0.03979644176487233,-0.0020248535478347095
0.0053,-0.0081,-4.713620797184004,-0.03936309004098227,-0.003324127017544775
0.0054,-0.0081,-4.687559818904145,-0.03805791257435502,-0.004358906323829223
0.0055,-0.0081,-4.691265641283295,-0.03936397829867913,-0.005509058228712258
0.0056,-0.0081,-4.697170712268887,-0.03957494646500663,-0.007142247082156854
0.005700000000000001,-0.0081,-4.693280785592379,-0.03924777976585642,-0.007997437711962681
0.0058,-0.0081,-4.679040449368802,-0.03955844237526207,-0.009161927133677434
0.0059,-0.0081,-4.676078135277823,-0.0390072113020235,-0.010220004657864807
0.006,-0.0081,-4.6637206784136245,-0.03865332747704564,-0.011387403952194876
0.0061,-0.0081,-4.651645213252725,-0.03832622191850147,-0.012568431537729735
0.0062,-0.0081,-4.6434491518350915,-0.03808611991924857,-0.013586573486496912
0.0063,-0.0081,-4.629813850260689,-0.0379897152239996,-0.014601458711594857
0.0064,-0.0081,-4.6234150245204715,-0.03750214769247334,-0.01578039291642903
0.006499999999999999,-0.0081,-4.604490964038484,-0.03659700195774548,-0.016412152007122316
0.006600000000000001,-0.0081,-4.591302469483368,-0.03575297283012157,-0.017557071805789453
0.0067,-0.0081,-4.578143903812881,-0.034836291123301985,-0.01812807563463316
0.0068,-0.0081,-4.567553432621825,-0.03430885914373955,-0.018588354142317656
0.0069,-0.0081,-4.553121847475576,-0.032896121601127724,-0.019194779435427065
0.006999999999999999,-0.0081,-4.539836307226036,-0.032436349554501864,-0.01989297217168065
0.007100000000000001,-0.0081,-4.532790645423616,-0.03145778204437317,-0.019874224629989126
0.0072,-0.0081,-4.5178194281013,-0.02951747848780652,-0.020078751903872746
0.0073,-0.0081,-4.508393973144882,-0.028132144505921244,-0.020099784124604347
0.0074,-0.0081,-4.499341768841031,-0.0263695349678577,-0.019686563258263297
0.0075,-0.0081,-4.487300488788531,-0.02486119711895548,-0.019418443972820356
0.0076,-0.0081,-4.482709735654108,-0.023120157201920847,-0.018974844844520857
0.0077,-0.0081,-4.474421828329773,-0.021514353712534545,-0.01845867504707187
0.0078,-0.0081,-4.4681197942119555,-0.019374696709318052,-0.01730837459386384
0.0079,-0.0081,-4.465620401460543,-0.01726483322483205,-0.015670352360046932
0.008,-0.0081,-4.461602324426169,-0.015500542278632937,-0.01473320794133639
0.0081,-0.0081,-4.459198546197297,-0.013193691656842636,-0.013255181608882005
0.0082,-0.0081,-4.4569429156467315,-0.011937339367788811,-0.01175678267479497
0.0083,-0.0081,-4.456398250662144,-0.009941598779347695,-0.010272738499931173
0.0084,-0.0081,-4.455637705181445,-0.008410308137493461,-0.00870209465561206
0.0085,-0.0081,-4.4559847058895885,-0.006916336900569503,-0.0071139285248962465
0.0086,-0.0081,-4.456445793016909,-0.005615874392513259,-0.005655725377952668
0.0087,-0.0081,-4.4565404654067375,-0.004389471521939406,-0.0042849114829900765
0.0088,-0.0081,-4.457563952047819,-0.003383795783917345,-0.0029615357116282784
0.0089,-0.0081,-4.4577538595101025,-0.002538822792374437,-0.0018113257760555724
0.009,-0.0081,-4.458622955810079,-0.001833171069888786,-0.0008070761785579843
0.0091,-0.0081,-4.458634116021324,-0.0012916230942548207,8.638421931101575e-05
0.0092,-0.0081,-4.459391050027982,-0.0008536618194315929,0.0008178216537114415
0.0093,-0.0081,-4.460437637451415,-0.0005422459508792034,0.0013792703272936348
0.0094,-0.0081,-4.46017277229516,-0.00029373800291388526,0.0017766258896171434
0.0095,-0.0081,-4.459635938222664,-0.000144511119850055,0.0019878541579515002
0.0096,-0.0081,-4.458385297727728,-7.228733779873703e-05,0.002002008224889194
0.0097,-0.0081,-4.460603118878757,-4.0818260063456136e-05,0.0018145969812210574
0.0098,-0.0081,-4.457414158447814,2.295861806517294e-06,0.001440632487230247
0.0099,-0.0081,-4.456354413282986,2.443267328752321e-05,0.0008452316550265899
0.01,-0.0081,-4.458289614012418,0.0,0.0
0.0,-0.008,-4.302186603941499,0.0,0.0
0.0001,-0.008,-4.3058079494680594,-0.00013120207476059135,0.0005418582692123161
0.0002,-0.008,-4.306705929894468,-0.0003991073661425617,0.00122908889440572
0.0003,-0.008,-4.306848794765224,-0.0007432639213984674,0.001880344254932958
0.0004,-0.008,-4.3083840202200125,-0.0012313088397960447,0.002529863913820275
0.0005,-0.008,-4.308019972499783,-0.0017980633013922724,0.003219028332179935
0.0006,-0.008,-4.309039906610915,-0.0024377455717409496,0.0038769410328252153
0.0007,-0.008,-4.311719902612649,-0.0031508005945806144,0.004609194195245198
0.0008,-0.008,-4.311457210779165,-0.0038637368398964896,0.005358320990897578
0.0009,-0.008,-4.313425917360216,-0.004751324114206552,0.006073959578559603
0.001,-0.008,-4.314715925182762,-0.005695460278925299,0.006819182548576386
0.0011,-0.008,-4.317385468732997,-0.006565723489566762,0.007775325952728965
0.0012,-0.008,-4.320064310807353,-0.007491248229024804,0.008486354187614118
0.0013000000000000002,-0.008,-4.323494128943869,-0.008673032158834594,0.009489172947046695
0.0014,-0.008,-4.327660466081059,-0.009850336964135668,0.010486159537084185
0.0015,-0.008,-4.3324223597162534,-0.010874847683331211,0.0111592202338785
0.0016,-0.008,-4.337568378057095,-0.01215268743315202,0.012185547196835858
0.0017,-0.008,-4.344525360272236,-0.013449367507298979,0.01255321744364969
0.0018,-0.008,-4.3512244995574845,-0.014555245188419953,0.013488995538653542
0.0019,-0.008,-4.3605593785613515,-0.015779165652369913,0.014297814533460618
0.002,-0.008,-4.368597081213561,-0.01739397229095754,0.014533759053102738
0.0021,-0.008,-4.3779902662975525,-0.01841173144129378,0.015337250635127225
0.0022,-0.008,-4.389768343777625,-0.01977289733514861,0.01586573672456068
0.0023,-0.008,-4.401372140384489,-0.021075555229224663,0.01635720495106191
0.0024,-0.008,-4.414915100300605,-0.022214145847195374,0.01664874972312896
0.0025,-0.008,-4.430354591924998,-0.02336364120556711,0.016798121705623753
0.0026000000000000003,-0.008,-4.446245296425202,-0.02477953482596927,0.016993099522052323
0.0027,-0.008,-4.460222539571358,-0.025924300874648188,0.016937394781945263
0.0028,-0.008,-4.476293959502601,-0.02687243796099338,0.016953748826005335
0.0029,-0.008,-4.494592880755281,-0.027952900413352046,0.01671343034037572
0.003,-0.008,-4.510241104794688,-0.029017690719570534,0.01651831924347011
0.0031,-0.008,-4.524286783033302,-0.02954005657222515,0.016331025016942547
0.0032,-0.008,-4.545219833118241,-0.030885303811196377,0.01596888150375201
0.0033000000000000004,-0.008,-4.560408842014597,-0.031805931408035816,0.015453839313258916
0.0034,-0.008,-4.575746505624885,-0.03257439160257229,0.014881426521932712
0.0034999999999999996,-0.008,-4.590490432635661,-0.032747618826473104,0.014173299120432246
0.0036,-0.008,-4.610088411745651,-0.033506848523675685,0.013767462571922785
0.0037,-0.008,-4.626943453180835,-0.03438622098004861,0.012867059670415279
0.0038,-0.008,-4.635653702569304,-0.035361004941664734,0.012418018471350004
0.0039,-0.008,-4.647157878484407,-0.03513682284219047,0.011407694147340221
0.004,-0.008,-4.663562231123432,-0.0357496510435065,0.01052622635355154
0.0041,-0.008,-4.676905012058974,-0.036682935499468085,0.009672094749588607
0.0042,-0.008,-4.710030814791293,-0.03677678203018027,0.008761582367037382
0.0043,-0.008,-4.707057329545641,-0.03737539027751831,0.007734055965316195
0.0044,-0.008,-4.707845995967333,-0.03759192218758609,0.006462448979852595
0.0045,-0.008,-4.728121577922405,-0.03793244352195589,0.005521469485768387
0.0046,-0.008,-4.7296078980230964,-0.03823274208959452,0.004633226710725834
0.0047,-0.008,-4.7185915029061976,-0.03898377307559808,0.003742104602246694
0.0048,-0.008,-4.732523893695176,-0.038514412807770154,0.0026097488028715785
0.0049,-0.008,-4.758973001188952,-0.03895398325629717,0.0020035750451295703
0.005,-0.008,-4.7620198024289655,-0.03921815883794014,0.0006402158237977392
0.0051,-0.008,-4.761721768835795,-0.0388749401748266,-0.0006470262074154047
0.005200000000000001,-0.008,-4.7405588082853525,-0.039213461943491845,-0.0019037302942568673
0.0053,-0.008,-4.6984242947610415,-0.039242523289300696,-0.004281451936234903
0.0054,-0.008,-4.742636599717679,-0.0398588380889528,-0.0044316257801438495
0.0055,-0.008,-4.767059420359858,-0.04079500421410068,-0.00538582071298069
0.0056,-0.008,-4.724964763483997,-0.03972478350242793,-0.006309759554809092
0.005700000000000001,-0.008,-4.7221989260250945,-0.0398859533711291,-0.007798123445750528
0.0058,-0.008,-4.7029225874352285,-0.039007029463415034,-0.009298910402962036
0.0059,-0.008,-4.724364971032971,-0.039494702333554094,-0.010440351642969893
0.006,-0.008,-4.703081318126517,-0.03977175084571635,-0.01148167236131126
0.0061,-0.008,-4.697310353798727,-0.03912588075059359,-0.012692137521360348
0.0062,-0.008,-4.686480047099807,-0.03881821892942862,-0.013924607842962011
0.0063,-0.008,-4.66609764973878,-0.038428068176571156,-0.015067058561747905
0.0064,-0.008,-4.652407619391459,-0.03818220793756272,-0.01607114085943506
0.006499999999999999,-0.008,-4.645559430393347,-0.03735768834460956,-0.01698117029793443
0.006600000000000001,-0.008,-4.6314050558231905,-0.036484068017410665,-0.01796462398809324
0.0067,-0.008,-4.614893654059482,-0.03643967841513421,-0.018852062961002707
0.0068,-0.008,-4.597795029046122,-0.03466138490573188,-0.019652337058097935
0.0069,-0.008,-4.5885887933777125,-0.03444563801148587,-0.020091886369815796
0.006999999999999999,-0.008,-4.572599072238359,-0.03355561212839088,-0.02065303256279527
0.007100000000000001,-0.008,-4.5605765301177055,-0.03205199222848629,-0.021220152107893443
0.0072,-0.008,-4.547578790868821,-0.031011705358521796,-0.021328269800525122
0.0073,-0.008,-4.5350112315807,-0.029767632791924944,-0.021502183680854246
0.0074,-0.008,-4.524604066402897,-0.028555173409624764,-0.02154828507173665
0.0075,-0.008,-4.506685755597497,-0.026742230239562643,-0.021003184298134196
0.0076,-0.008,-4.498361454746042,-0.025112331392319623,-0.020571952931545335
0.0077,-0.008,-4.489320705478418,-0.023313646918114325,-0.019805629069668557
0.0078,-0.008,-4.481721057115205,-0.021061311669210117,-0.018969426903911787
0.0079,-0.008,-4.474497194820114,-0.01913188197911895,-0.018049618513646948
0.008,-0.008,-4.4698219296535,-0.017372228477121342,-0.01641501211780656
0.0081,-0.008,-4.465993161675823,-0.015128944101962014,-0.015236584476134567
0.0082,-0.008,-4.462247193155053,-0.01326810193531578,-0.013565526065357204
0.0083,-0.008,-4.460439000739983,-0.011432600585610199,-0.012029786228814586
0.0084,-0.008,-4.45921517767124,-0.009612801260099184,-0.010228494392753492
0.0085,-0.008,-4.45826137534137,-0.007979501260661914,-0.008630098525723768
0.0086,-0.008,-4.458040060483067,-0.006564237601043065,-0.006835707571466227
0.0087,-0.008,-4.458355983258173,-0.005203497410666043,-0.005497778956572942
0.0088,-0.008,-4.458620119614636,-0.004042775782858893,-0.004006186242314952
0.0089,-0.008,-4.459251223906996,-0.003077919098773662,-0.0026610200723085
0.009,-0.008,-4.459488023392369,-0.0022821484554174792,-0.0014726787412755956
0.0091,-0.008,-4.46088957960092,-0.0016130749257641389,-0.0004399407856374008
0.0092,-0.008,-4.461471431380327,-0.00109772886125834,0.00040679925751183944
0.0093,-0.008,-4.461839416907769,-0.0007102246373896707,0.0010733419109617154
0.0094,-0.008,-4.461908284946604,-0.000415703746242916,0.0015537976776701474
0.0095,-0.008,-4.462287909032578,-0.00021829624052725023,0.001876166333122325
0.0096,-0.008,-4.463496897185161,-0.00011290824410922285,0.0019795669406606153
0.0097,-0.008,-4.464095438818854,-4.94275703219884e-05,0.0017990618064309153
0.0098,-0.008,-4.464636556980592,-4.424372319653353e-06,0.0013772907059233137
0.0099,-0.008,-4.465280027015245,-6.1501710151040965e-06,0.0008435514638659953
0.01,-0.008,-4.462688588683061,0.0,0.0
0.0,-0.0079,-4.3063250040742505,0.0,0.0
0.0001,-0.0079,-4.306270565909061,-0.0001513305130717652,0.0007838332925957877
0.0002,-0.0079,-4.307751506521867,-0.00038932793692429744,0.0015081695157989899
0.0003,-0.0079,-4.3064225196222585,-0.0008283276074623954,0.002330643823875424
0.0004,-0.0079,-4.308068720612943,-0.001366614459167621,0.0030617092147247446
0.0005,-0.0079,-4.3099195053979855,-0.0019663875225172426,0.0038268535027288263
0.0006,-0.0079,-4.309301389225078,-0.002674029132814037,0.004596208294898986
0.0007,-0.0079,-4.31071548336854,-0.0034675658912375314,0.005368182379818197
0.0008,-0.0079,-4.311748542247187,-0.004206269433512692,0.006176895762943104
0.0009,-0.0079,-4.314227105349109,-0.0051196166461892215,0.007084875033370107
0.001,-0.0079,-4.315630817521495,-0.00607825523021733,0.0078084437254483585
0.0011,-0.0079,-4.318591125850538,-0.007047036811448561,0.008838101374324564
0.0012,-0.0079,-4.321771566055105,-0.008113512816493716,0.009729289354116794
0.0013000000000000002,-0.0079,-4.32622533638403,-0.009148066700455254,0.010482541034548869
0.0014,-0.0079,-4.33102662316939,-0.01041051954620485,0.011357522106642438
0.0015,-0.0079,-4.336631751324147,-0.011718993202838791,0.012447119046228392
0.0016,-0.0079,-4.343731422327762,-0.012827938508449287,0.01317817393299378
0.0017,-0.0079,-4.3506200934907575,-0.014116815709302236,0.014259718297535699
0.0018,-0.0079,-4.359303890486826,-0.015409351346335082,0.014866389694230452
0.0019,-0.0079,-4.368307580445235,-0.016661111207397855,0.0153525425371826
0.002,-0.0079,-4.381087689529214,-0.01775427288153207,0.01602957094628998
0.0021,-0.0079,-4.392534478776592,-0.01921045406042261,0.016726649267987764
0.0022,-0.0079,-4.405060827398622,-0.02050230171113297,0.01718990061307739
0.0023,-0.0079,-4.416342830450054,-0.021587634391249513,0.017430790054995295
0.0024,-0.0079,-4.428555992248607,-0.022894730209544713,0.017842631930060287
0.0025,-0.0079,-4.443889271166496,-0.02408464747973728,0.018005726333149945
0.0026000000000000003,-0.0079,-4.461871688086451,-0.025210273341938805,0.01809521077931751
0.0027,-0.0079,-4.479006116571182,-0.026358219848137444,0.018082534677256814
0.0028,-0.0079,-4.497038508617917,-0.02749772385068158,0.018025939307340085
0.0029,-0.0079,-4.51377103367293,-0.028306617341143803,0.01781117884247653
0.003,-0.0079,-4.532264814790743,-0.029375674685063302,0.017646180485358993
0.0031,-0.0079,-4.551037546150545,-0.030194883907638533,0.0172923657119714
0.0032,-0.0079,-4.5675236811314095,-0.031024556834749507,0.016892279480931995
0.0033000000000000004,-0.0079,-4.586776762211524,-0.03192987755916153,0.016442570983006197
0.0034,-0.0079,-4.60497608478061,-0.03240236698905036,0.015499512069904601
0.0034999999999999996,-0.0079,-4.626565938139348,-0.033738824406684645,0.015056518164220364
0.0036,-0.0079,-4.640426639582956,-0.03422888178638141,0.014120600668622186
0.0037,-0.0079,-4.658341063342485,-0.035008336805867714,0.013758248663789503
0.0038,-0.0079,-4.670905297993102,-0.03494154308344549,0.012945932555440976
0.0039,-0.0079,-4.692584861948476,-0.03550029240625394,0.012066482385123728
0.004,-0.0079,-4.703600360689507,-0.03592411126659486,0.010924614869998937
0.0041,-0.0079,-4.720692105712898,-0.03607892321955706,0.009920054207166915
0.0042,-0.0079,-4.731777788478792,-0.03694289491340521,0.008972196572366467
0.0043,-0.0079,-4.744978671899803,-0.037386806180904134,0.007830641519658498
0.0044,-0.0079,-4.753419758923083,-0.037349740994925044,0.007011044251174345
0.0045,-0.0079,-4.747132824885113,-0.03844244321328227,0.005985719721581769
0.0046,-0.0079,-4.762115915451776,-0.03848900652364221,0.0050516702763218
0.0047,-0.0079,-4.770896855723648,-0.03809621258025072,0.004330195492558835
0.0048,-0.0079,-4.777857724449425,-0.038081096602647406,0.0031126585014107904
0.0049,-0.0079,-4.788332985636439,-0.03809248907924569,0.001388875940185671
0.005,-0.0079,-4.811268421027539,-0.03854143940770984,0.00019932648568620569
0.0051,-0.0079,-4.802295431987858,-0.037471175826684,-0.0008683505413244003
0.005200000000000001,-0.0079,-4.794517040865475,-0.03794202962677166,-0.0018767832359046104
0.0053,-0.0079,-4.771880475707052,-0.039882162707523275,-0.0027653052432836944
0.0054,-0.0079,-4.825579190351859,-0.03876181247692189,-0.003251495686065917
0.0055,-0.0079,-4.79323773481935,-0.03901751546661461,-0.005239114944513234
0.0056,-0.0079,-4.777614478359651,-0.03799276131499539,-0.00851192961520642
0.005700000000000001,-0.0079,-4.756681212013088,-0.038471194368937915,-0.009631031462676281
0.0058,-0.0079,-4.780674289671981,-0.04043296503898369,-0.009621565964998205
0.0059,-0.0079,-4.751672929530979,-0.03939856023352611,-0.010860520361394241
0.006,-0.0079,-4.7600040270378265,-0.03892173569278227,-0.011683950827084887
0.0061,-0.0079,-4.729912380793205,-0.038721145094916934,-0.012984989946900262
0.0062,-0.0079,-4.732336932033574,-0.038614573840718015,-0.014171583704479244
0.0063,-0.0079,-4.705065697839565,-0.03858888607330979,-0.015363750825816017
0.0064,-0.0079,-4.699287054498723,-0.03840398263285381,-0.016602972850734404
0.006499999999999999,-0.0079,-4.69005237331788,-0.037413769845737195,-0.01753628316603028
0.006600000000000001,-0.0079,-4.679169774979017,-0.0380182004514236,-0.01847652206893606
0.0067,-0.0079,-4.651748811182462,-0.03691327575929292,-0.019580829071124614
0.0068,-0.0079,-4.641214696555108,-0.035832503803196025,-0.02050232299887199
0.0069,-0.0079,-4.625822665728268,-0.03534932349736671,-0.021047654369940653
0.006999999999999999,-0.0079,-4.605420914153849,-0.0345344622415716,-0.02189289976745895
0.007100000000000001,-0.0079,-4.590489763277251,-0.03382345458835053,-0.02243256468181557
0.0072,-0.0079,-4.5788121364922745,-0.03229876630387712,-0.022852383578656474
0.0073,-0.0079,-4.560201619244893,-0.0315499311952471,-0.02321524857257769
0.0074,-0.0079,-4.548330978627585,-0.03017603482490694,-0.022849414262705054
0.0075,-0.0079,-4.533204112657076,-0.02822558470365747,-0.02264591176510444
0.0076,-0.0079,-4.516069566906862,-0.026709434455430184,-0.022189092471787967
0.0077,-0.0079,-4.508325848693513,-0.02475007476513423,-0.021978056823748916
0.0078,-0.0079,-4.497722911045403,-0.02303240738215339,-0.02090478810330574
0.0079,-0.0079,-4.489479300847082,-0.02088129692691177,-0.01976628380510894
0.008,-0.0079,-4.480790938137601,-0.018871272306187084,-0.018293796508012952
0.0081,-0.0079,-4.473095960156308,-0.016732392490001923,-0.016979281457206064
0.0082,-0.0079,-4.46905990898685,-0.014866791024094248,-0.015638558058482466
0.0083,-0.0079,-4.46554968508928,-0.0129145803700541,-0.013943661467383628
0.0084,-0.0079,-4.463201673514602,-0.010915867207959533,-0.011622593513610583
0.0085,-0.0079,-4.461015104417174,-0.00901521167080715,-0.010185427968935033
0.0086,-0.0079,-4.461086432108779,-0.007582722491321359,-0.008528272789106504
0.0087,-0.0079,-4.459966165431656,-0.006050780142862883,-0.0067985003669383095
0.0088,-0.0079,-4.4603410045852545,-0.004748687425355679,-0.0050949909995739
0.0089,-0.0079,-4.461275734447984,-0.0036544153752133797,-0.0036026345280398826
0.009,-0.0079,-4.461831297567195,-0.0027376027879654065,-0.002285182529374754
0.0091,-0.0079,-4.462087201883861,-0.001971262411053732,-0.0010772855551148559
0.0092,-0.0079,-4.4641181888426935,-0.0013429163285577348,-0.00010332168416689368
0.0093,-0.0079,-4.463208578828115,-0.0009256611549211012,0.0007253746402187131
0.0094,-0.0079,-4.46346093561413,-0.0005433605334629548,0.0013046614637976215
0.0095,-0.0079,-4.4650558366437565,-0.00030107019078754534,0.0016776537454269028
0.0096,-0.0079,-4.4680741732631954,-0.00015202346324340007,0.0018072344081939162
0.0097,-0.0079,-4.4632071018871065,-2.5054259798659773e-05,0.0017511103924152255
0.0098,-0.0079,-4.462676018544694,-1.3968271195569484e-05,0.0013914767419215576
0.0099,-0.0079,-4.46538477209001,-2.731315342309799e-05,0.0008030111773831378
0.01,-0.0079,-4.465066244447855,0.0,0.0
0.0,-0.0078,-4.304478619526558,0.0,0.0
0.0001,-0.0078,-4.305064053545247,-0.00016232342447908906,0.0009638494578486818
0.0002,-0.0078,-4.306457628455035,-0.00048578967041209653,0.0019420402335082528
0.0003,-0.0078,-4.30641282904114,-0.0009049530584812713,0.0028015673985334003
0.0004,-0.0078,-4.308990075745677,-0.0014848474052019606,0.0036197372881653905
0.0005,-0.0078,-4.308446680843731,-0.0021602461936857374,0.004475267251494503
0.0006,-0.0078,-4.310502518631227,-0.0028780787127638545,0.005345609085102085
0.0007,-0.0078,-4.311308417582615,-0.0037324335612681477,0.006218830946445646
0.0008,-0.0078,-4.313575230637848,-0.0045353484737759315,0.0070725383296258056
0.0009,-0.0078,-4.315541094492364,-0.005514257062737668,0.007927390844944454
0.001,-0.0078,-4.317641426600026,-0.006332581015050848,0.008878658234823157
0.0011,-0.0078,-4.320550196066074,-0.0074548304042605625,0.009717303013466478
0.0012,-0.0078,-4.32568316205729,-0.00865881243884198,0.010721317605646333
0.0013000000000000002,-0.0078,-4.329652360512848,-0.009877492123450878,0.011727957151038622
0.0014,-0.0078,-4.335476739378342,-0.011060564607306934,0.012309270285515704
0.0015,-0.0078,-4.342486356364571,-0.012240014910753053,0.013499759391127693
0.0016,-0.0078,-4.349041759594851,-0.013158891943133567,0.014420971491695661
0.0017,-0.0078,-4.35778999889783,-0.014541529551043625,0.015326098966447977
0.0018,-0.0078,-4.366391734962466,-0.015930706794471623,0.015825176339851893
0.0019,-0.0078,-4.3767830968013515,-0.0172594114952711,0.016738179001727686
0.002,-0.0078,-4.389287194620398,-0.018471039232897547,0.017365330946723503
0.0021,-0.0078,-4.401583516755344,-0.019848655223138556,0.017955911204302243
0.0022,-0.0078,-4.417352937105482,-0.02099417368812102,0.018321067570430293
0.0023,-0.0078,-4.433075351682282,-0.022254925460239924,0.018800510820308494
0.0024,-0.0078,-4.449344840124698,-0.023458966824357386,0.018974845591388272
0.0025,-0.0078,-4.464500027095773,-0.02460565906615348,0.019140811320637025
0.0026000000000000003,-0.0078,-4.478944341382777,-0.025807177240599045,0.019216870202060504
0.0027,-0.0078,-4.505279778583937,-0.026615793616631023,0.019260830834938965
0.0028,-0.0078,-4.522898061075054,-0.027650570785674324,0.01914129268285815
0.0029,-0.0078,-4.541283901691855,-0.028684924357842687,0.018705830067228073
0.003,-0.0078,-4.559653569894154,-0.029894490506900608,0.018300562303816454
0.0031,-0.0078,-4.579642088471358,-0.030466819687909732,0.0178986336441968
0.0032,-0.0078,-4.596501605845159,-0.03119920036719086,0.017591556805518282
0.0033000000000000004,-0.0078,-4.618592963780347,-0.03214112421645548,0.017125240384219455
0.0034,-0.0078,-4.638962542943883,-0.03259176226673941,0.01652756006565557
0.0034999999999999996,-0.0078,-4.653713679404784,-0.03313475575279406,0.01568799569868857
0.0036,-0.0078,-4.6755658135284195,-0.03407121276668978,0.015140793685334476
0.0037,-0.0078,-4.694706729837806,-0.034652226303558076,0.014169083331847548
0.0038,-0.0078,-4.7107991827197555,-0.03502918101385364,0.013329676448522097
0.0039,-0.0078,-4.727623833827099,-0.03528117904322861,0.012475646061421148
0.004,-0.0078,-4.746454580856643,-0.03577947509529358,0.011330208376974883
0.0041,-0.0078,-4.757659036558812,-0.03619790243586966,0.010260163397282251
0.0042,-0.0078,-4.778989290009561,-0.03669306367512084,0.009411058138642906
0.0043,-0.0078,-4.784211498486725,-0.03694479538322833,0.00840820993928317
0.0044,-0.0078,-4.800182487831928,-0.037622208249952264,0.007518901083401093
0.0045,-0.0078,-4.805274457755101,-0.03764988095479397,0.0064411407880733814
0.0046,-0.0078,-4.807267281280712,-0.03764032636230319,0.005437534196872609
0.0047,-0.0078,-4.810591779039714,-0.03752835283523925,0.00394602559008041
0.0048,-0.0078,-4.818361863517817,-0.037932708232301486,0.0024347061318084847
0.0049,-0.0078,-4.8310265113378845,-0.03746781108273051,0.0011663862063704775
0.005,-0.0078,-4.832822097809166,-0.03764924577687227,-0.000233641220071841
0.0051,-0.0078,-4.8233509678382696,-0.03931911408159181,-0.0007056729021957449
0.005200000000000001,-0.0078,-4.808197702898463,-0.03783964924098184,-0.0019250267241500184
0.0053,-0.0078,-4.82342961827154,-0.03718202608807481,-0.0026584585702113823
0.0054,-0.0078,-4.873704199537287,-0.03474942651335019,-0.004091900694835707
0.0055,-0.0078,-4.857552369334407,-0.03635653590334282,-0.006460317716866268
0.0056,-0.0078,-4.82175013276656,-0.03799433484256305,-0.006508301719020982
0.005700000000000001,-0.0078,-4.827149542734652,-0.039209425633107864,-0.007200416927416575
0.0058,-0.0078,-4.8066326428169335,-0.03815925309223082,-0.008589181233427346
0.0059,-0.0078,-4.799659126301849,-0.03796128941099261,-0.010637840749916076
0.006,-0.0078,-4.818881331541232,-0.03873576791006908,-0.012817680708459872
0.0061,-0.0078,-4.770017313187025,-0.038910975138720896,-0.013043085790652172
0.0062,-0.0078,-4.785201802568625,-0.038725352906393486,-0.013722267171251468
0.0063,-0.0078,-4.787585367780044,-0.03845422718358354,-0.0154239854434995
0.0064,-0.0078,-4.7547086649868815,-0.03874395475258986,-0.016766102310070422
0.006499999999999999,-0.0078,-4.735474256037778,-0.03815743676095188,-0.018005360375304758
0.006600000000000001,-0.0078,-4.719563973711099,-0.03762663573512133,-0.018996021133885835
0.0067,-0.0078,-4.693644324767172,-0.03736453488641907,-0.02006045563461572
0.0068,-0.0078,-4.677263961650778,-0.036337695659521885,-0.020920841225214776
0.0069,-0.0078,-4.657717799596313,-0.03621358615566306,-0.0217488984260974
0.006999999999999999,-0.0078,-4.642882744669653,-0.0355696492661816,-0.022737355766836616
0.007100000000000001,-0.0078,-4.624980624239853,-0.03443827825136119,-0.023122327590082356
0.0072,-0.0078,-4.604032206038407,-0.03380052533120831,-0.02392105439856659
0.0073,-0.0078,-4.59538916988682,-0.03292858100464934,-0.02405417608190797
0.0074,-0.0078,-4.575239472262952,-0.031207893841163382,-0.024412398473066477
0.0075,-0.0078,-4.560276160968576,-0.029568806914771054,-0.02417715411516265
0.0076,-0.0078,-4.541581874090677,-0.028208867780174382,-0.02435963405529395
0.0077,-0.0078,-4.531789587442534,-0.02634213697334839,-0.02352038462084526
0.0078,-0.0078,-4.5138139903686945,-0.024529582171411036,-0.02286618763237715
0.0079,-0.0078,-4.50160361527452,-0.022866820502055817,-0.02190477432970875
0.008,-0.0078,-4.493351680630488,-0.020539245278330565,-0.02062805717657445
0.0081,-0.0078,-4.485135795136011,-0.01873640376219248,-0.01919863334512978
0.0082,-0.0078,-4.477360574103291,-0.016417708477655543,-0.017619777028933522
0.0083,-0.0078,-4.471933881036093,-0.014432245074065634,-0.016166387866931885
0.0084,-0.0078,-4.4685929842517265,-0.012445082260354285,-0.013903530818621874
0.0085,-0.0078,-4.465769396171701,-0.010571179682227302,-0.01215127935108279
0.0086,-0.0078,-4.464446860610831,-0.008546339952461882,-0.010048434543318841
0.0087,-0.0078,-4.463365930186881,-0.00711936657621097,-0.008252145344118698
0.0088,-0.0078,-4.463034215548369,-0.005547329731293062,-0.0063099154692516125
0.0089,-0.0078,-4.462788872128197,-0.0043032876706689295,-0.004732836826069565
0.009,-0.0078,-4.464524080014964,-0.003250868968133518,-0.003201292904273552
0.0091,-0.0078,-4.464560925588057,-0.002361805562922226,-0.0018252956573823105
0.0092,-0.0078,-4.4644915533394585,-0.0016645027633604087,-0.0006831682917110655
0.0093,-0.0078,-4.46659619456915,-0.0010805643296717309,0.0002650466254928447
0.0094,-0.0078,-4.466402534057846,-0.0006851376418736632,0.0009795842765409131
0.0095,-0.0078,-4.466424628640383,-0.00038560720480667395,0.001442760345211487
0.0096,-0.0078,-4.46742647643328,-0.00018351657264518555,0.0016618133937889024
0.0097,-0.0078,-4.465773310763384,-8.814279171964156e-05,0.0016658153752486448
0.0098,-0.0078,-4.4640226935866965,-2.1406122064568747e-05,0.0014294722026423222
0.0099,-0.0078,-4.463917068574917,1.6326997701086477e-05,0.0008776639391551284
0.01,-0.0078,-4.46646148288227,0.0,0.0
0.0,-0.0077,-4.306014791349083,0.0,0.0
0.0001,-0.0077,-4.307111491186171,-0.00018016549392219254,0.0012247477884842928
0.0002,-0.0077,-4.308585581770769,-0.0005087683879611849,0.00234195826880336
0.0003,-0.0077,-4.308814488504028,-0.000990339718775189,0.0033100620361817554
0.0004,-0.0077,-4.308591103134247,-0.0016082913547582956,0.004302822405379063
0.0005,-0.0077,-4.3109956630511865,-0.002302520978160879,0.005208141637650947
0.0006,-0.0077,-4.310428265452858,-0.0031088320651401578,0.006166275765495796
0.0007,-0.0077,-4.313520651540247,-0.004004343574502358,0.007054878590716288
0.0008,-0.0077,-4.314613974934167,-0.00488354808831802,0.007996530300074864
0.0009,-0.0077,-4.3162594433989785,-0.0058007087588203225,0.008940346024618313
0.001,-0.0077,-4.320233747562052,-0.006854541557858439,0.009864021197287465
0.0011,-0.0077,-4.32399620416227,-0.007891547670505587,0.011089070736972847
0.0012,-0.0077,-4.3286325331982525,-0.009003989832992401,0.011671256695187194
0.0013000000000000002,-0.0077,-4.334314293129034,-0.01019702607649775,0.012962684908669543
0.0014,-0.0077,-4.340740495091208,-0.011479142496655615,0.014104757681777314
0.0015,-0.0077,-4.348151236260175,-0.012608984683717761,0.01463432975664229
0.0016,-0.0077,-4.356323885832716,-0.01392751731749565,0.01560847155068072
0.0017,-0.0077,-4.365161479218701,-0.01541444737325849,0.01674434325288469
0.0018,-0.0077,-4.379205242860804,-0.01655911960721573,0.017141321996078214
0.0019,-0.0077,-4.389815229593479,-0.017709873252582328,0.017775320519445387
0.002,-0.0077,-4.401786304962091,-0.01906031309036801,0.018592208138364354
0.0021,-0.0077,-4.418013104622751,-0.020243255162957174,0.019177461800563705
0.0022,-0.0077,-4.435569518355831,-0.021535246695205002,0.019457913211694624
0.0023,-0.0077,-4.450983042789425,-0.022734083958595327,0.01991139537963563
0.0024,-0.0077,-4.468645319935466,-0.023784874477152843,0.020188486171660386
0.0025,-0.0077,-4.4862641870035045,-0.024967085978846,0.020116656951705
0.0026000000000000003,-0.0077,-4.509006353505711,-0.025939662115024367,0.020367751603284183
0.0027,-0.0077,-4.5222680729242155,-0.02691619400670523,0.02022738264543317
0.0028,-0.0077,-4.5470801396748435,-0.028067195614638663,0.019958712309881645
0.0029,-0.0077,-4.566537089260208,-0.028972372008349442,0.019747627922072592
0.003,-0.0077,-4.587693727012214,-0.029789506570464017,0.019187004572922686
0.0031,-0.0077,-4.610759574219285,-0.030696088096328816,0.018881002249167098
0.0032,-0.0077,-4.631249136512054,-0.030935386033100132,0.0183232752194882
0.0033000000000000004,-0.0077,-4.649397772581199,-0.03185616218255244,0.0177078585866328
0.0034,-0.0077,-4.666720891909469,-0.03278767486185592,0.017000393094792978
0.0034999999999999996,-0.0077,-4.690760781904595,-0.033160774330539135,0.016378677919271455
0.0036,-0.0077,-4.711300900033174,-0.03383278015033169,0.01556044117137105
0.0037,-0.0077,-4.726244195445462,-0.034271218741795374,0.014632636731484384
0.0038,-0.0077,-4.74466596467205,-0.03481294093668371,0.013785066438449817
0.0039,-0.0077,-4.766208209474212,-0.03477044226267713,0.012805983873367649
0.004,-0.0077,-4.7843047194929476,-0.03576096463523606,0.01185404199374238
0.0041,-0.0077,-4.795885600981664,-0.03618883787226889,0.010913268993492771
0.0042,-0.0077,-4.8036152104815715,-0.03636497998740054,0.009795307230899263
0.0043,-0.0077,-4.821885018987813,-0.036364628731271866,0.008770204035932502
0.0044,-0.0077,-4.831343485191173,-0.0368021143818213,0.007608261718686169
0.0045,-0.0077,-4.848144384121507,-0.03644943761343807,0.006743199159678758
0.0046,-0.0077,-4.859335782573971,-0.03693256162718151,0.005409225937389173
0.0047,-0.0077,-4.850394519017888,-0.036951386466111034,0.00425610438554049
0.0048,-0.0077,-4.886513872692813,-0.03757240899470004,0.0030162651691252765
0.0049,-0.0077,-4.879425615471228,-0.03788120740002486,0.0017486516077493152
0.005,-0.0077,-4.900204345422445,-0.038469834289959884,0.00045192442965540856
0.0051,-0.0077,-4.877502638377698,-0.03897203903771751,-0.0012313785892631192
0.005200000000000001,-0.0077,-4.860592695748312,-0.03645329613667518,-0.002026683379112945
0.0053,-0.0077,-4.90897551876487,-0.03806248693506617,-0.003638820336750612
0.0054,-0.0077,-4.889186363287583,-0.038608665218155466,-0.0049663553667131585
0.0055,-0.0077,-4.860896343557696,-0.03827644179192624,-0.005160099265636396
0.0056,-0.0077,-4.834536012038447,-0.03772755872127396,-0.0059764246876541265
0.005700000000000001,-0.0077,-4.868088840573891,-0.03789734201370279,-0.00660503173342488
0.0058,-0.0077,-4.882091052317908,-0.037844002635809906,-0.009256165863516592
0.0059,-0.0077,-4.847699021927072,-0.03700922176158476,-0.011245594781455965
0.006,-0.0077,-4.843509142462181,-0.03882775131039026,-0.011097737268690946
0.0061,-0.0077,-4.828058037708011,-0.03778966231741448,-0.011512070266993413
0.0062,-0.0077,-4.862821040220729,-0.03767497387893671,-0.014235216872866097
0.0063,-0.0077,-4.801794629582832,-0.0383060062944243,-0.01588029043072095
0.0064,-0.0077,-4.769696872037433,-0.03823186917306098,-0.017152134676772342
0.006499999999999999,-0.0077,-4.769529536552069,-0.03824340036497592,-0.018416175776806484
0.006600000000000001,-0.0077,-4.777283732639309,-0.0374671521043482,-0.01935812112522466
0.0067,-0.0077,-4.744535795962368,-0.03713359324725991,-0.020390127188616537
0.0068,-0.0077,-4.712957828225969,-0.0368683116427014,-0.021670796438513384
0.0069,-0.0077,-4.697356817976476,-0.03617327176469353,-0.02241499077207338
0.006999999999999999,-0.0077,-4.686589747173391,-0.035628708342193414,-0.02338277317285108
0.007100000000000001,-0.0077,-4.662417260709063,-0.03543218553890166,-0.024186226850597944
0.0072,-0.0077,-4.641035639299552,-0.03413158296161365,-0.024734298775094605
0.0073,-0.0077,-4.625065627057675,-0.033780764723221744,-0.0255986937906081
0.0074,-0.0077,-4.605289452310561,-0.03206807714524055,-0.02573878934870716
0.0075,-0.0077,-4.588562257048538,-0.03118720154823545,-0.026003817093737863
0.0076,-0.0077,-4.568919958805574,-0.02932963415733088,-0.025642912436002085
0.0077,-0.0077,-4.5517416289389745,-0.028042141457505183,-0.025393950854161868
0.0078,-0.0077,-4.537418859298686,-0.02622023725518251,-0.024844654336082905
0.0079,-0.0077,-4.524763174637737,-0.024281411477556556,-0.0241779973551524
0.008,-0.0077,-4.508843731875838,-0.022500134411810164,-0.02304024904435994
0.0081,-0.0077,-4.498010830673864,-0.019846551212180475,-0.021290385106546048
0.0082,-0.0077,-4.489321483531241,-0.018114407322167993,-0.0194500212463814
0.0083,-0.0077,-4.482138106430845,-0.016246549137046026,-0.01763589166208984
0.0084,-0.0077,-4.4750660636161665,-0.01383613439920543,-0.01619011964025537
0.0085,-0.0077,-4.470972656797099,-0.011880610048892412,-0.013888926096105488
0.0086,-0.0077,-4.468130941408879,-0.009667062784213382,-0.01196113256376777
0.0087,-0.0077,-4.4666621271367,-0.007858081041807494,-0.009884151063753843
0.0088,-0.0077,-4.4665977996621145,-0.006325201539511569,-0.007677993925907411
0.0089,-0.0077,-4.466004736383114,-0.00500306918324103,-0.0059501539384622555
0.009,-0.0077,-4.466256416320532,-0.003748977205789964,-0.004214132502331768
0.0091,-0.0077,-4.466399195250509,-0.0027850742864850564,-0.002673226904026116
0.0092,-0.0077,-4.466792497866161,-0.00196169550009683,-0.00133973014801464
0.0093,-0.0077,-4.468427153362898,-0.001322992555359959,-0.000261869103729277
0.0094,-0.0077,-4.4688746306255105,-0.0008354159463624842,0.0006058724257613229
0.0095,-0.0077,-4.469888862185595,-0.0004983338475202593,0.0012049467150034134
0.0096,-0.0077,-4.467071675557011,-0.0002535857326623054,0.0015481548118337764
0.0097,-0.0077,-4.470046226628591,-0.000135077297445581,0.0015956177598123438
0.0098,-0.0077,-4.4757235684067425,-4.777946940711327e-05,0.001376689288812693
0.0099,-0.0077,-4.470195950108417,2.012935695037512e-05,0.0008906086019469545
0.01,-0.0077,-4.465476546983116,0.0,0.0
0.0,-0.0076,-4.3066876113265575,0.0,0.0
0.0001,-0.0076,-4.3071436869167075,-0.00019207451793873086,0.0014113097252890575
0.0002,-0.0076,-4.309439661762029,-0.0005556522288333098,0.0027371439504800623
0.0003,-0.0076,-4.31071038266754,-0.0010507439343846803,0.003927845031662824
0.0004,-0.0076,-4.3110122893705745,-0.0017146609381281327,0.004981252168183875
0.0005,-0.0076,-4.312383665115619,-0.0024476154375750697,0.0060059030429165765
0.0006,-0.0076,-4.313230550676587,-0.0032938019616683134,0.006988992065007887
0.0007,-0.0076,-4.315751732583107,-0.004219502160973715,0.007983304086912764
0.0008,-0.0076,-4.317699154030945,-0.005169039332477589,0.008989315584732606
0.0009,-0.0076,-4.319678189860992,-0.006133428881442639,0.00983370661985477
0.001,-0.0076,-4.323646121361273,-0.007257170311957661,0.010874984747262735
0.0011,-0.0076,-4.3285465664967955,-0.008359546787909006,0.011837734241205353
0.0012,-0.0076,-4.333137280374027,-0.009503816364577165,0.013054086442235971
0.0013000000000000002,-0.0076,-4.339208889486528,-0.010694073301622968,0.013976345623451545
0.0014,-0.0076,-4.346786660499555,-0.01197650741283432,0.015141625005119211
0.0015,-0.0076,-4.355829463196366,-0.013040594535243578,0.015985544702861117
0.0016,-0.0076,-4.364588014798134,-0.0144050819265588,0.01696079862909675
0.0017,-0.0076,-4.37684657673365,-0.015645643083809897,0.0179002395760804
0.0018,-0.0076,-4.3870344252089435,-0.016912693642837467,0.018636398188371185
0.0019,-0.0076,-4.402497690784554,-0.01817995622757484,0.019240874950441317
0.002,-0.0076,-4.41491307335506,-0.019490490054870847,0.019857879800836333
0.0021,-0.0076,-4.43161121088882,-0.02067464568201406,0.020254427878321914
0.0022,-0.0076,-4.450052489679299,-0.02188119027329175,0.02063908943148343
0.0023,-0.0076,-4.470594433360125,-0.022875420962077595,0.020970676214611836
0.0024,-0.0076,-4.484283655386367,-0.0241057982156737,0.02116961980367954
0.0025,-0.0076,-4.50625361178542,-0.025179622063306054,0.021205476081410272
0.0026000000000000003,-0.0076,-4.530204184557512,-0.02617676772708401,0.021225840323335365
0.0027,-0.0076,-4.552490093260506,-0.02702539134845632,0.02114008213080812
0.0028,-0.0076,-4.571569365450671,-0.028064513337070232,0.020790964379133053
0.0029,-0.0076,-4.595193360716332,-0.028667935104142096,0.020695014785709457
0.003,-0.0076,-4.616795124744391,-0.029781018803904116,0.020096042739348625
0.0031,-0.0076,-4.638458524675635,-0.03047136397142668,0.019543915283317555
0.0032,-0.0076,-4.658937440126587,-0.030969844615921928,0.019163127231452453
0.0033000000000000004,-0.0076,-4.684647955090659,-0.0319344733514361,0.018215048710306225
0.0034,-0.0076,-4.703562894358694,-0.032256089370001746,0.017669865403814922
0.0034999999999999996,-0.0076,-4.7251115799746986,-0.03302432430045938,0.01699430322120259
0.0036,-0.0076,-4.7487018573966715,-0.03319119910319946,0.016120345243777034
0.0037,-0.0076,-4.76497093806397,-0.03362459731468161,0.015021697560593572
0.0038,-0.0076,-4.790674910471311,-0.03429612252191014,0.014211087620322395
0.0039,-0.0076,-4.806719995034804,-0.034275898098813685,0.013119766077238276
0.004,-0.0076,-4.816659370289312,-0.03495152824175947,0.012216473804201109
0.0041,-0.0076,-4.833701679411817,-0.03496509801861691,0.01108998093828796
0.0042,-0.0076,-4.855165146357806,-0.035095821767521955,0.010001288831443186
0.0043,-0.0076,-4.863012002443206,-0.036103622075632356,0.009134315239536148
0.0044,-0.0076,-4.870938285178917,-0.03647298860765009,0.007769039627107347
0.0045,-0.0076,-4.885156373103571,-0.03586674367007091,0.006687957313055732
0.0046,-0.0076,-4.901886295423584,-0.03613735860365742,0.005512711398144525
0.0047,-0.0076,-4.916148746985718,-0.03627083673870209,0.004333748046209162
0.0048,-0.0076,-4.915430216636004,-0.036678378681025435,0.003295466625455596
0.0049,-0.0076,-4.915021202160141,-0.036332955074063505,0.0020992141708516686
0.005,-0.0076,-4.948370279408331,-0.03650826750211761,0.0007943202575366459
0.0051,-0.0076,-4.930807711093276,-0.037415235093206024,-0.0004565179059782508
0.005200000000000001,-0.0076,-4.949728274566496,-0.037146846170648826,-0.0017921743495051157
0.0053,-0.0076,-4.966332962465525,-0.036406289281048575,-0.003081525501364621
0.0054,-0.0076,-4.93000370381268,-0.03855513865509385,-0.0045976837742315165
0.0055,-0.0076,-4.928299498295637,-0.03837788063008936,-0.006203544876535691
0.0056,-0.0076,-4.861013519060759,-0.03750294708471544,-0.007049575952629006
0.005700000000000001,-0.0076,-4.949759880810915,-0.03603736213135532,-0.009380021472226085
0.0058,-0.0076,-4.911132289473838,-0.03851458008904521,-0.009064825145243762
0.0059,-0.0076,-4.872290706554559,-0.038649476336396815,-0.008385637055362263
0.006,-0.0076,-4.899699090417129,-0.03729705772992535,-0.011533072319661731
0.0061,-0.0076,-4.914075212843315,-0.03719741595645724,-0.012914803212402504
0.0062,-0.0076,-4.875477671281919,-0.03787725936020149,-0.015158327802861776
0.0063,-0.0076,-4.847799048569273,-0.03779769059446301,-0.015532381885490141
0.0064,-0.0076,-4.826284362151352,-0.037683610933705286,-0.01682605999707063
0.006499999999999999,-0.0076,-4.8142001526443385,-0.03766856209454373,-0.018734123156452644
0.006600000000000001,-0.0076,-4.800238492558123,-0.03752170672849861,-0.019906511950594633
0.0067,-0.0076,-4.774577898561975,-0.03742930366803845,-0.02047171039631105
0.0068,-0.0076,-4.754382680431569,-0.036628868699456356,-0.021871160159508286
0.0069,-0.0076,-4.747096921753183,-0.03671906816151707,-0.023014070265908626
0.006999999999999999,-0.0076,-4.7221313750779865,-0.03599077596766938,-0.024159531220886776
0.007100000000000001,-0.0076,-4.706461435281369,-0.03568790280298323,-0.024551067406743246
0.0072,-0.0076,-4.681534098507641,-0.03502727601401798,-0.025566294299455356
0.0073,-0.0076,-4.6609896966359585,-0.03397987595764876,-0.026045813264487263
0.0074,-0.0076,-4.6425363589842545,-0.03344431138260314,-0.026634715512973608
0.0075,-0.0076,-4.621826279201806,-0.03160662941981814,-0.027108114295962344
0.0076,-0.0076,-4.596006395741354,-0.0310047513647393,-0.0273805235205719
0.0077,-0.0076,-4.578719760551212,-0.02948446339166838,-0.026922513798608473
0.0078,-0.0076,-4.559563823984948,-0.027831210251825757,-0.026492094973167308
0.0079,-0.0076,-4.542324948849016,-0.02556117914711701,-0.025902278556988984
0.008,-0.0076,-4.526814735717937,-0.024001754011357113,-0.024944792921176063
0.0081,-0.0076,-4.51385966146741,-0.021672705028033378,-0.02347215392290538
0.0082,-0.0076,-4.499517461007925,-0.019967138121028707,-0.022230746483626825
0.0083,-0.0076,-4.49109178649681,-0.017404821337255582,-0.020235223669176048
0.0084,-0.0076,-4.483208576972326,-0.01517361346372665,-0.01865504674859156
0.0085,-0.0076,-4.477206452904181,-0.012993733492886182,-0.016346991833042307
0.0086,-0.0076,-4.4734337226032945,-0.01082458767734901,-0.014104765241959295
0.0087,-0.0076,-4.470842264023901,-0.009103736501609014,-0.011528058418924162
0.0088,-0.0076,-4.468970791981229,-0.007210439860728024,-0.009457282986708171
0.0089,-0.0076,-4.468250290197986,-0.005668029618779602,-0.007294393517416756
0.009,-0.0076,-4.468674107636189,-0.0043875709596520925,-0.005396589423507988
0.0091,-0.0076,-4.469709560521888,-0.0032356512375617125,-0.0036714076298893284
0.0092,-0.0076,-4.469659951129645,-0.0023076043682520994,-0.0020998117457414873
0.0093,-0.0076,-4.470169462683611,-0.0015733323060767275,-0.0008549523353996659
0.0094,-0.0076,-4.471956584403424,-0.0010016196639705184,0.00015612654790000545
0.0095,-0.0076,-4.471578161555284,-0.0005833789845656579,0.0008890347748819003
0.0096,-0.0076,-4.474609132953938,-0.00030254954672413715,0.0013334106741950352
0.0097,-0.0076,-4.4766515456917775,-0.00013632046041561337,0.0014493037370867012
0.0098,-0.0076,-4.473449016019123,-2.8187878608147618e-05,0.0012417501126311297
0.0099,-0.0076,-4.475638064112225,-6.0802983103803085e-06,0.0008094931942401328
0.01,-0.0076,-4.477515677263218,0.0,0.0
0.0,-0.0075,-4.310474353567833,0.0,0.0
0.0001,-0.0075,-4.310891705431517,-0.00020239741694913247,0.001702160936189743
0.0002,-0.0075,-4.309813531833819,-0.0005950478903634732,0.003190689290712715
0.0003,-0.0075,-4.312445113880239,-0.001127009762863198,0.004500518771314405
0.0004,-0.0075,-4.312385258200709,-0.0017812239453406948,0.005697034125982781
0.0005,-0.0075,-4.314221551904203,-0.0026150184436103683,0.00681824845805456
0.0006,-0.0075,-4.315759683263678,-0.003472496658658004,0.007899721003449137
0.0007,-0.0075,-4.31725208270782,-0.004442285317898964,0.008874286981274779
0.0008,-0.0075,-4.320586816931352,-0.005353834508689418,0.009868717392973595
0.0009,-0.0075,-4.323746342705861,-0.006506858819828116,0.010991944620124672
0.001,-0.0075,-4.328206760274407,-0.007412354658708208,0.012171455008506166
0.0011,-0.0075,-4.332406279870721,-0.008572064552184573,0.01347121784804723
0.0012,-0.0075,-4.338852283296716,-0.009814142067744844,0.014327859130283203
0.0013000000000000002,-0.0075,-4.3456566574083055,-0.011012955000926902,0.015092887027761352
0.0014,-0.0075,-4.353437651939772,-0.012328694628221743,0.01620787645120229
0.0015,-0.0075,-4.3642823289331965,-0.01360086439702054,0.01716309640986034
0.0016,-0.0075,-4.375347541420618,-0.014733035080921497,0.018205282371985484
0.0017,-0.0075,-4.388408515847534,-0.01588635732760697,0.019190823651480886
0.0018,-0.0075,-4.397593444614772,-0.01722667335140789,0.019840869337956354
0.0019,-0.0075,-4.412331567829954,-0.018533554702198782,0.020626952363120777
0.002,-0.0075,-4.432034258721807,-0.0197748612198642,0.02112840635978106
0.0021,-0.0075,-4.449929455033686,-0.02094710726281572,0.021518940947044082
0.0022,-0.0075,-4.468981086598566,-0.022135733405244704,0.021920216329815057
0.0023,-0.0075,-4.4916361034337005,-0.023361065036858506,0.02223798841855984
0.0024,-0.0075,-4.511845132347501,-0.02414373923462462,0.02242647906570746
0.0025,-0.0075,-4.530565280560054,-0.025170549507433422,0.02218275637738376
0.0026000000000000003,-0.0075,-4.554189342701299,-0.02600572001912156,0.022023103960639775
0.0027,-0.0075,-4.575161316050219,-0.027251382940373516,0.022099349640998342
0.0028,-0.0075,-4.601039762140447,-0.027985855759206292,0.02182476991093778
0.0029,-0.0075,-4.620819210862042,-0.02853433485677298,0.021439985935492775
0.003,-0.0075,-4.64869074793531,-0.029509900118587496,0.0207797928971315
0.0031,-0.0075,-4.672859859220619,-0.030114360853238632,0.020328885858525075
0.0032,-0.0075,-4.694416120703329,-0.030829193301394955,0.01973883109249487
0.0033000000000000004,-0.0075,-4.719314293194339,-0.03143211527443131,0.01896442515409313
0.0034,-0.0075,-4.740606282080362,-0.03196549881551546,0.018045835769145806
0.0034999999999999996,-0.0075,-4.762502328520311,-0.03226182222360844,0.01733977589166292
0.0036,-0.0075,-4.7827667311331465,-0.03274300460682761,0.01628503271837068
0.0037,-0.0075,-4.804011200921883,-0.03326466280421366,0.015512574760261936
0.0038,-0.0075,-4.81997463821412,-0.033558747918408134,0.014572928637645767
0.0039,-0.0075,-4.845280846193907,-0.0339566012615817,0.013643546428527917
0.004,-0.0075,-4.863153433097615,-0.03448185838731582,0.012617670552167164
0.0041,-0.0075,-4.8702510571135855,-0.03466239031272843,0.011459581406508497
0.0042,-0.0075,-4.896786352887823,-0.03433269613307207,0.01035795650384565
0.0043,-0.0075,-4.902226891018912,-0.03475449898448986,0.00920816419741041
0.0044,-0.0075,-4.910712925497847,-0.03552294871747022,0.008246737683635822
0.0045,-0.0075,-4.9337097322495636,-0.03493525452932077,0.006873411861426481
0.0046,-0.0075,-4.954946642673241,-0.03557939971679263,0.005609447980292561
0.0047,-0.0075,-4.946117034589071,-0.03531531813564271,0.0042897642352741645
0.0048,-0.0075,-4.950526429937161,-0.03519898143120829,0.00303242109012029
0.0049,-0.0075,-4.965544043965462,-0.0359541474288267,0.0022499956363557874
0.005,-0.0075,-4.965129998009671,-0.03596487514425103,0.0008715310513651115
0.0051,-0.0075,-4.992456971133345,-0.03565306515459928,-3.2681495501928064e-05
0.005200000000000001,-0.0075,-4.954302356993103,-0.035822283525354125,-0.0017013143284286371
0.0053,-0.0075,-4.981661800950517,-0.03636316639281333,-0.003414287071574439
0.0054,-0.0075,-4.964208490320769,-0.036747054284654815,-0.004719999251359318
0.0055,-0.0075,-4.909452825023298,-0.03769907568917772,-0.005546260458197766
0.0056,-0.0075,-4.942768825291213,-0.03758190027025805,-0.006722926688238641
0.005700000000000001,-0.0075,-4.990372763644727,-0.036836763883922825,-0.0072543173106257575
0.0058,-0.0075,-4.89160238170833,-0.03699714381553384,-0.009654253686461823
0.0059,-0.0075,-4.920345013751221,-0.03599026458842395,-0.01032128663785381
0.006,-0.0075,-4.952448500531765,-0.037234950549619526,-0.011963125182456997
0.0061,-0.0075,-4.928403240063568,-0.03768190065057073,-0.012967330479527217
0.0062,-0.0075,-4.900865634215945,-0.037014033308133,-0.01433003695118673
0.0063,-0.0075,-4.939050776761147,-0.03661722195288353,-0.014859850292579024
0.0064,-0.0075,-4.907784001767163,-0.036984855272239325,-0.01688561406756059
0.006499999999999999,-0.0075,-4.83874017444256,-0.037367892079495445,-0.018625281818437124
0.006600000000000001,-0.0075,-4.85922158108017,-0.03686891116720864,-0.01938227942967548
0.0067,-0.0075,-4.833703991580926,-0.036098381261083196,-0.02099146014184493
0.0068,-0.0075,-4.806322264615793,-0.03661579892661276,-0.022196665571465306
0.0069,-0.0075,-4.784644729710317,-0.03664365066332436,-0.023079679838524415
0.006999999999999999,-0.0075,-4.7621480518983175,-0.036104115179910135,-0.024197202500440097
0.007100000000000001,-0.0075,-4.746049003432422,-0.03572988929200071,-0.025361373169644354
0.0072,-0.0075,-4.723077700980138,-0.03545015526057942,-0.026296306707382755
0.0073,-0.0075,-4.697759692013046,-0.03436886323291984,-0.026989897056403457
0.0074,-0.0075,-4.674051739460402,-0.0337827416849397,-0.027868086765551192
0.0075,-0.0075,-4.652886765460954,-0.03267661135086889,-0.02832137871809286
0.0076,-0.0075,-4.62793638196292,-0.03190560733021754,-0.02877026428477916
0.0077,-0.0075,-4.607875284635208,-0.029998306198887794,-0.028490007634963666
0.0078,-0.0075,-4.584588609980253,-0.02879036408352801,-0.02850567675708269
0.0079,-0.0075,-4.56546773833413,-0.0270991477681721,-0.027601802760114404
0.008,-0.0075,-4.545176570786725,-0.02501595276183969,-0.026979836945607957
0.0081,-0.0075,-4.53182793195421,-0.023481065061425655,-0.02580368637363746
0.0082,-0.0075,-4.516903059720902,-0.02134955066798378,-0.024155995393026597
0.0083,-0.0075,-4.501799979206881,-0.019171572326107278,-0.022252858971389858
0.0084,-0.0075,-4.495028258964611,-0.016648762823467982,-0.02060236214264497
0.0085,-0.0075,-4.485748214699778,-0.01460632144282999,-0.018193636380485136
0.0086,-0.0075,-4.479972140092076,-0.012372849310138085,-0.016103369654901823
0.0087,-0.0075,-4.475695158069354,-0.010142917313126915,-0.013647299600107488
0.0088,-0.0075,-4.4739447788829345,-0.00814599509018833,-0.01134064110175348
0.0089,-0.0075,-4.471730099975395,-0.0064514502323145045,-0.009002949172841154
0.009,-0.0075,-4.471673670240026,-0.0050308369121177575,-0.006666514600172312
0.0091,-0.0075,-4.47287229960224,-0.0037186959857892113,-0.004758627681698258
0.0092,-0.0075,-4.4728386847745005,-0.0027028241721848683,-0.0030204546546964348
0.0093,-0.0075,-4.473854858754768,-0.0018414500108419108,-0.0015398861072654323
0.0094,-0.0075,-4.474888243961108,-0.001179682100200041,-0.0003856269271873742
0.0095,-0.0075,-4.476131707827606,-0.0006960050914564911,0.0005086379589627533
0.0096,-0.0075,-4.478030332481982,-0.0003709651316168538,0.0010705348460906207
0.0097,-0.0075,-4.4759590766288495,-0.0001327298118405051,0.0012911062160346977
0.0098,-0.0075,-4.471724755460709,-3.1375739957868494e-05,0.0012101079304006363
0.0099,-0.0075,-4.477789885991018,-1.800555547496771e-05,0.0007678452381029343
0.01,-0.0075,-4.482617785026925,0.0,0.0
0.0,-0.0074,-4.312592036407622,0.0,0.0
0.0001,-0.0074,-4.314969225008803,-0.00021457362233935628,0.001977210149223342
0.0002,-0.0074,-4.314455297281409,-0.00061461821492557,0.003694092019370443
0.0003,-0.0074,-4.313868112614215,-0.0011798871116088273,0.005126101454876242
0.0004,-0.0074,-4.316222632032918,-0.0018701822141769294,0.006444579011775803
0.0005,-0.0074,-4.31794091688773,-0.002793051022691419,0.007662272371807353
0.0006,-0.0074,-4.319581715567473,-0.0035260071204331702,0.00877425259636525
0.0007,-0.0074,-4.320315500779087,-0.004487131684524719,0.009794565409618514
0.0008,-0.0074,-4.324023946676364,-0.00557926826243558,0.011006167230031595
0.0009,-0.0074,-4.3278102417478355,-0.006739035741117536,0.011972564670126591
0.001,-0.0074,-4.331902082137742,-0.007723125515360155,0.01325317096521956
0.0011,-0.0074,-4.338099725069817,-0.009034981250875944,0.014372543752673345
0.0012,-0.0074,-4.3448618185248264,-0.010121242561204412,0.015461482625833406
0.0013000000000000002,-0.0074,-4.352929863796517,-0.011455750646603402,0.016506998945358488
0.0014,-0.0074,-4.362167788950762,-0.012636467961203796,0.017384454373784813
0.0015,-0.0074,-4.373507743760972,-0.013874787754617075,0.018729197168811666
0.0016,-0.0074,-4.3848651859584935,-0.015103652150031866,0.01958895881357812
0.0017,-0.0074,-4.397483445473291,-0.01628590719496353,0.020257334472824188
0.0018,-0.0074,-4.414773400254852,-0.017541779380673094,0.0209380306648312
0.0019,-0.0074,-4.429692608467454,-0.018636513881693597,0.021612708795413715
0.002,-0.0074,-4.4472411531701965,-0.019919548861629624,0.022318785632098388
0.0021,-0.0074,-4.467960086058872,-0.020969000044664236,0.02262378751219445
0.0022,-0.0074,-4.486217067614456,-0.022060280462792587,0.023102574987881406
0.0023,-0.0074,-4.50807129578841,-0.023080337031038668,0.02319353602118839
0.0024,-0.0074,-4.533384896624041,-0.024090868349260275,0.023404461294348627
0.0025,-0.0074,-4.5538509890992565,-0.025135554739101548,0.023523308571849567
0.0026000000000000003,-0.0074,-4.579534080396508,-0.02598064321522386,0.02298186148231717
0.0027,-0.0074,-4.60229368553315,-0.026740813816015896,0.02269868109486909
0.0028,-0.0074,-4.624753288125696,-0.027600692315753336,0.022712482512812313
0.0029,-0.0074,-4.6531501901482235,-0.028238378540088673,0.022177680437007012
0.003,-0.0074,-4.678312381385389,-0.029415635618944655,0.021341554171733508
0.0031,-0.0074,-4.700007365281687,-0.02968874704732415,0.02106428157456885
0.0032,-0.0074,-4.722489881342244,-0.030556214863960724,0.02025899905755066
0.0033000000000000004,-0.0074,-4.7493200019971455,-0.030546963786033082,0.019534780373315973
0.0034,-0.0074,-4.776939883172549,-0.0313102369253719,0.018694814507052782
0.0034999999999999996,-0.0074,-4.800681183650504,-0.03165627654265149,0.017765060069975636
0.0036,-0.0074,-4.82151826078603,-0.031986138028329024,0.016769101480044693
0.0037,-0.0074,-4.8418132129359135,-0.03258073837368879,0.015864158138892845
0.0038,-0.0074,-4.859311977870276,-0.03281601670481969,0.015069175279261215
0.0039,-0.0074,-4.882389551921708,-0.03274294775787352,0.01383724559703451
0.004,-0.0074,-4.896193680786049,-0.03299450391777215,0.012644764462108556
0.0041,-0.0074,-4.91383473393727,-0.03340537663847787,0.011663493495297387
0.0042,-0.0074,-4.932111592241046,-0.03382475343973952,0.01039294246315995
0.0043,-0.0074,-4.941814509082137,-0.0340972471648096,0.009155329911661698
0.0044,-0.0074,-4.949397522770191,-0.03362106328729455,0.008300963519365868
0.0045,-0.0074,-4.983301100479975,-0.03351251789940192,0.007048356803389478
0.0046,-0.0074,-4.983296562990982,-0.034465804614392435,0.005705696049049795
0.0047,-0.0074,-4.983009376329716,-0.03468146744056112,0.004492009952546533
0.0048,-0.0074,-4.987545588889114,-0.03466889239464662,0.0035072729365499666
0.0049,-0.0074,-5.007512967771299,-0.03465818232685707,0.002264659007317848
0.005,-0.0074,-5.018906553429992,-0.03489856504538001,0.0009427712214738954
0.0051,-0.0074,-5.010613825796807,-0.03477577089283882,-0.00032273456332608394
0.005200000000000001,-0.0074,-5.014925438346981,-0.0351526701035277,-0.0014912930983095663
0.0053,-0.0074,-5.004894458361338,-0.03568203651385774,-0.002754494403891228
0.0054,-0.0074,-5.018466334951272,-0.035799109620212155,-0.004060740616492345
0.0055,-0.0074,-5.000188841638488,-0.0364172483943014,-0.005545261811504651
0.0056,-0.0074,-4.935792432379873,-0.03603901675897835,-0.007290820143726288
0.005700000000000001,-0.0074,-5.02370957279548,-0.03281136910779083,-0.008908177153402844
0.0058,-0.0074,-5.024995895025118,-0.036100500475169627,-0.008844018205432342
0.0059,-0.0074,-4.960977876592129,-0.035731284613012795,-0.01050170060942093
0.006,-0.0074,-5.0152683633070465,-0.03589373919622081,-0.011516882795973106
0.0061,-0.0074,-4.971662105351381,-0.0363319778543752,-0.012387964029219219
0.0062,-0.0074,-4.969377338459979,-0.035552655910167125,-0.013601846395460682
0.0063,-0.0074,-4.964128404748554,-0.03526652905126357,-0.015441795127561551
0.0064,-0.0074,-4.920993353254875,-0.03718434125161317,-0.017464747999274628
0.006499999999999999,-0.0074,-4.898034888213977,-0.036892158815608644,-0.01766582437497331
0.006600000000000001,-0.0074,-4.891833136618856,-0.036326896380963036,-0.01946557919346236
0.0067,-0.0074,-4.8624023050075635,-0.036733102554642606,-0.02094410675597231
0.0068,-0.0074,-4.841799125460587,-0.0364044233413382,-0.02216464372822551
0.0069,-0.0074,-4.835168646342966,-0.03593370671419301,-0.023514533692503982
0.006999999999999999,-0.0074,-4.796700994132387,-0.03554341917933364,-0.024642944414985664
0.007100000000000001,-0.0074,-4.780505292986582,-0.035463275775306995,-0.025689669198785056
0.0072,-0.0074,-4.759931524427117,-0.03519936116651436,-0.02671590589823608
0.0073,-0.0074,-4.741814576369898,-0.03511868156420902,-0.027710618549526125
0.0074,-0.0074,-4.710053106082235,-0.0340621029723201,-0.02850506106207535
0.0075,-0.0074,-4.686501514900893,-0.03325848278462106,-0.028988584726245305
0.0076,-0.0074,-4.668543557999571,-0.032298731192839235,-0.02966378971679571
0.0077,-0.0074,-4.635908174625429,-0.03128667337240117,-0.029740212942382882
0.0078,-0.0074,-4.614990004102844,-0.03009660698312243,-0.029994716706274762
0.0079,-0.0074,-4.590428207484237,-0.028383401780711904,-0.029732994891204925
0.008,-0.0074,-4.569944833036933,-0.026491713786488763,-0.028990812638768404
0.0081,-0.0074,-4.5501248034028325,-0.024948286485023393,-0.02748629123243645
0.0082,-0.0074,-4.5317504284557835,-0.022434034539267053,-0.02637361835884698
0.0083,-0.0074,-4.519871798314249,-0.02017248750397261,-0.02463749932492444
0.0084,-0.0074,-4.506134244982803,-0.01810350708076159,-0.0227919034419967
0.0085,-0.0074,-4.495491493723964,-0.015786456051246952,-0.020288586229314703
0.0086,-0.0074,-4.487615592347397,-0.013441668972580251,-0.01811143649938212
0.0087,-0.0074,-4.481750128741019,-0.011059513163027479,-0.01569111226257997
0.0088,-0.0074,-4.478167161491724,-0.0090562887982302,-0.012749429500887194
0.0089,-0.0074,-4.476114355358546,-0.007251102025048025,-0.01046922244225349
0.009,-0.0074,-4.475664741519443,-0.005709961834321301,-0.008046019018896905
0.0091,-0.0074,-4.4760166611866525,-0.004328078019679773,-0.005975804317593366
0.0092,-0.0074,-4.476202455507579,-0.003083465251678498,-0.004003684974483438
0.0093,-0.0074,-4.477436004036862,-0.0021584169861602965,-0.0023442064249914137
0.0094,-0.0074,-4.477959306299726,-0.0013996394643898482,-0.000971566501303606
0.0095,-0.0074,-4.480310768033419,-0.0008375530562446162,8.119046762778763e-05
0.0096,-0.0074,-4.4803055811039245,-0.00044028311019022015,0.0007860328207474389
0.0097,-0.0074,-4.4801341547853974,-0.00019334375013703962,0.0011327457264757102
0.0098,-0.0074,-4.482119713330481,-0.0001059300763882222,0.0011209441625615103
0.0099,-0.0074,-4.477556297474764,-3.913789056401191e-05,0.0007054067476945639
0.01,-0.0074,-4.471709796394843,0.0,0.0
0.0,-0.0073,-4.315030972784887,0.0,0.0
0.0001,-0.0073,-4.317689872065397,-0.00022198349827100392,0.0022529589972629487
0.0002,-0.0073,-4.316390119515008,-0.0006417505231074414,0.004179746531393951
0.0003,-0.0073,-4.318861627751202,-0.0012255035283652807,0.005797428613596893
0.0004,-0.0073,-4.319327127366778,-0.0019393477542044555,0.00722653668984484
0.0005,-0.0073,-4.321778896472565,-0.0027806075695652856,0.00850191712551787
0.0006,-0.0073,-4.32365660810056,-0.003722773365646244,0.009694675290001871
0.0007,-0.0073,-4.325293175264392,-0.004717340538182093,0.010954305401903335
0.0008,-0.0073,-4.328136597177038,-0.005716058498687525,0.011888258687210036
0.0009,-0.0073,-4.333217466862451,-0.00691942296528119,0.013078905503473843
0.001,-0.0073,-4.338395305275742,-0.00792251371767339,0.014183091938832682
0.0011,-0.0073,-4.344672040232533,-0.00911955154470766,0.015475304432729365
0.0012,-0.0073,-4.352119380462953,-0.010266401428565275,0.016753472440562484
0.0013000000000000002,-0.0073,-4.361843481637159,-0.011498268401929955,0.01789127104183171
0.0014,-0.0073,-4.370853929293811,-0.01272958827633254,0.018986686597767796
0.0015,-0.0073,-4.384687945653917,-0.013826921103257657,0.019415002430782067
0.0016,-0.0073,-4.397972716988405,-0.015245062347572875,0.02065324211849913
0.0017,-0.0073,-4.4133767207445285,-0.01649038687479975,0.021626695698720347
0.0018,-0.0073,-4.42768321164757,-0.017528504011682284,0.02223007949929345
0.0019,-0.0073,-4.445608541234278,-0.018767580196515966,0.02288203118841514
0.002,-0.0073,-4.463459664055489,-0.01990713361760643,0.02335172205944119
0.0021,-0.0073,-4.487800533354527,-0.02116091741057606,0.023691190865708922
0.0022,-0.0073,-4.50837704191482,-0.022058798539225002,0.024069812122777527
0.0023,-0.0073,-4.537746722122535,-0.022979614343890776,0.0243749298983692
0.0024,-0.0073,-4.556763817970309,-0.02413613461138548,0.023982956038742096
0.0025,-0.0073,-4.582198715654223,-0.02492534956342268,0.02406338050645941
0.0026000000000000003,-0.0073,-4.606173363210939,-0.025957695839968188,0.023909146017446252
0.0027,-0.0073,-4.631436122642128,-0.026361878643538048,0.023465465179893452
0.0028,-0.0073,-4.65842517593323,-0.027334017101778116,0.02320092073587382
0.0029,-0.0073,-4.680570321640418,-0.027936340152754785,0.022947995244382433
0.003,-0.0073,-4.706924131349124,-0.02857712409209248,0.022357929755767683
0.0031,-0.0073,-4.735559290370799,-0.029195357731810256,0.021645028773048438
0.0032,-0.0073,-4.76069397147703,-0.029394076731260113,0.02076947172117591
0.0033000000000000004,-0.0073,-4.78549024271712,-0.03009368475528454,0.020039364768485547
0.0034,-0.0073,-4.810150967348142,-0.030385128225499703,0.018979837603898642
0.0034999999999999996,-0.0073,-4.833014070625906,-0.030944979387302476,0.018148569863962485
0.0036,-0.0073,-4.856046850099262,-0.031272296890378234,0.0169877813932063
0.0037,-0.0073,-4.8799644806279465,-0.03149619595880423,0.016064436223806943
0.0038,-0.0073,-4.904180130045071,-0.031579829279388974,0.015276196010665922
0.0039,-0.0073,-4.921859322491448,-0.03174435192589683,0.014042867552044348
0.004,-0.0073,-4.937801899086709,-0.032047183753606406,0.012965626608339123
0.0041,-0.0073,-4.953788638746986,-0.03235173427742846,0.011816864391069784
0.0042,-0.0073,-4.969580514728749,-0.03269460234983153,0.010655594389626322
0.0043,-0.0073,-4.981414802058194,-0.03251079424755786,0.009350147338946374
0.0044,-0.0073,-4.987796018106698,-0.0330898095409334,0.008384889484329505
0.0045,-0.0073,-5.014626999269715,-0.033031076229120736,0.007123278749164477
0.0046,-0.0073,-5.025472572482674,-0.033658282212403544,0.0058523892581901285
0.0047,-0.0073,-5.016202418887386,-0.033064130457407276,0.004751598236841169
0.0048,-0.0073,-5.028792239788639,-0.03308455003744626,0.003439202287100777
0.0049,-0.0073,-5.054165112527823,-0.03307560856574654,0.002023889510154417
0.005,-0.0073,-5.050668373073543,-0.03332153688172195,0.0008531764841360666
0.0051,-0.0073,-5.032129780456261,-0.0331795008803755,-0.00011708322769246864
0.005200000000000001,-0.0073,-5.0690771416607925,-0.033582342063965646,-0.0009979130061884371
0.0053,-0.0073,-5.0719945055677185,-0.03392559302168253,-0.00254507719010064
0.0054,-0.0073,-5.009336385638724,-0.034190809777306604,-0.004280144308962702
0.0055,-0.0073,-5.020542354512319,-0.034516748457791596,-0.005593584179649972
0.0056,-0.0073,-5.0209761725527695,-0.03389398680198114,-0.006635250552016917
0.005700000000000001,-0.0073,-5.027979778160511,-0.03444915567698508,-0.007490854511969858
0.0058,-0.0073,-5.016739500504934,-0.03473944072120509,-0.009382896918525258
0.0059,-0.0073,-5.086020171774324,-0.033365598548975195,-0.00992907035171106
0.006,-0.0073,-5.109247014623269,-0.034583216944701976,-0.01192132542558052
0.0061,-0.0073,-4.977656142200694,-0.033830881622948956,-0.01286636953613814
0.0062,-0.0073,-4.962394591270545,-0.033599312162849025,-0.013715221107841425
0.0063,-0.0073,-5.016039427826183,-0.034759596334818704,-0.0157262529585305
0.0064,-0.0073,-4.95411273978873,-0.03516829341365512,-0.016919060205073954
0.006499999999999999,-0.0073,-4.950219099747426,-0.03530282609417992,-0.017990533678662945
0.006600000000000001,-0.0073,-4.929813863590367,-0.036102986799193215,-0.01931371761375221
0.0067,-0.0073,-4.891230801230838,-0.03603667397190254,-0.020985428836845406
0.0068,-0.0073,-4.9157111123680055,-0.03512878036530381,-0.021895504877457225
0.0069,-0.0073,-4.865089706128168,-0.03531510542933327,-0.023866310150185532
0.006999999999999999,-0.0073,-4.841138519995524,-0.03528690658564448,-0.024606313110420865
0.007100000000000001,-0.0073,-4.840226137588788,-0.03496685712407998,-0.025813735367375103
0.0072,-0.0073,-4.8012776423347425,-0.03475341357993269,-0.02735859555782994
0.0073,-0.0073,-4.781276662253323,-0.03423782757483511,-0.028356881392463458
0.0074,-0.0073,-4.752981004712104,-0.034045345005775066,-0.029105985129714608
0.0075,-0.0073,-4.726562664007314,-0.033456812066472906,-0.029948904083523065
0.0076,-0.0073,-4.69899126902621,-0.03273022183032216,-0.030586382609118102
0.0077,-0.0073,-4.670027266605948,-0.03128148888025929,-0.030874068990773343
0.0078,-0.0073,-4.6428439568434055,-0.030437603652242618,-0.030723533963799978
0.0079,-0.0073,-4.618938279851609,-0.0295832352441424,-0.030787705017048073
0.008,-0.0073,-4.595103599296369,-0.027330809035416112,-0.0302150114128047
0.0081,-0.0073,-4.570155119229441,-0.025548211018168746,-0.029587537942398736
0.0082,-0.0073,-4.558044006608165,-0.023671620623066488,-0.028544039902264895
0.0083,-0.0073,-4.535579704318191,-0.021836539368498747,-0.026885582385922285
0.0084,-0.0073,-4.518449143925434,-0.01950329383792536,-0.025061934737906456
0.0085,-0.0073,-4.506077616899273,-0.01718441644289999,-0.022923373099567924
0.0086,-0.0073,-4.497203139095355,-0.01506242068577986,-0.02058886937986831
0.0087,-0.0073,-4.49001388349451,-0.01209048423061284,-0.017881984950189545
0.0088,-0.0073,-4.484829618114246,-0.010378347043305071,-0.015000014170369676
0.0089,-0.0073,-4.482528078558474,-0.008201136374830503,-0.012339567891557855
0.009,-0.0073,-4.479583601764452,-0.006414763461689541,-0.009755258168050562
0.0091,-0.0073,-4.4798245077657874,-0.004833237633645373,-0.007288693961578501
0.0092,-0.0073,-4.480909514678689,-0.0035673782546760285,-0.0052040636336471114
0.0093,-0.0073,-4.482035238174609,-0.002501346748286514,-0.003248985568933412
0.0094,-0.0073,-4.4821760420254195,-0.0016289935953092056,-0.0016607677678166937
0.0095,-0.0073,-4.484423385933495,-0.0009979201494287001,-0.0004343083819235697
0.0096,-0.0073,-4.483865816506102,-0.000534133305863677,0.0004518834910835381
0.0097,-0.0073,-4.486629048726216,-0.00025412675611482974,0.0009422113815082033
0.0098,-0.0073,-4.4818356814960065,-1.432680118746921e-05,0.0010499601722761926
0.0099,-0.0073,-4.479764562254642,6.394234921393304e-05,0.0007521487463636947
0.01,-0.0073,-4.48668029139842,0.0,0.0
0.0,-0.0072,-4.320363813053676,0.0,0.0
0.0001,-0.0072,-4.321513361002906,-0.00022739288224799935,0.0025482384173072365
0.0002,-0.0072,-4.321731670112152,-0.0006660888415597011,0.0046972418093893424
0.0003,-0.0072,-4.322420203483826,-0.0012605242853459021,0.006501562593168735
0.0004,-0.0072,-4.323534395585223,-0.002040418445384532,0.0080356597514497
0.0005,-0.0072,-4.3261373399998,-0.00295585568178945,0.009385636992325296
0.0006,-0.0072,-4.328565097621995,-0.003874765322962366,0.010703749380621068
0.0007,-0.0072,-4.331170980948055,-0.004765004656066896,0.011891457827340968
0.0008,-0.0072,-4.335918919139748,-0.005838570777512349,0.013112396602856508
0.0009,-0.0072,-4.339574325636384,-0.007108306627170377,0.014437340641097508
0.001,-0.0072,-4.345046896436554,-0.008169629116605522,0.015426007844271694
0.0011,-0.0072,-4.352202115907316,-0.009317001103157932,0.016338132310982148
0.0012,-0.0072,-4.361654573191056,-0.010438329651540817,0.017962865868829173
0.0013000000000000002,-0.0072,-4.370596990416749,-0.011625073713208296,0.018917046646881375
0.0014,-0.0072,-4.381134133395529,-0.012839494721465651,0.019899538497839042
0.0015,-0.0072,-4.394398491100922,-0.01404340499584838,0.020927798558855012
0.0016,-0.0072,-4.409826164944157,-0.015220018250147297,0.021988217376451714
0.0017,-0.0072,-4.4291486941772,-0.016410332089189742,0.022729106797090455
0.0018,-0.0072,-4.441380381069081,-0.01761189262275769,0.023403386936659637
0.0019,-0.0072,-4.461444961902002,-0.018680731721479264,0.024058352278926554
0.002,-0.0072,-4.486625548428699,-0.019886259469265238,0.02453157702402467
0.0021,-0.0072,-4.508468341209753,-0.02100414134832857,0.02491932266993014
0.0022,-0.0072,-4.530237955484371,-0.02187118986090776,0.024857127513355295
0.0023,-0.0072,-4.552937649998888,-0.022708819105361645,0.0253595504433389
0.0024,-0.0072,-4.583264522124319,-0.02373943046852567,0.02487054486173951
0.0025,-0.0072,-4.608354346795259,-0.02439595258802283,0.025219279880162516
0.0026000000000000003,-0.0072,-4.632843816402841,-0.02537548850452047,0.024655376680321014
0.0027,-0.0072,-4.659849493715902,-0.025756545160993835,0.024604012014788235
0.0028,-0.0072,-4.687352731356244,-0.026695407824381456,0.02390023853172933
0.0029,-0.0072,-4.713198432490474,-0.027300867947845277,0.02292847875484258
0.003,-0.0072,-4.745273679966982,-0.027776482077831257,0.02267109810071001
0.0031,-0.0072,-4.764562150133749,-0.028641197957091847,0.021996836078364584
0.0032,-0.0072,-4.788612310994077,-0.028865194043998704,0.02128441608981539
0.0033000000000000004,-0.0072,-4.817316559413002,-0.02936770762078731,0.020238953233419066
0.0034,-0.0072,-4.842451452839263,-0.029691548567368983,0.01933245507767784
0.0034999999999999996,-0.0072,-4.869240090878654,-0.02992491448228963,0.018299838540433832
0.0036,-0.0072,-4.894348373174476,-0.0302461179252258,0.017413964870623282
0.0037,-0.0072,-4.9142838613423185,-0.030537613920147335,0.016430154072443685
0.0038,-0.0072,-4.935532424759421,-0.030679866174893364,0.015448529462521364
0.0039,-0.0072,-4.956304526526052,-0.03070654891228619,0.014122933889328346
0.004,-0.0072,-4.970783393371275,-0.030832852304240856,0.012875289502128707
0.0041,-0.0072,-4.984028232791223,-0.03113110240348509,0.011718648535366529
0.0042,-0.0072,-5.011315586610141,-0.03123543945259676,0.01089380151494116
0.0043,-0.0072,-5.023628730484217,-0.031354311017926996,0.009861450828921009
0.0044,-0.0072,-5.032772241463866,-0.03163426960474197,0.008478749454482582
0.0045,-0.0072,-5.042291194934776,-0.03144468871173695,0.007201687503570999
0.0046,-0.0072,-5.058989726711929,-0.03148987306945422,0.0059543515460902165
0.0047,-0.0072,-5.061120960036804,-0.031835576082022275,0.005011111770155761
0.0048,-0.0072,-5.068858850781882,-0.03161810544773191,0.0037551869905004033
0.0049,-0.0072,-5.072656284070966,-0.03178646368859326,0.002389147067808248
0.005,-0.0072,-5.0684072395521005,-0.03184039342005647,0.0013059605690188458
0.0051,-0.0072,-5.0928641353050415,-0.03188096986726804,0.0002640773928099654
0.005200000000000001,-0.0072,-5.1361914263216555,-0.032150621493845226,-0.0013664606964304952
0.0053,-0.0072,-5.13233060495076,-0.03259803582165,-0.0029685886263498573
0.0054,-0.0072,-5.061919997330699,-0.03411384093111876,-0.0039766739462733175
0.0055,-0.0072,-5.041415693364489,-0.03273166949166147,-0.004706761248435976
0.0056,-0.0072,-5.084407050533956,-0.03326624465950923,-0.006280196628613795
0.005700000000000001,-0.0072,-4.994081916489134,-0.03367268542917544,-0.008747226057819779
0.0058,-0.0072,-5.03637639131037,-0.032738024872748316,-0.009207170252827938
0.0059,-0.0072,-5.119990327360189,-0.03257941385453706,-0.00901933503070682
0.006,-0.0072,-5.15866331601794,-0.03364702191753282,-0.011368751639023476
0.0061,-0.0072,-5.07354910954002,-0.0337784986014674,-0.012123155694969022
0.0062,-0.0072,-5.015583296908185,-0.03322025302145569,-0.013833643467550836
0.0063,-0.0072,-5.0638726041336,-0.03350983081461379,-0.01503380096453475
0.0064,-0.0072,-4.978425528291869,-0.03409344511841613,-0.016473380158996572
0.006499999999999999,-0.0072,-5.001448512606873,-0.0339022182415818,-0.017934564077116
0.006600000000000001,-0.0072,-4.980815264806476,-0.033585563729650984,-0.01926059633563572
0.0067,-0.0072,-4.947613383518369,-0.034336848260354845,-0.020734959163045172
0.0068,-0.0072,-4.941505615203705,-0.03571444822354782,-0.02247931855216143
0.0069,-0.0072,-4.901313588111741,-0.03443579972379881,-0.02319654273047685
0.006999999999999999,-0.0072,-4.900471273400692,-0.03496279032151123,-0.024450332724100538
0.007100000000000001,-0.0072,-4.879756393604678,-0.03429523433641448,-0.026064139405975628
0.0072,-0.0072,-4.859490284697847,-0.0345576923082294,-0.027440230983554994
0.0073,-0.0072,-4.822074421837122,-0.03421083727885379,-0.028674469585220283
0.0074,-0.0072,-4.7876525787032485,-0.033602952682121594,-0.029596045539145972
0.0075,-0.0072,-4.7696734877638844,-0.033265174193675466,-0.030641545688711126
0.0076,-0.0072,-4.738074009344717,-0.03284196527200058,-0.03131230010856536
0.0077,-0.0072,-4.703222189016,-0.032091521174569565,-0.03180064696368517
0.0078,-0.0072,-4.677667649505162,-0.03087447493777672,-0.03198347332599831
0.0079,-0.0072,-4.648175195647379,-0.029828721611090448,-0.032667067698024466
0.008,-0.0072,-4.623550370971121,-0.028389783561104,-0.0315860440357395
0.0081,-0.0072,-4.59808824031314,-0.02662272682303858,-0.031090167012188155
0.0082,-0.0072,-4.575659504965301,-0.02506368572036213,-0.03012005689124092
0.0083,-0.0072,-4.554210082794336,-0.022784777090920867,-0.02918056123656787
0.0084,-0.0072,-4.537101129838448,-0.0206615104252392,-0.02696016818353682
0.0085,-0.0072,-4.521841347211182,-0.01825888676622846,-0.02503234847560287
0.0086,-0.0072,-4.509683501912061,-0.01588213878025096,-0.02277100447261795
0.0087,-0.0072,-4.498231569705403,-0.013608238826219735,-0.01999476555012691
0.0088,-0.0072,-4.491917994636671,-0.011270617237928878,-0.01699445343796646
0.0089,-0.0072,-4.487481804416597,-0.009110784066211462,-0.014181711804483932
0.009,-0.0072,-4.484823106464998,-0.007210604443231467,-0.011245366511772608
0.0091,-0.0072,-4.484464490110666,-0.00550146499630615,-0.008874890923317901
0.0092,-0.0072,-4.484355731447392,-0.004092922419900401,-0.0065402903622188095
0.0093,-0.0072,-4.485284996234632,-0.0028740560865442733,-0.004224934309752831
0.0094,-0.0072,-4.485995824176733,-0.0018896052126305817,-0.002492172857448108
0.0095,-0.0072,-4.487540454456758,-0.0011799158079075825,-0.0010216364040500003
0.0096,-0.0072,-4.487596528654338,-0.0006497216370567915,5.4473078542396265e-05
0.0097,-0.0072,-4.4908885594380665,-0.0003021328702014197,0.000710734116226643
0.0098,-0.0072,-4.488089687569236,-6.409940941764052e-05,0.001007028599403361
0.0099,-0.0072,-4.495180448377049,5.092850814127596e-05,0.000772339638181223
0.01,-0.0072,-4.50783288444813,0.0,0.0
0.0,-0.007100000000000001,-4.324315407875395,0.0,0.0
0.0001,-0.007100000000000001,-4.325388177796564,-0.00023360403421266,0.0028683606379074173
0.0002,-0.007100000000000001,-4.327557901735136,-0.0006704729223382899,0.0052364016936809615
0.0003,-0.007100000000000001,-4.328500479022762,-0.0013192126996692704,0.007217230635690733
0.0004,-0.007100000000000001,-4.328613839467841,-0.0020584095397207917,0.008853446114652906
0.0005,-0.007100000000000001,-4.332056770345871,-0.0029233664369140502,0.010339864044186034
0.0006,-0.007100000000000001,-4.33433918741548,-0.0038998638154802826,0.011751726308570585
0.0007,-0.007100000000000001,-4.337520841708126,-0.004984358829845451,0.01296258342402317
0.0008,-0.007100000000000001,-4.341681611619009,-0.005948026411231278,0.014076049606219119
0.0009,-0.007100000000000001,-4.3467796134251895,-0.007172894832798979,0.015405908751929615
0.001,-0.007100000000000001,-4.353046749325411,-0.00830924097026317,0.016654890115382216
0.0011,-0.007100000000000001,-4.361644759388698,-0.00920204123293634,0.01804409336379571
0.0012,-0.007100000000000001,-4.369857128240632,-0.010504144254763764,0.018873788532732735
0.0013000000000000002,-0.007100000000000001,-4.382029047858341,-0.011744816160713524,0.01999497725872085
0.0014,-0.007100000000000001,-4.393433781562748,-0.012945366067231196,0.021112281266986624
0.0015,-0.007100000000000001,-4.406011592481192,-0.014130899145846693,0.022215826151203672
0.0016,-0.007100000000000001,-4.426093955628484,-0.015323655482714206,0.023009972496724786
0.0017,-0.007100000000000001,-4.441957853893602,-0.016428922855125483,0.023906336477353494
0.0018,-0.007100000000000001,-4.463828277076609,-0.017545825263064304,0.02455784139813398
0.0019,-0.007100000000000001,-4.484297639034842,-0.01870437414983647,0.025136244363314155
0.002,-0.007100000000000001,-4.507232547254746,-0.019708482828014615,0.025603564736764298
0.0021,-0.007100000000000001,-4.531296138528086,-0.020741541281518595,0.025511965854870856
0.0022,-0.007100000000000001,-4.556024880480227,-0.021493759138728148,0.026226664950639217
0.0023,-0.007100000000000001,-4.576694374877772,-0.02242930978618566,0.026253177423470178
0.0024,-0.007100000000000001,-4.603793424111446,-0.0234440703174268,0.02601891842539894
0.0025,-0.007100000000000001,-4.632361880512168,-0.024049705958781906,0.025738684079248886
0.0026000000000000003,-0.007100000000000001,-4.661554943957865,-0.024771582423262335,0.025634247964170742
0.0027,-0.007100000000000001,-4.690221736432026,-0.02558058483169619,0.02504164696340527
0.0028,-0.007100000000000001,-4.716897754623093,-0.02624033363271619,0.024733436854122996
0.0029,-0.007100000000000001,-4.744833616351207,-0.026672741160055326,0.023677240673003187
0.003,-0.007100000000000001,-4.7699797284861125,-0.027276335148275706,0.023296147854957015
0.0031,-0.007100000000000001,-4.7993529193800315,-0.02767296350451312,0.02263591645888183
0.0032,-0.007100000000000001,-4.829297644650821,-0.028247808934973796,0.021733588215963627
0.0033000000000000004,-0.007100000000000001,-4.855114765014213,-0.028488861867000326,0.02066732374967704
0.0034,-0.007100000000000001,-4.880218535931914,-0.028734456227129376,0.019991227670827783
0.0034999999999999996,-0.007100000000000001,-4.904441790392999,-0.02885177445607657,0.018658831768521608
0.0036,-0.007100000000000001,-4.928263555273642,-0.029122511076375923,0.017735124422611027
0.0037,-0.007100000000000001,-4.95135772622279,-0.02973092223688764,0.01622053626779358
0.0038,-0.007100000000000001,-4.970415431464184,-0.02960454436231205,0.01543901965213396
0.0039,-0.007100000000000001,-4.992410667246069,-0.029673013975283116,0.014362975977947815
0.004,-0.007100000000000001,-5.010519148916358,-0.030209878731973384,0.013313057024148787
0.0041,-0.007100000000000001,-5.02557869090858,-0.030030195070137114,0.01211887822897454
0.0042,-0.007100000000000001,-5.049192546551638,-0.02985970483538566,0.011049167773798708
0.0043,-0.007100000000000001,-5.061577103939508,-0.030408296650187662,0.00968180152455484
0.0044,-0.007100000000000001,-5.0744296039237256,-0.030059317794709623,0.00857904540723324
0.0045,-0.007100000000000001,-5.073693543953574,-0.030361431400925953,0.007259273704999564
0.0046,-0.007100000000000001,-5.098381625693633,-0.03020904338766972,0.0061072274958835415
0.0047,-0.007100000000000001,-5.10816190880839,-0.03025784407108073,0.004979090118898726
0.0048,-0.007100000000000001,-5.110994196125019,-0.030631022419262684,0.0035741258418241356
0.0049,-0.007100000000000001,-5.102218241888011,-0.030238187315425675,0.002335263366063333
0.005,-0.007100000000000001,-5.101931421339843,-0.03080455583967249,0.001293579095175572
0.0051,-0.007100000000000001,-5.142919044303425,-0.029884388306042422,-4.676622386949603e-08
0.005200000000000001,-0.007100000000000001,-5.167951997851102,-0.03063928763519477,-0.0013058775628076186
0.0053,-0.007100000000000001,-5.155686667955728,-0.03094053264131588,-0.0022711020910063016
0.0054,-0.007100000000000001,-5.141870619163051,-0.03059052771613946,-0.0026607673987135753
0.0055,-0.007100000000000001,-5.143112530588042,-0.031175596384797062,-0.0047436002075703435
0.0056,-0.007100000000000001,-5.092696493684043,-0.030839286774224924,-0.007306196743952168
0.005700000000000001,-0.007100000000000001,-5.102299879221341,-0.03192229918565575,-0.008259430930125917
0.0058,-0.007100000000000001,-5.109945756480965,-0.032343899218713314,-0.009012609891019019
0.0059,-0.007100000000000001,-5.1074152839908775,-0.033078571330159956,-0.010442600388483908
0.006,-0.007100000000000001,-5.11643474652527,-0.031415242168035935,-0.011646348869049396
0.0061,-0.007100000000000001,-5.086544657043341,-0.03233178355726759,-0.012073381724138405
0.0062,-0.007100000000000001,-5.063185432468595,-0.03205203595717666,-0.01342630394974078
0.0063,-0.007100000000000001,-5.0957279046841855,-0.031660574194215564,-0.015069581252002657
0.0064,-0.007100000000000001,-5.050485154022321,-0.03237496977423211,-0.01639517063503933
0.006499999999999999,-0.007100000000000001,-5.029614801963945,-0.03267730724114261,-0.01774615262139227
0.006600000000000001,-0.007100000000000001,-5.01364847986731,-0.03290206673909767,-0.018960507063567153
0.0067,-0.007100000000000001,-5.003057588170553,-0.03256590885121734,-0.020449920074472105
0.0068,-0.007100000000000001,-4.976834233146633,-0.03334848220328377,-0.022121862234681128
0.0069,-0.007100000000000001,-4.9487407640301235,-0.03353884847799558,-0.02313563883838855
0.006999999999999999,-0.007100000000000001,-4.9405598950499225,-0.03251330398471082,-0.024901598862127044
0.007100000000000001,-0.007100000000000001,-4.913586150359383,-0.03374681652786331,-0.02617153935807553
0.0072,-0.007100000000000001,-4.885617326185276,-0.033382786356060325,-0.027570649049897263
0.0073,-0.007100000000000001,-4.8567959800611575,-0.03343077336137499,-0.029022911004189956
0.0074,-0.007100000000000001,-4.837165044532802,-0.03327220471169578,-0.029832689914724903
0.0075,-0.007100000000000001,-4.801681500250127,-0.03316454727449425,-0.031154131585242897
0.0076,-0.007100000000000001,-4.770895430699418,-0.03284462777836163,-0.03197684751065255
0.0077,-0.007100000000000001,-4.747507981807268,-0.03192285531543406,-0.03287789731334822
0.0078,-0.007100000000000001,-4.711014986235393,-0.031201372297312003,-0.03335070280169793
0.0079,-0.007100000000000001,-4.685433649582541,-0.030213783728728735,-0.03373851363261624
0.008,-0.007100000000000001,-4.652225501948788,-0.02874033371592676,-0.03316453728680107
0.0081,-0.007100000000000001,-4.625573514747596,-0.027528511692200764,-0.033429241994436976
0.0082,-0.007100000000000001,-4.6006380718993665,-0.025990727832722906,-0.0322649461071815
0.0083,-0.007100000000000001,-4.578052712033966,-0.02388613834853292,-0.030877239462981643
0.0084,-0.007100000000000001,-4.555671868295425,-0.021587707655649085,-0.02932750646002895
0.0085,-0.007100000000000001,-4.536358451163752,-0.019477351544076968,-0.027315651556930966
0.0086,-0.007100000000000001,-4.519589719874372,-0.017169995407817964,-0.02517588378907102
0.0087,-0.007100000000000001,-4.508631407675427,-0.014684176083030437,-0.02283831156186556
0.0088,-0.007100000000000001,-4.5005212327724555,-0.012493230315798362,-0.01958524701328508
0.0089,-0.007100000000000001,-4.494527451905619,-0.010171088256816544,-0.016461068495512727
0.009,-0.007100000000000001,-4.49101302135972,-0.008092352656430492,-0.013191346311028383
0.0091,-0.007100000000000001,-4.4896187475258,-0.006344805382061596,-0.010310046703841527
0.0092,-0.007100000000000001,-4.489224655768531,-0.0045703463074923305,-0.008020300831920346
0.0093,-0.007100000000000001,-4.488973892144148,-0.0032795298088551736,-0.005392344031518448
0.0094,-0.007100000000000001,-4.490558857653476,-0.002174419206929073,-0.003372303660512173
0.0095,-0.007100000000000001,-4.492308994875949,-0.0013802802033864787,-0.0016773979911580599
0.0096,-0.007100000000000001,-4.492747665904355,-0.0008116955620505464,-0.00042088745249378636
0.0097,-0.007100000000000001,-4.493322127761192,-0.00042265980536389486,0.0003837641164969077
0.0098,-0.007100000000000001,-4.501067667223989,-0.0002457015312823721,0.00074986279138719
0.0099,-0.007100000000000001,-4.503273595047524,-8.148657855177899e-05,0.0005597939763081279
0.01,-0.007100000000000001,-4.500693248621503,0.0,0.0
0.0,-0.006999999999999999,-4.331842223784193,0.0,0.0
0.0001,-0.006999999999999999,-4.331891557196024,-0.00024234121608914265,0.0031859184264124694
0.0002,-0.006999999999999999,-4.331707170213805,-0.0006601545468492147,0.0058090228950172735
0.0003,-0.006999999999999999,-4.333968653198863,-0.0013353572340850852,0.007934912319678595
0.0004,-0.006999999999999999,-4.337448764667478,-0.002084164142765892,0.00972996966201365
0.0005,-0.006999999999999999,-4.339242092562938,-0.0029876954254374603,0.01123332785360662
0.0006,-0.006999999999999999,-4.341505254205034,-0.0038877658906909143,0.012620264719706405
0.0007,-0.006999999999999999,-4.343793122078496,-0.005022056251716325,0.013943617959591063
0.0008,-0.006999999999999999,-4.348848788089658,-0.006102651005322719,0.015235249944850482
0.0009,-0.006999999999999999,-4.354809596737193,-0.007148030665580011,0.016228449499812957
0.001,-0.006999999999999999,-4.362249129557524,-0.008072543750377454,0.01794416334466403
0.0011,-0.006999999999999999,-4.370883041875198,-0.009440782771396913,0.018929309914875445
0.0012,-0.006999999999999999,-4.3811905929579025,-0.010575377249437294,0.02033853984803179
0.0013000000000000002,-0.006999999999999999,-4.393939458027556,-0.011797888870175705,0.021252800177049495
0.0014,-0.006999999999999999,-4.407116953941126,-0.012877336924881265,0.02228107212386
0.0015,-0.006999999999999999,-4.4199363270956225,-0.014058559493744044,0.02314732228587206
0.0016,-0.006999999999999999,-4.441188648332342,-0.015213233079149803,0.024057203932368626
0.0017,-0.006999999999999999,-4.457107519596382,-0.0163401666563977,0.02506855260117216
0.0018,-0.006999999999999999,-4.480075731707562,-0.01739888617323504,0.02564458328770632
0.0019,-0.006999999999999999,-4.503044348565306,-0.018363216483708516,0.02614822006863561
0.002,-0.006999999999999999,-4.526983240569684,-0.019447366820042777,0.02655928056588469
0.0021,-0.006999999999999999,-4.549128971110696,-0.020478846046301416,0.026467584583301864
0.0022,-0.006999999999999999,-4.576459330606211,-0.021120920147175072,0.026941576962607263
0.0023,-0.006999999999999999,-4.603805758288662,-0.022033867267741734,0.026944883851589926
0.0024,-0.006999999999999999,-4.63050891098501,-0.022831121823534514,0.027044169655314632
0.0025,-0.006999999999999999,-4.658777775731547,-0.02369478625331252,0.02628232478471916
0.0026000000000000003,-0.006999999999999999,-4.688321385517852,-0.024201181818486867,0.025809687755413827
0.0027,-0.006999999999999999,-4.7178866636550225,-0.02484473961379077,0.025781336397441484
0.0028,-0.006999999999999999,-4.7502133820540156,-0.025489865019909453,0.025141243566840422
0.0029,-0.006999999999999999,-4.7734603562107525,-0.026052064689737992,0.024591607710835506
0.003,-0.006999999999999999,-4.806671695946753,-0.026458454887972757,0.023645421180917208
0.0031,-0.006999999999999999,-4.834446399523674,-0.02681217752418706,0.022648641681655157
0.0032,-0.006999999999999999,-4.860775166367891,-0.02696750211394355,0.02199882633096957
0.0033000000000000004,-0.006999999999999999,-4.883619413446521,-0.027723133762389454,0.021081515537988954
0.0034,-0.006999999999999999,-4.9147693059635635,-0.02786087383681728,0.019832499231806102
0.0034999999999999996,-0.006999999999999999,-4.937577298815298,-0.028023895521799902,0.018775611105902805
0.0036,-0.006999999999999999,-4.9644729408487756,-0.02817791991797582,0.01786527653265912
0.0037,-0.006999999999999999,-4.985275962411652,-0.028579598659828356,0.01676561570727813
0.0038,-0.006999999999999999,-5.005472293081239,-0.027991014915183896,0.015913061736618384
0.0039,-0.006999999999999999,-5.026075313751688,-0.028305801134985056,0.014406885491406493
0.004,-0.006999999999999999,-5.045510329960619,-0.02877350019152618,0.013237729994263488
0.0041,-0.006999999999999999,-5.062252627977629,-0.028687124223263347,0.012349345116364659
0.0042,-0.006999999999999999,-5.070338548984068,-0.028364140101146875,0.01094333755571963
0.0043,-0.006999999999999999,-5.097775431221326,-0.02882965963363191,0.00968924183255834
0.0044,-0.006999999999999999,-5.109815744198403,-0.02904680795720759,0.00851322065620023
0.0045,-0.006999999999999999,-5.113665719975738,-0.028658490650318738,0.0073342464573458
0.0046,-0.006999999999999999,-5.13473946280447,-0.028773085923655496,0.006179250641863968
0.0047,-0.006999999999999999,-5.14992923861654,-0.02866074916700888,0.004942858013020379
0.0048,-0.006999999999999999,-5.147979630887007,-0.029046832400439083,0.003727037689398346
0.0049,-0.006999999999999999,-5.140464811054236,-0.0290989062666073,0.00251765918563805
0.005,-0.006999999999999999,-5.155220636257415,-0.028803463651915065,0.0012632326725029765
0.0051,-0.006999999999999999,-5.18242427604642,-0.029330610756020076,-3.4438262565449856e-05
0.005200000000000001,-0.006999999999999999,-5.179015542591436,-0.029546399017770415,-0.001161244018711706
0.0053,-0.006999999999999999,-5.163151957742787,-0.029241201178558465,-0.00222562627027217
0.0054,-0.006999999999999999,-5.165514750483295,-0.02923631820027991,-0.0034411886976262623
0.0055,-0.006999999999999999,-5.142596296597359,-0.029905504197100558,-0.004599946406051223
0.0056,-0.006999999999999999,-5.0974156286336125,-0.02932532392677625,-0.004937923927564782
0.005700000000000001,-0.006999999999999999,-5.145470670597957,-0.02867077456508615,-0.006012971677006747
0.0058,-0.006999999999999999,-5.181665025346632,-0.02890049907274632,-0.009206684467773459
0.0059,-0.006999999999999999,-5.145475742413767,-0.030145640987158287,-0.01142637317442908
0.006,-0.006999999999999999,-5.1246719362993245,-0.030877993467744027,-0.01175198976044304
0.0061,-0.006999999999999999,-5.1696721916997355,-0.03075152949845915,-0.01177856318703165
0.0062,-0.006999999999999999,-5.1405351257054965,-0.03026073857809441,-0.013890063776670928
0.0063,-0.006999999999999999,-5.097405257337414,-0.030839784951887828,-0.015235028386309052
0.0064,-0.006999999999999999,-5.088162670816917,-0.03053242749478178,-0.015946326963497615
0.006499999999999999,-0.006999999999999999,-5.075103204028199,-0.03102685058555146,-0.017365660932344363
0.006600000000000001,-0.006999999999999999,-5.063907264576945,-0.03111951954045636,-0.01889219571566173
0.0067,-0.006999999999999999,-5.039323252359798,-0.031387901740851806,-0.02034027034761024
0.0068,-0.006999999999999999,-5.022258568215775,-0.031876067823491706,-0.021657258310211456
0.0069,-0.006999999999999999,-4.997355496717698,-0.03187905101951013,-0.02322404302011543
0.006999999999999999,-0.006999999999999999,-4.9886372968861705,-0.032644722117040774,-0.02477602991350369
0.007100000000000001,-0.006999999999999999,-4.956620301498037,-0.032605898296699694,-0.026478223793424068
0.0072,-0.006999999999999999,-4.930318991334696,-0.032940320355837126,-0.027377724009424544
0.0073,-0.006999999999999999,-4.896168751631923,-0.03296930587427229,-0.02868630374734691
0.0074,-0.006999999999999999,-4.874365907393828,-0.03233194885815315,-0.029967972124688352
0.0075,-0.006999999999999999,-4.841984996875563,-0.03255454272655952,-0.03126545423510048
0.0076,-0.006999999999999999,-4.813927556840832,-0.03237153868707381,-0.03259560403315521
0.0077,-0.006999999999999999,-4.776048073076057,-0.03161872293565854,-0.03329755908532596
0.0078,-0.006999999999999999,-4.752495888827474,-0.031162985385196653,-0.0342208416758295
0.0079,-0.006999999999999999,-4.714330103781346,-0.030380727887670107,-0.03471720467100237
0.008,-0.006999999999999999,-4.687414394003947,-0.02947734310011755,-0.03493154480239261
0.0081,-0.006999999999999999,-4.6547744940758955,-0.02816906240479531,-0.03435716327699856
0.0082,-0.006999999999999999,-4.626589853232528,-0.026289337370770372,-0.03354050480138059
0.0083,-0.006999999999999999,-4.599757696474777,-0.024852570847875635,-0.0332213000779103
0.0084,-0.006999999999999999,-4.577092102618319,-0.022855366475861463,-0.03165096994707171
0.0085,-0.006999999999999999,-4.555188790347613,-0.020558632797612105,-0.029872462112125537
0.0086,-0.006999999999999999,-4.536826860933079,-0.018292677920095975,-0.027434849676707264
0.0087,-0.006999999999999999,-4.522205884853885,-0.015728398394015786,-0.02503534131246643
0.0088,-0.006999999999999999,-4.510723775204622,-0.013760097833028367,-0.021973364943203066
0.0089,-0.006999999999999999,-4.50300522510734,-0.011285588318942632,-0.018854808288887682
0.009,-0.006999999999999999,-4.498147298226146,-0.008899410724600132,-0.015693091384853787
0.0091,-0.006999999999999999,-4.495743123282198,-0.00692325990255362,-0.012362635143234147
0.0092,-0.006999999999999999,-4.494662511667391,-0.00507727331664419,-0.009223043112419773
0.0093,-0.006999999999999999,-4.4953719829141825,-0.0036685549414909647,-0.006731150624626318
0.0094,-0.006999999999999999,-4.49587950743097,-0.0025486295272208366,-0.004293044002339837
0.0095,-0.006999999999999999,-4.496412052976241,-0.0016218075295495377,-0.002396249069578798
0.0096,-0.006999999999999999,-4.497454900748262,-0.0009511644036346374,-0.0009027125754284377
0.0097,-0.006999999999999999,-4.497434391515104,-0.000533180478165415,3.229313782598857e-05
0.0098,-0.006999999999999999,-4.498412139525017,-0.00035504379137059344,0.0005884958889902162
0.0099,-0.006999999999999999,-4.495155891469269,-0.0001771525967389982,0.0004976100216181164
0.01,-0.006999999999999999,-4.480732667882142,0.0,0.0
0.0,-0.0069,-4.339065215831973,0.0,0.0
0.0001,-0.0069,-4.338762079175085,-0.000241673240936051,0.003500308405204303
0.0002,-0.0069,-4.340262883649661,-0.000688109700984061,0.0063452537922897845
0.0003,-0.0069,-4.340367230419825,-0.0013146205978835604,0.00861487126725222
0.0004,-0.0069,-4.341914430722004,-0.0020787612100339344,0.010451316677352475
0.0005,-0.0069,-4.345855776926043,-0.003043033904743356,0.01207051571114304
0.0006,-0.0069,-4.3474343159076305,-0.003973604544785087,0.0136765173782901
0.0007,-0.0069,-4.352556898372997,-0.004943456572514756,0.01518533464385073
0.0008,-0.0069,-4.357045213123769,-0.00605848468313959,0.016520355024235437
0.0009,-0.0069,-4.363443187997658,-0.007105620021354975,0.017738200287090135
0.001,-0.0069,-4.371644803163932,-0.008325658022444624,0.018778478004555274
0.0011,-0.0069,-4.380828771485009,-0.00941563984328711,0.019991711642282195
0.0012,-0.0069,-4.3919138027883715,-0.01045647898510787,0.021383156500066045
0.0013000000000000002,-0.0069,-4.406650679794792,-0.011728094609994032,0.022579051528389696
0.0014,-0.0069,-4.421303663295272,-0.012881172400597883,0.023674506530970498
0.0015,-0.0069,-4.43697411766784,-0.013898695486833958,0.024453400973444974
0.0016,-0.0069,-4.458410263666916,-0.01502771888807118,0.025398536525902106
0.0017,-0.0069,-4.479150244966047,-0.016115007326124142,0.026027236172628948
0.0018,-0.0069,-4.50080892957848,-0.01713621231646566,0.02668823120998779
0.0019,-0.0069,-4.522184272325002,-0.01808739059159107,0.0270590578249595
0.002,-0.0069,-4.542371580602039,-0.019137637801218948,0.027480225574313732
0.0021,-0.0069,-4.57290863478415,-0.019992355477985155,0.027855290585457437
0.0022,-0.0069,-4.598583064884466,-0.02073715131057789,0.027803164459890076
0.0023,-0.0069,-4.627440590353518,-0.02164295202197696,0.02758403945165403
0.0024,-0.0069,-4.656514504382791,-0.02234040894243677,0.027424054912306657
0.0025,-0.0069,-4.685528138080905,-0.0230460513457613,0.02743354711595783
0.0026000000000000003,-0.0069,-4.719062417031546,-0.0235789162272225,0.026731324296160725
0.0027,-0.0069,-4.745861622660533,-0.02416562976660616,0.02623089420864709
0.0028,-0.0069,-4.777327244001382,-0.024640553336640513,0.025595247550590613
0.0029,-0.0069,-4.8047226979181,-0.02512207148316934,0.02494147552452197
0.003,-0.0069,-4.834811724369627,-0.025578149225372,0.023964024647902246
0.0031,-0.0069,-4.862905955293901,-0.025803537116946957,0.023230333472518818
0.0032,-0.0069,-4.894004804081997,-0.025916499276983952,0.022076028151329252
0.0033000000000000004,-0.0069,-4.9194978317415785,-0.02642759540233898,0.021389910710162566
0.0034,-0.0069,-4.945348057074555,-0.026490782041324226,0.0204508911573615
0.0034999999999999996,-0.0069,-4.972934999105975,-0.026736972403026305,0.019319343491174513
0.0036,-0.0069,-4.998944535137899,-0.026538702887659273,0.018293394602985416
0.0037,-0.0069,-5.022542437766067,-0.02687740222196839,0.0169079353424006
0.0038,-0.0069,-5.043939824444904,-0.027490857448388813,0.015782143320721115
0.0039,-0.0069,-5.056712891088708,-0.02716200026957846,0.014570860052729673
0.004,-0.0069,-5.083981893871114,-0.027159565806975768,0.013536452474481315
0.0041,-0.0069,-5.101787784504933,-0.02751858158206455,0.012233837390242008
0.0042,-0.0069,-5.108287810676144,-0.027579165443110246,0.011018750615831782
0.0043,-0.0069,-5.1349982411358885,-0.02755225967547377,0.009905110634826776
0.0044,-0.0069,-5.143334136208337,-0.02784822975549775,0.008583856834118822
0.0045,-0.0069,-5.144551749301917,-0.027271774952435747,0.007409231110433541
0.0046,-0.0069,-5.171506576608166,-0.02687870171026215,0.006205832113192913
0.0047,-0.0069,-5.1846981422454235,-0.02717498979730378,0.004944546820333642
0.0048,-0.0069,-5.178957671480958,-0.027591659111149816,0.0036822842806281523
0.0049,-0.0069,-5.175202648289189,-0.027943518488385378,0.002645459620356103
0.005,-0.0069,-5.18943078770873,-0.027752437131536675,0.0011260946125349507
0.0051,-0.0069,-5.209638777687435,-0.02771538082178813,0.00012628827715742432
0.005200000000000001,-0.0069,-5.2203374043627475,-0.027268888497170525,-0.001193197266164883
0.0053,-0.0069,-5.214236407750291,-0.02748208952955901,-0.0022972525560511596
0.0054,-0.0069,-5.197667114677371,-0.02757449554524485,-0.003620680937334364
0.0055,-0.0069,-5.177473617663591,-0.028257524918862506,-0.004770102871521222
0.0056,-0.0069,-5.142286751574934,-0.027795708966818336,-0.005853220696035026
0.005700000000000001,-0.0069,-5.13470064168891,-0.027423774647742427,-0.007686149104379184
0.0058,-0.0069,-5.226657003094396,-0.027761935285247827,-0.00865883296124628
0.0059,-0.0069,-5.198919482833848,-0.029995851158656852,-0.0088810565582989
0.006,-0.0069,-5.135186553027482,-0.02870394778549125,-0.010144743020240049
0.0061,-0.0069,-5.238413103224936,-0.02866802990263554,-0.01285807153838618
0.0062,-0.0069,-5.163263986747834,-0.029371125442075964,-0.013718225955209901
0.0063,-0.0069,-5.128773722007464,-0.02996394532397142,-0.0145224217237776
0.0064,-0.0069,-5.139656067255991,-0.0294078242581506,-0.01584535245244106
0.006499999999999999,-0.0069,-5.110839042176712,-0.02949375498403144,-0.017376451480685933
0.006600000000000001,-0.0069,-5.101873461581111,-0.03018717064179427,-0.018713600638804225
0.0067,-0.0069,-5.07446167609413,-0.030338257586040286,-0.02005871601145867
0.0068,-0.0069,-5.073358938009429,-0.030331656336944186,-0.021582122345209037
0.0069,-0.0069,-5.035740264340556,-0.030639204888126423,-0.02308634898111718
0.006999999999999999,-0.0069,-5.032439103017007,-0.03104361491971851,-0.02439005759480938
0.007100000000000001,-0.0069,-4.993172353118963,-0.03133905115495546,-0.02596495906274153
0.0072,-0.0069,-4.96457445336678,-0.03114851671170632,-0.027233496499430878
0.0073,-0.0069,-4.943590475209915,-0.0322596697341841,-0.028624837648729085
0.0074,-0.0069,-4.909158859570771,-0.032222889082033426,-0.030505945351440647
0.0075,-0.0069,-4.882354527613575,-0.03159045640919975,-0.03166282982266373
0.0076,-0.0069,-4.8497699278195565,-0.03160288118523435,-0.032728847640520746
0.0077,-0.0069,-4.813581528789175,-0.03129528578134333,-0.03385314889683323
0.0078,-0.0069,-4.77872518978165,-0.030992267228578604,-0.034820564081159175
0.0079,-0.0069,-4.762146465547438,-0.03019010033691344,-0.035451649635564596
0.008,-0.0069,-4.720933454784969,-0.02928925919740237,-0.035854877203331546
0.0081,-0.0069,-4.687783404648247,-0.028658752540057536,-0.03608141581719934
0.0082,-0.0069,-4.658839332010404,-0.02717105012056388,-0.03585106382266156
0.0083,-0.0069,-4.6268552947638035,-0.025420105195258048,-0.03506000816695736
0.0084,-0.0069,-4.597879211796604,-0.02345704167743567,-0.03352722309887018
0.0085,-0.0069,-4.575298561545991,-0.021292934670464676,-0.03221105035675002
0.0086,-0.0069,-4.555180297956732,-0.0193268626803352,-0.030134444055759647
0.0087,-0.0069,-4.538215578797807,-0.01693930877256723,-0.027299920737345457
0.0088,-0.0069,-4.523125010861577,-0.014353917147528282,-0.024331686349313795
0.0089,-0.0069,-4.51387881255591,-0.012064186460016686,-0.021618127818735892
0.009,-0.0069,-4.506864324286407,-0.009840239594658278,-0.01763570448268776
0.0091,-0.0069,-4.502440867591666,-0.00770293848831036,-0.014395107757078592
0.0092,-0.0069,-4.500701676848927,-0.005761378278702101,-0.010919953535886909
0.0093,-0.0069,-4.5011182988365785,-0.004182333089811142,-0.007971332978313792
0.0094,-0.0069,-4.501151978433613,-0.002908096373407432,-0.005491522096915537
0.0095,-0.0069,-4.503135097322969,-0.001837415123602023,-0.003220432036173719
0.0096,-0.0069,-4.504923571942756,-0.0010650374472967847,-0.0014769263135694993
0.0097,-0.0069,-4.506101103880885,-0.0005602661405897963,-0.00028410693786299214
0.0098,-0.0069,-4.50535817749808,-0.00016259345792752028,0.00037934712896644764
0.0099,-0.0069,-4.503198384046896,-0.00011799110094397595,0.0006049200044419
0.01,-0.0069,-4.508764164173606,0.0,0.0
0.0,-0.0068,-4.346830541572666,0.0,0.0
0.0001,-0.0068,-4.346105421950303,-0.00023220833974111536,0.0037654718931910583
0.0002,-0.0068,-4.348297136358882,-0.0007195931323054083,0.006871664518574405
0.0003,-0.0068,-4.3507170955486725,-0.0013453116621491938,0.00929612941286692
0.0004,-0.0068,-4.350742043597273,-0.002148178311993487,0.011369872234702434
0.0005,-0.0068,-4.353880247679626,-0.002951544236416414,0.013079927720578878
0.0006,-0.0068,-4.355372472128626,-0.003969770812241137,0.014715327059009381
0.0007,-0.0068,-4.360754801625603,-0.004980643168335522,0.016134695729164525
0.0008,-0.0068,-4.367072332024538,-0.00609087116538102,0.017225686126828635
0.0009,-0.0068,-4.374111835920171,-0.007088804215434507,0.01872301933763541
0.001,-0.0068,-4.382766645154102,-0.008154282686655693,0.020178453331610377
0.0011,-0.0068,-4.392606689073548,-0.009348782609196752,0.020985839942508158
0.0012,-0.0068,-4.405710075050868,-0.010427291815950718,0.022481755911700874
0.0013000000000000002,-0.0068,-4.420111756263344,-0.011446289689165896,0.023672223681056405
0.0014,-0.0068,-4.437950366948157,-0.01263081611105938,0.024694285740234967
0.0015,-0.0068,-4.454493463401622,-0.013755517598737183,0.025458296348892108
0.0016,-0.0068,-4.472922376510409,-0.014790261068612419,0.026375467686823074
0.0017,-0.0068,-4.490286869141817,-0.015717388884229657,0.02697558140330127
0.0018,-0.0068,-4.515764405454972,-0.016831450203616892,0.027623670552427496
0.0019,-0.0068,-4.541561461944976,-0.017782119197149417,0.02789446785991684
0.002,-0.0068,-4.569710684532552,-0.018627346438452222,0.02833013956878431
0.0021,-0.0068,-4.595021869893729,-0.01949772949243348,0.02829864222901367
0.0022,-0.0068,-4.6238318344048395,-0.020222286270674808,0.028671646474685165
0.0023,-0.0068,-4.653742863642755,-0.020945365177233628,0.02852867613520837
0.0024,-0.0068,-4.68323232270799,-0.021520657685666307,0.027966388976305812
0.0025,-0.0068,-4.715743138188282,-0.022298217995743247,0.027657320147068256
0.0026000000000000003,-0.0068,-4.743886523854443,-0.022824258517060506,0.027312774966292665
0.0027,-0.0068,-4.77533153321636,-0.02328869932844105,0.026794680182244787
0.0028,-0.0068,-4.805921889317905,-0.02374075122615961,0.025888718485921242
0.0029,-0.0068,-4.834852425701853,-0.024212252928374256,0.025202371088859105
0.003,-0.0068,-4.868349132505693,-0.024536297147279618,0.024358469450234038
0.0031,-0.0068,-4.8966997011657885,-0.02478618848124095,0.02362762280981159
0.0032,-0.0068,-4.923499375966259,-0.024944815338504324,0.02256134614678057
0.0033000000000000004,-0.0068,-4.956022729659943,-0.025428092724625196,0.021594377164795977
0.0034,-0.0068,-4.980570371881006,-0.02566147216317501,0.02071708732469383
0.0034999999999999996,-0.0068,-5.004976278683908,-0.025598290381622757,0.019126036705974944
0.0036,-0.0068,-5.027863527476954,-0.025469840025628722,0.01811560894819502
0.0037,-0.0068,-5.049368684070379,-0.025864683279478884,0.016954005236158223
0.0038,-0.0068,-5.077095406331932,-0.02566274055437507,0.015846571931024924
0.0039,-0.0068,-5.091328579831014,-0.02619356613727888,0.01477993150134322
0.004,-0.0068,-5.116963608427587,-0.026266496278360193,0.013386881773959648
0.0041,-0.0068,-5.1324503559236065,-0.02601265607971609,0.011985650309037968
0.0042,-0.0068,-5.135926063373089,-0.026105862854962802,0.01081596838209834
0.0043,-0.0068,-5.165160488716223,-0.02587255254164892,0.00965934970810467
0.0044,-0.0068,-5.175926820922292,-0.026450469872108848,0.00848913237308312
0.0045,-0.0068,-5.180807450511668,-0.02626012153249149,0.00738101100209975
0.0046,-0.0068,-5.195169632196167,-0.026193404729538385,0.005984543667372742
0.0047,-0.0068,-5.203416309692112,-0.026224299023094103,0.004947735226241992
0.0048,-0.0068,-5.2130861844058165,-0.026358057352583498,0.0037120144076067717
0.0049,-0.0068,-5.214641675021798,-0.026087144186865464,0.002646856285523139
0.005,-0.0068,-5.230359342674044,-0.02577870867275686,0.0014154866060244627
0.0051,-0.0068,-5.228861597605101,-0.025607700007918177,0.00018899773025119948
0.005200000000000001,-0.0068,-5.24364691332698,-0.026232489742362426,-0.001088425521228335
0.0053,-0.0068,-5.236675001599024,-0.026931698144306168,-0.0021615148911567597
0.0054,-0.0068,-5.2252122059977095,-0.026595131905537785,-0.003183049983505123
0.0055,-0.0068,-5.23482577323334,-0.02613344840854839,-0.004216590289642139
0.0056,-0.0068,-5.2532505979879325,-0.025923865586119112,-0.005729568610816397
0.005700000000000001,-0.0068,-5.227636897177039,-0.02724368446725241,-0.007183208817358293
0.0058,-0.0068,-5.228561601989468,-0.027507953429667376,-0.008412850059253735
0.0059,-0.0068,-5.189686772700752,-0.027386729048634935,-0.009882273917819213
0.006,-0.0068,-5.182877293346797,-0.026883348414503364,-0.011833754691436493
0.0061,-0.0068,-5.2011140698057305,-0.027932450202108713,-0.01232385491969484
0.0062,-0.0068,-5.1755881016022025,-0.02801827065980857,-0.012560622321866017
0.0063,-0.0068,-5.202497296928414,-0.027744296405403053,-0.014341617819529504
0.0064,-0.0068,-5.169436241458568,-0.028865455283067415,-0.015858816081868805
0.006499999999999999,-0.0068,-5.147779936528791,-0.0287912713492671,-0.017110126569255337
0.006600000000000001,-0.0068,-5.121932181226444,-0.02880007014664685,-0.018502465688561204
0.0067,-0.0068,-5.105765521974052,-0.028939521562096317,-0.019832754343635173
0.0068,-0.0068,-5.110004812423719,-0.029255582785999136,-0.021121216551913107
0.0069,-0.0068,-5.073387385323964,-0.029240679564529384,-0.02293802811299434
0.006999999999999999,-0.0068,-5.065871194923028,-0.029626439736666982,-0.02429375101255481
0.007100000000000001,-0.0068,-5.034691623454763,-0.030316327234678104,-0.02539054886763663
0.0072,-0.0068,-5.006379795985072,-0.02982263226393002,-0.026994124835496548
0.0073,-0.0068,-4.996522993963744,-0.031073757241976804,-0.028724353687946555
0.0074,-0.0068,-4.95021270851051,-0.030550950250142955,-0.030337534127481827
0.0075,-0.0068,-4.9213537007273915,-0.031137937955887846,-0.031137842037566102
0.0076,-0.0068,-4.896612793366127,-0.03102060279146858,-0.033119512001579136
0.0077,-0.0068,-4.859592880203149,-0.030677513816449023,-0.033976545698197545
0.0078,-0.0068,-4.8258121452500955,-0.030690561319134835,-0.03522759438801795
0.0079,-0.0068,-4.780928386953388,-0.02982910628350884,-0.036398951643437365
0.008,-0.0068,-4.756755888043003,-0.029385374174184915,-0.03677944122320645
0.0081,-0.0068,-4.718736306050538,-0.028335495662261446,-0.03719656653378591
0.0082,-0.0068,-4.681607864302618,-0.026997949624172138,-0.03667394523822681
0.0083,-0.0068,-4.653087608374745,-0.02589052003527613,-0.03657241732330879
0.0084,-0.0068,-4.623657858745248,-0.02428498709375563,-0.035457766133288264
0.0085,-0.0068,-4.597049805163875,-0.02214154078256868,-0.033852723475365144
0.0086,-0.0068,-4.5740585132974525,-0.02035563885576815,-0.0318912305987607
0.0087,-0.0068,-4.553584723752705,-0.01786480165768887,-0.02966160719160394
0.0088,-0.0068,-4.536522851636025,-0.015594695760537703,-0.026635304977481962
0.0089,-0.0068,-4.524323403766258,-0.013028460297199222,-0.02402979536290625
0.009,-0.0068,-4.515632030679645,-0.010793117801507886,-0.020145916278847383
0.0091,-0.0068,-4.5105864395099395,-0.008415009355145834,-0.016310324259441202
0.0092,-0.0068,-4.50786674489535,-0.006352855473919442,-0.013023369723167217
0.0093,-0.0068,-4.506889970016195,-0.004720665422640336,-0.009537503474167252
0.0094,-0.0068,-4.507665621152682,-0.0032521796437189306,-0.006748943676379246
0.0095,-0.0068,-4.508822756023787,-0.002073937016981825,-0.004136832692847975
0.0096,-0.0068,-4.510899249335088,-0.0011746582296906455,-0.002154750331268552
0.0097,-0.0068,-4.510696349423497,-0.0005776477093007928,-0.0007478637772330179
0.0098,-0.0068,-4.514200623508288,-0.00013713811946476943,0.00021935491747783112
0.0099,-0.0068,-4.518564187371212,-5.5397199981402455e-05,0.000540966370891547
0.01,-0.0068,-4.523893222180761,0.0,0.0
0.0,-0.0067,-4.355975967694095,0.0,0.0
0.0001,-0.0067,-4.355313555137869,-0.00023150868453301212,0.004116038370578098
0.0002,-0.0067,-4.3574692121483025,-0.0006916434159093398,0.007363142818200191
0.0003,-0.0067,-4.358867614959758,-0.0012911855437246146,0.010123868202787406
0.0004,-0.0067,-4.359998452157939,-0.002087562935266664,0.012206939198337825
0.0005,-0.0067,-4.3636131966395135,-0.0029229341675297035,0.014001459355210109
0.0006,-0.0067,-4.366995797868908,-0.0039078539323573625,0.015695838367623713
0.0007,-0.0067,-4.3709829218235345,-0.004966735280313221,0.016864933143370404
0.0008,-0.0067,-4.377621470745593,-0.005825770832494472,0.018601525070972635
0.0009,-0.0067,-4.384907813718211,-0.007092339980773358,0.019837411285579556
0.001,-0.0067,-4.3945008409834765,-0.008136407228155241,0.020942149463800522
0.0011,-0.0067,-4.404384010914431,-0.00918497161880744,0.02214951931053192
0.0012,-0.0067,-4.418639793658665,-0.01028761475079079,0.023725051095741342
0.0013000000000000002,-0.0067,-4.433273695425668,-0.011370883563583043,0.024767304287151945
0.0014,-0.0067,-4.450015350042269,-0.012396083614705886,0.025760581423075624
0.0015,-0.0067,-4.46913801850683,-0.013479416240202253,0.026579069527240262
0.0016,-0.0067,-4.491496182075573,-0.014462145987112679,0.027454078412152194
0.0017,-0.0067,-4.510283943079918,-0.015493919262429094,0.028112162886405247
0.0018,-0.0067,-4.538255454946328,-0.016357993550820914,0.028504577123035592
0.0019,-0.0067,-4.563132038899186,-0.017360163924473513,0.028916033105170626
0.002,-0.0067,-4.5915750839702465,-0.018168113364892935,0.028931215398506283
0.0021,-0.0067,-4.618873249553499,-0.01893645041180347,0.029218241136644466
0.0022,-0.0067,-4.646285641926315,-0.019624661563247305,0.029315582132642154
0.0023,-0.0067,-4.679032061878121,-0.020257444477219846,0.02907568876540663
0.0024,-0.0067,-4.709678056203905,-0.020913916852255448,0.028748035636630226
0.0025,-0.0067,-4.740547506409018,-0.021451911104176193,0.02806156403691584
0.0026000000000000003,-0.0067,-4.773403617029879,-0.02200257846007235,0.027901933128393154
0.0027,-0.0067,-4.802709299243345,-0.022371295746570537,0.027234487438830647
0.0028,-0.0067,-4.83705728018127,-0.022815276225496964,0.026386305840848667
0.0029,-0.0067,-4.8678118158565935,-0.02307679037648565,0.02562898703052339
0.003,-0.0067,-4.895556632119325,-0.02343154211049765,0.024680946363265333
0.0031,-0.0067,-4.926347751723321,-0.02385230982499786,0.02388308646067
0.0032,-0.0067,-4.955253224553334,-0.024046684649634484,0.022578795749785593
0.0033000000000000004,-0.0067,-4.983511333516574,-0.02404526108503012,0.021534550157584164
0.0034,-0.0067,-5.012457899251823,-0.024334244988611378,0.020169944260255174
0.0034999999999999996,-0.0067,-5.038421379294013,-0.024185068904625566,0.019400689679483142
0.0036,-0.0067,-5.059920196844275,-0.024478435872716003,0.01836189405770411
0.0037,-0.0067,-5.084468737311585,-0.02457098807012006,0.017167180835727203
0.0038,-0.0067,-5.108289785551213,-0.024664967540438527,0.015666237869829156
0.0039,-0.0067,-5.127217448215098,-0.024946774213513136,0.014727209527695058
0.004,-0.0067,-5.143552078217581,-0.024604576084122694,0.013395420185039137
0.0041,-0.0067,-5.162213455283711,-0.02469698067604863,0.012178196356999654
0.0042,-0.0067,-5.168461129390137,-0.024520011047931473,0.010989841444909172
0.0043,-0.0067,-5.1991587748764685,-0.024550709023442165,0.00983540816376986
0.0044,-0.0067,-5.2099753029579645,-0.024436774987026927,0.0086726738832518
0.0045,-0.0067,-5.212171891085599,-0.024817252256379353,0.007518790447341573
0.0046,-0.0067,-5.227701276509575,-0.025021047806476744,0.006207126904861478
0.0047,-0.0067,-5.2363556125626305,-0.024898746957665276,0.004914355508188083
0.0048,-0.0067,-5.248128795601866,-0.024923616631719284,0.003940683124612412
0.0049,-0.0067,-5.2489478243747305,-0.024527344230313476,0.0025256996750879055
0.005,-0.0067,-5.26092496246069,-0.02494338772658011,0.0014688205263628552
0.0051,-0.0067,-5.264850224561665,-0.024924806881473152,0.00020978752372205294
0.005200000000000001,-0.0067,-5.269251388680749,-0.024689192970120205,-0.0010083615295601058
0.0053,-0.0067,-5.260081539672365,-0.025427083410753806,-0.0021605795603212292
0.0054,-0.0067,-5.245141963479641,-0.025328647055602446,-0.0032596958989936707
0.0055,-0.0067,-5.261524190408094,-0.025432418722578537,-0.00451693391335964
0.0056,-0.0067,-5.260792784386104,-0.025100702891936385,-0.0056489122437009005
0.005700000000000001,-0.0067,-5.271315315767133,-0.025307272419027606,-0.006346695439714764
0.0058,-0.0067,-5.25740990407157,-0.025320556629009602,-0.007868839562056005
0.0059,-0.0067,-5.258483111539184,-0.025578933274535916,-0.009501880651194087
0.006,-0.0067,-5.272295872058244,-0.02613973449647841,-0.010699513938983022
0.0061,-0.0067,-5.201407295755344,-0.026524335627281494,-0.01194063661285119
0.0062,-0.0067,-5.224796555940792,-0.02651181828693905,-0.013117044482716781
0.0063,-0.0067,-5.186996718482282,-0.027175801476973023,-0.014455830880304651
0.0064,-0.0067,-5.170951751270699,-0.02707818689410645,-0.015101437286740432
0.006499999999999999,-0.0067,-5.213024646848449,-0.026798306301413267,-0.016604618170550797
0.006600000000000001,-0.0067,-5.164563820880691,-0.027178054133124876,-0.018425016699522536
0.0067,-0.0067,-5.149915845980703,-0.027237843051699684,-0.019587302279469004
0.0068,-0.0067,-5.136718007767168,-0.028055179091070394,-0.021046194848432988
0.0069,-0.0067,-5.100290889313053,-0.0279021160216137,-0.022177525504130085
0.006999999999999999,-0.0067,-5.117232728044257,-0.02829539363919033,-0.023546357329635892
0.007100000000000001,-0.0067,-5.075640683137789,-0.028962448766337426,-0.025113483878201028
0.0072,-0.0067,-5.033519449917095,-0.02909880097550982,-0.026836958566513747
0.0073,-0.0067,-5.027731638130403,-0.029374486148920076,-0.028159222436178345
0.0074,-0.0067,-4.988831209748315,-0.03005766604159811,-0.030142430428618874
0.0075,-0.0067,-4.963164250137528,-0.02960720559288893,-0.031241899040404714
0.0076,-0.0067,-4.934014793009583,-0.029651587226284755,-0.03297731503215574
0.0077,-0.0067,-4.894897619334202,-0.02978967436949258,-0.034133995245565575
0.0078,-0.0067,-4.86413133570832,-0.02975907741122388,-0.03544335050310939
0.0079,-0.0067,-4.826057055199346,-0.02938490243208305,-0.03644080598294297
0.008,-0.0067,-4.784059927268758,-0.029077407766768017,-0.037525088761419606
0.0081,-0.0067,-4.752065136320735,-0.028285563105907296,-0.037889249188464424
0.0082,-0.0067,-4.719496759438831,-0.027210694603051866,-0.03820137219149555
0.0083,-0.0067,-4.683565696898445,-0.025947663906714748,-0.0378367379123735
0.0084,-0.0067,-4.649623067802035,-0.02454133956277435,-0.03719284941590394
0.0085,-0.0067,-4.621010507499058,-0.023069474615144806,-0.0365569920442622
0.0086,-0.0067,-4.595273013127658,-0.020870027448268765,-0.034549548499933365
0.0087,-0.0067,-4.57118197610027,-0.01871378822853391,-0.032116616027302904
0.0088,-0.0067,-4.553145648967605,-0.01641152836804318,-0.029217635923923974
0.0089,-0.0067,-4.536295354658484,-0.014059051481883647,-0.025849876345463346
0.009,-0.0067,-4.526911640141117,-0.011656856820112289,-0.02214155217380158
0.0091,-0.0067,-4.519932923691418,-0.009216495590673087,-0.018510613319214154
0.0092,-0.0067,-4.5164007450271555,-0.007055200461875914,-0.014879032315223379
0.0093,-0.0067,-4.514653701810938,-0.005122732381679436,-0.011078682852235875
0.0094,-0.0067,-4.514952109847389,-0.0035807208917245474,-0.007853941967243872
0.0095,-0.0067,-4.515442685385499,-0.0023119630757771274,-0.005180336569179592
0.0096,-0.0067,-4.518130434349752,-0.0013812366638642358,-0.002927586961042247
0.0097,-0.0067,-4.517984740518863,-0.0006922766859683703,-0.0012256949893236634
0.0098,-0.0067,-4.521932048728572,-0.00019176691168786347,-0.00017318304701733527
0.0099,-0.0067,-4.520883218759519,-4.364558209772969e-05,0.00012983977413156492
0.01,-0.0067,-4.532346386893202,0.0,0.0
0.0,-0.006600000000000001,-4.364102741164106,0.0,0.0
0.0001,-0.006600000000000001,-4.365782594794728,-0.00023310799342220252,0.004449127113088209
0.0002,-0.006600000000000001,-4.36491921745375,-0.0006522269034679341,0.00790097565170436
0.0003,-0.006600000000000001,-4.366569684121006,-0.0012719481692595282,0.010779154726275835
0.0004,-0.006600000000000001,-4.369978192721268,-0.002056346491328437,0.013038335602714522
0.0005,-0.006600000000000001,-4.374263755534335,-0.002918810158202263,0.014977438902358229
0.0006,-0.006600000000000001,-4.37749590305362,-0.0038146528862741287,0.01659224346165269
0.0007,-0.006600000000000001,-4.382575553768985,-0.004865359033754651,0.018104097528884616
0.0008,-0.006600000000000001,-4.388636193441008,-0.0058547055443171825,0.019707181662844377
0.0009,-0.006600000000000001,-4.396238706576613,-0.006805488946468344,0.020913034073413023
0.001,-0.006600000000000001,-4.4065591071488,-0.007944168904528643,0.022298268580492456
0.0011,-0.006600000000000001,-4.41764908570375,-0.008979655063471296,0.023406787895388123
0.0012,-0.006600000000000001,-4.4329607578765735,-0.010035737646314616,0.024561195969262678
0.0013000000000000002,-0.006600000000000001,-4.449111215173556,-0.011076554250458882,0.02565900922671993
0.0014,-0.006600000000000001,-4.466180306247863,-0.01216624674536472,0.02667283829216536
0.0015,-0.006600000000000001,-4.486378647775497,-0.013105284048668953,0.0276161190856493
0.0016,-0.006600000000000001,-4.506470334998864,-0.01409154373924042,0.02836813822747704
0.0017,-0.006600000000000001,-4.533380664796583,-0.0149741352493533,0.02896147186359338
0.0018,-0.006600000000000001,-4.55547147882051,-0.016000932571010065,0.029544790589434836
0.0019,-0.006600000000000001,-4.583348967782437,-0.016837138607457933,0.029944750843498586
0.002,-0.006600000000000001,-4.610619063551313,-0.017496032317070503,0.029886351186784555
0.0021,-0.006600000000000001,-4.64328678615867,-0.01816406219821717,0.030088047074854563
0.0022,-0.006600000000000001,-4.671912270849436,-0.018842903612908957,0.029862020836428273
0.0023,-0.006600000000000001,-4.707689745005902,-0.019600293019476918,0.029819257004397238
0.0024,-0.006600000000000001,-4.736990523453092,-0.020141685024299284,0.0295204596060136
0.0025,-0.006600000000000001,-4.768507975387782,-0.020697120443594386,0.02874115067996782
0.0026000000000000003,-0.006600000000000001,-4.798498821554578,-0.021155789686962648,0.028324291609588177
0.0027,-0.006600000000000001,-4.834279331360665,-0.021500618456601533,0.027525360267136152
0.0028,-0.006600000000000001,-4.861644804388061,-0.02190102308392144,0.026909153040065026
0.0029,-0.006600000000000001,-4.898341881415379,-0.02215900610777053,0.025969498377827818
0.003,-0.006600000000000001,-4.927700627514412,-0.022460321502208745,0.024803715879426532
0.0031,-0.006600000000000001,-4.957878418262444,-0.022766338537469708,0.023682899607675077
0.0032,-0.006600000000000001,-4.984562697920519,-0.022675646965242907,0.022888759358487144
0.0033000000000000004,-0.006600000000000001,-5.013146746466629,-0.022740260978178946,0.021606918063289834
0.0034,-0.006600000000000001,-5.0428017570557,-0.02285807155286512,0.02095492807757575
0.0034999999999999996,-0.006600000000000001,-5.067028534536802,-0.023045690778380885,0.019573048432335663
0.0036,-0.006600000000000001,-5.092828720150568,-0.023124664697956265,0.01826337398517355
0.0037,-0.006600000000000001,-5.1118345975911605,-0.02335487883869873,0.017153973179981057
0.0038,-0.006600000000000001,-5.1351003118583645,-0.023289250088397755,0.015867923178993337
0.0039,-0.006600000000000001,-5.1543042837073045,-0.023521061275213462,0.014515443856131805
0.004,-0.006600000000000001,-5.168093955502316,-0.023297494967784507,0.013704007458101911
0.0041,-0.006600000000000001,-5.1852542322082895,-0.023383386681042492,0.012241661852178294
0.0042,-0.006600000000000001,-5.210195210263903,-0.022894429469809845,0.010982792305500139
0.0043,-0.006600000000000001,-5.2263466902235995,-0.023019846284693474,0.009889244707676985
0.0044,-0.006600000000000001,-5.232594308350027,-0.023240985283010246,0.00842066782377572
0.0045,-0.006600000000000001,-5.249495782414361,-0.023087090418622426,0.00714812109870977
0.0046,-0.006600000000000001,-5.254960157970748,-0.023633425141286687,0.006270827179687422
0.0047,-0.006600000000000001,-5.269339215744003,-0.02290661548665097,0.0052424881096110555
0.0048,-0.006600000000000001,-5.275330103599656,-0.023558949410417775,0.003973265480429661
0.0049,-0.006600000000000001,-5.280257469064504,-0.023517389160826047,0.0026580169161941583
0.005,-0.006600000000000001,-5.291233252678189,-0.023956486680198386,0.0013224182944126996
0.0051,-0.006600000000000001,-5.2888025009540485,-0.023460135647595515,0.00037434797922711283
0.005200000000000001,-0.006600000000000001,-5.297994911369069,-0.024095535865885538,-0.0007515324130803309
0.0053,-0.006600000000000001,-5.307397249905064,-0.023698613919556768,-0.001983743202940607
0.0054,-0.006600000000000001,-5.29595952474875,-0.023914556415516836,-0.0031123785205829785
0.0055,-0.006600000000000001,-5.296188116588608,-0.024321784307991624,-0.00435826777826029
0.0056,-0.006600000000000001,-5.267998633536227,-0.024287949247266547,-0.005579459891041569
0.005700000000000001,-0.006600000000000001,-5.265208881604733,-0.02406231870510364,-0.006815111723278773
0.0058,-0.006600000000000001,-5.254481680959916,-0.024266511335139827,-0.00798889937119362
0.0059,-0.006600000000000001,-5.284524389695739,-0.02396881568633684,-0.009071912318872236
0.006,-0.006600000000000001,-5.27698886271853,-0.024730188244340118,-0.010101602021125746
0.0061,-0.006600000000000001,-5.257066904651551,-0.024746895741146843,-0.011987325258748929
0.0062,-0.006600000000000001,-5.30762615668112,-0.024678177466694835,-0.012980990816000293
0.0063,-0.006600000000000001,-5.256928278808092,-0.026286097935795213,-0.013879885278079658
0.0064,-0.006600000000000001,-5.2414511867108295,-0.025597098604500292,-0.015404732422748922
0.006499999999999999,-0.006600000000000001,-5.213646618427807,-0.026253959982451627,-0.01683482569887614
0.006600000000000001,-0.006600000000000001,-5.189252661801997,-0.025686659907282028,-0.0178480606817371
0.0067,-0.006600000000000001,-5.214013727168221,-0.02604532923314828,-0.019235675215830618
0.0068,-0.006600000000000001,-5.159575684494763,-0.026885939082772304,-0.0206638348071142
0.0069,-0.006600000000000001,-5.142777924332204,-0.02677154374563212,-0.022099079606925198
0.006999999999999999,-0.006600000000000001,-5.1398251209388714,-0.02693496392731111,-0.023195427243604096
0.007100000000000001,-0.006600000000000001,-5.085386345204467,-0.027841156687727547,-0.025026565032043993
0.0072,-0.006600000000000001,-5.075797414994055,-0.02767002734183638,-0.026576366711100474
0.0073,-0.006600000000000001,-5.063251123295641,-0.028067586575637515,-0.028027433887401206
0.0074,-0.006600000000000001,-5.032768261111021,-0.02825998669222778,-0.0298141314566006
0.0075,-0.006600000000000001,-4.998142382549586,-0.028790978827629977,-0.030910166333410084
0.0076,-0.006600000000000001,-4.969468907206773,-0.02839362340929588,-0.03305026776570283
0.0077,-0.006600000000000001,-4.931710289593872,-0.029297310098976355,-0.03453551699289573
0.0078,-0.006600000000000001,-4.900463327577491,-0.029217046971224115,-0.035603251396781395
0.0079,-0.006600000000000001,-4.872208954102133,-0.029030640911265705,-0.03683654287149265
0.008,-0.006600000000000001,-4.828746644919612,-0.028820671685200045,-0.03799386319934579
0.0081,-0.006600000000000001,-4.790337162433634,-0.027964148898296723,-0.03908833200908843
0.0082,-0.006600000000000001,-4.748897565415812,-0.027163332802770647,-0.039155117798367015
0.0083,-0.006600000000000001,-4.714920581182789,-0.025903036885358163,-0.03895563153405765
0.0084,-0.006600000000000001,-4.676535304118915,-0.024896288982030113,-0.0382778663071138
0.0085,-0.006600000000000001,-4.6449455796571,-0.023342069085443853,-0.0379876294031089
0.0086,-0.006600000000000001,-4.617697557445004,-0.021524118414278245,-0.03598809742476964
0.0087,-0.006600000000000001,-4.59319571553045,-0.01931658046127983,-0.034043112923220965
0.0088,-0.006600000000000001,-4.571892975853159,-0.017192921035702587,-0.031523232924910737
0.0089,-0.006600000000000001,-4.553104064771379,-0.01462502559039276,-0.0286222860851201
0.009,-0.006600000000000001,-4.539045427006191,-0.012244423531500546,-0.024828695313295592
0.0091,-0.006600000000000001,-4.530432508370008,-0.009961650637379438,-0.020542779377575267
0.0092,-0.006600000000000001,-4.52539148871668,-0.007520449008159429,-0.01668961749437308
0.0093,-0.006600000000000001,-4.523240593330392,-0.005828417172621715,-0.012899433344334105
0.0094,-0.006600000000000001,-4.5234672962418845,-0.004045256269449088,-0.00930806789221864
0.0095,-0.006600000000000001,-4.524439176154381,-0.0026127169945383668,-0.006417438229331812
0.0096,-0.006600000000000001,-4.5249801481328245,-0.001556079065520446,-0.0037720284511111504
0.0097,-0.006600000000000001,-4.525642288673201,-0.0008077419961532173,-0.0018201019542362787
0.0098,-0.006600000000000001,-4.528612667557018,-0.00036053024131705555,-0.0005284977714310958
0.0099,-0.006600000000000001,-4.529164408902117,-0.00013103652309451194,-2.2011020401724706e-05
0.01,-0.006600000000000001,-4.5400715703264485,0.0,0.0
0.0,-0.006499999999999999,-4.374624945390837,0.0,0.0
0.0001,-0.006499999999999999,-4.376384244151906,-0.00022053592680079594,0.0047678792639927504
0.0002,-0.006499999999999999,-4.374463242362842,-0.0006349989481074497,0.008459639883954031
0.0003,-0.006499999999999999,-4.377679665924243,-0.001277709143561323,0.011537644416632884
0.0004,-0.006499999999999999,-4.378752830069234,-0.0019915159768078864,0.013821575714082933
0.0005,-0.006499999999999999,-4.383058839521841,-0.0028653514154779475,0.015804936032950193
0.0006,-0.006499999999999999,-4.387687711083044,-0.0037214178262216196,0.017476752076507004
0.0007,-0.006499999999999999,-4.3939163266090535,-0.004737141683354759,0.018956681392972685
0.0008,-0.006499999999999999,-4.400535863623405,-0.005684742078037575,0.02023408379162111
0.0009,-0.006499999999999999,-4.40934187749914,-0.0066306685833282045,0.021879723928680036
0.001,-0.006499999999999999,-4.420205302085249,-0.0077607309634152456,0.02326646309680104
0.0011,-0.006499999999999999,-4.433116161287391,-0.008730165205911678,0.024479557373483198
0.0012,-0.006499999999999999,-4.446702678240437,-0.0097944876196965,0.025651131632185072
0.0013000000000000002,-0.006499999999999999,-4.4630027304934625,-0.010840484214372642,0.02693023440995808
0.0014,-0.006499999999999999,-4.482416444486847,-0.011761096556354354,0.027635262012694922
0.0015,-0.006499999999999999,-4.504886455705119,-0.012738287244107133,0.028636836755126967
0.0016,-0.006499999999999999,-4.524035769128564,-0.013664371093195737,0.029258144159012203
0.0017,-0.006499999999999999,-4.551257510237106,-0.014493160048606325,0.029923169675277035
0.0018,-0.006499999999999999,-4.579497614812596,-0.015323678260297605,0.030277397307803267
0.0019,-0.006499999999999999,-4.607129815173421,-0.016311565974644834,0.030880006199096335
0.002,-0.006499999999999999,-4.635343837611747,-0.01676616591372616,0.030780236434236347
0.0021,-0.006499999999999999,-4.665783941742995,-0.017592161621834673,0.030677465853716404
0.0022,-0.006499999999999999,-4.695618292955274,-0.01811566687258321,0.030406696725791035
0.0023,-0.006499999999999999,-4.731057396109089,-0.018732737390085293,0.030221160761244925
0.0024,-0.006499999999999999,-4.761395001313315,-0.019210765590305046,0.02965462228311716
0.0025,-0.006499999999999999,-4.7921884277554065,-0.019787435643790333,0.02926720685239391
0.0026000000000000003,-0.006499999999999999,-4.828400327140626,-0.02019849485129916,0.02846490988146987
0.0027,-0.006499999999999999,-4.8608215105789,-0.020586942409241228,0.027897515837783677
0.0028,-0.006499999999999999,-4.893657201979521,-0.02074551813492269,0.02711706546424137
0.0029,-0.006499999999999999,-4.922921910228099,-0.02092650680960393,0.026031892098466555
0.003,-0.006499999999999999,-4.952887032430341,-0.021319896579786526,0.025278975814546103
0.0031,-0.006499999999999999,-4.984368052370002,-0.02137527818062072,0.02394874739035233
0.0032,-0.006499999999999999,-5.012853761677594,-0.021801036870130533,0.023129105944323176
0.0033000000000000004,-0.006499999999999999,-5.042316362723406,-0.021747429339833285,0.022187004553045866
0.0034,-0.006499999999999999,-5.068132597112631,-0.021904872964855743,0.020895337457053183
0.0034999999999999996,-0.006499999999999999,-5.095050994572572,-0.021809908918422067,0.019551482827127986
0.0036,-0.006499999999999999,-5.118153816663528,-0.021802470987760166,0.018411267205984735
0.0037,-0.006499999999999999,-5.142499272884595,-0.021958463233921324,0.017161153107266798
0.0038,-0.006499999999999999,-5.157524486563313,-0.021874039274482577,0.015802688197706527
0.0039,-0.006499999999999999,-5.179747075384124,-0.022114079481378682,0.014889602062429425
0.004,-0.006499999999999999,-5.201618045078111,-0.021661076931667272,0.013377142319838371
0.0041,-0.006499999999999999,-5.2173933925608225,-0.02231081513913167,0.012449163511895232
0.0042,-0.006499999999999999,-5.229771187821059,-0.02147216581818155,0.01096481540718753
0.0043,-0.006499999999999999,-5.252384950661994,-0.0217517900613746,0.00979803984615013
0.0044,-0.006499999999999999,-5.263332163390991,-0.02184838701573879,0.008803292493746683
0.0045,-0.006499999999999999,-5.275322316175549,-0.022227073489214818,0.007594020431260832
0.0046,-0.006499999999999999,-5.286546478319797,-0.022112266599584356,0.006170009828492904
0.0047,-0.006499999999999999,-5.298512503501904,-0.02212835014905252,0.005000119926672823
0.0048,-0.006499999999999999,-5.309850862622518,-0.022440473199869245,0.003792408647878725
0.0049,-0.006499999999999999,-5.310441272587943,-0.02241299637133505,0.002726423145747465
0.005,-0.006499999999999999,-5.307863269195827,-0.022181543962377454,0.0015266847624168115
0.0051,-0.006499999999999999,-5.314637771936783,-0.022421228354211148,0.00031263929476433384
0.005200000000000001,-0.006499999999999999,-5.315856312859753,-0.022408721046428912,-0.0007261205381509216
0.0053,-0.006499999999999999,-5.326624550229775,-0.022699088779650635,-0.001854413905354234
0.0054,-0.006499999999999999,-5.321652131059496,-0.02250077564421737,-0.0030399092725747314
0.0055,-0.006499999999999999,-5.32862717589721,-0.02325751790036137,-0.004237076424781677
0.0056,-0.006499999999999999,-5.327214640571102,-0.023231922491624053,-0.005385408689647125
0.005700000000000001,-0.006499999999999999,-5.339120239225148,-0.02347292943429843,-0.006858457400579741
0.0058,-0.006499999999999999,-5.300579514086466,-0.023955756934527797,-0.008055311265708014
0.0059,-0.006499999999999999,-5.290957301886581,-0.023276025207410844,-0.009277215852200267
0.006,-0.006499999999999999,-5.306442741222457,-0.023607061268307507,-0.010411535715042077
0.0061,-0.006499999999999999,-5.286036427524194,-0.023988840568230134,-0.0107993123649521
0.0062,-0.006499999999999999,-5.3031224396263665,-0.02404934622207494,-0.01217998124669817
0.0063,-0.006499999999999999,-5.299529947778043,-0.024217685625220132,-0.01402415981475051
0.0064,-0.006499999999999999,-5.28630795423097,-0.02444034232272099,-0.015287914949521876
0.006499999999999999,-0.006499999999999999,-5.250154227754641,-0.02462166138232961,-0.016565711931788064
0.006600000000000001,-0.006499999999999999,-5.236256864423756,-0.024987245643476423,-0.017736080661658795
0.0067,-0.006499999999999999,-5.208460453438398,-0.025166420552252967,-0.01936708202845829
0.0068,-0.006499999999999999,-5.182065298355459,-0.02528563635486682,-0.02030456526355221
0.0069,-0.006499999999999999,-5.207008818906655,-0.0251333775863527,-0.021567580419719
0.006999999999999999,-0.006499999999999999,-5.167264354730904,-0.02612064276377271,-0.023092436213376644
0.007100000000000001,-0.006499999999999999,-5.1137895063186525,-0.02618776089968109,-0.024634513378988032
0.0072,-0.006499999999999999,-5.107444385418788,-0.026250842935180003,-0.02621230572838931
0.0073,-0.006499999999999999,-5.098878176998987,-0.026483456556754537,-0.027591704482133352
0.0074,-0.006499999999999999,-5.070909224855651,-0.027439680993924354,-0.02918003189801835
0.0075,-0.006499999999999999,-5.036495774494736,-0.02685746632085231,-0.030497065635335403
0.0076,-0.006499999999999999,-4.998327892132623,-0.027929441193889883,-0.03257056871843832
0.0077,-0.006499999999999999,-4.9689757775387555,-0.027657709338971437,-0.03403051664661748
0.0078,-0.006499999999999999,-4.936520627529893,-0.028029149909848318,-0.035562009686185996
0.0079,-0.006499999999999999,-4.904249110671731,-0.02836026615421768,-0.03708574109716743
0.008,-0.006499999999999999,-4.857481842829227,-0.027789923733672308,-0.038389363524372624
0.0081,-0.006499999999999999,-4.825452292038674,-0.027633452917160118,-0.03937356050796385
0.0082,-0.006499999999999999,-4.777202340727204,-0.027274788239858756,-0.03944010231724015
0.0083,-0.006499999999999999,-4.747159500435406,-0.0262326713230702,-0.039865626780784646
0.0084,-0.006499999999999999,-4.71113159963291,-0.02491911837584329,-0.03955882309391742
0.0085,-0.006499999999999999,-4.675303003043867,-0.02356967865339299,-0.03946175728845025
0.0086,-0.006499999999999999,-4.644031976425015,-0.022020635326511134,-0.03776271109053031
0.0087,-0.006499999999999999,-4.614972985293341,-0.019934735201062755,-0.0365371275245
0.0088,-0.006499999999999999,-4.591206883158848,-0.01769426145792964,-0.033999314850453155
0.0089,-0.006499999999999999,-4.568209786528254,-0.015389728335472863,-0.030986462286667984
0.009,-0.006499999999999999,-4.553341619980096,-0.012834380927461456,-0.027512928529895626
0.0091,-0.006499999999999999,-4.5425076626192045,-0.010539619903098693,-0.02323310289002728
0.0092,-0.006499999999999999,-4.535632818700433,-0.00820556198450012,-0.019165091840591647
0.0093,-0.006499999999999999,-4.532337240665823,-0.006136048390727425,-0.015351271533395409
0.0094,-0.006499999999999999,-4.531423984070632,-0.004393835916122351,-0.010870114801779086
0.0095,-0.006499999999999999,-4.530679961041576,-0.0029018370687583254,-0.007675228276961591
0.0096,-0.006499999999999999,-4.533407272338696,-0.0017250465429256214,-0.004752068304648856
0.0097,-0.006499999999999999,-4.535320450458015,-0.0009130361781675249,-0.0024354679530282706
0.0098,-0.006499999999999999,-4.53417875396393,-0.0003339468480326657,-0.0008271962352856967
0.0099,-0.006499999999999999,-4.536861589501018,-8.094144804789198e-05,-8.782048110304432e-05
0.01,-0.006499999999999999,-4.534495522116993,0.0,0.0
0.0,-0.0064,-4.386554862355623,0.0,0.0
0.0001,-0.0064,-4.385941295708458,-0.000214049884466065,0.0050600648139656375
0.0002,-0.0064,-4.3878978930041574,-0.0006132673318591857,0.009064938497155867
0.0003,-0.0064,-4.3899390125863444,-0.0011901221960621614,0.012161435773382648
0.0004,-0.0064,-4.3913542846333975,-0.0018714814686984077,0.014627407354549144
0.0005,-0.0064,-4.395814018807925,-0.002679765243707205,0.016715890918864072
0.0006,-0.0064,-4.399193327049112,-0.003607495097269856,0.01845456743943016
0.0007,-0.0064,-4.405584239496764,-0.004553330093590072,0.019806269593840048
0.0008,-0.0064,-4.412804517091618,-0.0055267423170675695,0.021733283693982836
0.0009,-0.0064,-4.4223093835502825,-0.006503398905522892,0.023109594858225026
0.001,-0.0064,-4.432505572283923,-0.007472189056844181,0.024275327788000817
0.0011,-0.0064,-4.4466245949960035,-0.008503578615081376,0.025469758325416536
0.0012,-0.0064,-4.46252986479886,-0.009470543217723539,0.026535352988532792
0.0013000000000000002,-0.0064,-4.479184167516726,-0.010424698304907146,0.02776550561646305
0.0014,-0.0064,-4.499847079214544,-0.011392433687312922,0.028766648744556797
0.0015,-0.0064,-4.522089074236928,-0.012275490761198105,0.029533223557129448
0.0016,-0.0064,-4.540483876634865,-0.013148704291866795,0.030244901450571373
0.0017,-0.0064,-4.568253183991097,-0.013925508987901276,0.030714305163772992
0.0018,-0.0064,-4.598291581711377,-0.014857670431030185,0.0309128615042643
0.0019,-0.0064,-4.626884061297335,-0.01556814038344167,0.031005596539754744
0.002,-0.0064,-4.6614549324473815,-0.01619580259773682,0.031300864689786094
0.0021,-0.0064,-4.688023348733012,-0.016777185206635393,0.03120284490963158
0.0022,-0.0064,-4.719394566654755,-0.017304565257433086,0.03088545326819413
0.0023,-0.0064,-4.7519426611929525,-0.017874206890222018,0.030678975736973438
0.0024,-0.0064,-4.786683232493485,-0.018292877263628084,0.0302927246163468
0.0025,-0.0064,-4.820601299353139,-0.01873997282233606,0.029579549858308074
0.0026000000000000003,-0.0064,-4.852680529464481,-0.019158056931456443,0.029031139770881727
0.0027,-0.0064,-4.884699368334406,-0.019448615562751594,0.028274144595755113
0.0028,-0.0064,-4.917740796186821,-0.019717335820657836,0.027341831480774643
0.0029,-0.0064,-4.951135754121674,-0.019983409344311323,0.02634799801080695
0.003,-0.0064,-4.982237380350513,-0.020045051156096005,0.025260413396462175
0.0031,-0.0064,-5.014047436208551,-0.020431920482028326,0.02441426112100259
0.0032,-0.0064,-5.043054927753736,-0.020488540041459245,0.023221124996653932
0.0033000000000000004,-0.0064,-5.068779938379189,-0.020423459058812727,0.02219661637011204
0.0034,-0.0064,-5.095942489708648,-0.020606165076977163,0.020849052342828144
0.0034999999999999996,-0.0064,-5.123755996732198,-0.020676747015114384,0.01962666698431101
0.0036,-0.0064,-5.143433483532831,-0.020470598549373116,0.01837134201448364
0.0037,-0.0064,-5.171375287037641,-0.020612026253090773,0.016903697375777328
0.0038,-0.0064,-5.190710461979275,-0.020775695598018833,0.01586465680429676
0.0039,-0.0064,-5.210604822081848,-0.020931418414388992,0.014418498405834763
0.004,-0.0064,-5.225737096284047,-0.020772332222657796,0.013503619669531567
0.0041,-0.0064,-5.241305904523672,-0.020424949932326682,0.012305003610004382
0.0042,-0.0064,-5.259886390734607,-0.02098124500706102,0.011071987978077924
0.0043,-0.0064,-5.273758678986468,-0.02100614733755089,0.009792612235130133
0.0044,-0.0064,-5.283687635548292,-0.02066207545320763,0.008830182552784121
0.0045,-0.0064,-5.3089934262040455,-0.02063878804140215,0.007512090414863175
0.0046,-0.0064,-5.309580788788691,-0.020824139724538105,0.006350315815434753
0.0047,-0.0064,-5.318063424791677,-0.020912766504237675,0.005204437711079048
0.0048,-0.0064,-5.3345194137985095,-0.021123044688233852,0.003980768055526492
0.0049,-0.0064,-5.333141515440384,-0.02095420063649697,0.0028030443034562365
0.005,-0.0064,-5.342978519260377,-0.02117286608122014,0.0016755918014395269
0.0051,-0.0064,-5.355754871821351,-0.021233213922121283,0.00048412387921875253
0.005200000000000001,-0.0064,-5.355987055718406,-0.0213193475263422,-0.0006837786381293375
0.0053,-0.0064,-5.359649781448793,-0.02200382901427609,-0.0017710951975058878
0.0054,-0.0064,-5.354074310774299,-0.02173728338192525,-0.0029299761884865223
0.0055,-0.0064,-5.359220684223497,-0.021909204168610252,-0.0040886394395125555
0.0056,-0.0064,-5.358744373683633,-0.02178365982968847,-0.005338705303015777
0.005700000000000001,-0.0064,-5.370315851598977,-0.02157449706133378,-0.00652997437632254
0.0058,-0.0064,-5.370548600215525,-0.021954461632672548,-0.007676958412504366
0.0059,-0.0064,-5.342365720744464,-0.022861803320764748,-0.008874199764604669
0.006,-0.0064,-5.321483227156475,-0.02294516563414257,-0.010098625682180513
0.0061,-0.0064,-5.336701726395482,-0.022789057952355817,-0.011059408474613341
0.0062,-0.0064,-5.294877453966416,-0.023062759631569875,-0.01258593579455955
0.0063,-0.0064,-5.244557675947289,-0.02265668537079338,-0.013819653627695626
0.0064,-0.0064,-5.27094297418047,-0.022900636001409305,-0.014911382350330116
0.006499999999999999,-0.0064,-5.280512170804369,-0.023140905238639504,-0.01628446631497573
0.006600000000000001,-0.0064,-5.27549691156693,-0.02347655787667928,-0.01755517778770614
0.0067,-0.0064,-5.240187062135607,-0.023949858286715083,-0.019013143882163498
0.0068,-0.0064,-5.226922924533287,-0.023925409257396238,-0.020118569338718723
0.0069,-0.0064,-5.20812026298067,-0.024162701862511765,-0.02161600900998254
0.006999999999999999,-0.0064,-5.192306617919526,-0.024731038071041708,-0.02283241450255552
0.007100000000000001,-0.0064,-5.162077117631799,-0.024925021765999145,-0.024161699418602762
0.0072,-0.0064,-5.151869801937912,-0.024808914168285817,-0.025754855812261414
0.0073,-0.0064,-5.129253145996068,-0.025283505464493806,-0.027303828029714858
0.0074,-0.0064,-5.093987513366027,-0.0260077763114885,-0.029082230344571115
0.0075,-0.0064,-5.0755507341916966,-0.0264187780909829,-0.030588953048209057
0.0076,-0.0064,-5.036537756589493,-0.02650719799427166,-0.03194691818655992
0.0077,-0.0064,-5.004992805627967,-0.027074429213917808,-0.03404504979774171
0.0078,-0.0064,-4.974086395194363,-0.02722215580447278,-0.03536215912080366
0.0079,-0.0064,-4.921349740482282,-0.02725278843968539,-0.03711469357654407
0.008,-0.0064,-4.8870022320699205,-0.027098791890795948,-0.038076406565997416
0.0081,-0.0064,-4.862343169317329,-0.026877333950095353,-0.039675142331103114
0.0082,-0.0064,-4.817032438571957,-0.02655612436630237,-0.04042101763395644
0.0083,-0.0064,-4.767307163658008,-0.02612129515004731,-0.04106015899045816
0.0084,-0.0064,-4.738701799118568,-0.0250891464079248,-0.041274740701724516
0.0085,-0.0064,-4.7044708978351055,-0.023731096075509633,-0.04048524812637877
0.0086,-0.0064,-4.666379211225177,-0.02227821408604265,-0.03994666613917877
0.0087,-0.0064,-4.636897416679361,-0.02042666402125836,-0.038264626771424046
0.0088,-0.0064,-4.6105283724161765,-0.018458292970530223,-0.03641565290778
0.0089,-0.0064,-4.585646555026663,-0.016094757828570647,-0.033226084854232105
0.009,-0.0064,-4.5684382874220235,-0.013510042953030228,-0.02987185651036402
0.0091,-0.0064,-4.555990859830591,-0.011101858617545946,-0.025803213614289718
0.0092,-0.0064,-4.547905781189385,-0.008794470625968725,-0.021186334881291364
0.0093,-0.0064,-4.542579283110184,-0.0067294692310918645,-0.017195758821454573
0.0094,-0.0064,-4.540901087510578,-0.004839153573834903,-0.012843262309597925
0.0095,-0.0064,-4.540363303178902,-0.0032988410000966834,-0.009023247420436429
0.0096,-0.0064,-4.540990913031574,-0.0019389917494800762,-0.00574045107478225
0.0097,-0.0064,-4.543751317755829,-0.0010477596620176303,-0.0031202883621870865
0.0098,-0.0064,-4.545893760419588,-0.00038302649569789063,-0.0012628216551911911
0.0099,-0.0064,-4.549120591104853,-0.00010486583628702125,-0.00017877122962243526
0.01,-0.0064,-4.54618822032894,0.0,0.0
0.0,-0.0063,-4.398319715907474,0.0,0.0
0.0001,-0.0063,-4.398700548814452,-0.0001970771997432429,0.005230159643173976
0.0002,-0.0063,-4.399746945481479,-0.0005850098889129775,0.009494530735440345
0.0003,-0.0063,-4.401593344622949,-0.001116596901813537,0.012801559938259436
0.0004,-0.0063,-4.403108348443884,-0.0018168428269588694,0.015471796722509104
0.0005,-0.0063,-4.4073074608362655,-0.002607194280214158,0.01765687391878149
0.0006,-0.0063,-4.41178503399564,-0.0034104741143777006,0.019560609584588315
0.0007,-0.0063,-4.418865526539874,-0.004340157077812043,0.02094244552927405
0.0008,-0.0063,-4.425687014033338,-0.005297769939718909,0.02258636939327013
0.0009,-0.0063,-4.435596195911277,-0.006317908416199107,0.024144969190334726
0.001,-0.0063,-4.448356642721388,-0.007245883814337182,0.025370277467179337
0.0011,-0.0063,-4.461206257030185,-0.008197538572932971,0.02641514605656943
0.0012,-0.0063,-4.478005167255022,-0.009110811165464491,0.027659520249632943
0.0013000000000000002,-0.0063,-4.496358231918257,-0.010028542333062345,0.0285985555890544
0.0014,-0.0063,-4.514618334807473,-0.010887580966583063,0.029660556959822726
0.0015,-0.0063,-4.541809948607466,-0.011826600418684614,0.030278453783837374
0.0016,-0.0063,-4.5615068996104675,-0.012629383636067498,0.031044713309799594
0.0017,-0.0063,-4.591572011919433,-0.013363755298358627,0.03147141563373986
0.0018,-0.0063,-4.61806948934829,-0.014216323371956191,0.0317435310061473
0.0019,-0.0063,-4.649074387085601,-0.014739432006096679,0.03202360445968821
0.002,-0.0063,-4.679901623112475,-0.015406063925490758,0.03192288914884544
0.0021,-0.0063,-4.710521816452766,-0.01615784023537232,0.032058803261400905
0.0022,-0.0063,-4.743096220538197,-0.01649522117683762,0.03159136192678124
0.0023,-0.0063,-4.774049794204647,-0.016967903795364878,0.031147102309284948
0.0024,-0.0063,-4.808984288558443,-0.01743233464769343,0.03095007993028669
0.0025,-0.0063,-4.842667271409134,-0.01784225970693534,0.029995720171569408
0.0026000000000000003,-0.0063,-4.8805765522448485,-0.018090047424792043,0.02919425868600144
0.0027,-0.0063,-4.912821297882104,-0.01834589982199531,0.02852850643654517
0.0028,-0.0063,-4.942386440727352,-0.018646895598246973,0.027545910913310184
0.0029,-0.0063,-4.976947023945907,-0.018739328268617166,0.026415232144568385
0.003,-0.0063,-5.0084560765210995,-0.019000938511064554,0.025387013044653045
0.0031,-0.0063,-5.038742509634392,-0.019086583762757004,0.02460323028879895
0.0032,-0.0063,-5.065909860960914,-0.01922482902299068,0.023337258470574995
0.0033000000000000004,-0.0063,-5.096216437493908,-0.019156440984675796,0.022016997445611756
0.0034,-0.0063,-5.123504282282455,-0.01932192422083831,0.02085264246498056
0.0034999999999999996,-0.0063,-5.146768611407533,-0.019367580479692125,0.0197906756981794
0.0036,-0.0063,-5.172124557490694,-0.019256530081776982,0.01843431012051417
0.0037,-0.0063,-5.196038021124587,-0.019359442809703357,0.01722091167075025
0.0038,-0.0063,-5.212647784544518,-0.01912805090158992,0.016009140739839868
0.0039,-0.0063,-5.23307959268553,-0.01907737938205802,0.014733708553539919
0.004,-0.0063,-5.2597529400950975,-0.019329160484240944,0.013511323636014727
0.0041,-0.0063,-5.26991755790392,-0.019583501895861718,0.012318477528706327
0.0042,-0.0063,-5.28815900136452,-0.019532856113643013,0.011442053403611867
0.0043,-0.0063,-5.298448060553077,-0.019565170671812855,0.010100596613892435
0.0044,-0.0063,-5.313517700387893,-0.01936542774962215,0.00871375066524913
0.0045,-0.0063,-5.326627365737813,-0.01922518158416103,0.0074469651977511755
0.0046,-0.0063,-5.338604123411693,-0.019816526941891344,0.006433526965018286
0.0047,-0.0063,-5.349613619489494,-0.019608669968034554,0.005178404071733058
0.0048,-0.0063,-5.357315349414905,-0.01968961886504217,0.004087392318919653
0.0049,-0.0063,-5.3648910213742305,-0.019659821964521613,0.002898757137958342
0.005,-0.0063,-5.371321962098938,-0.020075347488463537,0.0017617714415216219
0.0051,-0.0063,-5.375631962013344,-0.01999667200923715,0.0005974255037810108
0.005200000000000001,-0.0063,-5.377250124053991,-0.020130175155954912,-0.0005687878398742269
0.0053,-0.0063,-5.382976960770153,-0.020518770598274956,-0.0016570784795329361
0.0054,-0.0063,-5.380481174958706,-0.02025091345683561,-0.0028401914126612716
0.0055,-0.0063,-5.382376970956746,-0.020579526408639845,-0.003993810195592851
0.0056,-0.0063,-5.375598252638862,-0.020545143012475658,-0.0051594566654136285
0.005700000000000001,-0.0063,-5.365286441766844,-0.020275032188632337,-0.006390442429497135
0.0058,-0.0063,-5.3610549389214945,-0.02060211924146245,-0.007497696659278658
0.0059,-0.0063,-5.370423144071605,-0.02099744311979804,-0.00860627688253503
0.006,-0.0063,-5.347778467817369,-0.02052184874697619,-0.00970530669577541
0.0061,-0.0063,-5.374942846046148,-0.020242936861595756,-0.011347111633101568
0.0062,-0.0063,-5.371025333612237,-0.021742291865196724,-0.012672536485151736
0.0063,-0.0063,-5.323154421323108,-0.02135199512348827,-0.013745389964210541
0.0064,-0.0063,-5.307954194054763,-0.021957196906901,-0.014892132359510396
0.006499999999999999,-0.0063,-5.282778456652104,-0.02197361413234547,-0.01611702685726788
0.006600000000000001,-0.0063,-5.287930032930517,-0.022143656919331175,-0.017240866321239442
0.0067,-0.0063,-5.285132445597274,-0.02176193572640811,-0.018627213497954764
0.0068,-0.0063,-5.269805619958667,-0.022680716964765913,-0.01986849628295247
0.0069,-0.0063,-5.240344327294308,-0.023090850556468263,-0.02151370526564597
0.006999999999999999,-0.0063,-5.215028290010275,-0.023321562931303996,-0.02253500634812804
0.007100000000000001,-0.0063,-5.189428285671264,-0.02342677668786218,-0.024066952339893834
0.0072,-0.0063,-5.1871430302626536,-0.023644305871209043,-0.025449723578292144
0.0073,-0.0063,-5.165227176191168,-0.024096328372956298,-0.02678707866628904
0.0074,-0.0063,-5.125510267111525,-0.02450288907112686,-0.028371616505620725
0.0075,-0.0063,-5.095069865238857,-0.02522315106890648,-0.029941407772553327
0.0076,-0.0063,-5.0651679868169985,-0.02548997726421769,-0.0321197129218319
0.0077,-0.0063,-5.040957824293424,-0.025545488613628504,-0.033742091872998696
0.0078,-0.0063,-5.0118496797224985,-0.026159323484371125,-0.03551585003270555
0.0079,-0.0063,-4.973086635798619,-0.025964535895069092,-0.036742302062040544
0.008,-0.0063,-4.9353512759053935,-0.026430531858078022,-0.038339492614549206
0.0081,-0.0063,-4.926022193759001,-0.025935473781445798,-0.03967526171996597
0.0082,-0.0063,-4.8695799011420755,-0.02585505612549756,-0.040773286163082345
0.0083,-0.0063,-4.814032532598461,-0.025421705164441533,-0.04198845495986423
0.0084,-0.0063,-4.773839279650382,-0.024589347555709,-0.04208148808191414
0.0085,-0.0063,-4.733111446818524,-0.02363959473006981,-0.04236227830009581
0.0086,-0.0063,-4.697298542083551,-0.022329347905425026,-0.0418619719120243
0.0087,-0.0063,-4.661050136990732,-0.020804769334658246,-0.039920604837351284
0.0088,-0.0063,-4.629614577131921,-0.01886653304961684,-0.03867106165713368
0.0089,-0.0063,-4.608248652716197,-0.01656496121344043,-0.035431737857738586
0.009,-0.0063,-4.585858499883333,-0.014323425254453135,-0.03230953092581878
0.0091,-0.0063,-4.571314945178918,-0.011869500791559335,-0.02798277282916663
0.0092,-0.0063,-4.559792537102993,-0.009574497704993717,-0.02357378889897261
0.0093,-0.0063,-4.553556514813879,-0.007089525456746348,-0.019283490112966133
0.0094,-0.0063,-4.550894898806184,-0.00514006829246063,-0.014525396311828129
0.0095,-0.0063,-4.550544008503595,-0.003502117085139036,-0.010454725606693013
0.0096,-0.0063,-4.551672218751972,-0.0021319984886807044,-0.0069337776193114905
0.0097,-0.0063,-4.553445841968937,-0.0011750928183562163,-0.003908258279125992
0.0098,-0.0063,-4.555226892443928,-0.0005424907662335981,-0.0017431716563268231
0.0099,-0.0063,-4.556221083577112,-0.00017522367652172553,-0.0004632675764167332
0.01,-0.0063,-4.553364651906736,0.0,0.0
0.0,-0.0062,-4.410971065646111,0.0,0.0
0.0001,-0.0062,-4.409491456186028,-0.0001907140026439626,0.005520338239467813
0.0002,-0.0062,-4.41252527312475,-0.000540229733656494,0.009907457813493087
0.0003,-0.0062,-4.414050153330314,-0.001087660415796686,0.013391013196861626
0.0004,-0.0062,-4.415735795294604,-0.0016952005487097248,0.01624514580120469
0.0005,-0.0062,-4.419824052866553,-0.0024652808407155404,0.018598296009511385
0.0006,-0.0062,-4.424460710058684,-0.0033141498880322946,0.02008788284009587
0.0007,-0.0062,-4.4314991263083945,-0.004218948299185546,0.021814756562113416
0.0008,-0.0062,-4.439267144957345,-0.005097168167880176,0.02317736022082584
0.0009,-0.0062,-4.4506067898761446,-0.005998987083526214,0.024725200334983856
0.001,-0.0062,-4.462100120235194,-0.006943504527383493,0.026329938023828305
0.0011,-0.0062,-4.476945169899105,-0.007800182375381094,0.027476068227274428
0.0012,-0.0062,-4.494830847441805,-0.008704204073628397,0.02845411135022556
0.0013000000000000002,-0.0062,-4.511243551174955,-0.009561714107506508,0.029552728328127744
0.0014,-0.0062,-4.5352159734508755,-0.010408418814338488,0.030436151128611096
0.0015,-0.0062,-4.557677095523426,-0.011226256650237992,0.031144795546488076
0.0016,-0.0062,-4.584373283201184,-0.012056640228332215,0.03184274425475118
0.0017,-0.0062,-4.611668947888348,-0.012690555442406458,0.032076930072922144
0.0018,-0.0062,-4.638134430836331,-0.013414572758814228,0.032636228977363894
0.0019,-0.0062,-4.66844629654732,-0.01397716352873007,0.03253784970213608
0.002,-0.0062,-4.700448510340008,-0.01467762585046363,0.03277184766463986
0.0021,-0.0062,-4.7360797205398,-0.015039683728899307,0.03258674318130841
0.0022,-0.0062,-4.766666257999568,-0.0156273404935722,0.031986599092195776
0.0023,-0.0062,-4.801912237923508,-0.016067147668716582,0.03173019275615381
0.0024,-0.0062,-4.834091212752193,-0.016470093442001604,0.031203403830536977
0.0025,-0.0062,-4.865436478390311,-0.016854949644517208,0.030314811635748763
0.0026000000000000003,-0.0062,-4.902359937823818,-0.017058039581092286,0.02962053370542486
0.0027,-0.0062,-4.9359700822621155,-0.01717313919472318,0.028811661907456855
0.0028,-0.0062,-4.968273399479082,-0.017593011989329506,0.0279085285899776
0.0029,-0.0062,-5.0032563821624425,-0.017465406301850627,0.026712704802321643
0.003,-0.0062,-5.033854409321731,-0.017738127308654136,0.025793079730376894
0.0031,-0.0062,-5.062866718421708,-0.017790971058502535,0.024408017257750297
0.0032,-0.0062,-5.091762839239788,-0.018045311614070525,0.023104334091265593
0.0033000000000000004,-0.0062,-5.118472226426352,-0.017958508227323335,0.02231068039043544
0.0034,-0.0062,-5.148457988741305,-0.01817474465897065,0.020918896316972187
0.0034999999999999996,-0.0062,-5.172771359635111,-0.01823817679368317,0.019780994845923393
0.0036,-0.0062,-5.195045223800037,-0.018042198187549485,0.018341250673845885
0.0037,-0.0062,-5.219237461998405,-0.018091540490899255,0.017037325020203147
0.0038,-0.0062,-5.238306729405288,-0.01795664496154589,0.015769296062481092
0.0039,-0.0062,-5.255638260303354,-0.017980404825108886,0.014951849891350222
0.004,-0.0062,-5.275630752566634,-0.018262578434931648,0.01367373191285159
0.0041,-0.0062,-5.290743757846907,-0.018147191001268406,0.012175532523587135
0.0042,-0.0062,-5.312549735848433,-0.01818775746374803,0.011226261701743238
0.0043,-0.0062,-5.325643997014539,-0.01818175821540739,0.0101133421953721
0.0044,-0.0062,-5.345063797935289,-0.018345969732867035,0.008739638988688837
0.0045,-0.0062,-5.354755525552065,-0.018005286801101857,0.007497832779269295
0.0046,-0.0062,-5.365100158673793,-0.018415225350670333,0.006442032799801544
0.0047,-0.0062,-5.375976850904197,-0.018549112325465602,0.005337499877036293
0.0048,-0.0062,-5.382209943070436,-0.018419206440549535,0.004133671658690223
0.0049,-0.0062,-5.391225246787692,-0.018686748556636136,0.003041930816551001
0.005,-0.0062,-5.39524722069579,-0.01888036457574598,0.0017547120357840095
0.0051,-0.0062,-5.399275455843352,-0.018745466990815852,0.0005334612766962777
0.005200000000000001,-0.0062,-5.396118040553662,-0.018247963839231118,-0.0004529432988551562
0.0053,-0.0062,-5.402926242095913,-0.018665883852035835,-0.0016267407520336675
0.0054,-0.0062,-5.406204662585679,-0.018306427523792062,-0.0028204952609089916
0.0055,-0.0062,-5.395801628491192,-0.019152349583219982,-0.00396752876317595
0.0056,-0.0062,-5.403126245116586,-0.01929358046546837,-0.005095781400284236
0.005700000000000001,-0.0062,-5.389847191349759,-0.019361864820354988,-0.006251970277109437
0.0058,-0.0062,-5.387321791615484,-0.01975120307041871,-0.007465956163435894
0.0059,-0.0062,-5.373347628990072,-0.019448181989013717,-0.008661876430385308
0.006,-0.0062,-5.386645165286525,-0.019148908526557668,-0.009747599018294466
0.0061,-0.0062,-5.387628441279133,-0.01940569825725119,-0.010919604768151923
0.0062,-0.0062,-5.364795307059522,-0.01936162702934031,-0.01203243692231771
0.0063,-0.0062,-5.38675079911237,-0.019676319195374863,-0.013359075578817194
0.0064,-0.0062,-5.373033336797149,-0.02030765501972829,-0.014571586502307313
0.006499999999999999,-0.0062,-5.333110920029085,-0.02035546714725037,-0.015878124877592704
0.006600000000000001,-0.0062,-5.3171716237721105,-0.020599790667822335,-0.017269210062561758
0.0067,-0.0062,-5.294706020957706,-0.02116980444547636,-0.018550150763604254
0.0068,-0.0062,-5.292666982877808,-0.021208518982938507,-0.019643670304495195
0.0069,-0.0062,-5.2715642411100845,-0.02170553461075619,-0.021024365900528533
0.006999999999999999,-0.0062,-5.246144871292165,-0.02195804525518735,-0.022427291289228712
0.007100000000000001,-0.0062,-5.229418003683704,-0.022034921773687557,-0.023755439916504813
0.0072,-0.0062,-5.207220264607422,-0.022512845326580506,-0.025200100782655166
0.0073,-0.0062,-5.1838399548560545,-0.022778539234680845,-0.02641095275609895
0.0074,-0.0062,-5.159974393715686,-0.023382176731207373,-0.02815831211702932
0.0075,-0.0062,-5.12499946256769,-0.02381331781885969,-0.029769523817659405
0.0076,-0.0062,-5.0920756009280925,-0.023908777980160684,-0.03148404610510545
0.0077,-0.0062,-5.056593565241135,-0.024563504823841925,-0.03354517987631577
0.0078,-0.0062,-5.035589920221942,-0.02440198199912676,-0.034802656073686704
0.0079,-0.0062,-4.996474183038507,-0.025193142330146835,-0.03644032814783226
0.008,-0.0062,-4.975740595869644,-0.02511158234226766,-0.03849932280251345
0.0081,-0.0062,-4.933075396309203,-0.024835435196162575,-0.04008085915889177
0.0082,-0.0062,-4.868568485136746,-0.025297748005521183,-0.041707982455430614
0.0083,-0.0062,-4.848244457629836,-0.02513251057271053,-0.04258113509348123
0.0084,-0.0062,-4.812440226913877,-0.024366696486958096,-0.04310257369367879
0.0085,-0.0062,-4.7653951002641035,-0.023496621137717527,-0.04332339162506002
0.0086,-0.0062,-4.725182629089421,-0.02219599770673121,-0.04277156335057247
0.0087,-0.0062,-4.6910533640818555,-0.020738267830812097,-0.0424324206265311
0.0088,-0.0062,-4.659584425714821,-0.01931707156802219,-0.03979615380875499
0.0089,-0.0062,-4.632532421481242,-0.016982797306953953,-0.037814812468274096
0.009,-0.0062,-4.6036781260543425,-0.014875627631968756,-0.03426865146173235
0.0091,-0.0062,-4.586506027045507,-0.012414284986654964,-0.03029491835398279
0.0092,-0.0062,-4.573975562424052,-0.009941556601417531,-0.026146608220966636
0.0093,-0.0062,-4.565808000722904,-0.007752380777576531,-0.021543190797286775
0.0094,-0.0062,-4.561562340646659,-0.0055686803764261545,-0.016492345276729464
0.0095,-0.0062,-4.560217511060133,-0.003722312077398752,-0.01190404263707523
0.0096,-0.0062,-4.561755884689164,-0.002372994866591871,-0.008038354371956786
0.0097,-0.0062,-4.563480527816957,-0.0012935842398207036,-0.004762587326806723
0.0098,-0.0062,-4.565321457601659,-0.0005709674308906099,-0.002245524174024934
0.0099,-0.0062,-4.567353484779284,-0.0001721753162169992,-0.0006202115313855899
0.01,-0.0062,-4.568823392701707,0.0,0.0
0.0,-0.0061,-4.422980942893183,0.0,0.0
0.0001,-0.0061,-4.422732505902563,-0.00017117570435084027,0.005985056217200524
0.0002,-0.0061,-4.4250290442601266,-0.0004945480946886969,0.010272483383401173
0.0003,-0.0061,-4.4267433024781235,-0.0009856321803462904,0.014096438948106872
0.0004,-0.0061,-4.42894245511491,-0.0016370199190127107,0.016842228762527403
0.0005,-0.0061,-4.4329897625350965,-0.002312597927789266,0.019219924092555712
0.0006,-0.0061,-4.437527780607486,-0.003134666700952983,0.021059105707921556
0.0007,-0.0061,-4.444943288704938,-0.003972414168069994,0.022897360691507985
0.0008,-0.0061,-4.453619368602761,-0.004782057401216351,0.02428656612621246
0.0009,-0.0061,-4.464932372734847,-0.005687467004198151,0.025965633133074872
0.001,-0.0061,-4.476168972844942,-0.006573137235564236,0.02732713779381822
0.0011,-0.0061,-4.490858815342917,-0.007426743527335466,0.028171024566336356
0.0012,-0.0061,-4.5099897149572055,-0.00829134869254181,0.029309217790775596
0.0013000000000000002,-0.0061,-4.52999684092049,-0.009084524320234955,0.03042841163062431
0.0014,-0.0061,-4.55140371632354,-0.009873440222000726,0.031202117372872873
0.0015,-0.0061,-4.575377329868489,-0.010622024289093878,0.031934730220391006
0.0016,-0.0061,-4.602106190753118,-0.01130218097200436,0.03239257942345199
0.0017,-0.0061,-4.631403445317173,-0.011978340800756677,0.033059074697769864
0.0018,-0.0061,-4.66113976164422,-0.0126411504191215,0.03331461678182672
0.0019,-0.0061,-4.692312261782777,-0.013225168655556483,0.03316563300580905
0.002,-0.0061,-4.721649842320139,-0.013748123194734863,0.03318408460168996
0.0021,-0.0061,-4.753426733183851,-0.014231344954711612,0.03277362147213836
0.0022,-0.0061,-4.791106266755033,-0.014690870209058161,0.03265760081588589
0.0023,-0.0061,-4.8204875877401605,-0.015031552384797548,0.031922568331845404
0.0024,-0.0061,-4.858760239224586,-0.015428542184191756,0.0315568162659752
0.0025,-0.0061,-4.895564987628238,-0.015653673034715748,0.030853141153303495
0.0026000000000000003,-0.0061,-4.925240422534513,-0.016034950605720587,0.029867206747838295
0.0027,-0.0061,-4.961989331367982,-0.01626148762757411,0.02886614416475114
0.0028,-0.0061,-4.993503232901188,-0.016268425054031994,0.02788192679883847
0.0029,-0.0061,-5.026985154870547,-0.016495756645792743,0.026840349545852772
0.003,-0.0061,-5.05792289222647,-0.01659839349084216,0.025686406597059477
0.0031,-0.0061,-5.085601529657976,-0.01676794368333662,0.024714285621348288
0.0032,-0.0061,-5.116636481109691,-0.0167618996860507,0.023451822015841707
0.0033000000000000004,-0.0061,-5.14684940591543,-0.01675925893115828,0.022164435879396233
0.0034,-0.0061,-5.169708741575788,-0.016825642807379387,0.021072876996979087
0.0034999999999999996,-0.0061,-5.195909130753347,-0.01678097863418734,0.01973876744208865
0.0036,-0.0061,-5.217663671476491,-0.016854683910974465,0.018167402598821134
0.0037,-0.0061,-5.242281503617398,-0.0168472229955567,0.017121862185939973
0.0038,-0.0061,-5.2622328033795975,-0.01680181299037057,0.015927518266535733
0.0039,-0.0061,-5.277420734749764,-0.01665502199214695,0.0145471777443685
0.004,-0.0061,-5.300411122615063,-0.016780486690888025,0.013609798850171878
0.0041,-0.0061,-5.323021519169968,-0.01695816059062033,0.012222418492536618
0.0042,-0.0061,-5.335904298853424,-0.016730168848963795,0.011299986912207391
0.0043,-0.0061,-5.349939319909967,-0.01709376631523454,0.009938254384739505
0.0044,-0.0061,-5.364041086640909,-0.016839012210257392,0.008899203576372054
0.0045,-0.0061,-5.375409882662973,-0.016886436087119143,0.007743486640611608
0.0046,-0.0061,-5.383218472824457,-0.017186230198584854,0.006561684930184254
0.0047,-0.0061,-5.394390328728807,-0.017533610051712677,0.005313492753060035
0.0048,-0.0061,-5.402899751208244,-0.017086296740927348,0.004189164649613448
0.0049,-0.0061,-5.407583604420938,-0.01751249489658573,0.002917397940446844
0.005,-0.0061,-5.419953860255692,-0.017321938473158226,0.002093829945500342
0.0051,-0.0061,-5.4251924450832885,-0.01751055929093416,0.0007560829340529471
0.005200000000000001,-0.0061,-5.419008221123764,-0.018012346984578854,-0.0003938265573946498
0.0053,-0.0061,-5.424074110696303,-0.017472835220013368,-0.0015476987457411853
0.0054,-0.0061,-5.418983575553614,-0.01709578873536793,-0.0026349341001519096
0.0055,-0.0061,-5.429364001835755,-0.01769498590568878,-0.0038337568673808015
0.0056,-0.0061,-5.418800974035513,-0.017585457966482473,-0.004957304019185556
0.005700000000000001,-0.0061,-5.417209696294434,-0.01803373752737007,-0.006083088269526544
0.0058,-0.0061,-5.410680923008297,-0.01850112712565867,-0.00725769129705092
0.0059,-0.0061,-5.413833248491888,-0.018831698007511822,-0.008456345122979029
0.006,-0.0061,-5.41640487439204,-0.019093242794801846,-0.009719097551485957
0.0061,-0.0061,-5.397504521395134,-0.019019752475842866,-0.010888753139265843
0.0062,-0.0061,-5.363251148294151,-0.01905078725811952,-0.012061909668327691
0.0063,-0.0061,-5.3650517769459025,-0.0185060920289711,-0.013111368458501272
0.0064,-0.0061,-5.383167452163178,-0.01867731386731204,-0.014312343921625188
0.006499999999999999,-0.0061,-5.381715694528026,-0.01925908612626602,-0.015488563173921317
0.006600000000000001,-0.0061,-5.359620508786194,-0.019831717160041274,-0.01708332247256952
0.0067,-0.0061,-5.324016988848519,-0.019992947427233718,-0.018051983181625587
0.0068,-0.0061,-5.309847943642029,-0.020053576335755104,-0.019427174093899005
0.0069,-0.0061,-5.281533628975582,-0.020416249191621258,-0.02067072873148182
0.006999999999999999,-0.0061,-5.280634220932063,-0.020572514932866062,-0.02187413773672668
0.007100000000000001,-0.0061,-5.260174862060055,-0.020583639881692747,-0.02356709754593729
0.0072,-0.0061,-5.2396969770921835,-0.021232173479145428,-0.024858910377664332
0.0073,-0.0061,-5.206210803829399,-0.021844866386171082,-0.026072961679610252
0.0074,-0.0061,-5.184211480655766,-0.021695854468935724,-0.027750807153676022
0.0075,-0.0061,-5.161250025991616,-0.022245396641499174,-0.029445871087610057
0.0076,-0.0061,-5.130159586557682,-0.02272408011714567,-0.031102825757647362
0.0077,-0.0061,-5.098649199082148,-0.02301453630593401,-0.03236968274054324
0.0078,-0.0061,-5.066849546457789,-0.02329751667851412,-0.034593803568628165
0.0079,-0.0061,-5.031079684304555,-0.023558266130901593,-0.03634275564092036
0.008,-0.0061,-4.987983916427522,-0.024428171639724577,-0.03840031027892193
0.0081,-0.0061,-4.95619210452007,-0.024135608767023406,-0.03954807963290709
0.0082,-0.0061,-4.914164529998642,-0.024170830579050256,-0.040989082712850726
0.0083,-0.0061,-4.844849844579311,-0.024027802382787063,-0.04261181246965319
0.0084,-0.0061,-4.808239719797369,-0.023892261119968117,-0.04345298313361024
0.0085,-0.0061,-4.7780000992754825,-0.02327493251973549,-0.04449462697214854
0.0086,-0.0061,-4.758349993020146,-0.02201572514071891,-0.04450877714484114
0.0087,-0.0061,-4.720244326640094,-0.020921330891823915,-0.04367415187122352
0.0088,-0.0061,-4.684473875725603,-0.01937467326850664,-0.042158900193190636
0.0089,-0.0061,-4.650255188218019,-0.017491777851421985,-0.04014174230184306
0.009,-0.0061,-4.6256368714590685,-0.015107911236967348,-0.03692320770414214
0.0091,-0.0061,-4.60406271043794,-0.012880012386521422,-0.033010283751746826
0.0092,-0.0061,-4.589534394242512,-0.010765708716943352,-0.028370465847147187
0.0093,-0.0061,-4.579409593178156,-0.008065489183671089,-0.02360251112649423
0.0094,-0.0061,-4.573693242603609,-0.005910948301231914,-0.018726878218464534
0.0095,-0.0061,-4.572152366893617,-0.004113231158049599,-0.013684167360597839
0.0096,-0.0061,-4.572869106100127,-0.0025805551628000738,-0.009492411784410529
0.0097,-0.0061,-4.573744960182758,-0.00142496537973033,-0.005638944775120282
0.0098,-0.0061,-4.576079531591039,-0.0006380842686199129,-0.0028263546813742015
0.0099,-0.0061,-4.577947063851973,-0.00019027836758331136,-0.000905312417342402
0.01,-0.0061,-4.580015416929562,0.0,0.0
0.0,-0.006,-4.437107571535745,0.0,0.0
0.0001,-0.006,-4.437584693639481,-0.00015471396716568874,0.005947178388107331
0.0002,-0.006,-4.438202845950018,-0.00045556526434388164,0.010952771187229106
0.0003,-0.006,-4.440765881502973,-0.0008987240326060752,0.014730141087516874
0.0004,-0.006,-4.441987596614635,-0.001499385153686587,0.017491762449607904
0.0005,-0.006,-4.446203613580309,-0.002151609222259266,0.019901991083200912
0.0006,-0.006,-4.451520499256398,-0.0029085233454549404,0.02194879492510557
0.0007,-0.006,-4.458278541566106,-0.003712036835577433,0.023852394684162767
0.0008,-0.006,-4.468034767852088,-0.004545529531562572,0.025018487959921478
0.0009,-0.006,-4.478572963173883,-0.005345255948623045,0.02658970860903151
0.001,-0.006,-4.492358977651966,-0.0061843069294717735,0.027973330680621068
0.0011,-0.006,-4.506964782859504,-0.0069918647596895755,0.02897718834406668
0.0012,-0.006,-4.525677593140363,-0.007759651144340875,0.030155636271741077
0.0013000000000000002,-0.006,-4.545866349131939,-0.00856010302593878,0.031228612178583606
0.0014,-0.006,-4.566972778561566,-0.009292742214293936,0.03201817405033983
0.0015,-0.006,-4.593803471722049,-0.010004156735386198,0.03274499314465601
0.0016,-0.006,-4.621304854331214,-0.01066555534696957,0.03320168511607691
0.0017,-0.006,-4.648168574834543,-0.011351579722611633,0.033522068996574436
0.0018,-0.006,-4.679261826913305,-0.011888530660232502,0.033580956309019264
0.0019,-0.006,-4.708841327374261,-0.012480666686320616,0.033911981210868115
0.002,-0.006,-4.74500382624096,-0.012919231295977152,0.033591869621653815
0.0021,-0.006,-4.777557303144292,-0.01339373738391987,0.03328367910016821
0.0022,-0.006,-4.8090981878013865,-0.013746825387077216,0.03309690613594738
0.0023,-0.006,-4.843852172691408,-0.014074351148753984,0.032520032159763394
0.0024,-0.006,-4.876454371193389,-0.01441236710890295,0.03184671392424124
0.0025,-0.006,-4.91319296091297,-0.014608630963525404,0.031032866515352954
0.0026000000000000003,-0.006,-4.948982813623001,-0.014884190366695022,0.03011527142352004
0.0027,-0.006,-4.982946900925549,-0.015150481941393068,0.028988214169637146
0.0028,-0.006,-5.014251846619176,-0.015219758942791324,0.02824467788823582
0.0029,-0.006,-5.048036278479648,-0.015367144889733364,0.026958076210924956
0.003,-0.006,-5.078852441243151,-0.015433517272878667,0.025719958403027855
0.0031,-0.006,-5.107970743843036,-0.015437508386328472,0.024710221631612784
0.0032,-0.006,-5.140713943948314,-0.01546846085666529,0.02321063517867299
0.0033000000000000004,-0.006,-5.166343441694331,-0.015595204159891147,0.022245732896717742
0.0034,-0.006,-5.192382619397203,-0.015475233096191124,0.020928397356048442
0.0034999999999999996,-0.006,-5.216547251432316,-0.015607052298309566,0.01969073495808099
0.0036,-0.006,-5.2401240737093895,-0.015730225919696385,0.018455634580262493
0.0037,-0.006,-5.259194929580137,-0.015578553025270612,0.01723198376142455
0.0038,-0.006,-5.28690402651892,-0.015573031253611381,0.015757292452566168
0.0039,-0.006,-5.300765072427305,-0.015661512781831914,0.014807728740280489
0.004,-0.006,-5.323705352610891,-0.015610949760767446,0.01351037425556343
0.0041,-0.006,-5.3355138867596645,-0.015715512026455308,0.012440260441838888
0.0042,-0.006,-5.353683776121003,-0.015715979465713386,0.011136717761142773
0.0043,-0.006,-5.371796439719194,-0.015651663496605118,0.009955681579474065
0.0044,-0.006,-5.379741588105627,-0.015640319180796895,0.009018056963556703
0.0045,-0.006,-5.393759858174608,-0.01555441577485947,0.007548915251082789
0.0046,-0.006,-5.408036744846935,-0.01609353383183752,0.006677176309936358
0.0047,-0.006,-5.418574539797328,-0.01594427531223574,0.005395303006062115
0.0048,-0.006,-5.418863451928969,-0.0159635449947761,0.004363708481209212
0.0049,-0.006,-5.431575205279588,-0.01612389794130528,0.0031726598493578163
0.005,-0.006,-5.442630006311478,-0.015599506789764756,0.0018407892375630769
0.0051,-0.006,-5.448339896588474,-0.016319487737142674,0.0007658841521286808
0.005200000000000001,-0.006,-5.4525851066160875,-0.01608228242382429,-0.00027643466818612247
0.0053,-0.006,-5.442638967554272,-0.01619236059246842,-0.0015054787983399078
0.0054,-0.006,-5.438307083134128,-0.016087945496860247,-0.0025600266578639716
0.0055,-0.006,-5.4430232086667445,-0.016731357038785963,-0.0037620829135875107
0.0056,-0.006,-5.4478143020129846,-0.01682511147575068,-0.004892917802981726
0.005700000000000001,-0.006,-5.442234787427133,-0.01631488215037989,-0.0060869061543951716
0.0058,-0.006,-5.448222938264169,-0.016606171395051588,-0.007251095561677282
0.0059,-0.006,-5.440840109001681,-0.0173195384643284,-0.008455102422578378
0.006,-0.006,-5.439796219063765,-0.01790644084196572,-0.009628902607253397
0.0061,-0.006,-5.426517134123598,-0.01752882649007478,-0.010808671068225494
0.0062,-0.006,-5.406805127693834,-0.017891162428275317,-0.011664544907984235
0.0063,-0.006,-5.3908639081128475,-0.018235326386248234,-0.01313588710923578
0.0064,-0.006,-5.369986047760749,-0.017997355353620983,-0.014366329748883966
0.006499999999999999,-0.006,-5.373415752362495,-0.018024758606695612,-0.015285686864249498
0.006600000000000001,-0.006,-5.375051298504024,-0.018116204915018322,-0.016726826819119054
0.0067,-0.006,-5.3660308384026285,-0.018353568848341283,-0.017618361467131596
0.0068,-0.006,-5.338766190277481,-0.018938589736312003,-0.019220887559258104
0.0069,-0.006,-5.311220070482263,-0.019460405703182693,-0.020213312291074054
0.006999999999999999,-0.006,-5.295461466930049,-0.019317235039798798,-0.02172129716263113
0.007100000000000001,-0.006,-5.282779119556591,-0.019684414866759738,-0.023047943829094458
0.0072,-0.006,-5.263409443852703,-0.01986518185831449,-0.02439166262967097
0.0073,-0.006,-5.240031854621724,-0.02017966515312697,-0.02591157320493346
0.0074,-0.006,-5.211874122345793,-0.020795125621469186,-0.027608161836440544
0.0075,-0.006,-5.182574414962798,-0.021057207200928157,-0.029146844504474634
0.0076,-0.006,-5.158200189082355,-0.021453685280726616,-0.030425685253662044
0.0077,-0.006,-5.140074017433141,-0.021692097212250062,-0.032532274593616115
0.0078,-0.006,-5.115172469501369,-0.02236835303080567,-0.03408260140997395
0.0079,-0.006,-5.074539507781831,-0.022553282883613524,-0.03598152028988707
0.008,-0.006,-5.027887297643205,-0.023016945221933358,-0.03754218507016739
0.0081,-0.006,-4.979585137681232,-0.023394421593335653,-0.039373005230669604
0.0082,-0.006,-4.978364576844389,-0.023501685491701806,-0.040982919631409015
0.0083,-0.006,-4.922481302734105,-0.023446492875653056,-0.04280188098496656
0.0084,-0.006,-4.893618847348724,-0.023491654268528433,-0.04442895461043342
0.0085,-0.006,-4.887036693744077,-0.022990920316838748,-0.044920439065647744
0.0086,-0.006,-4.791471605180956,-0.022002253570004973,-0.0452873152471025
0.0087,-0.006,-4.741558125770666,-0.020661492223674027,-0.04486483025028853
0.0088,-0.006,-4.697278850795748,-0.019422634291482718,-0.04348927852608565
0.0089,-0.006,-4.672222961957894,-0.017887533749104085,-0.04133553716465291
0.009,-0.006,-4.646966365774197,-0.015498613728950568,-0.03890536074415986
0.0091,-0.006,-4.622464497391825,-0.013459091555536025,-0.03523254422189867
0.0092,-0.006,-4.6050925425965845,-0.010877061079640342,-0.031122391974597947
0.0093,-0.006,-4.594380037859384,-0.008563161584433257,-0.025031495445814345
0.0094,-0.006,-4.587466511164197,-0.0063900047521982545,-0.02068493802435895
0.0095,-0.006,-4.584425151817219,-0.004439580617444697,-0.015431101692106998
0.0096,-0.006,-4.585352138175427,-0.002803746725033639,-0.011005626177755662
0.0097,-0.006,-4.584868768280366,-0.0015694824733102624,-0.006615907468575541
0.0098,-0.006,-4.588845484665676,-0.0007030858368651531,-0.0034405553321972607
0.0099,-0.006,-4.589018169363278,-0.00021565464722497502,-0.0011967400262656422
0.01,-0.006,-4.590942953809825,0.0,0.0
0.0,-0.0059,-4.4504183774517125,0.0,0.0
0.0001,-0.0059,-4.4513655225394855,-0.00013231595926609986,0.0062803226474265755
0.0002,-0.0059,-4.450474004586932,-0.00041220227412263266,0.011148959904162174
0.0003,-0.0059,-4.452862654825019,-0.0008106421583188693,0.01522680810140183
0.0004,-0.0059,-4.455900782722415,-0.0013853826795556165,0.018074397412759197
0.0005,-0.0059,-4.459845964839587,-0.0020044952498673822,0.020513935598047758
0.0006,-0.0059,-4.4654581153681345,-0.0027021899585435555,0.02260596942899515
0.0007,-0.0059,-4.4727271624473985,-0.0034231924476751333,0.024566268026639023
0.0008,-0.0059,-4.482021546939577,-0.0042061176007295855,0.02575873292786135
0.0009,-0.0059,-4.493448823892791,-0.004992446054189527,0.027242098030905205
0.001,-0.0059,-4.5086105629873225,-0.005778122968744891,0.028834660344341834
0.0011,-0.0059,-4.523339619673578,-0.006526660280006035,0.029823537998396855
0.0012,-0.0059,-4.541354770087261,-0.007266938511547644,0.030945103869672582
0.0013000000000000002,-0.0059,-4.56152605135808,-0.008006256494160929,0.03180871764701185
0.0014,-0.0059,-4.588690340626612,-0.00867577654360747,0.03252297642710809
0.0015,-0.0059,-4.614025006167573,-0.009377607419785258,0.03331105718302048
0.0016,-0.0059,-4.639092470196648,-0.00993836351645707,0.03371015366015152
0.0017,-0.0059,-4.665409231177496,-0.010505304041281447,0.03434516705908628
0.0018,-0.0059,-4.6991940079831345,-0.011031904437092763,0.03426864989975199
0.0019,-0.0059,-4.727955921719196,-0.01162416560970966,0.03433002345468851
0.002,-0.0059,-4.762244353784105,-0.012025647012342015,0.03405235718527177
0.0021,-0.0059,-4.799291683416671,-0.012486516692482094,0.03360565374309412
0.0022,-0.0059,-4.827286927752364,-0.012774455910127616,0.03324085848031247
0.0023,-0.0059,-4.8644227577466195,-0.013006516471362826,0.03284994379874817
0.0024,-0.0059,-4.904797671012599,-0.013353545960846386,0.03199698030536049
0.0025,-0.0059,-4.936869988255817,-0.013555085202224718,0.03103423223474186
0.0026000000000000003,-0.0059,-4.969730497133548,-0.013823714004096,0.030281653010622658
0.0027,-0.0059,-5.004408482341554,-0.013886092047279516,0.029096920734256418
0.0028,-0.0059,-5.0369667312294535,-0.014012489065702112,0.02822889032102728
0.0029,-0.0059,-5.07158148805912,-0.014065643779762091,0.02727207976360504
0.003,-0.0059,-5.101465724520814,-0.014206762214846095,0.02600161265640561
0.0031,-0.0059,-5.12937846547661,-0.014299279109366743,0.024913989984338806
0.0032,-0.0059,-5.156883321239847,-0.014243874396597711,0.023518287801955473
0.0033000000000000004,-0.0059,-5.185035892505906,-0.014304188802209936,0.02224030474946609
0.0034,-0.0059,-5.211989201225778,-0.014278135993503424,0.02103578050713014
0.0034999999999999996,-0.0059,-5.239722356376306,-0.014326858490310077,0.019588600117689037
0.0036,-0.0059,-5.258673840342405,-0.01422445037156207,0.018585232514139956
0.0037,-0.0059,-5.281259002487093,-0.014335997196184697,0.017078575795865216
0.0038,-0.0059,-5.302147166010105,-0.014407936088389221,0.015828180954120807
0.0039,-0.0059,-5.324666742973605,-0.014399331856006706,0.014829809575241793
0.004,-0.0059,-5.34128015535232,-0.014479354184416907,0.013537487071241928
0.0041,-0.0059,-5.3565613678150985,-0.014307791311001872,0.01235031718548616
0.0042,-0.0059,-5.374565498286823,-0.014634193924398301,0.01129582140095045
0.0043,-0.0059,-5.390257869681704,-0.014589967805086021,0.009956077732440869
0.0044,-0.0059,-5.4010658509555025,-0.014691823546066365,0.009021958834087823
0.0045,-0.0059,-5.4135745049861175,-0.014734600362939543,0.007862875573847437
0.0046,-0.0059,-5.428626834969847,-0.014643045653799053,0.006705656597051178
0.0047,-0.0059,-5.432872589634691,-0.01476924097202515,0.005615429786486444
0.0048,-0.0059,-5.446549798316897,-0.014783827117847476,0.0042939567999194135
0.0049,-0.0059,-5.446940937205045,-0.014742405800401731,0.0032297287828888807
0.005,-0.0059,-5.4545014537934104,-0.014625479882045024,0.0019925914693602344
0.0051,-0.0059,-5.460310364666986,-0.014921416383763948,0.0008443994568804081
0.005200000000000001,-0.0059,-5.464784947341389,-0.015344860908221184,-8.254942102363556e-05
0.0053,-0.0059,-5.4626168717839985,-0.015005004649235088,-0.0012840638522771215
0.0054,-0.0059,-5.4574861734521445,-0.01575788984434961,-0.0024690068762267207
0.0055,-0.0059,-5.4482863470095335,-0.015796885140695178,-0.0035767287992350505
0.0056,-0.0059,-5.46027078073176,-0.01572618265820567,-0.004781708556388851
0.005700000000000001,-0.0059,-5.458568618420905,-0.015918973733693536,-0.005870082161487974
0.0058,-0.0059,-5.4515376605252515,-0.015915852252991126,-0.007083390076850699
0.0059,-0.0059,-5.454699115713613,-0.016405605901393134,-0.008246800166867988
0.006,-0.0059,-5.443649746734627,-0.016426367529947472,-0.009347911084850743
0.0061,-0.0059,-5.434757069068486,-0.01653230146604291,-0.010486944250647941
0.0062,-0.0059,-5.428474420606392,-0.016425123843627713,-0.011493521296152123
0.0063,-0.0059,-5.4275364551118,-0.0164180511972541,-0.012789008402449642
0.0064,-0.0059,-5.411005864968419,-0.01672751366084958,-0.01398895170104163
0.006499999999999999,-0.0059,-5.394606072088508,-0.016953718214158708,-0.015258525782265112
0.006600000000000001,-0.0059,-5.374843231611107,-0.016777774234766046,-0.01624817522838129
0.0067,-0.0059,-5.367765478031582,-0.017446578331926987,-0.01771332185208725
0.0068,-0.0059,-5.3700683698900775,-0.017544672724989274,-0.018897535225326806
0.0069,-0.0059,-5.343509662648393,-0.017890307339988188,-0.02000190667875717
0.006999999999999999,-0.0059,-5.325656410258813,-0.018140051612486986,-0.02150101932696229
0.007100000000000001,-0.0059,-5.300632317123387,-0.01856988043187231,-0.022793345723454442
0.0072,-0.0059,-5.278036436522046,-0.018540194694806892,-0.024087176653065246
0.0073,-0.0059,-5.265921315231797,-0.01895834183657916,-0.02543176407775858
0.0074,-0.0059,-5.2389285927704465,-0.01920844622088109,-0.027030014358750454
0.0075,-0.0059,-5.210843605735376,-0.019800103963355995,-0.028670860903005448
0.0076,-0.0059,-5.182861849638069,-0.02027898035863211,-0.030126386695290937
0.0077,-0.0059,-5.15954621397654,-0.020557827484412046,-0.03221830197462275
0.0078,-0.0059,-5.126737898097637,-0.021008216041820075,-0.03371240583681347
0.0079,-0.0059,-5.090742638884426,-0.02153601132864182,-0.035580369658032955
0.008,-0.0059,-5.0637532184230825,-0.021880073832837698,-0.0377681508311988
0.0081,-0.0059,-5.022753068796707,-0.022011435009085326,-0.03879344844456589
0.0082,-0.0059,-4.9895828965132525,-0.022575732920458606,-0.04181365763985324
0.0083,-0.0059,-4.939985939161434,-0.02260286618279211,-0.04304238175026505
0.0084,-0.0059,-4.888785385765225,-0.02227126390915636,-0.04484401524875585
0.0085,-0.0059,-4.80468695087026,-0.022100814481612253,-0.045955357893620964
0.0086,-0.0059,-4.8139340609222625,-0.021581721091596506,-0.04605507079460103
0.0087,-0.0059,-4.7676791499272095,-0.020722866035726085,-0.04588387709032857
0.0088,-0.0059,-4.728464966991126,-0.019444031968453714,-0.04500962614528529
0.0089,-0.0059,-4.695797063179682,-0.01764607345280472,-0.04370775772011738
0.009,-0.0059,-4.666921526463874,-0.0159155271559769,-0.041151987382817445
0.0091,-0.0059,-4.641959313568813,-0.013633648541501054,-0.03766793036391913
0.0092,-0.0059,-4.623509881533217,-0.011321783850090635,-0.032871108694535
0.0093,-0.0059,-4.6099567929319,-0.008956028167347283,-0.02805198811086251
0.0094,-0.0059,-4.601711147101198,-0.006784044698969799,-0.022764442522894484
0.0095,-0.0059,-4.597503085966357,-0.004679392527887088,-0.01715812093493296
0.0096,-0.0059,-4.597660321053242,-0.0029694042931715393,-0.01196146802643599
0.0097,-0.0059,-4.5985686711218,-0.0016853797956444792,-0.007756879904915136
0.0098,-0.0059,-4.600021258600483,-0.0007649870933179865,-0.004149277625097086
0.0099,-0.0059,-4.6037267533418005,-0.00023506594523645493,-0.0015118982373328298
0.01,-0.0059,-4.603072433393988,0.0,0.0
0.0,-0.0058,-4.463474410864751,0.0,0.0
0.0001,-0.0058,-4.463813682253848,-0.00011794367506783553,0.006341195013621521
0.0002,-0.0058,-4.466402369230836,-0.0003540189355328791,0.011250581053979945
0.0003,-0.0058,-4.465945133989642,-0.0007317221145925795,0.015400149876499966
0.0004,-0.0058,-4.469927804040392,-0.0012306786525730239,0.018661023880297525
0.0005,-0.0058,-4.473225829803568,-0.0018135362497072411,0.021218738700781933
0.0006,-0.0058,-4.478494823130266,-0.0024752824572775644,0.023022188108301832
0.0007,-0.0058,-4.485863976712089,-0.003145102196043576,0.02518297872187655
0.0008,-0.0058,-4.495821228046417,-0.0038900927633606346,0.026697842265623103
0.0009,-0.0058,-4.5077716870404725,-0.0046171648249763095,0.028144059158982743
0.001,-0.0058,-4.521773977628764,-0.0053228816735817865,0.029469725770605856
0.0011,-0.0058,-4.539294626432403,-0.006027959967581209,0.030561870423997852
0.0012,-0.0058,-4.5564341894099405,-0.006753819856269049,0.03170677501374023
0.0013000000000000002,-0.0058,-4.577934389512133,-0.007396703174509087,0.03258768634204923
0.0014,-0.0058,-4.603273517656325,-0.007986394647172239,0.03327126254164175
0.0015,-0.0058,-4.628250940345831,-0.008644885842692648,0.03393345238969465
0.0016,-0.0058,-4.655644849070383,-0.009220061582329154,0.034351394322448436
0.0017,-0.0058,-4.687097621832538,-0.009747997415329038,0.03454816982556465
0.0018,-0.0058,-4.715336714557744,-0.010245333141415876,0.03483333706821771
0.0019,-0.0058,-4.7483487047682615,-0.010695452573503376,0.03448880970808433
0.002,-0.0058,-4.783682992606082,-0.0110200555894972,0.034402076598574485
0.0021,-0.0058,-4.817026419401685,-0.01146492482868786,0.03401248390301383
0.0022,-0.0058,-4.850484723058987,-0.011775738414538174,0.03364518044833057
0.0023,-0.0058,-4.883836791083835,-0.012077572985047788,0.033166050962865394
0.0024,-0.0058,-4.919708744630795,-0.01220359965552549,0.03222273316809764
0.0025,-0.0058,-4.956385119725394,-0.012482666500800196,0.031404936023893625
0.0026000000000000003,-0.0058,-4.9903743178132105,-0.012651798915022267,0.03026990237325646
0.0027,-0.0058,-5.024110320211188,-0.012754912479668612,0.029210132019556592
0.0028,-0.0058,-5.056165725039147,-0.01286043360626627,0.028409209985392793
0.0029,-0.0058,-5.087450227943626,-0.012968686529316827,0.026959191780934463
0.003,-0.0058,-5.118757228163749,-0.013060410266060052,0.025957554318594336
0.0031,-0.0058,-5.150902842097728,-0.013082130772479045,0.024691070986266127
0.0032,-0.0058,-5.178089405695601,-0.013054074760347568,0.02360199789847861
0.0033000000000000004,-0.0058,-5.204442624194389,-0.013032365048309636,0.022264618600911536
0.0034,-0.0058,-5.231495260524209,-0.013166639950562853,0.021080242395688443
0.0034999999999999996,-0.0058,-5.25375058051738,-0.013046264567598076,0.019905406933237436
0.0036,-0.0058,-5.2793338763735225,-0.013063157343580326,0.018547558708071198
0.0037,-0.0058,-5.301127750861961,-0.013183362820710628,0.017005472230877918
0.0038,-0.0058,-5.320918271675029,-0.013126930097890527,0.015926465774594098
0.0039,-0.0058,-5.342490985887993,-0.01306571898448406,0.014779210589739872
0.004,-0.0058,-5.3601115384204805,-0.013215282883723384,0.013618117432561845
0.0041,-0.0058,-5.375902013001471,-0.013241705924674392,0.01240155956784221
0.0042,-0.0058,-5.395164345625242,-0.013275975996365942,0.011340594058010418
0.0043,-0.0058,-5.4074172445052415,-0.013197965947552306,0.01013298963079741
0.0044,-0.0058,-5.420115338659755,-0.013511936683896325,0.008972474819893246
0.0045,-0.0058,-5.432038635589225,-0.013238540333415833,0.007980659381532949
0.0046,-0.0058,-5.44747275177887,-0.01309175816978382,0.006711558162113958
0.0047,-0.0058,-5.451866974814294,-0.013651751603922947,0.005424949956666515
0.0048,-0.0058,-5.459410858263272,-0.013543899831292745,0.004299762230080557
0.0049,-0.0058,-5.461948237154736,-0.013622288129152128,0.0031285796552616013
0.005,-0.0058,-5.4778852380506855,-0.01356348901399113,0.001990280018353791
0.0051,-0.0058,-5.477761451334342,-0.013829832454208577,0.0011824006586029494
0.005200000000000001,-0.0058,-5.479781030166479,-0.013810265105640766,3.2832389621897246e-05
0.0053,-0.0058,-5.483957550882182,-0.01398597190252448,-0.0012763555784729647
0.0054,-0.0058,-5.4789908175966415,-0.013953753991172569,-0.0023943883042361574
0.0055,-0.0058,-5.478418567747,-0.014059405183085155,-0.0034967623586950065
0.0056,-0.0058,-5.469087958674166,-0.014341418262072199,-0.004668733706479781
0.005700000000000001,-0.0058,-5.472878892743818,-0.013892682616723656,-0.005752497482086415
0.0058,-0.0058,-5.467052575040954,-0.01446302608023832,-0.006952452196900317
0.0059,-0.0058,-5.455715256681692,-0.014957351210926265,-0.007965187534001267
0.006,-0.0058,-5.458355979086955,-0.014944206240466804,-0.009125795133555497
0.0061,-0.0058,-5.453327918582871,-0.01526731376462861,-0.01044794026063021
0.0062,-0.0058,-5.439817943895457,-0.0149460979553415,-0.01147947136750849
0.0063,-0.0058,-5.442296286188531,-0.015748849742479625,-0.012920278081959486
0.0064,-0.0058,-5.433869098726458,-0.015286067895102529,-0.013913743619109338
0.006499999999999999,-0.0058,-5.4182990251349805,-0.0158714937417184,-0.015005674342648129
0.006600000000000001,-0.0058,-5.396227534974693,-0.016128949135541856,-0.016034277502732074
0.0067,-0.0058,-5.377994006254581,-0.01598466823731719,-0.01731165786996856
0.0068,-0.0058,-5.372925084677484,-0.01630603685322354,-0.018547562305042797
0.0069,-0.0058,-5.357001351196008,-0.016502966077936814,-0.019728003887430574
0.006999999999999999,-0.0058,-5.352741304626239,-0.016672979295271523,-0.021186320424583495
0.007100000000000001,-0.0058,-5.331026019971347,-0.01721793162112713,-0.02231177789415011
0.0072,-0.0058,-5.2984236194253,-0.01763291028777772,-0.02368399162146996
0.0073,-0.0058,-5.280415314826172,-0.017755836569686507,-0.02519467494441291
0.0074,-0.0058,-5.2634723056385555,-0.017983979963847287,-0.026687679971777824
0.0075,-0.0058,-5.237495340362249,-0.018299520680371075,-0.02807601366439094
0.0076,-0.0058,-5.208254282650252,-0.018941311300344533,-0.03008365910462807
0.0077,-0.0058,-5.177631700157835,-0.01930390838261206,-0.03137284823281392
0.0078,-0.0058,-5.147967537964089,-0.01961293637631456,-0.03308118919204991
0.0079,-0.0058,-5.117058546810719,-0.02034835463845803,-0.03534349366383748
0.008,-0.0058,-5.081295765133402,-0.020733763593326533,-0.037092119045319706
0.0081,-0.0058,-5.05160801469391,-0.020919367756579377,-0.03873137691659824
0.0082,-0.0058,-5.00656506627542,-0.021621797333145044,-0.04137577011914417
0.0083,-0.0058,-4.958211493625887,-0.021322830295520536,-0.043033593245489846
0.0084,-0.0058,-4.940056649945153,-0.021376919382307073,-0.044302905013447025
0.0085,-0.0058,-4.9197398875787375,-0.021115582074666003,-0.04563722291274558
0.0086,-0.0058,-4.9056116240314935,-0.020990048580958005,-0.046676905464676045
0.0087,-0.0058,-4.80954988740212,-0.020443772955894515,-0.04695172203883727
0.0088,-0.0058,-4.763517194582378,-0.019168627759430817,-0.04605322295645702
0.0089,-0.0058,-4.72268432685116,-0.017593901058686873,-0.0452057763294173
0.009,-0.0058,-4.689615342859086,-0.015998663599637582,-0.043422420055208584
0.0091,-0.0058,-4.661534424994288,-0.013984297242729107,-0.039495096410129694
0.0092,-0.0058,-4.642758042115905,-0.011645025786516217,-0.03564901005705974
0.0093,-0.0058,-4.626756965033257,-0.009371416319254786,-0.030979808796252263
0.0094,-0.0058,-4.617266473093668,-0.00693488713275239,-0.025163433284528237
0.0095,-0.0058,-4.612086173108419,-0.00484814639849417,-0.019426123199714377
0.0096,-0.0058,-4.6105443500327565,-0.0031460821258879864,-0.013618489969647285
0.0097,-0.0058,-4.612921807589046,-0.0017400135975674568,-0.009001992620752462
0.0098,-0.0058,-4.613972355164718,-0.0008333624890850213,-0.0048820649679991515
0.0099,-0.0058,-4.616954153832116,-0.000258259511935206,-0.0018523469983178786
0.01,-0.0058,-4.618005585440819,0.0,0.0
0.0,-0.005700000000000001,-4.476924502357131,0.0,0.0
0.0001,-0.005700000000000001,-4.47854044044259,-9.76633182072354e-05,0.0065357863629454185
0.0002,-0.005700000000000001,-4.478395713288295,-0.00030149952759289146,0.011778351865434978
0.0003,-0.005700000000000001,-4.47869950968693,-0.0006468432325939043,0.0161045558025777
0.0004,-0.005700000000000001,-4.481537777619472,-0.0010976652943161277,0.019161907162076806
0.0005,-0.005700000000000001,-4.4857931686620525,-0.0016084725683039307,0.021669908399036014
0.0006,-0.005700000000000001,-4.492094005414338,-0.002198812699585275,0.023933619083807964
0.0007,-0.005700000000000001,-4.499770228137092,-0.0028627336429518785,0.025733703199148895
0.0008,-0.005700000000000001,-4.5095249345889155,-0.003518567274805122,0.02738822681716462
0.0009,-0.005700000000000001,-4.522075390145136,-0.004181243543733726,0.028918215124865688
0.001,-0.005700000000000001,-4.535224097400697,-0.0048598992310829,0.03001407490190197
0.0011,-0.005700000000000001,-4.554392911622109,-0.005542577640070845,0.031232486142263594
0.0012,-0.005700000000000001,-4.57236835717302,-0.006160512680111391,0.03239771313587965
0.0013000000000000002,-0.005700000000000001,-4.59215216241608,-0.006783337181019849,0.033133162646646584
0.0014,-0.005700000000000001,-4.6170694428905605,-0.007342009207066021,0.03397798471381396
0.0015,-0.005700000000000001,-4.64248010814249,-0.007990326072577223,0.03445571602831517
0.0016,-0.005700000000000001,-4.670552055402578,-0.008484031510246112,0.0350812297444989
0.0017,-0.005700000000000001,-4.702188126735971,-0.008909418417577126,0.035388196179011656
0.0018,-0.005700000000000001,-4.732973205861946,-0.009397550231870588,0.0354711122857897
0.0019,-0.005700000000000001,-4.765608403456343,-0.009798475747979728,0.035251434128355935
0.002,-0.005700000000000001,-4.79893674242519,-0.010121322495166691,0.03475738828048236
0.0021,-0.005700000000000001,-4.833271898158479,-0.010505507105009543,0.03451992806884119
0.0022,-0.005700000000000001,-4.872422506651898,-0.01073071147429938,0.0338903615103475
0.0023,-0.005700000000000001,-4.901971787784983,-0.011011852804293867,0.033251993376612776
0.0024,-0.005700000000000001,-4.937837364421312,-0.01121585067133024,0.032453894943851716
0.0025,-0.005700000000000001,-4.973721302843716,-0.011330247704905809,0.03161994536206236
0.0026000000000000003,-0.005700000000000001,-5.007891569193724,-0.011485751820379047,0.03055828764035042
0.0027,-0.005700000000000001,-5.0433432158187586,-0.011602713974474562,0.029424749365980503
0.0028,-0.005700000000000001,-5.074448132472235,-0.011687492991663473,0.02840145706449625
0.0029,-0.005700000000000001,-5.105482860089837,-0.011756532185406291,0.027209622732286106
0.003,-0.005700000000000001,-5.136530675559247,-0.011771185296624775,0.02594245993933061
0.0031,-0.005700000000000001,-5.16793767854018,-0.011802937897045297,0.024679888080600745
0.0032,-0.005700000000000001,-5.196438422163343,-0.011860494185342694,0.023421878236813316
0.0033000000000000004,-0.005700000000000001,-5.22328482255079,-0.011926238283167783,0.022184074753258957
0.0034,-0.005700000000000001,-5.251551403026103,-0.011958865849897258,0.02067683139056635
0.0034999999999999996,-0.005700000000000001,-5.272228895325601,-0.011910926280028914,0.019711327565781377
0.0036,-0.005700000000000001,-5.293645151572228,-0.01197291433640509,0.018675961171439253
0.0037,-0.005700000000000001,-5.318990937190244,-0.011858350222682966,0.01741554485076256
0.0038,-0.005700000000000001,-5.33718610296672,-0.011880467625093614,0.015951859720905164
0.0039,-0.005700000000000001,-5.357844993509088,-0.011963424248329845,0.014965900765848068
0.004,-0.005700000000000001,-5.3784014934753985,-0.011934860936620988,0.01364740810395406
0.0041,-0.005700000000000001,-5.39265614209217,-0.011927792763590626,0.01241597136696924
0.0042,-0.005700000000000001,-5.407991497540209,-0.01187404362196578,0.011208834390536594
0.0043,-0.005700000000000001,-5.42233768172543,-0.0119217906732063,0.01004998423439415
0.0044,-0.005700000000000001,-5.438425506691061,-0.012285731439406936,0.008926790787128729
0.0045,-0.005700000000000001,-5.449343455560599,-0.0121510901586556,0.007658520440694221
0.0046,-0.005700000000000001,-5.464436081858611,-0.01222327780536654,0.006391595353266894
0.0047,-0.005700000000000001,-5.46675025444261,-0.012034037276335159,0.00558777151193962
0.0048,-0.005700000000000001,-5.477049106619815,-0.01232491299022231,0.004262853586934147
0.0049,-0.005700000000000001,-5.484608378245732,-0.012004159928005314,0.003204851976613449
0.005,-0.005700000000000001,-5.490422974329258,-0.012167342934542375,0.002437118108871442
0.0051,-0.005700000000000001,-5.488031245832582,-0.012506539476291382,0.0009916485363850923
0.005200000000000001,-0.005700000000000001,-5.491602751870734,-0.013020532915830472,-0.00013020377300794247
0.0053,-0.005700000000000001,-5.49799281447585,-0.012543812193871656,-0.0011961247883194573
0.0054,-0.005700000000000001,-5.495932272103619,-0.012840625919352162,-0.0022841396705912793
0.0055,-0.005700000000000001,-5.492240195110721,-0.012815291955849918,-0.0034047750552065287
0.0056,-0.005700000000000001,-5.494057025505344,-0.01293598227293736,-0.004540639448291872
0.005700000000000001,-0.005700000000000001,-5.487117730867899,-0.012622979714384306,-0.005624102748032097
0.0058,-0.005700000000000001,-5.481251508761809,-0.013373595471982667,-0.006764279728258506
0.0059,-0.005700000000000001,-5.472972286811082,-0.013159271599365002,-0.007857993356424743
0.006,-0.005700000000000001,-5.472477990874318,-0.013302920670904744,-0.00884467612111331
0.0061,-0.005700000000000001,-5.466453880776117,-0.013730262754351824,-0.010187475214988445
0.0062,-0.005700000000000001,-5.457047666973601,-0.01386693932196036,-0.011288290740029756
0.0063,-0.005700000000000001,-5.453634972971889,-0.014273280887762006,-0.012282516337555994
0.0064,-0.005700000000000001,-5.445561533903554,-0.014321256099244853,-0.013547893199378722
0.006499999999999999,-0.005700000000000001,-5.435726612116109,-0.014772033228157662,-0.014770599983710317
0.006600000000000001,-0.005700000000000001,-5.431692559090527,-0.014837824138866857,-0.01578984732102862
0.0067,-0.005700000000000001,-5.407573533240017,-0.014838207029415735,-0.017156329341036353
0.0068,-0.005700000000000001,-5.391409322496073,-0.015410726207419954,-0.018530692119537485
0.0069,-0.005700000000000001,-5.371849189832197,-0.015465656333669817,-0.019518576037101158
0.006999999999999999,-0.005700000000000001,-5.3602463178861255,-0.015577198296146823,-0.021048628238244053
0.007100000000000001,-0.005700000000000001,-5.352705974371758,-0.015822839255151128,-0.02212202469358643
0.0072,-0.005700000000000001,-5.330420392496189,-0.016497981208970246,-0.023553033296931904
0.0073,-0.005700000000000001,-5.302955660040971,-0.01651799726057733,-0.02480305522444109
0.0074,-0.005700000000000001,-5.279465412241338,-0.01688001094272157,-0.02635788815397321
0.0075,-0.005700000000000001,-5.259290416042916,-0.017014032859100817,-0.027759650345247938
0.0076,-0.005700000000000001,-5.233812727992829,-0.017567648506670013,-0.02931930784799125
0.0077,-0.005700000000000001,-5.207151054267783,-0.01795027338615523,-0.031000889502879794
0.0078,-0.005700000000000001,-5.182932574830111,-0.01848500723579514,-0.03273476457597687
0.0079,-0.005700000000000001,-5.160662300628587,-0.01903689387988819,-0.03464907911866246
0.008,-0.005700000000000001,-5.126715370491656,-0.019604320826240192,-0.036749334176926274
0.0081,-0.005700000000000001,-5.0777269690019216,-0.019907424124487382,-0.03849118269829969
0.0082,-0.005700000000000001,-5.050539762670155,-0.019956130557350377,-0.04058104387894401
0.0083,-0.005700000000000001,-5.013117658555036,-0.020565953028434055,-0.042617746124177916
0.0084,-0.005700000000000001,-4.981550850185659,-0.020814978692347313,-0.044060012166501517
0.0085,-0.005700000000000001,-4.906408843840316,-0.020968918907089056,-0.04619307115794644
0.0086,-0.005700000000000001,-4.854275789401378,-0.020318322164520078,-0.04784454972862271
0.0087,-0.005700000000000001,-4.8038787790940605,-0.019718998360107688,-0.048141240879312354
0.0088,-0.005700000000000001,-4.795409447831956,-0.01873279150680553,-0.04796325074420563
0.0089,-0.005700000000000001,-4.7580445759617955,-0.017678371096031428,-0.047044302376002524
0.009,-0.005700000000000001,-4.712799853916297,-0.016141133695473025,-0.04503220535776377
0.0091,-0.005700000000000001,-4.6858527254068125,-0.014090704298670232,-0.04207817296671813
0.0092,-0.005700000000000001,-4.662415654095013,-0.011986647466372574,-0.03765190225816283
0.0093,-0.005700000000000001,-4.644427288713369,-0.009680178141982155,-0.03281099724703767
0.0094,-0.005700000000000001,-4.63296226105433,-0.0074729164266636346,-0.02717314613675408
0.0095,-0.005700000000000001,-4.626443953075365,-0.005340882580683826,-0.021387678839746706
0.0096,-0.005700000000000001,-4.624724799927332,-0.003403923267731164,-0.01518221953257462
0.0097,-0.005700000000000001,-4.626292520647519,-0.0019410162659423775,-0.010001358722914895
0.0098,-0.005700000000000001,-4.627260051783283,-0.0008927420039097092,-0.0057007808987745755
0.0099,-0.005700000000000001,-4.628415049719833,-0.00027064712852102526,-0.00224007732258521
0.01,-0.005700000000000001,-4.6304406937072775,0.0,0.0
0.0,-0.0056,-4.4904605053872,0.0,0.0
0.0001,-0.0056,-4.491653505647052,-7.729564102800441e-05,0.006684966711141285
0.0002,-0.0056,-4.49232378153298,-0.0002506843299438632,0.011975510956579014
0.0003,-0.0056,-4.492540075289627,-0.0005417401865871204,0.016200139674465826
0.0004,-0.0056,-4.49678114508049,-0.0009423792333516569,0.01963649056724131
0.0005,-0.0056,-4.498665972434158,-0.001416745728835963,0.02231070628984592
0.0006,-0.0056,-4.505619555325098,-0.0019478811065431316,0.024633704503444806
0.0007,-0.0056,-4.513474681963837,-0.0025434176360492724,0.026497349676909976
0.0008,-0.0056,-4.5235642897025246,-0.0031665082027897556,0.02798386731429117
0.0009,-0.0056,-4.535732649393508,-0.003769225907113354,0.029595622091563613
0.001,-0.0056,-4.549985653805623,-0.004392363916142929,0.030734141513922338
0.0011,-0.0056,-4.567300942978937,-0.005000548295640331,0.031789323462635403
0.0012,-0.0056,-4.5888645751048776,-0.005577428467597071,0.032842676287327094
0.0013000000000000002,-0.0056,-4.607555211197605,-0.006181189741150656,0.033827461247193914
0.0014,-0.0056,-4.633018981119137,-0.006701105340847214,0.03438037019244377
0.0015,-0.0056,-4.659403171183406,-0.0071933565761646175,0.03491608264520161
0.0016,-0.0056,-4.688892816605949,-0.007666407003444464,0.03552413556542427
0.0017,-0.0056,-4.717807500080099,-0.008127964106730471,0.035521908390279154
0.0018,-0.0056,-4.7503531427742605,-0.00841739183703445,0.035797564693280416
0.0019,-0.0056,-4.783370082388603,-0.008851127436863915,0.035710588732600836
0.002,-0.0056,-4.819053452516831,-0.009154393368709607,0.03515728455750783
0.0021,-0.0056,-4.850193764198221,-0.009500143182065289,0.034643552933161785
0.0022,-0.0056,-4.88553400491411,-0.009649071539323066,0.034124395345884184
0.0023,-0.0056,-4.923200305691708,-0.009940611594820549,0.03319705051211856
0.0024,-0.0056,-4.958237017894449,-0.010185972086215174,0.03262790923171101
0.0025,-0.0056,-4.993183819672189,-0.01028727529160509,0.03167412488753615
0.0026000000000000003,-0.0056,-5.027855648673692,-0.010453088765333435,0.030716324215767483
0.0027,-0.0056,-5.059643826040521,-0.010372767229858332,0.02981540306008732
0.0028,-0.0056,-5.089901918912677,-0.010496608603386524,0.02867025801344445
0.0029,-0.0056,-5.122774146299541,-0.010653137841022023,0.027072589248285553
0.003,-0.0056,-5.1567350861174095,-0.010633484283949148,0.026075832719048245
0.0031,-0.0056,-5.182886307614258,-0.010695421837839147,0.024825171794078258
0.0032,-0.0056,-5.2108712295032475,-0.010652032045557317,0.02346395220728084
0.0033000000000000004,-0.0056,-5.2392452021144855,-0.010684092361571213,0.02214654527649272
0.0034,-0.0056,-5.26264533839898,-0.010721346901880403,0.02079351575990721
0.0034999999999999996,-0.0056,-5.288915016685742,-0.010691708621783612,0.019862882490102762
0.0036,-0.0056,-5.313835013357149,-0.010608615874706765,0.018330802674547397
0.0037,-0.0056,-5.333201638423919,-0.01076778328462925,0.01705648283980169
0.0038,-0.0056,-5.355182047284669,-0.01069962393616076,0.016024181216618305
0.0039,-0.0056,-5.372707527449263,-0.010614301778040354,0.014643198826379211
0.004,-0.0056,-5.392611545709935,-0.010592630198315356,0.013609529325616716
0.0041,-0.0056,-5.407984968263407,-0.010815600312168518,0.012640655137015722
0.0042,-0.0056,-5.4238222077918685,-0.010793454705197872,0.011150238874007255
0.0043,-0.0056,-5.439848248365752,-0.010900061441886422,0.010031906186624494
0.0044,-0.0056,-5.447105934574363,-0.010869649463263307,0.008959281496237065
0.0045,-0.0056,-5.463800077284951,-0.011072512035608887,0.007977667974817576
0.0046,-0.0056,-5.466961576833104,-0.010906580958103627,0.006808267693527492
0.0047,-0.0056,-5.4793531447340875,-0.010992756300749236,0.005767001678517189
0.0048,-0.0056,-5.479600874980384,-0.011093379133735634,0.00439009078124918
0.0049,-0.0056,-5.495853220302603,-0.01087191855132958,0.0031938337467263007
0.005,-0.0056,-5.502307012555709,-0.011249262507271303,0.0022448251816036056
0.0051,-0.0056,-5.508076690132595,-0.011004694056522948,0.001264141847313102
0.005200000000000001,-0.0056,-5.510022674255325,-0.011463269914419191,0.00011752420234493327
0.0053,-0.0056,-5.5036003856670535,-0.011401476102718586,-0.0010014445556557124
0.0054,-0.0056,-5.50772448074848,-0.011549134155138537,-0.002167670971704261
0.0055,-0.0056,-5.503720561647514,-0.011779621510134711,-0.0032476086102444304
0.0056,-0.0056,-5.501135086250094,-0.01164761240308387,-0.004352727548397015
0.005700000000000001,-0.0056,-5.504497954180685,-0.01206355286921687,-0.005483229124178044
0.0058,-0.0056,-5.503956083168937,-0.012010760674746927,-0.0066188565398968835
0.0059,-0.0056,-5.490410501814303,-0.01215720946733804,-0.007634985540495887
0.006,-0.0056,-5.489852162478278,-0.012376756661498713,-0.00879207453724559
0.0061,-0.0056,-5.482777679379135,-0.012379426604957984,-0.010008829053618454
0.0062,-0.0056,-5.472678481069951,-0.012607307460709634,-0.011173872939060928
0.0063,-0.0056,-5.467108650793263,-0.012805835620604581,-0.012044473794210343
0.0064,-0.0056,-5.458630212889332,-0.013112941236313522,-0.013323509363044323
0.006499999999999999,-0.0056,-5.449950155761905,-0.013332499614446653,-0.014437259195740166
0.006600000000000001,-0.0056,-5.436481479119273,-0.013563006700225928,-0.015357866118435688
0.0067,-0.0056,-5.422530425665895,-0.013749212838902868,-0.016925451494520825
0.0068,-0.0056,-5.410465080342189,-0.014164285983390416,-0.018056797655152054
0.0069,-0.0056,-5.393199390605186,-0.014274549311025132,-0.01948284640155589
0.006999999999999999,-0.0056,-5.374529122641067,-0.014504619130144492,-0.020757882689016106
0.007100000000000001,-0.0056,-5.360779305668979,-0.014857724326874381,-0.021972576219931133
0.0072,-0.0056,-5.345660812409111,-0.014895706435581801,-0.02317330282490355
0.0073,-0.0056,-5.325839488921358,-0.015375633540295794,-0.024560814626673685
0.0074,-0.0056,-5.304007214657511,-0.015689718392929774,-0.026004131252923404
0.0075,-0.0056,-5.279460655155259,-0.016169255279116956,-0.027445056878162618
0.0076,-0.0056,-5.255684188466225,-0.016401820374202954,-0.029045430122470652
0.0077,-0.0056,-5.2304129216734765,-0.016802885799678778,-0.030815294641259497
0.0078,-0.0056,-5.2076963545242245,-0.01738207894128489,-0.03236747714984125
0.0079,-0.0056,-5.170184482995355,-0.017935839588864133,-0.03424637734719357
0.008,-0.0056,-5.12405097015803,-0.01833347191983106,-0.036445401635920964
0.0081,-0.0056,-5.098006261701299,-0.018628224239502705,-0.038174690636003206
0.0082,-0.0056,-5.0638457385602385,-0.018969469268239683,-0.0404808104019698
0.0083,-0.0056,-5.02475380267769,-0.01944901723673953,-0.042858338675849185
0.0084,-0.0056,-4.995416186006405,-0.019524700395816722,-0.044014802296242314
0.0085,-0.0056,-4.961473001654521,-0.019707687042610098,-0.045771846803520824
0.0086,-0.0056,-4.923729002829743,-0.019382917797242313,-0.04695921954161513
0.0087,-0.0056,-4.883216184935391,-0.01924292522372611,-0.0479664317772588
0.0088,-0.0056,-4.822905798695982,-0.018433429978630633,-0.049247168865772774
0.0089,-0.0056,-4.777473147881872,-0.017430074507507356,-0.04808590994072275
0.009,-0.0056,-4.744601292632941,-0.015946704097981036,-0.04665426500952364
0.0091,-0.0056,-4.70798864951923,-0.014153648721813718,-0.043794525363145195
0.0092,-0.0056,-4.681612619227871,-0.012090731546101486,-0.04007910544548023
0.0093,-0.0056,-4.664050960409586,-0.009921228288745074,-0.034624783653194734
0.0094,-0.0056,-4.649599223310624,-0.007635613715511394,-0.02991310906553605
0.0095,-0.0056,-4.642997962174234,-0.0055188551261169255,-0.023641882291173796
0.0096,-0.0056,-4.638606553518559,-0.0035935690271387956,-0.01698743377737938
0.0097,-0.0056,-4.638629162275285,-0.002022770077007091,-0.011266712588359061
0.0098,-0.0056,-4.640757472235093,-0.000955358311244319,-0.006602633839854344
0.0099,-0.0056,-4.642361171842,-0.00030512981451592304,-0.0026036809487535125
0.01,-0.0056,-4.643652947027761,0.0,0.0
0.0,-0.0055,-4.504406146571137,0.0,0.0
0.0001,-0.0055,-4.503853751873954,-5.7209036573939014e-05,0.006714703026041897
0.0002,-0.0055,-4.504846204061539,-0.00019416502937068535,0.012089434414649694
0.0003,-0.0055,-4.505180877728954,-0.0004330324910777966,0.016579871639983323
0.0004,-0.0055,-4.508132012194097,-0.0007744188429445098,0.020212629702818896
0.0005,-0.0055,-4.512596063528945,-0.0011903953137713248,0.02294320444183151
0.0006,-0.0055,-4.518216917400185,-0.0016713191109349991,0.025314545242586764
0.0007,-0.0055,-4.526011019623187,-0.002218593764838711,0.02686928045334366
0.0008,-0.0055,-4.5376782354808025,-0.0027656372669234933,0.028368807776381535
0.0009,-0.0055,-4.54906247388347,-0.0033317229504793615,0.03014531057275103
0.001,-0.0055,-4.565217386043211,-0.003877179953714928,0.03148071675514976
0.0011,-0.0055,-4.582565140612259,-0.00443030142031954,0.03244628451561379
0.0012,-0.0055,-4.600936109412578,-0.005012756298448372,0.03343231903795161
0.0013000000000000002,-0.0055,-4.624424557764128,-0.005491065640946699,0.03410595478800218
0.0014,-0.0055,-4.6479114567074395,-0.006022899399187104,0.03486079422688572
0.0015,-0.0055,-4.677679689466096,-0.00642462405255213,0.03552161075002689
0.0016,-0.0055,-4.703844985849018,-0.006814608838241721,0.035714608777948145
0.0017,-0.0055,-4.73317483647127,-0.007181355030743422,0.03620997586241275
0.0018,-0.0055,-4.767110287470352,-0.0075979168273273,0.035649875720057476
0.0019,-0.0055,-4.797325141650539,-0.007890518651602747,0.03580530505913755
0.002,-0.0055,-4.831729064996753,-0.00816986906317957,0.035318740022573736
0.0021,-0.0055,-4.868842798668773,-0.008532727490707744,0.03494539116804753
0.0022,-0.0055,-4.9027433555602515,-0.008685087791585706,0.0344227489198521
0.0023,-0.0055,-4.933776696393937,-0.008862110266122533,0.03374939311065478
0.0024,-0.0055,-4.9716806786249546,-0.008966104422019698,0.03285376930650779
0.0025,-0.0055,-5.006737244470441,-0.00916181462409972,0.03174385104200791
0.0026000000000000003,-0.0055,-5.042775915542223,-0.009242961959594202,0.03084850304868796
0.0027,-0.0055,-5.074679422224792,-0.009308719477831637,0.029708823579785205
0.0028,-0.0055,-5.107550206337946,-0.009389700890130664,0.028451880016531334
0.0029,-0.0055,-5.139683785571885,-0.00943366335788487,0.02726249162443488
0.003,-0.0055,-5.168624733064317,-0.009440450942187838,0.026071407652153857
0.0031,-0.0055,-5.198927045953552,-0.009493781096827102,0.024725888366846402
0.0032,-0.0055,-5.225383972786612,-0.009448478073709632,0.023446678970472125
0.0033000000000000004,-0.0055,-5.252382696354506,-0.009602129929799395,0.022184534502165017
0.0034,-0.0055,-5.277996525974878,-0.009573553611076946,0.021074488189149573
0.0034999999999999996,-0.0055,-5.302437729350443,-0.009542781490651669,0.019883301898091725
0.0036,-0.0055,-5.325968613180444,-0.009536696102908427,0.018524848478028075
0.0037,-0.0055,-5.347567715916145,-0.009494461106799114,0.017326997805194973
0.0038,-0.0055,-5.36862849744235,-0.009472720561240086,0.01605323360517174
0.0039,-0.0055,-5.387333560845341,-0.009667901966183844,0.01484362642897544
0.004,-0.0055,-5.406720897345599,-0.009606636188400264,0.013772713566967644
0.0041,-0.0055,-5.421134850927454,-0.00950901924379809,0.012612237139531822
0.0042,-0.0055,-5.4407545855863395,-0.009729963536887995,0.011328361528431884
0.0043,-0.0055,-5.45095449813625,-0.009774708978618412,0.010242107054934089
0.0044,-0.0055,-5.457355995240016,-0.00965940439881781,0.00905007134211489
0.0045,-0.0055,-5.473428522590713,-0.009769008418980287,0.007792774074688917
0.0046,-0.0055,-5.481441746384967,-0.009584877749713552,0.006793077743104396
0.0047,-0.0055,-5.485754370869832,-0.009841653990043251,0.005876794624918573
0.0048,-0.0055,-5.488535263803111,-0.009796791179588744,0.004646129318144654
0.0049,-0.0055,-5.496533990037384,-0.0098751811498846,0.003489413087124721
0.005,-0.0055,-5.517314702960127,-0.009776735160497419,0.002127820368898525
0.0051,-0.0055,-5.507970762664939,-0.010000131539829458,0.001131936103033592
0.005200000000000001,-0.0055,-5.516969472875738,-0.010257523597274946,6.235017235579995e-05
0.0053,-0.0055,-5.521943705457855,-0.010224455757728275,-0.0009743966824426947
0.0054,-0.0055,-5.521757104859681,-0.010457395482243476,-0.0020526508929308586
0.0055,-0.0055,-5.5168014130217005,-0.010357540783513194,-0.0030933268337981967
0.0056,-0.0055,-5.516390124359782,-0.01089483702588505,-0.004225071603285367
0.005700000000000001,-0.0055,-5.5138119871454485,-0.010813188307039017,-0.005283350920691363
0.0058,-0.0055,-5.508557396605621,-0.01090972863229054,-0.006482821213186507
0.0059,-0.0055,-5.502435739920032,-0.011255712365285959,-0.007545792176462504
0.006,-0.0055,-5.505834303643788,-0.011154844955697614,-0.008477256128678825
0.0061,-0.0055,-5.486168460717009,-0.011323504067874253,-0.009608547108156187
0.0062,-0.0055,-5.485274611792048,-0.01157219693896349,-0.01091089171058357
0.0063,-0.0055,-5.478194000771778,-0.01174785552683463,-0.01205004283693665
0.0064,-0.0055,-5.47081874936092,-0.012066596267202188,-0.01318435604113587
0.006499999999999999,-0.0055,-5.4626502475266,-0.012275482319559848,-0.014220457928529814
0.006600000000000001,-0.0055,-5.4521188106272325,-0.012386380169573372,-0.015289353442354754
0.0067,-0.0055,-5.437875821090861,-0.012636576998396848,-0.0167731667720093
0.0068,-0.0055,-5.429060944509341,-0.012807430129431719,-0.018007536976621056
0.0069,-0.0055,-5.414962702943128,-0.013312935002438365,-0.01927179817349605
0.006999999999999999,-0.0055,-5.395834431997706,-0.013497529055263503,-0.020256562359608803
0.007100000000000001,-0.0055,-5.378184797217156,-0.013685079429843967,-0.021805940622033594
0.0072,-0.0055,-5.359522792994756,-0.013945204689053668,-0.022987367546752447
0.0073,-0.0055,-5.339388371236892,-0.014206377013771657,-0.024463594136183292
0.0074,-0.0055,-5.32358249550466,-0.01438268968182007,-0.025627017911362873
0.0075,-0.0055,-5.301967672498526,-0.014832914850372823,-0.026962278764501704
0.0076,-0.0055,-5.2760055607150536,-0.015279929589429201,-0.028742983645581716
0.0077,-0.0055,-5.246812124479948,-0.015686428232952045,-0.030251294122524988
0.0078,-0.0055,-5.220154412325158,-0.01626176415449449,-0.03194367436736392
0.0079,-0.0055,-5.189301427477079,-0.016637289466788153,-0.03356527792344128
0.008,-0.0055,-5.148591019810444,-0.017218813508174474,-0.03562746285946307
0.0081,-0.0055,-5.103274510210298,-0.017445514177834295,-0.03778792570839571
0.0082,-0.0055,-5.086112077484701,-0.017962855316821586,-0.0395641141541646
0.0083,-0.0055,-5.0659877459850895,-0.01855720663547288,-0.04187880174020562
0.0084,-0.0055,-5.043840252375084,-0.018577567488063357,-0.04439154209871027
0.0085,-0.0055,-4.993779341891272,-0.019117073929714984,-0.046405395439210254
0.0086,-0.0055,-4.8848126407426955,-0.019305650333021663,-0.04817957091686681
0.0087,-0.0055,-4.811455577064051,-0.018463719798605803,-0.04920436091130134
0.0088,-0.0055,-4.81498773393807,-0.017819824580784304,-0.04965106289602612
0.0089,-0.0055,-4.794103509218839,-0.01699503774486065,-0.04923601006214243
0.009,-0.0055,-4.779720369868455,-0.015887669821748503,-0.048092680060642705
0.0091,-0.0055,-4.738081920698182,-0.014120534927854506,-0.04576489724165121
0.0092,-0.0055,-4.705595079444859,-0.012209531586532395,-0.04238705924875735
0.0093,-0.0055,-4.68309845588528,-0.010105476536837358,-0.037225310728073
0.0094,-0.0055,-4.6669900158985,-0.007909658426929414,-0.031432917649822076
0.0095,-0.0055,-4.659092751627955,-0.005761222482634976,-0.024890538550820747
0.0096,-0.0055,-4.654046760192503,-0.003721918112369907,-0.01869541063184757
0.0097,-0.0055,-4.6536791286237005,-0.0021440210901916023,-0.012781508620508876
0.0098,-0.0055,-4.655052752016095,-0.0010265285593712287,-0.007325478691233438
0.0099,-0.0055,-4.6592534808328745,-0.0003266757635440378,-0.0030803123692701943
0.01,-0.0055,-4.659599890543978,0.0,0.0
0.0,-0.0054,-4.5166087680721665,0.0,0.0
0.0001,-0.0054,-4.5176974269700265,-3.517182152973994e-05,0.006906693407065229
0.0002,-0.0054,-4.517639418134983,-0.00013985227410922603,0.012603687842800174
0.0003,-0.0054,-4.51955823620409,-0.0003273006540269361,0.016924138798804916
0.0004,-0.0054,-4.520707300117086,-0.000611079353553472,0.02037170244863067
0.0005,-0.0054,-4.52387007697424,-0.0009778183210687162,0.023298713378437592
0.0006,-0.0054,-4.5316107335480345,-0.0013984198905905819,0.0256089438093568
0.0007,-0.0054,-4.539398579333948,-0.0018693026408396357,0.027753162496188633
0.0008,-0.0054,-4.5494917457238495,-0.002373558998739754,0.029031037753352574
0.0009,-0.0054,-4.563178893331917,-0.002892424071890094,0.03080532698833435
0.001,-0.0054,-4.5762620978495026,-0.003385196099098796,0.031897968146699145
0.0011,-0.0054,-4.594998872941417,-0.003856118981224916,0.032786424616617
0.0012,-0.0054,-4.616352433473335,-0.004387783800390556,0.03386399514781107
0.0013000000000000002,-0.0054,-4.638544697246746,-0.004820539103675002,0.03486901913192491
0.0014,-0.0054,-4.662897238630229,-0.005251791323992972,0.03527477515980374
0.0015,-0.0054,-4.6899532377749695,-0.00568480897677954,0.03583001908350962
0.0016,-0.0054,-4.717352345037298,-0.005991897216738866,0.036154337281409446
0.0017,-0.0054,-4.748400742858399,-0.006420671630930629,0.03632284815744836
0.0018,-0.0054,-4.780858965386452,-0.006669106403965636,0.03601729015821758
0.0019,-0.0054,-4.813528847302463,-0.006946770318666504,0.03609523206645162
0.002,-0.0054,-4.845752413286324,-0.007227806941005881,0.03578700588757351
0.0021,-0.0054,-4.881153005565517,-0.007402186848271628,0.035007508353072286
0.0022,-0.0054,-4.921943605220676,-0.00763262542694427,0.034534130955054414
0.0023,-0.0054,-4.954717476602954,-0.007868813413974508,0.03385578801647245
0.0024,-0.0054,-4.984644574930324,-0.0079154007490847,0.03291104856604898
0.0025,-0.0054,-5.0216962724748075,-0.0080177529138716,0.031953925034349004
0.0026000000000000003,-0.0054,-5.0561820400971556,-0.008084987484164289,0.03077606786449859
0.0027,-0.0054,-5.088059228166259,-0.008146555220324675,0.02983508364240478
0.0028,-0.0054,-5.119897514135971,-0.008251460472609799,0.02879050233371029
0.0029,-0.0054,-5.155377716536297,-0.008273822390657538,0.02719195142933777
0.003,-0.0054,-5.18179469732572,-0.00826407647407026,0.026186251474618963
0.0031,-0.0054,-5.211387303515443,-0.008323716436446886,0.024793863749734715
0.0032,-0.0054,-5.240530488553349,-0.008298880250005117,0.02344925104441259
0.0033000000000000004,-0.0054,-5.265672758959727,-0.008272840717342248,0.022171730873486797
0.0034,-0.0054,-5.291441921966348,-0.008363618102233307,0.02086211023342944
0.0034999999999999996,-0.0054,-5.317193827081072,-0.00828884141957408,0.019824742974181415
0.0036,-0.0054,-5.339384031216689,-0.008318836983096947,0.01850738173833872
0.0037,-0.0054,-5.360093654887517,-0.008303781077174593,0.017280068664774707
0.0038,-0.0054,-5.380336345172102,-0.00828915906234305,0.015942238377035754
0.0039,-0.0054,-5.398076854936203,-0.008472824330627298,0.014927681168230284
0.004,-0.0054,-5.418417711172708,-0.008324561144442568,0.013547253020637688
0.0041,-0.0054,-5.4324810389843305,-0.008357770808656838,0.01252706533277191
0.0042,-0.0054,-5.447238814058184,-0.008416769499472274,0.011617670244418782
0.0043,-0.0054,-5.464601798776796,-0.008334428010686755,0.00994639559220397
0.0044,-0.0054,-5.475419672498328,-0.008400642439939284,0.00908262837304054
0.0045,-0.0054,-5.482466508595333,-0.008391816615271814,0.008090555807066784
0.0046,-0.0054,-5.498826101707815,-0.008351230952225936,0.006895567118846999
0.0047,-0.0054,-5.506731742265271,-0.008553862865279375,0.005748435432126157
0.0048,-0.0054,-5.512518558002958,-0.008588542047301495,0.0044566783264820276
0.0049,-0.0054,-5.51421101088917,-0.008740867193984021,0.003495889799091659
0.005,-0.0054,-5.525797426356208,-0.0087151588216521,0.002496824977415983
0.0051,-0.0054,-5.523999139257588,-0.009002134861328233,0.0014414177657271266
0.005200000000000001,-0.0054,-5.524802386004639,-0.00890922801017221,0.00020213475097619513
0.0053,-0.0054,-5.530080200457641,-0.008842321220075975,-0.0007263497067744712
0.0054,-0.0054,-5.530018782352574,-0.0091099410064827,-0.0020353664442965356
0.0055,-0.0054,-5.526869855768882,-0.009298883917721578,-0.0030476051584082463
0.0056,-0.0054,-5.526177656869486,-0.009316025060070511,-0.004190936713779009
0.005700000000000001,-0.0054,-5.530945235992989,-0.009577467803570692,-0.005139470559550898
0.0058,-0.0054,-5.530664360495125,-0.009905305591456076,-0.006327172346500292
0.0059,-0.0054,-5.515704493202562,-0.00981173538131109,-0.0074257073518590655
0.006,-0.0054,-5.5140459010746214,-0.010176369234511467,-0.00841477549220594
0.0061,-0.0054,-5.505670589169564,-0.010127093505700846,-0.009531525491533622
0.0062,-0.0054,-5.500798583772489,-0.010503858896633304,-0.01071225896958445
0.0063,-0.0054,-5.4988413122405335,-0.010681602168962342,-0.01182336315269228
0.0064,-0.0054,-5.483477292467172,-0.010978922058286626,-0.013118259766761379
0.006499999999999999,-0.0054,-5.476062357681121,-0.011058734404873365,-0.014102435390454497
0.006600000000000001,-0.0054,-5.464243948956821,-0.011179092591737244,-0.015303800189201078
0.0067,-0.0054,-5.452040044524347,-0.011549867328898802,-0.016563383037581685
0.0068,-0.0054,-5.436867728182814,-0.01183512647739183,-0.017686386407314514
0.0069,-0.0054,-5.423584199981147,-0.01201586985999973,-0.01872148040296916
0.006999999999999999,-0.0054,-5.413400377775078,-0.01231773940475909,-0.020001787124570593
0.007100000000000001,-0.0054,-5.396107787020122,-0.012531666903670533,-0.021398916584703446
0.0072,-0.0054,-5.375525015518677,-0.012776104771839306,-0.022812343536504704
0.0073,-0.0054,-5.355552141184206,-0.013120007335307113,-0.023925330505689242
0.0074,-0.0054,-5.336643085456833,-0.013338721871401555,-0.025248429439028542
0.0075,-0.0054,-5.320002283974798,-0.013655474705172678,-0.026812062305929765
0.0076,-0.0054,-5.29725085412963,-0.014121422004813457,-0.028296573249774627
0.0077,-0.0054,-5.267852398204373,-0.014652063387701926,-0.029777604213593652
0.0078,-0.0054,-5.235762166394807,-0.01503027052938315,-0.03165473088219808
0.0079,-0.0054,-5.214376006593241,-0.015154816416381018,-0.03346162614455382
0.008,-0.0054,-5.192918033604195,-0.015803797619836624,-0.03504180794426708
0.0081,-0.0054,-5.1731588002120334,-0.016262279242555463,-0.03710068848382603
0.0082,-0.0054,-5.176567194845583,-0.016819826226680195,-0.039005949099156945
0.0083,-0.0054,-5.125624078446919,-0.01774460714476076,-0.04159894805302204
0.0084,-0.0054,-5.078657437994965,-0.017448492034515744,-0.04357935596015044
0.0085,-0.0054,-4.9870200829627995,-0.01815297895540966,-0.045966254295591355
0.0086,-0.0054,-4.997692564741598,-0.017706694283196812,-0.04736438104534842
0.0087,-0.0054,-4.977296550614931,-0.017933367680255104,-0.04940651661483659
0.0088,-0.0054,-4.885433580615335,-0.017592882775320513,-0.04995038541250028
0.0089,-0.0054,-4.83973884386664,-0.01697487800145214,-0.05055846247502275
0.009,-0.0054,-4.790986732105564,-0.015464081301328965,-0.0494084041273459
0.0091,-0.0054,-4.732384690982677,-0.014110695729016449,-0.04738326647941674
0.0092,-0.0054,-4.725092224196509,-0.012378045615642175,-0.04431903561284183
0.0093,-0.0054,-4.701932551708046,-0.01026955299103828,-0.03941981297736822
0.0094,-0.0054,-4.6861305366738195,-0.008006570163207657,-0.033768004260155284
0.0095,-0.0054,-4.675154364432102,-0.0059077822939290255,-0.02771549943859159
0.0096,-0.0054,-4.670429035324524,-0.003932112034964768,-0.020912739140368283
0.0097,-0.0054,-4.670437343914346,-0.0022648693897454673,-0.014122748523956508
0.0098,-0.0054,-4.672191150455834,-0.0010862546911013014,-0.008370997049217897
0.0099,-0.0054,-4.673530788962909,-0.00034694877067165163,-0.003586862880349391
0.01,-0.0054,-4.674419766647419,0.0,0.0
0.0,-0.0053,-4.5297661069894755,0.0,0.0
0.0001,-0.0053,-4.528762455119281,-2.005030452139085e-05,0.006908356895185428
0.0002,-0.0053,-4.529703452661565,-0.00010298443828143879,0.012531124320634197
0.0003,-0.0053,-4.529833307696815,-0.00022601791531229884,0.017291549188209493
0.0004,-0.0053,-4.532362489902583,-0.00044561829931341206,0.020652512113521766
0.0005,-0.0053,-4.536811178694786,-0.0007462380268152061,0.023697772542118002
0.0006,-0.0053,-4.542888539599031,-0.0011184612545187987,0.025908515726243753
0.0007,-0.0053,-4.552174618691751,-0.0015253254235612372,0.027949936883522854
0.0008,-0.0053,-4.562209745194485,-0.001969696500368609,0.02953126198632683
0.0009,-0.0053,-4.574253124672287,-0.0024279223376363155,0.031122814430477243
0.001,-0.0053,-4.5909993918432725,-0.002852192740306716,0.032342257345905005
0.0011,-0.0053,-4.608092528158965,-0.0033257398462491804,0.03356421125624366
0.0012,-0.0053,-4.627157009459426,-0.0037441446882462504,0.03450608974207311
0.0013000000000000002,-0.0053,-4.650788423520801,-0.004178638365582946,0.03517136261383761
0.0014,-0.0053,-4.674419173518075,-0.004525924045412771,0.035712402108870486
0.0015,-0.0053,-4.7028913842256035,-0.004872218731557728,0.036377520294868716
0.0016,-0.0053,-4.732492142563243,-0.005193489875841902,0.03656695409813575
0.0017,-0.0053,-4.76292845674985,-0.005551820219898056,0.03680257490404633
0.0018,-0.0053,-4.794840305334861,-0.005776436169154121,0.036597784798698775
0.0019,-0.0053,-4.828463672971195,-0.0059598989896375056,0.03640546449127929
0.002,-0.0053,-4.858432842022502,-0.006235307445755154,0.03606234073940499
0.0021,-0.0053,-4.892719928646608,-0.006421870644905305,0.03539858180324569
0.0022,-0.0053,-4.931003993114512,-0.0065563706428251045,0.034732972883680525
0.0023,-0.0053,-4.965347636604545,-0.006767577803235617,0.033820834451368534
0.0024,-0.0053,-4.997684301941871,-0.006813731385577635,0.03301588427171892
0.0025,-0.0053,-5.034873140693177,-0.0068898025485563345,0.03194990278390341
0.0026000000000000003,-0.0053,-5.068795052499655,-0.006956717388993054,0.031072014623607053
0.0027,-0.0053,-5.101862520388759,-0.00706059637338872,0.02968655698483036
0.0028,-0.0053,-5.133190552892827,-0.007123539752990144,0.02863242989515471
0.0029,-0.0053,-5.165233896728293,-0.007073012352079653,0.02723493202584329
0.003,-0.0053,-5.195396113737903,-0.007051425124930425,0.026224529568675367
0.0031,-0.0053,-5.2247404346790765,-0.007055663366208946,0.024781690627157793
0.0032,-0.0053,-5.250412478197564,-0.007136702370820589,0.023546415472272646
0.0033000000000000004,-0.0053,-5.277960042663944,-0.0071197165955443125,0.022238387069215722
0.0034,-0.0053,-5.303005791438204,-0.00713103452330139,0.02099279752006652
0.0034999999999999996,-0.0053,-5.328180563897639,-0.0070803357800190625,0.019731972858986292
0.0036,-0.0053,-5.349444302296549,-0.007112548834795085,0.01851095012137489
0.0037,-0.0053,-5.370558106379664,-0.007088958373522235,0.01732555393575577
0.0038,-0.0053,-5.392801282555905,-0.00712214725652454,0.015940155787177872
0.0039,-0.0053,-5.410685459042867,-0.0071346103916731995,0.014898136406104476
0.004,-0.0053,-5.426271993330386,-0.00709817394214333,0.013714571872863363
0.0041,-0.0053,-5.442571997026934,-0.007118239474206084,0.012458326156587691
0.0042,-0.0053,-5.459693030625538,-0.007153603756640941,0.011408609346736938
0.0043,-0.0053,-5.47598543810255,-0.007195530827289702,0.010235952211337261
0.0044,-0.0053,-5.486031258458002,-0.007134463870055394,0.00926462266618777
0.0045,-0.0053,-5.494572661625693,-0.007272104725321034,0.007882390552162997
0.0046,-0.0053,-5.50810119220561,-0.007263926264236279,0.006796841656516606
0.0047,-0.0053,-5.512026491124906,-0.00749266528829983,0.005717618052768526
0.0048,-0.0053,-5.518586049056588,-0.007485314304457437,0.004542549032802128
0.0049,-0.0053,-5.527962335176056,-0.007566657276955879,0.0035721264556118184
0.005,-0.0053,-5.531176186769923,-0.007641012324669561,0.0026367940392124653
0.0051,-0.0053,-5.533033694156693,-0.007541762037775575,0.0014911649881349392
0.005200000000000001,-0.0053,-5.53520100458309,-0.007714139474278664,0.00026116740053627583
0.0053,-0.0053,-5.542025426563047,-0.008125387870699139,-0.0007295454644240259
0.0054,-0.0053,-5.533835513951675,-0.007972252183285927,-0.001808062855310158
0.0055,-0.0053,-5.5340886843473935,-0.008307256541928454,-0.002895799342735688
0.0056,-0.0053,-5.538112418714377,-0.007845058720863262,-0.0039917416725014036
0.005700000000000001,-0.0053,-5.544164306474005,-0.008933203709617874,-0.005081924695553866
0.0058,-0.0053,-5.536486918428757,-0.008554932570564255,-0.006083733914758548
0.0059,-0.0053,-5.529152713529728,-0.008788103378572788,-0.007179985383298268
0.006,-0.0053,-5.528506399585618,-0.008921208776616302,-0.008264450929938997
0.0061,-0.0053,-5.521452692523018,-0.009370744237147227,-0.00937367679313909
0.0062,-0.0053,-5.513320997841897,-0.00907481813742053,-0.010414264169796367
0.0063,-0.0053,-5.502400174912822,-0.009620071966789477,-0.011777525239824175
0.0064,-0.0053,-5.497178269863019,-0.009715777168367662,-0.01295151268675395
0.006499999999999999,-0.0053,-5.491974214278539,-0.009721695665285218,-0.01388234326454105
0.006600000000000001,-0.0053,-5.482090079288464,-0.010144472869089306,-0.014914493492683834
0.0067,-0.0053,-5.470752433637936,-0.01046025909127561,-0.016194845344956448
0.0068,-0.0053,-5.455498650072505,-0.01066929758158165,-0.017383604106310083
0.0069,-0.0053,-5.440317787652777,-0.010853348819587716,-0.018421867480275488
0.006999999999999999,-0.0053,-5.426602378155169,-0.011078406360658377,-0.02005562275945662
0.007100000000000001,-0.0053,-5.411792310469439,-0.011326304971732211,-0.02100909315166606
0.0072,-0.0053,-5.394924091593823,-0.011681458752296316,-0.02239204758573569
0.0073,-0.0053,-5.372461038652071,-0.011878461585936181,-0.023821211268204523
0.0074,-0.0053,-5.351526067627005,-0.012253518358593927,-0.024910692888962534
0.0075,-0.0053,-5.330745580938837,-0.01258574917087762,-0.026315666984788995
0.0076,-0.0053,-5.311934652325509,-0.013059712179029346,-0.027812668114925505
0.0077,-0.0053,-5.289643773817976,-0.013323747224375921,-0.029247765013191696
0.0078,-0.0053,-5.262695377839051,-0.013602317444066918,-0.031148259544758264
0.0079,-0.0053,-5.23255246085309,-0.014150262209170537,-0.03307381423674386
0.008,-0.0053,-5.2177019740511765,-0.01464123899619601,-0.03464748943820373
0.0081,-0.0053,-5.1772141467238395,-0.015365685488407596,-0.03715713178610613
0.0082,-0.0053,-5.131025298102787,-0.015979086407661085,-0.039421263580587625
0.0083,-0.0053,-5.088451935383084,-0.016313152705027836,-0.041478602772070855
0.0084,-0.0053,-5.074067563127838,-0.016589338582680198,-0.04323380292545467
0.0085,-0.0053,-4.998124762832441,-0.016226202327985984,-0.04583165832051857
0.0086,-0.0053,-4.969929668168882,-0.017277343316294765,-0.04812101584375236
0.0087,-0.0053,-4.938323677353279,-0.017367787755288133,-0.04975804877312632
0.0088,-0.0053,-4.897231679129743,-0.017046608537265303,-0.050602571879474346
0.0089,-0.0053,-4.855471023954097,-0.016113839517342878,-0.05173461408941982
0.009,-0.0053,-4.791986369033663,-0.015416829769240248,-0.050899454866405416
0.0091,-0.0053,-4.8065043522344455,-0.013993466232570717,-0.04907992592159766
0.0092,-0.0053,-4.7472204684148895,-0.012326075898971629,-0.04620832323411344
0.0093,-0.0053,-4.722019489143294,-0.010456168174330606,-0.04167395402666067
0.0094,-0.0053,-4.705273125864483,-0.008224224975631609,-0.03614882708279193
0.0095,-0.0053,-4.692906700777068,-0.006083082133526655,-0.029569657548823954
0.0096,-0.0053,-4.687468414210113,-0.004016061219796223,-0.022736816472939736
0.0097,-0.0053,-4.685252135477016,-0.002361009063807529,-0.01554938096439702
0.0098,-0.0053,-4.687645450911256,-0.0011904006834809315,-0.009514949206806289
0.0099,-0.0053,-4.689946300808871,-0.00036271588854443334,-0.00401893781169368
0.01,-0.0053,-4.688763333574547,0.0,0.0
0.0,-0.005200000000000001,-4.540942898114398,0.0,0.0
0.0001,-0.005200000000000001,-4.541198653730407,1.0705673019625748e-05,0.006944534405155477
0.0002,-0.005200000000000001,-4.541149058157577,-0.00011144806722953685,0.012553832227044702
0.0003,-0.005200000000000001,-4.540957712521262,-0.00012322153132537507,0.017300337659362106
0.0004,-0.005200000000000001,-4.544323392438135,-0.0002671409470980457,0.02107451925535513
0.0005,-0.005200000000000001,-4.548548354698784,-0.0005182127495062385,0.02404740956392888
0.0006,-0.005200000000000001,-4.554816740142537,-0.0008146532042712884,0.02640831564884623
0.0007,-0.005200000000000001,-4.561995463529937,-0.0011720578365052858,0.02844093411037929
0.0008,-0.005200000000000001,-4.5730499329622205,-0.0015477362604763031,0.02995560407870336
0.0009,-0.005200000000000001,-4.585913433422889,-0.0019375389940413095,0.031617364225799804
0.001,-0.005200000000000001,-4.602939851692957,-0.0023691326517713326,0.0329607066328434
0.0011,-0.005200000000000001,-4.619073255063492,-0.002737287530942863,0.033855841681260206
0.0012,-0.005200000000000001,-4.6385951012190105,-0.0031065072776172258,0.03481058019453849
0.0013000000000000002,-0.005200000000000001,-4.661113295039138,-0.0034252857828976184,0.03548986035884033
0.0014,-0.005200000000000001,-4.687561330635829,-0.003797536863509239,0.036275543183509104
0.0015,-0.005200000000000001,-4.712681544830106,-0.004167512628931342,0.03653626680202586
0.0016,-0.005200000000000001,-4.744384961081972,-0.004350332726349634,0.03694619506331827
0.0017,-0.005200000000000001,-4.774509094507126,-0.004619268690869272,0.03692631873919259
0.0018,-0.005200000000000001,-4.804385982273191,-0.004866780423037983,0.03680704542968871
0.0019,-0.005200000000000001,-4.839780564854404,-0.005053187331689891,0.036587003935582
0.002,-0.005200000000000001,-4.876422401382532,-0.00530553869937804,0.03606835301891616
0.0021,-0.005200000000000001,-4.9061098274477395,-0.0055003835721930665,0.035638990470589285
0.0022,-0.005200000000000001,-4.937316877726276,-0.005466625177225093,0.03497003882322258
0.0023,-0.005200000000000001,-4.975569705419497,-0.005610232095333685,0.0340244863923112
0.0024,-0.005200000000000001,-5.010822505610051,-0.00575931020485831,0.03301882270758962
0.0025,-0.005200000000000001,-5.0458835178467325,-0.0057983007608750255,0.03216093918323105
0.0026000000000000003,-0.005200000000000001,-5.078724702445668,-0.005857169219769857,0.031098271709196258
0.0027,-0.005200000000000001,-5.111131403510238,-0.005891447620068655,0.029893636452135205
0.0028,-0.005200000000000001,-5.1475856331186,-0.005911318736195743,0.028737891379650063
0.0029,-0.005200000000000001,-5.175530251644058,-0.005948258591307253,0.02721998152946097
0.003,-0.005200000000000001,-5.20519545942454,-0.0059189005756142095,0.026154342333305602
0.0031,-0.005200000000000001,-5.234609522130065,-0.005928977139532952,0.024774253425415105
0.0032,-0.005200000000000001,-5.261750330256563,-0.005950822421739711,0.023575476851790914
0.0033000000000000004,-0.005200000000000001,-5.287915832116154,-0.006027277691273792,0.022315416729321892
0.0034,-0.005200000000000001,-5.314525257129256,-0.005950276778275627,0.02087027458395207
0.0034999999999999996,-0.005200000000000001,-5.33700160395139,-0.005876843219870022,0.01972269881826788
0.0036,-0.005200000000000001,-5.360090944716481,-0.005902860564279414,0.018559146691173506
0.0037,-0.005200000000000001,-5.3815381907775945,-0.00594071212090675,0.017225020763624144
0.0038,-0.005200000000000001,-5.399552667691331,-0.0059818063172129635,0.016084289777595264
0.0039,-0.005200000000000001,-5.417372907610366,-0.005914667327991584,0.014817358120665576
0.004,-0.005200000000000001,-5.437006544041873,-0.005913915722791358,0.013747449958767512
0.0041,-0.005200000000000001,-5.451179320073219,-0.005999559183927732,0.012479144996012352
0.0042,-0.005200000000000001,-5.465013073359859,-0.0059670575602069,0.011514609920879286
0.0043,-0.005200000000000001,-5.484236948715747,-0.005959151082320831,0.010343692389723722
0.0044,-0.005200000000000001,-5.49221510477817,-0.006049942004128448,0.009357849198900182
0.0045,-0.005200000000000001,-5.50015087161106,-0.006034734480349058,0.008223266393052955
0.0046,-0.005200000000000001,-5.5135667585731225,-0.006136421960183699,0.006736754984954233
0.0047,-0.005200000000000001,-5.516267881037998,-0.006209822822074025,0.005866330059774973
0.0048,-0.005200000000000001,-5.5257639023899765,-0.006286296413268661,0.004778285485042746
0.0049,-0.005200000000000001,-5.52959796002406,-0.006456234962782816,0.00358669447398624
0.005,-0.005200000000000001,-5.5372065897471705,-0.006553528110318505,0.0025134339194341996
0.0051,-0.005200000000000001,-5.538883678891749,-0.006558090222074465,0.001573989294597137
0.005200000000000001,-0.005200000000000001,-5.544018442618095,-0.00667831362835596,0.0005634228996013169
0.0053,-0.005200000000000001,-5.546157199712416,-0.0070007994145154994,-0.0005136375079336526
0.0054,-0.005200000000000001,-5.550967388551681,-0.006666205597693144,-0.0017449169021823065
0.0055,-0.005200000000000001,-5.548004056896058,-0.007166219810681614,-0.002718650011638899
0.0056,-0.005200000000000001,-5.550360282398375,-0.0070336271076823515,-0.0038318049530693
0.005700000000000001,-0.005200000000000001,-5.549932024452431,-0.00745824787974118,-0.004993586245425505
0.0058,-0.005200000000000001,-5.542185885328643,-0.007077758166553608,-0.005918544893660507
0.0059,-0.005200000000000001,-5.544156476106438,-0.0072548065942422205,-0.007024164393108806
0.006,-0.005200000000000001,-5.536227239651731,-0.007487113340260013,-0.008169909041018922
0.0061,-0.005200000000000001,-5.534786702146972,-0.0077555700398852295,-0.00921311284732044
0.0062,-0.005200000000000001,-5.53572419543582,-0.008621762189744378,-0.010279675081040607
0.0063,-0.005200000000000001,-5.516195318556942,-0.008304845527885187,-0.011376954850300686
0.0064,-0.005200000000000001,-5.516442625823894,-0.008711693776867228,-0.012507245431160042
0.006499999999999999,-0.005200000000000001,-5.507246701950446,-0.008983610526680478,-0.013634021975775616
0.006600000000000001,-0.005200000000000001,-5.48618196929947,-0.009169446668332543,-0.014897293504148777
0.0067,-0.005200000000000001,-5.487775654074515,-0.009163943639686494,-0.015948326605974127
0.0068,-0.005200000000000001,-5.4685239076685175,-0.009418411094963698,-0.017142009715435138
0.0069,-0.005200000000000001,-5.45369491451597,-0.009756732350004911,-0.018138325634997936
0.006999999999999999,-0.005200000000000001,-5.4421906080625435,-0.010083148965039113,-0.019547086024630518
0.007100000000000001,-0.005200000000000001,-5.423828498545614,-0.010301804253934059,-0.020790554962401647
0.0072,-0.005200000000000001,-5.40607813266265,-0.010560890499728082,-0.022194841627630617
0.0073,-0.005200000000000001,-5.39107498513062,-0.010782613091650356,-0.023372927840824828
0.0074,-0.005200000000000001,-5.367614267078692,-0.011098128721072527,-0.024878217428911956
0.0075,-0.005200000000000001,-5.34604815337711,-0.011478591005822845,-0.02592257029759633
0.0076,-0.005200000000000001,-5.324597760899653,-0.011854933047531803,-0.027493414713188516
0.0077,-0.005200000000000001,-5.305372240097074,-0.012191252685162664,-0.029176920610863268
0.0078,-0.005200000000000001,-5.28102934731879,-0.012674887195032764,-0.03028719877002635
0.0079,-0.005200000000000001,-5.248231232283338,-0.013061242406556288,-0.03221778523201618
0.008,-0.005200000000000001,-5.220471349247753,-0.01372212525802449,-0.03427281793729415
0.0081,-0.005200000000000001,-5.187792602343772,-0.01419035541469107,-0.03615993895502643
0.0082,-0.005200000000000001,-5.1360608096206395,-0.01477726890223983,-0.03833745898133995
0.0083,-0.005200000000000001,-5.121741596853626,-0.01525236540415172,-0.040598167287762395
0.0084,-0.005200000000000001,-5.089713309855006,-0.01582425443285131,-0.04291742984228533
0.0085,-0.005200000000000001,-5.09545135639316,-0.015910202811532218,-0.04500925868210048
0.0086,-0.005200000000000001,-4.997635644579592,-0.01626336789297228,-0.04798190218979443
0.0087,-0.005200000000000001,-4.9799985040932055,-0.01634150922566192,-0.04959005030895919
0.0088,-0.005200000000000001,-4.958045598169561,-0.01614101662397474,-0.05128334005329308
0.0089,-0.005200000000000001,-4.899703171657571,-0.015933144841999255,-0.05186066128959299
0.009,-0.005200000000000001,-4.80502747809665,-0.015335511084721976,-0.0512357331947658
0.0091,-0.005200000000000001,-4.773520577035938,-0.013865068404106779,-0.05107068044824459
0.0092,-0.005200000000000001,-4.771190306055732,-0.012331699769508687,-0.04806952825459267
0.0093,-0.005200000000000001,-4.74301773799417,-0.010380499557211056,-0.04394976703338143
0.0094,-0.005200000000000001,-4.7236869380419035,-0.008402320009061161,-0.03786538169547528
0.0095,-0.005200000000000001,-4.710057374656716,-0.006187656058971338,-0.03150832793925803
0.0096,-0.005200000000000001,-4.703933942567155,-0.004233639661826949,-0.024437075986514074
0.0097,-0.005200000000000001,-4.701200425590492,-0.00251117488992292,-0.017443571986025447
0.0098,-0.005200000000000001,-4.703385293909556,-0.0012388413682749362,-0.010598528918673232
0.0099,-0.005200000000000001,-4.703450320880944,-0.0003858987956729474,-0.0045789369888582674
0.01,-0.005200000000000001,-4.705256578229785,0.0,0.0
0.0,-0.0051,-4.552544518142944,0.0,0.0
0.0001,-0.0051,-4.552642652432106,9.545552112481035e-06,0.0068819330688623895
0.0002,-0.0051,-4.551559844290145,-4.7785716494876054e-05,0.012551179970003993
0.0003,-0.0051,-4.551342367163018,-1.2136224279480626e-05,0.01724173371281265
0.0004,-0.0051,-4.555907794665299,-9.558841716792873e-05,0.020952183081842907
0.0005,-0.0051,-4.558117286746101,-0.0002762651128787184,0.024149345669155498
0.0006,-0.0051,-4.563580983527839,-0.0005339580383842213,0.0268057642309283
0.0007,-0.0051,-4.572317678838714,-0.0008179821530983756,0.028749957697807572
0.0008,-0.0051,-4.583841061272845,-0.0011478565079472169,0.030280219105862063
0.0009,-0.0051,-4.596883629920515,-0.0014405559270332562,0.0318668068274517
0.001,-0.0051,-4.613806685248128,-0.0018175557581622485,0.03308325226386976
0.0011,-0.0051,-4.630572397021787,-0.0021414846029023486,0.0341819325198471
0.0012,-0.0051,-4.651376769283716,-0.0024628647869858627,0.03516223638108517
0.0013000000000000002,-0.0051,-4.673008357794161,-0.002766230066073301,0.03591195885978387
0.0014,-0.0051,-4.697701704068583,-0.0030514175856526243,0.03655048328857279
0.0015,-0.0051,-4.721524182013292,-0.0034032788805796314,0.03693228508304051
0.0016,-0.0051,-4.757432042338726,-0.0035105789755651945,0.03721127455210096
0.0017,-0.0051,-4.787400444515124,-0.0037668313530047556,0.037096196508890525
0.0018,-0.0051,-4.813878329524129,-0.0039252539948028435,0.03698695668369815
0.0019,-0.0051,-4.845085793233734,-0.004104949066517061,0.036705408298037805
0.002,-0.0051,-4.886632003744538,-0.004109702978220238,0.03620112799504208
0.0021,-0.0051,-4.920400622073119,-0.0044533489433477074,0.03572264643553733
0.0022,-0.0051,-4.95551868036654,-0.004576243606367573,0.03499571072457939
0.0023,-0.0051,-4.987397262415189,-0.0045585427097956585,0.03401606295771344
0.0024,-0.0051,-5.024095017307101,-0.004648572011147545,0.03312781441876465
0.0025,-0.0051,-5.056600293722553,-0.004649039072688524,0.03208076573263802
0.0026000000000000003,-0.0051,-5.091188090251585,-0.00472247501357715,0.03086109835982341
0.0027,-0.0051,-5.122645498561892,-0.004803497170627322,0.029751352190996585
0.0028,-0.0051,-5.152333956708075,-0.0047549475613803995,0.028543660800097116
0.0029,-0.0051,-5.1849250775607105,-0.004812739895716502,0.027491905503278742
0.003,-0.0051,-5.216723900108775,-0.004772840166993309,0.026121974002880622
0.0031,-0.0051,-5.243277046538183,-0.004764990971672067,0.024786859427552224
0.0032,-0.0051,-5.270969803820892,-0.004750776136893108,0.023587792282160527
0.0033000000000000004,-0.0051,-5.298171558444719,-0.0047260818785740235,0.022261080616599004
0.0034,-0.0051,-5.322258860458002,-0.004807950778958292,0.020857946414371557
0.0034999999999999996,-0.0051,-5.345144630683196,-0.004787877922033544,0.0197682297074657
0.0036,-0.0051,-5.367471512081658,-0.0047320826818851615,0.018475843633870948
0.0037,-0.0051,-5.388139755600746,-0.0047792553464923865,0.01725556217968682
0.0038,-0.0051,-5.40880945833171,-0.0047546780275225025,0.016120914491514676
0.0039,-0.0051,-5.426529674078903,-0.004819294048379574,0.014848053888506582
0.004,-0.0051,-5.4438084710628605,-0.00483069726750561,0.01373184837953993
0.0041,-0.0051,-5.460707807825315,-0.0047803719762532105,0.012682496829977536
0.0042,-0.0051,-5.4749872499956815,-0.004850955845366575,0.011395361892363154
0.0043,-0.0051,-5.483721253714546,-0.004882534415971929,0.010279216213479513
0.0044,-0.0051,-5.505303676372579,-0.0049451516629528,0.00921563340331343
0.0045,-0.0051,-5.513487952338357,-0.004876159452257151,0.008114945639899826
0.0046,-0.0051,-5.52214255187082,-0.004919161712102858,0.006988820724503632
0.0047,-0.0051,-5.53071177080305,-0.005183818463257018,0.005917084939916664
0.0048,-0.0051,-5.535223047792361,-0.005043366711536933,0.004835234270213883
0.0049,-0.0051,-5.544440411764514,-0.005004329504624994,0.00392837223852551
0.005,-0.0051,-5.547126096724194,-0.005038022199911826,0.002733869404077672
0.0051,-0.0051,-5.552236650726465,-0.005377622112112689,0.0015559775068467335
0.005200000000000001,-0.0051,-5.5554329589524,-0.005751575160222404,0.0005823182754977726
0.0053,-0.0051,-5.556744796420298,-0.005309216811338194,-0.00032966403379767806
0.0054,-0.0051,-5.561011670878634,-0.0057009680406865035,-0.001541194834940296
0.0055,-0.0051,-5.5640350045040154,-0.00592692196552481,-0.0026557584924552687
0.0056,-0.0051,-5.56338488632261,-0.006034948160041855,-0.0036839205043847933
0.005700000000000001,-0.0051,-5.563129975464911,-0.0060645996624898325,-0.004823069244097606
0.0058,-0.0051,-5.556756524664479,-0.005933835849107067,-0.00580040198989579
0.0059,-0.0051,-5.551720306180446,-0.006475671469182713,-0.006821490960650878
0.006,-0.0051,-5.54722613789238,-0.006765437356967401,-0.007957775098603194
0.0061,-0.0051,-5.5420938638829265,-0.006360969860964242,-0.008915528006063506
0.0062,-0.0051,-5.543243319653869,-0.007050215228652607,-0.010003261745605299
0.0063,-0.0051,-5.533970483613655,-0.007493829746842837,-0.01113982519036466
0.0064,-0.0051,-5.530370790463452,-0.007356442709126005,-0.01222680034986835
0.006499999999999999,-0.0051,-5.513886464616185,-0.007370774566109979,-0.013335782190733335
0.006600000000000001,-0.0051,-5.507575514576602,-0.00794375743509347,-0.01457240270239445
0.0067,-0.0051,-5.492269896880087,-0.007963161335248376,-0.015706924312867226
0.0068,-0.0051,-5.479951189943213,-0.008570231295140616,-0.01690117669526073
0.0069,-0.0051,-5.466585841995549,-0.008609109687762682,-0.018219155162659352
0.006999999999999999,-0.0051,-5.456160892384999,-0.008890224315211477,-0.01935626641606948
0.007100000000000001,-0.0051,-5.4404123968446845,-0.009060543147932035,-0.020562156549591204
0.0072,-0.0051,-5.417461672819681,-0.009428857612014114,-0.021773652517779962
0.0073,-0.0051,-5.403623441384943,-0.009729173760468926,-0.023023131849534216
0.0074,-0.0051,-5.3821555275882735,-0.010048495149628044,-0.02446699290644948
0.0075,-0.0051,-5.3621754643581365,-0.01037548881402211,-0.02572189381705063
0.0076,-0.0051,-5.338515574785079,-0.01072268344704882,-0.02700303152382809
0.0077,-0.0051,-5.314790847708666,-0.011065636494783605,-0.028622677760176442
0.0078,-0.0051,-5.295426312188483,-0.011551209853314046,-0.030232704902838414
0.0079,-0.0051,-5.27398061189596,-0.011806421575412866,-0.03197194928656332
0.008,-0.0051,-5.2332235898851325,-0.01244403481643891,-0.03364468152854385
0.0081,-0.0051,-5.211744370023506,-0.012859967968653768,-0.03556486547145283
0.0082,-0.0051,-5.203899480337939,-0.013355065331768029,-0.03764633136791393
0.0083,-0.0051,-5.162567788120163,-0.014186699818512213,-0.03997227630205133
0.0084,-0.0051,-5.090196042491707,-0.014831696076879414,-0.04315463819928925
0.0085,-0.0051,-5.059283411570814,-0.013947701294597912,-0.04545046702653454
0.0086,-0.0051,-5.0492469361237555,-0.014663467436357167,-0.04672626250588247
0.0087,-0.0051,-4.972953282559449,-0.015031673152730119,-0.04904693406698255
0.0088,-0.0051,-4.908835197226105,-0.0155004055155764,-0.051141011960336394
0.0089,-0.0051,-4.876261040044486,-0.015809196433435434,-0.05275639388346748
0.009,-0.0051,-4.859564595927299,-0.014890470773787379,-0.05234981390881391
0.0091,-0.0051,-4.803948985314306,-0.013514966322198224,-0.052387435519467965
0.0092,-0.0051,-4.7950378019664095,-0.012033295282832358,-0.04953118351058003
0.0093,-0.0051,-4.765749376639795,-0.010408434764226406,-0.04580411488177647
0.0094,-0.0051,-4.743253805813067,-0.008373359359810274,-0.04033811268789649
0.0095,-0.0051,-4.727861075875881,-0.006366561097249321,-0.03407597560194267
0.0096,-0.0051,-4.71984520046226,-0.004392988921869671,-0.02616013446991774
0.0097,-0.0051,-4.717547858257893,-0.0025626914600890057,-0.01888760087498513
0.0098,-0.0051,-4.718534683482155,-0.0012188551052896776,-0.011486818195346363
0.0099,-0.0051,-4.72013971307386,-0.0004048698025202527,-0.005088906982157596
0.01,-0.0051,-4.720187871727131,0.0,0.0
0.0,-0.005,-4.561778465221977,0.0,0.0
0.0001,-0.005,-4.5625895002847265,1.025045014630317e-05,0.006884200639104038
0.0002,-0.005,-4.560871724015995,-6.849630932645088e-05,0.012776975733370988
0.0003,-0.005,-4.561705623535845,9.383769161093393e-05,0.017464014995800685
0.0004,-0.005,-4.564551752006118,5.452701121262606e-05,0.0211400920964405
0.0005,-0.005,-4.568521181,-2.6604703440784024e-05,0.024244819550687025
0.0006,-0.005,-4.575116820682859,-0.0002281749491876738,0.026955391412179036
0.0007,-0.005,-4.583211104212747,-0.00046198740772252216,0.028940340615277584
0.0008,-0.005,-4.593427309307212,-0.0007198787069517599,0.030617869968437524
0.0009,-0.005,-4.606612500657661,-0.0009751343690595143,0.03218824311813632
0.001,-0.005,-4.621563744498918,-0.001289678921614837,0.03335426979761192
0.0011,-0.005,-4.642266292560425,-0.001546145425091027,0.034590806532344774
0.0012,-0.005,-4.661335603000639,-0.0018035757733795375,0.03542188452824725
0.0013000000000000002,-0.005,-4.682885710546938,-0.002070599287379808,0.03616748325691185
0.0014,-0.005,-4.710952258981354,-0.002233648632477562,0.03649260139792209
0.0015,-0.005,-4.734420814320432,-0.002557255833040611,0.03695315424205647
0.0016,-0.005,-4.761414379831314,-0.0026868456874289803,0.03703517818197951
0.0017,-0.005,-4.792367450485264,-0.0028596367212337967,0.037050142799276035
0.0018,-0.005,-4.827107528605935,-0.0031019251450503894,0.03734494008234689
0.0019,-0.005,-4.853303835368426,-0.0032295631611192286,0.03682322320467699
0.002,-0.005,-4.882233698783126,-0.0031071302829171043,0.036204069247595984
0.0021,-0.005,-4.923911658174546,-0.0034334589578409232,0.03573651393223433
0.0022,-0.005,-4.9646835916079874,-0.0034872005351096,0.03483098684326735
0.0023,-0.005,-4.996842147712582,-0.003507111551583929,0.03418515516200813
0.0024,-0.005,-5.031033593136103,-0.0035894478209653694,0.03320181472541799
0.0025,-0.005,-5.061785891311787,-0.003655329754774655,0.03213613835913725
0.0026000000000000003,-0.005,-5.096679240302516,-0.0035927786490902586,0.03113503427416589
0.0027,-0.005,-5.133694070409472,-0.0036769777037059187,0.029760600367412127
0.0028,-0.005,-5.16255609991779,-0.003616540483894747,0.02851250159595281
0.0029,-0.005,-5.192675712029703,-0.003695298999292996,0.02738038297831368
0.003,-0.005,-5.223553132481369,-0.003674950228642641,0.026059820558062215
0.0031,-0.005,-5.249603578790397,-0.0036124174529977324,0.024857242456172653
0.0032,-0.005,-5.278533247369488,-0.003655348787245709,0.023577766341167275
0.0033000000000000004,-0.005,-5.305077615137881,-0.0036291509747440756,0.022239563379305702
0.0034,-0.005,-5.328558815911458,-0.0036197223377563803,0.020894196113273186
0.0034999999999999996,-0.005,-5.352483281611961,-0.0036408477868898437,0.019679564467539618
0.0036,-0.005,-5.373952654098403,-0.00360289748610229,0.01842673715390895
0.0037,-0.005,-5.395356322894973,-0.0036164068146482355,0.01724828376966976
0.0038,-0.005,-5.415086387005791,-0.0035925432063179234,0.016038124918384394
0.0039,-0.005,-5.43355289417601,-0.0035912653008679223,0.01485214232623145
0.004,-0.005,-5.449336786478531,-0.0036483897043586054,0.01385605104704278
0.0041,-0.005,-5.465714609206231,-0.003610403467152171,0.012655600724234412
0.0042,-0.005,-5.481833313483433,-0.003665975284229345,0.01157993031745925
0.0043,-0.005,-5.494436336150999,-0.003704962708152835,0.010206214326907083
0.0044,-0.005,-5.501972911377878,-0.003690787907543423,0.009199252868865988
0.0045,-0.005,-5.517175511533539,-0.003645788735912706,0.008017085185943377
0.0046,-0.005,-5.527303624012382,-0.003729755136512574,0.007020256929474421
0.0047,-0.005,-5.530470938301779,-0.0038450555953217867,0.006015029438827084
0.0048,-0.005,-5.5395595683145995,-0.004033091902075312,0.004939993556250759
0.0049,-0.005,-5.550008923047952,-0.0037371391250879144,0.003948522977001148
0.005,-0.005,-5.55167565278349,-0.003956964990833744,0.0028601908724882608
0.0051,-0.005,-5.560320049525171,-0.0040798537913383556,0.0016451748926575957
0.005200000000000001,-0.005,-5.563261789118025,-0.004164248261102685,0.0005662858329481622
0.0053,-0.005,-5.56740839776005,-0.004698505256282681,-0.0003886697371460423
0.0054,-0.005,-5.567503078374277,-0.004700385274347822,-0.0013066687329126858
0.0055,-0.005,-5.56623585171458,-0.00471983561629298,-0.002300340985814833
0.0056,-0.005,-5.568017129335191,-0.004924441298186662,-0.0035149615781041375
0.005700000000000001,-0.005,-5.576089320991278,-0.005443607007959781,-0.0045076013897251
0.0058,-0.005,-5.567117420331099,-0.005296074722516495,-0.005655352826662294
0.0059,-0.005,-5.567546059503842,-0.005096115602345299,-0.0066257843405193835
0.006,-0.005,-5.562289373896042,-0.005854096165097234,-0.007768335711636574
0.0061,-0.005,-5.555563274095338,-0.005355291198941458,-0.008844377284321669
0.0062,-0.005,-5.557211536893423,-0.006328119524712031,-0.009947360751909962
0.0063,-0.005,-5.550578049676245,-0.00611428065493664,-0.011050935832718413
0.0064,-0.005,-5.541950565744475,-0.006278556115370187,-0.012127505432020798
0.006499999999999999,-0.005,-5.531139723839246,-0.006181210300123138,-0.013285093697477452
0.006600000000000001,-0.005,-5.512528790524382,-0.00659433802586775,-0.014315514409255131
0.0067,-0.005,-5.509946972238328,-0.006708126689606384,-0.015509401603700618
0.0068,-0.005,-5.491811082974213,-0.007233878479858513,-0.01671194545122628
0.0069,-0.005,-5.482945481517368,-0.007527860852648501,-0.01785770728195779
0.006999999999999999,-0.005,-5.4653513538588605,-0.00791368755253116,-0.01903059886831193
0.007100000000000001,-0.005,-5.453933081696991,-0.00795422819337039,-0.02023897378518264
0.0072,-0.005,-5.431488307295156,-0.008308671923212654,-0.021464184399690767
0.0073,-0.005,-5.414325121836278,-0.008516434105721263,-0.022733661575495175
0.0074,-0.005,-5.393701397423439,-0.008873555021528909,-0.024056603137025463
0.0075,-0.005,-5.377352511300969,-0.009243649370703357,-0.025407151006735285
0.0076,-0.005,-5.354548557244778,-0.009563926249615926,-0.026810572750829653
0.0077,-0.005,-5.330206443039399,-0.00997772432379466,-0.028219929916796966
0.0078,-0.005,-5.302575169543052,-0.01034728195694131,-0.029715190963191442
0.0079,-0.005,-5.282872895539176,-0.010727207476301582,-0.031545840121039885
0.008,-0.005,-5.26503370026366,-0.01124467143727202,-0.033205792518763565
0.0081,-0.005,-5.221732414663781,-0.012041323820409105,-0.03501268119114812
0.0082,-0.005,-5.185463013672791,-0.012475920018978993,-0.0374706351900429
0.0083,-0.005,-5.143272487098224,-0.013082402395683958,-0.03941505623127361
0.0084,-0.005,-5.062543758754253,-0.013659561415297922,-0.04186448706930462
0.0085,-0.005,-5.0717482231934765,-0.013607607450094181,-0.045386431870971404
0.0086,-0.005,-5.111624547786581,-0.014651613401411424,-0.04731504069026813
0.0087,-0.005,-5.063526963376376,-0.014819631494686271,-0.049117694485273374
0.0088,-0.005,-4.93522234911835,-0.014896197486010149,-0.05091080114872342
0.0089,-0.005,-4.83577383677606,-0.01438824535569599,-0.05434376213904192
0.009,-0.005,-4.891586986531085,-0.013958556249190443,-0.05393515451598953
0.0091,-0.005,-4.834045989472294,-0.01330691587988864,-0.053113867885833846
0.0092,-0.005,-4.7990129871836205,-0.01180115505249014,-0.05097277239632805
0.0093,-0.005,-4.781745271357883,-0.010296627685642677,-0.047241027114070556
0.0094,-0.005,-4.7626157245126475,-0.008399476030667914,-0.04228800554917211
0.0095,-0.005,-4.746460741234477,-0.006362035451108055,-0.035812826592077886
0.0096,-0.005,-4.737226271855999,-0.004429278746065729,-0.02854606068986564
0.0097,-0.005,-4.7345017865904735,-0.002663224161043689,-0.02016375007898898
0.0098,-0.005,-4.734058497073275,-0.0012825690036506758,-0.012320270834110159
0.0099,-0.005,-4.736195739264134,-0.0004202376390831495,-0.005736038152598844
0.01,-0.005,-4.736884491432378,0.0,0.0
0.0,-0.0049,-4.570805298464979,0.0,0.0
0.0001,-0.0049,-4.571969638806718,6.326174709663699e-05,0.006742549118053837
0.0002,-0.0049,-4.571445596270181,5.963765128915882e-05,0.012557887502694416
0.0003,-0.0049,-4.570478738021495,0.00015694819768881878,0.017431606176835045
0.0004,-0.0049,-4.5727147413749485,0.00021016155627786348,0.02143778815664714
0.0005,-0.0049,-4.577209223063925,0.00019374638250707973,0.024705877180487508
0.0006,-0.0049,-4.583812931385353,8.208410203214613e-05,0.027154753552515423
0.0007,-0.0049,-4.591810880907342,-0.00010217687168588107,0.02934670263777292
0.0008,-0.0049,-4.601095483378033,-0.00030304659679531495,0.030863632620609815
0.0009,-0.0049,-4.615903082751347,-0.0005006537713809449,0.03228314782415446
0.001,-0.0049,-4.630088361363967,-0.0007503514304251753,0.033829846644805685
0.0011,-0.0049,-4.648554232775329,-0.0009106365797833211,0.03473001817430895
0.0012,-0.0049,-4.67002124125114,-0.0011033037885184993,0.03570505867751022
0.0013000000000000002,-0.0049,-4.691954351774133,-0.0013750379308715055,0.03648654197396988
0.0014,-0.0049,-4.716752734806836,-0.0015867286848582276,0.03686023282384114
0.0015,-0.0049,-4.743805715993432,-0.0017837237617636067,0.03743862131747765
0.0016,-0.0049,-4.769313761350438,-0.0018948476728686226,0.037532554350969353
0.0017,-0.0049,-4.802865187499715,-0.001907926383039607,0.037283921391452556
0.0018,-0.0049,-4.8395206857081,-0.0020480107294895203,0.03735838815880455
0.0019,-0.0049,-4.87753010818282,-0.0023213556376941225,0.03687381563821265
0.002,-0.0049,-4.895292227693172,-0.002349611148304618,0.03682781401262601
0.0021,-0.0049,-4.928248081061414,-0.002324467890494296,0.035866526217345374
0.0022,-0.0049,-4.965041523214421,-0.002427706139342088,0.035174100652872284
0.0023,-0.0049,-5.006717570205992,-0.002524477246362047,0.03426852006217891
0.0024,-0.0049,-5.040931319994098,-0.002476471343883062,0.03316315994187959
0.0025,-0.0049,-5.076501819523064,-0.0025048904387503924,0.03208977944031779
0.0026000000000000003,-0.0049,-5.105024056027682,-0.002598420201970611,0.031102036364335357
0.0027,-0.0049,-5.135422505973266,-0.0025120438460796875,0.02983936582410567
0.0028,-0.0049,-5.168900727667207,-0.0025340532829127953,0.02860197447426312
0.0029,-0.0049,-5.200778447919128,-0.0025548416107496873,0.0273946363175344
0.003,-0.0049,-5.227319466246432,-0.002466750425310894,0.02598595139730253
0.0031,-0.0049,-5.257023343880275,-0.0025300869615881632,0.024726477485015858
0.0032,-0.0049,-5.283898088777376,-0.002495183662762146,0.023455876145451717
0.0033000000000000004,-0.0049,-5.309408802679039,-0.0025100298730050784,0.022145953503700348
0.0034,-0.0049,-5.333866920014868,-0.0024720267028383886,0.02099758652837115
0.0034999999999999996,-0.0049,-5.357082954469328,-0.0024129877472992725,0.01970654266236771
0.0036,-0.0049,-5.380008263562535,-0.0024497741095367773,0.01840448965134272
0.0037,-0.0049,-5.400596614467786,-0.00246755897854726,0.017267883411860387
0.0038,-0.0049,-5.418342878658152,-0.002448593087118546,0.016029116564233475
0.0039,-0.0049,-5.436985382879697,-0.0024543665808307406,0.014847307416053957
0.004,-0.0049,-5.453507947509322,-0.0024789174221504203,0.013803131158916732
0.0041,-0.0049,-5.470981561117929,-0.002522766419860177,0.012560880622645638
0.0042,-0.0049,-5.485994299603788,-0.002633283910835317,0.011387639420691447
0.0043,-0.0049,-5.4973218167285305,-0.0025148925074645516,0.010469457512934835
0.0044,-0.0049,-5.508157315780215,-0.0024242761393050848,0.009161917444702376
0.0045,-0.0049,-5.521061497652183,-0.0026101232205350366,0.008234813004582436
0.0046,-0.0049,-5.526577524541846,-0.0024279916519881818,0.007104473735142173
0.0047,-0.0049,-5.5394547455152985,-0.002810630307822911,0.006069286137463181
0.0048,-0.0049,-5.545804404844028,-0.002848710324342467,0.004977224049548628
0.0049,-0.0049,-5.553474863294242,-0.002922833165396218,0.003989814243934529
0.005,-0.0049,-5.560833961272641,-0.0030128374707047503,0.0027853984470358794
0.0051,-0.0049,-5.561005883526603,-0.0030734976900042704,0.0017914834699230239
0.005200000000000001,-0.0049,-5.570853888231334,-0.00318584627482354,0.0008022273290651583
0.0053,-0.0049,-5.573695605406229,-0.0033576090352648693,-0.00027709651791894103
0.0054,-0.0049,-5.569830370942062,-0.0035365647069234654,-0.0014646824561060316
0.0055,-0.0049,-5.5779793684998795,-0.0037558110058530923,-0.0023236456609693527
0.0056,-0.0049,-5.5792994684062425,-0.0036620972586407403,-0.0033142896382620498
0.005700000000000001,-0.0049,-5.580584802268677,-0.003772921603785594,-0.004376140989348472
0.0058,-0.0049,-5.57846664938424,-0.004084597371257829,-0.005476268470278273
0.0059,-0.0049,-5.58230246441051,-0.0040068425865737575,-0.00644588191042344
0.006,-0.0049,-5.56785553423446,-0.004500544648441026,-0.007494668608023881
0.0061,-0.0049,-5.570597395010449,-0.004298350103795494,-0.008648872019298866
0.0062,-0.0049,-5.562183674686195,-0.0046955658202654516,-0.009677339056482699
0.0063,-0.0049,-5.5566092110675935,-0.004526756553211695,-0.010844719698283982
0.0064,-0.0049,-5.5503189142645475,-0.005079841210572045,-0.011869646311759966
0.006499999999999999,-0.0049,-5.534596852443193,-0.005413763774201389,-0.013053999528582674
0.006600000000000001,-0.0049,-5.53033520146558,-0.005368311003630065,-0.01403081100830493
0.0067,-0.0049,-5.519696281805194,-0.0056649020893670835,-0.01535101895291714
0.0068,-0.0049,-5.502843567503736,-0.005903245613381243,-0.01650934117648194
0.0069,-0.0049,-5.492855466413916,-0.006268408199594748,-0.017673173564737632
0.006999999999999999,-0.0049,-5.4789626502742586,-0.0065733798597561845,-0.018756155765243563
0.007100000000000001,-0.0049,-5.458234884896161,-0.006880632685501301,-0.01990728545153489
0.0072,-0.0049,-5.443376680691675,-0.0071386280824104744,-0.021218166499822166
0.0073,-0.0049,-5.426438870921933,-0.007430488615640116,-0.022415126312986533
0.0074,-0.0049,-5.409027994379618,-0.007742171604258673,-0.02369775180047047
0.0075,-0.0049,-5.3885666283009295,-0.008092946017525708,-0.025018155864521743
0.0076,-0.0049,-5.369327740708328,-0.008433071736249223,-0.02641607864710015
0.0077,-0.0049,-5.344919764038578,-0.008808164633832672,-0.027779367248761722
0.0078,-0.0049,-5.318937011101273,-0.009272116036685164,-0.029190599036197418
0.0079,-0.0049,-5.290481056739568,-0.00976918721838323,-0.030943094135695716
0.008,-0.0049,-5.274563630055618,-0.010097305643177984,-0.03277814671503807
0.0081,-0.0049,-5.2452116356735,-0.010700327534908237,-0.03449478111872375
0.0082,-0.0049,-5.209892098683442,-0.011312166918212635,-0.03666851753526253
0.0083,-0.0049,-5.195095224728956,-0.01190599532305417,-0.038997801643126856
0.0084,-0.0049,-5.186552198610342,-0.012727754606028499,-0.04178044166368083
0.0085,-0.0049,-5.1281523840482635,-0.01323809670667895,-0.044660495767762154
0.0086,-0.0049,-5.08665449562373,-0.013045232452189396,-0.04720724410015806
0.0087,-0.0049,-5.117163205800835,-0.013632377487218086,-0.047337425599086325
0.0088,-0.0049,-5.074410358678369,-0.013337920977284971,-0.04968973002690558
0.0089,-0.0049,-4.920045185006776,-0.014555669486356254,-0.05287940465797358
0.009,-0.0049,-4.937947972706928,-0.013988944297299456,-0.0534423651435345
0.0091,-0.0049,-4.862816159303074,-0.012818576196909903,-0.05371477823933323
0.0092,-0.0049,-4.916212930606324,-0.011584088724440333,-0.05285973833908664
0.0093,-0.0049,-4.803782754097173,-0.010186734840380067,-0.04902471673392425
0.0094,-0.0049,-4.783501521350373,-0.008450906523274475,-0.044714970503644626
0.0095,-0.0049,-4.765762413346586,-0.006485253976062994,-0.037767329828491986
0.0096,-0.0049,-4.754485285546327,-0.0045667862157006195,-0.03025560226688136
0.0097,-0.0049,-4.750080584318998,-0.0027458483698986403,-0.021861250167375473
0.0098,-0.0049,-4.750000453132699,-0.0013461440421103804,-0.013861564855613923
0.0099,-0.0049,-4.751111730837559,-0.000443661460471087,-0.0062433769218946614
0.01,-0.0049,-4.752265488576922,0.0,0.0
0.0,-0.0048,-4.579881754880187,0.0,0.0
0.0001,-0.0048,-4.583771442491383,8.776980235392681e-05,0.006774139020628085
0.0002,-0.0048,-4.578224885278789,9.681184046337415e-05,0.012473178833552334
0.0003,-0.0048,-4.5763242316423085,0.0002717351768120766,0.017221144090427312
0.0004,-0.0048,-4.581280875963766,0.0004287119570987259,0.02145993692244064
0.0005,-0.0048,-4.5857781199294765,0.0004160775315207061,0.024414909443715414
0.0006,-0.0048,-4.59179508023352,0.0003519474571541893,0.02726910677829532
0.0007,-0.0048,-4.5984658430863075,0.00027005002213292974,0.02952017403032477
0.0008,-0.0048,-4.609801107364866,0.00013150663707771457,0.031033219117361552
0.0009,-0.0048,-4.623373138982725,-1.640613279169168e-05,0.032586698371957615
0.001,-0.0048,-4.6403911256657615,-0.00018073896607661,0.033925559720402704
0.0011,-0.0048,-4.6557194078169015,-0.0003342331771469202,0.034982035351594866
0.0012,-0.0048,-4.677114246673119,-0.0004705996914373809,0.0357208190806418
0.0013000000000000002,-0.0048,-4.7020709574359385,-0.0005741492487415731,0.03658876717602185
0.0014,-0.0048,-4.725326855694078,-0.0007689943783359658,0.03705740482335838
0.0015,-0.0048,-4.752741501988996,-0.0009008772259692235,0.03741533676559344
0.0016,-0.0048,-4.781978583033453,-0.000977381275843955,0.037935813052130396
0.0017,-0.0048,-4.811379899532176,-0.00108667056145347,0.03753803096402541
0.0018,-0.0048,-4.842225939222778,-0.0010560983487755194,0.037351748279419304
0.0019,-0.0048,-4.876104120051385,-0.0011825229617117212,0.037020955166299
0.002,-0.0048,-4.926176538478549,-0.001370693655122705,0.0365102877182232
0.0021,-0.0048,-4.947058342426395,-0.001378001955497998,0.03611827972868968
0.0022,-0.0048,-4.976857457034105,-0.001371441795848354,0.035025721175264216
0.0023,-0.0048,-5.013049723390234,-0.0014270176625692918,0.034367725764012036
0.0024,-0.0048,-5.040699214453946,-0.0015019210189389288,0.03336789355273085
0.0025,-0.0048,-5.074505686488287,-0.0013897802818015192,0.03201928007925186
0.0026000000000000003,-0.0048,-5.11458131821134,-0.0013992653580034169,0.031150897805670083
0.0027,-0.0048,-5.143038909308178,-0.0013989992466109478,0.029685580576328363
0.0028,-0.0048,-5.173253745994964,-0.0014379706427543673,0.028557954390287132
0.0029,-0.0048,-5.203272739193963,-0.0013940034277396007,0.02733390020986376
0.003,-0.0048,-5.231739611559282,-0.0014088381641863363,0.02600407710009274
0.0031,-0.0048,-5.2618488733840225,-0.0013218485386965531,0.02481889860871508
0.0032,-0.0048,-5.289126007441976,-0.0013262967931841473,0.023425046095343495
0.0033000000000000004,-0.0048,-5.314386712695126,-0.0013575169141640476,0.022214214739652984
0.0034,-0.0048,-5.337783700487051,-0.001376005728081628,0.02089642918703709
0.0034999999999999996,-0.0048,-5.36122577194097,-0.0013448334513031436,0.019829869637480686
0.0036,-0.0048,-5.38380463479463,-0.001301876899555564,0.01852928713034514
0.0037,-0.0048,-5.403849485390171,-0.0013038038563779348,0.017230910934943368
0.0038,-0.0048,-5.422476262615068,-0.0013200698645864785,0.016012595658486034
0.0039,-0.0048,-5.442416327987647,-0.0013046948757813289,0.014944246484625702
0.004,-0.0048,-5.459109264156625,-0.0012731618758592175,0.013696277149406197
0.0041,-0.0048,-5.473419566837355,-0.0012903543596290503,0.01268751229690909
0.0042,-0.0048,-5.48875262949034,-0.0013052108054938504,0.011462143911199934
0.0043,-0.0048,-5.4998328456371945,-0.001289118719892567,0.010491664974067089
0.0044,-0.0048,-5.512633089970041,-0.0013518623075888722,0.009290991870539477
0.0045,-0.0048,-5.5243533631492925,-0.0014615046079710088,0.008207771280416727
0.0046,-0.0048,-5.532782873141558,-0.0014885219968521345,0.0071466742030967065
0.0047,-0.0048,-5.542544762864372,-0.0015959630019633465,0.006130531487380822
0.0048,-0.0048,-5.5472167095485965,-0.0015481599611087632,0.00501220783101085
0.0049,-0.0048,-5.558598169326701,-0.0017841275279690345,0.003967492420644149
0.005,-0.0048,-5.56542836792938,-0.001594067845554395,0.002877981630820389
0.0051,-0.0048,-5.574782540638449,-0.0016292326702725046,0.0019091722050955794
0.005200000000000001,-0.0048,-5.571295654656743,-0.0019405070049545406,0.0009056617099529846
0.0053,-0.0048,-5.583442295178555,-0.0021995799661140908,-0.00018180938047171783
0.0054,-0.0048,-5.58585934237367,-0.002265632880652821,-0.0012978574900780774
0.0055,-0.0048,-5.581124391850605,-0.0022993184596526287,-0.002240121476133316
0.0056,-0.0048,-5.588735054118548,-0.0023227344361274895,-0.003300409507679704
0.005700000000000001,-0.0048,-5.590192212334774,-0.002985483163756358,-0.004242143632231973
0.0058,-0.0048,-5.592745556166645,-0.003036240791415034,-0.00518428066543518
0.0059,-0.0048,-5.587547968550574,-0.002921445455126624,-0.006386955469409858
0.006,-0.0048,-5.585837967362881,-0.003198366059959228,-0.0073871479214410425
0.0061,-0.0048,-5.577763592153552,-0.0037280208688760643,-0.008492626617042944
0.0062,-0.0048,-5.57335736423922,-0.0029827008002381848,-0.009453303992247237
0.0063,-0.0048,-5.566323873077236,-0.0035862462487647063,-0.010516039144686996
0.0064,-0.0048,-5.5590707706546665,-0.003672936026970851,-0.011654557879916254
0.006499999999999999,-0.0048,-5.5487460768603025,-0.004433298760646915,-0.01278625307811232
0.006600000000000001,-0.0048,-5.545843444374909,-0.004577165717238901,-0.01387285444266264
0.0067,-0.0048,-5.531082890045712,-0.004597354073948733,-0.015027857531919828
0.0068,-0.0048,-5.51581735018579,-0.004802449544118222,-0.016190641113023718
0.0069,-0.0048,-5.504460807682594,-0.005051815808180525,-0.017312628309571
0.006999999999999999,-0.0048,-5.488463098727887,-0.0054185480344964825,-0.018500653104933817
0.007100000000000001,-0.0048,-5.47201814634203,-0.005590593577627973,-0.01973784459126707
0.0072,-0.0048,-5.459254583798621,-0.0060241186516417095,-0.020824514006209324
0.0073,-0.0048,-5.4371247336128254,-0.006290006936939369,-0.022161004076061454
0.0074,-0.0048,-5.421820739819507,-0.0066248715933784315,-0.023305892545120343
0.0075,-0.0048,-5.398395087918326,-0.007011450366002279,-0.024711438306516287
0.0076,-0.0048,-5.377518599976171,-0.007333462859972348,-0.0260647749392995
0.0077,-0.0048,-5.356515284038238,-0.007713440915349356,-0.027541151327247416
0.0078,-0.0048,-5.332719558445929,-0.008131990952340254,-0.028948962099967113
0.0079,-0.0048,-5.306150824221437,-0.008526757361552692,-0.030627768794294432
0.008,-0.0048,-5.278393850735462,-0.00911402760396138,-0.03222560092177148
0.0081,-0.0048,-5.264248911887341,-0.009512859239904135,-0.0340012732913853
0.0082,-0.0048,-5.227375673650928,-0.010230628318254276,-0.03620857482590098
0.0083,-0.0048,-5.191651248093264,-0.010809907466125925,-0.0385236698581235
0.0084,-0.0048,-5.160359493545253,-0.01150684353563972,-0.04125141168127815
0.0085,-0.0048,-5.084168862035791,-0.012400681079721629,-0.043735663221142154
0.0086,-0.0048,-5.034592648978158,-0.01284382472090723,-0.04588847456145117
0.0087,-0.0048,-4.974847833479303,-0.013076352715782696,-0.048997363643296536
0.0088,-0.0048,-5.062416493307654,-0.01293102790655573,-0.05166062519881927
0.0089,-0.0048,-4.916892213292414,-0.012905941903729288,-0.05406117974988376
0.009,-0.0048,-4.968360812418153,-0.01308525367358071,-0.0554738144347206
0.0091,-0.0048,-4.8807744606813355,-0.012710146645961665,-0.05674243426229441
0.0092,-0.0048,-4.831022909587139,-0.011432101127758608,-0.053874351924914604
0.0093,-0.0048,-4.824813076127457,-0.009993705831532468,-0.051345427627794586
0.0094,-0.0048,-4.799474396840501,-0.008433271434292589,-0.04653516998120111
0.0095,-0.0048,-4.782752136631255,-0.006427105938297962,-0.039618435055947476
0.0096,-0.0048,-4.77125057339436,-0.0045317749211774535,-0.03184960421299428
0.0097,-0.0048,-4.766035341459821,-0.0028340523040918603,-0.023658992862617134
0.0098,-0.0048,-4.765351542060999,-0.0013651153427689296,-0.01490030729576799
0.0099,-0.0048,-4.767014808597554,-0.0004468290294078997,-0.006931415159741787
0.01,-0.0048,-4.767223896906766,0.0,0.0
0.0,-0.0047,-4.585649943183927,0.0,0.0
0.0001,-0.0047,-4.587290873357192,0.00010078835607312,0.006652548125618527
0.0002,-0.0047,-4.586010998234843,0.00019616890334341289,0.01243585380668734
0.0003,-0.0047,-4.586196086203711,0.0004126567128362132,0.017179507109809
0.0004,-0.0047,-4.5890414374158635,0.0005880488755373812,0.02116103333784819
0.0005,-0.0047,-4.591658292103144,0.0006628840188158654,0.024451467606218354
0.0006,-0.0047,-4.599393614270234,0.0006579340598406938,0.027420081587285816
0.0007,-0.0047,-4.606958383133478,0.0005811335066900883,0.029436988523330872
0.0008,-0.0047,-4.6155722743308765,0.000588260578822477,0.03106025590078943
0.0009,-0.0047,-4.628945344732395,0.0004548474225036174,0.032769522847316705
0.001,-0.0047,-4.646193505215041,0.00037413600653904796,0.034111612625864506
0.0011,-0.0047,-4.662907548266478,0.00025273527791279247,0.035115305121067586
0.0012,-0.0047,-4.68308774596968,0.00014507048127515844,0.036010498010526686
0.0013000000000000002,-0.0047,-4.706045569952879,9.859469361344111e-05,0.0366256073922309
0.0014,-0.0047,-4.730779937924273,-4.9067112750483295e-06,0.03719823089075277
0.0015,-0.0047,-4.758013925085621,-7.667507439563706e-05,0.03746584297978628
0.0016,-0.0047,-4.795201345303752,-0.00021287025781094516,0.03755718283265004
0.0017,-0.0047,-4.816049685062628,-0.00036214419537205974,0.03767026381460304
0.0018,-0.0047,-4.8246721435295,-0.00033273214708392975,0.03725430927385267
0.0019,-0.0047,-4.875405318526945,-0.00020677170178587216,0.036814944113314985
0.002,-0.0047,-4.917009000909205,-0.0002730405371939819,0.03595731073155774
0.0021,-0.0047,-4.958325182898845,-0.00045889417118789074,0.03558161942197787
0.0022,-0.0047,-4.979092357305318,-0.000350035031147115,0.03532674728670273
0.0023,-0.0047,-5.018411128048564,-0.0002235075848466518,0.03420247944075858
0.0024,-0.0047,-5.0544351433719585,-0.00044271143151557223,0.03326342018293519
0.0025,-0.0047,-5.079577050739592,-0.0003775037231789676,0.03217931484447236
0.0026000000000000003,-0.0047,-5.109151531640666,-0.00034378498338801054,0.031031302111492687
0.0027,-0.0047,-5.146067146674125,-0.000317555566200429,0.02981395272466251
0.0028,-0.0047,-5.179946567274083,-0.00032565667901161556,0.028545280396512263
0.0029,-0.0047,-5.206885972930026,-0.0003017991950292969,0.02728824540287988
0.003,-0.0047,-5.236529919989425,-0.00024392572559529745,0.026058374064234058
0.0031,-0.0047,-5.265103907331377,-0.00022660184111597295,0.024726553748550352
0.0032,-0.0047,-5.291066855699992,-0.000223593713615965,0.023415413332297567
0.0033000000000000004,-0.0047,-5.315799605326601,-0.00022426701866156004,0.022178947693622268
0.0034,-0.0047,-5.341737278155275,-0.0001902656214400972,0.02091470535049196
0.0034999999999999996,-0.0047,-5.363876079748041,-0.0002061332047622818,0.019637361547108594
0.0036,-0.0047,-5.3862898719475245,-0.00016916240244845717,0.01851054073090597
0.0037,-0.0047,-5.406883878065825,-0.00018472570763937435,0.01724678836158791
0.0038,-0.0047,-5.425801625178046,-0.00014851037658898515,0.016105722625791477
0.0039,-0.0047,-5.4418929539484235,-0.00012906150296478885,0.014913813577270571
0.004,-0.0047,-5.460237540122134,-0.00017252910114414367,0.01379732547883701
0.0041,-0.0047,-5.47439003145481,-0.0001651140645435206,0.012648333898547857
0.0042,-0.0047,-5.4910681149459695,-0.0001748126942099389,0.011512018269507311
0.0043,-0.0047,-5.501785459254097,-0.0002998764936378554,0.010487166372018134
0.0044,-0.0047,-5.512329021316029,-0.00014264548535018688,0.009332615885900328
0.0045,-0.0047,-5.526807342751468,-0.0003217726956206273,0.008282081352562549
0.0046,-0.0047,-5.535696001329875,-0.0003620822087484675,0.007205185259113275
0.0047,-0.0047,-5.546210835203803,-0.00030294422575981794,0.006117756586113036
0.0048,-0.0047,-5.554991795806644,-0.0005507385428664234,0.00502167849981754
0.0049,-0.0047,-5.560995201157938,-0.0003827457965908925,0.004070123147270445
0.005,-0.0047,-5.569974652551574,-0.0007419129983484622,0.002991849248318507
0.0051,-0.0047,-5.571094922307405,-0.00022347473490391437,0.0020743024406115
0.005200000000000001,-0.0047,-5.579944885719053,-0.0008171865416800403,0.0008409438040384212
0.0053,-0.0047,-5.586411145230662,-0.000855823520371898,-0.00011445597655957394
0.0054,-0.0047,-5.585247352283865,-0.0008062750615195435,-0.0010113565200012018
0.0055,-0.0047,-5.5890399967342255,-0.0013857292247070076,-0.002027786549696354
0.0056,-0.0047,-5.597476451822298,-0.001373160376505654,-0.0031905866542906386
0.005700000000000001,-0.0047,-5.595678086815003,-0.0015691798791946467,-0.003906962906037767
0.0058,-0.0047,-5.590945637522655,-0.0017217326868129526,-0.00516556348349643
0.0059,-0.0047,-5.59484067469089,-0.0013771661521690026,-0.006192615742159607
0.006,-0.0047,-5.594679683113398,-0.0017375693825005822,-0.007271962285097056
0.0061,-0.0047,-5.594819289705344,-0.002232149767492811,-0.008316956000576477
0.0062,-0.0047,-5.586148993792593,-0.0024153233706834414,-0.009352856869030908
0.0063,-0.0047,-5.578248928855116,-0.002732486430926599,-0.010447982694791101
0.0064,-0.0047,-5.562534574559044,-0.002474664567280933,-0.011468379788198889
0.006499999999999999,-0.0047,-5.545960068305171,-0.0030295142182217094,-0.012608166586768966
0.006600000000000001,-0.0047,-5.550520637904964,-0.0029781981956344557,-0.013639241718391877
0.0067,-0.0047,-5.537228886522288,-0.0032676305463988408,-0.014673242932242786
0.0068,-0.0047,-5.528468928700899,-0.0036285553348862944,-0.01594254968647636
0.0069,-0.0047,-5.508197527093682,-0.004036327632748786,-0.016965662625121346
0.006999999999999999,-0.0047,-5.501473005433238,-0.0041035442224679475,-0.018208189599721238
0.007100000000000001,-0.0047,-5.478199631135168,-0.004457354255201297,-0.019402341165922505
0.0072,-0.0047,-5.461457497583408,-0.0048169498136651605,-0.02049713975163795
0.0073,-0.0047,-5.449833193331013,-0.005046233001859677,-0.021780235964814737
0.0074,-0.0047,-5.426228345301405,-0.0054392626839177395,-0.023046746443941377
0.0075,-0.0047,-5.412322054010057,-0.005799890007942853,-0.024268953923663624
0.0076,-0.0047,-5.388566449636036,-0.00618573083512522,-0.025610270960461257
0.0077,-0.0047,-5.366220985850545,-0.00656582114739562,-0.02696507582491688
0.0078,-0.0047,-5.342242821125149,-0.006982925516357367,-0.02859720700116097
0.0079,-0.0047,-5.319527076741123,-0.00753539147404564,-0.029878276012370683
0.008,-0.0047,-5.2870719388472,-0.007984241128203473,-0.0315797684137094
0.0081,-0.0047,-5.262929187592566,-0.008537643455861589,-0.033429322918353925
0.0082,-0.0047,-5.240670892735601,-0.009065813853989992,-0.035490299777420485
0.0083,-0.0047,-5.197699508301645,-0.009832367227753758,-0.03773440148154447
0.0084,-0.0047,-5.179354318935488,-0.010419222264296594,-0.040242534228758245
0.0085,-0.0047,-5.166545750928802,-0.011008986209465364,-0.042396000139393375
0.0086,-0.0047,-5.1534983695658765,-0.011491512353522014,-0.04489483473779053
0.0087,-0.0047,-5.143277520787238,-0.012728544933130737,-0.04803461098266545
0.0088,-0.0047,-5.0407940473004915,-0.012921204073096028,-0.05144154057824636
0.0089,-0.0047,-4.872853731893334,-0.01228945455020803,-0.05260429053025013
0.009,-0.0047,-4.93696456589655,-0.012506496757417591,-0.05580604581865503
0.0091,-0.0047,-4.812124779145145,-0.01188841544406871,-0.055838068732678894
0.0092,-0.0047,-4.851015745388711,-0.011113812909578785,-0.05538400405345487
0.0093,-0.0047,-4.849251413675535,-0.009710869545534333,-0.05241144945582807
0.0094,-0.0047,-4.81875219091621,-0.008400277074480373,-0.04812018143582867
0.0095,-0.0047,-4.7996673714659055,-0.006525373816456084,-0.04191613117781621
0.0096,-0.0047,-4.787508561794189,-0.004646397622594541,-0.03362610845990218
0.0097,-0.0047,-4.781450487057322,-0.0028135651797508913,-0.024664294888290996
0.0098,-0.0047,-4.780706272523205,-0.0013930089362688557,-0.01611001149013781
0.0099,-0.0047,-4.781498202701701,-0.0004643603163821446,-0.0076378215450471675
0.01,-0.0047,-4.783553643058479,0.0,0.0
0.0,-0.0046,-4.593945520251866,0.0,0.0
0.0001,-0.0046,-4.592946961348461,0.00010798727209758994,0.006497874971208732
0.0002,-0.0046,-4.591824904744071,0.0003162636740130309,0.012223600665295972
0.0003,-0.0046,-4.59342116689608,0.0005478368129356655,0.01692673612902008
0.0004,-0.0046,-4.5959168600375,0.0007076866635686071,0.02109290185322001
0.0005,-0.0046,-4.59862401671381,0.0008557997388239447,0.024317607384996394
0.0006,-0.0046,-4.603564988875093,0.0009148398814813564,0.02710166605902349
0.0007,-0.0046,-4.612132436313599,0.0009424145945586389,0.02947350676104984
0.0008,-0.0046,-4.621339721735902,0.0009495318907968233,0.031169473012079466
0.0009,-0.0046,-4.634796697179053,0.0009629879141552543,0.032763645447986905
0.001,-0.0046,-4.651416989087031,0.0009431847237658574,0.03411390496588478
0.0011,-0.0046,-4.668523153957544,0.0008648172523074215,0.03515845057599578
0.0012,-0.0046,-4.689125822637916,0.0007839317492420478,0.03611081337269068
0.0013000000000000002,-0.0046,-4.710942019897639,0.0008102847319789126,0.03682839287623573
0.0014,-0.0046,-4.736047815786981,0.0007171710219690018,0.03729918179357616
0.0015,-0.0046,-4.758538102514966,0.000757292170519032,0.03757606381752568
0.0016,-0.0046,-4.793337354487645,0.0006761760089927665,0.037572312355875416
0.0017,-0.0046,-4.823133602841064,0.0008615811125609629,0.03767896619531235
0.0018,-0.0046,-4.83211732915996,0.00019054005943086404,0.03794836488585745
0.0019,-0.0046,-4.889412578436409,0.0005658987342449034,0.03704202292000306
0.002,-0.0046,-4.892724473586268,0.0006063565446734753,0.03675394064820086
0.0021,-0.0046,-4.944938176945475,0.0009012657045200809,0.03571642277827118
0.0022,-0.0046,-4.97878174379143,0.0005713384704340733,0.034960011352225366
0.0023,-0.0046,-5.0136113833816625,0.0005954044054704495,0.03420821560007783
0.0024,-0.0046,-5.048464553876963,0.0007653623767807042,0.033212126848912324
0.0025,-0.0046,-5.089462890153507,0.0007274943327998293,0.03211484107543261
0.0026000000000000003,-0.0046,-5.117657290321338,0.0006932590089830355,0.03110163943213298
0.0027,-0.0046,-5.1478480097655845,0.0007611480398495189,0.02976645104908815
0.0028,-0.0046,-5.178452021124127,0.0007433772838203925,0.028535035288089025
0.0029,-0.0046,-5.208829291536246,0.0007894432095264741,0.027378540545302102
0.003,-0.0046,-5.239571008321117,0.0008695169683803944,0.02607917139448104
0.0031,-0.0046,-5.2658320703728645,0.0008225062727629427,0.024813888868666256
0.0032,-0.0046,-5.2917231943768055,0.0008854310913244527,0.023400853504254946
0.0033000000000000004,-0.0046,-5.317457188654534,0.0009350139597788829,0.022180807426501983
0.0034,-0.0046,-5.341497629628969,0.0009063973554856858,0.020881677891082126
0.0034999999999999996,-0.0046,-5.364948134453866,0.0009222317444630925,0.01960737750341572
0.0036,-0.0046,-5.385737817180512,0.0009675891487223179,0.01838077577429293
0.0037,-0.0046,-5.406905893656812,0.0009695772025058544,0.017172570828495864
0.0038,-0.0046,-5.425695770222469,0.0009635369948248872,0.016101786152704613
0.0039,-0.0046,-5.444696159117042,0.0010226601146690172,0.014929156124070276
0.004,-0.0046,-5.463074231029712,0.0009609304001504699,0.013770229276019886
0.0041,-0.0046,-5.474058987246983,0.0010169893514356669,0.01264180333231434
0.0042,-0.0046,-5.490636680193614,0.0010006155902714995,0.011509963406398333
0.0043,-0.0046,-5.5028063035225925,0.0009709876527518821,0.01043262661463476
0.0044,-0.0046,-5.5155311619917216,0.0009388127688093429,0.009364291253138582
0.0045,-0.0046,-5.5282964194636905,0.0007834230086673434,0.008283981290022334
0.0046,-0.0046,-5.5385590397455955,0.0008322983496151675,0.0072668693065106055
0.0047,-0.0046,-5.548071009370057,0.0008921181988961165,0.0062342337650350315
0.0048,-0.0046,-5.556312761712008,0.0007645371419914325,0.005190297075825023
0.0049,-0.0046,-5.56424963764499,0.000528881593997061,0.004240820843030298
0.005,-0.0046,-5.572602176755783,0.0007330822057257074,0.0030695058914559626
0.0051,-0.0046,-5.581647062183935,0.0004730363243576926,0.002139024446659549
0.005200000000000001,-0.0046,-5.584189668641814,0.0005313066689339119,0.0010967973150191972
0.0053,-0.0046,-5.5881015048368745,0.0005014548374123646,0.00011013655159001195
0.0054,-0.0046,-5.586693147870072,0.0004907459202473343,-0.0010159127460301614
0.0055,-0.0046,-5.595659017725606,0.00022943442888163722,-0.0020063898655811965
0.0056,-0.0046,-5.59357793600587,9.23880622635858e-05,-0.002977318336023762
0.005700000000000001,-0.0046,-5.601499847415562,-0.0001267963627718636,-0.003917289963716162
0.0058,-0.0046,-5.59181903205022,-0.00013781403636993866,-0.005069103304881754
0.0059,-0.0046,-5.593506225953885,-0.0004119351180394951,-0.006013219958748773
0.006,-0.0046,-5.60274337868445,-0.0007420619993705945,-0.007009817682349944
0.0061,-0.0046,-5.588710398973804,-0.0007203680755043489,-0.00806596285260684
0.0062,-0.0046,-5.584107737616253,-0.0004961026418716343,-0.009167567789473516
0.0063,-0.0046,-5.5814220385584985,-0.0009933881693349443,-0.0102773857065225
0.0064,-0.0046,-5.574405899358461,-0.0015839178664381487,-0.011253892714017165
0.006499999999999999,-0.0046,-5.570806418174852,-0.0015693924223696449,-0.012262421809357719
0.006600000000000001,-0.0046,-5.562906916305332,-0.0019477303332893108,-0.013403382115773025
0.0067,-0.0046,-5.550032045341084,-0.0020090794622396103,-0.014528099403607898
0.0068,-0.0046,-5.539546650190308,-0.002251138451148212,-0.015671705412913847
0.0069,-0.0046,-5.519665158778869,-0.0024666049939682864,-0.016705734477072284
0.006999999999999999,-0.0046,-5.502219446078775,-0.0028910390972263834,-0.01790440879103574
0.007100000000000001,-0.0046,-5.49750983655054,-0.0031218789206834104,-0.01898567521096052
0.0072,-0.0046,-5.472071274581323,-0.003454748066606718,-0.02019289331686247
0.0073,-0.0046,-5.454164775272253,-0.003931685708863323,-0.02147794550234013
0.0074,-0.0046,-5.435485949460106,-0.0042408804743569155,-0.022653119675647433
0.0075,-0.0046,-5.416748515570507,-0.004676034038278322,-0.023919520528391542
0.0076,-0.0046,-5.3940442305141785,-0.005083653307085479,-0.02526399960915436
0.0077,-0.0046,-5.372902950515661,-0.005464279774289066,-0.026480291472602342
0.0078,-0.0046,-5.351824297098324,-0.005935058828125523,-0.027956209974589592
0.0079,-0.0046,-5.329276895109712,-0.006380988842585946,-0.029385157500532166
0.008,-0.0046,-5.301088292026704,-0.006933010272570606,-0.03093515074560503
0.0081,-0.0046,-5.266061810590744,-0.007513012060872893,-0.03299209559044452
0.0082,-0.0046,-5.253023004840101,-0.007944685749711794,-0.034884119589628296
0.0083,-0.0046,-5.221456348091899,-0.008687431445389785,-0.03716111657324415
0.0084,-0.0046,-5.193324745451676,-0.00934888010834506,-0.039746736781212405
0.0085,-0.0046,-5.1689720639986625,-0.010157292225600818,-0.04252446015657512
0.0086,-0.0046,-5.1308696218055925,-0.011286669133951049,-0.04497784590050463
0.0087,-0.0046,-5.055155824731654,-0.011455813986550706,-0.048027171561863403
0.0088,-0.0046,-4.931083675345416,-0.011336508344752092,-0.051388887936759046
0.0089,-0.0046,-5.0417616064996995,-0.011825521493248357,-0.05131545034837484
0.009,-0.0046,-4.990736320847957,-0.012326802558374844,-0.05302617089006863
0.0091,-0.0046,-4.883558434668109,-0.011783420322895408,-0.055352891650321735
0.0092,-0.0046,-4.914216212176254,-0.01195886715530781,-0.055992977759634945
0.0093,-0.0046,-4.856872406608697,-0.00961430471213447,-0.053902381710629846
0.0094,-0.0046,-4.833895557331146,-0.008068519196264848,-0.05006251523449273
0.0095,-0.0046,-4.816354897188666,-0.0064684506335859135,-0.043826079476903194
0.0096,-0.0046,-4.804312625025895,-0.004663306719941418,-0.036129330000395546
0.0097,-0.0046,-4.79648815534651,-0.002816414586012514,-0.0266073966290327
0.0098,-0.0046,-4.79515797220489,-0.0014265689521774825,-0.017349025361017116
0.0099,-0.0046,-4.796317138016639,-0.00048389717785268316,-0.008117979233833311
0.01,-0.0046,-4.796707975067361,0.0,0.0
0.0,-0.0045,-4.60051558430036,0.0,0.0
0.0001,-0.0045,-4.598423534484509,0.00012334744729228085,0.006282288458374145
0.0002,-0.0045,-4.597851880990024,0.0003641822341954676,0.011929159099755917
0.0003,-0.0045,-4.599164527199301,0.0006073509574103821,0.0168466802727933
0.0004,-0.0045,-4.600164219861256,0.0008543152363165854,0.020791708412034815
0.0005,-0.0045,-4.602425232263132,0.001030039833505072,0.024143679158749876
0.0006,-0.0045,-4.607923637832702,0.001177410536010852,0.02719497965901806
0.0007,-0.0045,-4.616836320267744,0.0013152530672704509,0.029338757400813854
0.0008,-0.0045,-4.626602664939343,0.0013763832022766643,0.031160528446649894
0.0009,-0.0045,-4.639132636524098,0.0014134387243134997,0.032936194551295074
0.001,-0.0045,-4.654959975647333,0.0014597890310244204,0.03409181984322608
0.0011,-0.0045,-4.672487736364689,0.0014742340615237785,0.035181533302572725
0.0012,-0.0045,-4.692743223617104,0.0014476235094892508,0.03612092923200015
0.0013000000000000002,-0.0045,-4.713491995102115,0.001445794741224939,0.03669014821322834
0.0014,-0.0045,-4.740163580251777,0.001431282893614049,0.03725477815509231
0.0015,-0.0045,-4.754623396956037,0.0015010943472879524,0.03756512931455112
0.0016,-0.0045,-4.80547409001939,0.001569156694469524,0.03772490572455422
0.0017,-0.0045,-4.830423920923027,0.0015433362721904494,0.037581502482833956
0.0018,-0.0045,-4.8684832521811225,0.0014620373260021491,0.03748302552194612
0.0019,-0.0045,-4.915813506548342,0.0009884978447356884,0.03727363042024924
0.002,-0.0045,-4.925452731497646,0.0012004718986216123,0.037182679744294005
0.0021,-0.0045,-4.949442817428544,0.001873934003844024,0.036104097425544227
0.0022,-0.0045,-4.98902605084449,0.0016317050086000135,0.0349397188689863
0.0023,-0.0045,-5.022713589346686,0.001662050413210552,0.03417959866016305
0.0024,-0.0045,-5.044359825045003,0.0016936944659770026,0.0333128341551877
0.0025,-0.0045,-5.0782276799184185,0.001806754408804822,0.032019938187423526
0.0026000000000000003,-0.0045,-5.117040448493768,0.0018230645055518626,0.030998714383234663
0.0027,-0.0045,-5.150501400773265,0.0018321361354860421,0.029796550881222263
0.0028,-0.0045,-5.178789105603729,0.0018567069323902773,0.028597219723825076
0.0029,-0.0045,-5.208221995561952,0.0019328886616684186,0.027233351898581726
0.003,-0.0045,-5.237951007283182,0.001936228797251189,0.026050645277183895
0.0031,-0.0045,-5.265864026361347,0.002036673451302501,0.024641284877862376
0.0032,-0.0045,-5.292557403125743,0.0019507888552940562,0.02343740718739626
0.0033000000000000004,-0.0045,-5.317490692479236,0.002028340964324395,0.022146895559401303
0.0034,-0.0045,-5.340639371749108,0.002071219879727009,0.02084719730275757
0.0034999999999999996,-0.0045,-5.364903604861047,0.002086049692402273,0.019716784598711956
0.0036,-0.0045,-5.386224031509947,0.002069778596190324,0.018542647604271555
0.0037,-0.0045,-5.405856249046426,0.0020946739183145767,0.017218014814247038
0.0038,-0.0045,-5.425552997291247,0.0021365083630336917,0.016053071953736515
0.0039,-0.0045,-5.444066475553297,0.002069317903567913,0.014871361681398895
0.004,-0.0045,-5.459089000720417,0.002136335335350453,0.013782936536691333
0.0041,-0.0045,-5.477527150151858,0.0021265710024313184,0.012674138462169554
0.0042,-0.0045,-5.488881336020213,0.0021655141803958024,0.01152800705608512
0.0043,-0.0045,-5.502092846562507,0.0020514200809451477,0.010486869981302433
0.0044,-0.0045,-5.514533912053993,0.0021295769888777967,0.00938656129321146
0.0045,-0.0045,-5.526312347583982,0.0019749703560813176,0.008357099530393
0.0046,-0.0045,-5.536270536958471,0.002149090178387486,0.00729430349365192
0.0047,-0.0045,-5.549012658250546,0.001894895579480219,0.006270419554103551
0.0048,-0.0045,-5.554637518559383,0.001924537176076062,0.005266833238152649
0.0049,-0.0045,-5.568523840493171,0.0018174056181563952,0.004359357641692803
0.005,-0.0045,-5.571788130144027,0.0016963418450457437,0.0031651710027916905
0.0051,-0.0045,-5.573731401960868,0.001781162510816449,0.002324095840061374
0.005200000000000001,-0.0045,-5.579528308436375,0.0016432131187445163,0.001210063511426023
0.0053,-0.0045,-5.589461431836201,0.0016798294971486318,0.0002976178526235123
0.0054,-0.0045,-5.590316820228715,0.0016530228659697795,-0.0007791497695376966
0.0055,-0.0045,-5.591535879120023,0.0010920731291331075,-0.001732532626635864
0.0056,-0.0045,-5.604026276785502,0.000968698096494572,-0.00281857366185528
0.005700000000000001,-0.0045,-5.596864931333906,0.001206947214000117,-0.003938617449064512
0.0058,-0.0045,-5.606642585809703,0.0005705427517976739,-0.004890872392243149
0.0059,-0.0045,-5.601212482583569,0.0009293682734161209,-0.005851751970862355
0.006,-0.0045,-5.596000826964441,0.0007711241463217631,-0.006881356719626877
0.0061,-0.0045,-5.593361492041475,0.0005075196488884347,-0.007872039472937156
0.0062,-0.0045,-5.593554183492838,0.0006634399090812758,-0.008972571569955162
0.0063,-0.0045,-5.588713707536184,1.4453717547665939e-05,-0.009947149032494211
0.0064,-0.0045,-5.57035879470286,-0.00024054276873959631,-0.011091249200759726
0.006499999999999999,-0.0045,-5.573758240929039,-0.0002615547363831731,-0.012090513026973752
0.006600000000000001,-0.0045,-5.565331096363175,-0.00048728014430681203,-0.013152275400388514
0.0067,-0.0045,-5.552542116072334,-0.0007449107620955795,-0.014448016494388911
0.0068,-0.0045,-5.546170526533943,-0.0010569015640293263,-0.015548631834191412
0.0069,-0.0045,-5.525321547450201,-0.0014006149544781002,-0.016318352006531193
0.006999999999999999,-0.0045,-5.517657528854787,-0.0016784426142421019,-0.01760824192546381
0.007100000000000001,-0.0045,-5.495004415312862,-0.0019866058345041986,-0.018623073250260802
0.0072,-0.0045,-5.482168091664024,-0.0022504801068875474,-0.019921370596243864
0.0073,-0.0045,-5.465388899880197,-0.002710759352927118,-0.02109731012668981
0.0074,-0.0045,-5.4422280602557604,-0.003073468592732803,-0.02225564628653115
0.0075,-0.0045,-5.4235481708657804,-0.0035071433003582837,-0.023500877676776548
0.0076,-0.0045,-5.402899308847727,-0.0038743971219555224,-0.024794520216933937
0.0077,-0.0045,-5.381194473408944,-0.004289285620643839,-0.026040392262260605
0.0078,-0.0045,-5.355745685160831,-0.00482734135598769,-0.027610716570784767
0.0079,-0.0045,-5.3345151785854865,-0.005285303933679749,-0.02897233151798483
0.008,-0.0045,-5.311629448135952,-0.005795035867299818,-0.030660368023034786
0.0081,-0.0045,-5.279251019182407,-0.006408720343676604,-0.03215747060392822
0.0082,-0.0045,-5.25602498293087,-0.006939867431748426,-0.034263304744379025
0.0083,-0.0045,-5.238318417471268,-0.007559669091415084,-0.036448150918555
0.0084,-0.0045,-5.193523132625243,-0.008413157760944015,-0.03890815203465854
0.0085,-0.0045,-5.158790189165976,-0.009170391916319024,-0.04159963304161972
0.0086,-0.0045,-5.1086255160558,-0.009990305197479621,-0.044341620522306224
0.0087,-0.0045,-5.11362777578818,-0.009990016571509532,-0.047689963500371996
0.0088,-0.0045,-5.066400013742347,-0.010746889732565372,-0.050399645063798605
0.0089,-0.0045,-5.048118597122404,-0.012178371209737445,-0.052566515729671984
0.009,-0.0045,-4.984153606047776,-0.010883570142568612,-0.05449811544674448
0.0091,-0.0045,-5.2052651307791225,-0.010961983653914447,-0.05533842774357023
0.0092,-0.0045,-4.864090775361388,-0.010907921929656388,-0.05742131353071483
0.0093,-0.0045,-4.8914850445516995,-0.010065351005600576,-0.055338598228509006
0.0094,-0.0045,-4.85543877036716,-0.008147469552708278,-0.05149053449024498
0.0095,-0.0045,-4.833308914849067,-0.006357808117344924,-0.04519682882078771
0.0096,-0.0045,-4.819347490476401,-0.004520023144179711,-0.03766092795378931
0.0097,-0.0045,-4.811671444835069,-0.002834608733913814,-0.02851802346204213
0.0098,-0.0045,-4.80990425387754,-0.0014379369051913335,-0.01865165621812575
0.0099,-0.0045,-4.808521682995222,-0.0004983470829320071,-0.008840040072869135
0.01,-0.0045,-4.811685366720883,0.0,0.0
0.0,-0.0044,-4.606043238731689,0.0,0.0
0.0001,-0.0044,-4.604241927933441,0.00013259630436701292,0.006218548053670942
0.0002,-0.0044,-4.603622227821194,0.00037329016462526505,0.011678319925604912
0.0003,-0.0044,-4.604391620886413,0.0006846936922251267,0.016466352109990003
0.0004,-0.0044,-4.602754761973822,0.000955431997760116,0.020712386960471018
0.0005,-0.0044,-4.605381127838005,0.001243554405336035,0.024133377364650047
0.0006,-0.0044,-4.61198800007584,0.0014527334309966519,0.02687619409058563
0.0007,-0.0044,-4.619552981455365,0.0016545401087732121,0.029274965839769976
0.0008,-0.0044,-4.630471213552283,0.0017904947522053545,0.031196854913749274
0.0009,-0.0044,-4.641876551945954,0.0018693680764977337,0.03265837407624774
0.001,-0.0044,-4.657618514020863,0.0019851364137909956,0.03421543847748204
0.0011,-0.0044,-4.674169587985178,0.0019934530898221385,0.0351802654220775
0.0012,-0.0044,-4.695236936515887,0.0020958564767068265,0.036087639060069954
0.0013000000000000002,-0.0044,-4.71733491071844,0.002090929360605935,0.036624661964942316
0.0014,-0.0044,-4.7425461269346405,0.002173248384510841,0.03721862441798043
0.0015,-0.0044,-4.767355782950828,0.0021151291891124144,0.0375096927420329
0.0016,-0.0044,-4.781190777074278,0.002459374427421869,0.03755293073327437
0.0017,-0.0044,-4.808557288571354,0.0027391810592530446,0.037572027454911006
0.0018,-0.0044,-4.8606839789993455,0.002395595974181536,0.03671453227039706
0.0019,-0.0044,-4.947886047506421,0.0024545259743010243,0.03633551950731462
0.002,-0.0044,-4.955205931139586,0.0017182965578304836,0.03619751286202021
0.0021,-0.0044,-4.9571933441044065,0.00229685888237325,0.03590397317962723
0.0022,-0.0044,-4.970119158426071,0.0028141755457935557,0.035177884496882264
0.0023,-0.0044,-5.023981178239715,0.0028332752223619714,0.034095964637021435
0.0024,-0.0044,-5.05927376519613,0.0026998652761633297,0.03315238537310942
0.0025,-0.0044,-5.086786217810529,0.0028185508618406513,0.03215155317652577
0.0026000000000000003,-0.0044,-5.116538389459553,0.0028882803804832417,0.030977772824476325
0.0027,-0.0044,-5.1470260084489325,0.002973994015344223,0.029715118602238896
0.0028,-0.0044,-5.177778493501715,0.00301214370230181,0.028646978254390998
0.0029,-0.0044,-5.2087677425509025,0.003009429710650255,0.027259114393340823
0.003,-0.0044,-5.2357918897451174,0.0030411403941873793,0.02594491927390862
0.0031,-0.0044,-5.262982344035777,0.003095659381827178,0.02474520393167499
0.0032,-0.0044,-5.291088286418061,0.0030984609600395573,0.023505546849178223
0.0033000000000000004,-0.0044,-5.315395907537988,0.0031496600054754056,0.022148986182270774
0.0034,-0.0044,-5.339922250684346,0.0032123528268401705,0.02088165782082736
0.0034999999999999996,-0.0044,-5.362465111292989,0.003203580609185667,0.019673700312958536
0.0036,-0.0044,-5.383749989365798,0.0032301513365028214,0.018474041609648568
0.0037,-0.0044,-5.404682335391657,0.0032503886670249313,0.017278893881511822
0.0038,-0.0044,-5.422714524818107,0.0032712533256315244,0.016050601042129214
0.0039,-0.0044,-5.441833524858847,0.0032177641800665148,0.0148834426243519
0.004,-0.0044,-5.45902203386915,0.003314524360764821,0.013742462039997011
0.0041,-0.0044,-5.473826280491667,0.0032953565878594327,0.012651052742571917
0.0042,-0.0044,-5.489043275108486,0.003257985408977856,0.011539361020783854
0.0043,-0.0044,-5.501811046442277,0.00323692566441245,0.010461343387730929
0.0044,-0.0044,-5.514373619996864,0.0031519579692461486,0.009426231037391007
0.0045,-0.0044,-5.526320711588645,0.003020026088310567,0.008366301251280022
0.0046,-0.0044,-5.535879281747365,0.003251881782950294,0.007361494971983482
0.0047,-0.0044,-5.549350222283545,0.003107033919764217,0.0063264227168818386
0.0048,-0.0044,-5.55797723801868,0.0031168124653973297,0.005311759490119305
0.0049,-0.0044,-5.562627426515363,0.003096187055674972,0.004239601086223855
0.005,-0.0044,-5.575644525346326,0.00316558063821119,0.0032375944349594637
0.0051,-0.0044,-5.577551630013673,0.0031592919580608644,0.0021781411466271364
0.005200000000000001,-0.0044,-5.585778780656166,0.003079458040127582,0.0011567201182764854
0.0053,-0.0044,-5.589635946540166,0.002915451682505523,0.0003229683570611172
0.0054,-0.0044,-5.592860921185457,0.002578472193087404,-0.0006575442487027953
0.0055,-0.0044,-5.589613998515135,0.0026359048302748685,-0.0015843768521915198
0.0056,-0.0044,-5.600811575294481,0.002587263587186897,-0.00272575810883642
0.005700000000000001,-0.0044,-5.607448283872581,0.002552545324985068,-0.003716330119003604
0.0058,-0.0044,-5.608781897735953,0.0022917876863682465,-0.004722765942848286
0.0059,-0.0044,-5.602041650091319,0.0022392012064180815,-0.005697871979571226
0.006,-0.0044,-5.59313433871316,0.00203629513580166,-0.006710236196947498
0.0061,-0.0044,-5.599236270303105,0.0019893258257875795,-0.007699454202611998
0.0062,-0.0044,-5.594066104083957,0.0016888436237387486,-0.008794255127013548
0.0063,-0.0044,-5.585521363376913,0.0014121203604523548,-0.009703959805188655
0.0064,-0.0044,-5.584754463893788,0.0012334883016442992,-0.010756232606523104
0.006499999999999999,-0.0044,-5.572083822771797,0.0011237743152144022,-0.011883025793518666
0.006600000000000001,-0.0044,-5.557694577014902,0.0008056183966053555,-0.01314304080212547
0.0067,-0.0044,-5.551187318424152,0.0006273951792649566,-0.013940654501314514
0.0068,-0.0044,-5.542154573318234,0.00033303278520713123,-0.015110079527866358
0.0069,-0.0044,-5.526976701336674,1.3873910736646526e-05,-0.01606426925612602
0.006999999999999999,-0.0044,-5.5131395107156,-0.0003180734632745921,-0.017244032605781712
0.007100000000000001,-0.0044,-5.498776624769686,-0.0007326872541688289,-0.018465388123973532
0.0072,-0.0044,-5.486134594547525,-0.0010630569206470039,-0.01952866917748178
0.0073,-0.0044,-5.461681779755375,-0.001424967690875936,-0.02071779464962327
0.0074,-0.0044,-5.449065191376893,-0.001817343671674383,-0.02187360680573743
0.0075,-0.0044,-5.422448507249199,-0.002199602672694563,-0.023100647684613878
0.0076,-0.0044,-5.403958652755616,-0.002619192276201268,-0.024347007804130905
0.0077,-0.0044,-5.384108204052123,-0.003194127973340929,-0.02567604194288653
0.0078,-0.0044,-5.360929142080397,-0.0036907323751281455,-0.027077783045669296
0.0079,-0.0044,-5.338671128838481,-0.0041986635126110726,-0.028348035603591046
0.008,-0.0044,-5.315424235150939,-0.0047131497697404075,-0.030023501904185915
0.0081,-0.0044,-5.291287617870886,-0.005284828841066694,-0.031675889202085174
0.0082,-0.0044,-5.264658365372782,-0.0060188996615824775,-0.03359700399453993
0.0083,-0.0044,-5.232013674821323,-0.006605945565306012,-0.03565851732967684
0.0084,-0.0044,-5.193039689930207,-0.007332281393885906,-0.03808484809184368
0.0085,-0.0044,-5.168617670067337,-0.008006808044910241,-0.04111697336107717
0.0086,-0.0044,-5.15545454335677,-0.008728204570659084,-0.04332208923903203
0.0087,-0.0044,-5.1268537693370355,-0.009010134764545876,-0.04736154572059765
0.0088,-0.0044,-5.098206725910185,-0.009425670193039054,-0.050474938559843745
0.0089,-0.0044,-5.118025134327105,-0.010849293863183168,-0.052783797574020075
0.009,-0.0044,-4.9401625068197355,-0.011303659722483601,-0.05547492572480513
0.0091,-0.0044,-4.941109936224166,-0.010344346549246715,-0.05694082927076845
0.0092,-0.0044,-5.1103348564748075,-0.00826003584344989,-0.057458897301763616
0.0093,-0.0044,-4.962830496463468,-0.00931802610096466,-0.0566872766927245
0.0094,-0.0044,-4.874019296612957,-0.008039418546150484,-0.05280936021992958
0.0095,-0.0044,-4.842926372061687,-0.006194016734945896,-0.047411832884319195
0.0096,-0.0044,-4.833053869566403,-0.0044723465233496695,-0.03939903588212052
0.0097,-0.0044,-4.824910963100462,-0.0029197754752101563,-0.029577941736499413
0.0098,-0.0044,-4.821938957510741,-0.0014561310401102479,-0.020308802868120725
0.0099,-0.0044,-4.821657022164735,-0.0005136986826677135,-0.00946977576217546
0.01,-0.0044,-4.82212541491299,0.0,0.0
0.0,-0.0043,-4.608423848301022,0.0,0.0
0.0001,-0.0043,-4.607650678725574,0.00013922343058596449,0.006003031157094007
0.0002,-0.0043,-4.606837585645913,0.0003924699652287849,0.011342111616869655
0.0003,-0.0043,-4.604454728490581,0.0007131035902028346,0.01627049213286757
0.0004,-0.0043,-4.607003914562026,0.0011033357505566361,0.020211980019214256
0.0005,-0.0043,-4.609422908051876,0.0014431384720331878,0.023681880713730452
0.0006,-0.0043,-4.614799547124907,0.001709079245494194,0.026643153884596885
0.0007,-0.0043,-4.622049200008722,0.0019476488623347442,0.029095930704774443
0.0008,-0.0043,-4.632517113122295,0.0021515376463763776,0.03100065633364232
0.0009,-0.0043,-4.644662612002053,0.0023363896930313046,0.032636829105309524
0.001,-0.0043,-4.659024898547802,0.0024721162628693625,0.033961846079913705
0.0011,-0.0043,-4.676425547570978,0.0026452338721511736,0.035115377501669286
0.0012,-0.0043,-4.694739520195989,0.002717688752102815,0.03599197643291569
0.0013000000000000002,-0.0043,-4.71806578911357,0.0028441867592701887,0.036579928224848034
0.0014,-0.0043,-4.742842765379968,0.0029700380762795854,0.03718663207408237
0.0015,-0.0043,-4.76996345463283,0.0030356044561288525,0.03752719107353323
0.0016,-0.0043,-4.793204312720663,0.003157263680398266,0.03757739316440479
0.0017,-0.0043,-4.807333080273818,0.0032392941976574193,0.03761777502212265
0.0018,-0.0043,-4.81097806822023,0.0037555628097530355,0.03730351183683185
0.0019,-0.0043,-4.884775230997519,0.003729220361623417,0.036938311835805863
0.002,-0.0043,-4.924567180229614,0.0036318982779422054,0.03613500460156715
0.0021,-0.0043,-4.9797769307273665,0.003193370849731796,0.035400571182282514
0.0022,-0.0043,-4.980548347257849,0.0033663663319020544,0.03490396173552538
0.0023,-0.0043,-5.0016731197242805,0.0036758963241815008,0.03418379618914465
0.0024,-0.0043,-5.042657168907181,0.003829692342085847,0.03305466365770795
0.0025,-0.0043,-5.082789897340095,0.0038553765006534707,0.032035831897901865
0.0026000000000000003,-0.0043,-5.113034474359344,0.003965631869721002,0.03083016343585551
0.0027,-0.0043,-5.141889856353697,0.004019490615053477,0.029771041881486035
0.0028,-0.0043,-5.174964608721846,0.004101307215759113,0.02841775426960906
0.0029,-0.0043,-5.204457621580753,0.004082404472167078,0.027146565515969712
0.003,-0.0043,-5.233238379882849,0.004124903717541575,0.02592667424446972
0.0031,-0.0043,-5.260017717584033,0.004189055097706447,0.024733129224765806
0.0032,-0.0043,-5.286741236020992,0.004202093208406753,0.023283923246148464
0.0033000000000000004,-0.0043,-5.312335727217206,0.004289972137211192,0.022100019725484865
0.0034,-0.0043,-5.3359234225873164,0.004324829130717557,0.020780003654878643
0.0034999999999999996,-0.0043,-5.35952176919414,0.0043331484091781065,0.019537426051421003
0.0036,-0.0043,-5.379216858702658,0.00435910764594317,0.018450762772402905
0.0037,-0.0043,-5.400023881586806,0.004394113145284011,0.017240326059240536
0.0038,-0.0043,-5.419711547418051,0.004395259697554276,0.016034403385767528
0.0039,-0.0043,-5.437998899388893,0.004421317377760959,0.014938432549316677
0.004,-0.0043,-5.454020762536662,0.004381995614346627,0.013739050942140014
0.0041,-0.0043,-5.470478126620836,0.004415516529680105,0.012692510345191045
0.0042,-0.0043,-5.4856957092334016,0.004492974135581292,0.011536814490370327
0.0043,-0.0043,-5.4994460035552635,0.004430306095010657,0.010497918042567184
0.0044,-0.0043,-5.511141938565486,0.004307535383494457,0.009472140145077666
0.0045,-0.0043,-5.525416456915325,0.004220688042203651,0.008324695841839438
0.0046,-0.0043,-5.534180432468601,0.004380218003606116,0.007387908249060611
0.0047,-0.0043,-5.542866069421881,0.0042273340836510844,0.006336319859237651
0.0048,-0.0043,-5.550528160071622,0.004291786417573159,0.005379902530048621
0.0049,-0.0043,-5.560979921382774,0.004309917614410578,0.004303647766118126
0.005,-0.0043,-5.570958388737949,0.004048331401422316,0.0032687711726194033
0.0051,-0.0043,-5.580676000335209,0.0041257704980151785,0.002358047854450614
0.005200000000000001,-0.0043,-5.577093085871706,0.004044349035008477,0.001257162358019377
0.0053,-0.0043,-5.591190411152206,0.004018727531584105,0.0002938367781484053
0.0054,-0.0043,-5.590454564075419,0.0042177570602671,-0.0007619123001582717
0.0055,-0.0043,-5.597328126000503,0.0037977270913565468,-0.0016434988902728964
0.0056,-0.0043,-5.595252586356458,0.0037950335605011322,-0.002827167467559301
0.005700000000000001,-0.0043,-5.598584810686988,0.0038392802294473743,-0.003561576142614226
0.0058,-0.0043,-5.597592184176041,0.0036501350666826543,-0.004532673043421811
0.0059,-0.0043,-5.606319101032613,0.003434418517685324,-0.005552977416829353
0.006,-0.0043,-5.598529597144683,0.0034602775573745153,-0.006632513665661913
0.0061,-0.0043,-5.595581746971249,0.0033308969374102257,-0.007562079250852738
0.0062,-0.0043,-5.592773894337481,0.003066851091540056,-0.00855542280635405
0.0063,-0.0043,-5.589189373005308,0.002812412590030482,-0.009601508755109399
0.0064,-0.0043,-5.57370346313048,0.002611392761765495,-0.010543892208855902
0.006499999999999999,-0.0043,-5.571203160071731,0.0023907695207047927,-0.011673024520179476
0.006600000000000001,-0.0043,-5.559282350233934,0.0021593557229544974,-0.012781906606821047
0.0067,-0.0043,-5.5533275928835595,0.0019692598286599797,-0.013779764753074264
0.0068,-0.0043,-5.543688186969645,0.0016519412268199828,-0.014760277240148112
0.0069,-0.0043,-5.52808433324598,0.0012772298255927738,-0.015870895576024852
0.006999999999999999,-0.0043,-5.511031528594472,0.0010073163759439494,-0.016933448347685145
0.007100000000000001,-0.0043,-5.4982286034552645,0.0008032694357271088,-0.01796827786818418
0.0072,-0.0043,-5.48096193907804,0.0003540619205760109,-0.01906667345930669
0.0073,-0.0043,-5.467561901715526,-4.417751084821419e-05,-0.020322167944111062
0.0074,-0.0043,-5.448847245301395,-0.000550000972538217,-0.021471276675105917
0.0075,-0.0043,-5.428841032625771,-0.0010168758296754555,-0.022599094669797388
0.0076,-0.0043,-5.41003898390211,-0.0015234158244370624,-0.023858980535476016
0.0077,-0.0043,-5.382839647699557,-0.0019135029889865548,-0.02511482275376789
0.0078,-0.0043,-5.362072683164118,-0.0024933399680497556,-0.026425280788382695
0.0079,-0.0043,-5.340766521915468,-0.0030311107861349888,-0.027834497287389393
0.008,-0.0043,-5.317305050252097,-0.0036319819676822714,-0.02952312405445434
0.0081,-0.0043,-5.296015553135372,-0.004148725909710025,-0.03114063724929172
0.0082,-0.0043,-5.271582150410356,-0.004863310299464331,-0.03298194760638989
0.0083,-0.0043,-5.240651106486361,-0.005573201337422921,-0.03499203012342559
0.0084,-0.0043,-5.222667706192677,-0.006127641069749343,-0.03744678840236087
0.0085,-0.0043,-5.182037676325019,-0.00706152103443761,-0.039998861053722384
0.0086,-0.0043,-5.168503034719049,-0.00807701180491146,-0.04302945995267044
0.0087,-0.0043,-5.02063256056141,-0.008705918453706699,-0.04600316468410663
0.0088,-0.0043,-4.9023981193300505,-0.008358753708351747,-0.04940225244621259
0.0089,-0.0043,-5.05055642699522,-0.009499448643254277,-0.050860526467934875
0.009,-0.0043,-5.02089526754598,-0.010171346653321407,-0.05302273924231641
0.0091,-0.0043,-4.925312205908057,-0.010784105522193084,-0.0564615061464174
0.0092,-0.0043,-4.932470756686587,-0.010231976104770014,-0.057137086084834726
0.0093,-0.0043,-4.9288901527770586,-0.008448731462963623,-0.05831432073619261
0.0094,-0.0043,-4.880918289712636,-0.007451568446787177,-0.05427313684313482
0.0095,-0.0043,-4.858817639438672,-0.006237392554075263,-0.04920438161860008
0.0096,-0.0043,-4.846306247844645,-0.004457078903534442,-0.040885913707827216
0.0097,-0.0043,-4.836604544282501,-0.002858344031166559,-0.032021725350757986
0.0098,-0.0043,-4.8365571725466525,-0.0014651110797529036,-0.020717590267445577
0.0099,-0.0043,-4.8343989430974945,-0.0005106120543016283,-0.010336203294967964
0.01,-0.0043,-4.834735563804281,0.0,0.0
0.0,-0.0042,-4.611265630011512,0.0,0.0
0.0001,-0.0042,-4.609979445932252,0.0001473909832799226,0.005740272442613139
0.0002,-0.0042,-4.607752810498229,0.0004633171596179228,0.011047561663438255
0.0003,-0.0042,-4.60819753276478,0.0007982708580360888,0.015758481963712757
0.0004,-0.0042,-4.607918423611666,0.0011924241653475578,0.02006213151146487
0.0005,-0.0042,-4.611681778241358,0.001598374883338177,0.023340253382523164
0.0006,-0.0042,-4.61627224321843,0.0019509541382777594,0.026423823386588264
0.0007,-0.0042,-4.623020579640066,0.002265293828733303,0.028819561282858494
0.0008,-0.0042,-4.6332675256278035,0.002572721642981152,0.030912473219572703
0.0009,-0.0042,-4.644945900530756,0.002825242305618691,0.03246548423008029
0.001,-0.0042,-4.660120406333098,0.002974692915738314,0.033932217730006764
0.0011,-0.0042,-4.677470279019422,0.0031391599974595246,0.03490644375133944
0.0012,-0.0042,-4.696088741991766,0.0033236591585943907,0.03579118891924347
0.0013000000000000002,-0.0042,-4.7168615756953765,0.003493846787444241,0.03638407014738959
0.0014,-0.0042,-4.740386752099105,0.003636481235790312,0.03712533700143659
0.0015,-0.0042,-4.771272110509079,0.0038847861624895508,0.03736298886785288
0.0016,-0.0042,-4.800711892611593,0.003951024007123146,0.03748907135571029
0.0017,-0.0042,-4.8406884494858895,0.003973952422795403,0.038037991806406116
0.0018,-0.0042,-4.8491151951119775,0.003976384632035974,0.03777360720090759
0.0019,-0.0042,-4.837472409206586,0.0040382103999363,0.03686603795030687
0.002,-0.0042,-4.9186749587837975,0.004321616881207992,0.03599655566157846
0.0021,-0.0042,-4.960224535844506,0.004774814012719335,0.03539299898221636
0.0022,-0.0042,-4.978683622907798,0.004596365647704411,0.03465141825956147
0.0023,-0.0042,-5.018016966445503,0.004543313064642299,0.034150662663406356
0.0024,-0.0042,-5.047314031914266,0.004767330757720345,0.03313799360995814
0.0025,-0.0042,-5.07603927170512,0.0049023743664472225,0.03197467097337715
0.0026000000000000003,-0.0042,-5.108026662716286,0.005002676652362845,0.0308442037470673
0.0027,-0.0042,-5.140092860827731,0.00501821415894179,0.029751792981108655
0.0028,-0.0042,-5.171527244348894,0.0051015427314744805,0.02847828513540364
0.0029,-0.0042,-5.199019335791961,0.005230586520342505,0.027138814537386504
0.003,-0.0042,-5.227827563655792,0.0052409782949328935,0.025873893415215288
0.0031,-0.0042,-5.255559195514708,0.005232632565148486,0.024587719536355992
0.0032,-0.0042,-5.281831911089069,0.005366278037666941,0.02330895277337318
0.0033000000000000004,-0.0042,-5.3065120924534614,0.005391676163967951,0.022067902977424725
0.0034,-0.0042,-5.330225504235993,0.005420316939699954,0.020830742100330705
0.0034999999999999996,-0.0042,-5.354258593625812,0.00543369852278339,0.019585671888410785
0.0036,-0.0042,-5.375585808254976,0.00547970880865069,0.018399401616355022
0.0037,-0.0042,-5.396351220228994,0.005486640046011001,0.017157625416596736
0.0038,-0.0042,-5.414463610487223,0.005549151107823033,0.01603305171325762
0.0039,-0.0042,-5.432419941571147,0.00551440130938551,0.0148694902868926
0.004,-0.0042,-5.450029566706868,0.005620081877544884,0.01371508084038996
0.0041,-0.0042,-5.466091276736884,0.005624251214632722,0.012626320993557491
0.0042,-0.0042,-5.4794687332990035,0.005567942052211301,0.011553378520153793
0.0043,-0.0042,-5.494466255543673,0.005592621215512366,0.010483963912021483
0.0044,-0.0042,-5.508167895381628,0.005456531220093269,0.009471538640343106
0.0045,-0.0042,-5.518125152164335,0.00563550946023711,0.008325430828681072
0.0046,-0.0042,-5.533400211207813,0.005548360185898828,0.007312018992422842
0.0047,-0.0042,-5.5404042227699835,0.005602024734325104,0.006338728275598141
0.0048,-0.0042,-5.547565425252225,0.005532586779884499,0.0052535363448218955
0.0049,-0.0042,-5.554720430120698,0.005608338615525495,0.004346352237755727
0.005,-0.0042,-5.570352481548966,0.005363077119224112,0.0033778135757418734
0.0051,-0.0042,-5.569608257965594,0.005529705318262654,0.0024524211396396763
0.005200000000000001,-0.0042,-5.576434837524687,0.00534141438372284,0.0013205401762275415
0.0053,-0.0042,-5.583834703315642,0.005212089424613872,0.0004780244074824785
0.0054,-0.0042,-5.5880522434996465,0.005331365304936084,-0.0006753294932231864
0.0055,-0.0042,-5.591230353436818,0.005347816669665362,-0.001354238277846797
0.0056,-0.0042,-5.59603730816399,0.005139472813549598,-0.002385898557766986
0.005700000000000001,-0.0042,-5.594681850377447,0.004945673100251677,-0.003618183958091574
0.0058,-0.0042,-5.593901702300931,0.004819801209894183,-0.004475561521114824
0.0059,-0.0042,-5.5994534136328316,0.004900723046235353,-0.005409224226639671
0.006,-0.0042,-5.590569401545221,0.004573875434455794,-0.006405283986648611
0.0061,-0.0042,-5.593279345397289,0.004658404060026071,-0.007406091391850361
0.0062,-0.0042,-5.58800779195238,0.004291015365329671,-0.008467060706180788
0.0063,-0.0042,-5.583621065593153,0.004265392052682167,-0.009440142363688358
0.0064,-0.0042,-5.571438995695133,0.004060128288819096,-0.010456449815715023
0.006499999999999999,-0.0042,-5.570769478905455,0.0038448610904832643,-0.011370792126260843
0.006600000000000001,-0.0042,-5.554942547937208,0.003596605274031522,-0.012319613028484886
0.0067,-0.0042,-5.547843656817815,0.003256860029498396,-0.013258537117505832
0.0068,-0.0042,-5.540152863673587,0.002932602418747603,-0.014518736429026624
0.0069,-0.0042,-5.521655401742033,0.0027176740468072523,-0.015477826814967495
0.006999999999999999,-0.0042,-5.506660192706975,0.002413158031213897,-0.016582325088883174
0.007100000000000001,-0.0042,-5.492139860316738,0.0020127861361922744,-0.01773227908359743
0.0072,-0.0042,-5.48188426890538,0.0015703804406953998,-0.018696104865906123
0.0073,-0.0042,-5.462463702401766,0.0011652629936333015,-0.019926944363398008
0.0074,-0.0042,-5.445098434027429,0.0007971090900493008,-0.02096411806985074
0.0075,-0.0042,-5.42841459680244,0.0002482521647481066,-0.02215488329845472
0.0076,-0.0042,-5.409926646114602,-0.0002528002502388724,-0.023411108437848528
0.0077,-0.0042,-5.385502752731897,-0.0006460823311871986,-0.02456133730284889
0.0078,-0.0042,-5.36285379675099,-0.0012875117310599592,-0.025891468801941354
0.0079,-0.0042,-5.343993985644584,-0.0018824680943083432,-0.027316960519596298
0.008,-0.0042,-5.320208522350667,-0.0024625769800244663,-0.028941710068111293
0.0081,-0.0042,-5.295090422382572,-0.003102195274527412,-0.030579168311645716
0.0082,-0.0042,-5.273951434869691,-0.003781054910752509,-0.03241952843286932
0.0083,-0.0042,-5.244760224973052,-0.0045794627503516865,-0.03428524231495416
0.0084,-0.0042,-5.214257053035866,-0.005229727098612997,-0.03672718559000564
0.0085,-0.0042,-5.172338852256044,-0.005929383287454557,-0.039407530584928456
0.0086,-0.0042,-5.1296889539519634,-0.006467135367061411,-0.042172189662645965
0.0087,-0.0042,-5.1975210647977725,-0.006987958237428086,-0.04453565412742974
0.0088,-0.0042,-5.244217185551507,-0.007536619424369436,-0.045994403282873235
0.0089,-0.0042,-5.168697170095793,-0.009801230647645758,-0.05100554716014502
0.009,-0.0042,-5.019732792773599,-0.008684654928585249,-0.05426864650912702
0.0091,-0.0042,-5.211898636267579,-0.009636865848268191,-0.054139372250127195
0.0092,-0.0042,-4.990376247442889,-0.008390437615642598,-0.05754347458772831
0.0093,-0.0042,-4.874604867144092,-0.00914429326929745,-0.05764914015674758
0.0094,-0.0042,-4.9092760817518455,-0.008242139593234788,-0.05513948449202977
0.0095,-0.0042,-4.872741839096945,-0.006058766410368617,-0.0504576106599995
0.0096,-0.0042,-4.8589632269227145,-0.004445822167636058,-0.04285018096567277
0.0097,-0.0042,-4.851292037954499,-0.0028455906605546967,-0.03251057457482104
0.0098,-0.0042,-4.845169834997449,-0.0014825556441614533,-0.02272814732983865
0.0099,-0.0042,-4.8474645335040725,-0.00048445764371145554,-0.010653716372015683
0.01,-0.0042,-4.846148476298186,0.0,0.0
0.0,-0.0041,-4.61189643906938,0.0,0.0
0.0001,-0.0041,-4.612152143913611,0.00016994319043176523,0.005599888565984764
0.0002,-0.0041,-4.610163155899391,0.00047679655772696686,0.010810265127781084
0.0003,-0.0041,-4.609260162727377,0.0008822428286927319,0.015324416993841294
0.0004,-0.0041,-4.609800864551966,0.0013254657652999918,0.019395578603519127
0.0005,-0.0041,-4.611169664369953,0.0017963834719146414,0.023216047714765008
0.0006,-0.0041,-4.615138532604322,0.002243191788070482,0.02596946283558135
0.0007,-0.0041,-4.6228745546210614,0.0025495124019502663,0.028415844609435515
0.0008,-0.0041,-4.631962964126542,0.002868081357522013,0.030573240097085164
0.0009,-0.0041,-4.643835905322779,0.0031700426265292812,0.03213254730686709
0.001,-0.0041,-4.6577473864866725,0.0034422076862060886,0.03367950426790033
0.0011,-0.0041,-4.675773049568162,0.0036408507080488484,0.03467799497684255
0.0012,-0.0041,-4.693279562576551,0.0039583741553910175,0.035505295560806595
0.0013000000000000002,-0.0041,-4.7153133218666206,0.004110914064374807,0.03625794743726052
0.0014,-0.0041,-4.739868439090449,0.0043213820497825335,0.03682276425809457
0.0015,-0.0041,-4.767954362518369,0.00466995806617699,0.03714120584148619
0.0016,-0.0041,-4.808722342618838,0.0050372213506421105,0.03721633686682791
0.0017,-0.0041,-4.849070735215194,0.004550485087521404,0.03697699060483067
0.0018,-0.0041,-4.887482274774715,0.005358700240617961,0.03676622583764805
0.0019,-0.0041,-4.9013974819485036,0.004810678880196361,0.03629679065331397
0.002,-0.0041,-4.953340652836774,0.004913296529323427,0.036054589759808
0.0021,-0.0041,-4.934375560283168,0.005528474273862916,0.035748750539079215
0.0022,-0.0041,-4.9763434919759995,0.005783163212292986,0.034865943404213964
0.0023,-0.0041,-5.017107259391332,0.005604076266240277,0.033625203014468495
0.0024,-0.0041,-5.042678607658256,0.005800365624606444,0.03276783106192522
0.0025,-0.0041,-5.07222545849929,0.005897891448760394,0.03182472822378229
0.0026000000000000003,-0.0041,-5.1029428943518615,0.006051509174693454,0.030584546963500138
0.0027,-0.0041,-5.136910391743043,0.006162029548387274,0.029433734366079625
0.0028,-0.0041,-5.163798696314738,0.006185857891991151,0.028295562904547034
0.0029,-0.0041,-5.193064832714765,0.0062867530144942166,0.027042746230561594
0.003,-0.0041,-5.221958262218043,0.006289521449054442,0.025749531561185146
0.0031,-0.0041,-5.248943981769261,0.00642985264414532,0.02462370069707498
0.0032,-0.0041,-5.275403780607419,0.006416424850622902,0.023266745106444334
0.0033000000000000004,-0.0041,-5.300271501519509,0.006443419822173288,0.022014212951058678
0.0034,-0.0041,-5.324672607978422,0.006518245588368984,0.020722264340553506
0.0034999999999999996,-0.0041,-5.346449980818928,0.006579900723766941,0.019492482035355137
0.0036,-0.0041,-5.368911656785113,0.006626718328321785,0.018349936676045238
0.0037,-0.0041,-5.388324547031164,0.006638857132976123,0.01716158856894651
0.0038,-0.0041,-5.408212317864328,0.00667085144874914,0.0159710924548762
0.0039,-0.0041,-5.426426429103278,0.006691913537076895,0.014875943855119379
0.004,-0.0041,-5.44346022095489,0.006724490139567428,0.013673198783671379
0.0041,-0.0041,-5.460054770721426,0.0067570291133613935,0.01263149494414956
0.0042,-0.0041,-5.474239587125323,0.0066903165046363275,0.011560667221600335
0.0043,-0.0041,-5.486879776770325,0.006782407030766685,0.01046423478873802
0.0044,-0.0041,-5.501396855099268,0.006692465322605601,0.00947997289611789
0.0045,-0.0041,-5.512276852117547,0.006798447177911446,0.008365809565002472
0.0046,-0.0041,-5.5232660318783235,0.006843296779498815,0.007340275286763932
0.0047,-0.0041,-5.534491747371716,0.006802538735035882,0.006321370505264337
0.0048,-0.0041,-5.540674526298646,0.006717617564996697,0.005387341848114469
0.0049,-0.0041,-5.550314180971848,0.006771585213095996,0.00424798454906684
0.005,-0.0041,-5.559102042079635,0.0066779151874169496,0.0034128540915150693
0.0051,-0.0041,-5.568765673728451,0.006672454392932412,0.0024592452992210235
0.005200000000000001,-0.0041,-5.577540853210164,0.006684183336768429,0.0014587919028517691
0.0053,-0.0041,-5.577177286742318,0.006700526668964268,0.0004797509383770712
0.0054,-0.0041,-5.5839088274164075,0.0064310845607855535,-0.0005392975024969383
0.0055,-0.0041,-5.583387711732855,0.006542568733423445,-0.0016031628521326802
0.0056,-0.0041,-5.585701018179275,0.006261942065090991,-0.0026384815739786947
0.005700000000000001,-0.0041,-5.583123073960011,0.006207254601753486,-0.0033792512333745855
0.0058,-0.0041,-5.590172981746892,0.006233940392396484,-0.004360882439401122
0.0059,-0.0041,-5.582619416903841,0.006115324715542199,-0.005316654029147477
0.006,-0.0041,-5.583423515007751,0.00601558730515541,-0.006318236910491992
0.0061,-0.0041,-5.583680463047313,0.0058631217994586675,-0.007269974334064808
0.0062,-0.0041,-5.575835321416016,0.005591463597750353,-0.008291350721677327
0.0063,-0.0041,-5.572465359593869,0.005660236414333649,-0.009193519123180628
0.0064,-0.0041,-5.566204662923495,0.005475171484914463,-0.01017571845517358
0.006499999999999999,-0.0041,-5.55620403216791,0.005046403791719542,-0.011097151174733385
0.006600000000000001,-0.0041,-5.551802464606903,0.004846568417606046,-0.012076307538675665
0.0067,-0.0041,-5.540151871525064,0.004620096954577891,-0.013204878129500814
0.0068,-0.0041,-5.527995009290762,0.004226541237093903,-0.014150013443605797
0.0069,-0.0041,-5.5196471355264025,0.004022196650525565,-0.01531600094003304
0.006999999999999999,-0.0041,-5.503028545592649,0.003664215147954496,-0.01614712116172531
0.007100000000000001,-0.0041,-5.486233612913682,0.0033330273795920333,-0.017248061860177542
0.0072,-0.0041,-5.472213890828303,0.0029629656439728825,-0.01845596204215712
0.0073,-0.0041,-5.458713528483504,0.002552625349699622,-0.019614520793245827
0.0074,-0.0041,-5.440917116653171,0.002041535583753843,-0.020486117388769376
0.0075,-0.0041,-5.422069456326349,0.001594938614956526,-0.021695751323756698
0.0076,-0.0041,-5.403311540104346,0.0009852582245519152,-0.02285988966565074
0.0077,-0.0041,-5.381115587663271,0.0004453618467351581,-0.024073114326590206
0.0078,-0.0041,-5.365724690994738,-0.0001025466015400751,-0.025372768574923488
0.0079,-0.0041,-5.341333652890684,-0.0007557502840020614,-0.026696593029839566
0.008,-0.0041,-5.322304602888986,-0.0013656470562190518,-0.028356295044762836
0.0081,-0.0041,-5.296703488675307,-0.0020283691985453446,-0.029758409430541005
0.0082,-0.0041,-5.2744627525943955,-0.002693709371949938,-0.0315948484675942
0.0083,-0.0041,-5.2515560977457225,-0.0034272887095018545,-0.03371756167887259
0.0084,-0.0041,-5.222520713399151,-0.004175006482269214,-0.0359323403995965
0.0085,-0.0041,-5.215447252858009,-0.004798854152878601,-0.03841413212630522
0.0086,-0.0041,-5.198471400493466,-0.00589007555638181,-0.041576712488964294
0.0087,-0.0041,-5.150959904381287,-0.006907943464891448,-0.045434491563875856
0.0088,-0.0041,-5.167126798500327,-0.007584459152407172,-0.049088683705484804
0.0089,-0.0041,-5.211934584473015,-0.008154259270156944,-0.05154096432258362
0.009,-0.0041,-4.935443514630073,-0.009267088876797966,-0.05424203974266661
0.0091,-0.0041,-5.093240030306632,-0.009463968106253643,-0.05664122831436792
0.0092,-0.0041,-4.9189087742947635,-0.0082615805134603,-0.061747368971646135
0.0093,-0.0041,-5.036394140432246,-0.007507273413109361,-0.05952109480509156
0.0094,-0.0041,-4.937247385538216,-0.007459727515215692,-0.05680786289106861
0.0095,-0.0041,-4.8944312128162935,-0.0059819021454893635,-0.052099904945988665
0.0096,-0.0041,-4.867302300209008,-0.004442870150000206,-0.044363007164913024
0.0097,-0.0041,-4.861114177801257,-0.002828553082307729,-0.034403170250793015
0.0098,-0.0041,-4.856917504420922,-0.001440769491590471,-0.02323019452839964
0.0099,-0.0041,-4.855788365887893,-0.00048451857273055094,-0.011807709188796154
0.01,-0.0041,-4.85373733628113,0.0,0.0
0.0,-0.004,-4.611917939168188,0.0,0.0
0.0001,-0.004,-4.613080917386483,0.00017604259850703718,0.0053273319640019055
0.0002,-0.004,-4.610649667900635,0.0005096010229284448,0.010351740415607998
0.0003,-0.004,-4.609020716201981,0.0009236654779666581,0.014838406240767876
0.0004,-0.004,-4.609183937808025,0.0014404281679984473,0.019137172487066867
0.0005,-0.004,-4.6107793277630735,0.0019605079879303432,0.022634406963061005
0.0006,-0.004,-4.616266179644895,0.002438662169381711,0.02543858859633292
0.0007,-0.004,-4.623104693436096,0.002925416110085323,0.028211092012270407
0.0008,-0.004,-4.630303036553931,0.0032354398021548904,0.030300266024419032
0.0009,-0.004,-4.643030988947804,0.003569262780979124,0.03204471200035229
0.001,-0.004,-4.6570282773387115,0.0039316106606884305,0.03318158571220372
0.0011,-0.004,-4.6726118395221725,0.004221351934378192,0.0344612242979253
0.0012,-0.004,-4.691870425558724,0.004477348907764993,0.035394281372146986
0.0013000000000000002,-0.004,-4.712266043268901,0.004695033322169246,0.03612829899864169
0.0014,-0.004,-4.73243621260655,0.00500066229340446,0.03657726753421032
0.0015,-0.004,-4.755643989963323,0.005225874155705396,0.036865079902107724
0.0016,-0.004,-4.773604424146317,0.005327823277990621,0.036877704301308156
0.0017,-0.004,-4.798832607423757,0.005562587555544456,0.03686493619121154
0.0018,-0.004,-4.823539756690093,0.0058359546779841,0.037023388345705656
0.0019,-0.004,-4.880431602847595,0.006175582994688955,0.036192245243717086
0.002,-0.004,-4.935150420333137,0.006506346647334325,0.03595747648856795
0.0021,-0.004,-4.956161774109238,0.005992333023999503,0.035058408360098395
0.0022,-0.004,-4.96415504893869,0.006347069483131094,0.034601012914874676
0.0023,-0.004,-4.9762839719016805,0.006733836423833549,0.03382274140621045
0.0024,-0.004,-5.021184530314759,0.006842548273049362,0.03277397903695657
0.0025,-0.004,-5.059859552014444,0.006950238982795006,0.03179304718321272
0.0026000000000000003,-0.004,-5.095473728888599,0.007075958155810608,0.03061483986472498
0.0027,-0.004,-5.1259870576489295,0.007184583331096387,0.02942755380830181
0.0028,-0.004,-5.155729784287047,0.007237700220511095,0.02814830987617724
0.0029,-0.004,-5.186045169994201,0.007324112249167439,0.02704756900092908
0.003,-0.004,-5.214196604580922,0.007426714001784527,0.02567968789068953
0.0031,-0.004,-5.241430984417443,0.007462096380203605,0.024415814728104876
0.0032,-0.004,-5.267892672373537,0.007490346694799365,0.0232534599970929
0.0033000000000000004,-0.004,-5.291763925774128,0.007616109577840623,0.02192622011688727
0.0034,-0.004,-5.316647077234717,0.0076352908451578555,0.020737626506022275
0.0034999999999999996,-0.004,-5.338860363969858,0.007670319261511713,0.019496280862005416
0.0036,-0.004,-5.359544272121138,0.007699395475763421,0.018290368771770083
0.0037,-0.004,-5.381885072629041,0.007728259606835286,0.017091045019469384
0.0038,-0.004,-5.399870050042571,0.00776770490025212,0.01591435287885926
0.0039,-0.004,-5.419766005977078,0.00783878030905206,0.014770468196229632
0.004,-0.004,-5.435035990894662,0.007842760214568673,0.013752376786520793
0.0041,-0.004,-5.452524998502471,0.007865307621098943,0.012598471205093057
0.0042,-0.004,-5.467858710959404,0.007908503741652705,0.011533500064336758
0.0043,-0.004,-5.482568840528081,0.007932041279028372,0.010503701488752987
0.0044,-0.004,-5.4955172975814275,0.00793091234215411,0.009399509460154802
0.0045,-0.004,-5.507700468201124,0.00795777051224511,0.00846101181285114
0.0046,-0.004,-5.517054367100514,0.007896263042891956,0.007419441784549355
0.0047,-0.004,-5.527310010324279,0.008023673628150414,0.006369304921523278
0.0048,-0.004,-5.538020137755086,0.007888090737479331,0.005386943875185789
0.0049,-0.004,-5.544355774201217,0.007922673085674101,0.00437373555340768
0.005,-0.004,-5.552977760067283,0.00800414949540224,0.0035022346167890434
0.0051,-0.004,-5.560657901145337,0.00790201341542826,0.0025337044216135695
0.005200000000000001,-0.004,-5.561968575507239,0.007982774924277508,0.0015875260540145148
0.0053,-0.004,-5.564618972762815,0.007883586508989635,0.000356039575397949
0.0054,-0.004,-5.577006301505144,0.00755143690210198,-0.0006021244112955327
0.0055,-0.004,-5.58962068061435,0.007831840677719968,-0.0013253053857613566
0.0056,-0.004,-5.578958808767451,0.007969620957223677,-0.0022686879769726535
0.005700000000000001,-0.004,-5.577161214312553,0.007341574139803124,-0.0033560175752137635
0.0058,-0.004,-5.579017153029396,0.007484166165775592,-0.004210674829418728
0.0059,-0.004,-5.576857512481475,0.007337302807929358,-0.005199551240917564
0.006,-0.004,-5.57560563670079,0.007423544164615051,-0.0061915315020414675
0.0061,-0.004,-5.567702748611295,0.007238751236560777,-0.00709540472064032
0.0062,-0.004,-5.567610842472519,0.007001947246134866,-0.008098316417106064
0.0063,-0.004,-5.560138103308161,0.006670266334004087,-0.008972569532692449
0.0064,-0.004,-5.5523040862355675,0.006661877663201497,-0.01011755942591597
0.006499999999999999,-0.004,-5.5431290423442325,0.0063936738511742005,-0.011242953193331554
0.006600000000000001,-0.004,-5.532352817840819,0.006208844192784478,-0.012056338070616863
0.0067,-0.004,-5.530600092266439,0.005979811486220285,-0.01299845933522164
0.0068,-0.004,-5.519085287325973,0.005558071565544704,-0.014013002768508438
0.0069,-0.004,-5.509358424670391,0.0053890212721794915,-0.01478933878641761
0.006999999999999999,-0.004,-5.491968631630214,0.00500683064222837,-0.015895063673444863
0.007100000000000001,-0.004,-5.4772349613553075,0.004624710442654201,-0.016820195797092968
0.0072,-0.004,-5.461841897953293,0.004252803297741019,-0.017856045941426164
0.0073,-0.004,-5.451390751309467,0.003781441219446996,-0.019102474520768603
0.0074,-0.004,-5.432746210617131,0.0033439127517918155,-0.019969989012508894
0.0075,-0.004,-5.417320352912445,0.0028175138360260633,-0.02116189175998695
0.0076,-0.004,-5.397903621373458,0.0022104701406576214,-0.02228417513903135
0.0077,-0.004,-5.37825944561083,0.0016752924745819034,-0.02353571612406359
0.0078,-0.004,-5.358374108635717,0.001102963066660112,-0.02481434295311849
0.0079,-0.004,-5.339956329962908,0.0004613494669999526,-0.0261173575151374
0.008,-0.004,-5.316693955022765,-0.00021731074283168548,-0.027527010474401672
0.0081,-0.004,-5.294801541446704,-0.000935568633372132,-0.02907603431381099
0.0082,-0.004,-5.273361564811439,-0.0016473640563183151,-0.030899796379189673
0.0083,-0.004,-5.247055711013817,-0.0024328613628773095,-0.0328975863372391
0.0084,-0.004,-5.228683021480269,-0.0032687979510727253,-0.03510019867236559
0.0085,-0.004,-5.204310695759412,-0.00410314564305774,-0.03770974005001751
0.0086,-0.004,-5.178590251712617,-0.005205636605002909,-0.04067391599604053
0.0087,-0.004,-5.0898157386075535,-0.005965237030145731,-0.043628781321146726
0.0088,-0.004,-5.051213369619586,-0.006732388818508745,-0.04708442684494069
0.0089,-0.004,-4.976224521181161,-0.007457508505430477,-0.04926078739075824
0.009,-0.004,-5.131479653315702,-0.007949339353600598,-0.05343685578684202
0.0091,-0.004,-5.064847199840286,-0.008932109983973494,-0.057373960807037674
0.0092,-0.004,-4.9867101902531985,-0.007435402200526315,-0.05752250626415321
0.0093,-0.004,-4.955827369203879,-0.0062333438717623,-0.059995927074493166
0.0094,-0.004,-4.913723167484763,-0.0066210519867917865,-0.057300582817951896
0.0095,-0.004,-4.898494390334992,-0.005677083391119721,-0.05343325483991171
0.0096,-0.004,-4.883800031251076,-0.004492663751030836,-0.0461484882238938
0.0097,-0.004,-4.869795320171854,-0.0028165100099171963,-0.036763258526987745
0.0098,-0.004,-4.8669063093367555,-0.0014590210727887883,-0.024660231507803013
0.0099,-0.004,-4.86448632201882,-0.0005294079245488497,-0.01204148653009182
0.01,-0.004,-4.860749148007019,0.0,0.0
0.0,-0.0039,-4.611875683770647,0.0,0.0
0.0001,-0.0039,-4.613909626418271,0.00017989171336466546,0.0050838213386257625
0.0002,-0.0039,-4.610877109608372,0.0005140859996966276,0.009922180400964112
0.0003,-0.0039,-4.607667865258797,0.0009639222996982399,0.014452731054505747
0.0004,-0.0039,-4.608558322608339,0.001524255985859876,0.018420714412681106
0.0005,-0.0039,-4.6103069510032375,0.0020359668475142447,0.022178907727851322
0.0006,-0.0039,-4.613472507612066,0.002568182439522923,0.024844616694165322
0.0007,-0.0039,-4.621092872583068,0.003111426586084432,0.027587556238277453
0.0008,-0.0039,-4.628995629166328,0.003559829433931029,0.02981870324573324
0.0009,-0.0039,-4.640883815795239,0.003969789177026215,0.031609558479582155
0.001,-0.0039,-4.654023077800925,0.004342618138628933,0.03285134197110802
0.0011,-0.0039,-4.668201503803816,0.004757037469383132,0.03433571552723594
0.0012,-0.0039,-4.686778576691625,0.005056509608254569,0.03504933401066435
0.0013000000000000002,-0.0039,-4.707098537773376,0.0053232618761869495,0.03574542533552323
0.0014,-0.0039,-4.729949947971252,0.005592541122942168,0.0363413219464622
0.0015,-0.0039,-4.751284496225651,0.00581796491792606,0.03671511631173147
0.0016,-0.0039,-4.77672753311304,0.006066375963970655,0.03700127746735284
0.0017,-0.0039,-4.795558949108565,0.006378013055031881,0.03725700600857639
0.0018,-0.0039,-4.826218207942782,0.006704736504875658,0.03687339215934865
0.0019,-0.0039,-4.87416885983041,0.006907475353448986,0.03629047643681538
0.002,-0.0039,-4.832173806149335,0.007160201572987516,0.035860559276208355
0.0021,-0.0039,-4.907896307717867,0.007414856766728673,0.03487853396939107
0.0022,-0.0039,-4.962765270881304,0.007595840310719821,0.03439393668682484
0.0023,-0.0039,-5.01375996187842,0.007792968668641887,0.033801714554028216
0.0024,-0.0039,-5.028900452605322,0.007814993935157851,0.03264097854920305
0.0025,-0.0039,-5.0598765196697935,0.007924451496455055,0.03159739875511247
0.0026000000000000003,-0.0039,-5.090717516160835,0.008032524148570775,0.03050050901204613
0.0027,-0.0039,-5.117053458058335,0.00814534818396515,0.029318809127176895
0.0028,-0.0039,-5.147206764827242,0.008270512522012316,0.02807162947154487
0.0029,-0.0039,-5.176575968553188,0.008405857959784135,0.026883562648062416
0.003,-0.0039,-5.204711774620503,0.008445275929528798,0.02561689605876537
0.0031,-0.0039,-5.232051631475007,0.008517429865294133,0.024458398240998297
0.0032,-0.0039,-5.258164543784815,0.008684474683839127,0.023128437973899223
0.0033000000000000004,-0.0039,-5.283519977341486,0.008667813451484277,0.021958335387462568
0.0034,-0.0039,-5.306747048485538,0.008769365927174142,0.020695220787385536
0.0034999999999999996,-0.0039,-5.3303754796478415,0.008747625147598968,0.01949417341272487
0.0036,-0.0039,-5.351435337050754,0.008802519948304192,0.01831344717822426
0.0037,-0.0039,-5.3725185683907934,0.008897612905386184,0.01710483904122269
0.0038,-0.0039,-5.392536608017626,0.008951603663329064,0.015925382688363788
0.0039,-0.0039,-5.410505201896193,0.008968181724237623,0.014721984667870579
0.004,-0.0039,-5.42660099646925,0.008959208751209766,0.013708009342394648
0.0041,-0.0039,-5.443109690531486,0.008993303770696173,0.012604484868618865
0.0042,-0.0039,-5.458400344014532,0.009007391426232669,0.011506608817353423
0.0043,-0.0039,-5.470827064309906,0.00903658090733916,0.010441513956326155
0.0044,-0.0039,-5.484386172140844,0.009096598483692727,0.009345247184977909
0.0045,-0.0039,-5.498602270543691,0.009087118866472598,0.008424040004317294
0.0046,-0.0039,-5.511949299879441,0.009195406683156339,0.007357341046481231
0.0047,-0.0039,-5.520153264405163,0.009193884945713252,0.006395584314188525
0.0048,-0.0039,-5.52854585115933,0.00908705598913657,0.005400292565304801
0.0049,-0.0039,-5.53633315433354,0.009092826609488944,0.004456693381859748
0.005,-0.0039,-5.545300360230779,0.00917146094445905,0.003443551344655248
0.0051,-0.0039,-5.551645998387347,0.009179745886781344,0.0024249839724960853
0.005200000000000001,-0.0039,-5.55451413972544,0.009097574591101455,0.001440492227446789
0.0053,-0.0039,-5.558870302026013,0.009259566975571313,0.0006365841314852511
0.0054,-0.0039,-5.5614470889396825,0.00897146709850773,-0.0003188639481717045
0.0055,-0.0039,-5.567802896208573,0.00880341077601484,-0.0011052904334028617
0.0056,-0.0039,-5.564601321644388,0.009275102048263293,-0.0020108534025333096
0.005700000000000001,-0.0039,-5.5580922799770285,0.008823363853946881,-0.003066070388492593
0.0058,-0.0039,-5.564346461213344,0.008822567485818389,-0.0040900889559932945
0.0059,-0.0039,-5.562438981834306,0.00876671837498322,-0.005131277412606085
0.006,-0.0039,-5.565118794927766,0.008607347815605047,-0.0060891578634208144
0.0061,-0.0039,-5.560834437229649,0.008551715402660625,-0.006982233517321858
0.0062,-0.0039,-5.5457273922108925,0.008083935121183062,-0.007896011427135733
0.0063,-0.0039,-5.5467766223002695,0.00814517384669921,-0.008854753750493397
0.0064,-0.0039,-5.536548236369051,0.008100334361782622,-0.009838180708361675
0.006499999999999999,-0.0039,-5.534610965424498,0.007905680097522454,-0.010798244976026246
0.006600000000000001,-0.0039,-5.525190480738168,0.0075079431125026595,-0.011881452087631382
0.0067,-0.0039,-5.515770348331973,0.0071496910005548675,-0.012786802867925707
0.0068,-0.0039,-5.50324970682571,0.006851117137578995,-0.013616532135118481
0.0069,-0.0039,-5.489489107357628,0.006615840296057162,-0.014589304357711125
0.006999999999999999,-0.0039,-5.477639415028673,0.006345182480957318,-0.01558466420253709
0.007100000000000001,-0.0039,-5.468580063594056,0.00597985142542255,-0.01656097671869716
0.0072,-0.0039,-5.449491660778186,0.005530690765581794,-0.01757158319737347
0.0073,-0.0039,-5.433572059898754,0.005091572168734462,-0.018389897872047627
0.0074,-0.0039,-5.422460356513944,0.004564617217353386,-0.01960929247526509
0.0075,-0.0039,-5.403858849276846,0.004122549573035058,-0.02061564763591718
0.0076,-0.0039,-5.385467127396155,0.003399000422664356,-0.021723244296162368
0.0077,-0.0039,-5.366013193975855,0.0028312468393325626,-0.022900819099715673
0.0078,-0.0039,-5.349875050616327,0.0022489492326599136,-0.024132947398430055
0.0079,-0.0039,-5.331211317900191,0.0016849021113979263,-0.02542989032224598
0.008,-0.0039,-5.312746563955052,0.000882392422906142,-0.02684252313579973
0.0081,-0.0039,-5.290138930481601,0.0001366323726825179,-0.028309685135514535
0.0082,-0.0039,-5.270310572938159,-0.0006563067531737479,-0.0299666436214174
0.0083,-0.0039,-5.249599501202622,-0.001432094562262197,-0.03194593406053114
0.0084,-0.0039,-5.227498254392302,-0.0022964440256287343,-0.03424996465402887
0.0085,-0.0039,-5.196870621128391,-0.003239357659872465,-0.036645798975442456
0.0086,-0.0039,-5.170063876441303,-0.004012429799610319,-0.0395983841996242
0.0087,-0.0039,-5.186580833455869,-0.004747698678718261,-0.0423211614990389
0.0088,-0.0039,-5.185006345490063,-0.00576556507193131,-0.04504303566229566
0.0089,-0.0039,-5.139434198766354,-0.006569638706307163,-0.0479785159579018
0.009,-0.0039,-4.941225464493133,-0.007188479450424077,-0.05254603611330505
0.0091,-0.0039,-5.169576825259919,-0.00674720093017152,-0.057831390306689795
0.0092,-0.0039,-5.131738069487844,-0.007343311633144695,-0.05790729250060233
0.0093,-0.0039,-4.941771202809339,-0.008232384453749218,-0.06117041361169731
0.0094,-0.0039,-4.944443467435944,-0.006937891256377045,-0.058995426675499
0.0095,-0.0039,-4.886903817374939,-0.0052912782839723395,-0.05520754261113001
0.0096,-0.0039,-4.884749965922499,-0.00422423502934862,-0.04750557375962458
0.0097,-0.0039,-4.874860800903271,-0.002814730168639738,-0.03780727777598354
0.0098,-0.0039,-4.875988752648548,-0.0015349514185208461,-0.025702808829381
0.0099,-0.0039,-4.871080166276888,-0.0005582179747470339,-0.012861123331792765
0.01,-0.0039,-4.85999728427552,0.0,0.0
0.0,-0.0038,-4.611401849568772,0.0,0.0
0.0001,-0.0038,-4.608654028897097,0.000187808200976524,0.004851847882838169
0.0002,-0.0038,-4.607643844543743,0.0005460560075546548,0.00945048925012211
0.0003,-0.0038,-4.6052449893758265,0.0010330822466039986,0.013867381802495589
0.0004,-0.0038,-4.607294630652688,0.0015579457105704356,0.01783156562327088
0.0005,-0.0038,-4.606742518114141,0.0021956411861468396,0.02135603551993069
0.0006,-0.0038,-4.610871427700511,0.002763232813103801,0.024414404773840055
0.0007,-0.0038,-4.617479828719074,0.003312146204016685,0.02714067650572606
0.0008,-0.0038,-4.625569101989244,0.003976225424234845,0.029321812288170192
0.0009,-0.0038,-4.635818512377678,0.004344719657998838,0.03117218608156476
0.001,-0.0038,-4.649369254360631,0.004795772135143472,0.03256996103677884
0.0011,-0.0038,-4.66382972727152,0.005155897148428876,0.03380192537707181
0.0012,-0.0038,-4.682532416979842,0.005560434042384445,0.03479819423524782
0.0013000000000000002,-0.0038,-4.702695773783209,0.005940547097403957,0.03544597928545268
0.0014,-0.0038,-4.722303832659845,0.006270621167306943,0.03607995308052842
0.0015,-0.0038,-4.745222308867269,0.0064975420785947455,0.036500359103223086
0.0016,-0.0038,-4.768990927328577,0.006849864880614781,0.036783062304468775
0.0017,-0.0038,-4.803283962946562,0.007486063967949772,0.03679509776014655
0.0018,-0.0038,-4.836739375888026,0.007469231020003722,0.03650567399347155
0.0019,-0.0038,-4.864397354889824,0.0076358144830155,0.0361215864248625
0.002,-0.0038,-4.885707045991004,0.007737434115422929,0.03617042875277033
0.0021,-0.0038,-4.88375500907497,0.008300224535882209,0.03530000586329124
0.0022,-0.0038,-4.940257269949773,0.008503047775684612,0.034442025437198
0.0023,-0.0038,-4.971508002803901,0.00870936176292264,0.033300238164147844
0.0024,-0.0038,-5.017975166121674,0.008889584534706278,0.03247056771507363
0.0025,-0.0038,-5.047514315129747,0.008918831857871666,0.031452463892104106
0.0026000000000000003,-0.0038,-5.074123717526549,0.009054881011520627,0.030337754336083378
0.0027,-0.0038,-5.105178183875935,0.009236085440657486,0.029223182092731344
0.0028,-0.0038,-5.136462430980798,0.009421449875927954,0.028014854552018267
0.0029,-0.0038,-5.165437435715949,0.009495989473961929,0.02679014470926947
0.003,-0.0038,-5.19322472667556,0.009577713204198063,0.025683221366236422
0.0031,-0.0038,-5.220618473167009,0.009640449338711832,0.024350844093434548
0.0032,-0.0038,-5.247495080887577,0.009712767873791418,0.023176886920397835
0.0033000000000000004,-0.0038,-5.272422826742215,0.009810706097579062,0.021820289410072614
0.0034,-0.0038,-5.29612379657733,0.009829284097325482,0.020653549337048195
0.0034999999999999996,-0.0038,-5.319865821210285,0.0098700982493935,0.01939289063691703
0.0036,-0.0038,-5.341228431848971,0.009939666567122129,0.018161898843098833
0.0037,-0.0038,-5.362020359344993,0.010026937722151382,0.017087208478762477
0.0038,-0.0038,-5.380868800984792,0.01007632894068685,0.01588923432097131
0.0039,-0.0038,-5.398950222248423,0.010091475397901867,0.014785791847205708
0.004,-0.0038,-5.416225381992234,0.010137157496143074,0.013583010063884052
0.0041,-0.0038,-5.4336273581779375,0.010115109790682395,0.012515267820551224
0.0042,-0.0038,-5.44837296950511,0.010196928956432028,0.011535657963104075
0.0043,-0.0038,-5.465331746175917,0.010225319813244333,0.010417207739181103
0.0044,-0.0038,-5.476056781899198,0.010239059752685072,0.009332694622403903
0.0045,-0.0038,-5.488134425187182,0.010290573959948956,0.008327274135715252
0.0046,-0.0038,-5.498607530336277,0.010301542073480182,0.007309142951250171
0.0047,-0.0038,-5.5073224172996085,0.010300306581442476,0.0063915409758850145
0.0048,-0.0038,-5.517117383287475,0.010372260044217076,0.0053206242052672645
0.0049,-0.0038,-5.528768958430772,0.010353434886138938,0.004363742847607516
0.005,-0.0038,-5.530394049688603,0.010376749268929616,0.003425276378761342
0.0051,-0.0038,-5.539050642527397,0.010340251353376009,0.0025220094263103043
0.005200000000000001,-0.0038,-5.541985813083853,0.010231696036503896,0.0015198842724182826
0.0053,-0.0038,-5.546889369292898,0.01027193467089037,0.0006502088198556766
0.0054,-0.0038,-5.545455637039674,0.010242847291625709,-0.0004320977988799879
0.0055,-0.0038,-5.552820817549589,0.01038249020111187,-0.0014714536707536767
0.0056,-0.0038,-5.550271381694507,0.010428761362213336,-0.0022442277786739826
0.005700000000000001,-0.0038,-5.5496707305117505,0.010161312100210372,-0.003258978609514321
0.0058,-0.0038,-5.5572341636552975,0.010251330531944405,-0.00422661238129443
0.0059,-0.0038,-5.549778260143596,0.010181259996879882,-0.005154527235166507
0.006,-0.0038,-5.546336176110987,0.009890737121685953,-0.005892724580129397
0.0061,-0.0038,-5.544759099552904,0.009600476842979114,-0.006833124084414838
0.0062,-0.0038,-5.536328848352254,0.009534874368292538,-0.007830592380865602
0.0063,-0.0038,-5.530699848834346,0.009372468164945696,-0.008772519103129872
0.0064,-0.0038,-5.525384327536069,0.00931489855372342,-0.00964204834171221
0.006499999999999999,-0.0038,-5.515924330933977,0.008964811557555975,-0.010503865477517058
0.006600000000000001,-0.0038,-5.505379849870411,0.008830273455960722,-0.011565935040942126
0.0067,-0.0038,-5.4981072302197385,0.008633460968009201,-0.012356127080927745
0.0068,-0.0038,-5.482720512719298,0.00814721419088261,-0.013436034444476542
0.0069,-0.0038,-5.473177441284224,0.00791451128673566,-0.014309046855473876
0.006999999999999999,-0.0038,-5.456566723880234,0.0077160526798724085,-0.015116934747140097
0.007100000000000001,-0.0038,-5.452542794569207,0.007286070023001118,-0.016011515169166674
0.0072,-0.0038,-5.434141437241827,0.006848954783368108,-0.017059809727875328
0.0073,-0.0038,-5.4256992086387035,0.006350610250138101,-0.018036728621972475
0.0074,-0.0038,-5.4090514974084565,0.005747533745277902,-0.018996134302636934
0.0075,-0.0038,-5.3908804133886195,0.005375417553016919,-0.020029601230976593
0.0076,-0.0038,-5.374078317268233,0.00468977222434274,-0.02107796744181295
0.0077,-0.0038,-5.35324944087968,0.004106113522001887,-0.022227855690573103
0.0078,-0.0038,-5.3422365054645296,0.0033527020060667868,-0.023492843914476855
0.0079,-0.0038,-5.321268588645145,0.0027755947574853463,-0.024762445927633367
0.008,-0.0038,-5.305057989155296,0.00198674271397369,-0.026129362214682112
0.0081,-0.0038,-5.280160357690613,0.0011143599367244295,-0.027559884583657865
0.0082,-0.0038,-5.261644545202885,0.0003574762191860384,-0.029294315132600647
0.0083,-0.0038,-5.245435733724421,-0.0004343330227186179,-0.031229759239881163
0.0084,-0.0038,-5.216041290120588,-0.001308077776263902,-0.033472101160135596
0.0085,-0.0038,-5.200954441926803,-0.002262414812169952,-0.035771359429163395
0.0086,-0.0038,-5.182224197225894,-0.0031310590709330358,-0.03887110475372505
0.0087,-0.0038,-5.169761926861887,-0.004356823089173785,-0.042641815651904696
0.0088,-0.0038,-5.119707382381162,-0.005136348870617368,-0.04695642493258623
0.0089,-0.0038,-5.1418881186020196,-0.005193661620734437,-0.04828707163401931
0.009,-0.0038,-5.122973753333727,-0.008076533644585654,-0.05381334529679448
0.0091,-0.0038,-5.022960174967838,-0.006697269614259216,-0.054984057034908246
0.0092,-0.0038,-4.9858466576505585,-0.008701822858117299,-0.05922860996701721
0.0093,-0.0038,-4.845682581596941,-0.006503475614523188,-0.06159227142785428
0.0094,-0.0038,-4.853093727001744,-0.006100387976593572,-0.060451534034493305
0.0095,-0.0038,-4.892624375265867,-0.005265527471909054,-0.05555454535719391
0.0096,-0.0038,-4.884927804415357,-0.004500844781725318,-0.04950798947474913
0.0097,-0.0038,-4.885042132875822,-0.0027087206221626373,-0.0391472037171027
0.0098,-0.0038,-4.881208256893387,-0.0016301358993638306,-0.027348429162408684
0.0099,-0.0038,-4.872600310024614,-0.0006087190724925222,-0.013458612606282628
0.01,-0.0038,-4.863249233423502,0.0,0.0
0.0,-0.0037,-4.6104753631339035,0.0,0.0
0.0001,-0.0037,-4.606761319169005,0.00018355402029758672,0.004598449691207006
0.0002,-0.0037,-4.605431189789314,0.0005410047472285516,0.009082603818659652
0.0003,-0.0037,-4.604809587857269,0.0010633522902242603,0.013409197866473745
0.0004,-0.0037,-4.603071304304223,0.0016523497188523425,0.017415030070486424
0.0005,-0.0037,-4.604148484080417,0.002315881901273627,0.02087417886037458
0.0006,-0.0037,-4.608972748542032,0.0029306197801268613,0.023904486396118165
0.0007,-0.0037,-4.612692951832442,0.0035389287503104308,0.026472700967397973
0.0008,-0.0037,-4.622052903699926,0.004144412487565271,0.028856239247250504
0.0009,-0.0037,-4.632129120121461,0.004694321962039901,0.030580545178783475
0.001,-0.0037,-4.6432989845629695,0.005249428006324096,0.03209890990103919
0.0011,-0.0037,-4.658425352989621,0.005632328952907658,0.03333263590083324
0.0012,-0.0037,-4.675402862675176,0.00609911812047912,0.03438046151702408
0.0013000000000000002,-0.0037,-4.695249793958649,0.0065046835833619705,0.03505417977026593
0.0014,-0.0037,-4.717399548088086,0.006867369686878674,0.03581476528513681
0.0015,-0.0037,-4.740146221258421,0.0072361748863930654,0.03615172814546113
0.0016,-0.0037,-4.76865874636145,0.007699105577952153,0.036239920166098075
0.0017,-0.0037,-4.801050545641978,0.007962711016646902,0.036143988810259875
0.0018,-0.0037,-4.80954982428465,0.008254394680175383,0.035742983401174815
0.0019,-0.0037,-4.83790674448777,0.008610840631801873,0.03579926634130511
0.002,-0.0037,-4.889374770438895,0.008734364304238037,0.035392379519522635
0.0021,-0.0037,-4.940632409833595,0.009080694018877669,0.03493244546339197
0.0022,-0.0037,-4.947624251158437,0.009385028235696993,0.034405692446240636
0.0023,-0.0037,-4.968845336134504,0.009581595188952664,0.03314974043970295
0.0024,-0.0037,-5.008462521752278,0.009715823788141972,0.032265043517904456
0.0025,-0.0037,-5.028898283725134,0.009975842043808173,0.031285579129106726
0.0026000000000000003,-0.0037,-5.060221229476333,0.010080622200276333,0.030256001023885027
0.0027,-0.0037,-5.094136428036431,0.010246929859270839,0.02910829778081342
0.0028,-0.0037,-5.12438215110284,0.010340701860631085,0.02786664198700263
0.0029,-0.0037,-5.153188427902717,0.010542338793859546,0.026718976680486513
0.003,-0.0037,-5.181054567724979,0.010610860984213986,0.025471316501999033
0.0031,-0.0037,-5.208334580147162,0.01066867902764803,0.024227736477877043
0.0032,-0.0037,-5.234503206085258,0.01077357091354812,0.02303051009524135
0.0033000000000000004,-0.0037,-5.2600222983094005,0.010854210719956476,0.021837127969707777
0.0034,-0.0037,-5.283412196627431,0.0108960891716618,0.020581247466190555
0.0034999999999999996,-0.0037,-5.306743936160113,0.010957072674591721,0.0193245623812221
0.0036,-0.0037,-5.328335471938678,0.011080001322514146,0.01819468797419494
0.0037,-0.0037,-5.349432345131263,0.011126098481206478,0.017043399780914018
0.0038,-0.0037,-5.368921799541931,0.011146892163268116,0.015835579232896718
0.0039,-0.0037,-5.386556699078822,0.011239998751782339,0.014717645203051475
0.004,-0.0037,-5.403832922517256,0.011262149998173786,0.013592308683605992
0.0041,-0.0037,-5.420599191670835,0.011326888941685471,0.012484384237996807
0.0042,-0.0037,-5.438076208891982,0.01129784696025251,0.011466467891314263
0.0043,-0.0037,-5.449717275040758,0.011402164182785493,0.010384777069074076
0.0044,-0.0037,-5.464203573659272,0.01146510923176348,0.009423074258530116
0.0045,-0.0037,-5.477026193705203,0.011458370908048793,0.008308191151552175
0.0046,-0.0037,-5.488855298041301,0.011477956231507753,0.0073950400052371695
0.0047,-0.0037,-5.496259848963183,0.011529878659469958,0.0063010026576010725
0.0048,-0.0037,-5.50448289747845,0.011531725390782451,0.005376042417259018
0.0049,-0.0037,-5.515318036978347,0.011553010447201799,0.004435600502175468
0.005,-0.0037,-5.522254778417069,0.011582910336447176,0.003502248385731474
0.0051,-0.0037,-5.5263294908404506,0.011541289776167044,0.0025058009172372678
0.005200000000000001,-0.0037,-5.531067846400951,0.011578630805475505,0.0014832122909576714
0.0053,-0.0037,-5.534714884214171,0.01166273167499595,0.0006915608293268398
0.0054,-0.0037,-5.536237708879904,0.011560285680551797,-0.0002718858823502502
0.0055,-0.0037,-5.5404931883018005,0.011408866263295408,-0.0012088142110266336
0.0056,-0.0037,-5.538392808682834,0.011444260906803276,-0.0022419222399679365
0.005700000000000001,-0.0037,-5.539247644597477,0.01147312861952694,-0.003209564973284311
0.0058,-0.0037,-5.537241497132312,0.011709791453787843,-0.003954723831073354
0.0059,-0.0037,-5.532401401779538,0.011267933490675163,-0.004742327275838513
0.006,-0.0037,-5.530082939233207,0.01095117325388769,-0.005675488362119664
0.0061,-0.0037,-5.526683781776809,0.010892081630589813,-0.006771500206800025
0.0062,-0.0037,-5.5169247592462085,0.010973525866090517,-0.007620621565730987
0.0063,-0.0037,-5.510106537025475,0.010843260301803508,-0.008611618141889125
0.0064,-0.0037,-5.50410747305874,0.010087993226893445,-0.009403055117530335
0.006499999999999999,-0.0037,-5.494256633943024,0.010206066545531927,-0.010386551019854428
0.006600000000000001,-0.0037,-5.484704297929018,0.010198608083980418,-0.011216866344547567
0.0067,-0.0037,-5.4749419200633085,0.010058995146115485,-0.012191442909847213
0.0068,-0.0037,-5.467574557667203,0.00941245998948655,-0.012771060618460867
0.0069,-0.0037,-5.450276373725123,0.009081638293209331,-0.013814246855221335
0.006999999999999999,-0.0037,-5.440296005933195,0.008846296928222716,-0.014753000364979618
0.007100000000000001,-0.0037,-5.428927153878406,0.008547444486741244,-0.015851147107339553
0.0072,-0.0037,-5.4152567649856795,0.007895375878157406,-0.016578856788316228
0.0073,-0.0037,-5.4028000383024395,0.007574689920702961,-0.017441315975259882
0.0074,-0.0037,-5.386240438943283,0.00693652262499625,-0.018552918791926266
0.0075,-0.0037,-5.372670415478487,0.006448095651451937,-0.019422906986113545
0.0076,-0.0037,-5.359139969556333,0.005856306714512906,-0.020550709806509138
0.0077,-0.0037,-5.342018200909306,0.0052702470343515264,-0.021625339173826863
0.0078,-0.0037,-5.3262282360676245,0.004454408360010869,-0.022790679662857763
0.0079,-0.0037,-5.309895908110621,0.003811609396977804,-0.02403478909497617
0.008,-0.0037,-5.292881330870959,0.0030210688202307154,-0.025260955696198146
0.0081,-0.0037,-5.271910017127354,0.0022299148809761574,-0.026790592455393204
0.0082,-0.0037,-5.253144215049198,0.0014390120126577155,-0.028375680138464133
0.0083,-0.0037,-5.2349163733261594,0.0005464836507567448,-0.030264437461071887
0.0084,-0.0037,-5.213761291423814,-0.0003890649034111401,-0.03233550958350426
0.0085,-0.0037,-5.1984280363399975,-0.0013928989930816812,-0.03501268458971587
0.0086,-0.0037,-5.167580453949727,-0.002538782021370093,-0.03769757419748179
0.0087,-0.0037,-5.101005068402206,-0.003652059014341043,-0.040873230778314194
0.0088,-0.0037,-5.010101704332253,-0.0041985295258957075,-0.044512670675224165
0.0089,-0.0037,-5.054556994124457,-0.005036799951516913,-0.04764129563598355
0.009,-0.0037,-5.019242131181515,-0.006397545381713807,-0.05354885203466615
0.0091,-0.0037,-4.958114783510632,-0.005493496829126719,-0.0552855497493188
0.0092,-0.0037,-4.9770308456965635,-0.006677728973987268,-0.05965808293765216
0.0093,-0.0037,-5.003026999138038,-0.005427872709649862,-0.061509641008725295
0.0094,-0.0037,-4.871188492008017,-0.006487100765730659,-0.059787849228954894
0.0095,-0.0037,-4.90518210356318,-0.004970450073091747,-0.05709520705665694
0.0096,-0.0037,-4.893837835495471,-0.004736944065184268,-0.05062895070954887
0.0097,-0.0037,-4.889320200488326,-0.002766213380299335,-0.04018622421988202
0.0098,-0.0037,-4.88435310111891,-0.0015595500115692326,-0.028364350967120946
0.0099,-0.0037,-4.882744178702744,-0.0005195685112927466,-0.014417522330218108
0.01,-0.0037,-4.8705086818439645,0.0,0.0
0.0,-0.0036,-4.60679001768846,0.0,0.0
0.0001,-0.0036,-4.60429792003011,0.00019713218306782588,0.0043282792867233326
0.0002,-0.0036,-4.6015760647644885,0.000558428904142065,0.008621279001003781
0.0003,-0.0036,-4.60055140950154,0.0010891612433458,0.012784491272217991
0.0004,-0.0036,-4.598260924660174,0.0017362620203835333,0.016612400499647906
0.0005,-0.0036,-4.598859445160865,0.002397261861843289,0.020096495948646563
0.0006,-0.0036,-4.601500050013598,0.0031099333406398896,0.023375258019687064
0.0007,-0.0036,-4.607960383992055,0.0038063761445005593,0.02593947748081842
0.0008,-0.0036,-4.616456865520514,0.004412732395846231,0.028275796456621788
0.0009,-0.0036,-4.624868464995898,0.005026069834857512,0.030129162450420223
0.001,-0.0036,-4.636388953473122,0.005556406688832512,0.03169379903979121
0.0011,-0.0036,-4.652189312079912,0.00606526833232146,0.032913632651138294
0.0012,-0.0036,-4.670098949782043,0.006627855083714169,0.03391132697018852
0.0013000000000000002,-0.0036,-4.687242358481938,0.007053004097351214,0.03474345100909285
0.0014,-0.0036,-4.708693430566517,0.007465828376340392,0.035330510914842066
0.0015,-0.0036,-4.7293533299261785,0.007861839320126086,0.03571870028821824
0.0016,-0.0036,-4.7539232178113275,0.008305183802105579,0.03584430206566972
0.0017,-0.0036,-4.774707421229112,0.008646379889075987,0.03604976904806192
0.0018,-0.0036,-4.806608007663191,0.0089652748992973,0.03580893917803966
0.0019,-0.0036,-4.8320521293499565,0.009395543442724943,0.03558070230900573
0.002,-0.0036,-4.858460171892873,0.00970902062168603,0.03516385348388577
0.0021,-0.0036,-4.902672892068675,0.01002053433696122,0.03431302103208968
0.0022,-0.0036,-4.951608011092718,0.010257953607314527,0.033574497968520904
0.0023,-0.0036,-4.957544433578868,0.010368611603803847,0.03283789127080502
0.0024,-0.0036,-4.978183090470786,0.010586819918085988,0.03206964225785447
0.0025,-0.0036,-5.016184627835581,0.010934863503794578,0.03113438985335606
0.0026000000000000003,-0.0036,-5.049886040885438,0.011080464835350606,0.030065609562724607
0.0027,-0.0036,-5.080771720879873,0.011266353677991413,0.028973975794138424
0.0028,-0.0036,-5.10972153810159,0.01138664695415994,0.02778427624827138
0.0029,-0.0036,-5.138866911616925,0.011548669355947595,0.026599507323624896
0.003,-0.0036,-5.167163399402877,0.01160414692514439,0.025323345084050566
0.0031,-0.0036,-5.1946257815648025,0.011719059175691444,0.024092917914243034
0.0032,-0.0036,-5.220986571182744,0.01182343772668395,0.022889933115226135
0.0033000000000000004,-0.0036,-5.245829380549442,0.011934738201672155,0.021683908211680536
0.0034,-0.0036,-5.270425325360562,0.012021530555346516,0.020502709774899364
0.0034999999999999996,-0.0036,-5.293581053703081,0.012085488633282605,0.0192614290287321
0.0036,-0.0036,-5.314882267450661,0.012213465953141836,0.01809063490995565
0.0037,-0.0036,-5.335577862184384,0.012210845667967749,0.01690358823215781
0.0038,-0.0036,-5.356005227862736,0.012260641359964384,0.015754139681617492
0.0039,-0.0036,-5.374984320303874,0.012392609863811885,0.014674347672592226
0.004,-0.0036,-5.391297377032249,0.012403458279145928,0.013563606422031072
0.0041,-0.0036,-5.407681977607002,0.01243138796168402,0.012469908896400842
0.0042,-0.0036,-5.423273938600323,0.012471206820993395,0.011438590002017517
0.0043,-0.0036,-5.438458696817762,0.012547671582283407,0.010374017412438381
0.0044,-0.0036,-5.45175458038048,0.01260512859438329,0.009274243872365678
0.0045,-0.0036,-5.461014230486284,0.012585085039716068,0.008281938516187356
0.0046,-0.0036,-5.475771958159994,0.012598932524020402,0.007275427167758238
0.0047,-0.0036,-5.481430491578684,0.012654217813617667,0.006318773234207974
0.0048,-0.0036,-5.491582620255586,0.012712247535883417,0.005321639894383887
0.0049,-0.0036,-5.502347254870296,0.012653728112469674,0.00442858696160469
0.005,-0.0036,-5.507553608393386,0.012730586019560003,0.003416096997819903
0.0051,-0.0036,-5.5151662717069785,0.012797589883150166,0.0025009772726970873
0.005200000000000001,-0.0036,-5.521248556948567,0.012562265428071224,0.001572080483640114
0.0053,-0.0036,-5.518832653078436,0.01275175603690356,0.0006031143718981326
0.0054,-0.0036,-5.522138344941054,0.012618431074639655,-0.00030594973901380937
0.0055,-0.0036,-5.5241930527438825,0.01269452740050104,-0.0012039683929045623
0.0056,-0.0036,-5.520842442430755,0.012558538016625638,-0.0020829264225432956
0.005700000000000001,-0.0036,-5.5183958116514376,0.01238594829145897,-0.002864138123799069
0.0058,-0.0036,-5.516458731361179,0.013063916140301819,-0.0037711458158131658
0.0059,-0.0036,-5.50491506534772,0.012239949034969083,-0.004792101080707642
0.006,-0.0036,-5.506731294680761,0.012096902117531309,-0.00574865524465995
0.0061,-0.0036,-5.505119340935736,0.012211110599384118,-0.00659640916288823
0.0062,-0.0036,-5.4958297847838,0.011641707165638802,-0.007535163796444586
0.0063,-0.0036,-5.492786492665125,0.011920200570568444,-0.008388176469780115
0.0064,-0.0036,-5.483818004438786,0.011714716758866869,-0.00921190251947089
0.006499999999999999,-0.0036,-5.472899150262093,0.01169652191734781,-0.010095234543478729
0.006600000000000001,-0.0036,-5.462741484477208,0.011036762868229064,-0.01099259054982823
0.0067,-0.0036,-5.452700179161491,0.010904013322700381,-0.011828489161812589
0.0068,-0.0036,-5.444379949822656,0.010803878036576349,-0.012720206664616734
0.0069,-0.0036,-5.430772653009758,0.010469810207961089,-0.013587526494955055
0.006999999999999999,-0.0036,-5.418567179402011,0.010034300876194767,-0.014311644788675927
0.007100000000000001,-0.0036,-5.405788642864322,0.009667947175065776,-0.015339670119098753
0.0072,-0.0036,-5.399088454666166,0.00919088480607447,-0.0161279069032093
0.0073,-0.0036,-5.381791930499623,0.008856040119246388,-0.017043581609985436
0.0074,-0.0036,-5.370206826078741,0.008296970403212393,-0.017916337723984915
0.0075,-0.0036,-5.3559769637055785,0.007710565289811564,-0.018925178533480237
0.0076,-0.0036,-5.340697780922017,0.006956293181187551,-0.019923636589955825
0.0077,-0.0036,-5.323540189209473,0.006393317587131519,-0.02097486077392685
0.0078,-0.0036,-5.308983262034721,0.005676250669635377,-0.022093500800853476
0.0079,-0.0036,-5.292980597652225,0.0049911111925057,-0.023230675956445325
0.008,-0.0036,-5.280005292820559,0.004098483341181412,-0.024632866687663676
0.0081,-0.0036,-5.260146059012607,0.0032569336452328446,-0.02581385556177255
0.0082,-0.0036,-5.241262370616157,0.0024125933492668413,-0.02762072201915819
0.0083,-0.0036,-5.223492209034454,0.001554813062368804,-0.029375468991129774
0.0084,-0.0036,-5.2049757151218135,0.0004745659328551876,-0.031445776232758293
0.0085,-0.0036,-5.173837067402282,-0.0005027088066325615,-0.03391072153685144
0.0086,-0.0036,-5.161451578587408,-0.001514823130374215,-0.036631283836689725
0.0087,-0.0036,-5.167668873118766,-0.002349131309562196,-0.03963172634239104
0.0088,-0.0036,-5.196127252018909,-0.003489529393368426,-0.04284128911321059
0.0089,-0.0036,-5.10883803940532,-0.0038631875161717747,-0.0468341290712007
0.009,-0.0036,-5.15820046699066,-0.004894767476200218,-0.050555366275737534
0.0091,-0.0036,-5.2005896519801205,-0.007175402820430982,-0.05428751789504358
0.0092,-0.0036,-4.949579537149492,-0.007739129247507468,-0.0607140493362257
0.0093,-0.0036,-4.899540604043308,-0.004992527746904125,-0.06174835214785084
0.0094,-0.0036,-4.937300806994273,-0.0048643607181237366,-0.06106590382880872
0.0095,-0.0036,-4.924241602936294,-0.00675123732182919,-0.05846571136298731
0.0096,-0.0036,-4.928174779954596,-0.0043049620760793016,-0.051747099844509294
0.0097,-0.0036,-4.887482390898895,-0.0027622961168554594,-0.04131504014599559
0.0098,-0.0036,-4.888778652366469,-0.0015154070359377125,-0.029010474887509186
0.0099,-0.0036,-4.888944090976161,-0.0004983142671698556,-0.015288826907057696
0.01,-0.0036,-4.881104407690736,0.0,0.0
0.0,-0.0034999999999999996,-4.601481383039797,0.0,0.0
0.0001,-0.0034999999999999996,-4.602706272657965,0.00019408396669339827,0.004065883218540014
0.0002,-0.0034999999999999996,-4.597980869575338,0.0005952281125051244,0.008158117280757696
0.0003,-0.0034999999999999996,-4.595514898217269,0.0011373531814956202,0.012219027856470093
0.0004,-0.0034999999999999996,-4.59463650520236,0.0016873953736144737,0.01585054252367107
0.0005,-0.0034999999999999996,-4.594478843381415,0.002457093641534843,0.019298626153779447
0.0006,-0.0034999999999999996,-4.599601892894421,0.0032418023193837805,0.022338785656389817
0.0007,-0.0034999999999999996,-4.603615086840444,0.003928979485031993,0.025420526750171597
0.0008,-0.0034999999999999996,-4.609715483103347,0.00461804867268434,0.027561575260864647
0.0009,-0.0034999999999999996,-4.618576245894229,0.005312819143858891,0.02950257744302681
0.001,-0.0034999999999999996,-4.629921500007193,0.00591885296965848,0.03093199602623858
0.0011,-0.0034999999999999996,-4.6437266392000724,0.006556245415095083,0.03234276036585113
0.0012,-0.0034999999999999996,-4.659422515112891,0.007066681078236165,0.03346710133819334
0.0013000000000000002,-0.0034999999999999996,-4.678505664054451,0.007602206680775362,0.03423782284303598
0.0014,-0.0034999999999999996,-4.698981455215589,0.008100993585320043,0.03489423980105987
0.0015,-0.0034999999999999996,-4.719616352911233,0.008481127523758751,0.0352929963034671
0.0016,-0.0034999999999999996,-4.739512007473869,0.008935597468065205,0.03552156794608897
0.0017,-0.0034999999999999996,-4.768758927325661,0.009426977702684362,0.035631323767680405
0.0018,-0.0034999999999999996,-4.801678128585722,0.009783417123587435,0.035430324412354074
0.0019,-0.0034999999999999996,-4.838398823983668,0.010162016484775467,0.035189819873568194
0.002,-0.0034999999999999996,-4.859387062814505,0.010426921557992921,0.034796106157382135
0.0021,-0.0034999999999999996,-4.881701456679945,0.010709009157910098,0.034169114445526026
0.0022,-0.0034999999999999996,-4.892016983246927,0.011054830064678379,0.03354240968018601
0.0023,-0.0034999999999999996,-4.922031607333274,0.01139311828989991,0.03298494220641034
0.0024,-0.0034999999999999996,-4.9761994522134385,0.01167921501558445,0.03196909475574077
0.0025,-0.0034999999999999996,-5.006524384000704,0.011846633259245409,0.03096674822692246
0.0026000000000000003,-0.0034999999999999996,-5.035124419133592,0.01206557361237617,0.029989924545842418
0.0027,-0.0034999999999999996,-5.065366707806684,0.012225860545864293,0.028793387274554945
0.0028,-0.0034999999999999996,-5.0948067569692554,0.012383346940277748,0.027621611696135057
0.0029,-0.0034999999999999996,-5.123158582947941,0.012518602526549467,0.02646725111739874
0.003,-0.0034999999999999996,-5.151429029949347,0.01271200700779093,0.02529354657794481
0.0031,-0.0034999999999999996,-5.17949789751296,0.012793287439984233,0.024037537933747244
0.0032,-0.0034999999999999996,-5.2056191397994,0.012938381775755042,0.02285375629958723
0.0033000000000000004,-0.0034999999999999996,-5.230966623596039,0.013070626634029482,0.02161692875690179
0.0034,-0.0034999999999999996,-5.2544819454863765,0.013121340842355583,0.020436615009066295
0.0034999999999999996,-0.0034999999999999996,-5.278788438698478,0.013230623404520228,0.019233512223537093
0.0036,-0.0034999999999999996,-5.300503804487304,0.01323692381546774,0.01799589378541108
0.0037,-0.0034999999999999996,-5.321997640694009,0.013342226163604599,0.016834407993771516
0.0038,-0.0034999999999999996,-5.341024439811289,0.013413404906184445,0.01571710792182317
0.0039,-0.0034999999999999996,-5.360713612758376,0.013482713353496704,0.01461045809177252
0.004,-0.0034999999999999996,-5.377397734313697,0.013548958048315244,0.01350014945510226
0.0041,-0.0034999999999999996,-5.395072781386097,0.013590883383701513,0.012404775499181748
0.0042,-0.0034999999999999996,-5.409882745637877,0.013686759306497105,0.011326913890569557
0.0043,-0.0034999999999999996,-5.422986024462628,0.01365888935484155,0.010275364719162258
0.0044,-0.0034999999999999996,-5.437694841327592,0.013711035867826772,0.00922663374367414
0.0045,-0.0034999999999999996,-5.4489492157923705,0.013778601453546452,0.008234121726039724
0.0046,-0.0034999999999999996,-5.4602265658247635,0.013788251045215957,0.007235621474871472
0.0047,-0.0034999999999999996,-5.4667133982755045,0.013848197216648062,0.006298852389523516
0.0048,-0.0034999999999999996,-5.477370136940055,0.013855755235016427,0.005307760382271157
0.0049,-0.0034999999999999996,-5.481650682094366,0.013942706128938992,0.004376431582959799
0.005,-0.0034999999999999996,-5.48882186991494,0.013880085887562805,0.0034542399392018214
0.0051,-0.0034999999999999996,-5.495376755280771,0.013953842070116605,0.002494062328629992
0.005200000000000001,-0.0034999999999999996,-5.499140478890863,0.014087969814154971,0.0016239648093477731
0.0053,-0.0034999999999999996,-5.5022776518979635,0.01407698933482498,0.0006212712503249882
0.0054,-0.0034999999999999996,-5.5057546399695845,0.013843759275154577,-0.00027006580385301047
0.0055,-0.0034999999999999996,-5.506908648973421,0.013837798582755668,-0.0011293368944955034
0.0056,-0.0034999999999999996,-5.502975345553975,0.01367645362443462,-0.00206058172965904
0.005700000000000001,-0.0034999999999999996,-5.501751040664762,0.013788358789256175,-0.0030414748175278256
0.0058,-0.0034999999999999996,-5.4982397397339335,0.013789420269060305,-0.003973601215574095
0.0059,-0.0034999999999999996,-5.49441846179991,0.013466159845780132,-0.0048622131637757054
0.006,-0.0034999999999999996,-5.492320794964442,0.01330961988676443,-0.005697037203156587
0.0061,-0.0034999999999999996,-5.485823610826976,0.013712268025616633,-0.0065594800895523485
0.0062,-0.0034999999999999996,-5.476625911159417,0.013254406603630376,-0.007280907961348593
0.0063,-0.0034999999999999996,-5.470868239475693,0.012966331213648092,-0.00826141823651872
0.0064,-0.0034999999999999996,-5.455368347754778,0.013111637373587498,-0.009046755584477052
0.006499999999999999,-0.0034999999999999996,-5.451689929015647,0.012432930967075779,-0.009913031494301616
0.006600000000000001,-0.0034999999999999996,-5.443133513725768,0.01245612394176648,-0.010663170107747491
0.0067,-0.0034999999999999996,-5.429657874456419,0.012162255004773817,-0.011604234626895502
0.0068,-0.0034999999999999996,-5.418856098742761,0.011689239244716286,-0.012416378826755711
0.0069,-0.0034999999999999996,-5.40597769551552,0.01168434169716174,-0.013274422952891217
0.006999999999999999,-0.0034999999999999996,-5.397760722768626,0.011165883995278826,-0.01400410809197416
0.007100000000000001,-0.0034999999999999996,-5.376053674730876,0.010729374554040553,-0.014810673387108442
0.0072,-0.0034999999999999996,-5.371598684081466,0.010310530567876118,-0.01563710703460875
0.0073,-0.0034999999999999996,-5.353919000274641,0.009829907836310494,-0.016520189723747938
0.0074,-0.0034999999999999996,-5.346885523150135,0.009354773748841336,-0.01739198527859195
0.0075,-0.0034999999999999996,-5.3305128723423145,0.00867719652691462,-0.01834468192285743
0.0076,-0.0034999999999999996,-5.316993815897048,0.00817674732994685,-0.019284993016915733
0.0077,-0.0034999999999999996,-5.305220267555181,0.007464288786501501,-0.020296280314034618
0.0078,-0.0034999999999999996,-5.2934134940202995,0.00668706166037414,-0.021344497911522223
0.0079,-0.0034999999999999996,-5.272267936636544,0.006074997662709574,-0.02245609811042362
0.008,-0.0034999999999999996,-5.256384280767917,0.005177322449488688,-0.02372514499185108
0.0081,-0.0034999999999999996,-5.245691703556331,0.0043389018854169325,-0.02495378789116316
0.0082,-0.0034999999999999996,-5.228812443186278,0.0034527055596088453,-0.026490423903331485
0.0083,-0.0034999999999999996,-5.209673879258455,0.00249821109405944,-0.028417086579416825
0.0084,-0.0034999999999999996,-5.189608020659951,0.0015185478207729232,-0.03034840424489499
0.0085,-0.0034999999999999996,-5.1730327834591385,0.0004321474156882006,-0.0329376641208475
0.0086,-0.0034999999999999996,-5.162301314902058,-0.000627441982935103,-0.03579134598922428
0.0087,-0.0034999999999999996,-5.152388898219943,-0.0018470388430818904,-0.0391273539906764
0.0088,-0.0034999999999999996,-5.123776026827723,-0.003004066798724314,-0.0430826899213413
0.0089,-0.0034999999999999996,-5.074348668173658,-0.0036859318440886427,-0.04699759758481134
0.009,-0.0034999999999999996,-5.077149736203061,-0.004554119041786407,-0.053053706921200816
0.0091,-0.0034999999999999996,-4.989183810168511,-0.005625530573224827,-0.05745809226106416
0.0092,-0.0034999999999999996,-4.957866200186206,-0.004742178272384797,-0.05957607398785558
0.0093,-0.0034999999999999996,-4.902165242401248,-0.005400071447706791,-0.061505184703890325
0.0094,-0.0034999999999999996,-4.9456405400353445,-0.006827929228275173,-0.06083382014211054
0.0095,-0.0034999999999999996,-4.901148395979865,-0.0057671908840855254,-0.059385550585663804
0.0096,-0.0034999999999999996,-4.899356357017913,-0.003896974334432052,-0.05325285374337329
0.0097,-0.0034999999999999996,-4.894286820112048,-0.002922518177156588,-0.042731000129928795
0.0098,-0.0034999999999999996,-4.887042810106272,-0.0014686284989902695,-0.031031899846723617
0.0099,-0.0034999999999999996,-4.886110323318748,-0.0005586762299626531,-0.015732530888443615
0.01,-0.0034999999999999996,-4.885042196452387,0.0,0.0
0.0,-0.0034,-4.593888021627173,0.0,0.0
0.0001,-0.0034,-4.594227169295351,0.00019901954765028305,0.003833981752227285
0.0002,-0.0034,-4.595848181631871,0.0005325618977854434,0.007716511728947527
0.0003,-0.0034,-4.5912497205667595,0.0011074865135372266,0.011550553574073424
0.0004,-0.0034,-4.589364195618408,0.001722556301348507,0.015273559306859237
0.0005,-0.0034,-4.591063895853931,0.0026551082170755283,0.018690039599107505
0.0006,-0.0034,-4.591107473102187,0.0033416628165319076,0.02164876776453055
0.0007,-0.0034,-4.597346064584327,0.004207786255585507,0.024384427606010062
0.0008,-0.0034,-4.602096191880217,0.004907411196691394,0.026878647695730142
0.0009,-0.0034,-4.61128121761019,0.005459208853122412,0.02862039435951369
0.001,-0.0034,-4.622994048702497,0.00627546409321827,0.030429387164963774
0.0011,-0.0034,-4.635987202020697,0.006940520719934843,0.031918594978926705
0.0012,-0.0034,-4.650807514922361,0.007556314863406032,0.033010681234171745
0.0013000000000000002,-0.0034,-4.668140291336114,0.008067912341262461,0.03376126148502197
0.0014,-0.0034,-4.687013670693935,0.008551746574679275,0.03435745631187919
0.0015,-0.0034,-4.70625216562525,0.009154410206893851,0.034790335020747555
0.0016,-0.0034,-4.736670183551056,0.009623250633261691,0.03510880790939055
0.0017,-0.0034,-4.758298592159299,0.010064102371731866,0.03513931735538555
0.0018,-0.0034,-4.785499420200319,0.010478580540695153,0.03510305621934593
0.0019,-0.0034,-4.806667446227481,0.010912245867824974,0.03472575205460548
0.002,-0.0034,-4.822047827516145,0.011267117135959617,0.034198370143770286
0.0021,-0.0034,-4.8668727819613435,0.011567083950164946,0.03386580271996718
0.0022,-0.0034,-4.900886066859571,0.011982789262533135,0.033358206511985636
0.0023,-0.0034,-4.949879064574097,0.012263868595880034,0.032526997974690365
0.0024,-0.0034,-4.97431735503629,0.012483046200000295,0.031637804584007244
0.0025,-0.0034,-4.991399350131007,0.012715412373603702,0.030677186753957503
0.0026000000000000003,-0.0034,-5.018442659625106,0.012987902189709986,0.029637830945561796
0.0027,-0.0034,-5.047020702957761,0.013191604348897554,0.028607015936538402
0.0028,-0.0034,-5.077442681243966,0.013392796389314392,0.02751150070538709
0.0029,-0.0034,-5.106599881359817,0.01357133742456243,0.02638075037295745
0.003,-0.0034,-5.134449722500885,0.013728106399300558,0.025093446266815356
0.0031,-0.0034,-5.161995567614858,0.013879783921881687,0.02390107496687411
0.0032,-0.0034,-5.18828362325706,0.014033249068831672,0.022750081691477034
0.0033000000000000004,-0.0034,-5.213774564866616,0.014063029440992459,0.021494841138705725
0.0034,-0.0034,-5.2389144100084275,0.014231844511766048,0.020303251290426393
0.0034999999999999996,-0.0034,-5.262112901952832,0.014249755232748504,0.019127225239838806
0.0036,-0.0034,-5.284236367459568,0.014369494413707884,0.017951115623278176
0.0037,-0.0034,-5.305952829380042,0.014454570392241756,0.01680262567284839
0.0038,-0.0034,-5.32615880114857,0.014525309214341012,0.01565485399010839
0.0039,-0.0034,-5.3437753138183,0.014562153649329952,0.014514425105099286
0.004,-0.0034,-5.361332165793694,0.014667721883216474,0.013427702289474692
0.0041,-0.0034,-5.378275198165659,0.014748809794859855,0.012352527509929474
0.0042,-0.0034,-5.393494562874402,0.014799834310487836,0.01130070198268026
0.0043,-0.0034,-5.407386446479736,0.014837195861499536,0.010284758655507539
0.0044,-0.0034,-5.421293023255031,0.01485018400019075,0.00922711188084592
0.0045,-0.0034,-5.431805493254467,0.014907085317057934,0.008242793946031148
0.0046,-0.0034,-5.443613159765848,0.014872415025231634,0.007233857730120867
0.0047,-0.0034,-5.454094867311998,0.015026340492570145,0.006235584703039072
0.0048,-0.0034,-5.46107700654399,0.015115718413947194,0.005292897486152359
0.0049,-0.0034,-5.4674066194221655,0.015037605147636392,0.004331959281550718
0.005,-0.0034,-5.4717979668992855,0.015125363521053535,0.0034017926462973874
0.0051,-0.0034,-5.479560810261686,0.015102831273813616,0.002526252491356713
0.005200000000000001,-0.0034,-5.484156374618558,0.015142143553912541,0.0015663898867297615
0.0053,-0.0034,-5.486909587595796,0.015022941271712062,0.0006657270123210973
0.0054,-0.0034,-5.487530265336945,0.01506030048842158,-0.00027417952014063075
0.0055,-0.0034,-5.486330512149259,0.015020199324828818,-0.0010653562504740898
0.0056,-0.0034,-5.487048449719925,0.014975316853032536,-0.002036490506994663
0.005700000000000001,-0.0034,-5.482447097558248,0.014882131815573333,-0.002904139516234473
0.0058,-0.0034,-5.4819620890553304,0.015002774452121831,-0.0038030630518792966
0.0059,-0.0034,-5.474736392969184,0.014847978918977012,-0.004513597368323621
0.006,-0.0034,-5.475683039329415,0.014451437890334894,-0.005409400499716109
0.0061,-0.0034,-5.466954096656329,0.014815947019846712,-0.006292750919090042
0.0062,-0.0034,-5.454841501395202,0.014434938421423718,-0.007134913178143462
0.0063,-0.0034,-5.4442227037756075,0.01436375145562857,-0.007989201550669196
0.0064,-0.0034,-5.433567157692124,0.013901596415505868,-0.008776939572631091
0.006499999999999999,-0.0034,-5.4261523594612795,0.013797450402173117,-0.009633870099594394
0.006600000000000001,-0.0034,-5.415577325200245,0.013520373463361239,-0.010459639108419268
0.0067,-0.0034,-5.409456930443046,0.013446838705099629,-0.011219807431313282
0.0068,-0.0034,-5.392902727259402,0.012988898424452508,-0.012091339218133382
0.0069,-0.0034,-5.383201697548034,0.012688713338565132,-0.012777111161229674
0.006999999999999999,-0.0034,-5.365502089309103,0.012259021171397273,-0.013664939856919155
0.007100000000000001,-0.0034,-5.351914928361448,0.011983626112721694,-0.014464913424760681
0.0072,-0.0034,-5.348826023554492,0.011284015320169552,-0.015360267585591562
0.0073,-0.0034,-5.327172354535126,0.010970522182807682,-0.015993102564973258
0.0074,-0.0034,-5.324290832188863,0.010324303448970597,-0.016860966418804618
0.0075,-0.0034,-5.306790371936555,0.00979310981659079,-0.01774929477128036
0.0076,-0.0034,-5.293218588912534,0.009132354386859427,-0.018637783747024954
0.0077,-0.0034,-5.279913555884485,0.008513346502281366,-0.019594385584409853
0.0078,-0.0034,-5.26805229115249,0.00792762381478098,-0.020593012152125566
0.0079,-0.0034,-5.257074158998444,0.007026422592337942,-0.021691824812448773
0.008,-0.0034,-5.239180925113427,0.006305459829023959,-0.0228276621384074
0.0081,-0.0034,-5.219999672503854,0.005331771732323606,-0.024221157251679934
0.0082,-0.0034,-5.21243639212597,0.004428665214598737,-0.025646880126914753
0.0083,-0.0034,-5.19492723803496,0.0034745466902988045,-0.027383462608955092
0.0084,-0.0034,-5.177513959766187,0.0024029260657026405,-0.029385352488410905
0.0085,-0.0034,-5.160117781480979,0.0013147110500913795,-0.031677015199822314
0.0086,-0.0034,-5.1377407332270515,0.00019509831254489014,-0.034571658862941154
0.0087,-0.0034,-5.119119056404173,-0.0012229662681735674,-0.037616538933617494
0.0088,-0.0034,-5.047991826732768,-0.0023802809634181914,-0.041168547622952
0.0089,-0.0034,-5.011215782424467,-0.003909367889650566,-0.04430308668705268
0.009,-0.0034,-4.839879618084576,-0.004809218423354345,-0.04969867406603107
0.0091,-0.0034,-4.752333856590582,-0.005373284535294363,-0.05639207794559875
0.0092,-0.0034,-5.09740380368589,-0.005338613954998341,-0.058133912727298315
0.0093,-0.0034,-4.998814138234289,-0.006279213097733605,-0.06155056643330514
0.0094,-0.0034,-4.916134550958164,-0.005870850401378937,-0.06304535639894918
0.0095,-0.0034,-4.920994627895595,-0.006383148960393114,-0.061650313920050985
0.0096,-0.0034,-4.9200694139837475,-0.0037991622132167654,-0.055331952496578796
0.0097,-0.0034,-4.901180233071625,-0.0025373418482692364,-0.04478965923679778
0.0098,-0.0034,-4.892053128560421,-0.0014709525035898222,-0.03152239580863852
0.0099,-0.0034,-4.889290630264387,-0.000523376112394932,-0.01630471909289988
0.01,-0.0034,-4.888013039628419,0.0,0.0
0.0,-0.0033000000000000004,-4.582888614049704,0.0,0.0
0.0001,-0.0033000000000000004,-4.591531360201243,0.00011384391472969545,0.0035271491441809296
0.0002,-0.0033000000000000004,-4.5880491588445045,0.0005980225022882717,0.007358506147963545
0.0003,-0.0033000000000000004,-4.585128295519825,0.0010373654865194768,0.010893651036845312
0.0004,-0.0033000000000000004,-4.5849868356542745,0.001831023654663503,0.014422124401146883
0.0005,-0.0033000000000000004,-4.583427800029557,0.0027197002745121494,0.017723761927355978
0.0006,-0.0033000000000000004,-4.585834496484625,0.0033474501247636014,0.020828641594258963
0.0007,-0.0033000000000000004,-4.588825916119846,0.004288674051940506,0.023778046513075482
0.0008,-0.0033000000000000004,-4.592557619794149,0.005008930031609907,0.025950087544375958
0.0009,-0.0033000000000000004,-4.603750721304528,0.005862901963496573,0.028026170981203503
0.001,-0.0033000000000000004,-4.613216226321989,0.006559991574866,0.029744985914503853
0.0011,-0.0033000000000000004,-4.6270753983380875,0.007216758832275669,0.031325877147156435
0.0012,-0.0033000000000000004,-4.639834645323727,0.007913980387340059,0.03225730114860983
0.0013000000000000002,-0.0033000000000000004,-4.657353928217402,0.008576225561250364,0.033197475906649086
0.0014,-0.0033000000000000004,-4.677914348642746,0.008976393705043582,0.033857067828578134
0.0015,-0.0033000000000000004,-4.69506779737787,0.009612663887766616,0.03431705425243295
0.0016,-0.0033000000000000004,-4.7177892550268075,0.010180067085300474,0.034716741739979184
0.0017,-0.0033000000000000004,-4.742712787093292,0.010739550369359238,0.03467065305245316
0.0018,-0.0033000000000000004,-4.769157304636826,0.011200521200477149,0.034679873457302744
0.0019,-0.0033000000000000004,-4.793057963807153,0.011567916697473143,0.03449320223885332
0.002,-0.0033000000000000004,-4.818983788419197,0.012057282015858256,0.03401363278679971
0.0021,-0.0033000000000000004,-4.852909531783418,0.012474496834292588,0.03370649764388047
0.0022,-0.0033000000000000004,-4.8834915269259485,0.012751309849837779,0.03291947895499812
0.0023,-0.0033000000000000004,-4.903472560377852,0.013097485842717756,0.032142106321360955
0.0024,-0.0033000000000000004,-4.933526996316785,0.013395819880449106,0.031232820957774687
0.0025,-0.0033000000000000004,-4.970782388301626,0.013690539467208815,0.030351027794415265
0.0026000000000000003,-0.0033000000000000004,-5.0012166626309895,0.013923447919586827,0.02946684146819821
0.0027,-0.0033000000000000004,-5.029928466681042,0.014154750846542186,0.028400800945354934
0.0028,-0.0033000000000000004,-5.0596962662703,0.01435778852879912,0.027298959766920296
0.0029,-0.0033000000000000004,-5.087840130161389,0.014569063950391087,0.026117720351798962
0.003,-0.0033000000000000004,-5.11602707303514,0.014753262389255612,0.02496512749702553
0.0031,-0.0033000000000000004,-5.143793734515212,0.014872251569236716,0.023739273934709662
0.0032,-0.0033000000000000004,-5.1703605551077265,0.015004651200494174,0.022625126500916897
0.0033000000000000004,-0.0033000000000000004,-5.195970258771657,0.015175453799394119,0.02141367844222751
0.0034,-0.0033000000000000004,-5.22069200282997,0.015257327758872752,0.020188204047282263
0.0034999999999999996,-0.0033000000000000004,-5.243562738289924,0.015397813631153327,0.019036284573350774
0.0036,-0.0033000000000000004,-5.266463613708554,0.015476301554457884,0.017858632866248593
0.0037,-0.0033000000000000004,-5.287299309116872,0.015541150835414809,0.01668144911636482
0.0038,-0.0033000000000000004,-5.308034437831603,0.0156777170833659,0.015610376027403144
0.0039,-0.0033000000000000004,-5.325843704139599,0.015761220146330215,0.014455713875550917
0.004,-0.0033000000000000004,-5.344112069767578,0.01580982877271273,0.013341054044416784
0.0041,-0.0033000000000000004,-5.361901742420876,0.015835959843553783,0.012288723024544793
0.0042,-0.0033000000000000004,-5.376900143783099,0.015940863805748863,0.01123336081768387
0.0043,-0.0033000000000000004,-5.391405606460822,0.01594351370030361,0.010200495582280667
0.0044,-0.0033000000000000004,-5.403359012370076,0.01600006490357962,0.00917858310105231
0.0045,-0.0033000000000000004,-5.414723131411122,0.01609713705757341,0.008198806646997195
0.0046,-0.0033000000000000004,-5.4253123844173015,0.016064677268520948,0.007181757056055171
0.0047,-0.0033000000000000004,-5.436973020158405,0.01621435973376198,0.00621039493096504
0.0048,-0.0033000000000000004,-5.443866135162402,0.016227563852129867,0.005293661568495395
0.0049,-0.0033000000000000004,-5.451738274378512,0.01626506306623188,0.00432278407095594
0.005,-0.0033000000000000004,-5.455845646739964,0.016132053534093273,0.0034303868052371466
0.0051,-0.0033000000000000004,-5.461019388514278,0.016210707318193126,0.002528312776963953
0.005200000000000001,-0.0033000000000000004,-5.465492848929355,0.016200535861076833,0.001548274307392613
0.0053,-0.0033000000000000004,-5.4671503964733095,0.01628075728358901,0.0006719848310611197
0.0054,-0.0033000000000000004,-5.466436946013436,0.01637949821352684,-0.0002607156599153167
0.0055,-0.0033000000000000004,-5.466100443290161,0.01617852952909544,-0.0011268217158318867
0.0056,-0.0033000000000000004,-5.462970604336719,0.01614327530772206,-0.0020487717694281904
0.005700000000000001,-0.0033000000000000004,-5.461394924687448,0.016120738501372762,-0.002846923843859593
0.0058,-0.0033000000000000004,-5.45672507530857,0.016123183393540436,-0.0037274456237531618
0.0059,-0.0033000000000000004,-5.450430972071911,0.01597336675413502,-0.004478594301726375
0.006,-0.0033000000000000004,-5.447588097837055,0.015787586462300482,-0.005346437219622538
0.0061,-0.0033000000000000004,-5.438882972409833,0.015629091259497307,-0.006111624697592331
0.0062,-0.0033000000000000004,-5.428956719443792,0.015622699162194432,-0.007022790744793381
0.0063,-0.0033000000000000004,-5.418979878164717,0.015263851782550292,-0.007843462437353328
0.0064,-0.0033000000000000004,-5.40869436314856,0.01509823770422405,-0.008570316716429037
0.006499999999999999,-0.0033000000000000004,-5.399191521278679,0.014960980224563963,-0.009382978593565076
0.006600000000000001,-0.0033000000000000004,-5.388538630553467,0.014600523844246392,-0.010198217116895414
0.0067,-0.0033000000000000004,-5.375682304805503,0.014272453151310791,-0.011007938158259144
0.0068,-0.0033000000000000004,-5.366036577122503,0.014020998061186533,-0.011743167090757537
0.0069,-0.0033000000000000004,-5.361065042350551,0.013744200435827556,-0.012533740264700693
0.006999999999999999,-0.0033000000000000004,-5.340650042728348,0.013405918802491019,-0.013269052939527199
0.007100000000000001,-0.0033000000000000004,-5.330512222683375,0.01275505554503481,-0.014009005897073443
0.0072,-0.0033000000000000004,-5.311365818231864,0.012306977540523106,-0.01475230481378622
0.0073,-0.0033000000000000004,-5.3066076511206415,0.011962300354160042,-0.015533487693093956
0.0074,-0.0033000000000000004,-5.2894119777892055,0.011329268667438866,-0.01629372992322647
0.0075,-0.0033000000000000004,-5.285493555717092,0.010773854847217839,-0.017150294653267503
0.0076,-0.0033000000000000004,-5.27171907766957,0.010244164527029857,-0.017960512221909915
0.0077,-0.0033000000000000004,-5.2548090265914205,0.009587047832704948,-0.01885701388354294
0.0078,-0.0033000000000000004,-5.246071936585942,0.008817643721439816,-0.019814436496834186
0.0079,-0.0033000000000000004,-5.229582746478076,0.008068122739368964,-0.020867926588344656
0.008,-0.0033000000000000004,-5.214545737885849,0.0071644777932622005,-0.022018254043407192
0.0081,-0.0033000000000000004,-5.205644325751238,0.006212130771412386,-0.023230025110877434
0.0082,-0.0033000000000000004,-5.187794755716468,0.005468020380714907,-0.02464837383470474
0.0083,-0.0033000000000000004,-5.173873447631457,0.004346413844223932,-0.026366362439471352
0.0084,-0.0033000000000000004,-5.157492406872548,0.0033425446876721313,-0.028292732527493276
0.0085,-0.0033000000000000004,-5.146012350256899,0.0021921125760954395,-0.03054787089083042
0.0086,-0.0033000000000000004,-5.114241592947145,0.0010791917746719286,-0.033174670174087165
0.0087,-0.0033000000000000004,-5.101777349780368,-0.00013781100666960776,-0.036229917169080264
0.0088,-0.0033000000000000004,-5.1067800339384375,-0.0009527371938252366,-0.03949975573171311
0.0089,-0.0033000000000000004,-5.160811934352007,-0.0015704973929664215,-0.044244427616487995
0.009,-0.0033000000000000004,-5.379692024631916,-0.003338498613189868,-0.047121586217023476
0.0091,-0.0033000000000000004,-5.14009959250189,-0.005265832553710553,-0.05262079399762757
0.0092,-0.0033000000000000004,-4.918630734662444,-0.007402186212771326,-0.06028731853356531
0.0093,-0.0033000000000000004,-4.992355463693377,-0.006642817419454609,-0.0623907344815119
0.0094,-0.0033000000000000004,-4.958107696927752,-0.004719073623536392,-0.06603289249738532
0.0095,-0.0033000000000000004,-5.0313448466139015,-0.003203473284637003,-0.06060218153061647
0.0096,-0.0033000000000000004,-4.918879061093935,-0.002204001012064662,-0.05553863632706584
0.0097,-0.0033000000000000004,-4.919193721071225,-0.0025272600617580634,-0.04624132930507401
0.0098,-0.0033000000000000004,-4.883985109697022,-0.0013526641256821799,-0.032527903983361896
0.0099,-0.0033000000000000004,-4.891459406458505,-0.000536924529494991,-0.016985801667634533
0.01,-0.0033000000000000004,-4.884719782775828,0.0,0.0
0.0,-0.0032,-4.588260444607252,0.0,0.0
0.0001,-0.0032,-4.583100776245035,0.00032013626619501156,0.0032204824894233653
0.0002,-0.0032,-4.584156036574422,0.0004398058299576596,0.0067336659456371855
0.0003,-0.0032,-4.580434334625889,0.0011736604151056276,0.010247147034598312
0.0004,-0.0032,-4.578414040761619,0.0018865947429405946,0.013728644126098345
0.0005,-0.0032,-4.574469268803866,0.002617285521098338,0.01706239143804555
0.0006,-0.0032,-4.578370496911137,0.0035658822116759734,0.019998906643853835
0.0007,-0.0032,-4.583285227593682,0.004306730257442183,0.022778932995695986
0.0008,-0.0032,-4.583907142259614,0.0052095672101244335,0.025214662061437878
0.0009,-0.0032,-4.59253968776244,0.006067542302951101,0.02743122644717144
0.001,-0.0032,-4.603418096941735,0.006792092132664955,0.028986560241415417
0.0011,-0.0032,-4.615981389101162,0.007678970680237329,0.03057684257012341
0.0012,-0.0032,-4.6293169422607905,0.008263505316347735,0.03169075763735584
0.0013000000000000002,-0.0032,-4.644955820403892,0.009008655779272717,0.03253936531940703
0.0014,-0.0032,-4.663929103426621,0.009629326453966648,0.03326236016888443
0.0015,-0.0032,-4.6853298942194455,0.010236901897024926,0.03375048730289224
0.0016,-0.0032,-4.703238251103548,0.010683114143163582,0.03404277191417443
0.0017,-0.0032,-4.727614960164784,0.011247482157385613,0.03411512471646407
0.0018,-0.0032,-4.75121394569433,0.011797385449337592,0.03408537267565612
0.0019,-0.0032,-4.776726284268841,0.012269407223340207,0.033990716341384106
0.002,-0.0032,-4.810301936450885,0.012713822459379104,0.03367593989113874
0.0021,-0.0032,-4.839751838254065,0.01317601503024747,0.033038017289763626
0.0022,-0.0032,-4.863981781380528,0.013554560997617227,0.03246731822990547
0.0023,-0.0032,-4.888560934019724,0.013884355298596416,0.03193417166577263
0.0024,-0.0032,-4.918104267308175,0.01428413758345632,0.031115682313223647
0.0025,-0.0032,-4.949155949502392,0.014546885189111448,0.03018702106076636
0.0026000000000000003,-0.0032,-4.980390013881711,0.014835617305571197,0.029169444045608197
0.0027,-0.0032,-5.010147380531742,0.01510834945907546,0.028217809868558263
0.0028,-0.0032,-5.039440054241634,0.015337739505740623,0.027135319450065743
0.0029,-0.0032,-5.068020498223273,0.015548330462965276,0.02594034658307394
0.003,-0.0032,-5.096000886880827,0.015739678059806007,0.024782341233978752
0.0031,-0.0032,-5.123737526035611,0.015892055649382997,0.0236596939578683
0.0032,-0.0032,-5.150074350496479,0.016029680765960258,0.02245491063930957
0.0033000000000000004,-0.0032,-5.176440589789939,0.0162864270729345,0.021270337220905985
0.0034,-0.0032,-5.2011746929105795,0.016397510731363595,0.020114262794575524
0.0034999999999999996,-0.0032,-5.224371158779852,0.016443399816888058,0.01888710438861692
0.0036,-0.0032,-5.24729109080203,0.016554744612688008,0.017792432391130916
0.0037,-0.0032,-5.268226726398022,0.016601486479662704,0.016645159556486867
0.0038,-0.0032,-5.288725577607064,0.01672843847658371,0.015494747046833807
0.0039,-0.0032,-5.308163717812665,0.01681077488895078,0.01439789637405704
0.004,-0.0032,-5.3269873021631415,0.016878213879504566,0.013288994915682258
0.0041,-0.0032,-5.3439088637101975,0.01695765764789623,0.01222328443544949
0.0042,-0.0032,-5.3575928344500685,0.01701938646676059,0.011178267366917072
0.0043,-0.0032,-5.372323653234705,0.017075121132825166,0.010119851429198449
0.0044,-0.0032,-5.386014363091486,0.01715103738110042,0.009144797260619014
0.0045,-0.0032,-5.397200423171736,0.017166049473955954,0.008130289751621262
0.0046,-0.0032,-5.408153598564464,0.017200967682290232,0.007165406060654903
0.0047,-0.0032,-5.4169049396123174,0.017301840971934605,0.006200410247850273
0.0048,-0.0032,-5.4263122106460555,0.01736124550859686,0.005261918648426549
0.0049,-0.0032,-5.430622424845863,0.017209613155600233,0.004280676684193617
0.005,-0.0032,-5.438011624600497,0.01742686734578823,0.0033635181964078555
0.0051,-0.0032,-5.441564508070502,0.017319597712123897,0.00245808052941417
0.005200000000000001,-0.0032,-5.445300207718401,0.017412584958447816,0.0015755003197979228
0.0053,-0.0032,-5.445684928249638,0.017361589702367747,0.0007003108010572344
0.0054,-0.0032,-5.445483056154229,0.017290181330477876,-0.00018940927838149394
0.0055,-0.0032,-5.447264871137377,0.017467106658069036,-0.0010575373440620478
0.0056,-0.0032,-5.44411194407049,0.01717757084493125,-0.0019173561794952393
0.005700000000000001,-0.0032,-5.439378034332125,0.017114275631976494,-0.0027030092221143557
0.0058,-0.0032,-5.436391201264258,0.017230209503842388,-0.0035872048516799385
0.0059,-0.0032,-5.43017832811326,0.016885817592960005,-0.004393132421631574
0.006,-0.0032,-5.421054839827291,0.016993766607701518,-0.005324979199599493
0.0061,-0.0032,-5.414707053672622,0.016725865511944178,-0.006005181106555145
0.0062,-0.0032,-5.403887985656088,0.016388084394003254,-0.006840688003406332
0.0063,-0.0032,-5.394207592705115,0.016555782191577762,-0.007623041873904741
0.0064,-0.0032,-5.385353736057339,0.015903545130238925,-0.008408920150559464
0.006499999999999999,-0.0032,-5.375607839289488,0.016072737926175792,-0.009160525963233605
0.006600000000000001,-0.0032,-5.359451233207939,0.015524605533357017,-0.009915170407318485
0.0067,-0.0032,-5.345449644231383,0.015516010363174227,-0.010692391996132115
0.0068,-0.0032,-5.340189301845933,0.01497789341083753,-0.01143848588025654
0.0069,-0.0032,-5.32393542573906,0.014540605532409184,-0.012112042114765421
0.006999999999999999,-0.0032,-5.314649410384786,0.014365102920209588,-0.01288723331540123
0.007100000000000001,-0.0032,-5.30040635809894,0.013927340620721021,-0.013569554115987693
0.0072,-0.0032,-5.2852112823159505,0.013370986900970716,-0.014234805497891974
0.0073,-0.0032,-5.274495725348925,0.012927865392525578,-0.014947507436958985
0.0074,-0.0032,-5.265656753564116,0.01234218117353929,-0.015770795390247082
0.0075,-0.0032,-5.2499285736102985,0.011836171554381367,-0.016586058009496054
0.0076,-0.0032,-5.2343930105052605,0.011171683612804774,-0.01733685843398571
0.0077,-0.0032,-5.228222535164416,0.010425080757819187,-0.018110662945277994
0.0078,-0.0032,-5.2130551364345,0.009723215549967664,-0.01907680459902816
0.0079,-0.0032,-5.202907757101108,0.008874505052354601,-0.02006824944461907
0.008,-0.0032,-5.192648406196284,0.00811892671703857,-0.02115789940381754
0.0081,-0.0032,-5.183572439876411,0.007317809595368977,-0.022363052801865846
0.0082,-0.0032,-5.172721617916633,0.0062139625158044295,-0.023721921904371616
0.0083,-0.0032,-5.154567248423112,0.005267162358997344,-0.025351192579092255
0.0084,-0.0032,-5.139481081590944,0.004156547092537284,-0.027169896606313998
0.0085,-0.0032,-5.126086415714289,0.003089507577414387,-0.0293333707348115
0.0086,-0.0032,-5.113155180608394,0.0019253600329170726,-0.0323125455604657
0.0087,-0.0032,-5.092279803929744,0.0008362169071761041,-0.03537744615475607
0.0088,-0.0032,-5.073543886691143,-0.00039093379290930483,-0.03893544255506104
0.0089,-0.0032,-4.972303992487227,-0.0014037633610317546,-0.04433037961845268
0.009,-0.0032,-4.983818324742825,-0.003320757192372905,-0.05007185374563514
0.0091,-0.0032,-5.086932383281893,-0.0038998258776340843,-0.05376636195883525
0.0092,-0.0032,-4.952705276589597,-0.004360935219803081,-0.05727782400008751
0.0093,-0.0032,-4.9215391710972565,-0.006734654397904424,-0.06020918216642779
0.0094,-0.0032,-4.923152524348159,-0.0052756574531937946,-0.06359910555901634
0.0095,-0.0032,-4.876920210577896,-0.004487529365539621,-0.06291207156079247
0.0096,-0.0032,-4.86273803017949,-0.003457471277867575,-0.05540646677674288
0.0097,-0.0032,-4.868306012086908,-0.0028928611485674522,-0.04731086186214001
0.0098,-0.0032,-4.8925069218245305,-0.001374537027350714,-0.03399540873012602
0.0099,-0.0032,-4.882219686610545,-0.00044979301350870233,-0.017680975456458938
0.01,-0.0032,-4.880805600391068,0.0,0.0
0.0,-0.0031,-4.576525440573657,0.0,0.0
0.0001,-0.0031,-4.582575477261666,0.00011573990034754413,0.0030696293078234568
0.0002,-0.0031,-4.575408785229726,0.0005135476434357466,0.006268733776312371
0.0003,-0.0031,-4.571891768130551,0.0011228842483373234,0.00959822347675187
0.0004,-0.0031,-4.5710842655714545,0.0019513563909930372,0.012920867928851469
0.0005,-0.0031,-4.567358708048636,0.002532582208900276,0.01619665066500101
0.0006,-0.0031,-4.573212461550685,0.00344027986104668,0.0192115535514102
0.0007,-0.0031,-4.576049432191936,0.00447929709371424,0.022052525784635874
0.0008,-0.0031,-4.577942914054626,0.00541577655818352,0.024367099064349737
0.0009,-0.0031,-4.5848766740286235,0.0062362260554943635,0.026397996828681825
0.001,-0.0031,-4.593062581831679,0.007055649067278638,0.02809235932348808
0.0011,-0.0031,-4.603322711465332,0.007877909571556914,0.029705833585168723
0.0012,-0.0031,-4.616731693036376,0.008660200855867838,0.03088015654052101
0.0013000000000000002,-0.0031,-4.632967911557399,0.009378454062356899,0.03185797643635417
0.0014,-0.0031,-4.649285917644593,0.01002093538086949,0.03264792053863397
0.0015,-0.0031,-4.667471988883623,0.01068928735945892,0.033184592793978535
0.0016,-0.0031,-4.688330788815915,0.011324410639841463,0.03354244821167734
0.0017,-0.0031,-4.706503215929568,0.011897776775742674,0.03378153675085076
0.0018,-0.0031,-4.7342293525436245,0.012461030903260471,0.033739777277470184
0.0019,-0.0031,-4.761002365242118,0.012981159648129976,0.03354768593085344
0.002,-0.0031,-4.787741160098758,0.013404473058778916,0.03311156581895255
0.0021,-0.0031,-4.813159940830538,0.013867178342072293,0.03267277297026759
0.0022,-0.0031,-4.839301941905012,0.01432662656760165,0.03211177707214892
0.0023,-0.0031,-4.8697712948049725,0.014685981023870169,0.031552852058978
0.0024,-0.0031,-4.9002605895172335,0.015068777064269102,0.030731329608154813
0.0025,-0.0031,-4.928565795922118,0.015440722781229023,0.029933949865614054
0.0026000000000000003,-0.0031,-4.95954266001694,0.01573756954955533,0.028898218363194186
0.0027,-0.0031,-4.989192505181238,0.016018364105860522,0.02784857544353907
0.0028,-0.0031,-5.018132756828086,0.016268900636780582,0.026832341505198476
0.0029,-0.0031,-5.046310243275674,0.01651848268735694,0.025726242975841737
0.003,-0.0031,-5.074758027479667,0.01671976288895154,0.024620246749630564
0.0031,-0.0031,-5.102658053350624,0.0168967997273634,0.023406693052911695
0.0032,-0.0031,-5.129366276667476,0.017127513970912788,0.02233385015390915
0.0033000000000000004,-0.0031,-5.155055728285334,0.017269867199882195,0.021135551352987628
0.0034,-0.0031,-5.180467749682497,0.017386711549610752,0.019972075610264
0.0034999999999999996,-0.0031,-5.204092385236646,0.01750984476126394,0.018767481728748116
0.0036,-0.0031,-5.226954459767858,0.01761508259763121,0.017659984216575348
0.0037,-0.0031,-5.247850769402937,0.017686095557314582,0.016535692807694975
0.0038,-0.0031,-5.269625616929005,0.017877855538672847,0.015377896228026718
0.0039,-0.0031,-5.287970027045663,0.01790802399761779,0.014309860254943527
0.004,-0.0031,-5.307057986195237,0.017987299687481507,0.013226121121333291
0.0041,-0.0031,-5.323751657469082,0.0180735259859057,0.012147631159933685
0.0042,-0.0031,-5.339951033404202,0.01811972156343577,0.011106942133644174
0.0043,-0.0031,-5.3533108100759765,0.018243817873816716,0.010076095328933367
0.0044,-0.0031,-5.366999934993258,0.018251198193505083,0.00910131368333328
0.0045,-0.0031,-5.37768497733263,0.018314573725447147,0.008089222991748189
0.0046,-0.0031,-5.390259708775375,0.018294454817877538,0.007074770085931626
0.0047,-0.0031,-5.39717202897782,0.01831129507891734,0.006138841628241679
0.0048,-0.0031,-5.407542619075737,0.01844710847047782,0.00519617422879862
0.0049,-0.0031,-5.4121071692585945,0.018491090401253935,0.004277830068646236
0.005,-0.0031,-5.4194612388767185,0.0185339970680838,0.0033729197594570648
0.0051,-0.0031,-5.420960070043501,0.018566170428498004,0.0024323759652732156
0.005200000000000001,-0.0031,-5.424878065907126,0.018519770699329318,0.001604940320078116
0.0053,-0.0031,-5.4243722982052756,0.018315568336080317,0.000704115263976388
0.0054,-0.0031,-5.426179828248327,0.018448496997673768,-0.0001560469919928341
0.0055,-0.0031,-5.423202309800723,0.01830948502420231,-0.000984201847396285
0.0056,-0.0031,-5.421052334211717,0.01828240882974147,-0.0017637412478851838
0.005700000000000001,-0.0031,-5.416373655126465,0.01820559102877044,-0.0027126688443934797
0.0058,-0.0031,-5.411513083104142,0.018079415135118345,-0.0035042485102019724
0.0059,-0.0031,-5.406208732709828,0.017834811054152862,-0.004289737822133796
0.006,-0.0031,-5.398219545927137,0.017886705883780968,-0.005165841960265847
0.0061,-0.0031,-5.390151126575503,0.01761131425020958,-0.005858829652288587
0.0062,-0.0031,-5.379399049125976,0.017691969856215763,-0.0066644780469030055
0.0063,-0.0031,-5.369211341178285,0.01741084261442081,-0.007363268537154472
0.0064,-0.0031,-5.355334306225351,0.017003687678918005,-0.008156524639559331
0.006499999999999999,-0.0031,-5.3485153216411465,0.016825395641808273,-0.008906653736895427
0.006600000000000001,-0.0031,-5.334579072984998,0.01651587683677861,-0.009650602654472762
0.0067,-0.0031,-5.318115390624137,0.016329515199876823,-0.01034029357061528
0.0068,-0.0031,-5.308964209564731,0.01616471813498049,-0.011057915780512621
0.0069,-0.0031,-5.300304680964011,0.01562409767984132,-0.011720477654555412
0.006999999999999999,-0.0031,-5.284122304731492,0.0151076883748654,-0.012472053852381447
0.007100000000000001,-0.0031,-5.268511438668577,0.014834852454983647,-0.013163978427430115
0.0072,-0.0031,-5.255149135603292,0.014368531848708283,-0.01382985547665714
0.0073,-0.0031,-5.250354191239479,0.013780566836904465,-0.01451235121859697
0.0074,-0.0031,-5.237552859509887,0.013327692913080015,-0.01522989202699534
0.0075,-0.0031,-5.222828194005211,0.012763189072917897,-0.01593134357182595
0.0076,-0.0031,-5.210697677417493,0.012005910191946682,-0.016675943560943277
0.0077,-0.0031,-5.1973698960306605,0.011483314637692556,-0.01745233494856253
0.0078,-0.0031,-5.189316470071298,0.010696322723033927,-0.01833403203944196
0.0079,-0.0031,-5.1802316408841325,0.0098706410196001,-0.019187937686299714
0.008,-0.0031,-5.16863314595049,0.00906274626809946,-0.0203325400036808
0.0081,-0.0031,-5.156250065677201,0.008019518662162403,-0.02129519224046676
0.0082,-0.0031,-5.142317261858713,0.007159201478490873,-0.022810318881141108
0.0083,-0.0031,-5.134336741893857,0.006139670165386202,-0.024288245127326916
0.0084,-0.0031,-5.119991903136789,0.004985118663024136,-0.026065361452287078
0.0085,-0.0031,-5.1092768129990445,0.00391514501978608,-0.02831817083780688
0.0086,-0.0031,-5.0949480315343,0.0026905423985362537,-0.030862106518872195
0.0087,-0.0031,-5.072364099906303,0.0015094787406436647,-0.03417650015951047
0.0088,-0.0031,-5.062935977618366,0.00011926475806382058,-0.03769295210256305
0.0089,-0.0031,-5.029720335854969,-0.0011902836501898556,-0.04136059553541041
0.009,-0.0031,-4.945868028920088,-0.0025690792245760285,-0.045987052474854434
0.0091,-0.0031,-4.930532027186645,-0.003357543817960289,-0.05146708036627608
0.0092,-0.0031,-4.895509093183107,-0.003542068082159471,-0.05584371713713442
0.0093,-0.0031,-4.772047046421964,-0.004120745244667336,-0.060783954538783824
0.0094,-0.0031,-4.7673517497988325,-0.004833238058144428,-0.06198963659768937
0.0095,-0.0031,-4.835534332353242,-0.0034746496167346627,-0.06246988872601176
0.0096,-0.0031,-4.882265936198603,-0.003846671689898662,-0.05704384065200743
0.0097,-0.0031,-4.878486038521184,-0.002002769763163948,-0.048588878809040906
0.0098,-0.0031,-4.881273875307059,-0.001797143407022323,-0.0353052875569056
0.0099,-0.0031,-4.873884621461525,-0.0006155290477818682,-0.01838656063036381
0.01,-0.0031,-4.874148532452616,0.0,0.0
0.0,-0.003,-4.580383654529076,0.0,0.0
0.0001,-0.003,-4.575245634404245,4.858636596892366e-05,0.0028658945851564904
0.0002,-0.003,-4.569431658296559,0.0005312022466247157,0.005839725528347882
0.0003,-0.003,-4.566663682454305,0.0010828575338819155,0.008980359708909955
0.0004,-0.003,-4.558269094704553,0.00184553943069234,0.012137378974154803
0.0005,-0.003,-4.560261358140462,0.002578066769499973,0.015270708021689828
0.0006,-0.003,-4.562344290698306,0.0035053561573728537,0.01830587419004976
0.0007,-0.003,-4.564390149072175,0.004550662512387604,0.020978253304580703
0.0008,-0.003,-4.563623247449447,0.005467694491664288,0.023350755213647878
0.0009,-0.003,-4.5730992173191,0.006403200742353567,0.025502219342452295
0.001,-0.003,-4.582073673910151,0.0072068712785063604,0.027315070704038547
0.0011,-0.003,-4.591337890706708,0.008063370853712726,0.028811227661246597
0.0012,-0.003,-4.60356564466813,0.008946347858653326,0.030220218030054237
0.0013000000000000002,-0.003,-4.617786949295543,0.009700002068098415,0.031185668399629152
0.0014,-0.003,-4.6346853772887755,0.010379949274377853,0.03192861961463686
0.0015,-0.003,-4.651911627643816,0.0111333100949054,0.03251910811305699
0.0016,-0.003,-4.671414220455868,0.011854907726618423,0.03292809576401514
0.0017,-0.003,-4.6974998827763494,0.012398035699308946,0.03306941082153625
0.0018,-0.003,-4.719023539114938,0.012935201373780262,0.033181464558670104
0.0019,-0.003,-4.742538076263336,0.013511285568707496,0.032941313657232796
0.002,-0.003,-4.766188516137061,0.014125929072872063,0.03273249710245402
0.0021,-0.003,-4.792761370266143,0.014612616116627578,0.03238034186598156
0.0022,-0.003,-4.820626611750795,0.015052882227099988,0.03172038088758697
0.0023,-0.003,-4.850389873635161,0.01548722293395638,0.031056679728806453
0.0024,-0.003,-4.8773366240274685,0.01587722688571972,0.030349239729939692
0.0025,-0.003,-4.906922785839607,0.0162266793236595,0.029506455384155264
0.0026000000000000003,-0.003,-4.936358509519886,0.016614768141438207,0.02861276753421901
0.0027,-0.003,-4.9662101618054315,0.016924531933451694,0.02758608289899251
0.0028,-0.003,-4.995477576376227,0.0172112252437381,0.02659796702337962
0.0029,-0.003,-5.024058336164047,0.01745560412463162,0.02546328325663154
0.003,-0.003,-5.051897068843937,0.01768262445096366,0.02442408997970597
0.0031,-0.003,-5.079307511449323,0.017903289397454,0.023278870271559143
0.0032,-0.003,-5.106792368997055,0.018108279346210992,0.02211798232193556
0.0033000000000000004,-0.003,-5.132094653551365,0.01825624986616713,0.020981871553834176
0.0034,-0.003,-5.158450191450142,0.018453405511787258,0.019784739239070048
0.0034999999999999996,-0.003,-5.18218607291928,0.018587131856456364,0.018638428584375918
0.0036,-0.003,-5.2046207154567865,0.018746569374092883,0.017565980297251073
0.0037,-0.003,-5.227746246878806,0.01882270924869945,0.01644149441639972
0.0038,-0.003,-5.247605511097689,0.01896087176629426,0.015309782926341784
0.0039,-0.003,-5.266751619911031,0.019024005417442397,0.014227039551834403
0.004,-0.003,-5.286092483197287,0.019151310428794123,0.01311495458184919
0.0041,-0.003,-5.302946252157676,0.019213568375403396,0.012082983159635042
0.0042,-0.003,-5.319001494884272,0.01929149662335991,0.011041961830468565
0.0043,-0.003,-5.333650071259461,0.019328911582757617,0.00998877159021481
0.0044,-0.003,-5.346676776188098,0.01937913760433857,0.009023255449406199
0.0045,-0.003,-5.359205725235392,0.019423434092657073,0.008013924338230503
0.0046,-0.003,-5.369551898064693,0.019438567121855658,0.007099573800728391
0.0047,-0.003,-5.379002894577701,0.01952721559790782,0.006128014056505642
0.0048,-0.003,-5.38638396305257,0.019508381916183253,0.005196105873460859
0.0049,-0.003,-5.391874216742383,0.01953888076242587,0.0042670355080065584
0.005,-0.003,-5.396929883637012,0.019618824803410286,0.0034007498987440516
0.0051,-0.003,-5.40066962906436,0.01959842864648689,0.0024696310381858606
0.005200000000000001,-0.003,-5.403185477591471,0.019535979857343476,0.0016548728531757745
0.0053,-0.003,-5.405400436819268,0.019529955189967415,0.0007146966341620171
0.0054,-0.003,-5.402781490694678,0.019509772598497566,-0.0001527045373885436
0.0055,-0.003,-5.398359669927206,0.019376033157012192,-0.000910043479805041
0.0056,-0.003,-5.395697318910163,0.019446713542859786,-0.0017651203168332526
0.005700000000000001,-0.003,-5.394156601798472,0.019270715931359025,-0.0026630106038548736
0.0058,-0.003,-5.388989037476361,0.01919868249938023,-0.0033040979473283744
0.0059,-0.003,-5.379521023435294,0.01914477115106012,-0.004137318354857958
0.006,-0.003,-5.376341432990154,0.018935480555213154,-0.00493243225648422
0.0061,-0.003,-5.3646301681712245,0.018714605294648363,-0.005686849902221811
0.0062,-0.003,-5.352869656672889,0.01849486484595769,-0.006441585423238039
0.0063,-0.003,-5.340764151140631,0.018249402678291695,-0.007190147192139249
0.0064,-0.003,-5.330826835687088,0.01800371302920688,-0.007950633043768317
0.006499999999999999,-0.003,-5.322844865508248,0.017814495562773435,-0.008610812430745376
0.006600000000000001,-0.003,-5.30671503935425,0.017599798302928567,-0.009347862641132172
0.0067,-0.003,-5.290172607870178,0.017251670368772405,-0.0099899833399528
0.0068,-0.003,-5.274383656954565,0.016810640179394848,-0.010689536310933568
0.0069,-0.003,-5.262207471192658,0.016573221265035448,-0.01142326312193933
0.006999999999999999,-0.003,-5.255638416743772,0.016172664581778014,-0.01201229736332937
0.007100000000000001,-0.003,-5.237134769173585,0.015621580227741334,-0.012701061266468522
0.0072,-0.003,-5.22633524637516,0.015215199746529483,-0.013334100293721122
0.0073,-0.003,-5.207655242725188,0.014697882381436201,-0.014002502964759578
0.0074,-0.003,-5.209036443655541,0.014025661678263563,-0.014699330513380071
0.0075,-0.003,-5.196792251670377,0.01352551847790689,-0.015322081283694756
0.0076,-0.003,-5.178632706236991,0.012860266982189573,-0.015999268101367852
0.0077,-0.003,-5.170512100696934,0.012235791057125207,-0.016801809260673727
0.0078,-0.003,-5.15926204541783,0.01147250920134818,-0.017508546556450694
0.0079,-0.003,-5.14751913260091,0.010724345465653559,-0.018443524609533843
0.008,-0.003,-5.135115956487908,0.009798726139449251,-0.019432425947055937
0.0081,-0.003,-5.130563268414772,0.008951109449645245,-0.020501646976015874
0.0082,-0.003,-5.1193811874972,0.007964092936779167,-0.02179835283206934
0.0083,-0.003,-5.1039523353929726,0.0069191366690454755,-0.023203703709684567
0.0084,-0.003,-5.100070856249895,0.005862804748356371,-0.025058553822796564
0.0085,-0.003,-5.0817515710079695,0.004683720639553225,-0.026921821877832788
0.0086,-0.003,-5.073064240496211,0.0034580488799487506,-0.029796396011286266
0.0087,-0.003,-5.05372996704649,0.002190479122629148,-0.03277357125240601
0.0088,-0.003,-5.057010102581472,0.0008719883094515453,-0.03660828131495062
0.0089,-0.003,-5.101226148685015,-0.0003765784537455512,-0.04099762894562775
0.009,-0.003,-5.209890504080091,-0.0015516043123258657,-0.045501486289028385
0.0091,-0.003,-5.25474936396562,-0.002373599243222422,-0.04954233656466604
0.0092,-0.003,-5.022050705690718,-0.0038395820482414788,-0.05544789450821805
0.0093,-0.003,-5.137634609237463,-0.005402763118303357,-0.05634021242114029
0.0094,-0.003,-4.699667041855064,-0.0040058060870738574,-0.059999471461539056
0.0095,-0.003,-4.875016117605269,-0.006231415936397897,-0.06200871730663696
0.0096,-0.003,-4.919214797103662,-0.004819971174480935,-0.05805047449608387
0.0097,-0.003,-4.860612148701404,-0.003047334184594522,-0.04958642309059983
0.0098,-0.003,-4.880528464190148,-0.001576959645695476,-0.03743072752579414
0.0099,-0.003,-4.865659651765264,-0.0005938084130609485,-0.01903657123230972
0.01,-0.003,-4.86752996007413,0.0,0.0
0.0,-0.0029,-4.565059786162073,0.0,0.0
0.0001,-0.0029,-4.569099798472296,0.0003463455322931102,0.002612501579229709
0.0002,-0.0029,-4.559936654469111,0.0004680090095505284,0.0054161461545110525
0.0003,-0.0029,-4.554015586012847,0.0010641508483770796,0.008310369841257685
0.0004,-0.0029,-4.5545303530882695,0.0017120075047615151,0.011392644075275772
0.0005,-0.0029,-4.551933257213715,0.0025654944557708956,0.014427188626224781
0.0006,-0.0029,-4.554132656391519,0.003528914153720624,0.01726228230940325
0.0007,-0.0029,-4.5552329449089,0.0046294491126417465,0.020010306312351303
0.0008,-0.0029,-4.554314850487361,0.0055491524179708505,0.022437397708453374
0.0009,-0.0029,-4.5618724136055855,0.006494155654055624,0.02450425877586525
0.001,-0.0029,-4.570247879225423,0.00741163403847028,0.026523738105990843
0.0011,-0.0029,-4.578832054551702,0.008233661467453407,0.028159552152547004
0.0012,-0.0029,-4.59031320542752,0.009197708371565378,0.029439296213039104
0.0013000000000000002,-0.0029,-4.604487992699947,0.01001390500756626,0.03031827268685727
0.0014,-0.0029,-4.619419772161958,0.010762410143519177,0.031112762094507942
0.0015,-0.0029,-4.635282840624868,0.011568423870305964,0.03173136278542548
0.0016,-0.0029,-4.655487172110703,0.012290127119759292,0.03221723133796454
0.0017,-0.0029,-4.675137142475083,0.012939949187507377,0.03243202925873786
0.0018,-0.0029,-4.697139120406258,0.013577661782672815,0.0325204223741927
0.0019,-0.0029,-4.721049798016182,0.01415971140041924,0.032363636942026756
0.002,-0.0029,-4.746874033238354,0.014714444676102865,0.03224362309635536
0.0021,-0.0029,-4.7727136487408055,0.015276487458776373,0.03177639833835353
0.0022,-0.0029,-4.800096174148162,0.015772609080916065,0.031286337247782535
0.0023,-0.0029,-4.828343549087925,0.016187582357147262,0.030649543832639473
0.0024,-0.0029,-4.855487525078332,0.01660890602089347,0.02986543068348041
0.0025,-0.0029,-4.882696388766763,0.01703775896864912,0.0291062226547627
0.0026000000000000003,-0.0029,-4.9132394270515,0.017428959441190692,0.028268898856821836
0.0027,-0.0029,-4.941699755651717,0.017774321058398566,0.027256234965432703
0.0028,-0.0029,-4.971633035258588,0.018091487971441462,0.026338762420555467
0.0029,-0.0029,-4.999968551302054,0.018377795432329546,0.025254396295369314
0.003,-0.0029,-5.029061985684227,0.01864402343852113,0.024160560769978513
0.0031,-0.0029,-5.055211754284043,0.018868023980957816,0.023027112955481016
0.0032,-0.0029,-5.082848486465151,0.019087844868848704,0.021915315251208555
0.0033000000000000004,-0.0029,-5.109869810499251,0.019280103002718,0.020833224612964094
0.0034,-0.0029,-5.134622558826722,0.019444871137597367,0.019661674796253283
0.0034999999999999996,-0.0029,-5.158975887935952,0.01960113456144351,0.01855279336046791
0.0036,-0.0029,-5.182338159374388,0.019711018041266643,0.017429454140660616
0.0037,-0.0029,-5.204336204723087,0.01988424423195466,0.0162741297508343
0.0038,-0.0029,-5.225377080063374,0.020007359494871462,0.015231436038013425
0.0039,-0.0029,-5.245711904148839,0.02013428120818081,0.014101613674275943
0.004,-0.0029,-5.264405610000267,0.02019021928532058,0.013072755717735168
0.0041,-0.0029,-5.280430871636191,0.020283088588579717,0.012000438136354624
0.0042,-0.0029,-5.297436646827875,0.020387178762810373,0.01099243375786498
0.0043,-0.0029,-5.312441560122122,0.020461338959328258,0.009950048194913479
0.0044,-0.0029,-5.325457188622211,0.020459648240917217,0.008972652959305718
0.0045,-0.0029,-5.33623238439361,0.020522823354347675,0.007969004104257925
0.0046,-0.0029,-5.348451010949516,0.02063615373664806,0.007030366798295654
0.0047,-0.0029,-5.356905363002656,0.02060166976765373,0.006091059100228972
0.0048,-0.0029,-5.3636113737990465,0.0206403720022033,0.005181666059329437
0.0049,-0.0029,-5.370383266417508,0.02064062730731797,0.004202962550411292
0.005,-0.0029,-5.373552971102406,0.020615519263102774,0.0033708416598619154
0.0051,-0.0029,-5.376901100596674,0.020573440056829137,0.002535591458284453
0.005200000000000001,-0.0029,-5.38084236743459,0.020673083136950994,0.0016072246916659573
0.0053,-0.0029,-5.381817469541503,0.020554670196338082,0.0007522463661680678
0.0054,-0.0029,-5.380189966523215,0.020477124974810718,-4.675759930682444e-05
0.0055,-0.0029,-5.379784901434121,0.020335664621805194,-0.0009764971671125333
0.0056,-0.0029,-5.374746220529668,0.020319850539375874,-0.0017196963414194682
0.005700000000000001,-0.0029,-5.370381296223349,0.02032082476306425,-0.002427766980161577
0.0058,-0.0029,-5.363722860931177,0.02015953214088204,-0.0032381595632943517
0.0059,-0.0029,-5.356941246527811,0.02011411773671752,-0.0040948697307433375
0.006,-0.0029,-5.3490333895970075,0.0197365757768111,-0.004772428072662963
0.0061,-0.0029,-5.338616890395497,0.019823038964969186,-0.005441996160955649
0.0062,-0.0029,-5.327721454086088,0.019292776923657926,-0.006187977348575298
0.0063,-0.0029,-5.314487254131597,0.019350813782703754,-0.006987498036219553
0.0064,-0.0029,-5.305019781024251,0.018973344064599773,-0.007676055518395425
0.006499999999999999,-0.0029,-5.291476438073006,0.018730506115152035,-0.008376710172547363
0.006600000000000001,-0.0029,-5.27695598928279,0.018324298459360493,-0.009086783901231764
0.0067,-0.0029,-5.263541486340452,0.01809124096167884,-0.009675810200567642
0.0068,-0.0029,-5.249391950551267,0.01784622621081631,-0.010345097143034932
0.0069,-0.0029,-5.238391159369554,0.017310917412955953,-0.011034565742441107
0.006999999999999999,-0.0029,-5.221127419086845,0.016919287473641978,-0.01165483568860913
0.007100000000000001,-0.0029,-5.208670311945962,0.016444047415212753,-0.012230898989045053
0.0072,-0.0029,-5.1953322410003295,0.01602261782115914,-0.01284663828240697
0.0073,-0.0029,-5.183413509365898,0.015518162296460594,-0.013517817104289715
0.0074,-0.0029,-5.175369447706731,0.014923616264475432,-0.014091739653564528
0.0075,-0.0029,-5.165206379324961,0.014334823336401611,-0.014723372892012055
0.0076,-0.0029,-5.150273812460214,0.013671642244208715,-0.015416572945999985
0.0077,-0.0029,-5.135787536776401,0.013021678748496685,-0.016057198399716473
0.0078,-0.0029,-5.125181564123189,0.012286631325553556,-0.016802509255442268
0.0079,-0.0029,-5.119999812885694,0.011477383176858064,-0.017583296992147553
0.008,-0.0029,-5.106807649034074,0.010637357550714668,-0.01855823295662235
0.0081,-0.0029,-5.100460146652243,0.009740793883209312,-0.019432568112476914
0.0082,-0.0029,-5.087289488416279,0.008742211509845986,-0.020731049403273666
0.0083,-0.0029,-5.082708695539208,0.007727025252454706,-0.02217555890099887
0.0084,-0.0029,-5.073460034190977,0.006646061294390979,-0.02385699741202699
0.0085,-0.0029,-5.063085188036352,0.0054845777032279655,-0.025992166533309036
0.0086,-0.0029,-5.051955612608053,0.004210400126247969,-0.028525802724118723
0.0087,-0.0029,-5.048437301431693,0.0029382858037504123,-0.0315739220816957
0.0088,-0.0029,-5.035466383502,0.0015649756913410735,-0.03529151012704303
0.0089,-0.0029,-4.997766461117487,-0.00012259709995301842,-0.03977346420625158
0.009,-0.0029,-4.8849397207788074,-0.002493611087767403,-0.045038178869269516
0.0091,-0.0029,-4.848597048539628,-0.002511047020391356,-0.051266846903803724
0.0092,-0.0029,-5.119783741169696,-0.002456841772540507,-0.057086630679819145
0.0093,-0.0029,-5.190302868152442,-0.002313133091178002,-0.05733649996543022
0.0094,-0.0029,-5.200329569304332,-0.004783651368098102,-0.06169850243980829
0.0095,-0.0029,-4.9759810617592635,-0.006178491202943374,-0.06414694154440846
0.0096,-0.0029,-4.9121546172376975,-0.0038171557409016955,-0.06143265594537735
0.0097,-0.0029,-4.887175042626454,-0.0033215661212284346,-0.051914889208999476
0.0098,-0.0029,-4.869588551093841,-0.0015660549509200164,-0.03738371597855437
0.0099,-0.0029,-4.866296952848959,-0.000605716602163214,-0.019848867954375574
0.01,-0.0029,-4.861517456196596,0.0,0.0
0.0,-0.0028,-4.544305889510403,0.0,0.0
0.0001,-0.0028,-4.549756452153066,0.0001885913713219261,0.0025478033680525927
0.0002,-0.0028,-4.554357994843638,0.0006611807497203491,0.005011235896034352
0.0003,-0.0028,-4.5467766575694055,0.0010704471067288037,0.007705328840673759
0.0004,-0.0028,-4.542990613506667,0.0017263924131535467,0.010613982765548119
0.0005,-0.0028,-4.541009401342471,0.002567968016717618,0.013532711217539807
0.0006,-0.0028,-4.543537563153357,0.0034383957453328995,0.016305697549786752
0.0007,-0.0028,-4.545191812852349,0.004571355071858451,0.018993051775031702
0.0008,-0.0028,-4.5444843889877555,0.005695274935545426,0.02145673108402581
0.0009,-0.0028,-4.551154648665339,0.006489050508832027,0.023648085315538716
0.001,-0.0028,-4.557221592521353,0.007671962786472985,0.025501921723511713
0.0011,-0.0028,-4.565116888512874,0.00858342352600139,0.02715654622152458
0.0012,-0.0028,-4.57548585581001,0.009319059710568177,0.02833354183843728
0.0013000000000000002,-0.0028,-4.58808252652682,0.010289038032473325,0.029551767874098824
0.0014,-0.0028,-4.601607058029749,0.011189403020008287,0.03047708878658912
0.0015,-0.0028,-4.618718441387402,0.011886128941178603,0.031103749653682178
0.0016,-0.0028,-4.634583944910889,0.01271558431200488,0.03148329880122616
0.0017,-0.0028,-4.653902683825933,0.013511465188363398,0.03178755470228384
0.0018,-0.0028,-4.67649951327767,0.01407687079377023,0.03187974659978848
0.0019,-0.0028,-4.700063380799288,0.014687433485594606,0.03181230294583233
0.002,-0.0028,-4.723047151322488,0.015311438646444075,0.0315479421493445
0.0021,-0.0028,-4.748335811607415,0.015867260638358877,0.0312967929050459
0.0022,-0.0028,-4.774769824753249,0.016407734362330763,0.030859609123946537
0.0023,-0.0028,-4.802532701711487,0.016909478519040982,0.030095089547242826
0.0024,-0.0028,-4.830352292096507,0.017400434111411272,0.029486662534536023
0.0025,-0.0028,-4.860669160368636,0.017855375675801168,0.02881469530692693
0.0026000000000000003,-0.0028,-4.888084018117977,0.01823317238680258,0.027824196402047665
0.0027,-0.0028,-4.916118077093144,0.018618406369205476,0.026922283517458546
0.0028,-0.0028,-4.945724150568564,0.018956273263726814,0.026023129096642297
0.0029,-0.0028,-4.9743849883249425,0.019268861753866735,0.02495495238344067
0.003,-0.0028,-5.002065258713628,0.019558682714353657,0.02392719049276594
0.0031,-0.0028,-5.029662524335205,0.019816040203011726,0.02281366307957971
0.0032,-0.0028,-5.05728963570304,0.02002760653473279,0.0217267407902986
0.0033000000000000004,-0.0028,-5.084244797612081,0.02026132427658496,0.020585430252612377
0.0034,-0.0028,-5.11008442734599,0.02047218033921033,0.019516296881876408
0.0034999999999999996,-0.0028,-5.13479730468917,0.020621301725473253,0.018411584453692204
0.0036,-0.0028,-5.157504516393308,0.020771222969197606,0.017244705968059767
0.0037,-0.0028,-5.180571825933949,0.020962684067186467,0.01620191300792642
0.0038,-0.0028,-5.2013249140061015,0.021074629745063998,0.015092780191275874
0.0039,-0.0028,-5.222904408521989,0.021202670557609507,0.013996922015584813
0.004,-0.0028,-5.24129150644882,0.021268531016925704,0.012949361117314234
0.0041,-0.0028,-5.2591307969394565,0.021333847417476695,0.011923294917593575
0.0042,-0.0028,-5.27531217646446,0.021398596998322552,0.010897951441215876
0.0043,-0.0028,-5.289504053238607,0.021439016740269892,0.009889331879008385
0.0044,-0.0028,-5.303139040355974,0.02158986740059414,0.008928852242285724
0.0045,-0.0028,-5.314935084717488,0.021660890392219023,0.007933514669879183
0.0046,-0.0028,-5.325673639160964,0.02166862158123057,0.007032041957965926
0.0047,-0.0028,-5.334199494037268,0.021678946438415433,0.006085248359267021
0.0048,-0.0028,-5.343293432228068,0.021709578289696836,0.005109556278899937
0.0049,-0.0028,-5.346123862665126,0.021691734738808772,0.004268994571072306
0.005,-0.0028,-5.353410076515169,0.021663206238119688,0.0033001679291788273
0.0051,-0.0028,-5.356465984667267,0.02160476211323476,0.002427216682198513
0.005200000000000001,-0.0028,-5.358005603053351,0.021644784030893992,0.0016387769707811883
0.0053,-0.0028,-5.357804049745939,0.021572584787726036,0.0008338168296120056
0.0054,-0.0028,-5.35847018971543,0.02148896308474648,3.520371556958906e-05
0.0055,-0.0028,-5.3546799100504385,0.021405871007110448,-0.0007906498668243322
0.0056,-0.0028,-5.351033847375902,0.021306149705557127,-0.0015747355368854047
0.005700000000000001,-0.0028,-5.344391040125835,0.021185108254995436,-0.002363393380891836
0.0058,-0.0028,-5.339457644778899,0.021039843529510258,-0.0031213123163873454
0.0059,-0.0028,-5.329554383395984,0.020907660122294648,-0.003825566480938564
0.006,-0.0028,-5.321743629659384,0.020879031786757693,-0.0046116468571924625
0.0061,-0.0028,-5.309990947313099,0.020441996822012906,-0.005333458857717366
0.0062,-0.0028,-5.299764298412516,0.0204454987341694,-0.005956106209806618
0.0063,-0.0028,-5.288470434533729,0.02014034394586377,-0.0067671918090254
0.0064,-0.0028,-5.277107323400184,0.02005979511676266,-0.00738943785358833
0.006499999999999999,-0.0028,-5.263809559545306,0.019659499265864567,-0.008049811209257214
0.006600000000000001,-0.0028,-5.252258224190492,0.019243508329321153,-0.008707089214531567
0.0067,-0.0028,-5.239114552663797,0.01881128477582504,-0.009342452304142396
0.0068,-0.0028,-5.221828465687059,0.018441752545754548,-0.009949368098947904
0.0069,-0.0028,-5.2135180119031315,0.01808795851341193,-0.010598571346387779
0.006999999999999999,-0.0028,-5.1896640445259035,0.017612806882781735,-0.011220764820025214
0.007100000000000001,-0.0028,-5.175535444848282,0.017303306947743402,-0.011779903873810465
0.0072,-0.0028,-5.170160549329223,0.016825677168965304,-0.012359475879065895
0.0073,-0.0028,-5.151505026005512,0.016169115305249393,-0.012928867387011968
0.0074,-0.0028,-5.135632818230972,0.01563437675754438,-0.01352475170984256
0.0075,-0.0028,-5.128163700732444,0.015120871047791296,-0.014121086003475445
0.0076,-0.0028,-5.116801057694594,0.014492750831679694,-0.014740124314551262
0.0077,-0.0028,-5.109745983651956,0.013818596536697142,-0.015312132791603345
0.0078,-0.0028,-5.099247698512086,0.012971477272444893,-0.01599552899363124
0.0079,-0.0028,-5.093727599089149,0.012255286229277053,-0.016768718434212536
0.008,-0.0028,-5.086422867947015,0.011411758505212637,-0.017612079183603923
0.0081,-0.0028,-5.0732293101432955,0.010520137183132654,-0.018539407061709114
0.0082,-0.0028,-5.06535926729149,0.009503094278308736,-0.019655178904093604
0.0083,-0.0028,-5.056619954979737,0.008446715286150588,-0.021140145999097637
0.0084,-0.0028,-5.0462092039267885,0.0073433076603616615,-0.022699144858551627
0.0085,-0.0028,-5.035033215850054,0.006203242514560091,-0.02470628234238855
0.0086,-0.0028,-5.03160612736424,0.004902981778877991,-0.027361622105803864
0.0087,-0.0028,-5.02081459728546,0.0035493943704269838,-0.02995953770224731
0.0088,-0.0028,-4.999649050580508,0.002206504160903811,-0.033581447631719365
0.0089,-0.0028,-4.972474073690275,0.0006845669935613071,-0.03742512403808319
0.009,-0.0028,-4.948751508790286,-0.0005593548210315267,-0.04201961245136264
0.0091,-0.0028,-4.802440544644276,-0.0023568378435912,-0.04702012937506002
0.0092,-0.0028,-4.8463952552989165,-0.0034775557229993603,-0.05376932643651542
0.0093,-0.0028,-5.078353964228698,-0.004278338391468502,-0.06169221612580235
0.0094,-0.0028,-5.116181848224108,-0.0035487263208115135,-0.06327099792071218
0.0095,-0.0028,-4.972082682341632,-0.00399679305549141,-0.06327341619452889
0.0096,-0.0028,-4.868193175589864,-0.004033306492485301,-0.06181810540267224
0.0097,-0.0028,-4.864120167363495,-0.0034877140670964337,-0.053494340078399816
0.0098,-0.0028,-4.8603731716230145,-0.001645192621310206,-0.03866964517395796
0.0099,-0.0028,-4.857262088504185,-0.000505450641694442,-0.02096540513532303
0.01,-0.0028,-4.851638455319636,0.0,0.0
0.0,-0.0027,-4.529644431469119,0.0,0.0
0.0001,-0.0027,-4.532005564465448,0.00018517848638017388,0.0020289679775638775
0.0002,-0.0027,-4.545280841398001,0.0009839953415761453,0.004474101560022532
0.0003,-0.0027,-4.536156332015204,0.0010307029111306233,0.007092219689847379
0.0004,-0.0027,-4.536169396428898,0.0017996841302411132,0.009828082339995126
0.0005,-0.0027,-4.5338186132449945,0.0025266145405405498,0.012602865152240919
0.0006,-0.0027,-4.5354223037640455,0.0034893558568498506,0.015397002216262796
0.0007,-0.0027,-4.53373562242393,0.00455178736025873,0.017977160873932325
0.0008,-0.0027,-4.533712216843905,0.005482965320896655,0.02031053454236373
0.0009,-0.0027,-4.538291866891286,0.0065634784756344105,0.022765145823412148
0.001,-0.0027,-4.545520479693818,0.007613840275529577,0.024451133261680667
0.0011,-0.0027,-4.552207294667101,0.008634319202978183,0.026175985533500385
0.0012,-0.0027,-4.560149881162096,0.009535319566874513,0.027436269612355315
0.0013000000000000002,-0.0027,-4.572417393870023,0.01058181863767497,0.02864410249440821
0.0014,-0.0027,-4.584735782951959,0.01128236044911396,0.029586908847070215
0.0015,-0.0027,-4.602133966078887,0.012227038363077203,0.03029931825647855
0.0016,-0.0027,-4.618172530520073,0.012992394373696878,0.030805389717739065
0.0017,-0.0027,-4.637109240410555,0.013797716658615245,0.031039088610110167
0.0018,-0.0027,-4.654223540795288,0.014464452364183242,0.03117446915973512
0.0019,-0.0027,-4.6787654529034945,0.015204609159813549,0.031137240137481433
0.002,-0.0027,-4.700134737705553,0.015839826268027647,0.03102250865179993
0.0021,-0.0027,-4.7259864984562245,0.016452749662236987,0.03069052804655439
0.0022,-0.0027,-4.751607907253238,0.017046156847182758,0.03024794356475918
0.0023,-0.0027,-4.777988900982567,0.017558800059481867,0.029640169539663537
0.0024,-0.0027,-4.806156824135348,0.01806708347813685,0.02917230268361967
0.0025,-0.0027,-4.831383306667413,0.0185311499391158,0.02831938756683023
0.0026000000000000003,-0.0027,-4.860709409623845,0.01897602794137367,0.027456474604464154
0.0027,-0.0027,-4.889377897561132,0.019430708671052902,0.026527032836347136
0.0028,-0.0027,-4.919352192537866,0.01976238412008794,0.025617044494271674
0.0029,-0.0027,-4.948088391728613,0.02012222693702144,0.02461825847850291
0.003,-0.0027,-4.976964580598899,0.020440732321454092,0.023625828316054195
0.0031,-0.0027,-5.004500050912881,0.020729623608877635,0.022569414616216057
0.0032,-0.0027,-5.030437367363722,0.020987125251839257,0.02145933146368459
0.0033000000000000004,-0.0027,-5.058360821783571,0.021231168981747834,0.020377820462997572
0.0034,-0.0027,-5.084496516007262,0.02141654738739528,0.019283269105533102
0.0034999999999999996,-0.0027,-5.1081777963775785,0.021661802873002418,0.0182067552782143
0.0036,-0.0027,-5.132163559889468,0.021818167912123536,0.01711562737611428
0.0037,-0.0027,-5.155401406053217,0.02192498811883937,0.016021009439672492
0.0038,-0.0027,-5.1769838144237355,0.022122327917886764,0.014979170238682421
0.0039,-0.0027,-5.197727836988988,0.022258194275627575,0.013911015881219724
0.004,-0.0027,-5.218080197767878,0.022326626104320086,0.012864695511529179
0.0041,-0.0027,-5.235241352239674,0.022415959379379596,0.011858536560120989
0.0042,-0.0027,-5.2511577738111,0.022536663948842614,0.010818067421069676
0.0043,-0.0027,-5.2676736400838164,0.022579396984863033,0.009855806755553073
0.0044,-0.0027,-5.280639140037585,0.02266880194876926,0.008868317996788217
0.0045,-0.0027,-5.2920413913690725,0.022705937048303038,0.007887868251507672
0.0046,-0.0027,-5.302327730324668,0.022702746044799646,0.006961097029283042
0.0047,-0.0027,-5.31154141497345,0.022747521494300836,0.006050227630882344
0.0048,-0.0027,-5.32059842948205,0.022806858392158565,0.005156478790094601
0.0049,-0.0027,-5.326522336640651,0.02268900406437394,0.004285869636846531
0.005,-0.0027,-5.330684167206304,0.022765213451040846,0.0034214652051061806
0.0051,-0.0027,-5.333846831524123,0.022697296578949738,0.0025353619431874286
0.005200000000000001,-0.0027,-5.33528802044979,0.0227159695124437,0.0017072508565949434
0.0053,-0.0027,-5.336140780511745,0.022552475294810304,0.0009162546410636932
0.0054,-0.0027,-5.333679145477616,0.022485928495129454,4.5113236096307706e-05
0.0055,-0.0027,-5.330731985225508,0.02244835998600198,-0.000667232204598955
0.0056,-0.0027,-5.327521293715418,0.02229529211678545,-0.001398733300324001
0.005700000000000001,-0.0027,-5.321864374729121,0.022214738391017137,-0.002210384561134524
0.0058,-0.0027,-5.315452147033264,0.022021794340175302,-0.0029373668617107586
0.0059,-0.0027,-5.30540804541055,0.021819711225321767,-0.0036544274786554512
0.006,-0.0027,-5.298467567492615,0.02166505750908841,-0.004324929469972818
0.0061,-0.0027,-5.284382880913089,0.021412544642393797,-0.00504634178069882
0.0062,-0.0027,-5.273850802290957,0.021191371285801026,-0.005834534938999644
0.0063,-0.0027,-5.2620444346614565,0.020964749248291746,-0.0064412826498266755
0.0064,-0.0027,-5.252640689654458,0.020675675727089882,-0.0070998859817960145
0.006499999999999999,-0.0027,-5.234377727410347,0.020387732830686428,-0.00774322194945509
0.006600000000000001,-0.0027,-5.216333052451253,0.019911636107485912,-0.008370141490561957
0.0067,-0.0027,-5.204689249642572,0.019640495374885863,-0.009001823485264494
0.0068,-0.0027,-5.1951869982110095,0.01937746499513686,-0.009577049709987476
0.0069,-0.0027,-5.185972058619474,0.018947088046158723,-0.010173853276650463
0.006999999999999999,-0.0027,-5.162615263412526,0.018457490374678864,-0.010746765423132732
0.007100000000000001,-0.0027,-5.153026655535452,0.018096855001961308,-0.011299996902110527
0.0072,-0.0027,-5.14262867305155,0.017468547767304287,-0.011881882168865314
0.0073,-0.0027,-5.1238641322621605,0.016894841328925964,-0.012433970592450437
0.0074,-0.0027,-5.112805524097916,0.016325013858521344,-0.012947887931792523
0.0075,-0.0027,-5.093492955366865,0.015708683572681355,-0.013520236221070226
0.0076,-0.0027,-5.083550248751965,0.015133707923410839,-0.014070785429513814
0.0077,-0.0027,-5.066475358316019,0.014479421494348173,-0.014603296258986036
0.0078,-0.0027,-5.062941555978687,0.013657734753970708,-0.0152799519084244
0.0079,-0.0027,-5.0549805845654765,0.012973146374391576,-0.01597891477133355
0.008,-0.0027,-5.049458152081585,0.012096992932338436,-0.016697133892722323
0.0081,-0.0027,-5.043442552382836,0.011265796208583066,-0.017688442041654682
0.0082,-0.0027,-5.029403692492213,0.010229855182034073,-0.01861252630423163
0.0083,-0.0027,-5.026496288368642,0.009109087117699552,-0.020070631933517075
0.0084,-0.0027,-5.019842169822183,0.008020095333279608,-0.021481835136057077
0.0085,-0.0027,-5.014272151251764,0.006886871828871133,-0.023444749189137346
0.0086,-0.0027,-5.004249850830281,0.005599932536376847,-0.02580846460177576
0.0087,-0.0027,-4.994046914241708,0.004099215129910751,-0.028795969377966493
0.0088,-0.0027,-4.9771666531930085,0.002913318339748194,-0.032339100320138335
0.0089,-0.0027,-4.989440256514423,0.0015403306050949602,-0.036321341817894905
0.009,-0.0027,-5.084389501701517,0.0007819112168192741,-0.04143566097371883
0.0091,-0.0027,-5.182834449627545,-0.0019328223748926324,-0.04588083430686311
0.0092,-0.0027,-4.989866230808128,-0.0049433673150982745,-0.051772075559256475
0.0093,-0.0027,-4.718005659374931,-0.005090933115496405,-0.058161506260560374
0.0094,-0.0027,-4.9027611815946965,-0.005229862832343737,-0.06548299924016077
0.0095,-0.0027,-4.842104707582189,-0.003651990070843534,-0.06518596438149109
0.0096,-0.0027,-4.857291860422302,-0.0025979260778651227,-0.061969190399596336
0.0097,-0.0027,-4.898164669844855,-0.0021463836386238773,-0.053775044374159635
0.0098,-0.0027,-4.842694144985014,-0.0013715849880650763,-0.04022977931990508
0.0099,-0.0027,-4.846026508052571,-0.0005658817928722566,-0.02140256070142557
0.01,-0.0027,-4.837450597655412,0.0,0.0
0.0,-0.0026000000000000003,-4.5456315175547575,0.0,0.0
0.0001,-0.0026000000000000003,-4.538557443963624,0.00019879839451849492,0.001859916051224035
0.0002,-0.0026000000000000003,-4.532579085473307,0.0004289862139671609,0.004014898260175328
0.0003,-0.0026000000000000003,-4.532545089062527,0.0010059582600443703,0.006512925252115662
0.0004,-0.0026000000000000003,-4.524570797750785,0.0016655930955726398,0.009039901250795299
0.0005,-0.0026000000000000003,-4.5248349659881,0.0025048897855200775,0.011714614607379097
0.0006,-0.0026000000000000003,-4.52411446097189,0.0034419361808829285,0.014374621900486093
0.0007,-0.0026000000000000003,-4.521444432488349,0.004504563608497764,0.01691729711697947
0.0008,-0.0026000000000000003,-4.522708445868319,0.005532892906793808,0.019407302122892607
0.0009,-0.0026000000000000003,-4.527117737545951,0.006648687074282903,0.021573950679276102
0.001,-0.0026000000000000003,-4.531846135544006,0.007745370308808961,0.023467641268541027
0.0011,-0.0026000000000000003,-4.5368370596562135,0.00871060541091029,0.025249738554755475
0.0012,-0.0026000000000000003,-4.544415961532351,0.009831070041245815,0.02671129080307452
0.0013000000000000002,-0.0026000000000000003,-4.554294756659532,0.010585666416136395,0.02773393830268985
0.0014,-0.0026000000000000003,-4.568530396026145,0.0116537584498345,0.02871272968057953
0.0015,-0.0026000000000000003,-4.580431630286156,0.012472997770699571,0.0294081573419352
0.0016,-0.0026000000000000003,-4.5924024842500435,0.013443956795175842,0.029883951107865615
0.0017,-0.0026000000000000003,-4.614004114929963,0.01415490494082222,0.030316763903848444
0.0018,-0.0026000000000000003,-4.633980972784519,0.014920434316279638,0.030499990450474013
0.0019,-0.0026000000000000003,-4.6560532289308725,0.01561904038017442,0.030493907310132462
0.002,-0.0026000000000000003,-4.67780886087844,0.016305230985720676,0.030401080488944205
0.0021,-0.0026000000000000003,-4.699345372936082,0.016962092532528117,0.030021890046605028
0.0022,-0.0026000000000000003,-4.723966804588657,0.017601354709281414,0.0297044967124133
0.0023,-0.0026000000000000003,-4.750574559110017,0.01815925048747302,0.02919604391395534
0.0024,-0.0026000000000000003,-4.777618770386507,0.018697004882883506,0.028523826262439808
0.0025,-0.0026000000000000003,-4.80599988841587,0.01922009811198537,0.02785185592714717
0.0026000000000000003,-0.0026000000000000003,-4.834573506107474,0.019736451931743528,0.027093413796450163
0.0027,-0.0026000000000000003,-4.862937005802955,0.0201868028751723,0.026203479569092494
0.0028,-0.0026000000000000003,-4.89136319587986,0.020568773422418057,0.02523527185888204
0.0029,-0.0026000000000000003,-4.92020044188134,0.020974797011924073,0.02437300372884793
0.003,-0.0026000000000000003,-4.948717086755699,0.021267293217421934,0.023287913381187426
0.0031,-0.0026000000000000003,-4.976060410710577,0.021614597604492688,0.022254162238263347
0.0032,-0.0026000000000000003,-5.003470995345521,0.02190263400719517,0.02121722952091314
0.0033000000000000004,-0.0026000000000000003,-5.030172666551312,0.022143913326843144,0.020150097613658043
0.0034,-0.0026000000000000003,-5.056834041999779,0.022404699780755585,0.01910045616888289
0.0034999999999999996,-0.0026000000000000003,-5.081966476081706,0.022598665369039917,0.018023621763117916
0.0036,-0.0026000000000000003,-5.1060729022400375,0.022780508335908018,0.016968281204413464
0.0037,-0.0026000000000000003,-5.130193996799523,0.022998673879390547,0.01588305441070759
0.0038,-0.0026000000000000003,-5.151633154342235,0.023098839135511067,0.014848159098894656
0.0039,-0.0026000000000000003,-5.1717999974256825,0.02319908387334307,0.013793525001897117
0.004,-0.0026000000000000003,-5.192310808600628,0.023398039234478175,0.01276879908459894
0.0041,-0.0026000000000000003,-5.20934149079893,0.023491122564303177,0.011749032393449172
0.0042,-0.0026000000000000003,-5.2274674460867985,0.02356297827637522,0.010772448223119653
0.0043,-0.0026000000000000003,-5.241504817180268,0.023634698537017596,0.009773640189445341
0.0044,-0.0026000000000000003,-5.255397501755149,0.023689904124221953,0.008861859904678642
0.0045,-0.0026000000000000003,-5.26928201863071,0.023772087285419866,0.007860158459317538
0.0046,-0.0026000000000000003,-5.279822556773024,0.023783516018114806,0.0069136719340891885
0.0047,-0.0026000000000000003,-5.288538777830539,0.02377941093278322,0.006065755143405632
0.0048,-0.0026000000000000003,-5.295885674773527,0.023818475755142763,0.005175431802031252
0.0049,-0.0026000000000000003,-5.302927641922597,0.023837653109500447,0.004332806207634335
0.005,-0.0026000000000000003,-5.307783869464257,0.023798921403994585,0.003415217217429978
0.0051,-0.0026000000000000003,-5.309989639587601,0.023720052383165293,0.0025490683041106397
0.005200000000000001,-0.0026000000000000003,-5.310710851375076,0.02364656138006363,0.0017975431500066742
0.0053,-0.0026000000000000003,-5.310871229913172,0.023541191924879377,0.0009130101391000314
0.0054,-0.0026000000000000003,-5.310290722555489,0.023477083391630904,0.0001955236274595687
0.0055,-0.0026000000000000003,-5.307639585389203,0.023440095835837445,-0.0005033317070184054
0.0056,-0.0026000000000000003,-5.302301149938641,0.023261066393361524,-0.0013098842681438612
0.005700000000000001,-0.0026000000000000003,-5.297935010941039,0.0231061705318868,-0.0020252550791579225
0.0058,-0.0026000000000000003,-5.287736077718651,0.022973823473634174,-0.002783390196117148
0.0059,-0.0026000000000000003,-5.282930678134361,0.02269726168751965,-0.0035375992232791714
0.006,-0.0026000000000000003,-5.27262361716184,0.0225286339264982,-0.004112501516725738
0.0061,-0.0026000000000000003,-5.262937193400359,0.022387575399341164,-0.004922270827339013
0.0062,-0.0026000000000000003,-5.250283400685201,0.022117464131807648,-0.005485441275272927
0.0063,-0.0026000000000000003,-5.234827665575332,0.021786871961970728,-0.006133900186151898
0.0064,-0.0026000000000000003,-5.22001826184321,0.02148751728699325,-0.0068587184177288435
0.006499999999999999,-0.0026000000000000003,-5.209628819815633,0.02116016208457703,-0.007380320694057776
0.006600000000000001,-0.0026000000000000003,-5.194314550206709,0.020793451709671534,-0.008017738096391806
0.0067,-0.0026000000000000003,-5.176130859821036,0.020487184542453154,-0.008563321790071991
0.0068,-0.0026000000000000003,-5.168576461537287,0.019981393427391088,-0.009155804982430384
0.0069,-0.0026000000000000003,-5.14894168180773,0.01959032235258762,-0.009756571855163662
0.006999999999999999,-0.0026000000000000003,-5.1341898746171175,0.019122691336397997,-0.01026815726345343
0.007100000000000001,-0.0026000000000000003,-5.116317584583311,0.018646320009077927,-0.01086024577569273
0.0072,-0.0026000000000000003,-5.105729459559188,0.01813337199960458,-0.011323272938844253
0.0073,-0.0026000000000000003,-5.093426440569518,0.017673556062418837,-0.01182921111110493
0.0074,-0.0026000000000000003,-5.082531081644157,0.017044195296061593,-0.012357956146096796
0.0075,-0.0026000000000000003,-5.062410705523286,0.016431639121153686,-0.01284222490450508
0.0076,-0.0026000000000000003,-5.058209192816665,0.01573199418759033,-0.013377703311276396
0.0077,-0.0026000000000000003,-5.041344896379382,0.015096930053471132,-0.013907837668721959
0.0078,-0.0026000000000000003,-5.040168514889677,0.014367774021365805,-0.014493280135207448
0.0079,-0.0026000000000000003,-5.027661987190219,0.013515411370927839,-0.01513615764312035
0.008,-0.0026000000000000003,-5.02370737211061,0.012741866832673835,-0.015841539302476428
0.0081,-0.0026000000000000003,-5.003102665625972,0.011851876978446975,-0.016772888660581308
0.0082,-0.0026000000000000003,-5.00273229897721,0.010868386905206662,-0.01768272192865964
0.0083,-0.0026000000000000003,-4.994965377057149,0.009810103551679526,-0.018799187730375838
0.0084,-0.0026000000000000003,-4.990189849102881,0.00869305811524041,-0.020301297058759625
0.0085,-0.0026000000000000003,-4.986895400137334,0.007471040020708431,-0.022085920283380803
0.0086,-0.0026000000000000003,-4.978540690857045,0.006140447827136989,-0.02459397515219164
0.0087,-0.0026000000000000003,-4.9721338843107015,0.004891546860424408,-0.027236489611803562
0.0088,-0.0026000000000000003,-4.969141729575517,0.0034369131132774623,-0.031065777973477777
0.0089,-0.0026000000000000003,-4.959026596400159,0.0020370319526093815,-0.03551002964570765
0.009,-0.0026000000000000003,-4.906182764596364,0.00022686160343882711,-0.040582479989867096
0.0091,-0.0026000000000000003,-4.875214259249357,-0.0014743990033222196,-0.04632773673302215
0.0092,-0.0026000000000000003,-4.972263056163245,-0.001712334629002339,-0.05169363662733768
0.0093,-0.0026000000000000003,-4.749133793926347,-0.0021886032505101815,-0.057134182755422314
0.0094,-0.0026000000000000003,-4.648124543132526,-0.006490412521691024,-0.06308483010336556
0.0095,-0.0026000000000000003,-4.671667117457617,-0.0036813682596764964,-0.06433180762516354
0.0096,-0.0026000000000000003,-4.790651540023594,-0.0038249473566691534,-0.062251953705424315
0.0097,-0.0026000000000000003,-4.8120903835716495,-0.003141564920744221,-0.05554576509324142
0.0098,-0.0026000000000000003,-4.8289195808398,-0.0015791651738916654,-0.04063976092339207
0.0099,-0.0026000000000000003,-4.829358514790459,-0.0005761812536097865,-0.022344512863265033
0.01,-0.0026000000000000003,-4.81996090790203,0.0,0.0
0.0,-0.0025,-4.516740954037349,0.0,0.0
0.0001,-0.0025,-4.536060568289129,0.00024138923170043464,0.00171296002277371
0.0002,-0.0025,-4.518738958904614,0.00013200396180042137,0.003650889180271524
0.0003,-0.0025,-4.5202340568599455,0.0009666415026576936,0.005856368820767894
0.0004,-0.0025,-4.516033706078599,0.0016421469689446328,0.008322585469224078
0.0005,-0.0025,-4.512306711039116,0.0024705275239270802,0.010826235040294447
0.0006,-0.0025,-4.511590263239629,0.003377503419115835,0.013377343621079334
0.0007,-0.0025,-4.507828229582633,0.00447514485581243,0.015887794431540796
0.0008,-0.0025,-4.510555558608069,0.005451257747936394,0.018241586146904704
0.0009,-0.0025,-4.513742695771965,0.006595045867224281,0.020454273522332034
0.001,-0.0025,-4.51645005006033,0.007620033454776895,0.022380957457887766
0.0011,-0.0025,-4.521561135101697,0.008578638586422983,0.024041992084799263
0.0012,-0.0025,-4.529180708027823,0.009918502753070157,0.025551588663678494
0.0013000000000000002,-0.0025,-4.53712682956078,0.010844609108299031,0.02668148417651138
0.0014,-0.0025,-4.55072021978148,0.011887423319974678,0.02775910456756099
0.0015,-0.0025,-4.56182938069782,0.012701020682317583,0.02858951437275097
0.0016,-0.0025,-4.577818416869474,0.0135979751038212,0.029051915030617815
0.0017,-0.0025,-4.594033365682258,0.014473240976254735,0.029489043327712634
0.0018,-0.0025,-4.61089221874844,0.01514347368653287,0.02970505694702659
0.0019,-0.0025,-4.631313220305134,0.015958903750181285,0.02970581757390687
0.002,-0.0025,-4.650444482245617,0.01677839160992378,0.029581155888490515
0.0021,-0.0025,-4.675807410731791,0.0174723494218452,0.029436128896717324
0.0022,-0.0025,-4.69942440087393,0.018104835593260215,0.029030529348664194
0.0023,-0.0025,-4.723730446909887,0.018739466348383773,0.028533817624898275
0.0024,-0.0025,-4.751018771412604,0.019291612645721108,0.027945416223307026
0.0025,-0.0025,-4.777060822171183,0.01990752216147698,0.027274560272651505
0.0026000000000000003,-0.0025,-4.805916486142159,0.020404554556156775,0.02656255474207522
0.0027,-0.0025,-4.83351595873886,0.020877873406592435,0.02569524281986022
0.0028,-0.0025,-4.862341028409404,0.021257295803077336,0.02485445603328426
0.0029,-0.0025,-4.891546060422533,0.021731896625722405,0.023899111844804102
0.003,-0.0025,-4.918498965885453,0.02209448281454887,0.022980571652528967
0.0031,-0.0025,-4.947978092625858,0.022452979534530217,0.021925326428994807
0.0032,-0.0025,-4.975257233676371,0.022740724239466877,0.020918821808670288
0.0033000000000000004,-0.0025,-5.002613798138303,0.02304570140272733,0.019874996103563938
0.0034,-0.0025,-5.029448010167402,0.023308292501717207,0.01885398707631522
0.0034999999999999996,-0.0025,-5.054470644221689,0.02353280923507183,0.017801243029168246
0.0036,-0.0025,-5.079180603569958,0.023773369407302205,0.016733808312034217
0.0037,-0.0025,-5.102790863312532,0.023940942287106887,0.01566063798073111
0.0038,-0.0025,-5.125468549723789,0.024102343946446777,0.014660978248562434
0.0039,-0.0025,-5.146308886437542,0.024226932076386737,0.013639039351833094
0.004,-0.0025,-5.166375826158542,0.0243962731524203,0.012650448034122148
0.0041,-0.0025,-5.184518634988759,0.024486853406644436,0.01164987792567407
0.0042,-0.0025,-5.202343638761628,0.02457974917941981,0.010689738216236068
0.0043,-0.0025,-5.216879107893283,0.024696818316726814,0.009752995399683665
0.0044,-0.0025,-5.232151834437959,0.024733034117842955,0.008781533124829509
0.0045,-0.0025,-5.244764448743086,0.024746102507917644,0.00780719984752741
0.0046,-0.0025,-5.255038550413888,0.024802022131548414,0.006923635959400695
0.0047,-0.0025,-5.265161764704533,0.02482102828799851,0.006030995265983089
0.0048,-0.0025,-5.27376899624429,0.024847683908675765,0.005199864893028601
0.0049,-0.0025,-5.279043384930726,0.02477933986042413,0.004292652390167433
0.005,-0.0025,-5.284506568744511,0.02477711911602136,0.003477596348389703
0.0051,-0.0025,-5.28765995274359,0.02466016632847095,0.0026140120777978465
0.005200000000000001,-0.0025,-5.28740487427253,0.0246409075279891,0.001864055920901995
0.0053,-0.0025,-5.287350706690794,0.024605157384851518,0.0010471951901304295
0.0054,-0.0025,-5.285981468595092,0.024423609841058215,0.0003083007456649742
0.0055,-0.0025,-5.284763733163524,0.02432979958223126,-0.00046135913670818514
0.0056,-0.0025,-5.277947056100989,0.024161073448441515,-0.0011930760456335824
0.005700000000000001,-0.0025,-5.272528299399469,0.023989245794332353,-0.0018345359797475626
0.0058,-0.0025,-5.263653834860384,0.023880212322685158,-0.002596136493889504
0.0059,-0.0025,-5.256153893378818,0.023643607326734328,-0.0033109589149985658
0.006,-0.0025,-5.2441616990340565,0.023344868508345176,-0.003912338777055974
0.0061,-0.0025,-5.233093603975308,0.02318173395086049,-0.004627928084666239
0.0062,-0.0025,-5.221709634788914,0.022915499542211296,-0.005214623658146751
0.0063,-0.0025,-5.2088069024990675,0.022639478477634048,-0.0058890310997485795
0.0064,-0.0025,-5.195367166386541,0.02221387463704875,-0.006446057260652433
0.006499999999999999,-0.0025,-5.1832931022336854,0.021947994884055477,-0.007098112586405192
0.006600000000000001,-0.0025,-5.16504604499614,0.021595799233605613,-0.007646056496202688
0.0067,-0.0025,-5.154962792348868,0.021186341873845133,-0.008200725475396707
0.0068,-0.0025,-5.137986482647663,0.020711870037120342,-0.008750621243560295
0.0069,-0.0025,-5.124274244748594,0.020220862557734854,-0.009298086574291986
0.006999999999999999,-0.0025,-5.109027916149076,0.01979126116939045,-0.00980729273675319
0.007100000000000001,-0.0025,-5.091059566765251,0.019325582255722937,-0.010324697470790636
0.0072,-0.0025,-5.07936162630457,0.018730481822635175,-0.010817640013255823
0.0073,-0.0025,-5.061740285329357,0.01817274325989626,-0.011291774414435858
0.0074,-0.0025,-5.047577756571119,0.017631051470924083,-0.011747530021421594
0.0075,-0.0025,-5.035060382321116,0.017072671605869713,-0.012219795429667078
0.0076,-0.0025,-5.027011862250478,0.01632629454661849,-0.012715588088228863
0.0077,-0.0025,-5.0181574084040355,0.015676849408890647,-0.013220946026323661
0.0078,-0.0025,-5.0052631895001785,0.014929825027935684,-0.01377155287531645
0.0079,-0.0025,-4.995043499658728,0.014104881372751829,-0.014435136853938164
0.008,-0.0025,-4.989486793180774,0.01332809000740016,-0.01495853187002726
0.0081,-0.0025,-4.979898497210138,0.012423632553457638,-0.015890491985887916
0.0082,-0.0025,-4.977559099006125,0.011469623701999821,-0.016670247248109497
0.0083,-0.0025,-4.964856827164842,0.01049878736704523,-0.017826487763706135
0.0084,-0.0025,-4.962467654977634,0.009370360096704167,-0.019286367802149807
0.0085,-0.0025,-4.9579124676097655,0.008174728214835498,-0.021032714347078332
0.0086,-0.0025,-4.950435126484001,0.006806058459997536,-0.023278555935126802
0.0087,-0.0025,-4.942375553485015,0.005369227696801666,-0.026267124945074785
0.0088,-0.0025,-4.93834662446654,0.0038880481550773944,-0.029334709570075446
0.0089,-0.0025,-4.9145703508858185,0.0022002628839206495,-0.03362348153527036
0.009,-0.0025,-4.89163933386051,0.0003124004584528113,-0.03802085006328392
0.0091,-0.0025,-4.7832969546969135,-0.0008340561642128122,-0.04383532374721637
0.0092,-0.0025,-4.7681153245069945,-0.00026804751238315385,-0.050961132221116194
0.0093,-0.0025,-5.061926422182389,-0.0005559060327341023,-0.05584716300992357
0.0094,-0.0025,-4.983868426209508,-0.0052367922738394135,-0.060906266701177575
0.0095,-0.0025,-4.767806265621638,-0.006736735982384362,-0.06662961516961255
0.0096,-0.0025,-4.793311553998443,-0.0029078414032273864,-0.06339773466286479
0.0097,-0.0025,-4.834916291907486,-0.0025553842756208534,-0.05577470972186588
0.0098,-0.0025,-4.796106784088976,-0.0025118093009546924,-0.042003649364201034
0.0099,-0.0025,-4.80229072284358,-0.00049206293658686,-0.022995988150354172
0.01,-0.0025,-4.8055771783404175,0.0,0.0
0.0,-0.0024,-4.5155498631129385,0.0,0.0
0.0001,-0.0024,-4.513055147608374,0.00010802811498624895,0.0014951526317531052
0.0002,-0.0024,-4.511131525439372,0.00030213728503778424,0.003182073438245105
0.0003,-0.0024,-4.509740094789194,0.0009302184294715837,0.005203407407373287
0.0004,-0.0024,-4.504008991410258,0.001578415129834779,0.007585158146110546
0.0005,-0.0024,-4.500385680461535,0.002386883687027161,0.00997505544269901
0.0006,-0.0024,-4.498872694128291,0.0033533947839609773,0.012387157821727526
0.0007,-0.0024,-4.498064709385196,0.004340331619488498,0.014827742664708505
0.0008,-0.0024,-4.4984458690051135,0.005414402627382892,0.017185168245488755
0.0009,-0.0024,-4.499447710793904,0.006523426117202364,0.01934752943662782
0.001,-0.0024,-4.504241475027158,0.007530144388956216,0.021398181205568592
0.0011,-0.0024,-4.507670364681007,0.008690447497335385,0.022945051638958297
0.0012,-0.0024,-4.513081108835046,0.009848484606435013,0.02458696490231902
0.0013000000000000002,-0.0024,-4.521465726486827,0.010871399312049944,0.025751097608064412
0.0014,-0.0024,-4.531230763564713,0.011821204485531214,0.02681693444632588
0.0015,-0.0024,-4.543814344936312,0.012784860038126879,0.02762812568197283
0.0016,-0.0024,-4.556855737716256,0.013782583929406074,0.028175133393486637
0.0017,-0.0024,-4.570881580947374,0.014633410994418323,0.02867932333819639
0.0018,-0.0024,-4.5878868790505996,0.015431390938165302,0.02885002866043168
0.0019,-0.0024,-4.606373786409691,0.016248985775333652,0.028991550200616636
0.002,-0.0024,-4.625982301767404,0.01704862369334085,0.0289062957316236
0.0021,-0.0024,-4.646736745275076,0.017778535376904676,0.028672762976927307
0.0022,-0.0024,-4.6700318705324415,0.01852028661889804,0.028387408134533866
0.0023,-0.0024,-4.697026231811597,0.019197038907311854,0.027904033703288644
0.0024,-0.0024,-4.72120767232981,0.019808910939144275,0.02732205658001083
0.0025,-0.0024,-4.748764514656563,0.020467479944731606,0.02681084799511976
0.0026000000000000003,-0.0024,-4.775734017594446,0.020995203004639584,0.026014216443500632
0.0027,-0.0024,-4.804497523171303,0.02150578203347377,0.025280567533013578
0.0028,-0.0024,-4.832573895500827,0.02193780490740404,0.024383994840604314
0.0029,-0.0024,-4.861220827148857,0.02243446015421509,0.023461877949048457
0.003,-0.0024,-4.890005508921275,0.022852320697184913,0.02258117684799958
0.0031,-0.0024,-4.917850330368564,0.02324407089310689,0.02157043759677323
0.0032,-0.0024,-4.945330077243852,0.023556921508103918,0.020619888060009917
0.0033000000000000004,-0.0024,-4.973300161555992,0.02387157508608075,0.019611288904926916
0.0034,-0.0024,-4.9996185125098185,0.024191934699265335,0.018585064624983667
0.0034999999999999996,-0.0024,-5.026810351716288,0.02442379627922954,0.017573652966664226
0.0036,-0.0024,-5.051741920432899,0.024657359826000654,0.016543384806648784
0.0037,-0.0024,-5.07457036127316,0.024892470606053832,0.015516132108779689
0.0038,-0.0024,-5.097583395415952,0.02506054629156624,0.014544191431426554
0.0039,-0.0024,-5.119305374346835,0.025236184669192054,0.013507446954860636
0.004,-0.0024,-5.13999842432283,0.025371687086938613,0.012507203908518403
0.0041,-0.0024,-5.158550978681329,0.02547050257585027,0.011544141605640205
0.0042,-0.0024,-5.175699400620942,0.025605579013176966,0.010604662815465911
0.0043,-0.0024,-5.192314928332992,0.025646087190650188,0.00966269707014911
0.0044,-0.0024,-5.207186817324345,0.025697854781754226,0.008649030787567725
0.0045,-0.0024,-5.22060515814204,0.025788880466125697,0.00782558305655935
0.0046,-0.0024,-5.231166303089716,0.025766548878895287,0.00693561300362984
0.0047,-0.0024,-5.241117040806378,0.025812473863416986,0.006002646595924683
0.0048,-0.0024,-5.248247396411143,0.025794833452907485,0.005219499074165939
0.0049,-0.0024,-5.256482113662848,0.02577720959405674,0.004398016242905985
0.005,-0.0024,-5.25942059827994,0.025746730798238828,0.003566260752341718
0.0051,-0.0024,-5.264025049092803,0.025635087521291434,0.0027378617592872636
0.005200000000000001,-0.0024,-5.266253385704138,0.0255561943924196,0.0019310581943988152
0.0053,-0.0024,-5.265505211005316,0.02548536306036324,0.0011012969502882664
0.0054,-0.0024,-5.264503216742104,0.02539999819670215,0.00043946645159549224
0.0055,-0.0024,-5.259470461910589,0.025224582632945438,-0.0003758040279958008
0.0056,-0.0024,-5.254736452630957,0.02504443661933318,-0.0010572982134869995
0.005700000000000001,-0.0024,-5.249474294694347,0.024913981763143096,-0.0017141493386483347
0.0058,-0.0024,-5.2398952772525975,0.024648617608728815,-0.0024547323047301537
0.0059,-0.0024,-5.233731601673187,0.02447015483924277,-0.00306061285239175
0.006,-0.0024,-5.222343179054061,0.024267370302627624,-0.0036884718872662817
0.0061,-0.0024,-5.211475734622825,0.024010449008315622,-0.004337639563652228
0.0062,-0.0024,-5.199529838465246,0.02369149014840498,-0.005003247727707276
0.0063,-0.0024,-5.184923155423337,0.02336582669342955,-0.00560022874792096
0.0064,-0.0024,-5.173431343312934,0.023077495250226843,-0.006093979857897759
0.006499999999999999,-0.0024,-5.161011813897036,0.022626389749568494,-0.006755402666866245
0.006600000000000001,-0.0024,-5.140412343575568,0.022318309747447765,-0.007222325245775144
0.0067,-0.0024,-5.122581818319307,0.021886094239517186,-0.007793778690827194
0.0068,-0.0024,-5.111306457284135,0.02137079765862171,-0.008301558611729721
0.0069,-0.0024,-5.095145840506791,0.020879796788550144,-0.008813304098994708
0.006999999999999999,-0.0024,-5.073121796510669,0.02047829708723352,-0.009306448525631934
0.007100000000000001,-0.0024,-5.067257886908728,0.01992126621210179,-0.009760023713767673
0.0072,-0.0024,-5.0501827932183785,0.019393050687717638,-0.010234699330479831
0.0073,-0.0024,-5.037556996713682,0.01880512941186599,-0.010746199697340298
0.0074,-0.0024,-5.019652113656583,0.018227022639503914,-0.011173175410461299
0.0075,-0.0024,-5.008675192952052,0.01760737649153387,-0.011612960476811674
0.0076,-0.0024,-4.993441279655561,0.016975955450070895,-0.012030799620735444
0.0077,-0.0024,-4.986104843936064,0.016214901386462723,-0.012507294351703191
0.0078,-0.0024,-4.972894979650131,0.015464874774689606,-0.013036692515789865
0.0079,-0.0024,-4.9648161552552885,0.014687024483442746,-0.013474474795403348
0.008,-0.0024,-4.953701762967951,0.013863102695366315,-0.014170796725436302
0.0081,-0.0024,-4.95243126818195,0.012983863835059652,-0.01489590341910229
0.0082,-0.0024,-4.944258836438406,0.01194749362006807,-0.015660714138573395
0.0083,-0.0024,-4.943317414157121,0.011053118875583596,-0.016750808080283616
0.0084,-0.0024,-4.934098846494446,0.009900517627403932,-0.01800925212111255
0.0085,-0.0024,-4.929595007605546,0.008730233477117677,-0.019675895391880624
0.0086,-0.0024,-4.921988629212847,0.007423167704670445,-0.021820057002243987
0.0087,-0.0024,-4.913440083588891,0.006018716055649596,-0.024304142331284664
0.0088,-0.0024,-4.902778377459316,0.004596163079280183,-0.02779600417764283
0.0089,-0.0024,-4.881907920741605,0.0029041232013854133,-0.032097854909199
0.009,-0.0024,-4.911562474281098,0.001642170092193106,-0.03722023097947539
0.0091,-0.0024,-5.065547411613596,0.00027946719821358323,-0.04219821961497361
0.0092,-0.0024,-5.016354051680885,-0.0011283230693085557,-0.04728169177011388
0.0093,-0.0024,-4.707541339315963,-0.0033991208802261114,-0.05767447380534146
0.0094,-0.0024,-4.739867609007723,-0.0009009327826335427,-0.060066461760480784
0.0095,-0.0024,-4.704833735783486,-0.0035023307757960087,-0.06311063334989567
0.0096,-0.0024,-4.721678005027705,-0.0042725875164244306,-0.06292863365668538
0.0097,-0.0024,-4.862484948471011,-0.0026434186440896065,-0.05743850389693588
0.0098,-0.0024,-4.782200667811099,-0.0020036615249329763,-0.04331303825672969
0.0099,-0.0024,-4.791541256616965,-0.0005082336931052282,-0.023889541701628044
0.01,-0.0024,-4.796633070910135,0.0,0.0
0.0,-0.0023,-4.500947947847417,0.0,0.0
0.0001,-0.0023,-4.501419261692408,0.0001683846847002347,0.0012834456000924287
0.0002,-0.0023,-4.503173802754891,0.0005146674546499885,0.0028107637265040192
0.0003,-0.0023,-4.496061603348747,0.000893432959353914,0.004655620582930379
0.0004,-0.0023,-4.494428813008293,0.0015546439996989726,0.006817187943960271
0.0005,-0.0023,-4.490375120029614,0.002303085115355512,0.0090735826813863
0.0006,-0.0023,-4.487513217969793,0.003207277179932281,0.011421964605115268
0.0007,-0.0023,-4.482474686982637,0.00415884061688849,0.013788265135856573
0.0008,-0.0023,-4.486281685814435,0.005237679009307099,0.01607245697746006
0.0009,-0.0023,-4.484385281573325,0.006294676330805113,0.01822290244089674
0.001,-0.0023,-4.487524151621297,0.007458850511214252,0.020116435301310416
0.0011,-0.0023,-4.491373475219796,0.008617105564264307,0.021937004229199517
0.0012,-0.0023,-4.496794641695022,0.00984892216494546,0.023332500776884823
0.0013000000000000002,-0.0023,-4.504446117046759,0.01088897566532817,0.02470673189405085
0.0014,-0.0023,-4.512532740706196,0.011801246588063022,0.025852590221540017
0.0015,-0.0023,-4.52244444077995,0.01294625224673087,0.026457607470519673
0.0016,-0.0023,-4.5328757594120335,0.013920015003079001,0.027346772396168995
0.0017,-0.0023,-4.547099700190847,0.014723862422982278,0.02778570944266405
0.0018,-0.0023,-4.562514485699056,0.015617210441141458,0.027977599939866305
0.0019,-0.0023,-4.581994607356487,0.016491828471616475,0.02820831834017259
0.002,-0.0023,-4.599934506203822,0.017383065660953514,0.028049427912897763
0.0021,-0.0023,-4.620366377126516,0.018163357954255912,0.027975158165953154
0.0022,-0.0023,-4.643791541824267,0.01888416610006205,0.027584393388656737
0.0023,-0.0023,-4.667380731420058,0.01958159160359726,0.027237375218944426
0.0024,-0.0023,-4.692551148113699,0.020266131244036957,0.02673445095427813
0.0025,-0.0023,-4.7182419719374655,0.020898578111439605,0.026137746069872916
0.0026000000000000003,-0.0023,-4.744790416340622,0.021593677567294075,0.025527082982415097
0.0027,-0.0023,-4.773051924917363,0.022072931102976756,0.02468573285837047
0.0028,-0.0023,-4.8007108396881595,0.022629566511836716,0.023899050901372534
0.0029,-0.0023,-4.8303331648411065,0.023073068114605008,0.02302318577483293
0.003,-0.0023,-4.858447761422688,0.023561366094617606,0.022146396093716842
0.0031,-0.0023,-4.886757130324339,0.02394164364798504,0.0212386609353181
0.0032,-0.0023,-4.914793932488753,0.024373344102673434,0.020276764022471375
0.0033000000000000004,-0.0023,-4.943320363099252,0.024708444183002234,0.019321021214865782
0.0034,-0.0023,-4.969576419150829,0.024994360673506272,0.018305399825974476
0.0034999999999999996,-0.0023,-4.997171791708203,0.02525043302582688,0.017311185135790486
0.0036,-0.0023,-5.022666824288448,0.025530889398164974,0.016285589617934144
0.0037,-0.0023,-5.046480107014261,0.02575947021437048,0.015313048230911378
0.0038,-0.0023,-5.069384921959804,0.02597987476189706,0.014327344376069674
0.0039,-0.0023,-5.092289638641424,0.02615034365475289,0.01330609435738876
0.004,-0.0023,-5.1131318845944485,0.026283291314380126,0.012387374624718195
0.0041,-0.0023,-5.1314445426120345,0.026431417552884473,0.011400736593059261
0.0042,-0.0023,-5.150321629981504,0.026489378332582688,0.010501857796348064
0.0043,-0.0023,-5.167293265726547,0.026603067848879187,0.009554949945927114
0.0044,-0.0023,-5.181549020117528,0.026710433876975,0.008716052157271297
0.0045,-0.0023,-5.195729106140005,0.026753014570938427,0.0077623618134673895
0.0046,-0.0023,-5.206260319157073,0.026744442555178646,0.006869158393717257
0.0047,-0.0023,-5.215754070521702,0.026746885091711848,0.006053145570702591
0.0048,-0.0023,-5.224178561636821,0.02675804112171458,0.005208339437490473
0.0049,-0.0023,-5.232338032682236,0.02670950291266204,0.004350185965646947
0.005,-0.0023,-5.235381968906815,0.026662251419114158,0.0035375158202971754
0.0051,-0.0023,-5.239859390352214,0.0266417152287642,0.0028017499881908166
0.005200000000000001,-0.0023,-5.2411157947156,0.02648036909909662,0.0020079021181322247
0.0053,-0.0023,-5.241223076689833,0.026438612295453252,0.0012657197514619953
0.0054,-0.0023,-5.2392900036804315,0.026306145092256303,0.0005079757274699144
0.0055,-0.0023,-5.236234616621259,0.026104171800275085,-9.730194855104352e-05
0.0056,-0.0023,-5.232254859043451,0.025970638055933838,-0.0008641864046005248
0.005700000000000001,-0.0023,-5.225237647695365,0.025722352085076852,-0.0015732865065766133
0.0058,-0.0023,-5.216135464500018,0.025530366877608013,-0.0021894710186261324
0.0059,-0.0023,-5.20850387450737,0.025214576919009874,-0.002887052243933269
0.006,-0.0023,-5.196012098386826,0.025059675635237116,-0.003441884393928304
0.0061,-0.0023,-5.187016341882406,0.02476373169067608,-0.004126654480241217
0.0062,-0.0023,-5.174369365545916,0.024447315880311585,-0.004537517891768845
0.0063,-0.0023,-5.158499735103996,0.024084861081678777,-0.005230206423937407
0.0064,-0.0023,-5.14406913847504,0.02373712997919974,-0.005744906413302019
0.006499999999999999,-0.0023,-5.130860865249415,0.023322635801097603,-0.006321237938427801
0.006600000000000001,-0.0023,-5.111275891460388,0.022980075278894313,-0.0068427515354649755
0.0067,-0.0023,-5.100658107716939,0.022490068596069713,-0.0073416090953555115
0.0068,-0.0023,-5.0839671777018545,0.02215054314636082,-0.00785621858516711
0.0069,-0.0023,-5.067018002859725,0.021642425940524682,-0.008309425094428311
0.006999999999999999,-0.0023,-5.049230355824381,0.02108404515022851,-0.008774288878702385
0.007100000000000001,-0.0023,-5.03894764160675,0.020554017910780965,-0.009263381684671583
0.0072,-0.0023,-5.0226388676508495,0.019968089909885613,-0.009668515848307394
0.0073,-0.0023,-5.005050234867978,0.01938332490669428,-0.010070030346700105
0.0074,-0.0023,-4.996047318202257,0.018789494367968826,-0.010520311836059922
0.0075,-0.0023,-4.978210480298466,0.018105598829528263,-0.010933383441717463
0.0076,-0.0023,-4.961703422056269,0.017463023965268467,-0.011368728595356377
0.0077,-0.0023,-4.959687868446528,0.016719943394298997,-0.01178695309870092
0.0078,-0.0023,-4.9413883234978755,0.015974024872977624,-0.012245619017527663
0.0079,-0.0023,-4.935010636898041,0.015189747309936186,-0.012711125403012237
0.008,-0.0023,-4.93077870284517,0.014378231386565016,-0.013351462166092532
0.0081,-0.0023,-4.920985427995802,0.013536080551632313,-0.013927300984627798
0.0082,-0.0023,-4.913726209858401,0.012590143427582086,-0.014738590957516125
0.0083,-0.0023,-4.912717328323914,0.011524810681815646,-0.015713693316955445
0.0084,-0.0023,-4.906848234729756,0.01054230057025727,-0.016897278483230964
0.0085,-0.0023,-4.901264243664189,0.00938901126371334,-0.01836458987770452
0.0086,-0.0023,-4.898575793952619,0.007986924888984252,-0.02030296037632369
0.0087,-0.0023,-4.891971140064647,0.0067562076112516805,-0.022994449324268813
0.0088,-0.0023,-4.883791670616434,0.005338949370987774,-0.026345168818482523
0.0089,-0.0023,-4.884654642563532,0.004102248929262988,-0.03037260651260934
0.009,-0.0023,-4.865800352227103,0.0025585608450596053,-0.03566574277023928
0.0091,-0.0023,-4.82388353384312,3.9613701450140656e-05,-0.04221307974293072
0.0092,-0.0023,-4.7232342470128925,-0.001570568661290601,-0.04767970533540023
0.0093,-0.0023,-4.592780605675888,-0.0031975301737789674,-0.053653689495613804
0.0094,-0.0023,-4.78389987692593,-0.0014187019614595557,-0.06181555367465761
0.0095,-0.0023,-4.549651512495645,-0.0031558623653045767,-0.06279239032318275
0.0096,-0.0023,-4.919069540405442,-0.004743637389345573,-0.06317564904896925
0.0097,-0.0023,-4.768700896261442,-0.004147249124011767,-0.05851345968356898
0.0098,-0.0023,-4.772512664723658,-0.0020627201503195035,-0.04539525857705102
0.0099,-0.0023,-4.757837946914997,-0.0009434997862683766,-0.025166498443740443
0.01,-0.0023,-4.764550905975455,0.0,0.0
0.0,-0.0022,-4.486181241288548,0.0,0.0
0.0001,-0.0022,-4.493501267895783,0.00018816297114594978,0.0011002070995874188
0.0002,-0.0022,-4.493412406234487,0.0006328316742229231,0.0024651494502130537
0.0003,-0.0022,-4.483857616650722,0.0008613801565978991,0.0041671203499531765
0.0004,-0.0022,-4.48228721239176,0.0014898751576347435,0.006116873278054333
0.0005,-0.0022,-4.476704087875028,0.0022228905896943046,0.00821632946092613
0.0006,-0.0022,-4.4754615712662575,0.0031054536760303417,0.01044754811450365
0.0007,-0.0022,-4.473836555156694,0.00402130766617706,0.01275816844637162
0.0008,-0.0022,-4.470204253208444,0.005161299124490717,0.014992520485923866
0.0009,-0.0022,-4.4725267442674905,0.006246666845180441,0.01709382411694226
0.001,-0.0022,-4.474000038341045,0.007341134404953917,0.01905025178639997
0.0011,-0.0022,-4.474722829040955,0.00858034738634549,0.02078474888981509
0.0012,-0.0022,-4.47833008179264,0.00971532163333786,0.02241037284306496
0.0013000000000000002,-0.0022,-4.4858329602517815,0.010763655625498456,0.023641932904527714
0.0014,-0.0022,-4.492602911051426,0.011866302935588963,0.024739685116725738
0.0015,-0.0022,-4.501523051497759,0.0128005310383016,0.025545582519452544
0.0016,-0.0022,-4.512815122512191,0.01385710871037716,0.02628914544918114
0.0017,-0.0022,-4.523222234606512,0.015006679890080893,0.026827768387545605
0.0018,-0.0022,-4.538608428171515,0.015800063247631373,0.027171644336103695
0.0019,-0.0022,-4.554374099289578,0.016697804112960426,0.027223585554368514
0.002,-0.0022,-4.5729347606110995,0.017534364390394904,0.027321202636684885
0.0021,-0.0022,-4.5927047432466575,0.018374815476223626,0.027127240776435857
0.0022,-0.0022,-4.614102719811181,0.019217112883673882,0.026950065983958094
0.0023,-0.0022,-4.6373172791927395,0.019878278898467022,0.026585737286573454
0.0024,-0.0022,-4.661608183333454,0.02063933944569549,0.026087571723304205
0.0025,-0.0022,-4.688219365544181,0.021276998999777266,0.025488130341035715
0.0026000000000000003,-0.0022,-4.714674270598739,0.021993088992376814,0.024919257182654635
0.0027,-0.0022,-4.7418640259606235,0.022605187889740027,0.024174531364734984
0.0028,-0.0022,-4.770258284067175,0.023149027994672618,0.023443331894659917
0.0029,-0.0022,-4.798468474839446,0.02365268792217348,0.022580515431617716
0.003,-0.0022,-4.826805690110679,0.024147806254954066,0.02171042117353919
0.0031,-0.0022,-4.855711859352303,0.024643445033243335,0.02081314998056241
0.0032,-0.0022,-4.884011044811772,0.024971632707515675,0.01990236765363711
0.0033000000000000004,-0.0022,-4.913128826105156,0.025353860628205646,0.018948631831737492
0.0034,-0.0022,-4.940027423548857,0.025737809674473935,0.017966346967680426
0.0034999999999999996,-0.0022,-4.96640582632145,0.026036926173829668,0.017014773045965315
0.0036,-0.0022,-4.992574390264363,0.02632575827963743,0.01605572155263778
0.0037,-0.0022,-5.017733557088702,0.026585716048957264,0.015109755279704793
0.0038,-0.0022,-5.041134027765372,0.02676203680216187,0.014120635017269229
0.0039,-0.0022,-5.063583425349968,0.026988812118895096,0.013178340760785064
0.004,-0.0022,-5.084341789116704,0.027165014310062574,0.01223638918928711
0.0041,-0.0022,-5.1061025083720715,0.027330154867838553,0.011282675359465397
0.0042,-0.0022,-5.122955413184667,0.027427504631865603,0.010370807790823538
0.0043,-0.0022,-5.139238565191395,0.0275450164648544,0.009483139166702213
0.0044,-0.0022,-5.15608793518912,0.027632214605761374,0.008583858949311383
0.0045,-0.0022,-5.169997319856922,0.027645154259304514,0.007698091027096204
0.0046,-0.0022,-5.181084631661082,0.02770939353204287,0.006852160803149869
0.0047,-0.0022,-5.1916426666385105,0.02766985337720993,0.006036319088003759
0.0048,-0.0022,-5.199997871258218,0.02770252338829693,0.005157800895121387
0.0049,-0.0022,-5.207082420226847,0.02764452298352395,0.004450186111984217
0.005,-0.0022,-5.212611310472488,0.027574866582713065,0.003582908849630271
0.0051,-0.0022,-5.216098148150365,0.027470330824166136,0.0028764599395491755
0.005200000000000001,-0.0022,-5.218407104321231,0.02735292165805127,0.0021792047606466448
0.0053,-0.0022,-5.216683410292924,0.027288815172701167,0.0013413664922370743
0.0054,-0.0022,-5.216346614443503,0.027135110557273984,0.0006834508708800989
0.0055,-0.0022,-5.213530842750132,0.026952007727081246,-4.289505274414525e-05
0.0056,-0.0022,-5.208289738070017,0.026792810924586435,-0.0006061997215988928
0.005700000000000001,-0.0022,-5.203237496327907,0.026615028939895785,-0.0013841378042771186
0.0058,-0.0022,-5.194617736044218,0.026307384137808466,-0.0019625522733068335
0.0059,-0.0022,-5.182242550253704,0.026101128000653985,-0.0026357593135443794
0.006,-0.0022,-5.173324741471549,0.025845931549499775,-0.0031764670956430947
0.0061,-0.0022,-5.1640985458045945,0.02544204543898332,-0.0037593326673328697
0.0062,-0.0022,-5.150004413231956,0.025120209540138758,-0.004288439414520955
0.0063,-0.0022,-5.132732766655008,0.02485720758378969,-0.004877058566043171
0.0064,-0.0022,-5.1221165907835875,0.0243876317225933,-0.005348291595371815
0.006499999999999999,-0.0022,-5.107159585612334,0.024087782062710866,-0.005910288810310224
0.006600000000000001,-0.0022,-5.0916482286427724,0.023676690392724884,-0.006380374929795259
0.0067,-0.0022,-5.078391361433032,0.023171704216889202,-0.006875255608963878
0.0068,-0.0022,-5.0586259390660295,0.02266187095959342,-0.007382516412873469
0.0069,-0.0022,-5.048680266643196,0.02220963192822477,-0.007793628650198722
0.006999999999999999,-0.0022,-5.030808906914722,0.021619249159039573,-0.00825998585331743
0.007100000000000001,-0.0022,-5.009402856216837,0.02107351186802689,-0.008685196057624167
0.0072,-0.0022,-4.996107053397048,0.020544841439443726,-0.009080599136576646
0.0073,-0.0022,-4.9840049837128975,0.019907267293296716,-0.00951896356177324
0.0074,-0.0022,-4.97120955079719,0.019279423827978766,-0.009901495913751269
0.0075,-0.0022,-4.955424262030812,0.01857198719407337,-0.010265194199381048
0.0076,-0.0022,-4.945628843959403,0.01792424877433056,-0.010605052530949163
0.0077,-0.0022,-4.929735298339324,0.017191341724605024,-0.011059349969809831
0.0078,-0.0022,-4.920936640749915,0.016501163489585913,-0.011488911273031595
0.0079,-0.0022,-4.915542927382449,0.0156667520371627,-0.011893403781995493
0.008,-0.0022,-4.9023622009602965,0.014864383174796237,-0.012399276906933543
0.0081,-0.0022,-4.897070130559184,0.013983282614314297,-0.013061282130435604
0.0082,-0.0022,-4.885205566656567,0.013072066038818015,-0.013676030565456333
0.0083,-0.0022,-4.884337886583471,0.01207919106448158,-0.014789394176528923
0.0084,-0.0022,-4.879918268621764,0.01102621373287728,-0.015931871355405327
0.0085,-0.0022,-4.8750514203533895,0.009999965003998513,-0.017258752245516786
0.0086,-0.0022,-4.8694326176545,0.00861889319455085,-0.01954723028358187
0.0087,-0.0022,-4.866327196859636,0.007328092833840562,-0.021479627217656644
0.0088,-0.0022,-4.863736217336857,0.005966030601751851,-0.024975046766183697
0.0089,-0.0022,-4.852845443421036,0.004574267803221578,-0.028914628616293542
0.009,-0.0022,-4.837131021166237,0.003013674200225692,-0.033694541832851664
0.0091,-0.0022,-4.771621142737443,0.0011158970403763713,-0.038987542633284855
0.0092,-0.0022,-4.712143409329518,-6.20584868910203e-05,-0.04487696103347855
0.0093,-0.0022,-4.844057620920098,0.0015338681242442831,-0.05254100150004151
0.0094,-0.0022,-5.158954629496668,-0.0018505388260792175,-0.05569535313244087
0.0095,-0.0022,-4.870166939668473,-0.005296103351933932,-0.06061928438873814
0.0096,-0.0022,-4.787366749486802,-0.004024617604524455,-0.06490080163576975
0.0097,-0.0022,-4.752937565027985,-0.004586571544573775,-0.06013339928180592
0.0098,-0.0022,-4.731191362778264,-0.002467908974790416,-0.04697487666270506
0.0099,-0.0022,-4.730159150844273,-0.000617044156713162,-0.026324824519850572
0.01,-0.0022,-4.72709821522613,0.0,0.0
0.0,-0.0021,-4.47023331576402,0.0,0.0
0.0001,-0.0021,-4.479610989189992,0.00012975866776421363,0.0008848219001564503
0.0002,-0.0021,-4.481524625311498,0.0005216883684430004,0.002111255878799296
0.0003,-0.0021,-4.473117254645678,0.0007583811247786564,0.0036178179869631173
0.0004,-0.0021,-4.4675539577444665,0.0014038597492663301,0.005500959386439386
0.0005,-0.0021,-4.460431213906909,0.00212797386587307,0.007409111391114902
0.0006,-0.0021,-4.461057513239591,0.0030076075618303403,0.009482473479874543
0.0007,-0.0021,-4.458105537580576,0.003956514157821107,0.011705889043365315
0.0008,-0.0021,-4.456426052241668,0.00494711743760112,0.013905177325498317
0.0009,-0.0021,-4.457536099175979,0.005992455189715848,0.016015939947869064
0.001,-0.0021,-4.458887621421327,0.007206076285633104,0.017930844537484454
0.0011,-0.0021,-4.458329767227793,0.008320861236907857,0.019598073276011273
0.0012,-0.0021,-4.462626155354819,0.009550657411743609,0.02127706267245266
0.0013000000000000002,-0.0021,-4.467113130297125,0.010624783280284773,0.02260795903181355
0.0014,-0.0021,-4.47178538380633,0.011765732575138426,0.02357127815447936
0.0015,-0.0021,-4.478580196483686,0.01280562479776666,0.024771068633964097
0.0016,-0.0021,-4.488988488464448,0.013651027245918938,0.025295264228113512
0.0017,-0.0021,-4.500369091938435,0.014817824552115106,0.025761489274061786
0.0018,-0.0021,-4.51343462636962,0.015755789534065374,0.026196973051650547
0.0019,-0.0021,-4.5291234558456726,0.016789469929447527,0.026365715796388606
0.002,-0.0021,-4.545850474333124,0.017676743154710347,0.026410373405949705
0.0021,-0.0021,-4.563249820715652,0.01855721562616534,0.02628828435308997
0.0022,-0.0021,-4.585307071135867,0.019342897647475973,0.02613933804450487
0.0023,-0.0021,-4.6071933452572855,0.02013635589764551,0.02581148354503845
0.0024,-0.0021,-4.631777374579166,0.020910695831210222,0.025331487934795206
0.0025,-0.0021,-4.655198420032573,0.021595444854951754,0.024825058808986566
0.0026000000000000003,-0.0021,-4.683143865182818,0.022390334015107746,0.024245888825327955
0.0027,-0.0021,-4.710029763750698,0.02300087293385336,0.023577999657745246
0.0028,-0.0021,-4.737485546092621,0.02356009264726801,0.02281867531540941
0.0029,-0.0021,-4.766231672586891,0.024094103734378026,0.02204586331309473
0.003,-0.0021,-4.794971528968816,0.024680825266949626,0.021185207569827814
0.0031,-0.0021,-4.823347050305901,0.02513936330178919,0.02038340074815509
0.0032,-0.0021,-4.852794146063803,0.025564057427300915,0.01946525278424915
0.0033000000000000004,-0.0021,-4.880806759223867,0.025993236086862714,0.018542094701792168
0.0034,-0.0021,-4.9080846124035435,0.026401740298991373,0.017673555243532126
0.0034999999999999996,-0.0021,-4.936070818691631,0.026700612726447033,0.016721412250740083
0.0036,-0.0021,-4.961779850377293,0.02703060241221177,0.01575687307243309
0.0037,-0.0021,-4.987170747109853,0.027338054008389095,0.014846720738051917
0.0038,-0.0021,-5.011781667735636,0.02755819387386005,0.013912921755906039
0.0039,-0.0021,-5.0343473183141905,0.027792107087025467,0.012971304612993962
0.004,-0.0021,-5.0577018236416675,0.02796725126539676,0.012082065505591206
0.0041,-0.0021,-5.076458898968787,0.02811190374781657,0.011146355645768918
0.0042,-0.0021,-5.095267571336416,0.028265021121051465,0.010281968204456074
0.0043,-0.0021,-5.11294796903997,0.028377393799382224,0.009370812861846467
0.0044,-0.0021,-5.130730618117089,0.02844809369866948,0.008497597730732583
0.0045,-0.0021,-5.14397446056665,0.02852917391211799,0.007745103734745198
0.0046,-0.0021,-5.15587419389757,0.02854458309518005,0.006836898901592134
0.0047,-0.0021,-5.166522951079232,0.028536173363189754,0.0060511692142114
0.0048,-0.0021,-5.175477602829173,0.028551933777141544,0.00521510110220237
0.0049,-0.0021,-5.182719612079615,0.028477440140474305,0.004504549823306287
0.005,-0.0021,-5.187501145285286,0.028427476052433443,0.003702210804549583
0.0051,-0.0021,-5.193194401133858,0.02832942254151636,0.0029857084612881653
0.005200000000000001,-0.0021,-5.194787340156649,0.02826187560870217,0.0022312345391027727
0.0053,-0.0021,-5.193885832685862,0.028086705763688304,0.001574454216066082
0.0054,-0.0021,-5.192728606057131,0.02794623394942468,0.0008518923999173912
0.0055,-0.0021,-5.190094798815152,0.027764973124247656,8.736497545921351e-05
0.0056,-0.0021,-5.186292077573941,0.027585429181975863,-0.0005049150422683334
0.005700000000000001,-0.0021,-5.180655552853907,0.027381256797268296,-0.0010453983552425813
0.0058,-0.0021,-5.171202183270492,0.027097258970735085,-0.001669990923168186
0.0059,-0.0021,-5.1620769483609035,0.026900333753717604,-0.002324994730404481
0.006,-0.0021,-5.153460578607607,0.026542246169784702,-0.0029707307701583607
0.0061,-0.0021,-5.141889835917708,0.026187178747024156,-0.0034406761826989637
0.0062,-0.0021,-5.131566259858956,0.02585589979837106,-0.003940077261040594
0.0063,-0.0021,-5.111112673660872,0.025486229391248207,-0.0044930564152406505
0.0064,-0.0021,-5.103703439104264,0.025160774501018793,-0.0050616790871701265
0.006499999999999999,-0.0021,-5.085478432322442,0.024652465384703382,-0.005460889031810627
0.006600000000000001,-0.0021,-5.069705430610655,0.024296196690604902,-0.0059922349215971
0.0067,-0.0021,-5.0533220539265296,0.023825998369289184,-0.006431036860263826
0.0068,-0.0021,-5.034121818050372,0.023289569832067755,-0.006877386130253194
0.0069,-0.0021,-5.021649136315153,0.02271585222290017,-0.0073126620838263505
0.006999999999999999,-0.0021,-5.0041575025210285,0.022168310956900517,-0.007709603295326484
0.007100000000000001,-0.0021,-4.988812902313489,0.02167368168401766,-0.00811333491694891
0.0072,-0.0021,-4.970376549954278,0.02103223282422547,-0.008484428188796017
0.0073,-0.0021,-4.958742735495482,0.020500852564851943,-0.008857483618172011
0.0074,-0.0021,-4.946468354248403,0.01974386282252727,-0.009210864263789162
0.0075,-0.0021,-4.9312939060330185,0.0191021967634985,-0.009628524520464128
0.0076,-0.0021,-4.918993371365932,0.018402704948715893,-0.009996958325240696
0.0077,-0.0021,-4.911759538260367,0.017649501928842716,-0.010324116446994672
0.0078,-0.0021,-4.894945804991449,0.016915507173719046,-0.010712776296157833
0.0079,-0.0021,-4.889728253780599,0.016162468994578173,-0.011048687108954755
0.008,-0.0021,-4.873201630389019,0.01533767696862706,-0.011538294193962968
0.0081,-0.0021,-4.8690606912977445,0.014432032873699874,-0.012310244607576914
0.0082,-0.0021,-4.867235210281889,0.013523558050722776,-0.012933618732086828
0.0083,-0.0021,-4.858001806126357,0.012666548164020897,-0.013622648281215247
0.0084,-0.0021,-4.852220014453024,0.011634938181935698,-0.01460647624595901
0.0085,-0.0021,-4.847996890993168,0.010613574210816419,-0.016163618174185265
0.0086,-0.0021,-4.844439343993665,0.009184489067012254,-0.018086199520605636
0.0087,-0.0021,-4.839615218063918,0.008065744947537357,-0.020478800221440812
0.0088,-0.0021,-4.833008385078743,0.006402813496803078,-0.02357023881019089
0.0089,-0.0021,-4.820771611858904,0.004939813360904904,-0.02720666492064382
0.009,-0.0021,-4.802119676020876,0.0034765082817475356,-0.03201739792426375
0.0091,-0.0021,-4.811781212681305,0.002044859055616867,-0.037814428954342824
0.0092,-0.0021,-4.983164404816042,0.000621308527364136,-0.045557509921003825
0.0093,-0.0021,-4.909855766951182,0.00028999021607594436,-0.05355014749738788
0.0094,-0.0021,-4.828870427515917,-0.002205869817976897,-0.060980045718348475
0.0095,-0.0021,-4.808726102844404,-0.003922898798716326,-0.06414353310826085
0.0096,-0.0021,-4.594294634020247,-0.004727823187989808,-0.0650739193720901
0.0097,-0.0021,-4.673536024365092,-0.003026346195087052,-0.06069955409669628
0.0098,-0.0021,-4.723353974497391,-0.0017716074404127615,-0.04784159304044864
0.0099,-0.0021,-4.718001802572868,-0.0009228547735816834,-0.026898006136969146
0.01,-0.0021,-4.701976393418441,0.0,0.0
0.0,-0.002,-4.459253319762816,0.0,0.0
0.0001,-0.002,-4.4694416202390395,0.00018256582486288675,0.0006908480879994224
0.0002,-0.002,-4.468776043054352,0.00048537232405331985,0.0017577875049406004
0.0003,-0.002,-4.460288609120996,0.0006898187479601139,0.0031240475521831265
0.0004,-0.002,-4.455379958271683,0.0013389080196618596,0.0047840580551357535
0.0005,-0.002,-4.4490825778359735,0.0020455333309353715,0.006630582146082581
0.0006,-0.002,-4.444744490187044,0.0028427227523701937,0.008645236549566115
0.0007,-0.002,-4.446856556210208,0.003752799185262583,0.01074399103598839
0.0008,-0.002,-4.4439472627035705,0.004748698286764056,0.012869479423804312
0.0009,-0.002,-4.442246557573904,0.005799131954183255,0.014885010337276931
0.001,-0.002,-4.440541119775102,0.006963569208722162,0.01677540534993879
0.0011,-0.002,-4.4420498249030285,0.00798845835012845,0.018519777896007863
0.0012,-0.002,-4.444498536145696,0.00930811623561598,0.020080159483304584
0.0013000000000000002,-0.002,-4.446592727930262,0.010332126562938124,0.021470652147236792
0.0014,-0.002,-4.451730306278924,0.011474432955311224,0.02262520991645548
0.0015,-0.002,-4.459151611168067,0.012468572604512076,0.02343229679959101
0.0016,-0.002,-4.465468530690735,0.013653008418455638,0.024115915971258832
0.0017,-0.002,-4.476606581059225,0.014729628256262454,0.02493326582162892
0.0018,-0.002,-4.489348503295878,0.015706275685399392,0.0251405429241996
0.0019,-0.002,-4.500320303627691,0.016568675261389203,0.02542962283093311
0.002,-0.002,-4.518134115456191,0.0175693944814497,0.025565846338401733
0.0021,-0.002,-4.534239450295167,0.018490309112951107,0.025426229299059112
0.0022,-0.002,-4.5555329468986345,0.019375424632000295,0.025252563210140022
0.0023,-0.002,-4.5762047353256765,0.02030857693851851,0.025018775781011526
0.0024,-0.002,-4.599772061194574,0.021099320534963842,0.02455755747462499
0.0025,-0.002,-4.624584171210767,0.02186251097946597,0.024082663808959123
0.0026000000000000003,-0.002,-4.6485631601937625,0.022612226033792013,0.023568107421325108
0.0027,-0.002,-4.677306573488641,0.023239211997456995,0.022898833555279885
0.0028,-0.002,-4.704093308934451,0.023966983942193244,0.02222286111661101
0.0029,-0.002,-4.733137294396496,0.024511759492266312,0.02147308238894675
0.003,-0.002,-4.7619412411003195,0.025079026881432234,0.020696572106076803
0.0031,-0.002,-4.790570985945184,0.02564464458679947,0.01983658255776037
0.0032,-0.002,-4.820938534027304,0.026136850551128122,0.019001177706446923
0.0033000000000000004,-0.002,-4.849789802326049,0.026655695565437877,0.0181317454673205
0.0034,-0.002,-4.876598445122064,0.02698366533022208,0.01728444307503764
0.0034999999999999996,-0.002,-4.903763740301995,0.027386153785847578,0.016362049688114385
0.0036,-0.002,-4.930982973433198,0.02763922244675378,0.015454939752905706
0.0037,-0.002,-4.956400028663671,0.02794420877808318,0.014555434865052641
0.0038,-0.002,-4.982518078513387,0.02824380265698513,0.013675319214551937
0.0039,-0.002,-5.006669696178114,0.028476702577411618,0.012761290137753935
0.004,-0.002,-5.028884678175694,0.0287160513550212,0.011882329341302976
0.0041,-0.002,-5.049045245758284,0.028906585759673697,0.011005086081767056
0.0042,-0.002,-5.06931736776332,0.029047433623128272,0.010131410083533288
0.0043,-0.002,-5.0873141032365625,0.02918315336622016,0.009299164476546006
0.0044,-0.002,-5.1026392679834895,0.02927178328380389,0.008458310755325818
0.0045,-0.002,-5.118674677697612,0.029282492882522566,0.007658365144032314
0.0046,-0.002,-5.130841756816752,0.029338842234714165,0.006820332101958131
0.0047,-0.002,-5.142216681129938,0.02935965161427813,0.006022345020413002
0.0048,-0.002,-5.151354623705518,0.029327726659112957,0.005240177853765775
0.0049,-0.002,-5.159888611599618,0.029299390286194344,0.004515691568582216
0.005,-0.002,-5.164783224164814,0.02925728026530552,0.0037826407017942476
0.0051,-0.002,-5.16915120114501,0.02918301441792895,0.003003871667754888
0.005200000000000001,-0.002,-5.171438940486769,0.029005801735771098,0.002347920631585487
0.0053,-0.002,-5.171881366243129,0.028914001376853172,0.0016588009067109784
0.0054,-0.002,-5.16989634352706,0.028800652627600173,0.0010673737058241066
0.0055,-0.002,-5.169626299550671,0.028592431056461066,0.0004037539070000792
0.0056,-0.002,-5.162902749926896,0.028368141800615365,-0.00033813499568204476
0.005700000000000001,-0.002,-5.155949526110555,0.028139449887093368,-0.0008672541764502425
0.0058,-0.002,-5.148059861898,0.02790678097206997,-0.0014180475541652482
0.0059,-0.002,-5.1391123242339845,0.02754660413752342,-0.00202218813610515
0.006,-0.002,-5.1288175446024855,0.02725838423836341,-0.0024820652149736776
0.0061,-0.002,-5.119828478995373,0.02697624126931423,-0.0030649412925588177
0.0062,-0.002,-5.106794143460828,0.026509228341580267,-0.0035900406991583966
0.0063,-0.002,-5.089845294608794,0.026155435870447132,-0.004041679600245056
0.0064,-0.002,-5.078978494930171,0.025752774972416865,-0.004537931720015255
0.006499999999999999,-0.002,-5.06053599303057,0.025307047155719898,-0.0050361798116468435
0.006600000000000001,-0.002,-5.049623583712249,0.02475334195516733,-0.005460682011053147
0.0067,-0.002,-5.028586860306797,0.02439928175730413,-0.005932039728143296
0.0068,-0.002,-5.014662769118881,0.023845147935746824,-0.006369432765758954
0.0069,-0.002,-4.998863142414865,0.023343686795407628,-0.006726743612854219
0.006999999999999999,-0.002,-4.984509316285171,0.0227246260291933,-0.0071533157223260925
0.007100000000000001,-0.002,-4.963070564280212,0.022130474068856845,-0.007505349210875888
0.0072,-0.002,-4.94788267241191,0.021500708758973277,-0.007857385992186125
0.0073,-0.002,-4.9437370207275535,0.020858440644980814,-0.008213404637781073
0.0074,-0.002,-4.9229041673974425,0.02024890517462857,-0.008564320029825892
0.0075,-0.002,-4.905312508490389,0.019531782821236826,-0.008874029590871814
0.0076,-0.002,-4.896229744500993,0.018744398737062108,-0.009241364012151901
0.0077,-0.002,-4.883528540693886,0.01813570868820761,-0.009570106032578423
0.0078,-0.002,-4.871345996964893,0.017431638264475385,-0.009955127603742576
0.0079,-0.002,-4.86086029142042,0.016594059563348584,-0.010391544712019453
0.008,-0.002,-4.8512473817527955,0.015719807174065115,-0.010668308727380088
0.0081,-0.002,-4.8415961519693305,0.014964228709370945,-0.011223019574676784
0.0082,-0.002,-4.837221891801699,0.014025432944990602,-0.01193493828720176
0.0083,-0.002,-4.832295901687932,0.01303277170451641,-0.01266815885980807
0.0084,-0.002,-4.824920023698728,0.012089726172355984,-0.013621757610642111
0.0085,-0.002,-4.824302035239043,0.010905644071581162,-0.01514139638392667
0.0086,-0.002,-4.818891944184863,0.009703520321710563,-0.01659742413190227
0.0087,-0.002,-4.814187940151384,0.008685496446058502,-0.019092498078483178
0.0088,-0.002,-4.808241490201064,0.0071894631157645135,-0.02199416628933549
0.0089,-0.002,-4.803875800809436,0.005855536510299693,-0.02571490964140993
0.009,-0.002,-4.804425106677196,0.003932139848739513,-0.030468479009316325
0.0091,-0.002,-4.784816326213063,0.0028027994537252565,-0.03664088885768824
0.0092,-0.002,-4.750124483497123,0.0002751319974549688,-0.04444045867049118
0.0093,-0.002,-4.641727343785235,-0.0006608772731298987,-0.051734852475997545
0.0094,-0.002,-4.754314439033254,0.001493564220105428,-0.055953305842202095
0.0095,-0.002,-4.855279835536236,-0.0042257470594705615,-0.06181887102879007
0.0096,-0.002,-4.4799953972360225,-0.005911434009790412,-0.06512571740255373
0.0097,-0.002,-4.575683231906873,-0.0015489307170950721,-0.06069737349556218
0.0098,-0.002,-4.673472940655582,-0.0015013413537284413,-0.04936906888141933
0.0099,-0.002,-4.660393651622772,-0.0006597648424910596,-0.02772679610878484
0.01,-0.002,-4.652060514695273,0.0,0.0
0.0,-0.0019,-4.452572057691876,0.0,0.0
0.0001,-0.0019,-4.456846843623886,0.00018878435707268536,0.00048580780957598995
0.0002,-0.0019,-4.454290815411252,0.0003181609053896906,0.0015549033700677257
0.0003,-0.0019,-4.442312096937661,0.0006962238208633466,0.0027135736876520372
0.0004,-0.0019,-4.436967498057322,0.0012301207857667203,0.004079184803436116
0.0005,-0.0019,-4.435077116151832,0.001911796756871325,0.0059528337619749105
0.0006,-0.0019,-4.430854158816596,0.0026391535652812155,0.007770403476011695
0.0007,-0.0019,-4.429240040603311,0.003549738666742815,0.009839361245468086
0.0008,-0.0019,-4.427267507934853,0.0044875571903387635,0.011835032752995958
0.0009,-0.0019,-4.427046798149034,0.00551320912380016,0.013784629569439506
0.001,-0.0019,-4.423896950498244,0.00649869736634853,0.01569313347902947
0.0011,-0.0019,-4.423743891868786,0.007746919309883252,0.01736250487011908
0.0012,-0.0019,-4.427103043171826,0.008838144029278022,0.018952126700671496
0.0013000000000000002,-0.0019,-4.427037039318802,0.010000279046591945,0.02038629027127098
0.0014,-0.0019,-4.430654855095557,0.011282134427630887,0.021536887230726554
0.0015,-0.0019,-4.436269703983472,0.012299624837571308,0.022488434947113403
0.0016,-0.0019,-4.443199619747347,0.01331728360331442,0.02313170163729792
0.0017,-0.0019,-4.448901285496041,0.014465414491460224,0.023881594756825872
0.0018,-0.0019,-4.4616494191664415,0.015444677049083606,0.024141672887731516
0.0019,-0.0019,-4.474753438275097,0.016578613403530812,0.02438127861282737
0.002,-0.0019,-4.489270624495286,0.01752931271601819,0.02459369574651253
0.0021,-0.0019,-4.506036765588222,0.01855175688283354,0.02453579700772229
0.0022,-0.0019,-4.5245386631054885,0.01943626501096169,0.02441598693599078
0.0023,-0.0019,-4.545848957288684,0.02026100939953217,0.024110724539868168
0.0024,-0.0019,-4.568195158172504,0.02117113133970558,0.023816051216764337
0.0025,-0.0019,-4.591725728980098,0.0219935395912432,0.02334256638220422
0.0026000000000000003,-0.0019,-4.617299643266833,0.022710255040357608,0.02284943853398208
0.0027,-0.0019,-4.6436753001084465,0.023525725948057255,0.02223382842814343
0.0028,-0.0019,-4.670756303946742,0.02417889675052631,0.02158313141850675
0.0029,-0.0019,-4.7001808771572415,0.02489112905001861,0.02087293002997086
0.003,-0.0019,-4.728439693381546,0.025421918964094854,0.02012637765012651
0.0031,-0.0019,-4.758490410239213,0.026006199842360102,0.019371050793797064
0.0032,-0.0019,-4.787505504403829,0.026546416476496904,0.01855822195674347
0.0033000000000000004,-0.0019,-4.816501282272972,0.02702177389838083,0.017696637612596634
0.0034,-0.0019,-4.844633743470267,0.027465050600948965,0.01685678723702788
0.0034999999999999996,-0.0019,-4.873018996258189,0.02783635908602368,0.015984096566912666
0.0036,-0.0019,-4.900494360686667,0.028202073970458715,0.015130585157480475
0.0037,-0.0019,-4.926345313106987,0.0285105918793819,0.014281418086233039
0.0038,-0.0019,-4.9529649737014,0.028802475134182732,0.013394428587273986
0.0039,-0.0019,-4.976565912181979,0.029158532184626024,0.0125289590326451
0.004,-0.0019,-4.998538906116204,0.02935496578503323,0.011671445831334941
0.0041,-0.0019,-5.021265274180858,0.029580323975129632,0.010833228672674503
0.0042,-0.0019,-5.0414272792752035,0.02974331048582426,0.0099965551082288
0.0043,-0.0019,-5.061119471232423,0.029855644317682548,0.00918003970084067
0.0044,-0.0019,-5.076165981616324,0.029940824140845618,0.008369412819350367
0.0045,-0.0019,-5.092966151326548,0.030013234675241918,0.007585469727966163
0.0046,-0.0019,-5.104493765743227,0.030067386198365118,0.0068119314068441
0.0047,-0.0019,-5.116834388607252,0.03011533237019516,0.0060055640481708975
0.0048,-0.0019,-5.1266551998254695,0.030077509585449816,0.005281458501525065
0.0049,-0.0019,-5.134252548220031,0.03003264295147425,0.004549172115246358
0.005,-0.0019,-5.140609129197157,0.02997987250892885,0.003911277225842375
0.0051,-0.0019,-5.145089372283757,0.029857291228823198,0.0031736945303307614
0.005200000000000001,-0.0019,-5.1492562877938335,0.0297579052960699,0.002443041880706328
0.0053,-0.0019,-5.149044395133104,0.029632773655263758,0.001884499096169507
0.0054,-0.0019,-5.148954497533362,0.029465708516904388,0.0011950696785323085
0.0055,-0.0019,-5.145054728448741,0.02928807995626295,0.0005327171459752078
0.0056,-0.0019,-5.141217550790208,0.02905768692136268,-3.3221904004225155e-05
0.005700000000000001,-0.0019,-5.135366871880592,0.028784973800306216,-0.0005633364360930562
0.0058,-0.0019,-5.12779414459767,0.02855354467391996,-0.001137715391045745
0.0059,-0.0019,-5.119467131234753,0.028237713738165866,-0.0016605802587334973
0.006,-0.0019,-5.109474071600121,0.02792743109083981,-0.002229822978186335
0.0061,-0.0019,-5.095811643780776,0.027656487329124197,-0.0027504558346631704
0.0062,-0.0019,-5.084263932352095,0.02718175712720361,-0.0032184978304498433
0.0063,-0.0019,-5.074277941742793,0.02680597411467143,-0.0036983069919211548
0.0064,-0.0019,-5.0605320299985195,0.026339348214275218,-0.004158189620544892
0.006499999999999999,-0.0019,-5.041161828434046,0.02598342231344047,-0.004643295764240982
0.006600000000000001,-0.0019,-5.026780456499909,0.025306208358358853,-0.004987942087986576
0.0067,-0.0019,-5.010571336973698,0.02494117196820636,-0.0054414329526852314
0.0068,-0.0019,-4.998239248360509,0.024398289056452836,-0.005813084518058279
0.0069,-0.0019,-4.980454958923974,0.023850534239125105,-0.006146894719169938
0.006999999999999999,-0.0019,-4.961914053427638,0.023212365113611445,-0.006529708655177853
0.007100000000000001,-0.0019,-4.950027649288389,0.02259321986899436,-0.0068861392553867685
0.0072,-0.0019,-4.934194166087274,0.021998034053326766,-0.007215319539059493
0.0073,-0.0019,-4.916637429908112,0.02137776293929053,-0.007553648319630434
0.0074,-0.0019,-4.89656529533298,0.020626950208605804,-0.007905576418948701
0.0075,-0.0019,-4.888443629366352,0.019957470099334903,-0.008236207301631568
0.0076,-0.0019,-4.871312784456388,0.01924080354543002,-0.00849763301357829
0.0077,-0.0019,-4.866157803217746,0.01853136604750789,-0.00880743664879608
0.0078,-0.0019,-4.852669808751672,0.017815269915244077,-0.009217099650443353
0.0079,-0.0019,-4.837980942240111,0.016906111828016844,-0.00959836330255015
0.008,-0.0019,-4.831097949616182,0.016173149051651233,-0.009975413805508836
0.0081,-0.0019,-4.819724866994573,0.015409521156068829,-0.010590214973962644
0.0082,-0.0019,-4.812766520105168,0.014545138439699873,-0.011076896445588905
0.0083,-0.0019,-4.811583176525465,0.013485252467584107,-0.011832442050968565
0.0084,-0.0019,-4.801560251024387,0.012584070452505544,-0.012627123256753315
0.0085,-0.0019,-4.799379912885884,0.01166542110796964,-0.014026206149263965
0.0086,-0.0019,-4.793740004084792,0.010480085834416553,-0.01580263168873954
0.0087,-0.0019,-4.788683107210618,0.009052441065378149,-0.017651561260166586
0.0088,-0.0019,-4.782356121949242,0.007749172798585261,-0.020551890442376698
0.0089,-0.0019,-4.780088066519448,0.006553258578611905,-0.02422297320676988
0.009,-0.0019,-4.797141850721655,0.004493694417413615,-0.028915227179948225
0.0091,-0.0019,-4.761566423594139,0.0031498418188923814,-0.03452278455002415
0.0092,-0.0019,-4.712728603554301,0.0010257110606935974,-0.04162069943729694
0.0093,-0.0019,-4.744553252694671,-0.000990766286931945,-0.04855332427142441
0.0094,-0.0019,-4.778018364769487,-0.0006594815520712349,-0.05317356088482142
0.0095,-0.0019,-4.73400947818695,-0.006211196621157902,-0.05923094102510765
0.0096,-0.0019,-4.578598606555935,-0.006241600212537006,-0.0614743701889142
0.0097,-0.0019,-4.719078167363579,-0.0029689582329193755,-0.062080004033885985
0.0098,-0.0019,-4.636909589912845,-0.001606250500359368,-0.049980068567012516
0.0099,-0.0019,-4.6080467782201415,-0.0006583792499545148,-0.028720464587801156
0.01,-0.0019,-4.617509713290293,0.0,0.0
0.0,-0.0018,-4.4432011014707005,0.0,0.0
0.0001,-0.0018,-4.4407674552225185,0.00011545442152874276,0.00036210065892163575
0.0002,-0.0018,-4.438833567099238,0.00030463618881084223,0.0011865184856834818
0.0003,-0.0018,-4.42947325431672,0.0006851510517291228,0.0023144632924507135
0.0004,-0.0018,-4.423404852179494,0.001144262088925501,0.0036413331305221106
0.0005,-0.0018,-4.41842652706817,0.0017932617398073065,0.005340656582947936
0.0006,-0.0018,-4.415412273169274,0.0023762016315742314,0.007066426185644402
0.0007,-0.0018,-4.412894853126007,0.0032346040863006787,0.00888573602587226
0.0008,-0.0018,-4.410380198976944,0.004188225397308715,0.010835712260655909
0.0009,-0.0018,-4.409327645607022,0.005113336081469746,0.012742128291953595
0.001,-0.0018,-4.405826438195183,0.00624037838168141,0.014567058085548432
0.0011,-0.0018,-4.405480912065551,0.007316169418160529,0.016262287688076565
0.0012,-0.0018,-4.40809622729846,0.00845703840844489,0.0177273585145513
0.0013000000000000002,-0.0018,-4.408702191726608,0.00953773496949413,0.019119421390624253
0.0014,-0.0018,-4.410640449821394,0.010655574909073658,0.020372473987403446
0.0015,-0.0018,-4.411858162718332,0.012046202330103735,0.021437903094194948
0.0016,-0.0018,-4.41886235719459,0.01297061171341222,0.022053465537443837
0.0017,-0.0018,-4.427245860077726,0.013973972003928942,0.022579184524978924
0.0018,-0.0018,-4.4351459639987185,0.015201149411864047,0.023028864709592253
0.0019,-0.0018,-4.447400992970879,0.016146211777972815,0.023332986853603604
0.002,-0.0018,-4.460783085011419,0.017253936431114454,0.02358164487216868
0.0021,-0.0018,-4.475971129042203,0.018254213895854382,0.023701357606580143
0.0022,-0.0018,-4.493115622973277,0.01913995953585786,0.023492643191199827
0.0023,-0.0018,-4.513836828280608,0.020095820677625817,0.02324614965210085
0.0024,-0.0018,-4.535520775250818,0.021055945049489995,0.022818928094680543
0.0025,-0.0018,-4.559389895721642,0.021876329749517188,0.02248372445063951
0.0026000000000000003,-0.0018,-4.5842874209397095,0.02277585657872378,0.022053239884100448
0.0027,-0.0018,-4.611281794648582,0.023492367003537403,0.021488998012071256
0.0028,-0.0018,-4.638604034236091,0.02429452510669782,0.02088533572526681
0.0029,-0.0018,-4.666235290487841,0.02491366307003665,0.020204084864815865
0.003,-0.0018,-4.696274917053598,0.025685290163060162,0.0195181842070563
0.0031,-0.0018,-4.724588550150691,0.02621394568358203,0.018800171701022095
0.0032,-0.0018,-4.755160832385202,0.026791617508042622,0.01802391848961851
0.0033000000000000004,-0.0018,-4.783821655119328,0.027270135205674798,0.017213843979600588
0.0034,-0.0018,-4.8123767465435705,0.027820878329909204,0.016404148046212538
0.0034999999999999996,-0.0018,-4.842187743059513,0.02831034045904366,0.015564429383878732
0.0036,-0.0018,-4.86979081675715,0.02869447552879717,0.014777243541595403
0.0037,-0.0018,-4.896686202345332,0.02908708165059077,0.013918416815280062
0.0038,-0.0018,-4.92248654183869,0.029332161363277955,0.013095013297609238
0.0039,-0.0018,-4.947514550517364,0.029677898904757208,0.012280812796778826
0.004,-0.0018,-4.970886999254823,0.02987671214770098,0.011455835495517961
0.0041,-0.0018,-4.993088639155035,0.030082774412166537,0.010646803763319699
0.0042,-0.0018,-5.01397724979599,0.030243533444054446,0.009835012790650771
0.0043,-0.0018,-5.03347466556164,0.03042948734010327,0.009077817638317656
0.0044,-0.0018,-5.050391884493859,0.03062737944311232,0.008305155578687023
0.0045,-0.0018,-5.066531013003849,0.030673312507677478,0.007524783883717565
0.0046,-0.0018,-5.080065973286979,0.03074951257279745,0.00674262915030048
0.0047,-0.0018,-5.092709259807143,0.030770782694005586,0.006037290199789324
0.0048,-0.0018,-5.102953533651206,0.030750785771216305,0.00533607002608278
0.0049,-0.0018,-5.111816030212196,0.03071366753538989,0.0046205232866115865
0.005,-0.0018,-5.117588836257811,0.030645667225019903,0.003948717256831469
0.0051,-0.0018,-5.123105662839469,0.03056186999201639,0.0032942764011065226
0.005200000000000001,-0.0018,-5.125591385072399,0.030454206329854894,0.0026066106694960624
0.0053,-0.0018,-5.127290324180703,0.03031834291343264,0.0019773574413268174
0.0054,-0.0018,-5.12792325112214,0.030152828607302243,0.0014202657943674602
0.0055,-0.0018,-5.124695863670234,0.02995577121693456,0.0007944375267216442
0.0056,-0.0018,-5.119992179277283,0.029743819414675104,0.00025795151908692007
0.005700000000000001,-0.0018,-5.113534264260704,0.02949017707145081,-0.00040105113134656457
0.0058,-0.0018,-5.105963739540232,0.029246536023062,-0.0008989470221991215
0.0059,-0.0018,-5.100160462170082,0.028822547800767248,-0.001339139643602275
0.006,-0.0018,-5.088957733997893,0.02853827429558376,-0.0019489584764721937
0.0061,-0.0018,-5.076718161915591,0.02812127706530016,-0.002380498312417023
0.0062,-0.0018,-5.06623628845504,0.027771480520470543,-0.002818648403009959
0.0063,-0.0018,-5.049242752254097,0.027372426137307115,-0.0032528290401472337
0.0064,-0.0018,-5.03748607459991,0.027005529738584885,-0.003690641064744395
0.006499999999999999,-0.0018,-5.021988636815416,0.026526763091829608,-0.004117642122442487
0.006600000000000001,-0.0018,-5.007997998586054,0.025932687445672127,-0.004484142920342869
0.0067,-0.0018,-4.99249610736476,0.025486322083052085,-0.004898019371699071
0.0068,-0.0018,-4.975195905056357,0.024893690588000995,-0.005266331148719261
0.0069,-0.0018,-4.958007667597158,0.02433788251306608,-0.005609067754250081
0.006999999999999999,-0.0018,-4.948139316861646,0.023698243191117824,-0.005954058713334967
0.007100000000000001,-0.0018,-4.926684396009947,0.023107801259835237,-0.006243765179010558
0.0072,-0.0018,-4.9100461779121956,0.022569775078708543,-0.0065728399452219715
0.0073,-0.0018,-4.894875936677178,0.02181653039857223,-0.006870931575916227
0.0074,-0.0018,-4.879131308813971,0.021224289545158495,-0.007198244230574843
0.0075,-0.0018,-4.860107953002174,0.02044589162859632,-0.007488313630106658
0.0076,-0.0018,-4.853691537262607,0.01970506278515429,-0.0077488827943318385
0.0077,-0.0018,-4.838332742792187,0.018981523701290172,-0.008059947746174955
0.0078,-0.0018,-4.829150674489491,0.01816736215929233,-0.008415043712433226
0.0079,-0.0018,-4.815947588094224,0.017330896735627817,-0.008666425730592049
0.008,-0.0018,-4.80885158848305,0.016514834546373577,-0.009244156749213228
0.0081,-0.0018,-4.796533196540648,0.015701746996463997,-0.009617004021178042
0.0082,-0.0018,-4.790439338202699,0.015024952077799093,-0.010052723272774964
0.0083,-0.0018,-4.787734797824557,0.014159877557107625,-0.010610857609763304
0.0084,-0.0018,-4.778156691998609,0.013297697136061283,-0.011894964164668821
0.0085,-0.0018,-4.7744409156954015,0.012424170301056865,-0.012816865897795482
0.0086,-0.0018,-4.769142748056356,0.01089048232154851,-0.014469273731514274
0.0087,-0.0018,-4.766593593655155,0.009872406951078357,-0.016513755389332304
0.0088,-0.0018,-4.7597974931802725,0.008383252650714351,-0.0189921257628345
0.0089,-0.0018,-4.753209414752255,0.007124364678588563,-0.02237949534803939
0.009,-0.0018,-4.739287344342539,0.005313787492586219,-0.02732993570975143
0.0091,-0.0018,-4.734659571678864,0.0032492869671981945,-0.0327855207576638
0.0092,-0.0018,-4.702370991535764,0.0019401344501631544,-0.03888886679510864
0.0093,-0.0018,-4.790340066977258,-0.0003740399593524851,-0.04780471900311935
0.0094,-0.0018,-4.725345365781549,-0.0009918370826035553,-0.05537306336664776
0.0095,-0.0018,-4.990792005467709,-0.0012761219956401602,-0.05942601417088966
0.0096,-0.0018,-4.998182646025993,-0.007316216722888159,-0.06466113139151286
0.0097,-0.0018,-4.662297278770515,-0.003386863223306474,-0.06360036014504732
0.0098,-0.0018,-4.622663729211063,-0.0033141748792463706,-0.05206352437479788
0.0099,-0.0018,-4.582491907878126,-0.00042478785803309573,-0.029731340468021672
0.01,-0.0018,-4.592568861384044,0.0,0.0
0.0,-0.0017,-4.42128659164244,0.0,0.0
0.0001,-0.0017,-4.424571424315733,5.685068341139578e-05,0.00036053498430978524
0.0002,-0.0017,-4.418181553133566,0.0002805835785648345,0.0008851815041526217
0.0003,-0.0017,-4.411236168990769,0.000621043058019938,0.0019126204727727182
0.0004,-0.0017,-4.4066006324489315,0.0011051878523623585,0.0031916386623631297
0.0005,-0.0017,-4.400000421669029,0.0015441881150868126,0.004716663898871865
0.0006,-0.0017,-4.397695734106002,0.0022140097402152253,0.006266298189075223
0.0007,-0.0017,-4.395956756732267,0.0029512482851339855,0.008143814274463151
0.0008,-0.0017,-4.393837061178894,0.0037782144199964493,0.009974247142730685
0.0009,-0.0017,-4.391403015999115,0.0047524673832275615,0.011696377137947014
0.001,-0.0017,-4.387182527720161,0.005772919378930149,0.013518562207417373
0.0011,-0.0017,-4.387270172062978,0.006801938057405566,0.015161985466932648
0.0012,-0.0017,-4.388040093120208,0.007899551861164608,0.01662447786576615
0.0013000000000000002,-0.0017,-4.387224594525869,0.008980287507668366,0.018102530456398445
0.0014,-0.0017,-4.3870568903992,0.010197125241340525,0.019259897722990544
0.0015,-0.0017,-4.389594858829885,0.011336495978702146,0.020175358826843168
0.0016,-0.0017,-4.393803971426052,0.012456378929010416,0.020881185407408364
0.0017,-0.0017,-4.402052114590628,0.013525551681363563,0.021616213991914397
0.0018,-0.0017,-4.408069443675593,0.014701397992369842,0.02205179992356268
0.0019,-0.0017,-4.419211996202479,0.01573985294110826,0.02240893799137659
0.002,-0.0017,-4.432227585621645,0.016942525127162385,0.022514834900783744
0.0021,-0.0017,-4.445572865349205,0.01787773175157583,0.022569383750818378
0.0022,-0.0017,-4.462983848879923,0.018905787568396278,0.022506517735647706
0.0023,-0.0017,-4.482174451726985,0.01983754718944573,0.02229217079291039
0.0024,-0.0017,-4.503582543133287,0.0208064835720818,0.022001698872059626
0.0025,-0.0017,-4.526448277887047,0.0217549959821336,0.021591674487837276
0.0026000000000000003,-0.0017,-4.55123625370015,0.022515107653520085,0.02120125560665194
0.0027,-0.0017,-4.577341662725099,0.023490876274886142,0.02068662000751141
0.0028,-0.0017,-4.605337031092872,0.024227406798708263,0.02013372606312813
0.0029,-0.0017,-4.633413777376286,0.025009201539252835,0.019487192243772374
0.003,-0.0017,-4.6626487019756135,0.02562536057993228,0.018842111618612014
0.0031,-0.0017,-4.691912259876506,0.026352130929541265,0.018181077048536744
0.0032,-0.0017,-4.721781475097544,0.02691022653301981,0.017432895984046723
0.0033000000000000004,-0.0017,-4.751621965746344,0.027453066533969075,0.016717676870144565
0.0034,-0.0017,-4.781781519891033,0.028029196772657795,0.015911031198028436
0.0034999999999999996,-0.0017,-4.810778262096236,0.02846275298333556,0.015128699407751271
0.0036,-0.0017,-4.838761246343925,0.028912423963474206,0.014353895761050102
0.0037,-0.0017,-4.866986348491467,0.029390599385099227,0.013556264298881671
0.0038,-0.0017,-4.892623285992634,0.029657924957973283,0.01276851340406289
0.0039,-0.0017,-4.918786872304237,0.030012829616845406,0.011976364852543876
0.004,-0.0017,-4.9422492831110585,0.030300172046754115,0.011218627244224975
0.0041,-0.0017,-4.966020769038926,0.030552588873956378,0.010425257565710708
0.0042,-0.0017,-4.986219293698105,0.03070874456165719,0.009636065248147972
0.0043,-0.0017,-5.006757404303583,0.030942212226010103,0.008885281703342102
0.0044,-0.0017,-5.024238678297007,0.03111296841747141,0.00814063728171662
0.0045,-0.0017,-5.04012424922808,0.031215590876927008,0.007395964234833754
0.0046,-0.0017,-5.0551004105847035,0.03124272349466491,0.0067390163330461605
0.0047,-0.0017,-5.0683947283626045,0.03131444286249848,0.006016502571601312
0.0048,-0.0017,-5.079344559712366,0.031325978694525775,0.005314421638375368
0.0049,-0.0017,-5.088622475339519,0.031354579904922075,0.004659779033259131
0.005,-0.0017,-5.096211714236783,0.031227937335501933,0.004044334195688331
0.0051,-0.0017,-5.101446239864068,0.03114393333387029,0.0033857608813234563
0.005200000000000001,-0.0017,-5.104724727841896,0.031052547660682484,0.0027930545689671136
0.0053,-0.0017,-5.105741296519821,0.030943143386581023,0.002148944831497957
0.0054,-0.0017,-5.1060574847796385,0.030731937824173453,0.0015530549334302288
0.0055,-0.0017,-5.103822319272327,0.03051087570611636,0.0010296500677627694
0.0056,-0.0017,-5.100454361781955,0.03029116267043308,0.00039798152089831835
0.005700000000000001,-0.0017,-5.096271837733208,0.03004565324977151,-3.796029165228435e-05
0.0058,-0.0017,-5.088332274591858,0.02976073845404297,-0.00061450138256627
0.0059,-0.0017,-5.080265159662929,0.029458200901331333,-0.0010466576834227853
0.006,-0.0017,-5.069727159089467,0.02907239108306848,-0.0015658320076651273
0.0061,-0.0017,-5.059883989573767,0.028793832811476534,-0.0020315571893858007
0.0062,-0.0017,-5.05006725789086,0.028320078765562,-0.0024418130036577934
0.0063,-0.0017,-5.033743528521187,0.02791245968949877,-0.0028097177915760094
0.0064,-0.0017,-5.018629516922408,0.027433089840629556,-0.003244459716120392
0.006499999999999999,-0.0017,-5.006714524891287,0.026996093256660754,-0.003595670478358343
0.006600000000000001,-0.0017,-4.989675932715819,0.026483211746038373,-0.003972450009252812
0.0067,-0.0017,-4.9755093681543885,0.025982250333054943,-0.004332514174900175
0.0068,-0.0017,-4.959016069420157,0.025444653234499362,-0.004701748267797074
0.0069,-0.0017,-4.943284785531514,0.024865229732653524,-0.005011194424046232
0.006999999999999999,-0.0017,-4.924786906863581,0.024234560593296657,-0.005311958272339073
0.007100000000000001,-0.0017,-4.910103060029895,0.02358543308346341,-0.0056373310628367625
0.0072,-0.0017,-4.893113913225789,0.023014798076311734,-0.005915110352422247
0.0073,-0.0017,-4.879476396952264,0.022255605676915837,-0.006198086687358631
0.0074,-0.0017,-4.866361710088314,0.021509852948858245,-0.00649966924393118
0.0075,-0.0017,-4.85016614578303,0.020854181629430146,-0.006774288185997264
0.0076,-0.0017,-4.831121426751011,0.020139094969376523,-0.007030454282820006
0.0077,-0.0017,-4.820220018515077,0.019325041570884754,-0.007334253044783272
0.0078,-0.0017,-4.814850156256972,0.01859606185959009,-0.007584928067243021
0.0079,-0.0017,-4.795527054399625,0.017942324869607843,-0.008005661359575544
0.008,-0.0017,-4.788516630510439,0.0170186046399823,-0.008411014254192432
0.0081,-0.0017,-4.780257507409158,0.016204266545281842,-0.008632397685513323
0.0082,-0.0017,-4.771893647845193,0.015472057552663699,-0.009215805821733614
0.0083,-0.0017,-4.765478918411867,0.014718439185795268,-0.010023653606128533
0.0084,-0.0017,-4.757968208918705,0.01359302174587804,-0.010846639546813301
0.0085,-0.0017,-4.752336788598314,0.012743611280954251,-0.012029300527796851
0.0086,-0.0017,-4.747027815720698,0.011745661024432339,-0.013327852174610084
0.0087,-0.0017,-4.740760586418066,0.010448486462559685,-0.015201379248484468
0.0088,-0.0017,-4.734949477279709,0.009206993929904227,-0.017968101467404428
0.0089,-0.0017,-4.7260219452514844,0.007688490562782248,-0.02114883806403937
0.009,-0.0017,-4.715668907634514,0.006178453451933106,-0.02531163898136049
0.0091,-0.0017,-4.704816355785736,0.004130820729644141,-0.03036261887619082
0.0092,-0.0017,-4.672448132637875,0.0021639783949177213,-0.03711158365157379
0.0093,-0.0017,-4.725059599317201,-7.67934156729806e-05,-0.045644380129105135
0.0094,-0.0017,-4.632634372132458,-0.001595948567256119,-0.05425294163819894
0.0095,-0.0017,-4.582426245999499,-0.003739154163284835,-0.062343595174754435
0.0096,-0.0017,-4.820969133862588,-0.001277336662716068,-0.06793867613756395
0.0097,-0.0017,-4.5982410084455925,-0.00279536557833285,-0.06618254035161131
0.0098,-0.0017,-4.564877806183376,-0.0029903946314049743,-0.05289043930241173
0.0099,-0.0017,-4.5597776240833,-0.0015599998903606924,-0.031234395731542988
0.01,-0.0017,-4.579423992821676,0.0,0.0
0.0,-0.0016,-4.410900500547572,0.0,0.0
0.0001,-0.0016,-4.404251231552675,7.017595752487677e-05,0.00021869070991356547
0.0002,-0.0016,-4.398345007267146,0.00022782960643227034,0.0005012536233299701
0.0003,-0.0016,-4.390964582662117,0.000575224222753845,0.0015642570358343488
0.0004,-0.0016,-4.385600839716187,0.000847223574235686,0.002704494287954635
0.0005,-0.0016,-4.379959150826002,0.0013195864117106295,0.004073958675288062
0.0006,-0.0016,-4.378897521575694,0.0019302468783591242,0.005557732253739681
0.0007,-0.0016,-4.377671814533004,0.0025586752586858174,0.0072084030862798526
0.0008,-0.0016,-4.373612367468981,0.0033843780197193975,0.00903342738331334
0.0009,-0.0016,-4.370996891223875,0.004235533483120266,0.010823742486251575
0.001,-0.0016,-4.368710253950036,0.005244617833768541,0.012530717362719837
0.0011,-0.0016,-4.367081822654128,0.006306294902243829,0.014118649385917663
0.0012,-0.0016,-4.366964760931087,0.0072558977325700635,0.015572931627515213
0.0013000000000000002,-0.0016,-4.366244138882236,0.00821788801394551,0.01684831648898993
0.0014,-0.0016,-4.364825890434604,0.009520317556167352,0.018048976923161715
0.0015,-0.0016,-4.365927847060009,0.010751116658170643,0.019109569888530756
0.0016,-0.0016,-4.37197536639858,0.011929398398695633,0.019815415968791814
0.0017,-0.0016,-4.375788512742984,0.012895604292306165,0.02043828705214766
0.0018,-0.0016,-4.382449173845506,0.014043073241948228,0.020825214350651884
0.0019,-0.0016,-4.391480888003239,0.015160619286763294,0.021201055453168208
0.002,-0.0016,-4.403635999585767,0.01632792509577868,0.021313812575515165
0.0021,-0.0016,-4.416550238985706,0.01731183711167523,0.021391673334228457
0.0022,-0.0016,-4.433355424983784,0.018427538762696188,0.021468160871558433
0.0023,-0.0016,-4.450076311297063,0.019337393661762344,0.021257813097793267
0.0024,-0.0016,-4.472327316993546,0.02042338957999526,0.02109760214710832
0.0025,-0.0016,-4.495448000634148,0.02136730879417616,0.02075238774689081
0.0026000000000000003,-0.0016,-4.518753430915673,0.022278028002614546,0.02030450879084078
0.0027,-0.0016,-4.544973050807735,0.023142527436919514,0.01989755942143815
0.0028,-0.0016,-4.572870293121742,0.023972587136546982,0.01934687261658361
0.0029,-0.0016,-4.600476382708262,0.024796623166202708,0.018783102956882458
0.003,-0.0016,-4.629268082633072,0.025578225901123963,0.018130954054346223
0.0031,-0.0016,-4.658971353953799,0.02618815541230515,0.0175485837188631
0.0032,-0.0016,-4.689033025579096,0.02685165099119259,0.016844171894959358
0.0033000000000000004,-0.0016,-4.719335307281801,0.02755224166456699,0.01611888826095878
0.0034,-0.0016,-4.7492031063285065,0.028032717580375035,0.015374174492765786
0.0034999999999999996,-0.0016,-4.778753767733156,0.028647549523219157,0.01465184135718224
0.0036,-0.0016,-4.807818236614035,0.029090655186197287,0.013926507179829156
0.0037,-0.0016,-4.835833215150305,0.02955948766746437,0.013167400926528284
0.0038,-0.0016,-4.863518927411206,0.029977979055537448,0.012403685792951811
0.0039,-0.0016,-4.889648894384964,0.030308887913131417,0.011669743838520936
0.004,-0.0016,-4.914805553314093,0.03058093505919908,0.010926418364559353
0.0041,-0.0016,-4.938241589618946,0.030989206671013236,0.010179417312735601
0.0042,-0.0016,-4.961021666754174,0.03110867590857637,0.00944140997578375
0.0043,-0.0016,-4.980474607513317,0.03133230470271991,0.008724055532412659
0.0044,-0.0016,-4.998850959938924,0.031464008669101075,0.008030207808267442
0.0045,-0.0016,-5.015980302566152,0.0315990387506928,0.0073192831644228185
0.0046,-0.0016,-5.03184144893908,0.03172332076334496,0.006664434756736668
0.0047,-0.0016,-5.044977900974929,0.03177300293242472,0.005954874751129859
0.0048,-0.0016,-5.055554509105069,0.03184766083044322,0.005281013815076341
0.0049,-0.0016,-5.066703927049535,0.031800004201837366,0.004697958801823221
0.005,-0.0016,-5.074207931698565,0.031735831190501995,0.00406066535106858
0.0051,-0.0016,-5.079746811371444,0.031662453572277975,0.003449777072395416
0.005200000000000001,-0.0016,-5.083053027799589,0.03159224769623072,0.00288800192821691
0.0053,-0.0016,-5.08626763014731,0.031434945011960876,0.0023158495812212842
0.0054,-0.0016,-5.085773434588356,0.03125548744264677,0.0017452577768407398
0.0055,-0.0016,-5.084639661900644,0.0310565782624184,0.0012272944463644075
0.0056,-0.0016,-5.081631382024669,0.030854365665730944,0.000719019694410219
0.005700000000000001,-0.0016,-5.076301708019068,0.030559687298941974,0.0001716532816027604
0.0058,-0.0016,-5.0704680289862,0.030286912465116823,-0.0002820271126654367
0.0059,-0.0016,-5.061592689862129,0.029932737599022943,-0.000787822424643515
0.006,-0.0016,-5.0511097974006685,0.0295788139500531,-0.0012153047949003733
0.0061,-0.0016,-5.0392215725759675,0.02924093027199264,-0.0016012172385653938
0.0062,-0.0016,-5.031346450055344,0.02879912662388161,-0.0020141931264570667
0.0063,-0.0016,-5.017382997745769,0.02837127372549583,-0.0023534430317938403
0.0064,-0.0016,-5.000795663545335,0.027928325260385647,-0.0028078815237925804
0.006499999999999999,-0.0016,-4.9910517456768515,0.027425124072077145,-0.003093767480783765
0.006600000000000001,-0.0016,-4.974918966091471,0.026994094125923282,-0.0034851854954900765
0.0067,-0.0016,-4.956826410962402,0.0263965999951446,-0.003780892740211954
0.0068,-0.0016,-4.939926925328936,0.02585131907121925,-0.004103137693598187
0.0069,-0.0016,-4.923708577753846,0.025169030197726507,-0.0044084252839941334
0.006999999999999999,-0.0016,-4.913714093678358,0.02471294733425663,-0.004693853955776504
0.007100000000000001,-0.0016,-4.893916742251278,0.024094486826712697,-0.005013435967171936
0.0072,-0.0016,-4.879994843077144,0.023416103579010868,-0.00528116757718065
0.0073,-0.0016,-4.861022833836759,0.022763583796565928,-0.00550741999097785
0.0074,-0.0016,-4.851839305549411,0.021876083857518124,-0.005782957895962879
0.0075,-0.0016,-4.833955201048399,0.021175665926241177,-0.006048417419113674
0.0076,-0.0016,-4.818626139721713,0.020594660175239324,-0.00633065987443464
0.0077,-0.0016,-4.807714994092519,0.019805202509523695,-0.0066366153730973675
0.0078,-0.0016,-4.793889698766127,0.01911072411679373,-0.006926518810223912
0.0079,-0.0016,-4.784919989888764,0.01822776102262439,-0.007088249077504007
0.008,-0.0016,-4.775960685073644,0.01753637702933944,-0.007670461207822725
0.0081,-0.0016,-4.765691047772521,0.016742783487789095,-0.007855068744387171
0.0082,-0.0016,-4.754769099631746,0.01582476244394244,-0.008525207361639307
0.0083,-0.0016,-4.744187637703486,0.015169597511885687,-0.009141681707788119
0.0084,-0.0016,-4.736473361793387,0.01435670308158908,-0.00994236773832697
0.0085,-0.0016,-4.730793304546054,0.01351747541276917,-0.010840182075948496
0.0086,-0.0016,-4.725324504107425,0.012441127266301652,-0.012291843889593056
0.0087,-0.0016,-4.714134270158041,0.011296371598825626,-0.014112479514618505
0.0088,-0.0016,-4.707556641474709,0.009967550290574112,-0.01643717946547027
0.0089,-0.0016,-4.697413416792846,0.008548945673758869,-0.019642950883165297
0.009,-0.0016,-4.682469760775108,0.006878737840571265,-0.023605873007456098
0.0091,-0.0016,-4.665174876370184,0.005257779841410133,-0.028725096205146475
0.0092,-0.0016,-4.65929554457971,0.0023304001085075843,-0.03511667697085849
0.0093,-0.0016,-4.483074075533613,0.0008281059714082981,-0.04208063559964979
0.0094,-0.0016,-4.363543708438042,-0.001388537546474181,-0.05090029001568939
0.0095,-0.0016,-4.486592657945433,-0.0022475912754373792,-0.05738293046749463
0.0096,-0.0016,-4.518083512554297,-0.005206946335544929,-0.06618704543706369
0.0097,-0.0016,-4.557809257036126,-0.001420442599057751,-0.06507513354369542
0.0098,-0.0016,-4.556180515224455,-0.0011093028617214548,-0.05382453150848641
0.0099,-0.0016,-4.523319034168634,-0.0018749112462760295,-0.03207409058529848
0.01,-0.0016,-4.543017222813104,0.0,0.0
0.0,-0.0015,-4.391417641167206,0.0,0.0
0.0001,-0.0015,-4.386609547837366,7.044245127880481e-05,4.715127359045202e-05
0.0002,-0.0015,-4.379392929442945,0.00019199181371285713,0.00042097507387548204
0.0003,-0.0015,-4.375032457079505,0.00040582172869087067,0.001255926130186133
0.0004,-0.0015,-4.364232497667108,0.0006893851986923397,0.002296200460039478
0.0005,-0.0015,-4.358333043368106,0.0011039320743849938,0.003702147226953698
0.0006,-0.0015,-4.357012499612673,0.0015464501004362188,0.005050131004055443
0.0007,-0.0015,-4.3562260456666655,0.0021717049074589374,0.006626196676798106
0.0008,-0.0015,-4.35348234915624,0.0028794544612671565,0.008225216502843627
0.0009,-0.0015,-4.351829100413227,0.003700927777187152,0.009977080190241171
0.001,-0.0015,-4.350135903533207,0.0045412875112567684,0.011548067063698443
0.0011,-0.0015,-4.3486036786464695,0.0054744775901222325,0.013081082928774596
0.0012,-0.0015,-4.346690102173336,0.0065201931287977915,0.014510202591184546
0.0013000000000000002,-0.0015,-4.345163869675376,0.007661919918750468,0.015779682582617405
0.0014,-0.0015,-4.343588445866569,0.008786047645026648,0.01698461690335291
0.0015,-0.0015,-4.344807795735274,0.009835468939614343,0.017960853620782036
0.0016,-0.0015,-4.344733641942327,0.010939225617284533,0.018754194812530576
0.0017,-0.0015,-4.3492761468782914,0.012118930568137629,0.019488122774443953
0.0018,-0.0015,-4.354162446754972,0.013330969119919718,0.019963764231228857
0.0019,-0.0015,-4.364275857724764,0.014391417720559675,0.020155798529129996
0.002,-0.0015,-4.374430727912595,0.015483749585020357,0.02033294658707917
0.0021,-0.0015,-4.386745208089602,0.01667930442275539,0.020419613782798603
0.0022,-0.0015,-4.4028673963735105,0.01771583098014826,0.020438531507248996
0.0023,-0.0015,-4.419954571189779,0.018761622413258013,0.02031627514579641
0.0024,-0.0015,-4.439471881576748,0.01973013204599747,0.02005491820302125
0.0025,-0.0015,-4.463480946275654,0.020854759648402155,0.019853116410269767
0.0026000000000000003,-0.0015,-4.487433875328368,0.021774382167617984,0.01936198409442513
0.0027,-0.0015,-4.512910114243128,0.022733784319980858,0.01899216901095487
0.0028,-0.0015,-4.540009239623166,0.02363614891836268,0.018502869103626102
0.0029,-0.0015,-4.568161774873425,0.024352091351490884,0.017945733492797846
0.003,-0.0015,-4.597887011542863,0.025262342192797833,0.017420601370991537
0.0031,-0.0015,-4.628427385109281,0.02600661196028154,0.016807254079088754
0.0032,-0.0015,-4.6586708968927395,0.026751410248761653,0.0161799989786245
0.0033000000000000004,-0.0015,-4.688678219035419,0.027385303079257257,0.015480046449862166
0.0034,-0.0015,-4.718560574207904,0.028024752077143944,0.014830034418142308
0.0034999999999999996,-0.0015,-4.748816210410494,0.028559659505032545,0.014124653558401125
0.0036,-0.0015,-4.779078877294815,0.02907724844366202,0.01343176801489836
0.0037,-0.0015,-4.8061320890931505,0.029607980897494526,0.012706380712292666
0.0038,-0.0015,-4.833792317483251,0.03004475924315905,0.011998973769677946
0.0039,-0.0015,-4.861726175926633,0.03041433763490621,0.011304120958852765
0.004,-0.0015,-4.886423669425872,0.030735824269260848,0.010599735876914249
0.0041,-0.0015,-4.911405249457197,0.03111037710582043,0.009906301287925653
0.0042,-0.0015,-4.933342257668876,0.03135507566731075,0.00921061901771408
0.0043,-0.0015,-4.954885512350631,0.03154965677177162,0.008521884050085873
0.0044,-0.0015,-4.975719648620796,0.03173007449391093,0.007857767423706958
0.0045,-0.0015,-4.9930107893162505,0.03191896955620024,0.007199950167265723
0.0046,-0.0015,-5.008342546641537,0.032067117851129666,0.0065547304073322295
0.0047,-0.0015,-5.021828066631923,0.032109999773514794,0.005903878008347307
0.0048,-0.0015,-5.033940569478424,0.032148380174556145,0.005316553011722964
0.0049,-0.0015,-5.044535277465694,0.03217406397595148,0.004728086902736291
0.005,-0.0015,-5.052470704867024,0.032138802190591044,0.00415296648528068
0.0051,-0.0015,-5.059877411373362,0.03209051940270737,0.003532291422498878
0.005200000000000001,-0.0015,-5.063470839905091,0.0319428372868567,0.0030013922004850572
0.0053,-0.0015,-5.066701441355361,0.03181019461271802,0.002464031084897971
0.0054,-0.0015,-5.06721736983191,0.03169403543844571,0.0019386378356169645
0.0055,-0.0015,-5.065546372126907,0.031486624398499384,0.001459544381563767
0.0056,-0.0015,-5.064138818195755,0.031199443553477958,0.000989885582146382
0.005700000000000001,-0.0015,-5.059461525187179,0.031011461983974965,0.0005035341672760362
0.0058,-0.0015,-5.052809190494226,0.030774242036995005,4.9775749199288454e-05
0.0059,-0.0015,-5.045340011712506,0.030392380675748266,-0.0003702951238725711
0.006,-0.0015,-5.036968959682192,0.03004562081006881,-0.0008010113791598373
0.0061,-0.0015,-5.025250438952195,0.029667253495247715,-0.0012476991570560144
0.0062,-0.0015,-5.012686064662368,0.02925277837399716,-0.0016059596976453257
0.0063,-0.0015,-5.00209348526168,0.028792543844929266,-0.001949920276837313
0.0064,-0.0015,-4.990526499357206,0.028363240043744554,-0.002308558421160475
0.006499999999999999,-0.0015,-4.974424875283408,0.02790842222197978,-0.002604358066084458
0.006600000000000001,-0.0015,-4.960742842160032,0.027416259694737974,-0.002946557639584796
0.0067,-0.0015,-4.945200839253042,0.026781091504155266,-0.00327596383372867
0.0068,-0.0015,-4.934954151637661,0.02632381596834579,-0.0035054929151212204
0.0069,-0.0015,-4.914193504280871,0.025757016115236144,-0.0037997109706483624
0.006999999999999999,-0.0015,-4.898273370534853,0.025014588822964846,-0.004114570442671814
0.007100000000000001,-0.0015,-4.885622607124838,0.024581700154720706,-0.004363524737908328
0.0072,-0.0015,-4.864817430960225,0.023837255368314755,-0.004634384872053642
0.0073,-0.0015,-4.851906746923824,0.023318854492289223,-0.004838634113526971
0.0074,-0.0015,-4.836031471839621,0.022562691214027136,-0.005065131887735669
0.0075,-0.0015,-4.82141379712333,0.02179962489272253,-0.005332983435222549
0.0076,-0.0015,-4.806550721632787,0.021016463784648096,-0.005580235074875997
0.0077,-0.0015,-4.791742520573988,0.02039185991654932,-0.005829185729181847
0.0078,-0.0015,-4.77755171159701,0.019628105798692442,-0.006017712800648215
0.0079,-0.0015,-4.770034215041249,0.01893273022850761,-0.006540836588143148
0.008,-0.0015,-4.761506695905125,0.018139347286992947,-0.006808088603932895
0.0081,-0.0015,-4.749215756424638,0.017156812816620876,-0.007290287292689603
0.0082,-0.0015,-4.738124935539744,0.016477964066978545,-0.0076795887083164
0.0083,-0.0015,-4.727455197557833,0.015739287223031844,-0.008208551862359942
0.0084,-0.0015,-4.720967769915174,0.014914540224556884,-0.009178752581889408
0.0085,-0.0015,-4.712135920324517,0.013900891864067559,-0.009938718512518185
0.0086,-0.0015,-4.702706618762838,0.01299991664602101,-0.011030757990168547
0.0087,-0.0015,-4.69173025847232,0.011878455789264634,-0.012936266341403067
0.0088,-0.0015,-4.681528475039229,0.010774395067828346,-0.015079496492679027
0.0089,-0.0015,-4.6687473537739494,0.00949793232946379,-0.01809300542876735
0.009,-0.0015,-4.656555406775929,0.007822576567491989,-0.021959824873985803
0.0091,-0.0015,-4.639505958976709,0.006282452485804835,-0.026572891346836644
0.0092,-0.0015,-4.619169871618379,0.0039157312414242985,-0.03300793091023009
0.0093,-0.0015,-4.528282162676699,0.002571566774796674,-0.03954763166613833
0.0094,-0.0015,-4.657945113528592,-0.0018254338115715621,-0.05072451977885
0.0095,-0.0015,-4.335528407995375,-0.003884534661331294,-0.058404919686048606
0.0096,-0.0015,-4.054687446142619,-0.0028956887174781424,-0.06761359406350412
0.0097,-0.0015,-4.508422184315451,-0.0015402303654055477,-0.06650510148340268
0.0098,-0.0015,-4.586794431052276,-0.001603905865779079,-0.05541945175789718
0.0099,-0.0015,-4.475591047568541,-0.0026753085394346956,-0.034125667333722645
0.01,-0.0015,-4.492874056689727,0.0,0.0
0.0,-0.0014,-4.364038798046494,0.0,0.0
0.0001,-0.0014,-4.361156271192788,3.756086726440111e-05,-1.695042891863305e-05
0.0002,-0.0014,-4.354956008633821,2.2850453542057968e-05,0.000513733315172749
0.0003,-0.0014,-4.348048046323854,0.0003499453276339876,0.0011206438152464992
0.0004,-0.0014,-4.3403242719048345,0.0004960245962644998,0.002080634593177102
0.0005,-0.0014,-4.335494055018202,0.000670548531694804,0.0032198899429484273
0.0006,-0.0014,-4.334270446189984,0.0010779480482628928,0.004534124308506061
0.0007,-0.0014,-4.334022528504209,0.0016308253136155687,0.005877010774095824
0.0008,-0.0014,-4.330360262496074,0.0022399845926329275,0.007427087037526774
0.0009,-0.0014,-4.3273560554315535,0.00299731243056919,0.00921440295407344
0.001,-0.0014,-4.326571951289033,0.003712540410680705,0.010687019185216338
0.0011,-0.0014,-4.327342338481951,0.004637897911075733,0.012137388850917105
0.0012,-0.0014,-4.323793727033868,0.005684556545242585,0.013451968220936078
0.0013000000000000002,-0.0014,-4.323080458867705,0.006604282349986568,0.014695452783361956
0.0014,-0.0014,-4.320920893695457,0.007627401840700602,0.015860568537716037
0.0015,-0.0014,-4.31899647401471,0.008734556478788515,0.016803373274936455
0.0016,-0.0014,-4.322602899726333,0.009846181418961984,0.017566715817132327
0.0017,-0.0014,-4.324998573612053,0.011140661435109778,0.018229670868948812
0.0018,-0.0014,-4.330365598337592,0.01235453312302825,0.01876458097604162
0.0019,-0.0014,-4.336588383998758,0.013364796670214882,0.019045170302859238
0.002,-0.0014,-4.346425978726871,0.014671125513305825,0.019303219040637077
0.0021,-0.0014,-4.35849484316929,0.015708611729340776,0.019566318720636758
0.0022,-0.0014,-4.373107805250913,0.016826278929770937,0.01939929379532196
0.0023,-0.0014,-4.390847449497223,0.017992504310120252,0.019200003439027055
0.0024,-0.0014,-4.408620283187555,0.019021447879898182,0.01893987941980015
0.0025,-0.0014,-4.430893368113526,0.020081571726383682,0.018774449886577817
0.0026000000000000003,-0.0014,-4.455396860692071,0.021107261318921402,0.018405300987702943
0.0027,-0.0014,-4.4819288365534895,0.022132045634763516,0.01808699772946471
0.0028,-0.0014,-4.508241202428041,0.022987379717487454,0.017583930992484415
0.0029,-0.0014,-4.53726713102965,0.02386233687397117,0.0171144906397664
0.003,-0.0014,-4.567106604172491,0.02478680108916824,0.016660208071270322
0.0031,-0.0014,-4.596871659940889,0.025565895829721103,0.016053408161322388
0.0032,-0.0014,-4.627848788289999,0.026331201919319494,0.015455786827505197
0.0033000000000000004,-0.0014,-4.6568043343459244,0.027038086607449413,0.014861907643907985
0.0034,-0.0014,-4.689286712664884,0.027688019634720586,0.014207790462000276
0.0034999999999999996,-0.0014,-4.719455565413895,0.028426266159471004,0.01354888681253292
0.0036,-0.0014,-4.748571039806213,0.028822267495413657,0.01288742780621463
0.0037,-0.0014,-4.776710623871286,0.029417348973968728,0.012230480525126606
0.0038,-0.0014,-4.807113293970174,0.02993447970495866,0.011578552054505267
0.0039,-0.0014,-4.835166434033297,0.030434585130669534,0.01091577208631795
0.004,-0.0014,-4.8597046274299345,0.03080370162411238,0.01026046927706652
0.0041,-0.0014,-4.885468448958617,0.031105924461173717,0.009595074840594367
0.0042,-0.0014,-4.9083315989350105,0.031449048358075084,0.008946066334758598
0.0043,-0.0014,-4.929195505324686,0.03164205315924562,0.008313499541627684
0.0044,-0.0014,-4.949985247569403,0.03191015358807988,0.007673748287332433
0.0045,-0.0014,-4.968807859548684,0.032066677773995494,0.007056790201797023
0.0046,-0.0014,-4.986437036202529,0.03219278927110766,0.006442746320649959
0.0047,-0.0014,-5.001211768772989,0.03232430358699959,0.00586663198619701
0.0048,-0.0014,-5.0127306425405,0.03239414623109604,0.0052716605074886016
0.0049,-0.0014,-5.023589397716975,0.032443138701772116,0.004726411548241562
0.005,-0.0014,-5.032358157998048,0.03235886439533898,0.004169529173973001
0.0051,-0.0014,-5.039542225880068,0.03244385553411323,0.0036481439846691825
0.005200000000000001,-0.0014,-5.043649966345583,0.032295496655079636,0.00310715892143842
0.0053,-0.0014,-5.047729161461304,0.03215325854872267,0.002627187842727398
0.0054,-0.0014,-5.049927399778915,0.0320901089205694,0.0020882964822263824
0.0055,-0.0014,-5.048455285487025,0.031799266873316884,0.0016719327193589991
0.0056,-0.0014,-5.045403281263885,0.031571613287477436,0.0011853659168105032
0.005700000000000001,-0.0014,-5.040870764873524,0.03135115529078436,0.0007378451168183751
0.0058,-0.0014,-5.036510575036066,0.031085274582595235,0.0003387644129085351
0.0059,-0.0014,-5.030613271412246,0.030774636313132788,-0.00010283790729788594
0.006,-0.0014,-5.0200665876919555,0.030445645757590192,-0.000457612606499604
0.0061,-0.0014,-5.012621318597158,0.030107463288450032,-0.0008285999754985441
0.0062,-0.0014,-5.00009440974113,0.029653690960815045,-0.0012311311170617755
0.0063,-0.0014,-4.989521247273652,0.029216299696497416,-0.001513562463755164
0.0064,-0.0014,-4.979465188342853,0.028736970919430317,-0.0018434110182856942
0.006499999999999999,-0.0014,-4.962398027889791,0.028277330456002926,-0.0021281398712145196
0.006600000000000001,-0.0014,-4.947895559425309,0.02774021726561895,-0.002445572500942685
0.0067,-0.0014,-4.930870890273567,0.02736769360169518,-0.002695235296628493
0.0068,-0.0014,-4.919821509925273,0.02671790181838063,-0.0029709074341531306
0.0069,-0.0014,-4.900245581633754,0.026091848711227873,-0.0032816317360022116
0.006999999999999999,-0.0014,-4.885339524096895,0.025564290043500488,-0.0034988071983691124
0.007100000000000001,-0.0014,-4.871551446473185,0.025055562809347454,-0.003697015793358101
0.0072,-0.0014,-4.85532753129471,0.024143775226535675,-0.004006253076733142
0.0073,-0.0014,-4.8445474349862625,0.023629771468304986,-0.004155385845505419
0.0074,-0.0014,-4.824849695895804,0.022980243422764123,-0.004373851892395887
0.0075,-0.0014,-4.81101180468468,0.022353897012070037,-0.004647736289965912
0.0076,-0.0014,-4.79955000403687,0.02151457390526693,-0.004741197980948221
0.0077,-0.0014,-4.781830206642013,0.020972732324816036,-0.005032842185162483
0.0078,-0.0014,-4.767906824292143,0.020214235753628573,-0.005410119013825625
0.0079,-0.0014,-4.755977110822262,0.01948418024380379,-0.005527445174284083
0.008,-0.0014,-4.7438130900029485,0.018556438193389813,-0.006167936989541595
0.0081,-0.0014,-4.730493409715161,0.018059196522378047,-0.006262427615188786
0.0082,-0.0014,-4.721528841312381,0.01732042467863016,-0.006977505193986296
0.0083,-0.0014,-4.711582804488626,0.016346807179502515,-0.0074029354332344165
0.0084,-0.0014,-4.703131930925324,0.015524915221196861,-0.008240349247013659
0.0085,-0.0014,-4.6912269170453404,0.014966375315354725,-0.00914194131006656
0.0086,-0.0014,-4.681162203713735,0.013973677190190006,-0.010339672958884273
0.0087,-0.0014,-4.666697830285151,0.013048028656284459,-0.01208335614872384
0.0088,-0.0014,-4.6575199924654775,0.011798718333015604,-0.013969199995471951
0.0089,-0.0014,-4.6410809930998225,0.010487188373109167,-0.01678708401260224
0.009,-0.0014,-4.62946084506431,0.009037997883673429,-0.020335369198744225
0.0091,-0.0014,-4.598482032691387,0.007371841594546583,-0.02488192877405123
0.0092,-0.0014,-4.577394056584944,0.0049562283533708985,-0.030584594343885774
0.0093,-0.0014,-4.463361857575727,0.003844728383989613,-0.037649103149451434
0.0094,-0.0014,-4.669779970300364,-0.0015852181468203688,-0.04851257093188438
0.0095,-0.0014,-4.402727791523393,-0.0031328571204954202,-0.053634797214524355
0.0096,-0.0014,-4.103387758603172,-0.005333965617687038,-0.06231047430683348
0.0097,-0.0014,-4.286980717886501,-0.003507842926182693,-0.06550889380494862
0.0098,-0.0014,-4.493398673578671,-0.0026593629309565187,-0.05635222972372164
0.0099,-0.0014,-4.486330183417032,-0.0024535266780953227,-0.03518166049187859
0.01,-0.0014,-4.407037402408615,0.0,0.0
0.0,-0.0013000000000000002,-4.337188400990658,0.0,0.0
0.0001,-0.0013000000000000002,-4.331631950501344,-6.0574138376107115e-05,-0.0003139147760268673
0.0002,-0.0013000000000000002,-4.323162223421962,-6.673213327557742e-05,0.0004008329684689897
0.0003,-0.0013000000000000002,-4.315171552197672,0.00019629926283572295,0.0008676819071244551
0.0004,-0.0013000000000000002,-4.311114077643079,0.00021392319890907652,0.0019952231272014793
0.0005,-0.0013000000000000002,-4.309574568930961,0.0003449960311605269,0.00302975878487521
0.0006,-0.0013000000000000002,-4.30877627310622,0.0007312713990179592,0.004023367921075373
0.0007,-0.0013000000000000002,-4.308163179406272,0.001047294417730041,0.005611367324840021
0.0008,-0.0013000000000000002,-4.304382650668661,0.0015829786582588696,0.006893480909458376
0.0009,-0.0013000000000000002,-4.30939201211824,0.002167065165224947,0.008432911173358806
0.001,-0.0013000000000000002,-4.311632157810375,0.0028502543532894394,0.009902970575867205
0.0011,-0.0013000000000000002,-4.306383403319344,0.0036663358067516973,0.011280171421751847
0.0012,-0.0013000000000000002,-4.303377598014288,0.004545115285213376,0.012535558627522007
0.0013000000000000002,-0.0013000000000000002,-4.299721851603261,0.0055705089884928345,0.01368283803208511
0.0014,-0.0013000000000000002,-4.299677879824782,0.006674697248086044,0.01475290779904495
0.0015,-0.0013000000000000002,-4.2991346862767745,0.007605893092106582,0.015616955037509733
0.0016,-0.0013000000000000002,-4.299795878167946,0.008827474270931298,0.01640304167761768
0.0017,-0.0013000000000000002,-4.298126426950583,0.009810728509449548,0.01689776884647645
0.0018,-0.0013000000000000002,-4.3054860675942965,0.010951420367715705,0.017367008578385724
0.0019,-0.0013000000000000002,-4.30862733116569,0.012173258684176928,0.01791264810335627
0.002,-0.0013000000000000002,-4.319624091817744,0.013397007315544385,0.018075873856417273
0.0021,-0.0013000000000000002,-4.330585391671973,0.014573273908680863,0.01825117436074519
0.0022,-0.0013000000000000002,-4.346456039287379,0.015691364667133372,0.01813737858971305
0.0023,-0.0013000000000000002,-4.362337949392851,0.016805700313462412,0.018103040253396204
0.0024,-0.0013000000000000002,-4.3784837099887675,0.01797046397029394,0.017897549141792906
0.0025,-0.0013000000000000002,-4.402757680701367,0.019065190322722476,0.0175982233484897
0.0026000000000000003,-0.0013000000000000002,-4.425063913154767,0.02013285644270245,0.017475416623099854
0.0027,-0.0013000000000000002,-4.452635031929037,0.021298440720986526,0.017047571778114678
0.0028,-0.0013000000000000002,-4.480466398597735,0.022333520716482064,0.01670428391804013
0.0029,-0.0013000000000000002,-4.506866669136235,0.023109360434091897,0.01628330160487948
0.003,-0.0013000000000000002,-4.534246831180216,0.023979405556587233,0.015762083101185816
0.0031,-0.0013000000000000002,-4.565571004027672,0.02492054245112044,0.015249871745425865
0.0032,-0.0013000000000000002,-4.5984910173158395,0.025787398947568124,0.014649672099746148
0.0033000000000000004,-0.0013000000000000002,-4.628287139526947,0.02656015581645111,0.01413045214729552
0.0034,-0.0013000000000000002,-4.661315503687484,0.02719329987614774,0.013486406844185473
0.0034999999999999996,-0.0013000000000000002,-4.688369648845946,0.027866879397373635,0.012933312550255968
0.0036,-0.0013000000000000002,-4.720144252970905,0.028460475769608074,0.01234831842874496
0.0037,-0.0013000000000000002,-4.752793204679015,0.029125656227507096,0.011712233496897545
0.0038,-0.0013000000000000002,-4.779002272790275,0.029624200220074406,0.011082516178550023
0.0039,-0.0013000000000000002,-4.808798753569141,0.030070909912569745,0.010488671479737841
0.004,-0.0013000000000000002,-4.836815787180624,0.030444681110076102,0.009877102483979537
0.0041,-0.0013000000000000002,-4.859596898732784,0.030973161502495673,0.0092370154198182
0.0042,-0.0013000000000000002,-4.884500963317061,0.03126237165067375,0.008628906727903918
0.0043,-0.0013000000000000002,-4.907652746436441,0.03163853626174284,0.008041838419551832
0.0044,-0.0013000000000000002,-4.927473620137741,0.03189902615517036,0.007461842288830351
0.0045,-0.0013000000000000002,-4.94654126757289,0.03211131436566183,0.006875503272489514
0.0046,-0.0013000000000000002,-4.9633609803161045,0.03225400323205504,0.006290395736673282
0.0047,-0.0013000000000000002,-4.979429770566409,0.03239994901578446,0.005752033803891086
0.0048,-0.0013000000000000002,-4.992331204474002,0.032467207179147375,0.005212910231852846
0.0049,-0.0013000000000000002,-5.004537450350931,0.032530269827249915,0.004686103312341576
0.005,-0.0013000000000000002,-5.013745949256006,0.03254678895997598,0.004166099876730117
0.0051,-0.0013000000000000002,-5.021070896994727,0.032534044284064555,0.003678655056462926
0.005200000000000001,-0.0013000000000000002,-5.02619140371798,0.032479330702782916,0.0031727237702323103
0.0053,-0.0013000000000000002,-5.030078219242617,0.032358122330480625,0.002735156037734561
0.0054,-0.0013000000000000002,-5.031355314136804,0.03222864470698702,0.0022303354591202266
0.0055,-0.0013000000000000002,-5.032446392090001,0.03205345458134885,0.001857183106769255
0.0056,-0.0013000000000000002,-5.030518862241879,0.03186620349017793,0.001447377500778003
0.005700000000000001,-0.0013000000000000002,-5.026734231997046,0.031630019905612726,0.0010246619456741473
0.0058,-0.0013000000000000002,-5.021742470542678,0.03136767114821206,0.0006495983314873755
0.0059,-0.0013000000000000002,-5.016138409701549,0.031072183053685955,0.00024285471364351185
0.006,-0.0013000000000000002,-5.007632433453707,0.030802727640765415,-0.00010225995677258471
0.0061,-0.0013000000000000002,-5.000249234027184,0.030389327973250155,-0.0004293481873520905
0.0062,-0.0013000000000000002,-4.9864789436892085,0.029957135266329094,-0.0007611654612457834
0.0063,-0.0013000000000000002,-4.978498973697969,0.029657176084601135,-0.001039140774176259
0.0064,-0.0013000000000000002,-4.9636699350259965,0.0291813254269066,-0.0014050976383027597
0.006499999999999999,-0.0013000000000000002,-4.9482614011205,0.028528136623294162,-0.0016458425948757294
0.006600000000000001,-0.0013000000000000002,-4.937840679774502,0.0282856170087228,-0.0019181016393348177
0.0067,-0.0013000000000000002,-4.92260817993932,0.02768831214567137,-0.0022122370917162662
0.0068,-0.0013000000000000002,-4.9104947516092885,0.02713582163617151,-0.0024006199454333146
0.0069,-0.0013000000000000002,-4.893292675139621,0.026580295717936173,-0.0026202086916369202
0.006999999999999999,-0.0013000000000000002,-4.8781978764455785,0.02614772109845458,-0.0028751296592545317
0.007100000000000001,-0.0013000000000000002,-4.857397708650877,0.025468638134450994,-0.003091305835917937
0.0072,-0.0013000000000000002,-4.845218039800608,0.024906710750703647,-0.0033150047316487714
0.0073,-0.0013000000000000002,-4.831364333122188,0.024115392440290873,-0.003540270776193977
0.0074,-0.0013000000000000002,-4.81602189553574,0.023515191857746677,-0.003738543904465422
0.0075,-0.0013000000000000002,-4.799458662015274,0.0230042180715349,-0.004009992518998386
0.0076,-0.0013000000000000002,-4.785073536798451,0.0222221341153188,-0.004277465721067761
0.0077,-0.0013000000000000002,-4.770321152953271,0.021729683831096958,-0.0044493734159800425
0.0078,-0.0013000000000000002,-4.756690450102441,0.020822141264933758,-0.0046789523606720375
0.0079,-0.0013000000000000002,-4.746648742010831,0.020319595414514335,-0.005056840198463882
0.008,-0.0013000000000000002,-4.732969689668846,0.01950625965937871,-0.0053765847357265095
0.0081,-0.0013000000000000002,-4.720743020612625,0.01901624100440022,-0.005729830652607958
0.0082,-0.0013000000000000002,-4.706226188114363,0.018171617563422067,-0.006201436049201971
0.0083,-0.0013000000000000002,-4.701955728755892,0.017344800907596946,-0.0064728693867681895
0.0084,-0.0013000000000000002,-4.684480767716714,0.016710778676859283,-0.007335218324204732
0.0085,-0.0013000000000000002,-4.671342935058551,0.01578194991672328,-0.008230937929466206
0.0086,-0.0013000000000000002,-4.660764392051926,0.01516923421140213,-0.009388531984105164
0.0087,-0.0013000000000000002,-4.648645092356912,0.014145524054769633,-0.010739384266272722
0.0088,-0.0013000000000000002,-4.631321132126543,0.01313960848015853,-0.012982448351120945
0.0089,-0.0013000000000000002,-4.618328742616276,0.011722286410167522,-0.01510955950879036
0.009,-0.0013000000000000002,-4.590689143357651,0.010183664651141861,-0.018617271232625382
0.0091,-0.0013000000000000002,-4.564230421200016,0.008779992402713021,-0.02298870789532789
0.0092,-0.0013000000000000002,-4.5329597557833035,0.00616215271740465,-0.0285798802476923
0.0093,-0.0013000000000000002,-4.482510858440619,0.004681387557332719,-0.0346453732191365
0.0094,-0.0013000000000000002,-4.477091345306846,0.003409338025481721,-0.0446277410834078
0.0095,-0.0013000000000000002,-4.673865714791119,0.0006818505775541416,-0.052609482993891746
0.0096,-0.0013000000000000002,-4.502444130504553,-0.004244503506696019,-0.06065032105160132
0.0097,-0.0013000000000000002,-4.138793187445759,-0.0030091035889489946,-0.06433661783044002
0.0098,-0.0013000000000000002,-4.361000195564491,-0.0018620815866221161,-0.0576779267300684
0.0099,-0.0013000000000000002,-4.255954324926204,-0.0017841241442745608,-0.03772030113052874
0.01,-0.0013000000000000002,-4.345460637396028,0.0,0.0
0.0,-0.0012,-4.304238953365115,0.0,0.0
0.0001,-0.0012,-4.303030207229653,-0.00018510758035527802,-0.00015172780633488202
0.0002,-0.0012,-4.2923359161002965,-0.00012941129581775683,0.00024156280880106263
0.0003,-0.0012,-4.283880283980171,-0.00021251427382464432,0.000937265911306481
0.0004,-0.0012,-4.278556601524521,-0.00022024151476741785,0.0016579756067113213
0.0005,-0.0012,-4.279718674579906,4.978070754372882e-05,0.0028029665843395226
0.0006,-0.0012,-4.280220128464531,4.90125672783783e-05,0.0038672381446363275
0.0007,-0.0012,-4.280926331860831,0.00029857747129125294,0.005347564399684238
0.0008,-0.0012,-4.276106955069958,0.0006138330238778917,0.006452786680094042
0.0009,-0.0012,-4.282321544609401,0.0010614944181506316,0.007894770634020071
0.001,-0.0012,-4.2906014544848246,0.0017852217520819245,0.009128544950194595
0.0011,-0.0012,-4.2841883881559575,0.0024741277191523553,0.010436270356493473
0.0012,-0.0012,-4.280768504479815,0.0033238425936448638,0.01166391710974319
0.0013000000000000002,-0.0012,-4.279325807463685,0.004211761488611122,0.012785567328227738
0.0014,-0.0012,-4.278883691008175,0.005121011588113896,0.013693883588979714
0.0015,-0.0012,-4.277492825559093,0.006323559851414175,0.014608800120295189
0.0016,-0.0012,-4.2755459538013,0.007258859541514857,0.01538199480388419
0.0017,-0.0012,-4.279151726412359,0.00847214822161482,0.01590080201589143
0.0018,-0.0012,-4.277807210266883,0.00956030177368819,0.016312760504645706
0.0019,-0.0012,-4.284841268716769,0.010759997524358807,0.01663353705555732
0.002,-0.0012,-4.29259201853689,0.012094783752191736,0.016999359433784802
0.0021,-0.0012,-4.304005509561195,0.013186168020651652,0.016892072439561572
0.0022,-0.0012,-4.3205121035655685,0.01438941876019345,0.01687733838487872
0.0023,-0.0012,-4.335124894337645,0.015675119932317613,0.016922140457327574
0.0024,-0.0012,-4.353732755239598,0.016753437457432074,0.01675920407746288
0.0025,-0.0012,-4.3666370997770185,0.017979262303664294,0.016596392033712788
0.0026000000000000003,-0.0012,-4.392251912808413,0.019120024248986213,0.01627222101592009
0.0027,-0.0012,-4.42268017286409,0.020222320942862086,0.016045766228174118
0.0028,-0.0012,-4.455104909146106,0.021059616601452575,0.015761962548060837
0.0029,-0.0012,-4.482022777516337,0.02211245620033892,0.015275358789500051
0.003,-0.0012,-4.510084051800232,0.023185814753320644,0.014782277688493562
0.0031,-0.0012,-4.53985215098838,0.024077050581705346,0.014319824472270773
0.0032,-0.0012,-4.567173003300482,0.02495922467128386,0.01390496240609021
0.0033000000000000004,-0.0012,-4.594697080755184,0.02579207870086891,0.013354278823097494
0.0034,-0.0012,-4.636818285961824,0.026620115097061595,0.012860391715321148
0.0034999999999999996,-0.0012,-4.668607400567858,0.027227735363150037,0.012265035835603968
0.0036,-0.0012,-4.692947005183552,0.02783047504786376,0.011735015686581238
0.0037,-0.0012,-4.722867189023701,0.02853642246188666,0.011138893848720108
0.0038,-0.0012,-4.752879725497012,0.029218629514044383,0.010527655408243968
0.0039,-0.0012,-4.7877460385775645,0.029724951719027733,0.009997039362921505
0.004,-0.0012,-4.811832851677793,0.030227099441647805,0.0094263132612609
0.0041,-0.0012,-4.833521992110289,0.03059097763401228,0.008823024123182553
0.0042,-0.0012,-4.861364159026258,0.03111101183982235,0.00829392182556066
0.0043,-0.0012,-4.885462828037586,0.03142106816024009,0.007737020203328654
0.0044,-0.0012,-4.906280930327701,0.03169081279560191,0.0071929445018031725
0.0045,-0.0012,-4.926268471743014,0.031899609979586,0.006665868819062716
0.0046,-0.0012,-4.943591862883121,0.03217666878469446,0.006140878512129127
0.0047,-0.0012,-4.959366218621298,0.032306006972677874,0.0056324949186165865
0.0048,-0.0012,-4.973698218189995,0.03245659565520915,0.005136958398725213
0.0049,-0.0012,-4.985922773731442,0.03251069970592041,0.004640420482796121
0.005,-0.0012,-4.995452085433231,0.032532301636854284,0.004166226124688766
0.0051,-0.0012,-5.00426426015693,0.032621173242765866,0.0037032538412102994
0.005200000000000001,-0.0012,-5.010390119351873,0.032498349044798286,0.003239651257356248
0.0053,-0.0012,-5.014546610042121,0.03248862500668045,0.002805045459653801
0.0054,-0.0012,-5.017877421785092,0.032338097857953475,0.0024131764329558786
0.0055,-0.0012,-5.017302531810893,0.03216165095910651,0.0019927230731882945
0.0056,-0.0012,-5.0168478009851265,0.0320480892220571,0.001602256225070315
0.005700000000000001,-0.0012,-5.014365874586879,0.031819607979566726,0.0012569452044352747
0.0058,-0.0012,-5.009732597150554,0.031624229593828795,0.000878950087749878
0.0059,-0.0012,-5.003961417821109,0.031318310214152704,0.0005361179212993804
0.006,-0.0012,-4.994983580835031,0.031062647152722084,0.0002333047361315878
0.0061,-0.0012,-4.987368196357161,0.03074962928960321,-8.056234487749132e-05
0.0062,-0.0012,-4.9770664475357185,0.030321679771678735,-0.00035223075770083483
0.0063,-0.0012,-4.966056745979062,0.029895904915508822,-0.0007001525098877276
0.0064,-0.0012,-4.9556448187947995,0.029450701112281732,-0.0009365318371364
0.006499999999999999,-0.0012,-4.94282206795096,0.02902857237034394,-0.0011869619147181637
0.006600000000000001,-0.0012,-4.92475615880086,0.028596424958649776,-0.0014400532152590664
0.0067,-0.0012,-4.916761222505387,0.028366854928094445,-0.0016651429159939002
0.0068,-0.0012,-4.896518186432176,0.02762036214166055,-0.0018872873003702559
0.0069,-0.0012,-4.885372588566033,0.027205841047992986,-0.00211435707567699
0.006999999999999999,-0.0012,-4.870013857152728,0.026567711550830566,-0.00233877679653191
0.007100000000000001,-0.0012,-4.852460762376128,0.026157455736594226,-0.0024827297077625043
0.0072,-0.0012,-4.833195016381255,0.025329579512878356,-0.0026850139644628308
0.0073,-0.0012,-4.82355973483262,0.024828207772908437,-0.0029061502931300707
0.0074,-0.0012,-4.806787957768332,0.024147428597317767,-0.003163625693019605
0.0075,-0.0012,-4.79136712885232,0.023559683313359444,-0.0033597924870580986
0.0076,-0.0012,-4.777471535319009,0.023053010401579956,-0.0035671403333840447
0.0077,-0.0012,-4.765212576814311,0.02260441961862718,-0.0038125253207277575
0.0078,-0.0012,-4.749572170248665,0.02182069324998525,-0.004034231145590037
0.0079,-0.0012,-4.736645474041394,0.02110827068213745,-0.004386933382724909
0.008,-0.0012,-4.722157963169167,0.020411266710710738,-0.004552362767273026
0.0081,-0.0012,-4.707581523136055,0.01973337972320871,-0.005097844755845682
0.0082,-0.0012,-4.696086763821409,0.019297389218719985,-0.005502260863546955
0.0083,-0.0012,-4.679694502206412,0.01851835059751523,-0.005971239448288121
0.0084,-0.0012,-4.664985275102802,0.01791553798448252,-0.006634999768704761
0.0085,-0.0012,-4.653546433609587,0.017084797525947656,-0.007388043563612147
0.0086,-0.0012,-4.635773293078605,0.01636703854255993,-0.008509237603729477
0.0087,-0.0012,-4.625289614573372,0.015372592913290035,-0.009818608995934057
0.0088,-0.0012,-4.599091006824517,0.014310286736285663,-0.011608062140332632
0.0089,-0.0012,-4.584097419913826,0.013182412964891595,-0.013945525599175786
0.009,-0.0012,-4.550875038498067,0.0117953233625691,-0.017032899112174656
0.0091,-0.0012,-4.533719553607739,0.009901389446619594,-0.02111295438995013
0.0092,-0.0012,-4.4840159478862684,0.008475529470010854,-0.02656509770516793
0.0093,-0.0012,-4.462243183361269,0.005949399021056442,-0.03306410864356813
0.0094,-0.0012,-4.408138981512471,0.005035290451777944,-0.04228200417453846
0.0095,-0.0012,-4.483675664892537,0.0007564411852028301,-0.050734567721533286
0.0096,-0.0012,-4.44403209049532,-0.0054760049739432425,-0.061275045591114664
0.0097,-0.0012,-4.369470083634249,-0.0013496895626658068,-0.06869096442000655
0.0098,-0.0012,-4.4424066730192004,-0.0019536508252752916,-0.05680899806048663
0.0099,-0.0012,-4.256036683925955,-0.0028742780098547343,-0.038360093067275385
0.01,-0.0012,-4.200584321257521,0.0,0.0
0.0,-0.0011,-4.267566537991333,0.0,0.0
0.0001,-0.0011,-4.259621344876889,-0.0002778987911490144,-3.709095019591854e-05
0.0002,-0.0011,-4.2498682210700265,-0.0005592284109570213,0.0004106489710775829
0.0003,-0.0011,-4.245788320846489,-0.0004703672815182017,0.0009813346157724074
0.0004,-0.0011,-4.2415269625145395,-0.0006947118929862446,0.0017734786182427424
0.0005,-0.0011,-4.243569160635169,-0.0006330141473714515,0.0028713534159896647
0.0006,-0.0011,-4.24882063298709,-0.0005973680248899691,0.003780832647259919
0.0007,-0.0011,-4.247896349668594,-0.00047313612499107086,0.0053222477117584295
0.0008,-0.0011,-4.267553921429713,-0.000489971168973158,0.006411963903934868
0.0009,-0.0011,-4.264342929584844,-6.458119799427924e-05,0.007257310877788011
0.001,-0.0011,-4.258672724173524,0.0005724635957877627,0.008414266868923525
0.0011,-0.0011,-4.26386280424183,0.001074291588505457,0.009759893957116995
0.0012,-0.0011,-4.261563767594336,0.0017556909684247888,0.010834438370601744
0.0013000000000000002,-0.0011,-4.257867284907156,0.0026301023854719066,0.011812820733006034
0.0014,-0.0011,-4.2580967606718225,0.003629977373527657,0.012686176420551566
0.0015,-0.0011,-4.254818162629917,0.004593724163657172,0.013408000193687486
0.0016,-0.0011,-4.257910344688604,0.005576985599544031,0.014270181873798901
0.0017,-0.0011,-4.256886777274282,0.006729811777517046,0.014619079277835663
0.0018,-0.0011,-4.259742461973445,0.007908410954477835,0.014981705791502676
0.0019,-0.0011,-4.256999930896469,0.009091386741476836,0.015487446183350923
0.002,-0.0011,-4.268825366306541,0.010358422077312203,0.015616772269485595
0.0021,-0.0011,-4.278639586765583,0.011541011404653637,0.015872004943279682
0.0022,-0.0011,-4.293139778736149,0.012734359610935718,0.015831999840700064
0.0023,-0.0011,-4.307661671176088,0.014167443143778208,0.015744558920244744
0.0024,-0.0011,-4.328985675102188,0.01539120668210888,0.015548371268035866
0.0025,-0.0011,-4.349605465933802,0.016678851808716307,0.015238847454890748
0.0026000000000000003,-0.0011,-4.375126671600947,0.01783963222538566,0.01520032032160889
0.0027,-0.0011,-4.394236424028813,0.01893958651849738,0.015149263966989257
0.0028,-0.0011,-4.420562864629996,0.019881755876834037,0.014709794909083957
0.0029,-0.0011,-4.448627954027478,0.02105448237324211,0.014375605432033362
0.003,-0.0011,-4.48294745863148,0.02188463898540198,0.013943295813116489
0.0031,-0.0011,-4.51849655857544,0.02293897273222041,0.013418281995112741
0.0032,-0.0011,-4.547207427657707,0.02387253626156295,0.012976301954553815
0.0033000000000000004,-0.0011,-4.56204473792229,0.024652997409009253,0.012599044207139587
0.0034,-0.0011,-4.601772318347724,0.025717926775832203,0.012077684548069319
0.0034999999999999996,-0.0011,-4.642860470798538,0.026471597996344423,0.011543617233774783
0.0036,-0.0011,-4.670363639676916,0.027059311984345302,0.010890682077721314
0.0037,-0.0011,-4.700279077874816,0.027880379470844242,0.010490513619397623
0.0038,-0.0011,-4.724207586100546,0.02850979926496583,0.00998743112870998
0.0039,-0.0011,-4.767272415195919,0.029144393218048903,0.009460633594113905
0.004,-0.0011,-4.789918741622575,0.029562519817051276,0.008916091590997674
0.0041,-0.0011,-4.808600007802399,0.030129817988263443,0.008419067911592205
0.0042,-0.0011,-4.844139403393649,0.03066446388267627,0.007893565561282383
0.0043,-0.0011,-4.864989942920637,0.03099072545412107,0.007396157153768568
0.0044,-0.0011,-4.885643134001907,0.031436756847331264,0.006884375953859576
0.0045,-0.0011,-4.906951323027811,0.03164691319130763,0.006402722820497527
0.0046,-0.0011,-4.92510196109969,0.031841767360727004,0.0059243151709644296
0.0047,-0.0011,-4.942021123404407,0.03209904588747948,0.005468223493200032
0.0048,-0.0011,-4.95684126257095,0.03218535991858187,0.004985984008567735
0.0049,-0.0011,-4.9701060617816815,0.03243333268655946,0.004517178924082284
0.005,-0.0011,-4.980471316002531,0.03240668839394352,0.004107442794580252
0.0051,-0.0011,-4.9880708545500045,0.03261354690212335,0.003704979714582725
0.005200000000000001,-0.0011,-4.995413942028196,0.032543946276721185,0.0032902012590753623
0.0053,-0.0011,-5.000758447823248,0.03247369405145315,0.002894780774007797
0.0054,-0.0011,-5.004857403261424,0.03239274298341687,0.0025109806701074174
0.0055,-0.0011,-5.004997687490105,0.03238692226698343,0.002155973969355229
0.0056,-0.0011,-5.005308513779254,0.032209526330126324,0.001795793198500586
0.005700000000000001,-0.0011,-5.001667327734964,0.03202416114605078,0.0014336621021115825
0.0058,-0.0011,-4.997556955653927,0.03173462188472435,0.0011168054660346625
0.0059,-0.0011,-4.993758290874213,0.031600436198036465,0.0008000060524395042
0.006,-0.0011,-4.988540987288899,0.031446853673424695,0.0005041152582118002
0.0061,-0.0011,-4.978380020237401,0.031081285950211313,0.00021655889069636895
0.0062,-0.0011,-4.966795458021967,0.03059789872260924,-6.235462418983408e-06
0.0063,-0.0011,-4.956748600659396,0.030357124659824777,-0.00027084534057670223
0.0064,-0.0011,-4.944520975878166,0.0300142310988364,-0.0005660431771492783
0.006499999999999999,-0.0011,-4.932365810053986,0.02962811819471254,-0.0007686074174821444
0.006600000000000001,-0.0011,-4.918628394089298,0.029097578998847767,-0.000985620015610388
0.0067,-0.0011,-4.9057021360622555,0.028778948569131248,-0.0012158403305703334
0.0068,-0.0011,-4.894826910591674,0.02823547429327843,-0.001417318544855645
0.0069,-0.0011,-4.879381650860998,0.027937668328074275,-0.0016226325220675408
0.006999999999999999,-0.0011,-4.863836188692828,0.02719958122351203,-0.001777910695686633
0.007100000000000001,-0.0011,-4.847252342010656,0.02679647706726365,-0.001981019655410149
0.0072,-0.0011,-4.829182991221918,0.026485871473087976,-0.002163814535484993
0.0073,-0.0011,-4.817723263476113,0.02574302882547801,-0.002327801096755656
0.0074,-0.0011,-4.803282731634296,0.025314211007066302,-0.0025620529294741894
0.0075,-0.0011,-4.78559999509096,0.024417514737376852,-0.002699536583651064
0.0076,-0.0011,-4.771906491462679,0.024020487074024828,-0.002862505096489876
0.0077,-0.0011,-4.756428635655155,0.02327300101998246,-0.0031311336528292463
0.0078,-0.0011,-4.741286176818522,0.022799544458353433,-0.0034745360305056547
0.0079,-0.0011,-4.726580506277032,0.0224688318107183,-0.0036854947177687503
0.008,-0.0011,-4.711926522385988,0.021756290052796057,-0.004006069105123172
0.0081,-0.0011,-4.697511549597479,0.021016612371380756,-0.004398008364767134
0.0082,-0.0011,-4.681217970363731,0.020636426378684677,-0.004903137170645559
0.0083,-0.0011,-4.665165367050509,0.020002625819286062,-0.005368089811587928
0.0084,-0.0011,-4.647226599639722,0.019266052284325316,-0.006076575129640167
0.0085,-0.0011,-4.631208214166571,0.018394890789322167,-0.006729093629776231
0.0086,-0.0011,-4.614436873676228,0.017774753134893347,-0.0076769950844669255
0.0087,-0.0011,-4.596793867077628,0.017028396148424177,-0.009014222632236819
0.0088,-0.0011,-4.57751677592764,0.016126326051897438,-0.010630492539966592
0.0089,-0.0011,-4.547602137481138,0.014777652929276026,-0.012721868751070049
0.009,-0.0011,-4.518439680694166,0.013605877603891304,-0.015566128624501305
0.0091,-0.0011,-4.488289823689167,0.011764573220462475,-0.019108510079294993
0.0092,-0.0011,-4.450365560382839,0.009729831311594809,-0.02426225274116122
0.0093,-0.0011,-4.460244730402767,0.007312016822660663,-0.03058921850990548
0.0094,-0.0011,-4.293299522658723,0.006742542454866412,-0.03847676423862556
0.0095,-0.0011,-4.406034520981937,-0.001210973425421212,-0.04474919629111858
0.0096,-0.0011,-4.212550938708333,-0.005372675592729446,-0.057937560411093464
0.0097,-0.0011,-4.230993050541066,-0.002687203798455334,-0.06559055782958048
0.0098,-0.0011,-4.41419695746891,-0.0018019580365099424,-0.0615694875888539
0.0099,-0.0011,-4.07349312613806,-0.0035078254745271997,-0.040101863119670046
0.01,-0.0011,-4.135537841695768,0.0,0.0
0.0,-0.001,-4.2180502109283395,0.0,0.0
0.0001,-0.001,-4.214977045823826,-0.0001777003567431989,0.0002965721030866734
0.0002,-0.001,-4.207730116274108,-0.000688364451584665,0.0007432951350442214
0.0003,-0.001,-4.1990046892750685,-0.0009674638404443258,0.0013132156483468952
0.0004,-0.001,-4.1984581984684,-0.0013756418500276545,0.002023605648640118
0.0005,-0.001,-4.204238892919157,-0.001573917336993367,0.002731328633827337
0.0006,-0.001,-4.209934795075135,-0.001566687309153078,0.003679154308056512
0.0007,-0.001,-4.22841428519329,-0.0015400752707663045,0.0049746090686172365
0.0008,-0.001,-4.256791452112056,-0.0016100494815990641,0.005695681743093861
0.0009,-0.001,-4.242852904461214,-0.0017330772559856042,0.00694688850879415
0.001,-0.001,-4.235098729624042,-0.0011327672216210278,0.007723254924724427
0.0011,-0.001,-4.2429901925246645,-0.0007103331450624955,0.009072339145792183
0.0012,-0.001,-4.243081793242699,9.17877638878092e-05,0.010077182095706436
0.0013000000000000002,-0.001,-4.239456317442362,0.000753934267420545,0.01099009613400858
0.0014,-0.001,-4.235021027209635,0.0018121693667671652,0.01186046203522651
0.0015,-0.001,-4.236177039296917,0.0026224066123308612,0.012508970095915837
0.0016,-0.001,-4.2313272327876685,0.0036379986028485497,0.012918985896298167
0.0017,-0.001,-4.23247415855524,0.004837091027224844,0.013874673109942165
0.0018,-0.001,-4.236960871847027,0.006142560342698414,0.013860369785670418
0.0019,-0.001,-4.248726962478365,0.007405192472266191,0.01422007824386442
0.002,-0.001,-4.2572946051296405,0.008398987956603257,0.014539483901983286
0.0021,-0.001,-4.253395078812496,0.009486345821663272,0.014474939953517158
0.0022,-0.001,-4.252795520827018,0.011020898902247828,0.014566515123393645
0.0023,-0.001,-4.2688280901786015,0.012291169316710744,0.014189720233388204
0.0024,-0.001,-4.308262905234364,0.01379236985334339,0.014302670535725776
0.0025,-0.001,-4.33542540931312,0.01514463639448026,0.014126671670367442
0.0026000000000000003,-0.001,-4.365660439855895,0.01608342091205558,0.014006633797337423
0.0027,-0.001,-4.392445898109363,0.01696357663202492,0.013849319213523371
0.0028,-0.001,-4.389585113631791,0.01784703426807236,0.013583986155817913
0.0029,-0.001,-4.408332975962258,0.019540744335727528,0.013290423648178005
0.003,-0.001,-4.4425031055967175,0.02051314525352382,0.012843750834944557
0.0031,-0.001,-4.497291572481903,0.02200386809667624,0.012460157170571697
0.0032,-0.001,-4.551351627027659,0.022793345113971027,0.011900648491595195
0.0033000000000000004,-0.001,-4.5525134668853715,0.02351231018592099,0.011560221882448748
0.0034,-0.001,-4.572520747441659,0.024444335350907384,0.011284133978701195
0.0034999999999999996,-0.001,-4.604123176915307,0.025634537930494583,0.010673847567122361
0.0036,-0.001,-4.641924578977291,0.02638733459865237,0.010194640022818169
0.0037,-0.001,-4.688901192493648,0.027040348089507085,0.009783118847968432
0.0038,-0.001,-4.703074623763547,0.02769426469471491,0.009301130629397416
0.0039,-0.001,-4.732921060810134,0.028402304724796313,0.008807342738520308
0.004,-0.001,-4.77440282371401,0.028959122436118867,0.008409832944740745
0.0041,-0.001,-4.788635857322238,0.029365769878348998,0.007944168556504662
0.0042,-0.001,-4.823952436992343,0.03009163271718243,0.007488319261957924
0.0043,-0.001,-4.840826439916975,0.030498271046413467,0.006963146377211352
0.0044,-0.001,-4.867237552489295,0.03085327110650207,0.006525106659558289
0.0045,-0.001,-4.888883680032621,0.03131181817775599,0.006093684678515448
0.0046,-0.001,-4.908690547358356,0.03144826575946672,0.005634091218950516
0.0047,-0.001,-4.925882765695041,0.0316989413228345,0.005239364785390777
0.0048,-0.001,-4.940966934692762,0.031980000996927084,0.004841119912083521
0.0049,-0.001,-4.9533870893051555,0.03216139015250379,0.0044116628244578624
0.005,-0.001,-4.964276739956623,0.03233630664997213,0.004031075130294148
0.0051,-0.001,-4.973707202537288,0.032439798360666496,0.0036497154854122638
0.005200000000000001,-0.001,-4.983188863337196,0.03257240536840596,0.0032791679442406452
0.0053,-0.001,-4.9886826975952845,0.03259088958380135,0.0029192742312007286
0.0054,-0.001,-4.990858604274564,0.03250900301689387,0.002589819949848008
0.0055,-0.001,-4.993304172874926,0.03236466077573642,0.002233063161306466
0.0056,-0.001,-4.9925193927253355,0.03237580272981927,0.0019222198396095986
0.005700000000000001,-0.001,-4.991627553277072,0.0322506890473701,0.0016137519042848465
0.0058,-0.001,-4.98901809204241,0.03215199148877653,0.0013112715306087923
0.0059,-0.001,-4.98396363670024,0.03190123886637619,0.0010364316428808178
0.006,-0.001,-4.977988161619988,0.03165207630063003,0.0007645974357539452
0.0061,-0.001,-4.968843722949592,0.03144130286804575,0.0005325970764484255
0.0062,-0.001,-4.958972277679452,0.031001046454418892,0.00027142612832027434
0.0063,-0.001,-4.9498376741158046,0.030906866275940355,4.12405435146113e-05
0.0064,-0.001,-4.940437732434111,0.030582410007302427,-0.00020083669809094033
0.006499999999999999,-0.001,-4.924791592785964,0.03038307882573675,-0.0003920890636902002
0.006600000000000001,-0.001,-4.912749588739249,0.029941154745744367,-0.0006144686815136701
0.0067,-0.001,-4.899288896653606,0.029499169639406637,-0.0007731899565718379
0.0068,-0.001,-4.889567686508523,0.029114255261801076,-0.000987828469687695
0.0069,-0.001,-4.872137720650871,0.02863805293194176,-0.0012019986993194746
0.006999999999999999,-0.001,-4.8539995658024475,0.028092801848954886,-0.0013296355687277936
0.007100000000000001,-0.001,-4.842309519176761,0.028114029423160297,-0.00149845336511716
0.0072,-0.001,-4.8305722736145285,0.02723076591801135,-0.0016883883094894543
0.0073,-0.001,-4.812152783511492,0.02687121919179236,-0.0017942807490344008
0.0074,-0.001,-4.79840272394254,0.026382933275653032,-0.0020599113146911124
0.0075,-0.001,-4.779865763622628,0.025774667187561762,-0.0022332848936605747
0.0076,-0.001,-4.762367740755866,0.025392649965644384,-0.002486643980946708
0.0077,-0.001,-4.749622959041288,0.02489119427415913,-0.0026197080724022397
0.0078,-0.001,-4.734196551359265,0.024404101724180102,-0.002859480480342378
0.0079,-0.001,-4.718685263222424,0.02380295838935556,-0.0030953953843813314
0.008,-0.001,-4.70232224819192,0.02321127406578204,-0.0035456761411537204
0.0081,-0.001,-4.6852689041140065,0.022852732412814238,-0.0038341409380215595
0.0082,-0.001,-4.671298583426162,0.022111329589589054,-0.004242556026640541
0.0083,-0.001,-4.649965393586616,0.02156292260001942,-0.004782000049511914
0.0084,-0.001,-4.633216514026575,0.02092482149817555,-0.005311840700340238
0.0085,-0.001,-4.61390996523191,0.020229546729255532,-0.00615035424133493
0.0086,-0.001,-4.595176798023071,0.01955955312047023,-0.006923282091683473
0.0087,-0.001,-4.572881867501437,0.01891144313320046,-0.008078811442149043
0.0088,-0.001,-4.54064166802385,0.017987274655218082,-0.00961806729709382
0.0089,-0.001,-4.515363437522594,0.01686573890097584,-0.011535263049788051
0.009,-0.001,-4.4794363980854035,0.015502948643794229,-0.014003055035715412
0.0091,-0.001,-4.442658390906089,0.013680877473742437,-0.017539252717490957
0.0092,-0.001,-4.393070450197999,0.011889769013768552,-0.021778256538177995
0.0093,-0.001,-4.36892139867789,0.008382197872076044,-0.027998320454484228
0.0094,-0.001,-4.229913954031067,0.006584551658676913,-0.03459347063625241
0.0095,-0.001,-4.435782570158861,0.001540429053936484,-0.044447768734725925
0.0096,-0.001,-3.8652734594085842,-0.001532635846325893,-0.05374187345774113
0.0097,-0.001,-3.949264482759185,-0.0001915142031179592,-0.061996904965221894
0.0098,-0.001,-4.448745151023988,-0.001784901545956577,-0.06502807771750328
0.0099,-0.001,-4.09677899442143,-0.0008617365370619808,-0.04262476838474111
0.01,-0.001,-3.9526599272555227,0.0,0.0
0.0,-0.0009,-4.160927945537371,0.0,0.0
0.0001,-0.0009,-4.158476313650695,-0.00041735737444691253,0.000594251021581526
0.0002,-0.0009,-4.151926843468785,-0.0008689901624309495,0.001326777599783984
0.0003,-0.0009,-4.142818110102001,-0.0015068144258291152,0.001693156003586725
0.0004,-0.0009,-4.141341872320696,-0.0019529013713405225,0.0023520815830711085
0.0005,-0.0009,-4.151301312959942,-0.00254006185142624,0.0031667664801026244
0.0006,-0.0009,-4.171537874746971,-0.0029255794143460377,0.0037890707717391026
0.0007,-0.0009,-4.195049244880127,-0.003631548330874845,0.004793468545599054
0.0008,-0.0009,-4.185966303049683,-0.0033457515421984867,0.00573070571948536
0.0009,-0.0009,-4.197254127025482,-0.003095165004037004,0.006478477824424191
0.001,-0.0009,-4.20346986739658,-0.0031451867596436166,0.007328324181075628
0.0011,-0.0009,-4.21616518722188,-0.0024863688099536745,0.008643974086180612
0.0012,-0.0009,-4.226149633464387,-0.0018518773911504296,0.009376096695415463
0.0013000000000000002,-0.0009,-4.221969636055057,-0.0012788577433766942,0.01013052887131291
0.0014,-0.0009,-4.229343276885224,-0.00036610775762647226,0.010823158613874822
0.0015,-0.0009,-4.226947813617032,0.0002693561413586277,0.011476419659883663
0.0016,-0.0009,-4.205820580505989,0.0013425026765607946,0.011959541286594948
0.0017,-0.0009,-4.19925177759587,0.0026775849273065946,0.012138583955856257
0.0018,-0.0009,-4.211801517444074,0.0040747681916786785,0.012800672621402132
0.0019,-0.0009,-4.24014287022349,0.005288024380730068,0.013159117563409812
0.002,-0.0009,-4.2537915643324355,0.006226468656111476,0.013282534472927833
0.0021,-0.0009,-4.257280034816719,0.007158363163996676,0.013064853026205454
0.0022,-0.0009,-4.234311753898738,0.008807696583025501,0.013003041345659244
0.0023,-0.0009,-4.236355828333828,0.010412592324072902,0.013100248818011759
0.0024,-0.0009,-4.255013849759373,0.012023479643239025,0.012821748115176092
0.0025,-0.0009,-4.2921009126855605,0.013597988660160496,0.012832799167065638
0.0026000000000000003,-0.0009,-4.35944213611303,0.01487148328258319,0.013157441357941653
0.0027,-0.0009,-4.377648215265237,0.015335867302842227,0.012902598814476644
0.0028,-0.0009,-4.374062015628541,0.016526901737106314,0.012291318628122777
0.0029,-0.0009,-4.386973144787483,0.018524046736920458,0.011981784343700657
0.003,-0.0009,-4.430298344424589,0.01911688800269716,0.011564343127857393
0.0031,-0.0009,-4.464027371483427,0.02003872676745648,0.011202688268327704
0.0032,-0.0009,-4.502018358899016,0.02158450824265923,0.011353956872849721
0.0033000000000000004,-0.0009,-4.557185364054355,0.02224304128974914,0.010790318319567158
0.0034,-0.0009,-4.562077697050363,0.022874132590190818,0.010101952104491186
0.0034999999999999996,-0.0009,-4.572663789682281,0.024223738074532455,0.009768479478867957
0.0036,-0.0009,-4.613227252767746,0.02556784383416526,0.009475339295513231
0.0037,-0.0009,-4.666974396861412,0.026197345590929556,0.009007417200983634
0.0038,-0.0009,-4.686131274055812,0.026813927980621263,0.008639130593947447
0.0039,-0.0009,-4.721803528848067,0.027609163849912147,0.008284559396236978
0.004,-0.0009,-4.751341617121559,0.028086936540200953,0.007769407247275359
0.0041,-0.0009,-4.776169741864457,0.028914088250640943,0.007334450072640672
0.0042,-0.0009,-4.808135412755253,0.029413148268288336,0.0069362182397655694
0.0043,-0.0009,-4.821956674709732,0.029869919036628247,0.006498672725040958
0.0044,-0.0009,-4.852680909071189,0.03041187134886575,0.006151733767042142
0.0045,-0.0009,-4.873743848994608,0.030845076365220193,0.005728257346715944
0.0046,-0.0009,-4.891913631835623,0.031094224037111057,0.005331825285224412
0.0047,-0.0009,-4.91095584137441,0.03146606295751702,0.00495528404195901
0.0048,-0.0009,-4.925995376138613,0.031977754680869955,0.004585063939088237
0.0049,-0.0009,-4.939227562444679,0.0320598565035637,0.0042252897957824566
0.005,-0.0009,-4.952680296354248,0.03229433235302851,0.003863210152400791
0.0051,-0.0009,-4.963167327983357,0.03238831912495637,0.003539555093771284
0.005200000000000001,-0.0009,-4.971190523932114,0.032585509676732134,0.0032121181108232763
0.0053,-0.0009,-4.976963820365131,0.03262286422393065,0.002881068730000139
0.0054,-0.0009,-4.980821078933258,0.0324550185715113,0.0025731028929081913
0.0055,-0.0009,-4.983876584965528,0.032689145826888144,0.00227249892139695
0.0056,-0.0009,-4.984062188370044,0.0327545568769116,0.0019876768832838647
0.005700000000000001,-0.0009,-4.983203650730622,0.032590862955697485,0.0017397070448876698
0.0058,-0.0009,-4.9784816792789135,0.03245667381553491,0.0014450732635016281
0.0059,-0.0009,-4.976259379862571,0.03232514928629135,0.0012109088985828432
0.006,-0.0009,-4.970317730245554,0.0320659711344897,0.0009771805070069224
0.0061,-0.0009,-4.962437841920387,0.032010099612496644,0.000744315570137473
0.0062,-0.0009,-4.953099368502568,0.03193937440815272,0.0005110410871166139
0.0063,-0.0009,-4.942717527248149,0.031596310067381075,0.00031987122826741555
0.0064,-0.0009,-4.932090782886193,0.031470244937293605,0.00010567916591144779
0.006499999999999999,-0.0009,-4.923019658784103,0.030996847794428378,-6.144069821751256e-05
0.006600000000000001,-0.0009,-4.908321068569706,0.030917405000449184,-0.0002624472662943269
0.0067,-0.0009,-4.896113473453284,0.03042181594291754,-0.00044230712419380175
0.0068,-0.0009,-4.882753283727,0.030145836782077308,-0.0005816962650474378
0.0069,-0.0009,-4.8696990555305595,0.029781604260026708,-0.0007793625207559705
0.006999999999999999,-0.0009,-4.8538269115191595,0.029750218668244822,-0.0008931718752715333
0.007100000000000001,-0.0009,-4.836769981705382,0.029422873480515577,-0.0010734691847815684
0.0072,-0.0009,-4.8255327220963915,0.02857121347196069,-0.0012831523483908176
0.0073,-0.0009,-4.806747522782831,0.028280489894075257,-0.001336265361624136
0.0074,-0.0009,-4.790188911593507,0.027837760706320016,-0.0015797596189935752
0.0075,-0.0009,-4.776910399775978,0.027862362113150376,-0.0016685977015793302
0.0076,-0.0009,-4.757701209354649,0.026906108101901135,-0.001982215337785076
0.0077,-0.0009,-4.742181048927579,0.026897117421646324,-0.0021617990532016734
0.0078,-0.0009,-4.7267234985774405,0.026032712227051176,-0.0023462100329492627
0.0079,-0.0009,-4.710338127569688,0.025656432610599158,-0.002720138997767833
0.008,-0.0009,-4.692763623297037,0.025374613823004922,-0.0029311711943398656
0.0081,-0.0009,-4.674651643696175,0.024755556569764924,-0.003227604213491275
0.0082,-0.0009,-4.656502802844662,0.02421954559275505,-0.003708451708703077
0.0083,-0.0009,-4.639763287551725,0.02369527355572114,-0.004212656715474917
0.0084,-0.0009,-4.612518284093271,0.023178978845922935,-0.004731046961185924
0.0085,-0.0009,-4.590911457528759,0.02246324025106312,-0.005364483360265435
0.0086,-0.0009,-4.563333191415562,0.02192203676905843,-0.006102815543730674
0.0087,-0.0009,-4.540658670843669,0.021157559080626758,-0.0071806615763052375
0.0088,-0.0009,-4.503461985915105,0.02036022087317852,-0.008572024735888917
0.0089,-0.0009,-4.467547224363578,0.01919049070255175,-0.010418053713413283
0.009,-0.0009,-4.4306657262843165,0.017818616801073116,-0.012751126242111853
0.0091,-0.0009,-4.377659802431594,0.016048477681998876,-0.015584114249633733
0.0092,-0.0009,-4.321961960331737,0.014083704050730915,-0.019340557172437503
0.0093,-0.0009,-4.274064801983317,0.010889612457428408,-0.02481198733270423
0.0094,-0.0009,-4.106554879360853,0.008544107423292957,-0.03171604447089055
0.0095,-0.0009,-4.252901816290548,0.0015969185526577357,-0.04087183010728879
0.0096,-0.0009,-4.219385508546635,0.001659425719328632,-0.05137246740377049
0.0097,-0.0009,-4.0145032657882895,0.002682150858165211,-0.06355303458554785
0.0098,-0.0009,-4.007154131448767,-0.0032409507464866193,-0.0630585902363277
0.0099,-0.0009,-3.8446938105737343,-0.0019945669735921575,-0.04408256999523063
0.01,-0.0009,-3.9076335600158134,0.0,0.0
0.0,-0.0008,-4.094183597620558,0.0,0.0
0.0001,-0.0008,-4.094168743833078,-0.0005046690267760881,0.0011112037515049664
0.0002,-0.0008,-4.085592879202946,-0.0013142170728821395,0.0020721478116683626
0.0003,-0.0008,-4.08217722331144,-0.0023415976076600516,0.0027338185976146833
0.0004,-0.0008,-4.08074682183497,-0.003126229807293608,0.0027969929171025375
0.0005,-0.0008,-4.110996584999893,-0.0037188000487646134,0.0035347106727952496
0.0006,-0.0008,-4.155140814668778,-0.0046310135395234665,0.004676690780181993
0.0007,-0.0008,-4.122846933787511,-0.00542428049986578,0.004711884347501633
0.0008,-0.0008,-4.189738303690131,-0.004639754773188855,0.0055652877145792945
0.0009,-0.0008,-4.190771180394711,-0.004829622015913264,0.0070057697103012954
0.001,-0.0008,-4.159980140054092,-0.005362964106040521,0.007502329740881199
0.0011,-0.0008,-4.196827944933926,-0.004276906634060687,0.008063430414398378
0.0012,-0.0008,-4.203858072622522,-0.0042713279387467775,0.008824654712003669
0.0013000000000000002,-0.0008,-4.189516707650581,-0.003632837004567295,0.009492604466288116
0.0014,-0.0008,-4.241873343873634,-0.0026909355289967928,0.010101385878033812
0.0015,-0.0008,-4.240617746816049,-0.0022771642092456997,0.01036462027662968
0.0016,-0.0008,-4.199783280066591,-0.0013012089902211513,0.010578322193209632
0.0017,-0.0008,-4.187088168328964,6.698711964865031e-05,0.011121135893274934
0.0018,-0.0008,-4.167650644534299,0.0020592962250240627,0.011636714897002205
0.0019,-0.0008,-4.214209502664324,0.003086114892214069,0.011681596900186091
0.002,-0.0008,-4.232847280424518,0.003598506695167185,0.011357852893493564
0.0021,-0.0008,-4.230666206859376,0.005244830311055518,0.011743737630198106
0.0022,-0.0008,-4.210012989420008,0.0065236525336811076,0.011920612562697353
0.0023,-0.0008,-4.230269552954929,0.007849758632403501,0.01178809007393536
0.0024,-0.0008,-4.229382173533906,0.00998066348732995,0.011310413206069259
0.0025,-0.0008,-4.266860934674679,0.012223921599498148,0.011606282927772932
0.0026000000000000003,-0.0008,-4.341373948324841,0.012919349170051215,0.011984474157779949
0.0027,-0.0008,-4.374177011305976,0.013482977305505068,0.01194894050097775
0.0028,-0.0008,-4.338838507606368,0.014702383386905174,0.011402227406780131
0.0029,-0.0008,-4.351988275180518,0.016682574006320942,0.010852002799636443
0.003,-0.0008,-4.4304060132225285,0.01760931315619042,0.010765764678206825
0.0031,-0.0008,-4.468558518809327,0.019019503204553954,0.010616370428981784
0.0032,-0.0008,-4.4718364039119445,0.020056508728200695,0.009828703371100263
0.0033000000000000004,-0.0008,-4.5022401977463735,0.020609869496103484,0.009542159719478334
0.0034,-0.0008,-4.530840713665115,0.02181127726425401,0.009162964240032647
0.0034999999999999996,-0.0008,-4.552076646941709,0.02354315875918537,0.008442551317492794
0.0036,-0.0008,-4.603800195564922,0.024410183706275165,0.008315423987550386
0.0037,-0.0008,-4.650419166052079,0.025187078329800577,0.007856933806284846
0.0038,-0.0008,-4.670719830522401,0.026110792953067466,0.007900554707882987
0.0039,-0.0008,-4.6944940838967275,0.026519095508812086,0.007310568720563707
0.004,-0.0008,-4.725689263542089,0.027483019911958197,0.006925712606028281
0.0041,-0.0008,-4.76740103162098,0.028419347952927467,0.0067233315295557455
0.0042,-0.0008,-4.78906684171782,0.028907377657805336,0.006299649694809409
0.0043,-0.0008,-4.813607955560919,0.029550972956075873,0.006016616949848525
0.0044,-0.0008,-4.838514365012667,0.030098756166653258,0.005653033883314539
0.0045,-0.0008,-4.859370935708341,0.03050647297300766,0.005281126619813503
0.0046,-0.0008,-4.878543202560325,0.03099701279168575,0.004937748522158249
0.0047,-0.0008,-4.89806166995285,0.031335918065875434,0.0046056323106950315
0.0048,-0.0008,-4.914035420797018,0.03169152039244701,0.004284968952325206
0.0049,-0.0008,-4.928450230903367,0.032109323121444135,0.003968235005251008
0.005,-0.0008,-4.941527432854039,0.03229300461310793,0.0036377928954697673
0.0051,-0.0008,-4.952241880782994,0.032757861674316095,0.0033470967847893866
0.005200000000000001,-0.0008,-4.960363520643585,0.03279998360416188,0.0030702458177767015
0.0053,-0.0008,-4.9669204696836005,0.03281079002807576,0.0027906111260491747
0.0054,-0.0008,-4.971745650856394,0.033025716863823544,0.0025078726217023584
0.0055,-0.0008,-4.97561047212231,0.03334974468033875,0.0022367636309514835
0.0056,-0.0008,-4.976431298320711,0.033067428079832005,0.0019829077585234614
0.005700000000000001,-0.0008,-4.974054291345018,0.03321267093451668,0.0017686891554914534
0.0058,-0.0008,-4.972039614240213,0.033397151258107396,0.0014930660095252982
0.0059,-0.0008,-4.967988516085324,0.03335330831936381,0.0012983765298719434
0.006,-0.0008,-4.963172777599949,0.03335331527406816,0.001106886426015127
0.0061,-0.0008,-4.956105960346075,0.032988153323436596,0.0008874089548574393
0.0062,-0.0008,-4.947842515598751,0.03275617670591218,0.0006989527324125944
0.0063,-0.0008,-4.938812128859802,0.032956090407879716,0.0005161948582153908
0.0064,-0.0008,-4.92858016698942,0.03256162219492872,0.0003370488016295768
0.006499999999999999,-0.0008,-4.919176026681193,0.03241973168014873,0.00013064203309489592
0.006600000000000001,-0.0008,-4.904210915998003,0.03211446144765867,-1.8852064233027163e-05
0.0067,-0.0008,-4.893889648767798,0.0322680971102161,-0.00020405566606795692
0.0068,-0.0008,-4.87911108282724,0.031860308873679126,-0.00031137289180986524
0.0069,-0.0008,-4.863270842483191,0.031622901231905046,-0.000441820908284752
0.006999999999999999,-0.0008,-4.850343729208468,0.03132818468891009,-0.0006240972607648564
0.007100000000000001,-0.0008,-4.834310359193927,0.03112656914846751,-0.000732227797853249
0.0072,-0.0008,-4.819793485644353,0.03064331991515803,-0.0008813677975108641
0.0073,-0.0008,-4.800726338271776,0.030396731154708763,-0.0010400411086823572
0.0074,-0.0008,-4.787575298035183,0.030261360848518843,-0.0011737606435936324
0.0075,-0.0008,-4.7709193864898225,0.029866239821176352,-0.001362730609476135
0.0076,-0.0008,-4.754529187871974,0.029319338622712424,-0.0015789700741733464
0.0077,-0.0008,-4.737437855568219,0.02897340731007858,-0.0017314855421076286
0.0078,-0.0008,-4.717859003896437,0.028718143586237466,-0.001970464560562358
0.0079,-0.0008,-4.701499587968534,0.028218215120682805,-0.0022316537842401543
0.008,-0.0008,-4.682933292104089,0.02806879706557175,-0.0024954818426350845
0.0081,-0.0008,-4.6615531817862825,0.027422368476624572,-0.002775110876527641
0.0082,-0.0008,-4.6454452278999785,0.026858828855961997,-0.0031686648882775616
0.0083,-0.0008,-4.6186838429065595,0.02649551312410188,-0.0035950114519721107
0.0084,-0.0008,-4.595215127414355,0.025902054011835176,-0.004181313725512676
0.0085,-0.0008,-4.569184443677391,0.025391158729269444,-0.004807419970014243
0.0086,-0.0008,-4.539996789296887,0.02473474434518744,-0.005525282705906378
0.0087,-0.0008,-4.511763967139398,0.024018937767784344,-0.006507044794182889
0.0088,-0.0008,-4.467984823247775,0.023130294965915427,-0.0076200820933263365
0.0089,-0.0008,-4.42222430576702,0.02211050047241554,-0.00926413487041038
0.009,-0.0008,-4.3784600017469595,0.02091385568158237,-0.011223340151299284
0.0091,-0.0008,-4.317486391643536,0.019134749371540763,-0.013672188066251218
0.0092,-0.0008,-4.255703580705726,0.017196963936704203,-0.017042942066478422
0.0093,-0.0008,-4.1838404351439955,0.014048310399897757,-0.021328235428094804
0.0094,-0.0008,-4.0604011508672055,0.010847680969113458,-0.028046261775517434
0.0095,-0.0008,-4.066352458303738,0.005546376172978853,-0.037735399357261626
0.0096,-0.0008,-3.8367367206663987,0.0004096529401256183,-0.04962532164932749
0.0097,-0.0008,-3.5759515299318765,0.0012730692091232922,-0.05892875602816483
0.0098,-0.0008,-3.791348548947075,-0.0008097265798748123,-0.0652752227198946
0.0099,-0.0008,-3.87341079599462,-0.0007092448088169786,-0.04599041388479019
0.01,-0.0008,-3.742404274896356,0.0,0.0
0.0,-0.0007,-4.005917273572624,0.0,0.0
0.0001,-0.0007,-4.0107510534409965,-0.0007473709220381434,0.0021600510234566993
0.0002,-0.0007,-4.003620067927831,-0.001933135455077917,0.003245794208855688
0.0003,-0.0007,-4.004706675631889,-0.0033704988040326733,0.003931931283504791
0.0004,-0.0007,-3.9827361434133697,-0.0049009537280795615,0.00420301370663351
0.0005,-0.0007,-4.031912982884356,-0.00524974738531294,0.00495873088161715
0.0006,-0.0007,-4.117140914024385,-0.007405923904493437,0.006311574239191077
0.0007,-0.0007,-4.106775657188583,-0.007148428163286849,0.0062574918690883235
0.0008,-0.0007,-4.1752942919921106,-0.006891868781574455,0.005695906284747853
0.0009,-0.0007,-4.22503210788621,-0.007476488050214636,0.006182939198508217
0.001,-0.0007,-4.1788323592117536,-0.00758023667896504,0.007337045679195984
0.0011,-0.0007,-4.202899646564119,-0.006892907701786072,0.008024205321018411
0.0012,-0.0007,-4.203877564795098,-0.007122367786811722,0.008255426621827535
0.0013000000000000002,-0.0007,-4.184244556567443,-0.006193673891920412,0.008933696049390802
0.0014,-0.0007,-4.183612928872646,-0.00538188354412394,0.009217310232484066
0.0015,-0.0007,-4.179015740378111,-0.003452090899069306,0.009671006340376383
0.0016,-0.0007,-4.203666979142858,-0.0034798248157734534,0.009794884837568157
0.0017,-0.0007,-4.215129102691221,-0.0022363517486990512,0.009536793303892677
0.0018,-0.0007,-4.15234034461909,-0.0003028318773628067,0.010619704824187816
0.0019,-0.0007,-4.204103589331524,0.0017650400256927776,0.010284564101879426
0.002,-0.0007,-4.220971336898312,0.002447349382203726,0.011084164720207358
0.0021,-0.0007,-4.211843592874571,0.0029968682968958883,0.010662974566449511
0.0022,-0.0007,-4.235757834305114,0.004539670527912429,0.01021121593342836
0.0023,-0.0007,-4.249474839599834,0.0065934695066336285,0.01025304781280257
0.0024,-0.0007,-4.205378930949053,0.008337322024134125,0.009305402573101038
0.0025,-0.0007,-4.268040071701473,0.01025084460039698,0.010367150056762805
0.0026000000000000003,-0.0007,-4.326699661434122,0.010918459282421463,0.009588527031783629
0.0027,-0.0007,-4.3590852818284,0.010682548437278814,0.009559450040177372
0.0028,-0.0007,-4.339029346776087,0.012028545198445876,0.010801782477734967
0.0029,-0.0007,-4.344028975611737,0.013955141828354887,0.009521833603769937
0.003,-0.0007,-4.3866607957098465,0.01612555245182908,0.008994571698239095
0.0031,-0.0007,-4.462102109529366,0.018515774536066707,0.00919721333539967
0.0032,-0.0007,-4.493724784242565,0.01885458385703051,0.008696906474334057
0.0033000000000000004,-0.0007,-4.483477439137055,0.019615512200601898,0.008799664908725333
0.0034,-0.0007,-4.47718034333807,0.02170524139761784,0.00822649581917258
0.0034999999999999996,-0.0007,-4.510498199927103,0.022996112993385436,0.007616698385303521
0.0036,-0.0007,-4.649022191163394,0.023595286552315867,0.0075920489909727055
0.0037,-0.0007,-4.642929601848562,0.024254385201747736,0.007436670158180903
0.0038,-0.0007,-4.659958302559754,0.0256193505958854,0.007012981897216492
0.0039,-0.0007,-4.6799034843243685,0.025945095898161387,0.006478281117220134
0.004,-0.0007,-4.721970035038499,0.02732981939299088,0.006323389434855532
0.0041,-0.0007,-4.753159416708195,0.028047049589774265,0.005993007298221095
0.0042,-0.0007,-4.774611961426385,0.028393019857026015,0.005645773080783928
0.0043,-0.0007,-4.798723954047632,0.02951739537860347,0.005378463816103553
0.0044,-0.0007,-4.825328816890761,0.03010922966586829,0.005046713525298591
0.0045,-0.0007,-4.847689192964153,0.03064984462417344,0.004753563566532463
0.0046,-0.0007,-4.867618179208887,0.031003463829260315,0.004460490351243989
0.0047,-0.0007,-4.8877362213674465,0.031694864410603554,0.00415943000307379
0.0048,-0.0007,-4.904151092505652,0.032122023075323074,0.0038792799910601994
0.0049,-0.0007,-4.9180312960748545,0.03258444772482999,0.0036007751931797886
0.005,-0.0007,-4.931696932791748,0.03275201581568606,0.00333311867028889
0.0051,-0.0007,-4.943442202195471,0.03336323645859731,0.0030706314501755447
0.005200000000000001,-0.0007,-4.951528019442289,0.033764936407042444,0.002836291036431185
0.0053,-0.0007,-4.958809343554771,0.0340028928486118,0.0025944484503607327
0.0054,-0.0007,-4.963814248340642,0.034151873524668586,0.002357203609583816
0.0055,-0.0007,-4.966856914506053,0.03445380100292448,0.002121502608946587
0.0056,-0.0007,-4.968089646640734,0.03432834233866099,0.0018683024381277724
0.005700000000000001,-0.0007,-4.9691424470820795,0.03471669878201002,0.0016920944559610932
0.0058,-0.0007,-4.9669144887394605,0.03468165057226847,0.0014853806531979921
0.0059,-0.0007,-4.9633840299519685,0.034630959972666665,0.0012860128963145352
0.006,-0.0007,-4.959111285768457,0.034662678068076026,0.001110482335214351
0.0061,-0.0007,-4.951740540641919,0.034666693199745746,0.0009391287329167469
0.0062,-0.0007,-4.942197672473658,0.034776707132502506,0.0007512629468376089
0.0063,-0.0007,-4.935429836437359,0.034598879428230166,0.0006192691628572785
0.0064,-0.0007,-4.92389648553033,0.03490531816862411,0.00043101492659689287
0.006499999999999999,-0.0007,-4.9137210561365405,0.034561195110690925,0.0002727813735516409
0.006600000000000001,-0.0007,-4.9013747354848345,0.034257841850387036,0.00014819274234008223
0.0067,-0.0007,-4.888854483064247,0.03447796946156231,7.057456748026936e-05
0.0068,-0.0007,-4.874114312266799,0.03423788171312444,-9.829407552341008e-05
0.0069,-0.0007,-4.860362547046909,0.03424888022232079,-0.0002587114744750874
0.006999999999999999,-0.0007,-4.845031385791592,0.03397753391814156,-0.0004125548599418161
0.007100000000000001,-0.0007,-4.830040752162826,0.03364617576350803,-0.0005160774727621022
0.0072,-0.0007,-4.815452554850875,0.03350942169047058,-0.0006139835710449765
0.0073,-0.0007,-4.79996769165102,0.03343147483893512,-0.000745357791838429
0.0074,-0.0007,-4.783180918610767,0.033093201687536454,-0.0009145456253450016
0.0075,-0.0007,-4.765952215337353,0.03285141496912117,-0.0010432416425718602
0.0076,-0.0007,-4.74707137441294,0.03244990535752478,-0.0012332849561544068
0.0077,-0.0007,-4.732304090063803,0.03201786608325498,-0.0013471349504416818
0.0078,-0.0007,-4.7103306512282765,0.03182181118125473,-0.0015381031691765067
0.0079,-0.0007,-4.692857127963677,0.031442127897230616,-0.001825518149531531
0.008,-0.0007,-4.674806871041241,0.03123348686558676,-0.0020343630271445613
0.0081,-0.0007,-4.6477261937997785,0.030813880055420864,-0.0023690738194065905
0.0082,-0.0007,-4.627599847786091,0.030375517474162984,-0.0027296004888278155
0.0083,-0.0007,-4.601933996675076,0.029944083111852832,-0.0031587624652365076
0.0084,-0.0007,-4.569103355817131,0.029386296757586285,-0.0035563675404366654
0.0085,-0.0007,-4.53708399331949,0.02884581088067525,-0.004181570046833764
0.0086,-0.0007,-4.506782448390856,0.028178281580727382,-0.004829126667743981
0.0087,-0.0007,-4.462066217394067,0.027448886125975513,-0.005652221015470368
0.0088,-0.0007,-4.428529971488528,0.026592187130128578,-0.00661760623988665
0.0089,-0.0007,-4.374500972844295,0.025628829888596685,-0.008012404286625535
0.009,-0.0007,-4.323915430490421,0.02446617426788089,-0.009639978271968077
0.0091,-0.0007,-4.251981379030052,0.02263199063066576,-0.011786627790941999
0.0092,-0.0007,-4.18128500470021,0.02070015023759482,-0.014325989903796927
0.0093,-0.0007,-4.102464046042462,0.018038476951364932,-0.018399997564005892
0.0094,-0.0007,-4.022126918478106,0.014769267880993558,-0.023320190160367096
0.0095,-0.0007,-3.910994149970508,0.009633183257728837,-0.03238909338905638
0.0096,-0.0007,-3.6599369086921794,0.003668961264969909,-0.04404081769735848
0.0097,-0.0007,-3.4578488888946413,1.86085346733411e-05,-0.054308023513947284
0.0098,-0.0007,-3.557203255730018,0.0015181443799709739,-0.06162994338790058
0.0099,-0.0007,-3.7331469207412042,-0.002667897744212997,-0.04995775359671806
0.01,-0.0007,-3.6158803432581332,0.0,0.0
0.0,-0.0006,-3.8889884954095852,0.0,0.0
0.0001,-0.0006,-3.8938145562042745,-0.0010534609443572515,0.0029919382625851363
0.0002,-0.0006,-3.901568801260085,-0.0027343148609401415,0.004822381284172117
0.0003,-0.0006,-3.9108416256035268,-0.004700084755967465,0.005487494761521144
0.0004,-0.0006,-3.948996943788302,-0.005691241078463662,0.006317041157132133
0.0005,-0.0006,-4.091989463299728,-0.007104190924261164,0.006784959183932935
0.0006,-0.0006,-4.106515048657074,-0.008594599711384019,0.005810748420069484
0.0007,-0.0006,-4.0818375286563455,-0.00928748198907419,0.006762755167707669
0.0008,-0.0006,-4.116561234843403,-0.010549854458011432,0.006288398780964439
0.0009,-0.0006,-4.102834955327675,-0.009744247458512337,0.006477059094697227
0.001,-0.0006,-4.205579293527919,-0.00989960501359932,0.007085343705028608
0.0011,-0.0006,-4.203395454532907,-0.010490228347736599,0.007366598140657774
0.0012,-0.0006,-4.212699921315828,-0.00897398120917943,0.007801127871542513
0.0013000000000000002,-0.0006,-4.242829759913376,-0.009135007815707847,0.007457631286666145
0.0014,-0.0006,-4.16794400796467,-0.008041365290406164,0.007747954474761509
0.0015,-0.0006,-4.133799574586408,-0.006220544303982817,0.008079874077843953
0.0016,-0.0006,-4.1795649344269465,-0.003659684818419417,0.0083666904282278
0.0017,-0.0006,-4.207765606834712,-0.0038843497475568875,0.008580324028636403
0.0018,-0.0006,-4.181949869865763,-0.0027059672130889563,0.009203983978912726
0.0019,-0.0006,-4.165430909551306,-8.689753900253742e-05,0.009235105746458772
0.002,-0.0006,-4.198068026024133,8.865524667073937e-05,0.009223685963141905
0.0021,-0.0006,-4.2022888907445335,0.0019522120895968554,0.00878408665151481
0.0022,-0.0006,-4.191549352842443,0.003584913864468821,0.007746955610959304
0.0023,-0.0006,-4.175992573501455,0.005027023126346768,0.008208176197830767
0.0024,-0.0006,-4.217531953179997,0.006795790946790632,0.00877887936082576
0.0025,-0.0006,-4.272457256683576,0.009303897440767402,0.008968035899830503
0.0026000000000000003,-0.0006,-4.297220180482794,0.011076848869672305,0.008453124618191319
0.0027,-0.0006,-4.316753073346405,0.010225191064029696,0.008035831114210924
0.0028,-0.0006,-4.3423879400909655,0.01132262598942478,0.008264712111252263
0.0029,-0.0006,-4.350674433078821,0.013339509356119664,0.00803345324155275
0.003,-0.0006,-4.320800742701336,0.015688598020019068,0.007561674396894192
0.0031,-0.0006,-4.419915629921641,0.017121232826207346,0.007549999458977494
0.0032,-0.0006,-4.469604990572811,0.018949311243252318,0.007422530790621957
0.0033000000000000004,-0.0006,-4.497402139133927,0.01924544291950273,0.006958539575941148
0.0034,-0.0006,-4.4940071838654845,0.020738924482562402,0.007022106512608601
0.0034999999999999996,-0.0006,-4.541209980206965,0.022655714623282572,0.006481883484018448
0.0036,-0.0006,-4.585076771827311,0.023638347941449787,0.006509950473063026
0.0037,-0.0006,-4.619772358311196,0.02405795685270112,0.00615241085865593
0.0038,-0.0006,-4.653115891072006,0.02563116037299077,0.006005003427921579
0.0039,-0.0006,-4.680822482876007,0.026641912784161094,0.005686265906415449
0.004,-0.0006,-4.710303067982848,0.027616924486049466,0.005418920146536894
0.0041,-0.0006,-4.737758357712494,0.02846104940531893,0.005117715206254482
0.0042,-0.0006,-4.763634541683258,0.029376157582137144,0.004865613317906877
0.0043,-0.0006,-4.78985969055441,0.030267003177207454,0.004626575066314791
0.0044,-0.0006,-4.814828858625453,0.031130799761000444,0.004370498702893348
0.0045,-0.0006,-4.836895228814691,0.03157132398622169,0.004113869056203962
0.0046,-0.0006,-4.859215342687491,0.032128007484800054,0.003859462731708724
0.0047,-0.0006,-4.876938080806557,0.033191146114913396,0.0036163060322215047
0.0048,-0.0006,-4.894699435900551,0.033492954362703525,0.0033783454914046817
0.0049,-0.0006,-4.91015845836673,0.0340013161266183,0.003140903417786893
0.005,-0.0006,-4.9239937305419,0.034513077586410756,0.0029229913480268823
0.0051,-0.0006,-4.93426653176249,0.034934975887207925,0.0027052521547397397
0.005200000000000001,-0.0006,-4.944307758140847,0.035320844890312175,0.002480687076223645
0.0053,-0.0006,-4.9519921499897706,0.03573554731584586,0.0022731698897045815
0.0054,-0.0006,-4.956949716263537,0.036178714575489844,0.0020937773554801273
0.0055,-0.0006,-4.961018962660226,0.0362372035699685,0.001896355931038373
0.0056,-0.0006,-4.962279023876804,0.03676457163291594,0.0017125031866869755
0.005700000000000001,-0.0006,-4.9633736835700635,0.03692769327838256,0.0015093030175154496
0.0058,-0.0006,-4.960667071292214,0.03696046930747469,0.0013306403495176393
0.0059,-0.0006,-4.957059012935231,0.037124753532980004,0.0011949559150405869
0.006,-0.0006,-4.95310015932324,0.03759171834426494,0.0010320387132913484
0.0061,-0.0006,-4.947263520679284,0.037322572611112305,0.000933850676328276
0.0062,-0.0006,-4.938648331386553,0.03784467642986614,0.0007551231227938811
0.0063,-0.0006,-4.930508038562318,0.0379894625797797,0.0005959240462190492
0.0064,-0.0006,-4.920171534086797,0.037841844439836125,0.0004798640404010916
0.006499999999999999,-0.0006,-4.909166595076568,0.03780786469514136,0.00035477218244740034
0.006600000000000001,-0.0006,-4.899276496226559,0.03798508574550841,0.0002165464943020887
0.0067,-0.0006,-4.883058135047192,0.037601161406931705,9.995776766752305e-05
0.0068,-0.0006,-4.870580596936103,0.037692020657333125,-1.871224020085112e-05
0.0069,-0.0006,-4.858292124948797,0.03761261676461153,-0.00011852262981997021
0.006999999999999999,-0.0006,-4.841864505507519,0.03769027630724831,-0.0001955627491158566
0.007100000000000001,-0.0006,-4.827811347097717,0.037236377349705356,-0.00032864783398328044
0.0072,-0.0006,-4.811084097030172,0.037297354671589726,-0.0004498599078826937
0.0073,-0.0006,-4.794968593609799,0.03699826075233933,-0.0005735163530862073
0.0074,-0.0006,-4.778924011376405,0.03677305061739823,-0.000660047643637649
0.0075,-0.0006,-4.759369614831361,0.03678590029746978,-0.0008439241638704114
0.0076,-0.0006,-4.741440603975835,0.03642575328254167,-0.0009273810079842673
0.0077,-0.0006,-4.723503707192524,0.03623393642766981,-0.0011107933178912059
0.0078,-0.0006,-4.702427468159467,0.035940643139277764,-0.001248697234525189
0.0079,-0.0006,-4.682851180401681,0.035692299563172984,-0.0015012371567085618
0.008,-0.0006,-4.657285736099322,0.03534802634145647,-0.001704440054125112
0.0081,-0.0006,-4.6371880823677865,0.035048313897158845,-0.001993895237186354
0.0082,-0.0006,-4.606673567726991,0.034624700169224074,-0.0022738366925928893
0.0083,-0.0006,-4.581992714113616,0.03412368334233601,-0.002662393928485692
0.0084,-0.0006,-4.542953137648415,0.03363813994992534,-0.0031122409925183163
0.0085,-0.0006,-4.512216399905029,0.033190331911637706,-0.003593169074723852
0.0086,-0.0006,-4.474700015541967,0.03243468526521187,-0.004189769166429348
0.0087,-0.0006,-4.43020816870554,0.031642680872262054,-0.0049194196530316465
0.0088,-0.0006,-4.371740324248849,0.030975715642850406,-0.005766173334484304
0.0089,-0.0006,-4.320358138537415,0.02992166599769552,-0.006963583119720443
0.009,-0.0006,-4.254335867532478,0.028514695513255653,-0.00822235651160658
0.0091,-0.0006,-4.1758881754880495,0.027020124301489392,-0.010111669400140256
0.0092,-0.0006,-4.098196639977952,0.025072611890102122,-0.01229645938729542
0.0093,-0.0006,-4.006533067682915,0.022507651884175115,-0.015190424376005105
0.0094,-0.0006,-3.91757424347142,0.018410288543296967,-0.019876050550001717
0.0095,-0.0006,-3.7913137232060348,0.015424514633513204,-0.026557239246297434
0.0096,-0.0006,-3.7354305668563663,0.007726808972828087,-0.03671378074864767
0.0097,-0.0006,-3.2797014251407886,0.0005598189174347186,-0.048805830729292225
0.0098,-0.0006,-3.1933752754131413,-0.0007555391224446002,-0.060623333650808166
0.0099,-0.0006,-3.4482392694292665,-0.0010145782407001858,-0.047626511254811384
0.01,-0.0006,-3.385503870090804,0.0,0.0
0.0,-0.0005,-3.7207933913668696,0.0,0.0
0.0001,-0.0005,-3.7216253690786436,-0.0013999450397253518,0.004647121387993173
0.0002,-0.0005,-3.774285102762109,-0.0037352402452582216,0.006578671101480188
0.0003,-0.0005,-3.7576307056128404,-0.006624874073436801,0.007106363321707682
0.0004,-0.0005,-3.8541697277059632,-0.006178727436508272,0.006554758273438869
0.0005,-0.0005,-4.060823526544847,-0.008544429886552343,0.006022962350220466
0.0006,-0.0005,-4.078821975045086,-0.009984473045059259,0.006096623487525516
0.0007,-0.0005,-4.099753792845225,-0.010584577227065432,0.006135126750171882
0.0008,-0.0005,-4.151184296948147,-0.011884015158646247,0.005969732115044453
0.0009,-0.0005,-4.1279474598060135,-0.010500592833472176,0.00725385354565421
0.001,-0.0005,-4.209830217606339,-0.010549949129883543,0.0068932524656894235
0.0011,-0.0005,-4.206924807099021,-0.011307503130525197,0.0068279570796896455
0.0012,-0.0005,-4.200230528794636,-0.009336999187615361,0.007547132375575989
0.0013000000000000002,-0.0005,-4.197842729291196,-0.008879995845393231,0.006957909859710199
0.0014,-0.0005,-4.20213055204944,-0.008523903216827007,0.006651016224188056
0.0015,-0.0005,-4.186566216480169,-0.007160424603970196,0.006764801382448013
0.0016,-0.0005,-4.164445701951073,-0.005287059913385772,0.007243213153437037
0.0017,-0.0005,-4.160668968676137,-0.004238801799867843,0.0071262359765760196
0.0018,-0.0005,-4.191202978891417,-0.002183942414658338,0.007745330783637514
0.0019,-0.0005,-4.202383631115701,-0.0013748543622662682,0.007036228790018285
0.002,-0.0005,-4.1852170719272825,0.0004614193464778635,0.006917489224637633
0.0021,-0.0005,-4.187486951855416,0.001960409525439473,0.00686528103188861
0.0022,-0.0005,-4.175456316919468,0.0038060779657183605,0.007037611176350745
0.0023,-0.0005,-4.1717567924097025,0.005742822395063363,0.007522086277066766
0.0024,-0.0005,-4.228072029035378,0.00785957563165003,0.007604116605058351
0.0025,-0.0005,-4.274435175919452,0.008810885353719676,0.007710494226371401
0.0026000000000000003,-0.0005,-4.301062325138458,0.010172220668233839,0.0070990536110439265
0.0027,-0.0005,-4.261512211682253,0.011354456743168491,0.006731503519696336
0.0028,-0.0005,-4.325666701984042,0.01357831536834947,0.006059416986055107
0.0029,-0.0005,-4.337999360581032,0.015013534067937748,0.0062051779390800525
0.003,-0.0005,-4.34779507713838,0.016759176135941554,0.0063600778845839204
0.0031,-0.0005,-4.4045731310156215,0.018402837136822066,0.006320577498427517
0.0032,-0.0005,-4.441517551213614,0.0198766709489534,0.005817476748314756
0.0033000000000000004,-0.0005,-4.480350224085332,0.020916766676834106,0.005795585228457332
0.0034,-0.0005,-4.4943304292591675,0.02248225588215328,0.005757617686529781
0.0034999999999999996,-0.0005,-4.53602765370937,0.023577798915654397,0.0054787301314108555
0.0036,-0.0005,-4.56999984922901,0.024970968993432947,0.005177781353728702
0.0037,-0.0005,-4.605492798419005,0.026260921931040654,0.004815362521411375
0.0038,-0.0005,-4.635399064939185,0.027087410417828153,0.00490037452919221
0.0039,-0.0005,-4.66774983130955,0.028717049898461133,0.004665716247242672
0.004,-0.0005,-4.696003430353951,0.029499467340404935,0.00439381486440192
0.0041,-0.0005,-4.727412549330936,0.030614235389871094,0.004186741721896449
0.0042,-0.0005,-4.754586673673997,0.03182006399011952,0.00398431829411003
0.0043,-0.0005,-4.781405114916196,0.03262272538159116,0.0037884844974658246
0.0044,-0.0005,-4.804663178793745,0.03355666781914853,0.0035735302354763816
0.0045,-0.0005,-4.8292164239386794,0.034308440145101295,0.00336208344774714
0.0046,-0.0005,-4.849847812556601,0.03482720506531234,0.003167552934834024
0.0047,-0.0005,-4.869462409996356,0.035736741350154144,0.0029619905253292274
0.0048,-0.0005,-4.887158490990899,0.036441582821178514,0.002770456231986595
0.0049,-0.0005,-4.902665055643839,0.03686865268272861,0.00258000971479244
0.005,-0.0005,-4.917173431733077,0.037605397810167224,0.0023999059957732086
0.0051,-0.0005,-4.928649694853524,0.03812214284231713,0.002223442428569328
0.005200000000000001,-0.0005,-4.9388360656856864,0.03883201951612392,0.0020482832487149156
0.0053,-0.0005,-4.946251502586769,0.03924681637061844,0.0018764338961049405
0.0054,-0.0005,-4.951593572768531,0.0396118896186897,0.001718907009013547
0.0055,-0.0005,-4.955819996391872,0.04012942465459273,0.0015615124863374626
0.0056,-0.0005,-4.958638934388711,0.040521841976545764,0.0014078784326630512
0.005700000000000001,-0.0005,-4.957131261635082,0.04066960609248217,0.0012648255055628674
0.0058,-0.0005,-4.9558659325401875,0.04098512762769256,0.0011378079078713495
0.0059,-0.0005,-4.954003800262883,0.04107804323168497,0.0009983825243467532
0.006,-0.0005,-4.95006276719888,0.04155218007779368,0.0008851002836941147
0.0061,-0.0005,-4.943133073265379,0.04159860700961026,0.0007834677812441212
0.0062,-0.0005,-4.93608619142083,0.04179510593499425,0.0006477669351361389
0.0063,-0.0005,-4.927316748401956,0.04192267483431087,0.0005303664619230644
0.0064,-0.0005,-4.9184328651389775,0.042025681797829235,0.0004263666298006898
0.006499999999999999,-0.0005,-4.906923711639198,0.04199654219397991,0.0003297087172865025
0.006600000000000001,-0.0005,-4.893246316253467,0.042120556794903265,0.00019674427619161775
0.0067,-0.0005,-4.8812367537033055,0.04217251504753427,0.00013413698161896304
0.0068,-0.0005,-4.870187536195394,0.04216067268613707,2.275983024448581e-05
0.0069,-0.0005,-4.8539665737180595,0.04230108830091299,-5.4448690440336846e-05
0.006999999999999999,-0.0005,-4.839416300800375,0.042173962218245264,-0.00015450596554123197
0.007100000000000001,-0.0005,-4.823987533203671,0.04225111610774932,-0.0002452149081405923
0.0072,-0.0005,-4.806747364251315,0.042155373307472654,-0.00033801113148715855
0.0073,-0.0005,-4.789822748555226,0.042026016729458125,-0.0004131303847232859
0.0074,-0.0005,-4.771901469389009,0.04191244145461228,-0.0005400323092835799
0.0075,-0.0005,-4.752091742160039,0.04172896520509451,-0.0006251386226363175
0.0076,-0.0005,-4.733397389630837,0.04154973723635721,-0.0007823992839274036
0.0077,-0.0005,-4.714067013948329,0.04149350880270182,-0.0008921255814366704
0.0078,-0.0005,-4.693455048762703,0.041173286041576745,-0.0010479052723826484
0.0079,-0.0005,-4.669519684979114,0.04104353015581062,-0.0012188360064510062
0.008,-0.0005,-4.645989872256985,0.0405940779548057,-0.0014291154071817505
0.0081,-0.0005,-4.618324293238166,0.04049177366590208,-0.001628977936377265
0.0082,-0.0005,-4.591436515093525,0.03994380473292192,-0.001889391334551046
0.0083,-0.0005,-4.558217181123188,0.03969717597244526,-0.002190973761641325
0.0084,-0.0005,-4.5239987718062515,0.038986148989081065,-0.0025459643372952355
0.0085,-0.0005,-4.486334852405358,0.03828826569364651,-0.002967797876117644
0.0086,-0.0005,-4.437716262152012,0.037640820372539185,-0.0035232870505060667
0.0087,-0.0005,-4.389839327911504,0.03701549062932569,-0.004144414046628817
0.0088,-0.0005,-4.320564084624379,0.036174266611449846,-0.004795843338112198
0.0089,-0.0005,-4.264148663329609,0.03492505243514088,-0.005676806893309143
0.009,-0.0005,-4.1871114148844155,0.03387865067001074,-0.006850686889642609
0.0091,-0.0005,-4.099461607580429,0.03198840589129309,-0.008197944608702074
0.0092,-0.0005,-3.998461495412578,0.02983695459182949,-0.010067182560650006
0.0093,-0.0005,-3.911598896419123,0.027852461273131707,-0.012441841347082774
0.0094,-0.0005,-3.788403417195698,0.023804785741008343,-0.015993157797642935
0.0095,-0.0005,-3.6444206890762176,0.019907237105544838,-0.021457843679794936
0.0096,-0.0005,-3.5699551625074895,0.013630991678179247,-0.03033892592793761
0.0097,-0.0005,-3.371329505137008,0.00908577555550491,-0.04234995213650345
0.0098,-0.0005,-3.373035881212441,0.006113378321138853,-0.05269487324190167
0.0099,-0.0005,-3.5024283947789154,-0.007097865567111596,-0.050213417312398534
0.01,-0.0005,-3.2020132812395024,0.0,0.0
0.0,-0.0004,-3.493234270695283,0.0,0.0
0.0001,-0.0004,-3.5000018392812495,-0.00224989112982952,0.006703387880067875
0.0002,-0.0004,-3.590853836999038,-0.00499123324890259,0.008470948039821168
0.0003,-0.0004,-3.66632559718977,-0.007235624653836578,0.008718323288670659
0.0004,-0.0004,-3.7549518894958624,-0.007291290361984533,0.007997742156484489
0.0005,-0.0004,-3.934718065156549,-0.009089716677641904,0.006608020455423084
0.0006,-0.0004,-4.006365436667263,-0.010534086178802318,0.007452643913083076
0.0007,-0.0004,-4.098065538193408,-0.011043158585304717,0.007428762794348773
0.0008,-0.0004,-4.1616704018883794,-0.011323045402444512,0.006595684413148012
0.0009,-0.0004,-4.1786271426122985,-0.01104894755439809,0.006917870093620865
0.001,-0.0004,-4.204072464686366,-0.010043209844554632,0.006351434137942917
0.0011,-0.0004,-4.206083909229162,-0.009300585154670263,0.006055003649827798
0.0012,-0.0004,-4.202299547606586,-0.008477420036214588,0.005901568976380319
0.0013000000000000002,-0.0004,-4.203341892782024,-0.007215233158393741,0.0056643061337739355
0.0014,-0.0004,-4.197743286385095,-0.006498862779867979,0.005690533086578491
0.0015,-0.0004,-4.196212449651079,-0.004317250995036793,0.005870455187082645
0.0016,-0.0004,-4.184569748742773,-0.004039489769898034,0.005900673542022575
0.0017,-0.0004,-4.176855047605209,-0.002084399014378388,0.005771959332437804
0.0018,-0.0004,-4.1833980181724355,-0.00011376461057384519,0.005705891541782068
0.0019,-0.0004,-4.187242191719349,0.0018515918989796766,0.005501048170286803
0.002,-0.0004,-4.184124788375047,0.003576480997191034,0.005576572099566302
0.0021,-0.0004,-4.182264219798765,0.00498509474336463,0.005553364715261572
0.0022,-0.0004,-4.196517605825823,0.006338789990715831,0.005860349485415119
0.0023,-0.0004,-4.20083032692639,0.007892364103114264,0.005601965130311523
0.0024,-0.0004,-4.230556755180222,0.010006157477532737,0.005808145485783935
0.0025,-0.0004,-4.236458478305516,0.011688657228354136,0.0053591355156095595
0.0026000000000000003,-0.0004,-4.279307583967217,0.014021000500111874,0.005235686354896353
0.0027,-0.0004,-4.287308366819988,0.015530155051464845,0.005247380347244721
0.0028,-0.0004,-4.319161855103384,0.017258488479590384,0.004891266129768235
0.0029,-0.0004,-4.33222856264479,0.019082116210540893,0.005010565464287641
0.003,-0.0004,-4.359886134468671,0.020186883161043126,0.005030601246522305
0.0031,-0.0004,-4.399618950239479,0.022176621347026006,0.004823364017840061
0.0032,-0.0004,-4.428580954562816,0.023505158279453094,0.004596264269462815
0.0033000000000000004,-0.0004,-4.463288325671665,0.025102528172445116,0.004414090113246838
0.0034,-0.0004,-4.4970181581945115,0.02658346726022705,0.004301545272188393
0.0034999999999999996,-0.0004,-4.541536527581057,0.027857424881847295,0.004186496588924154
0.0036,-0.0004,-4.566112704417968,0.02934875715351248,0.004049294466957907
0.0037,-0.0004,-4.595906296114296,0.030604781991839792,0.003737098265616849
0.0038,-0.0004,-4.628468315630088,0.0318991938578008,0.0036379098801169758
0.0039,-0.0004,-4.660935139676282,0.033230857966192975,0.0035152980412080786
0.004,-0.0004,-4.690654323442069,0.03411475425334527,0.0033340812965474754
0.0041,-0.0004,-4.72123642179123,0.035317068376961504,0.0031648502906439905
0.0042,-0.0004,-4.747088392214296,0.036428698473412305,0.0029999005688692874
0.0043,-0.0004,-4.774414149083126,0.03730404514123941,0.002843486349397992
0.0044,-0.0004,-4.799440792964862,0.03820178259732687,0.0026808684124569482
0.0045,-0.0004,-4.822582421303028,0.039252606511168305,0.002525644521362081
0.0046,-0.0004,-4.843962480921183,0.040154048967696955,0.002374471506894597
0.0047,-0.0004,-4.86348293520157,0.0408997260544743,0.0022218397078981075
0.0048,-0.0004,-4.880745677478086,0.041515682404258486,0.0020773143628300393
0.0049,-0.0004,-4.897066565541469,0.042394296966985684,0.001933978508878863
0.005,-0.0004,-4.911501469394324,0.042977692609826305,0.0017956156992002413
0.0051,-0.0004,-4.9221078978514194,0.043572206782456616,0.0016555380844843212
0.005200000000000001,-0.0004,-4.932361714391084,0.04410688694044964,0.0015319056171117073
0.0053,-0.0004,-4.94106143390811,0.044711786374299706,0.001400120826317605
0.0054,-0.0004,-4.947162433595001,0.04513960397181841,0.0012836171736108238
0.0055,-0.0004,-4.9516074674086346,0.04565608467851805,0.001161349869808954
0.0056,-0.0004,-4.953129529600791,0.04607841991444431,0.0010489163643552235
0.005700000000000001,-0.0004,-4.954227798533866,0.046419278326179224,0.0009399083545157783
0.0058,-0.0004,-4.951776014860322,0.04682223068047008,0.0008344996717252664
0.0059,-0.0004,-4.949097541121591,0.04708647341249469,0.0007369759270456517
0.006,-0.0004,-4.944140120394792,0.04739756365945594,0.0006462370949390331
0.0061,-0.0004,-4.939416142017436,0.04761252818384566,0.0005521629473170334
0.0062,-0.0004,-4.932691587782931,0.04785354138696726,0.0004598796282464408
0.0063,-0.0004,-4.924031094788948,0.048035665175830494,0.000378756464731401
0.0064,-0.0004,-4.91604094877338,0.04814605342136557,0.00028518016987083214
0.006499999999999999,-0.0004,-4.902794485069188,0.04834620709177527,0.00022820228167498493
0.006600000000000001,-0.0004,-4.892370572370293,0.04835037460558068,0.00013388387073347453
0.0067,-0.0004,-4.87796734906594,0.04851997177526548,6.85778536859893e-05
0.0068,-0.0004,-4.864798280048069,0.048642327711971425,-2.941230499901209e-06
0.0069,-0.0004,-4.8497619862961105,0.04858068846085005,-7.317179117845667e-05
0.006999999999999999,-0.0004,-4.834472124374561,0.04859093222540681,-0.00014552587804421958
0.007100000000000001,-0.0004,-4.816856712023473,0.04850991224910142,-0.00021552473638606075
0.0072,-0.0004,-4.800978789137222,0.0485236499091541,-0.0002985259791402739
0.0073,-0.0004,-4.783226976791717,0.04840661898600841,-0.0003568803424929327
0.0074,-0.0004,-4.764715648084717,0.048473800323508544,-0.0004320869877776556
0.0075,-0.0004,-4.747046888561964,0.048221733064386,-0.0005065990887021831
0.0076,-0.0004,-4.727722895051384,0.04810953033651447,-0.0005942640931941955
0.0077,-0.0004,-4.7046838380685205,0.048046255717828425,-0.0007030912837253195
0.0078,-0.0004,-4.681821935910453,0.04790856676707526,-0.000811819477121889
0.0079,-0.0004,-4.658942227979112,0.04751517215745665,-0.0009538203225726749
0.008,-0.0004,-4.631563806331929,0.04731138095414211,-0.0010997038648197517
0.0081,-0.0004,-4.603232676657606,0.04686450875255846,-0.0012909960191817937
0.0082,-0.0004,-4.569362670239162,0.04639896219454435,-0.0015069798479429358
0.0083,-0.0004,-4.532756652480711,0.04607064820637448,-0.0017291026530933521
0.0084,-0.0004,-4.498341672015255,0.04547589693511892,-0.0020203904920730142
0.0085,-0.0004,-4.453821609436338,0.04493206804298169,-0.002373196787957348
0.0086,-0.0004,-4.402058510575875,0.04443418449570478,-0.0027542451187510582
0.0087,-0.0004,-4.342350189658271,0.04353396350239827,-0.0032489376392558183
0.0088,-0.0004,-4.278500010609978,0.042739902061281504,-0.0038226116839388427
0.0089,-0.0004,-4.198063946888833,0.041480196296748754,-0.004482099976204494
0.009,-0.0004,-4.113639581812085,0.040055027895201586,-0.005381328491273074
0.0091,-0.0004,-4.010947091469662,0.038483506044847425,-0.0065273678349836405
0.0092,-0.0004,-3.905627111923043,0.036368463709807425,-0.007785426015557474
0.0093,-0.0004,-3.7845222561376874,0.03368726999063702,-0.009484716963550077
0.0094,-0.0004,-3.6786503647203888,0.03033522852050602,-0.012578325450520917
0.0095,-0.0004,-3.5244586774222464,0.02572908639895571,-0.016645801121320462
0.0096,-0.0004,-3.4184021800446835,0.01924321889738861,-0.02426022579601016
0.0097,-0.0004,-3.3082701398997703,0.011285916615881686,-0.03505156173539784
0.0098,-0.0004,-3.2867618396615366,0.004662445716815028,-0.05034438213326952
0.0099,-0.0004,-2.993586219943821,0.004765614504506284,-0.049328778390925455
0.01,-0.0004,-2.7279293844300545,0.0,0.0
0.0,-0.0003,-3.032735976081719,0.0,0.0
0.0001,-0.0003,-3.1025304290544113,-0.002971479098608055,0.009979100315544808
0.0002,-0.0003,-3.3151428018489977,-0.00569613910522498,0.011219710236029795
0.0003,-0.0003,-3.5435261918207464,-0.006977391962518695,0.010542216170403334
0.0004,-0.0003,-3.768951459074946,-0.007720549615689351,0.009751246460286606
0.0005,-0.0003,-3.926523928378209,-0.008823196479761547,0.008482020175363965
0.0006,-0.0003,-4.046226017947459,-0.008593190336223697,0.007673651235533683
0.0007,-0.0003,-4.120080730989972,-0.006993885380783324,0.006927558258076345
0.0008,-0.0003,-4.179264240489523,-0.006747178089274357,0.00653931039383192
0.0009,-0.0003,-4.217486603668533,-0.00545690205685667,0.005862805666088532
0.001,-0.0003,-4.223196697119159,-0.00413977610436788,0.005335686200933013
0.0011,-0.0003,-4.225084048101539,-0.0030134390859761252,0.00501160694458973
0.0012,-0.0003,-4.226388560603778,-0.0013922827624266337,0.004685999097851974
0.0013000000000000002,-0.0003,-4.2167818910611405,3.451611333952156e-05,0.004517136399582041
0.0014,-0.0003,-4.199427819577799,0.001804497673304062,0.004419314612511523
0.0015,-0.0003,-4.19397579446506,0.0031618540583100425,0.004268750863550036
0.0016,-0.0003,-4.195544817385189,0.004806902840133954,0.0041465679055184375
0.0017,-0.0003,-4.18916872829641,0.006600326839621806,0.004172264164800467
0.0018,-0.0003,-4.188133379086704,0.008279777151314267,0.00407928006830838
0.0019,-0.0003,-4.182207957144294,0.010189110729242544,0.0036972043315691944
0.002,-0.0003,-4.178918664069652,0.011807096687656731,0.00368802688628864
0.0021,-0.0003,-4.181850021348103,0.01357762913919873,0.0038656039247235334
0.0022,-0.0003,-4.1941151165146415,0.014964633452650093,0.0039004100294648364
0.0023,-0.0003,-4.212779704094627,0.016969708138600638,0.0038897495932163576
0.0024,-0.0003,-4.242436633050467,0.018617244700173934,0.004016266064702944
0.0025,-0.0003,-4.246638384502382,0.02083511884986379,0.003706143512503181
0.0026000000000000003,-0.0003,-4.283362545731305,0.02197106424584759,0.003508480042252446
0.0027,-0.0003,-4.2882700701523975,0.023759332950677555,0.003517074406352717
0.0028,-0.0003,-4.316252539933781,0.025722305234849665,0.003421937365017433
0.0029,-0.0003,-4.344743281578009,0.02734697207081669,0.0033613866390200323
0.003,-0.0003,-4.357523775905708,0.02901356449858429,0.0032975170258460838
0.0031,-0.0003,-4.397274196522264,0.03054696455019871,0.0031922478854488332
0.0032,-0.0003,-4.426125902586238,0.032045763157534976,0.003127467982189136
0.0033000000000000004,-0.0003,-4.460851101306557,0.03358661928806377,0.002961132242365665
0.0034,-0.0003,-4.494358570094204,0.03489369400054651,0.002931451874763137
0.0034999999999999996,-0.0003,-4.523685394395936,0.03642859275276347,0.002731087436537142
0.0036,-0.0003,-4.560218173493963,0.037726273567361426,0.0026034191932820926
0.0037,-0.0003,-4.592699428966841,0.03898775960824563,0.002500171292819261
0.0038,-0.0003,-4.6255546754103944,0.040226768594574205,0.0024542451232606602
0.0039,-0.0003,-4.654098529505965,0.04133258330016057,0.0023192801026525093
0.004,-0.0003,-4.6857894959115916,0.04264304335528696,0.002204337005829542
0.0041,-0.0003,-4.714074215728724,0.04362694304227162,0.0020966043017850043
0.0042,-0.0003,-4.741759752796778,0.044702141970470295,0.001986750001642395
0.0043,-0.0003,-4.76939466273713,0.04568979764369241,0.0018850147376908918
0.0044,-0.0003,-4.7950949657003665,0.04659692657597258,0.001757155973577868
0.0045,-0.0003,-4.816826841338177,0.047422820608046846,0.0016639239048894445
0.0046,-0.0003,-4.839247987262945,0.048318872833553954,0.0015590150913575053
0.0047,-0.0003,-4.858181109133672,0.049051145587449434,0.0014534553331606633
0.0048,-0.0003,-4.875108258782008,0.04981839564428674,0.0013510522608086645
0.0049,-0.0003,-4.8923377784393915,0.05061099238194575,0.0012497276497462826
0.005,-0.0003,-4.906397474782924,0.051185999221500425,0.0011626222143443045
0.0051,-0.0003,-4.917852084555246,0.05176964187707464,0.0010524819123307178
0.005200000000000001,-0.0003,-4.927770296035784,0.05231536132069736,0.0009739101834885244
0.0053,-0.0003,-4.9364593934645,0.05295844599823551,0.0008907618544296211
0.0054,-0.0003,-4.9426063901942845,0.05333774590780152,0.0008068524817627528
0.0055,-0.0003,-4.946346711352358,0.05382023078473715,0.0007315909859968027
0.0056,-0.0003,-4.949428300306279,0.054270026576422964,0.000653573356132627
0.005700000000000001,-0.0003,-4.949181375929205,0.054607432034361886,0.0005819054518640621
0.0058,-0.0003,-4.9486931724042815,0.054903766053672566,0.0005085175193950351
0.0059,-0.0003,-4.945860789742632,0.055320179203727386,0.0004399206086359228
0.006,-0.0003,-4.94146345860427,0.05561891596354338,0.0003728500830153603
0.0061,-0.0003,-4.934541041130057,0.055726008110454195,0.00031817331463462683
0.0062,-0.0003,-4.926160649170412,0.055917449875109694,0.00026297365239367105
0.0063,-0.0003,-4.919039361357174,0.056073800514347565,0.00020755051011422587
0.0064,-0.0003,-4.9106051328034805,0.056481345770224414,0.00015230407643480992
0.006499999999999999,-0.0003,-4.900580047923238,0.05641396610090288,9.671626930946436e-05
0.006600000000000001,-0.0003,-4.889019393489468,0.05649243487567449,3.3155898871311954e-05
0.0067,-0.0003,-4.874799441816409,0.05656970542233462,-2.49694413559611e-05
0.0068,-0.0003,-4.860553431623299,0.05656992487990286,-4.49038464626547e-05
0.0069,-0.0003,-4.846510401197386,0.056655847320697894,-9.107801142136074e-05
0.006999999999999999,-0.0003,-4.829130772846638,0.056622778658968836,-0.00013237867693622772
0.007100000000000001,-0.0003,-4.813981382406817,0.05681861137130528,-0.00017769631466230766
0.0072,-0.0003,-4.795257040458566,0.056581524253421694,-0.00022217632202805893
0.0073,-0.0003,-4.77724591086401,0.05666130495257924,-0.0002829166679084714
0.0074,-0.0003,-4.758269797003746,0.05667185226241803,-0.00032631993350246613
0.0075,-0.0003,-4.739046453155319,0.05613104876396313,-0.0003765711454414679
0.0076,-0.0003,-4.7177856201983195,0.0563927516668294,-0.000457468383276342
0.0077,-0.0003,-4.695112200108843,0.05584857893012282,-0.0005261113119009881
0.0078,-0.0003,-4.671710958451924,0.055818552768982066,-0.0005953116464109311
0.0079,-0.0003,-4.64541729116693,0.05566243407085138,-0.000691383154878676
0.008,-0.0003,-4.615289672639687,0.05537206034690079,-0.0008085246414261095
0.0081,-0.0003,-4.5860648395007475,0.05526276157909474,-0.000930230656481138
0.0082,-0.0003,-4.553609456854386,0.05454597594089055,-0.0010746628322252042
0.0083,-0.0003,-4.513391525843301,0.05427932241164682,-0.0012529736079595268
0.0084,-0.0003,-4.473052205362716,0.05344066495971607,-0.0014607990204882572
0.0085,-0.0003,-4.419636696305417,0.05278231415908766,-0.0016966664331076232
0.0086,-0.0003,-4.361838410192328,0.052239349086663146,-0.001998131481524991
0.0087,-0.0003,-4.30032624988197,0.05121571590948657,-0.0023500500351166793
0.0088,-0.0003,-4.219234375442081,0.050253113957172024,-0.0027555909515513213
0.0089,-0.0003,-4.142501338287548,0.04928388558953864,-0.0032800710070240453
0.009,-0.0003,-4.035063174713985,0.04811546157452194,-0.0037896689114977284
0.0091,-0.0003,-3.936260679055784,0.04593914377695421,-0.004597271739533598
0.0092,-0.0003,-3.7944580515498347,0.04431997093770367,-0.005506482378250239
0.0093,-0.0003,-3.6610569511176427,0.04173909353463326,-0.006662902946499652
0.0094,-0.0003,-3.5098476005050867,0.038350625198674416,-0.008684439593700858
0.0095,-0.0003,-3.356334688164835,0.03407066323459239,-0.011784870473230027
0.0096,-0.0003,-3.233135750571201,0.027820516799931264,-0.017009192825573383
0.0097,-0.0003,-3.1005936938380185,0.019654728679708546,-0.027652802852289212
0.0098,-0.0003,-2.896720820683324,0.009187922555829606,-0.039866957901819
0.0099,-0.0003,-2.862616101677112,-0.0002641008276732984,-0.04922031322461228
0.01,-0.0003,-2.662636682090983,0.0,0.0
0.0,-0.0002,-2.336391583682155,0.0,0.0
0.0001,-0.0002,-2.6360471483774917,-0.0028412757881486122,0.013339591636830335
0.0002,-0.0002,-3.1284058248128113,-0.005367099356864455,0.013002915570874933
0.0003,-0.0002,-3.47115271582766,-0.003861680298853136,0.010965608110047499
0.0004,-0.0002,-3.785027918557897,-0.0012951729632192533,0.008865020830480809
0.0005,-0.0002,-3.9715586453104588,3.540207489498249e-05,0.007540095181877653
0.0006,-0.0002,-4.098676991597696,0.0024667588921117633,0.00655824258615262
0.0007,-0.0002,-4.171402614579068,0.005028580937987796,0.005675051485040801
0.0008,-0.0002,-4.216896596035353,0.0070609056885496185,0.004790453781069792
0.0009,-0.0002,-4.240528561451586,0.00920202456331914,0.004278128022377044
0.001,-0.0002,-4.252347931141605,0.011315878453909963,0.0037177056411625813
0.0011,-0.0002,-4.247429091942876,0.013086627966907308,0.0034389605618421644
0.0012,-0.0002,-4.2432250042069635,0.01492515125169771,0.0031174940565792536
0.0013000000000000002,-0.0002,-4.227140002922023,0.016745463276289955,0.0029132802838194184
0.0014,-0.0002,-4.21416378569834,0.01840217868919719,0.0027554794838061483
0.0015,-0.0002,-4.210650087040239,0.02045758408258192,0.0026647827889454316
0.0016,-0.0002,-4.199466709169416,0.022524954079516296,0.002514336368133329
0.0017,-0.0002,-4.198924478942677,0.02374838566729468,0.00238963707098392
0.0018,-0.0002,-4.187759042827821,0.025673651086153174,0.0023429938595123483
0.0019,-0.0002,-4.185541018057038,0.026836193700775248,0.002294551927109217
0.002,-0.0002,-4.1851079468611525,0.02877134701274744,0.0022571934064300526
0.0021,-0.0002,-4.1825434141138675,0.0303263213726516,0.0022685106409792094
0.0022,-0.0002,-4.191454691813142,0.03185346719136607,0.00228789154429939
0.0023,-0.0002,-4.2098934095884335,0.033578630019321425,0.0022525364410511044
0.0024,-0.0002,-4.231296133752026,0.03496258837974053,0.0021318389041483023
0.0025,-0.0002,-4.245869913972916,0.0365859782800547,0.001964578136223806
0.0026000000000000003,-0.0002,-4.265965340809399,0.03815203062985055,0.0019339285861678921
0.0027,-0.0002,-4.280252922895454,0.03972398104457291,0.0019189112022158978
0.0028,-0.0002,-4.301029254866526,0.0411908323488,0.0019074886018700167
0.0029,-0.0002,-4.339182769556208,0.042452266154812575,0.0018945547228658918
0.003,-0.0002,-4.362876876752013,0.04381835286020281,0.001858679352081777
0.0031,-0.0002,-4.39318607901416,0.04526624434010717,0.0017198283802487943
0.0032,-0.0002,-4.423972325095973,0.046181344022112776,0.00170005880389122
0.0033000000000000004,-0.0002,-4.45386840518317,0.04743856207750228,0.0016359958125914326
0.0034,-0.0002,-4.487166243585695,0.048860169620649395,0.0015893131576738219
0.0034999999999999996,-0.0002,-4.515950765490501,0.05012250864669474,0.0015421276472425646
0.0036,-0.0002,-4.555644301640355,0.051371063254370214,0.0014393480870828397
0.0037,-0.0002,-4.585804197144091,0.052588141970723035,0.001397827577613719
0.0038,-0.0002,-4.619582320583051,0.0535550147866759,0.001281465037334015
0.0039,-0.0002,-4.648711437375988,0.05470245131432675,0.0012335336500042253
0.004,-0.0002,-4.6795643323555245,0.05535549298321216,0.001195235678080919
0.0041,-0.0002,-4.709447585140872,0.05617763088525273,0.0011118905646064407
0.0042,-0.0002,-4.737789159749788,0.05700850221616119,0.0010384762789673334
0.0043,-0.0002,-4.7634694529108,0.05815348702860919,0.0010004770466619354
0.0044,-0.0002,-4.7896681776032315,0.05883495706312735,0.0009418608289373323
0.0045,-0.0002,-4.811423478963017,0.059386080514551326,0.000879642038025204
0.0046,-0.0002,-4.83378891039968,0.05996406312605142,0.0008089161187718676
0.0047,-0.0002,-4.853947125328265,0.060719941697485486,0.0007569504699223102
0.0048,-0.0002,-4.872436655161491,0.06130363242329482,0.0006959210397614894
0.0049,-0.0002,-4.8880662510651,0.06201109651165515,0.0006440660741874481
0.005,-0.0002,-4.902993368613322,0.06258803002665979,0.0005766267298622216
0.0051,-0.0002,-4.914030535427728,0.06311180782452523,0.0005404750756003424
0.005200000000000001,-0.0002,-4.925182006466251,0.0636224912098298,0.0004888537877390423
0.0053,-0.0002,-4.93365885030302,0.0639433598691757,0.0004381403737784434
0.0054,-0.0002,-4.939240097483123,0.06436447761114486,0.00039353518171973527
0.0055,-0.0002,-4.94347248073737,0.0647097106166685,0.0003483777453112431
0.0056,-0.0002,-4.946144766754749,0.06505469893292651,0.0003042890881831507
0.005700000000000001,-0.0002,-4.94710013879029,0.06526974262787325,0.0002700995558637944
0.0058,-0.0002,-4.946047221196004,0.06542390137280511,0.0002288009927434852
0.0059,-0.0002,-4.943534951362032,0.06562467293395045,0.00020749900647731094
0.006,-0.0002,-4.939458843867803,0.06581977787833357,0.00016651595561527075
0.0061,-0.0002,-4.933552984724528,0.06607459185624237,0.00012977296613312901
0.0062,-0.0002,-4.925417647100529,0.0660356128047099,0.00010658825327037165
0.0063,-0.0002,-4.916028834829317,0.06639035008748359,9.927257873862015e-05
0.0064,-0.0002,-4.907349375396876,0.06652598421326548,7.24023207879887e-05
0.006499999999999999,-0.0002,-4.896409058036613,0.06634406783576416,9.954593102605318e-06
0.006600000000000001,-0.0002,-4.882576483447896,0.06666209891965458,-6.580754069419562e-05
0.0067,-0.0002,-4.871418439405904,0.06658895170093786,-5.018031254946814e-05
0.0068,-0.0002,-4.855753153106803,0.06654601064627338,-6.538235081260748e-05
0.0069,-0.0002,-4.841441520065081,0.06666765608648142,-8.853073834024998e-05
0.006999999999999999,-0.0002,-4.824434953435671,0.06663042897290916,-0.00011499221655190094
0.007100000000000001,-0.0002,-4.8071618791431945,0.06650568158938652,-0.00014074976519302395
0.0072,-0.0002,-4.789265748485677,0.06634088277160037,-0.00016798609322470399
0.0073,-0.0002,-4.771407374724199,0.06663388186946582,-0.00019748080128136606
0.0074,-0.0002,-4.751947919338488,0.06627144528216179,-0.00022453213819949495
0.0075,-0.0002,-4.729834383796407,0.06591843745471354,-0.00025108517676384945
0.0076,-0.0002,-4.708761003275104,0.06595472547847894,-0.00028826535829928814
0.0077,-0.0002,-4.684825186040752,0.06591368915016081,-0.00033223575753562874
0.0078,-0.0002,-4.661204705845416,0.06539586886545692,-0.00038191516914157285
0.0079,-0.0002,-4.631530819611349,0.06554220922673523,-0.00043484187759902936
0.008,-0.0002,-4.602441511750216,0.06497662738109336,-0.0004971038657303927
0.0081,-0.0002,-4.56728672291011,0.06469736095732302,-0.0005772496523494644
0.0082,-0.0002,-4.531821193502065,0.06455884555557272,-0.0006647683322664246
0.0083,-0.0002,-4.494050803435409,0.06375696110438132,-0.0007686496337247144
0.0084,-0.0002,-4.4452419798507625,0.0634589643686421,-0.0009015612754282386
0.0085,-0.0002,-4.39327542883062,0.06291541241818777,-0.0010614852649701847
0.0086,-0.0002,-4.333511110838263,0.0621269315842266,-0.0012393696437259312
0.0087,-0.0002,-4.257878138810231,0.06118779229485021,-0.0014491461985274546
0.0088,-0.0002,-4.181786350817253,0.060332006785270065,-0.0016748684757115805
0.0089,-0.0002,-4.088275549726747,0.05907850577406796,-0.0019670359421774283
0.009,-0.0002,-3.9776078125347634,0.05791172049172469,-0.0023635041796044266
0.0091,-0.0002,-3.846323256637889,0.05609541800904532,-0.0028383104355362934
0.0092,-0.0002,-3.6953155060714202,0.05411092812673382,-0.003361381189592493
0.0093,-0.0002,-3.5387247126516743,0.051888483331567994,-0.0040617698271748805
0.0094,-0.0002,-3.363145961450428,0.04883434042677945,-0.005126473335403695
0.0095,-0.0002,-3.160228936280511,0.04498348995825781,-0.0067716427610124315
0.0096,-0.0002,-2.947818131683919,0.0386189665663508,-0.009724935057606007
0.0097,-0.0002,-2.759661014400666,0.030846724462258723,-0.017285242366609856
0.0098,-0.0002,-2.764281807076645,0.019805015661946937,-0.026680185263532982
0.0099,-0.0002,-2.723125081131237,0.00451140208691612,-0.04115444546821517
0.01,-0.0002,-2.5104010630774716,0.0,0.0
0.0,-0.0001,-0.9622835547899802,0.0,0.0
0.0001,-0.0001,-1.7430128387398744,0.007885559372812092,0.010904006225192117
0.0002,-0.0001,-2.873752913771926,0.011568757474522236,0.008493386174443078
0.0003,-0.0001,-3.431857978215521,0.018602624983121353,0.006789446192865882
0.0004,-0.0001,-3.802862305545117,0.023796237993019186,0.005539792488682089
0.0005,-0.0001,-4.006733942573691,0.0280056772407244,0.004336267479275752
0.0006,-0.0001,-4.1318583302620695,0.03173966171815124,0.0035543103619939675
0.0007,-0.0001,-4.203707126698079,0.03512249730093401,0.0028459344134895825
0.0008,-0.0001,-4.241928653356901,0.03770401389073405,0.0024207301297863855
0.0009,-0.0001,-4.261878675908582,0.04022922587194744,0.0020366148940075593
0.001,-0.0001,-4.26853839957182,0.04208110848541873,0.0017387179440255765
0.0011,-0.0001,-4.262487537317258,0.044250890672691445,0.0015288933299986611
0.0012,-0.0001,-4.25260214766092,0.045811433444975964,0.0013737844855179686
0.0013000000000000002,-0.0001,-4.240923207738934,0.0468656540499525,0.0012325116672807952
0.0014,-0.0001,-4.227585609471724,0.04849915730370995,0.0011429924237999311
0.0015,-0.0001,-4.218842286273259,0.04999935166450753,0.0010635728222039187
0.0016,-0.0001,-4.206548968507068,0.05135804505659556,0.001004955559449381
0.0017,-0.0001,-4.198023319810983,0.05230012885251411,0.0009034205568599793
0.0018,-0.0001,-4.198794322066809,0.05362612629642062,0.0009155706183162371
0.0019,-0.0001,-4.186039106295332,0.05452668380330419,0.0009382433016331703
0.002,-0.0001,-4.18515164640999,0.05592646476519713,0.000890711709120946
0.0021,-0.0001,-4.198288287330775,0.056885692044238594,0.000844242188125753
0.0022,-0.0001,-4.201180298476177,0.057790100923588585,0.0008539116109100387
0.0023,-0.0001,-4.216150835564035,0.05903310298530673,0.0007987763176126316
0.0024,-0.0001,-4.229414160810088,0.05985581254746868,0.000780805596528347
0.0025,-0.0001,-4.2395011499754744,0.06075485272006512,0.0007621538558488709
0.0026000000000000003,-0.0001,-4.262558787109107,0.06221070244718305,0.0007554546455769432
0.0027,-0.0001,-4.28282002889586,0.06291913726662171,0.0007053053621065491
0.0028,-0.0001,-4.309479004492353,0.06368917892887938,0.0006754371271861014
0.0029,-0.0001,-4.3346552186890435,0.06433874867624459,0.0006730329617229903
0.003,-0.0001,-4.365239942089834,0.06561549691334316,0.0006489650830537636
0.0031,-0.0001,-4.393689292370068,0.06610178587612107,0.0006398763001235936
0.0032,-0.0001,-4.421582114993584,0.06729882953123432,0.0006299999852672807
0.0033000000000000004,-0.0001,-4.452489799924731,0.0674835160823876,0.0005891489718022391
0.0034,-0.0001,-4.4861353440441425,0.06869907778126086,0.0005687525128442848
0.0034999999999999996,-0.0001,-4.5191327173239575,0.0692035480707321,0.0005576535936696354
0.0036,-0.0001,-4.549623821389111,0.06975477768776146,0.0005274868339964306
0.0037,-0.0001,-4.583712396668107,0.07082866652604625,0.00048462083628861047
0.0038,-0.0001,-4.615120164758656,0.07151344044340212,0.0004552632840805165
0.0039,-0.0001,-4.649770319293344,0.07185014468855698,0.0004275262265345292
0.004,-0.0001,-4.6784289295022425,0.07236251248424862,0.00041454391441122926
0.0041,-0.0001,-4.707054155252788,0.07311064594048751,0.00038745991351425707
0.0042,-0.0001,-4.734737116848058,0.0734307716683742,0.0003620491508642645
0.0043,-0.0001,-4.759778635587685,0.07412309145662284,0.0003444724259822964
0.0044,-0.0001,-4.787303857881662,0.07440200469482444,0.00031110996353145824
0.0045,-0.0001,-4.811225193548723,0.07486004322295865,0.0002889592243755705
0.0046,-0.0001,-4.8319188181378845,0.07532952271886928,0.0002640820344412636
0.0047,-0.0001,-4.8522913570833435,0.07581855010194133,0.00024803526853921665
0.0048,-0.0001,-4.870706041669072,0.07600956291423616,0.00023488353107495676
0.0049,-0.0001,-4.885551781881222,0.07624916065312315,0.00020161088531524862
0.005,-0.0001,-4.900185457820458,0.07650705419101345,0.00018573647567217283
0.0051,-0.0001,-4.912023663627199,0.07688252566251867,0.0001705033201162945
0.005200000000000001,-0.0001,-4.923038581450577,0.07698065671426628,0.0001516089508329317
0.0053,-0.0001,-4.931402398744645,0.07724886181225717,0.00013360841739625456
0.0054,-0.0001,-4.937101459668985,0.07740745134583334,0.00011568993456032963
0.0055,-0.0001,-4.942091341918641,0.07762436353570867,0.00010148966778251501
0.0056,-0.0001,-4.944103660141154,0.07783204518823644,8.404494799562994e-05
0.005700000000000001,-0.0001,-4.944863980283494,0.07783800151850105,7.467962146558396e-05
0.0058,-0.0001,-4.944674305323354,0.07813471297850398,7.218770000866669e-05
0.0059,-0.0001,-4.940877597059357,0.07822268044153535,6.559533555944839e-05
0.006,-0.0001,-4.937529908139747,0.07819985439068047,4.627014548667344e-05
0.0061,-0.0001,-4.932631192807308,0.07826250671259856,2.4232951687052946e-05
0.0062,-0.0001,-4.9248795274515285,0.07832871702496642,3.552321042430502e-05
0.0063,-0.0001,-4.91340542433495,0.07834668409836015,3.606422746141049e-05
0.0064,-0.0001,-4.904755233638765,0.07830357047615687,1.5383190734364102e-05
0.006499999999999999,-0.0001,-4.892808665368579,0.07836219510190945,-9.603655632399197e-06
0.006600000000000001,-0.0001,-4.882034687348111,0.07834051738304569,-1.3019179845750839e-05
0.0067,-0.0001,-4.8677532269150845,0.07817814018527418,-1.6799285896740817e-05
0.0068,-0.0001,-4.853186432197983,0.07841136384948949,-3.8313564290150025e-05
0.0069,-0.0001,-4.837448445350549,0.07830918636140971,-4.933415251543228e-05
0.006999999999999999,-0.0001,-4.821046408627755,0.07834333522823611,-6.202323000288977e-05
0.007100000000000001,-0.0001,-4.803277372327526,0.0781487568898186,-7.139138758489015e-05
0.0072,-0.0001,-4.786736435475681,0.07799181019452084,-7.963706181616498e-05
0.0073,-0.0001,-4.766656786720644,0.07805801439496701,-9.144779993301423e-05
0.0074,-0.0001,-4.745746647599519,0.0777368955113843,-0.00010287736611868113
0.0075,-0.0001,-4.725319104942776,0.07763786088179273,-0.00011353979706716467
0.0076,-0.0001,-4.7021368958882785,0.0776744922152569,-0.00012813078345023094
0.0077,-0.0001,-4.677317462247133,0.07751008935409559,-0.00014298614094704308
0.0078,-0.0001,-4.651659192275798,0.07733836450922885,-0.00016428864984036084
0.0079,-0.0001,-4.623113257262867,0.0770077170783793,-0.00018567304515628254
0.008,-0.0001,-4.591551776646255,0.0768011880869051,-0.00021164379269771473
0.0081,-0.0001,-4.55949708031958,0.0765734432382303,-0.00024162870354704224
0.0082,-0.0001,-4.521802787116509,0.07624275917699111,-0.00028231467719771965
0.0083,-0.0001,-4.477714598617512,0.07600027285242489,-0.0003204916251116112
0.0084,-0.0001,-4.430642563822659,0.0755883031132466,-0.00037654626290442036
0.0085,-0.0001,-4.376714984056624,0.0749828973058752,-0.00043849875013822866
0.0086,-0.0001,-4.307917959873973,0.07446252274960763,-0.0005098855699345948
0.0087,-0.0001,-4.232570940929764,0.0737936019918796,-0.0006026943025575819
0.0088,-0.0001,-4.143668621442799,0.07309745182922336,-0.0007190068076574696
0.0089,-0.0001,-4.043042222512334,0.07227002623771449,-0.0008514291378053121
0.009,-0.0001,-3.9220155872714537,0.07109220218617673,-0.0010023736114258917
0.0091,-0.0001,-3.7866957219315034,0.06997389809067861,-0.001189596386799628
0.0092,-0.0001,-3.625669531115602,0.06838396903273508,-0.0013928430990317686
0.0093,-0.0001,-3.441643489598836,0.06660733821562943,-0.0017076678682456797
0.0094,-0.0001,-3.2509606799189634,0.06438927087041486,-0.002066502754879853
0.0095,-0.0001,-3.016023110864665,0.06135593213459866,-0.0027192311425095882
0.0096,-0.0001,-2.787899085080402,0.05701030182298816,-0.0038753689238508007
0.0097,-0.0001,-2.559296938802193,0.05188179051400939,-0.006515497057260931
0.0098,-0.0001,-2.4702795038834666,0.037969489804714686,-0.013108816665187307
0.0099,-0.0001,-2.5112431242228137,0.024272878038031378,-0.02087698002991563
0.01,-0.0001,-2.2316496244699118,0.0,0.0
0.0,0.0,0.0,0.1,0.0
0.0001,0.0,-1.0194785720651063,0.1,0.0
0.0002,0.0,-2.5677141187962595,0.1,0.0
0.0003,0.0,-3.371215197271633,0.1,0.0
0.0004,0.0,-3.784870286683884,0.1,0.0
0.0005,0.0,-3.99185299994773,0.1,0.0
0.0006,0.0,-4.137796907481254,0.1,0.0
0.0007,0.0,-4.208956142105515,0.1,0.0
0.0008,0.0,-4.250654477780305,0.1,0.0
0.0009,0.0,-4.264449192628917,0.1,0.0
0.001,0.0,-4.271534553463999,0.1,0.0
0.0011,0.0,-4.267007066398591,0.1,0.0
0.0012,0.0,-4.25569704247413,0.1,0.0
0.0013000000000000002,0.0,-4.243865503464242,0.1,0.0
0.0014,0.0,-4.231466088660777,0.1,0.0
0.0015,0.0,-4.222293991313192,0.1,0.0
0.0016,0.0,-4.209934682380869,0.1,0.0
0.0017,0.0,-4.203083068636894,0.1,0.0
0.0018,0.0,-4.194938041573076,0.1,0.0
0.0019,0.0,-4.192185935403578,0.1,0.0
0.002,0.0,-4.183433498740249,0.1,0.0
0.0021,0.0,-4.194435525281278,0.1,0.0
0.0022,0.0,-4.212799200350164,0.1,0.0
0.0023,0.0,-4.218562761052108,0.1,0.0
0.0024,0.0,-4.224212473540745,0.1,0.0
0.0025,0.0,-4.24981973539001,0.1,0.0
0.0026000000000000003,0.0,-4.26932013215584,0.1,0.0
0.0027,0.0,-4.284516154101363,0.1,0.0
0.0028,0.0,-4.308584550282924,0.1,0.0
0.0029,0.0,-4.335719123045525,0.1,0.0
0.003,0.0,-4.361271085004861,0.1,0.0
0.0031,0.0,-4.393458993714407,0.1,0.0
0.0032,0.0,-4.419480361132378,0.1,0.0
0.0033000000000000004,0.0,-4.454101720521163,0.1,0.0
0.0034,0.0,-4.485560543844324,0.1,0.0
0.0034999999999999996,0.0,-4.5155519663383314,0.1,0.0
0.0036,0.0,-4.551833098246408,0.1,0.0
0.0037,0.0,-4.581439570328016,0.1,0.0
0.0038,0.0,-4.616359268325767,0.1,0.0
0.0039,0.0,-4.646225284380852,0.1,0.0
0.004,0.0,-4.675542381346338,0.1,0.0
0.0041,0.0,-4.7061543180335255,0.1,0.0
0.0042,0.0,-4.733529638954778,0.1,0.0
0.0043,0.0,-4.760327652051347,0.1,0.0
0.0044,0.0,-4.786410906485004,0.1,0.0
0.0045,0.0,-4.80907485244862,0.1,0.0
0.0046,0.0,-4.830536281941193,0.1,0.0
0.0047,0.0,-4.85034017399383,0.1,0.0
0.0048,0.0,-4.869634084029434,0.1,0.0
0.0049,0.0,-4.88509552526407,0.1,0.0
0.005,0.0,-4.89975224433214,0.1,0.0
0.0051,0.0,-4.911453459381194,0.1,0.0
0.005200000000000001,0.0,-4.922443591948041,0.1,0.0
0.0053,0.0,-4.930484205109229,0.1,0.0
0.0054,0.0,-4.936646680011573,0.1,0.0
0.0055,0.0,-4.941269143948942,0.1,0.0
0.0056,0.0,-4.942629022951857,0.1,0.0
0.005700000000000001,0.0,-4.944358293481528,0.1,0.0
0.0058,0.0,-4.9436332515411765,0.1,0.0
0.0059,0.0,-4.941194150322819,0.1,0.0
0.006,0.0,-4.935121370257279,0.1,0.0
0.0061,0.0,-4.929230062434374,0.1,0.0
0.0062,0.0,-4.92534495054292,0.1,0.0
0.0063,0.0,-4.915314255079776,0.1,0.0
0.0064,0.0,-4.8995539201959035,0.1,0.0
0.006499999999999999,0.0,-4.891877410196566,0.1,0.0
0.006600000000000001,0.0,-4.88270865001162,0.1,0.0
0.0067,0.0,-4.866844031954181,0.1,0.0
0.0068,0.0,-4.85121724617429,0.1,0.0
0.0069,0.0,-4.8362663229883704,0.1,0.0
0.006999999999999999,0.0,-4.82098127272809,0.1,0.0
0.007100000000000001,0.0,-4.801129365372196,0.1,0.0
0.0072,0.0,-4.784302392886299,0.1,0.0
0.0073,0.0,-4.765323187829578,0.1,0.0
0.0074,0.0,-4.74542699142934,0.1,0.0
0.0075,0.0,-4.722675154600044,0.1,0.0
0.0076,0.0,-4.6991176290417735,0.1,0.0
0.0077,0.0,-4.675808834894019,0.1,0.0
0.0078,0.0,-4.647796065322919,0.1,0.0
0.0079,0.0,-4.622426110794619,0.1,0.0
0.008,0.0,-4.590046279402336,0.1,0.0
0.0081,0.0,-4.554837090084093,0.1,0.0
0.0082,0.0,-4.5176797030089535,0.1,0.0
0.0083,0.0,-4.47512700512393,0.1,0.0
0.0084,0.0,-4.418291044425627,0.1,0.0
0.0085,0.0,-4.365543524717796,0.1,0.0
0.0086,0.0,-4.300518845810421,0.1,0.0
0.0087,0.0,-4.222135602452236,0.1,0.0
0.0088,0.0,-4.136544316591534,0.1,0.0
0.0089,0.0,-4.033653293888352,0.1,0.0
0.009,0.0,-3.911179818289555,0.1,0.0
0.0091,0.0,-3.775013634185453,0.1,0.0
0.0092,0.0,-3.6046540259524416,0.1,0.0
0.0093,0.0,-3.4193923629247487,0.1,0.0
0.0094,0.0,-3.1983013484313627,0.1,0.0
0.0095,0.0,-2.9624356916519505,0.1,0.0
0.0096,0.0,-2.7107184563305973,0.1,0.0
0.0097,0.0,-2.4622949949669293,0.1,0.0
0.0098,0.0,-2.292752886837221,0.1,0.0
0.0099,0.0,-2.6412859891691096,0.1,0.0
0.01,0.0,-2.9520129242006323,0.1,0.0
