x-coordinate,y-coordinate,pressure,x-velocity,y-velocity
0.0,-0.01,-2.5164423270176406,0.0,0.0
0.0001,-0.01,-2.635748109238926,0.0,0.0
0.0002,-0.01,-2.592604816798026,0.0,0.0
0.0003,-0.01,-2.5952327668362853,0.0,0.0
0.0004,-0.01,-3.4677262717283175,0.0,0.0
0.0005,-0.01,-2.561100449720778,0.0,0.0
0.0006,-0.01,-2.6073893361738247,0.0,0.0
0.0007,-0.01,-2.6162941971500913,0.0,0.0
0.0008,-0.01,-2.4660180269703424,0.0,0.0
0.0009,-0.01,-2.6020376621268944,0.0,0.0
0.001,-0.01,-2.5927085203723736,0.0,0.0
0.0011,-0.01,-2.4238157823671513,0.0,0.0
0.0012,-0.01,-2.589976151529376,0.0,0.0
0.0013000000000000002,-0.01,-2.6176547605033345,0.0,0.0
0.0014,-0.01,-2.5767456783991625,0.0,0.0
0.0015,-0.01,-2.772758895388625,0.0,0.0
0.0016,-0.01,-2.7225544558108927,0.0,0.0
0.0017,-0.01,-1.3972235482694435,0.0,0.0
0.0018,-0.01,-2.6022103831278285,0.0,0.0
0.0019,-0.01,7.162698501807382,0.0,0.0
0.002,-0.01,-2.671173026215519,0.0,0.0
0.0021,-0.01,-4.902700860036174,0.0,0.0
0.0022,-0.01,-2.583450572595218,0.0,0.0
0.0023,-0.01,-15.104147486107815,0.0,0.0
0.0024,-0.01,-2.609639555223233,0.0,0.0
0.0025,-0.01,3.688153601298069,0.0,0.0
0.0026000000000000003,-0.01,-2.59989861150948,0.0,0.0
0.0027,-0.01,-4.549666625841168,0.0,0.0
0.0028,-0.01,4.875718655871144,0.0,0.0
0.0029,-0.01,-2.6927733557246802,0.0,0.0
0.003,-0.01,-1.884417979521763,0.0,0.0
0.0031,-0.01,-19.29281662699433,0.0,0.0
0.0032,-0.01,-2.657015600100249,0.0,0.0
0.0033000000000000004,-0.01,-2.6530614132369292,0.0,0.0
0.0034,-0.01,-2.649523686970327,0.0,0.0
0.0034999999999999996,-0.01,-2.655707916572421,0.0,0.0
0.0036,-0.01,-2.6606841377102577,0.0,0.0
0.0037,-0.01,-2.658159034810639,0.0,0.0
0.0038,-0.01,-2.6620693914613147,0.0,0.0
0.0039,-0.01,-2.664372736722181,0.0,0.0
0.004,-0.01,-2.6667677321308365,0.0,0.0
0.0041,-0.01,-2.6636436998016504,0.0,0.0
0.0042,-0.01,-2.665093128292201,0.0,0.0
0.0043,-0.01,-2.6638789607767785,0.0,0.0
0.0044,-0.01,-2.6636320235926303,0.0,0.0
0.0045,-0.01,-2.6637170074687333,0.0,0.0
0.0046,-0.01,-2.6629149742479514,0.0,0.0
0.0047,-0.01,-2.6629149511882964,0.0,0.0
0.0048,-0.01,-2.661125399509714,0.0,0.0
0.0049,-0.01,-2.660621328087253,0.0,0.0
0.005,-0.01,-2.6592881099534598,0.0,0.0
0.0051,-0.01,-2.6570268748344423,0.0,0.0
0.005200000000000001,-0.01,-2.6565978515441877,0.0,0.0
0.0053,-0.01,-2.6539737315114484,0.0,0.0
0.0054,-0.01,-2.6520894693483963,0.0,0.0
0.0055,-0.01,-2.650758641144986,0.0,0.0
0.0056,-0.01,-2.649456078359055,0.0,0.0
0.005700000000000001,-0.01,-2.647130354357867,0.0,0.0
0.0058,-0.01,-2.6454944251864805,0.0,0.0
0.0059,-0.01,-2.644912839810702,0.0,0.0
0.006,-0.01,-2.643660436722669,0.0,0.0
0.0061,-0.01,-2.642007701330715,0.0,0.0
0.0062,-0.01,-2.6441590714326115,0.0,0.0
0.0063,-0.01,-2.643534358378018,0.0,0.0
0.0064,-0.01,-2.6442539671916077,0.0,0.0
0.006499999999999999,-0.01,-2.6424395259902838,0.0,0.0
0.006600000000000001,-0.01,-2.64293192914021,0.0,0.0
0.0067,-0.01,-2.647352770092888,0.0,0.0
0.0068,-0.01,-2.6511447920684956,0.0,0.0
0.0069,-0.01,-2.657817593328136,0.0,0.0
0.006999999999999999,-0.01,-2.64731862827182,0.0,0.0
0.007100000000000001,-0.01,-2.6613451571314424,0.0,0.0
0.0072,-0.01,-2.66673020113929,0.0,0.0
0.0073,-0.01,-2.6554757255001014,0.0,0.0
0.0074,-0.01,-2.676176360840657,0.0,0.0
0.0075,-0.01,-2.6845474215496297,0.0,0.0
0.0076,-0.01,-2.6803028880084607,0.0,0.0
0.0077,-0.01,-2.6682953878107565,0.0,0.0
0.0078,-0.01,-2.6915922399988585,0.0,0.0
0.0079,-0.01,-2.7021131253493413,0.0,0.0
0.008,-0.01,-2.6848472876609626,0.0,0.0
0.0081,-0.01,-2.6993000713323947,0.0,0.0
0.0082,-0.01,-2.70438171824813,0.0,0.0
0.0083,-0.01,-2.7044290593809923,0.0,0.0
0.0084,-0.01,-2.708381155551447,0.0,0.0
0.0085,-0.01,-2.711103127942645,0.0,0.0
0.0086,-0.01,-2.713312685704257,0.0,0.0
0.0087,-0.01,-2.715601273287514,0.0,0.0
0.0088,-0.01,-2.717346280631151,0.0,0.0
0.0089,-0.01,-2.718788930758261,0.0,0.0
0.009,-0.01,-2.7204040103166673,0.0,0.0
0.0091,-0.01,-2.72124375942313,0.0,0.0
0.0092,-0.01,-2.7219561945826705,0.0,0.0
0.0093,-0.01,-2.721939790041852,0.0,0.0
0.0094,-0.01,-2.722440028818662,0.0,0.0
0.0095,-0.01,-2.722299806417648,0.0,0.0
0.0096,-0.01,-2.722209895050382,0.0,0.0
0.0097,-0.01,-2.7213394768676826,0.0,0.0
0.0098,-0.01,-2.7206000662288448,0.0,0.0
0.0099,-0.01,-2.721198134168954,0.0,0.0
0.01,-0.01,-2.721068932920677,0.0,0.0
0.0,-0.0099,-2.611060995824347,0.0,0.0
0.0001,-0.0099,-2.6117568423005144,7.256623626120124e-06,-3.3382716475846705e-06
0.0002,-0.0099,-2.611062243480066,1.7941754749927365e-05,-6.13970946338413e-06
0.0003,-0.0099,-2.611105134011319,3.8187104832345406e-05,-9.008421254187743e-06
0.0004,-0.0099,-2.6124076839450994,4.377704591398815e-05,-1.3633560655581536e-05
0.0005,-0.0099,-2.613042922642134,3.818669805960727e-05,-2.063679572476277e-05
0.0006,-0.0099,-2.612333521927998,5.941423259290943e-05,-1.8891058650338952e-05
0.0007,-0.0099,-2.6120203656264884,0.0001131245952831917,3.031301384420979e-06
0.0008,-0.0099,-2.6151420823516505,4.698395952142179e-05,-1.1502769252076276e-05
0.0009,-0.0099,-2.6135316895797422,3.839089524489206e-05,-3.301333684885625e-05
0.001,-0.0099,-2.613797477223391,3.936661775981406e-05,-3.843019005971856e-07
0.0011,-0.0099,-2.616096303802929,5.9447401427408995e-05,2.2638773900585206e-05
0.0012,-0.0099,-2.614037439797414,7.290603436245812e-05,2.288029854289871e-06
0.0013000000000000002,-0.0099,-2.6171553748523686,7.460756456141244e-05,2.839881047460748e-05
0.0014,-0.0099,-2.6174552335644923,-2.866210976505603e-05,-6.0876223465525074e-05
0.0015,-0.0099,-2.6200910289146657,-2.039734773922426e-06,8.619541433010209e-06
0.0016,-0.0099,-2.6206044552377477,-7.50714905478437e-05,5.421657186858661e-05
0.0017,-0.0099,-2.619573075628917,-6.589640075598536e-05,1.695979409410204e-05
0.0018,-0.0099,-2.625342701829247,-0.0001598680420520283,-1.112729496183661e-05
0.0019,-0.0099,-2.625736880070094,-0.0001557275125507035,-2.5264519958968948e-05
0.002,-0.0099,-2.6260872125694545,-0.00019872867762914465,7.690039628621169e-05
0.0021,-0.0099,-2.626757138185817,-0.00022081481637358527,3.0932900468941987e-05
0.0022,-0.0099,-2.62985348978532,-0.0002826702584862694,3.150467572198292e-05
0.0023,-0.0099,-2.6321990277772755,-0.00031290387617536654,4.1943871882035355e-05
0.0024,-0.0099,-2.633651446483089,-0.00037475896815840955,4.394087805738556e-05
0.0025,-0.0099,-2.6366165670672803,-0.0004436909968470874,4.494772870151551e-05
0.0026000000000000003,-0.0099,-2.637079443334554,-0.000489198028024342,4.3702172904164466e-05
0.0027,-0.0099,-2.639348188303072,-0.0005727761040409335,4.782492587913996e-05
0.0028,-0.0099,-2.6413179447771555,-0.0006435437872341332,5.431187193551731e-05
0.0029,-0.0099,-2.6443444192737986,-0.0007096741328320543,5.4832856943207766e-05
0.003,-0.0099,-2.645477151481499,-0.0007910841092665811,5.172409603051928e-05
0.0031,-0.0099,-2.6479715581288064,-0.0008840757690602299,5.701078515911749e-05
0.0032,-0.0099,-2.6519425234092604,-0.0009640882623716766,7.56873505096465e-05
0.0033000000000000004,-0.0099,-2.6519129578326717,-0.0010160754267228372,6.381999313431973e-05
0.0034,-0.0099,-2.651592611589868,-0.0011260705238191103,5.828803764458624e-05
0.0034999999999999996,-0.0099,-2.655790886079609,-0.0012313788303344334,6.95613621394934e-05
0.0036,-0.0099,-2.657860160448639,-0.0013013216969306788,7.203345090313538e-05
0.0037,-0.0099,-2.658024454302828,-0.0014027690222955741,5.967657912950091e-05
0.0038,-0.0099,-2.6608295024596695,-0.0014964253823993602,6.10815559400715e-05
0.0039,-0.0099,-2.662447509650391,-0.0016077714746694693,6.95089212781665e-05
0.004,-0.0099,-2.6631609480233576,-0.0016570369141505562,6.655662569849106e-05
0.0041,-0.0099,-2.6630969777950093,-0.0016851334508486153,6.0654239949611205e-05
0.0042,-0.0099,-2.662634689981264,-0.0017676330175019396,6.259718432169077e-05
0.0043,-0.0099,-2.6637583235992537,-0.0018969920357808146,5.5982130760224345e-05
0.0044,-0.0099,-2.66364724200472,-0.001987118220007708,4.8828952195046255e-05
0.0045,-0.0099,-2.663634560343248,-0.002038020495015101,4.2412236138003194e-05
0.0046,-0.0099,-2.663424674513785,-0.0020630203756774506,3.6851168717093454e-05
0.0047,-0.0099,-2.662811743938869,-0.002123672162461402,2.891350354419617e-05
0.0048,-0.0099,-2.6611061628059027,-0.002058390472070318,1.8864648802350726e-05
0.0049,-0.0099,-2.6603397613634225,-0.0021291621362673047,1.2237731046617113e-05
0.005,-0.0099,-2.6586452333720723,-0.002208985286284029,3.0675368067349846e-06
0.0051,-0.0099,-2.656994986889376,-0.002250227345509406,-7.220172423594918e-06
0.005200000000000001,-0.0099,-2.6555889563461874,-0.0021429863691128865,-1.589539637726208e-05
0.0053,-0.0099,-2.654346849496097,-0.0021587047799166586,-2.5645774109722693e-05
0.0054,-0.0099,-2.6520511175395973,-0.0020436311400238937,-3.5299048869206976e-05
0.0055,-0.0099,-2.6501152981491702,-0.002006157556613768,-4.411803182773348e-05
0.0056,-0.0099,-2.6484761115114304,-0.001914717817749831,-5.840546926271424e-05
0.005700000000000001,-0.0099,-2.6485811501262324,-0.001855554868849246,-6.168092790681522e-05
0.0058,-0.0099,-2.645943309785411,-0.0017642103685058322,-6.794277627221474e-05
0.0059,-0.0099,-2.6458210178203174,-0.0016942547006296518,-8.751831070694375e-05
0.006,-0.0099,-2.6448954903793536,-0.0015879147686151326,-7.973697712577001e-05
0.0061,-0.0099,-2.644399722927134,-0.0014604808294596948,-9.510912348169461e-05
0.0062,-0.0099,-2.643713854735984,-0.0013127857178599886,-9.552263045310133e-05
0.0063,-0.0099,-2.6439851851346345,-0.0011929295877473507,-9.476464482070839e-05
0.0064,-0.0099,-2.643884677422702,-0.001050747755391752,-0.00010479489681314873
0.006499999999999999,-0.0099,-2.6448743963733192,-0.0008890615256912604,-0.00011129095327465531
0.006600000000000001,-0.0099,-2.645267176998074,-0.0007458559889152645,-0.00010841809763849293
0.0067,-0.0099,-2.64909689935765,-0.0006192022946394028,-0.00010532260193290687
0.0068,-0.0099,-2.650612222255877,-0.0004731784372030229,-9.811013597126273e-05
0.0069,-0.0099,-2.6539938194996973,-0.00037963835865942,-0.00016638906762540028
0.006999999999999999,-0.0099,-2.653850893809921,-0.00022599476844994883,-4.6658364450085114e-05
0.007100000000000001,-0.0099,-2.663345191168512,-0.00016615989416693505,-7.812542656855676e-05
0.0072,-0.0099,-2.6640608245988666,-7.835100093301055e-05,-2.9795365142364582e-05
0.0073,-0.0099,-2.6633795834271283,0.00017573605221608767,-3.0053329705076112e-05
0.0074,-0.0099,-2.672965283286948,0.0003386744188367777,-8.472305696303557e-05
0.0075,-0.0099,-2.675238096539794,0.0002960226853590969,-0.0001257154507602059
0.0076,-0.0099,-2.6799538618662915,0.0002866916493080171,-3.9007228561913924e-05
0.0077,-0.0099,-2.673029331934163,0.00042039837985300733,2.4346290635566415e-05
0.0078,-0.0099,-2.6883044158582807,0.0006411034730873715,-3.7380342752490985e-05
0.0079,-0.0099,-2.7005062929046346,0.0005181424354807187,-8.288553702215633e-05
0.008,-0.0099,-2.68940741866378,0.0005355693964861592,1.9038333423529925e-05
0.0081,-0.0099,-2.6987915281260726,0.0006253841848679883,2.126616942000263e-05
0.0082,-0.0099,-2.704464420176223,0.0005662490196155951,-9.212373431682237e-06
0.0083,-0.0099,-2.7027644327449805,0.0005875343226480417,1.991637834423564e-06
0.0084,-0.0099,-2.708628248117189,0.0005827069129852709,1.1595461876265812e-05
0.0085,-0.0099,-2.7109961618310603,0.0005555495633810727,2.1722538499952372e-05
0.0086,-0.0099,-2.712881415699585,0.0005372542629711479,2.4800161744749948e-05
0.0087,-0.0099,-2.715825437366087,0.000503363799343221,3.252944278019734e-05
0.0088,-0.0099,-2.717278547967944,0.0004590317429267187,3.1359468685951976e-05
0.0089,-0.0099,-2.718547295056809,0.0004135780520358514,3.779108895021087e-05
0.009,-0.0099,-2.720410461029299,0.00036189355558947104,3.8615112244293946e-05
0.0091,-0.0099,-2.7211534044156602,0.00031279252183781807,3.8696036551691656e-05
0.0092,-0.0099,-2.7213329168790086,0.0002567307817035457,3.939582027223099e-05
0.0093,-0.0099,-2.7216743407169224,0.00020836099318402858,3.853621693355853e-05
0.0094,-0.0099,-2.722314420615331,0.000158547763915857,3.69018562846606e-05
0.0095,-0.0099,-2.722033743050047,0.00011496655494398719,3.417320531822288e-05
0.0096,-0.0099,-2.7214717550381873,7.442344437370918e-05,2.8187236828949944e-05
0.0097,-0.0099,-2.7214090605710286,4.0461809726929114e-05,2.093798808913832e-05
0.0098,-0.0099,-2.7208144255451607,1.7292866322043165e-05,1.2983180711233613e-05
0.0099,-0.0099,-2.720783348963175,5.098548298491097e-06,4.782023150140476e-06
0.01,-0.0099,-2.7208099210769934,0.0,0.0
0.0,-0.0098,-2.610788664948148,0.0,0.0
0.0001,-0.0098,-2.611949287429944,6.828730412205382e-06,-1.4282419753124935e-05
0.0002,-0.0098,-2.611716581975493,3.6874555079523876e-05,-3.6446863728207476e-05
0.0003,-0.0098,-2.6131423234731836,5.556653899037351e-05,-2.5433526625265845e-05
0.0004,-0.0098,-2.612753011069014,5.8076790787981177e-05,-3.036621451774186e-05
0.0005,-0.0098,-2.611919646722335,5.429619405574e-05,-3.791318455646321e-05
0.0006,-0.0098,-2.6106494906822806,0.00014296407486541122,-2.143939326604117e-05
0.0007,-0.0098,-2.612299395976585,0.00013883970525415787,6.058003876541641e-07
0.0008,-0.0098,-2.6153240899888806,8.087348352423208e-05,4.045298487620475e-06
0.0009,-0.0098,-2.6120577159384237,3.8144139693349105e-05,-1.9190866416831635e-05
0.001,-0.0098,-2.6123154542512985,0.00010960750903484998,6.8022986465977965e-06
0.0011,-0.0098,-2.614084450794629,8.17487111366761e-05,1.5117102258614167e-05
0.0012,-0.0098,-2.6147585891419616,7.24654276118366e-05,1.6527232961960133e-05
0.0013000000000000002,-0.0098,-2.6164138205791003,-8.587862769836863e-05,6.218200988839573e-05
0.0014,-0.0098,-2.6192886819724843,-7.581575643217549e-05,6.58031402313742e-05
0.0015,-0.0098,-2.61808718275175,-4.588932307381614e-05,4.683823993192394e-05
0.0016,-0.0098,-2.6238487037217006,-0.0001449789608791257,0.0001380118574597813
0.0017,-0.0098,-2.621200385814664,-0.00028671151534452236,0.00011846458513742629
0.0018,-0.0098,-2.6217199979328454,-0.00025333223307787346,8.015324079646945e-05
0.0019,-0.0098,-2.624631675042818,-0.0003533510059911265,9.847462549191168e-05
0.002,-0.0098,-2.625088750900473,-0.000445936597884739,4.3494979553607845e-05
0.0021,-0.0098,-2.6275187959843738,-0.00053049891167703,0.00010012991060583712
0.0022,-0.0098,-2.629204525847139,-0.000666298203025607,0.00012200085514300855
0.0023,-0.0098,-2.6312984466540192,-0.0007444138581412748,0.00012034064230070255
0.0024,-0.0098,-2.6331457847564868,-0.0008656679626217518,0.00013213037025451972
0.0025,-0.0098,-2.635284678866873,-0.0009821551432893027,0.00013701262447521936
0.0026000000000000003,-0.0098,-2.638325549555242,-0.0010902866337494596,0.0001454958809615655
0.0027,-0.0098,-2.640226115453151,-0.0012269864082943725,0.00015435325533353088
0.0028,-0.0098,-2.6408630478566293,-0.0013789265481800915,0.000167223528399387
0.0029,-0.0098,-2.6436581510900563,-0.0015207943194051176,0.0001791277055317893
0.003,-0.0098,-2.644920163342862,-0.0016832398373795696,0.00018238754065891938
0.0031,-0.0098,-2.6470658341839832,-0.0018412791611648303,0.00016682521536176792
0.0032,-0.0098,-2.648023509914842,-0.0019951358455277284,0.0001616333846854304
0.0033000000000000004,-0.0098,-2.651344509556089,-0.0021665414759824263,0.0001931850980807721
0.0034,-0.0098,-2.653493515998392,-0.002320222212350878,0.0002189697914946016
0.0034999999999999996,-0.0098,-2.655126625203661,-0.0025166500917400154,0.00020207506537447858
0.0036,-0.0098,-2.6568751201583094,-0.0026560535032764143,0.00020016786045262762
0.0037,-0.0098,-2.6580239049413876,-0.0028063406802285545,0.00020170361304887066
0.0038,-0.0098,-2.6590199725055528,-0.0030547074546071135,0.00018773484705093599
0.0039,-0.0098,-2.6601713272651164,-0.003206138032205676,0.0001511727384107267
0.004,-0.0098,-2.661360758552064,-0.003329594231185755,0.00019593968340644023
0.0041,-0.0098,-2.66205449111213,-0.0035239546075633414,0.00019222507064945067
0.0042,-0.0098,-2.663332587538673,-0.0035831013361738804,0.0001404837125610849
0.0043,-0.0098,-2.6639367086674666,-0.003760446053053702,0.0001528581779227753
0.0044,-0.0098,-2.6634109913069217,-0.0038368287955144833,0.0001434366312239941
0.0045,-0.0098,-2.663598786671355,-0.003951633974097502,0.00012519740159219324
0.0046,-0.0098,-2.6626679345635957,-0.0040951042234217165,0.0001041008974199587
0.0047,-0.0098,-2.6623437952314886,-0.004088090450955843,8.097057593418923e-05
0.0048,-0.0098,-2.6617439669668133,-0.004303848816331816,5.4268441666552184e-05
0.0049,-0.0098,-2.6603770240819613,-0.004276006990470839,2.9875082890629362e-05
0.005,-0.0098,-2.6587673551850575,-0.0041482673031525445,3.0342485258303746e-06
0.0051,-0.0098,-2.657503023005332,-0.004207464562927518,-2.3707840116041816e-05
0.005200000000000001,-0.0098,-2.6561066778719,-0.004142562588429511,-5.302817342196881e-05
0.0053,-0.0098,-2.655491588606173,-0.0040949568774287905,-8.470970620682302e-05
0.0054,-0.0098,-2.6527984418404427,-0.004050253349191562,-0.00011354100295267729
0.0055,-0.0098,-2.6509381571864705,-0.003906557236754343,-0.0001319883478387931
0.0056,-0.0098,-2.6495105511021526,-0.003876724800213427,-0.00016846868769630963
0.005700000000000001,-0.0098,-2.649172417111672,-0.0035930136787160854,-0.00018053704664337561
0.0058,-0.0098,-2.648532402459168,-0.003414625016588272,-0.00021559437717446174
0.0059,-0.0098,-2.6476441486191904,-0.003299675038270232,-0.00024519749458369437
0.006,-0.0098,-2.6452851053494895,-0.0030393113703531087,-0.00026031319608716476
0.0061,-0.0098,-2.644925091533535,-0.002854100013509313,-0.0002726008983083627
0.0062,-0.0098,-2.6454612020249613,-0.0026282371503745833,-0.00028364535883354194
0.0063,-0.0098,-2.6446063071897155,-0.0023489859523414965,-0.00029376122659146133
0.0064,-0.0098,-2.647197677889466,-0.00211928226931615,-0.00030381056123401364
0.006499999999999999,-0.0098,-2.647250829740253,-0.0018667519100092228,-0.00031045199126555174
0.006600000000000001,-0.0098,-2.6476066027010567,-0.0016142915907306236,-0.00028971014309235897
0.0067,-0.0098,-2.6497749805942914,-0.0013226098944331877,-0.0003168822246206798
0.0068,-0.0098,-2.6520165867136263,-0.0010982096766803827,-0.0002928266176100163
0.0069,-0.0098,-2.6539283390786585,-0.0008481136738021695,-0.0003204158097108794
0.006999999999999999,-0.0098,-2.6567051150924583,-0.0006311249062094095,-0.00022878720781500375
0.007100000000000001,-0.0098,-2.6595446980647175,-0.00028178291271013805,-0.0002730866238470367
0.0072,-0.0098,-2.663552640337529,-0.00016988882051965914,-0.00020400590600027393
0.0073,-0.0098,-2.6677370781238037,8.275396395783751e-05,-0.00022971304179205984
0.0074,-0.0098,-2.6704949695078373,0.0002488701375648786,-0.0002964526063567786
0.0075,-0.0098,-2.6746135019108292,0.00047523870123816867,-0.00019105703385302185
0.0076,-0.0098,-2.680179838829943,0.0004690711161064447,-0.00014932810763628476
0.0077,-0.0098,-2.6827655423019388,0.0006551831735488755,-0.00010120994616092694
0.0078,-0.0098,-2.6848372351724623,0.0008306545483270579,-0.00012231696983405714
0.0079,-0.0098,-2.693314364736204,0.0008774130243540294,-9.259901461214984e-05
0.008,-0.0098,-2.694140740280435,0.0009201275860244405,-2.749906569169845e-06
0.0081,-0.0098,-2.6984928417671683,0.0010339934977693678,-5.478190361922226e-06
0.0082,-0.0098,-2.7041922521663975,0.0010013712966481935,-1.1583341573115706e-05
0.0083,-0.0098,-2.7025921602531264,0.0009700695802801967,1.2546644444160449e-05
0.0084,-0.0098,-2.7079452884409743,0.0010196168715545292,3.621763488854658e-05
0.0085,-0.0098,-2.710776310419743,0.000987326262465816,3.918428773984741e-05
0.0086,-0.0098,-2.7123468538583944,0.0009427853210419427,5.914525966223953e-05
0.0087,-0.0098,-2.7167138096701775,0.0008800313914574846,9.245496237360631e-05
0.0088,-0.0098,-2.715965018911333,0.0008061771342790063,8.862602407883302e-05
0.0089,-0.0098,-2.719014637249633,0.0007412224178890103,9.876015785472194e-05
0.009,-0.0098,-2.7193904554827766,0.0006512818816214763,0.00010808848698074269
0.0091,-0.0098,-2.7201879125884063,0.0005686763117212242,0.00011193132835143267
0.0092,-0.0098,-2.720936093462817,0.00048177897410706604,0.00011186797369011263
0.0093,-0.0098,-2.721522656088645,0.0003929069236202159,0.0001094406546833913
0.0094,-0.0098,-2.7214971266115016,0.0002987623981758812,0.00010422244030986526
0.0095,-0.0098,-2.7216402270161195,0.00022238970427720863,9.566360901211455e-05
0.0096,-0.0098,-2.721685715973815,0.00014542442199291856,8.05225581869472e-05
0.0097,-0.0098,-2.7209006208458324,8.375428020861767e-05,6.304298670197404e-05
0.0098,-0.0098,-2.7207261863360737,4.0811615196913586e-05,4.0771895290981216e-05
0.0099,-0.0098,-2.7206946561034044,1.3439415135243279e-05,1.7759359332674876e-05
0.01,-0.0098,-2.7201987698054046,0.0,0.0
0.0,-0.0097,-2.6114046530829604,0.0,0.0
0.0001,-0.0097,-2.611725055009989,6.406442535389411e-06,-2.0144403239058205e-05
0.0002,-0.0097,-2.610738582444513,1.3739777168536658e-05,-5.1782835918574486e-05
0.0003,-0.0097,-2.61168998094352,5.0373289460053976e-05,-6.484818894916785e-05
0.0004,-0.0097,-2.6108838460315207,5.163081729024776e-05,-4.288472325065483e-05
0.0005,-0.0097,-2.610027004217479,6.513153116647274e-05,-3.754840093503178e-05
0.0006,-0.0097,-2.611810299377279,0.00017528007726069512,-2.8169469873147946e-05
0.0007,-0.0097,-2.61304373419532,9.918937841522152e-05,-2.4336260360215462e-05
0.0008,-0.0097,-2.6116009584210826,0.00011725296827417125,1.677426723094245e-05
0.0009,-0.0097,-2.6141232794411984,1.4289617266943083e-05,2.8993280438416597e-05
0.001,-0.0097,-2.614137446841528,2.6763077987291325e-05,2.4319572980002575e-05
0.0011,-0.0097,-2.6151016575168433,2.4420712464866096e-05,3.0992912013375056e-05
0.0012,-0.0097,-2.615048369863269,-2.396840503355452e-06,9.801295958258219e-05
0.0013000000000000002,-0.0097,-2.617755415106383,-8.181916711274672e-05,9.303355501373751e-05
0.0014,-0.0097,-2.6181934648360023,-0.0001916477713177045,0.00010268176918738931
0.0015,-0.0097,-2.6185920455315954,-0.00025919306423478937,0.00011140694594112969
0.0016,-0.0097,-2.6212986747070883,-0.00032573350358295765,0.00016083535947902138
0.0017,-0.0097,-2.621628140209193,-0.0004221671965012148,0.0001614369643100714
0.0018,-0.0097,-2.622524977002098,-0.0005246723743437468,0.000178238469949977
0.0019,-0.0097,-2.624382475487002,-0.000671181117732829,0.00019046468838632938
0.002,-0.0097,-2.6263665518394967,-0.0007898495306560817,0.00021483712277063725
0.0021,-0.0097,-2.6276840002036104,-0.0009381953766153168,0.00021245083767171304
0.0022,-0.0097,-2.629336392761957,-0.001078851798661479,0.00022687051418849333
0.0023,-0.0097,-2.630865597481696,-0.0012433145347588972,0.00025441032980158844
0.0024,-0.0097,-2.632923754379633,-0.0014156769187120607,0.0002763427938006849
0.0025,-0.0097,-2.6339420267306193,-0.0016071936823382025,0.0002907779045802968
0.0026000000000000003,-0.0097,-2.636544796327173,-0.0017954176870722588,0.00031167709443396906
0.0027,-0.0097,-2.637775788350181,-0.001993833551023182,0.00032850608157887744
0.0028,-0.0097,-2.6411131434118404,-0.0022015424627488483,0.00034604537453653065
0.0029,-0.0097,-2.6428233284240576,-0.0024242909959965374,0.00035569262247962515
0.003,-0.0097,-2.645453142770977,-0.0026484288322483197,0.00038166515630312496
0.0031,-0.0097,-2.6460970703614355,-0.002901410179195577,0.00037804099201192666
0.0032,-0.0097,-2.6492822764649175,-0.003146519097952643,0.0004056944741922047
0.0033000000000000004,-0.0097,-2.6506482265965188,-0.0033261621847910845,0.0003983881668967371
0.0034,-0.0097,-2.65184929568271,-0.003641308623362176,0.0004147329179555702
0.0034999999999999996,-0.0097,-2.6535405808219363,-0.0038453764803152712,0.0004212146866988001
0.0036,-0.0097,-2.6560471772866103,-0.004138146123223506,0.000423675476130817
0.0037,-0.0097,-2.6578608791986396,-0.004364307624254968,0.0003828640490782754
0.0038,-0.0097,-2.6587619305111296,-0.004573753065112454,0.0004288503577121624
0.0039,-0.0097,-2.6607093445951415,-0.0047699036169859665,0.0003726323855090065
0.004,-0.0097,-2.6613031741607065,-0.005088579658349384,0.0003767853776641907
0.0041,-0.0097,-2.662121086701787,-0.005158583508606366,0.0003390990582164903
0.0042,-0.0097,-2.6629410326406506,-0.005470531104855953,0.00029091828254203554
0.0043,-0.0097,-2.663125507325413,-0.005807371009514776,0.00027465767622621064
0.0044,-0.0097,-2.6638593049785784,-0.005684587280270579,0.0002627523607863081
0.0045,-0.0097,-2.663068650585134,-0.005805542977752977,0.00021829833712941885
0.0046,-0.0097,-2.6627379263264417,-0.006038114332519412,0.00018963104405812661
0.0047,-0.0097,-2.662331076288879,-0.006059193247117277,0.0001488842818116434
0.0048,-0.0097,-2.661629278597701,-0.006165005371666263,9.538508591158862e-05
0.0049,-0.0097,-2.660925345249184,-0.006255680679160014,4.185998941033309e-05
0.005,-0.0097,-2.6604100344152277,-0.006214705160308153,-5.5021230561549604e-06
0.0051,-0.0097,-2.6588641181009796,-0.006300499662391239,-6.0116030638736094e-05
0.005200000000000001,-0.0097,-2.658007095655005,-0.0061046945165978625,-0.00011174637134322751
0.0053,-0.0097,-2.655902298541198,-0.006050375740259218,-0.00017897825662663614
0.0054,-0.0097,-2.654147520761693,-0.005856006853402568,-0.00022398826306527605
0.0055,-0.0097,-2.6532949423387504,-0.005695522982934411,-0.00025975736730963014
0.0056,-0.0097,-2.6509723177531663,-0.005486698230637824,-0.00031826965697919347
0.005700000000000001,-0.0097,-2.6511211326565496,-0.005198391016214385,-0.00038647147263380074
0.0058,-0.0097,-2.648893645128578,-0.005055472062858127,-0.0004476817206984099
0.0059,-0.0097,-2.647537407605723,-0.004828636738824519,-0.00047948965080044006
0.006,-0.0097,-2.6468699885343674,-0.0045365991003905514,-0.0004898936351254359
0.0061,-0.0097,-2.6457237798001834,-0.004164420356102608,-0.0005392108887745993
0.0062,-0.0097,-2.6470628256100865,-0.0038916810966183966,-0.0005434895265809394
0.0063,-0.0097,-2.6462599541209997,-0.0035474848484173998,-0.0005929901970819686
0.0064,-0.0097,-2.646576963471232,-0.0031848457825728728,-0.0006349726093485618
0.006499999999999999,-0.0097,-2.647785731374049,-0.0028473382992226185,-0.0006135650144208894
0.006600000000000001,-0.0097,-2.6493132865807354,-0.0024922257375374207,-0.0006133305241998954
0.0067,-0.0097,-2.650414352253142,-0.0021202389516971304,-0.0006178445240414742
0.0068,-0.0097,-2.6534727126840743,-0.0017450131748022715,-0.0006274448631880113
0.0069,-0.0097,-2.6559030802804013,-0.0014592311592804084,-0.0006008397375635993
0.006999999999999999,-0.0097,-2.6588412589584673,-0.001082866505231459,-0.0005748921419457768
0.007100000000000001,-0.0097,-2.662077914254185,-0.0007870287136121358,-0.0005234268809050623
0.0072,-0.0097,-2.665449251245187,-0.000412413736299218,-0.000488502489566005
0.0073,-0.0097,-2.668349257055862,-9.772893172430713e-05,-0.00045876310761860115
0.0074,-0.0097,-2.6719315963452446,0.00013644164233506638,-0.000429383106104776
0.0075,-0.0097,-2.676195297367354,0.0003015650576903412,-0.000371577208672194
0.0076,-0.0097,-2.679798830046103,0.0005206633093196332,-0.00030608331066993093
0.0077,-0.0097,-2.684628924438116,0.000737527072568173,-0.00027295815649334076
0.0078,-0.0097,-2.687822600785585,0.0008954655910564234,-0.00022722304352607955
0.0079,-0.0097,-2.689992343720335,0.0010414681100137273,-0.0001495017927358142
0.008,-0.0097,-2.6947763938530906,0.0011902063165867638,-9.962339125610398e-05
0.0081,-0.0097,-2.69869590433406,0.0011719866407702202,-9.577083517694355e-05
0.0082,-0.0097,-2.703560956144633,0.0012431594113844818,-3.008922268200481e-05
0.0083,-0.0097,-2.704581927653769,0.0012604876305727188,-2.9746765944416775e-05
0.0084,-0.0097,-2.707871773918742,0.0012818492771713083,3.179851834728296e-05
0.0085,-0.0097,-2.708024677737285,0.001274529591999792,9.048873320906042e-05
0.0086,-0.0097,-2.7132881129337005,0.001238441024124979,0.0001541556910367052
0.0087,-0.0097,-2.71543333134384,0.0011253751645957097,0.00015271456790490174
0.0088,-0.0097,-2.714850132308028,0.0010721749418560152,0.0001645975227013671
0.0089,-0.0097,-2.719735652212926,0.0009907924822853758,0.0001903092724963002
0.009,-0.0097,-2.7183897273436783,0.0008675118615389349,0.0002067503113568411
0.0091,-0.0097,-2.719778794558556,0.00075759112284411,0.00020827169543431086
0.0092,-0.0097,-2.7204838387077186,0.0006513985734394555,0.00021362101133367032
0.0093,-0.0097,-2.720392494780239,0.0005318725894756354,0.0002110463801154196
0.0094,-0.0097,-2.720931009205585,0.0004187422481366045,0.00020097153464567125
0.0095,-0.0097,-2.7208867069010627,0.0003115374477259795,0.00018484087104223766
0.0096,-0.0097,-2.7209233053737165,0.0002135535643325965,0.0001596927892127506
0.0097,-0.0097,-2.7205410045908693,0.00012547574752502723,0.00012671531586751894
0.0098,-0.0097,-2.720261150688125,6.47396030034033e-05,8.560082617029038e-05
0.0099,-0.0097,-2.7203128780704766,2.153773231278786e-05,3.882789228747938e-05
0.01,-0.0097,-2.7203160248273397,0.0,0.0
0.0,-0.0096,-2.611612297775624,0.0,0.0
0.0001,-0.0096,-2.612489912320198,4.417529425534381e-06,-3.405063907564948e-05
0.0002,-0.0096,-2.6109586138879206,1.8303354634716108e-05,-7.481238546277123e-05
0.0003,-0.0096,-2.61117227533152,4.957531040043345e-05,-8.994917116353159e-05
0.0004,-0.0096,-2.6110684762637173,7.429240474618303e-05,-8.128555668860463e-05
0.0005,-0.0096,-2.611752232363188,7.287142163674909e-05,-4.0526096616394116e-05
0.0006,-0.0096,-2.6130858721515855,9.571014883163485e-05,-4.0425630420660174e-05
0.0007,-0.0096,-2.613424297244409,8.839639978221476e-05,-1.78462483468588e-05
0.0008,-0.0096,-2.611369689122242,8.036734662409413e-05,1.4236638433390466e-05
0.0009,-0.0096,-2.6127676823705954,-1.5029570903456713e-05,6.350836455129177e-05
0.001,-0.0096,-2.6138941115695493,-1.7080361878704305e-05,9.913205926780778e-05
0.0011,-0.0096,-2.615257875106034,-7.340411122768211e-05,0.00011455626660326897
0.0012,-0.0096,-2.615968457927626,-0.00016614905184194186,0.0001637989086020348
0.0013000000000000002,-0.0096,-2.6165292066495813,-0.00024277136743291826,0.00016951575191584555
0.0014,-0.0096,-2.617590955710431,-0.00033723199313096463,0.0001901956270910974
0.0015,-0.0096,-2.618919739889819,-0.00046995501126963424,0.00021695736861156016
0.0016,-0.0096,-2.6195501177805185,-0.0006006839588079482,0.0002474934511446632
0.0017,-0.0096,-2.620606087352156,-0.0007339388622508213,0.00027753850958719327
0.0018,-0.0096,-2.6226796904392793,-0.0008767327920662393,0.00032422847495467864
0.0019,-0.0096,-2.6237849360595247,-0.001033018668766204,0.00033766819803575203
0.002,-0.0096,-2.625379963715992,-0.001228865267274135,0.0003774841138347118
0.0021,-0.0096,-2.6265826821999103,-0.0014201307731149118,0.00039203671744863426
0.0022,-0.0096,-2.628918997003883,-0.0016050365894940484,0.000427914163815314
0.0023,-0.0096,-2.630548426281708,-0.0018296960305380795,0.00045702127332968755
0.0024,-0.0096,-2.6322096966814295,-0.0020610530376802146,0.0004838655401085779
0.0025,-0.0096,-2.634132963134098,-0.002313589355773141,0.0005094481158037194
0.0026000000000000003,-0.0096,-2.63478918863922,-0.0025706526515182973,0.0005515540450615595
0.0027,-0.0096,-2.6373650922062013,-0.002825302090466462,0.0005721378215173292
0.0028,-0.0096,-2.6402366951413283,-0.003140667670201085,0.0006024503872968907
0.0029,-0.0096,-2.6418863634354683,-0.00341769168256508,0.0006199208817455851
0.003,-0.0096,-2.6439736856862823,-0.0036955284643786276,0.0006243929560110538
0.0031,-0.0096,-2.6449870668050033,-0.004002225425529013,0.000640547890346015
0.0032,-0.0096,-2.64857682769887,-0.004374513871774522,0.0006925457145672857
0.0033000000000000004,-0.0096,-2.6500708962025046,-0.004588645184932498,0.0006719741681335562
0.0034,-0.0096,-2.652737567227296,-0.004958258378100157,0.0006719501097935854
0.0034999999999999996,-0.0096,-2.654128194024962,-0.005292864828178176,0.0006906923328331833
0.0036,-0.0096,-2.655289566653602,-0.005533339726626116,0.000704792985629643
0.0037,-0.0096,-2.657339187806009,-0.0059352972370693945,0.0006864470050272345
0.0038,-0.0096,-2.6590200588856403,-0.006138410710219986,0.0006605625155474258
0.0039,-0.0096,-2.659807154988037,-0.00632104418343526,0.0005865198830514399
0.004,-0.0096,-2.661423396811255,-0.006832171180163122,0.0006204751892547668
0.0041,-0.0096,-2.662730195786674,-0.00692081173863068,0.0005697812549825144
0.0042,-0.0096,-2.663047366011933,-0.007214120536478837,0.0005238888354903393
0.0043,-0.0096,-2.66355070614665,-0.007412564829055919,0.0004601122056625622
0.0044,-0.0096,-2.663629513598003,-0.0076685451574480135,0.0004040268187596428
0.0045,-0.0096,-2.6635399952133234,-0.007621969623558947,0.00036175765941246656
0.0046,-0.0096,-2.663269338921525,-0.007922769477266025,0.0002939199443721736
0.0047,-0.0096,-2.6630589594515466,-0.008033592287536105,0.00020917466382279257
0.0048,-0.0096,-2.6621775551950644,-0.008128017163031732,0.00014046836860799345
0.0049,-0.0096,-2.6622878593690773,-0.007918247916050121,5.691843212677411e-05
0.005,-0.0096,-2.6600955818882994,-0.007812947989333288,-3.056980513327928e-05
0.0051,-0.0096,-2.659657195045243,-0.007949057030181093,-0.00011620881539345791
0.005200000000000001,-0.0096,-2.658204127625901,-0.007908530739707985,-0.00020537426507637624
0.0053,-0.0096,-2.6571391277732013,-0.007657487726533691,-0.00030718513461381014
0.0054,-0.0096,-2.6555471789145333,-0.007573981996835136,-0.0003912109097171058
0.0055,-0.0096,-2.6535752243177084,-0.00746420046250392,-0.0004795717166671328
0.0056,-0.0096,-2.6521731672635385,-0.00719526416137071,-0.0005731173747456231
0.005700000000000001,-0.0096,-2.650700998446854,-0.006838964867455624,-0.0006320100895296316
0.0058,-0.0096,-2.6495621972904484,-0.006693661115235419,-0.0007297957546342469
0.0059,-0.0096,-2.648679313624215,-0.006288324474410841,-0.000805624498713236
0.006,-0.0096,-2.6481414442586235,-0.005952594657636665,-0.0008757688702976073
0.0061,-0.0096,-2.6479718973257644,-0.005626711378959397,-0.0009247693259653186
0.0062,-0.0096,-2.6474800669595457,-0.0051789059671653506,-0.0009477444420452914
0.0063,-0.0096,-2.6472175662116566,-0.004764126824092602,-0.0009248067538615835
0.0064,-0.0096,-2.6484549172577685,-0.004376728112984649,-0.001031298111417094
0.006499999999999999,-0.0096,-2.650494956917671,-0.003938333863900363,-0.0010323894298687555
0.006600000000000001,-0.0096,-2.651417668514207,-0.0034453035758838543,-0.0010650205121480558
0.0067,-0.0096,-2.652639609544435,-0.003013062908096681,-0.0010220130154928776
0.0068,-0.0096,-2.654841734256282,-0.002562536814144672,-0.001000727435934127
0.0069,-0.0096,-2.6575186375536317,-0.002144231898885956,-0.0009916713796107764
0.006999999999999999,-0.0096,-2.6603651868186424,-0.0017389046167243618,-0.0009241947560047941
0.007100000000000001,-0.0096,-2.663287028148976,-0.0012945197922549362,-0.000860378770270914
0.0072,-0.0096,-2.6662606530481625,-0.0009562764957068093,-0.0008352280439799947
0.0073,-0.0096,-2.669669440153304,-0.0005764000226288898,-0.0007791658635529624
0.0074,-0.0096,-2.6736529769350903,-0.00022364464644642878,-0.000705106536116606
0.0075,-0.0096,-2.6768081160592136,9.870923958542576e-05,-0.0006555315941246264
0.0076,-0.0096,-2.6804569442626818,0.0004225465304852818,-0.0005473354921343535
0.0077,-0.0096,-2.6848089154101547,0.0006002881861688052,-0.0004772260255261739
0.0078,-0.0096,-2.687967839154276,0.0008358172954743972,-0.0003891207142619611
0.0079,-0.0096,-2.6908226037840066,0.0010234189891932658,-0.00028175737478796384
0.008,-0.0096,-2.695623421612763,0.0011822820284585326,-0.00024078543674387854
0.0081,-0.0096,-2.6994617740537623,0.0013014652441134325,-0.00014802642610688878
0.0082,-0.0096,-2.703772192937203,0.001293884364032863,-9.269983345053129e-05
0.0083,-0.0096,-2.7032273992988793,0.0013494023878060206,-4.38642935100611e-05
0.0084,-0.0096,-2.706817899247762,0.0014697687383587216,6.94573448912262e-05
0.0085,-0.0096,-2.707679118427274,0.0013751264925523775,0.00016719221079696325
0.0086,-0.0096,-2.7107747323024585,0.0014200990971002414,0.000174572303180371
0.0087,-0.0096,-2.717685151628524,0.001320995027709647,0.00019382137517164985
0.0088,-0.0096,-2.7143534785602377,0.0012076876055787179,0.0002731314304171385
0.0089,-0.0096,-2.7157824046625825,0.0011732535347908518,0.000293311294622226
0.009,-0.0096,-2.7191500988346644,0.001031156408095413,0.0003188958785480182
0.0091,-0.0096,-2.719208326852091,0.0008903272531993428,0.00033021937361887084
0.0092,-0.0096,-2.7200257522176283,0.00077792308935156,0.00033660995308841573
0.0093,-0.0096,-2.720449838148592,0.0006352810624846974,0.00033832138380902605
0.0094,-0.0096,-2.72053170645496,0.0005109239382913007,0.00032732121303159713
0.0095,-0.0096,-2.7207236674577744,0.00038118292948615215,0.00030440176931105837
0.0096,-0.0096,-2.720231408533775,0.0002637999212834947,0.000265918459248448
0.0097,-0.0096,-2.7205377820591456,0.00016079873294893012,0.00021360569178942843
0.0098,-0.0096,-2.7197405884744583,8.509099221847255e-05,0.00014482941908959229
0.0099,-0.0096,-2.719633811738097,2.8685486056813258e-05,7.371955650566415e-05
0.01,-0.0096,-2.7196728499056215,0.0,0.0
0.0,-0.0095,-2.610785541508541,0.0,0.0
0.0001,-0.0095,-2.6111999029209616,-1.611777075581512e-05,-3.887364735242083e-05
0.0002,-0.0095,-2.609953960940114,1.9006277099017293e-05,-5.647048005225078e-05
0.0003,-0.0095,-2.610604124823414,3.0301481389250148e-05,3.0638740934683766e-06
0.0004,-0.0095,-2.6107820939632718,5.331600861660799e-05,-2.788177949442296e-05
0.0005,-0.0095,-2.613082450260661,6.175190581666958e-05,-4.045038367458407e-05
0.0006,-0.0095,-2.612660882471021,2.8451230704992954e-05,-2.737066419191115e-05
0.0007,-0.0095,-2.611416844260064,-9.092148018644432e-06,9.656699406688456e-06
0.0008,-0.0095,-2.611531594882997,-8.119410845678329e-05,4.274346209485894e-05
0.0009,-0.0095,-2.612954139057709,-8.734980912985351e-05,0.00011004909951275126
0.001,-0.0095,-2.613899893252026,-0.00014982358094733328,0.00014748204069860743
0.0011,-0.0095,-2.6152115586079354,-0.00024259211413725536,0.00019305590133507556
0.0012,-0.0095,-2.6156168356754854,-0.00033975641710019,0.00025264319305082824
0.0013000000000000002,-0.0095,-2.6165133467933512,-0.00044503057235889917,0.0002840194495241672
0.0014,-0.0095,-2.616922318650221,-0.0005845904338234233,0.00031080457061054636
0.0015,-0.0095,-2.6189740592507715,-0.0007098599140329782,0.00035963122783276265
0.0016,-0.0095,-2.619950920067257,-0.000911773341687979,0.0004048231974681114
0.0017,-0.0095,-2.6212490481056405,-0.0010860542035887788,0.0004540901643981597
0.0018,-0.0095,-2.6213942687541416,-0.0012771647721961685,0.0004962906024677538
0.0019,-0.0095,-2.6233718624852562,-0.0014777561506582907,0.0005338722931170565
0.002,-0.0095,-2.624426027027901,-0.0017062095159145832,0.0005767253920916741
0.0021,-0.0095,-2.626172484207816,-0.001965479452404024,0.000623934573819897
0.0022,-0.0095,-2.6280154141971988,-0.0022247433311321538,0.0006667805180629173
0.0023,-0.0095,-2.6294412769135973,-0.002491782097247379,0.0007078363298461666
0.0024,-0.0095,-2.631099581718052,-0.002796554708912222,0.0007569364933472989
0.0025,-0.0095,-2.6338414927845935,-0.003105541540912308,0.0007861013536032001
0.0026000000000000003,-0.0095,-2.6348702704742104,-0.003402770635355476,0.0008360966394313354
0.0027,-0.0095,-2.6369647917407177,-0.003752223283365619,0.0008828045099613365
0.0028,-0.0095,-2.6389936367062297,-0.004113809030294248,0.0008927353548192087
0.0029,-0.0095,-2.640863832587045,-0.004454575603325348,0.0009167043423843089
0.003,-0.0095,-2.643642569628388,-0.004865741731191349,0.0009648541078242632
0.0031,-0.0095,-2.645577865578218,-0.005187807957688205,0.0009941779236409376
0.0032,-0.0095,-2.6475735561775315,-0.005625837945426849,0.0010315683144473942
0.0033000000000000004,-0.0095,-2.6497790825671443,-0.005937950172522726,0.0010611346219875216
0.0034,-0.0095,-2.651830642910371,-0.006241664054302421,0.001029190917598934
0.0034999999999999996,-0.0095,-2.653634397678046,-0.006650431648631075,0.0010427091303540365
0.0036,-0.0095,-2.655235409464793,-0.006989110321097676,0.0010298273552989104
0.0037,-0.0095,-2.656633878327218,-0.007491188974046313,0.0009858152806473315
0.0038,-0.0095,-2.6592120673891833,-0.007914428539779165,0.0009385850062816483
0.0039,-0.0095,-2.6599502417329983,-0.00798343122545944,0.0009229702523425612
0.004,-0.0095,-2.6616813776200305,-0.008217464404815461,0.0008999514125004574
0.0041,-0.0095,-2.6629000048921148,-0.008454010726985388,0.0008433558190975611
0.0042,-0.0095,-2.6634179643536413,-0.00876166046379274,0.0007766507850967751
0.0043,-0.0095,-2.664050750003782,-0.009107104598287008,0.0007029493370177631
0.0044,-0.0095,-2.6646521860665318,-0.009346707806974419,0.0005867804528382194
0.0045,-0.0095,-2.6645535227913357,-0.009654100642973241,0.0005045330135643207
0.0046,-0.0095,-2.6646425024022347,-0.009629597031081703,0.0003955210080816013
0.0047,-0.0095,-2.6638994116753167,-0.009696549994686825,0.00028790678069012327
0.0048,-0.0095,-2.6640569388779354,-0.010070800405958431,0.00017553575492443028
0.0049,-0.0095,-2.6632794895327794,-0.010055488706728274,5.877986908543543e-05
0.005,-0.0095,-2.662170447781683,-0.009800477347064821,-6.772253195793504e-05
0.0051,-0.0095,-2.6608870755270004,-0.00983772708067354,-0.00019779798655541634
0.005200000000000001,-0.0095,-2.6596819568492123,-0.009711231643604271,-0.0003143238169649521
0.0053,-0.0095,-2.6588552462857193,-0.00960743673988923,-0.00045795574092426293
0.0054,-0.0095,-2.656629882551179,-0.009353533193743777,-0.0005972679848617878
0.0055,-0.0095,-2.6552272642826598,-0.009037911457841072,-0.0006876198509487973
0.0056,-0.0095,-2.654224919600554,-0.0086567036300261,-0.000849616919449511
0.005700000000000001,-0.0095,-2.653414239413919,-0.00855110622762077,-0.000941565357648741
0.0058,-0.0095,-2.6525907261979804,-0.007960686200172621,-0.001066643025918886
0.0059,-0.0095,-2.651506711712307,-0.007821921632555599,-0.0011036839631615603
0.006,-0.0095,-2.650259823179308,-0.007389615377380839,-0.0012383326154575354
0.0061,-0.0095,-2.6487839178749795,-0.006884123089462105,-0.0013383517105118722
0.0062,-0.0095,-2.649241309230369,-0.006434283903655042,-0.0013565915622491742
0.0063,-0.0095,-2.6493943419352552,-0.0059780836840933535,-0.0014458900882148179
0.0064,-0.0095,-2.64979191798872,-0.005530357016063087,-0.0014898130915613158
0.006499999999999999,-0.0095,-2.650350533859657,-0.004965028079103636,-0.0015165588764267529
0.006600000000000001,-0.0095,-2.652128643078654,-0.004467205505691734,-0.0015155041902159992
0.0067,-0.0095,-2.6534664208399072,-0.003967809361137427,-0.0014791532904848866
0.0068,-0.0095,-2.6564329307090193,-0.0034763927591876667,-0.0015358216442547608
0.0069,-0.0095,-2.6585505076134326,-0.0029032849031711398,-0.00145377085960523
0.006999999999999999,-0.0095,-2.6605782554737187,-0.0024465669401649683,-0.0013843020701842753
0.007100000000000001,-0.0095,-2.6644340351752183,-0.001949193630632714,-0.0013365538683245215
0.0072,-0.0095,-2.667198715222929,-0.0015618318924366268,-0.0012379995231403826
0.0073,-0.0095,-2.6709904165072937,-0.001098035877329181,-0.0011559580262942685
0.0074,-0.0095,-2.6748583636691476,-0.0006895556790766644,-0.0010600338186895716
0.0075,-0.0095,-2.677987613067024,-0.00031823864426289047,-0.0009634604679582909
0.0076,-0.0095,-2.6817713123511457,2.1732897800874444e-05,-0.0008543292650641136
0.0077,-0.0095,-2.6856768631775836,0.0003487238285826009,-0.0007425669101136523
0.0078,-0.0095,-2.689247834057682,0.0006182728072536514,-0.0006015330524610827
0.0079,-0.0095,-2.6929458231660317,0.0008604594497487743,-0.0004985543932838181
0.008,-0.0095,-2.696313405837664,0.0010542575114165082,-0.00036727339621386726
0.0081,-0.0095,-2.6987422494891873,0.0012039758540567534,-0.000290499918084505
0.0082,-0.0095,-2.7031763683509773,0.0013334046020302354,-0.00017387358680015738
0.0083,-0.0095,-2.7050768245156576,0.0013014182491435271,-2.918019560049631e-05
0.0084,-0.0095,-2.707930292540813,0.0015365728451596538,5.077211032643277e-05
0.0085,-0.0095,-2.709399839548301,0.0014296899582785982,0.0001366451887784663
0.0086,-0.0095,-2.7102528441333056,0.0014968316217543179,0.00019188701518132786
0.0087,-0.0095,-2.7169127714006485,0.0014689176414798564,0.00028741088543393634
0.0088,-0.0095,-2.718196137236247,0.001332593769115946,0.0003843384032103707
0.0089,-0.0095,-2.7165471842247855,0.0012153550670097601,0.0003979497055684374
0.009,-0.0095,-2.718475056244188,0.0011117532055124311,0.0004136320499412455
0.0091,-0.0095,-2.718352254679648,0.0009817349032072143,0.0004507003639752574
0.0092,-0.0095,-2.7194749569251404,0.0008681830093927022,0.0004753756106182691
0.0093,-0.0095,-2.720274829236079,0.0007200549376902279,0.00047809640771047173
0.0094,-0.0095,-2.7207785548898937,0.0005725782343896802,0.00046255649370063726
0.0095,-0.0095,-2.720988829706648,0.00042572914845481237,0.0004253359139866589
0.0096,-0.0095,-2.720940899440934,0.0003014938942178119,0.0003782191854671817
0.0097,-0.0095,-2.720335703444655,0.00018739847169011416,0.00031390805543890206
0.0098,-0.0095,-2.7199234978295896,9.814503203512617e-05,0.00021869560798326227
0.0099,-0.0095,-2.7192414472230038,3.423743554079331e-05,0.00011919735272432405
0.01,-0.0095,-2.7193225088496145,0.0,0.0
0.0,-0.0094,-2.611397182219117,0.0,0.0
0.0001,-0.0094,-2.6120606356727976,-1.04800661031023e-05,-3.7824156188116994e-05
0.0002,-0.0094,-2.6112288442376568,7.363354494030255e-06,-5.971943995286598e-05
0.0003,-0.0094,-2.6141815961095896,1.3259156756967144e-05,-6.334860663026865e-05
0.0004,-0.0094,-2.611994341435857,-1.0012867131105416e-05,1.6324636306509332e-05
0.0005,-0.0094,-2.611962545439664,6.983889016552378e-06,-3.482105789538691e-05
0.0006,-0.0094,-2.6122460552254987,-2.1115520672025745e-05,9.822609306057215e-06
0.0007,-0.0094,-2.6119740386878756,-6.203800703178247e-05,5.8989830292951675e-05
0.0008,-0.0094,-2.613143903813663,-0.00012197131859196658,0.0001219111899060395
0.0009,-0.0094,-2.6130050110306215,-0.00020174087205277765,0.00017833361868274233
0.001,-0.0094,-2.613338547939165,-0.0002948119172366817,0.00024433251560279775
0.0011,-0.0094,-2.614072624358118,-0.00040631052552910185,0.00030206597916468256
0.0012,-0.0094,-2.614526495688859,-0.0005417094426371386,0.00037066454734119617
0.0013000000000000002,-0.0094,-2.6157330155468466,-0.0006802664546964158,0.00042454331580718134
0.0014,-0.0094,-2.6164887971927997,-0.0008783432931758148,0.000478420190289849
0.0015,-0.0094,-2.617497792827939,-0.001047300852785001,0.0005381045539934892
0.0016,-0.0094,-2.6188377934734643,-0.0012583318765833431,0.0006007123541526388
0.0017,-0.0094,-2.6204448537942038,-0.0014968842159575162,0.0006686433396946367
0.0018,-0.0094,-2.6213799969946088,-0.0017165415617819973,0.000723988374617831
0.0019,-0.0094,-2.6229498928147144,-0.0019794068013602568,0.000780326279232919
0.002,-0.0094,-2.6244167895920083,-0.0022706786487899653,0.0008424972030477322
0.0021,-0.0094,-2.6261887333590663,-0.002563723325504971,0.000899796245178674
0.0022,-0.0094,-2.6276443952924042,-0.002887456258307467,0.0009648910416373794
0.0023,-0.0094,-2.628435771322467,-0.0032344142247361348,0.0010306927275759077
0.0024,-0.0094,-2.630696421634298,-0.003579785508119866,0.0010950439074740703
0.0025,-0.0094,-2.633260881953805,-0.003960889146106922,0.0011770327521311425
0.0026000000000000003,-0.0094,-2.635082406254237,-0.004339003928893551,0.001200944893786855
0.0027,-0.0094,-2.6366907384974057,-0.00477650984797042,0.0012105833792215978
0.0028,-0.0094,-2.6383192100478223,-0.005091092030684052,0.001252028487390179
0.0029,-0.0094,-2.6413605317505287,-0.005524939493919677,0.0012945330648931434
0.003,-0.0094,-2.642657438116759,-0.005990559728083706,0.0013769625081890122
0.0031,-0.0094,-2.645217795327923,-0.006418040525106614,0.001411733252128163
0.0032,-0.0094,-2.6473437591572284,-0.006815021119791063,0.0014398012085736819
0.0033000000000000004,-0.0094,-2.649092472256681,-0.007375790153696011,0.0014382530264319107
0.0034,-0.0094,-2.6517173331541413,-0.007870907965178626,0.0013907306734364648
0.0034999999999999996,-0.0094,-2.6534687278685944,-0.008001557584268945,0.0013855661978577193
0.0036,-0.0094,-2.6559059283102298,-0.00868777093447763,0.0013699124615951528
0.0037,-0.0094,-2.657781509748815,-0.008998573584148578,0.0013685280312834673
0.0038,-0.0094,-2.6597158338796123,-0.009317548824433057,0.0013325717322217262
0.0039,-0.0094,-2.660693724945878,-0.009860706409747177,0.0012906834880877988
0.004,-0.0094,-2.662554576602139,-0.010003717660375456,0.0012155499458401686
0.0041,-0.0094,-2.6634298889606627,-0.01054318885778407,0.001108632172238892
0.0042,-0.0094,-2.664536238498993,-0.010621242037523888,0.0009955097122963952
0.0043,-0.0094,-2.6651617607738998,-0.011040949963679617,0.0009134305049777535
0.0044,-0.0094,-2.6660025614041145,-0.011242985677814352,0.0007764726072992695
0.0045,-0.0094,-2.666222000659174,-0.011329535336586944,0.0006433878519596783
0.0046,-0.0094,-2.6661193616143692,-0.01123071729629214,0.000514414435169373
0.0047,-0.0094,-2.6662126329731892,-0.011613681635140677,0.0003717930323055322
0.0048,-0.0094,-2.665523446488209,-0.011547554155171967,0.0002161329416114891
0.0049,-0.0094,-2.664952532943895,-0.011877797125610696,5.2799944668407295e-05
0.005,-0.0094,-2.664175756566897,-0.011653248176217185,-0.0001127059482974967
0.0051,-0.0094,-2.663177025874972,-0.011507470922907527,-0.00029490585303930145
0.005200000000000001,-0.0094,-2.6619358820379038,-0.011180436646294695,-0.00044248760636746783
0.0053,-0.0094,-2.6607925838592954,-0.011182755364002723,-0.0006525458580113942
0.0054,-0.0094,-2.659036964851881,-0.011043432034351985,-0.000816875459470943
0.0055,-0.0094,-2.6580308375408093,-0.010553340203674053,-0.0009604009120995638
0.0056,-0.0094,-2.6567771953849033,-0.010422137293680906,-0.0011024465685581125
0.005700000000000001,-0.0094,-2.6549903515220774,-0.01008413419358441,-0.0012532800418354674
0.0058,-0.0094,-2.653343994980377,-0.009647984015277429,-0.001441130670438131
0.0059,-0.0094,-2.653010050582116,-0.0091666315801479,-0.0015732294637093983
0.006,-0.0094,-2.6524976024785647,-0.008699883076902445,-0.0016747714730851314
0.0061,-0.0094,-2.651343017737731,-0.008322838213354276,-0.0017351161446838349
0.0062,-0.0094,-2.651729504896504,-0.007855432554181054,-0.0018599763820225353
0.0063,-0.0094,-2.651155745746064,-0.007525432636069425,-0.0019600595841798886
0.0064,-0.0094,-2.6522480095294614,-0.006830960866329433,-0.0020953269692683975
0.006499999999999999,-0.0094,-2.653256632376895,-0.00611070581879772,-0.0019863703662789224
0.006600000000000001,-0.0094,-2.6540184318999716,-0.005692322400199378,-0.0020740650848620813
0.0067,-0.0094,-2.6561410557710543,-0.005091318296670771,-0.0020138513391372848
0.0068,-0.0094,-2.6573107148914454,-0.004492024368738416,-0.0019814791836397228
0.0069,-0.0094,-2.659381114947691,-0.003844870341980989,-0.0019913741853066105
0.006999999999999999,-0.0094,-2.662601281821871,-0.0033626410105103526,-0.0019333416102003205
0.007100000000000001,-0.0094,-2.665527456441217,-0.002756904159168715,-0.001873276610315707
0.0072,-0.0094,-2.668671679277766,-0.002320678750078507,-0.0016951329559335663
0.0073,-0.0094,-2.6720854055398418,-0.0018013569890410136,-0.0016159801400308553
0.0074,-0.0094,-2.6754799042611705,-0.0012735694404166842,-0.0014935003113137899
0.0075,-0.0094,-2.679472862083715,-0.0008523326408633004,-0.0013586546271339044
0.0076,-0.0094,-2.6825031317865884,-0.00044889899877541744,-0.00120986049199444
0.0077,-0.0094,-2.686632281543911,-7.924113425244488e-05,-0.0010638842880236997
0.0078,-0.0094,-2.69012818380066,0.00025961644264038724,-0.0009180971206212544
0.0079,-0.0094,-2.6935108363213587,0.0005463820381326005,-0.0007490319793082673
0.008,-0.0094,-2.69685763865126,0.0007966010297779957,-0.0006035575716486955
0.0081,-0.0094,-2.699609472713648,0.0009916317383441024,-0.0004038121515092469
0.0082,-0.0094,-2.702644299920996,0.0011521882676859645,-0.00029179599701708946
0.0083,-0.0094,-2.7058616336468893,0.001281433408103025,-0.00014332456507316975
0.0084,-0.0094,-2.7086802197099202,0.0013542104282805501,-1.1321491254710336e-05
0.0085,-0.0094,-2.710881561368821,0.0014294747698388698,0.00011301973055611106
0.0086,-0.0094,-2.713351520681757,0.001435692549474179,0.0002458975085562129
0.0087,-0.0094,-2.711423035865744,0.0014380908518280178,0.00036062930723590323
0.0088,-0.0094,-2.7190703210550358,0.0013707524956818925,0.0004269307057563293
0.0089,-0.0094,-2.719953118845503,0.0012103550528516117,0.0005009738483095471
0.009,-0.0094,-2.7160406650750475,0.0011395909499532066,0.0005390802295609144
0.0091,-0.0094,-2.7195469600538864,0.0010539090365756152,0.0005980399560685173
0.0092,-0.0094,-2.7201472029848044,0.0009015195379633506,0.0006245212500840813
0.0093,-0.0094,-2.720113058316426,0.0007483856978229273,0.0006288441497739599
0.0094,-0.0094,-2.7204737801659564,0.0006096461566735559,0.0006050448777423295
0.0095,-0.0094,-2.7209204976928323,0.00046106872175557027,0.0005691057468606361
0.0096,-0.0094,-2.720307303756814,0.00032762483660785785,0.0005077600456831731
0.0097,-0.0094,-2.72049755824693,0.00020484242676502341,0.0004156244109852014
0.0098,-0.0094,-2.7196261447183034,0.00010584170397937522,0.0003012186877658314
0.0099,-0.0094,-2.719161283270431,3.7328435257858787e-05,0.0001623673322958694
0.01,-0.0094,-2.7190435495220697,0.0,0.0
0.0,-0.0093,-2.6112924393989005,0.0,0.0
0.0001,-0.0093,-2.6110699974462404,3.4289042774000375e-05,-5.856420051496159e-05
0.0002,-0.0093,-2.610954560845991,9.549374145963707e-06,-0.0001400110033820499
0.0003,-0.0093,-2.6110602946631967,-5.227808435638928e-06,-0.00021188154148036304
0.0004,-0.0093,-2.6113023660430144,1.5814669407483284e-06,-0.00014627369911526922
0.0005,-0.0093,-2.6115173996982115,-8.90663710224234e-05,-1.2122580387863639e-05
0.0006,-0.0093,-2.6118421469142388,-0.00010288691666131642,5.630902507245033e-05
0.0007,-0.0093,-2.6114286243632634,-0.0001763343509072403,0.00011956831496134037
0.0008,-0.0093,-2.612416685573608,-0.00026053392637299873,0.00019403768242034472
0.0009,-0.0093,-2.6126392453535825,-0.00033845768752000676,0.0002817722009919913
0.001,-0.0093,-2.6129360020163883,-0.0004831863213881954,0.0003592274007052845
0.0011,-0.0093,-2.6137828712599775,-0.0006183275104097896,0.0004436943123489279
0.0012,-0.0093,-2.6148709467795492,-0.0008042638148067449,0.0005220072293901292
0.0013000000000000002,-0.0093,-2.6150572316941894,-0.0009678410385050998,0.0006022118963017785
0.0014,-0.0093,-2.6163451045140502,-0.0011826837721932238,0.0006784244359918024
0.0015,-0.0093,-2.617534895166409,-0.0014160303865207134,0.0007603239414080943
0.0016,-0.0093,-2.6185798371629603,-0.0016662164177973324,0.0008356051339880079
0.0017,-0.0093,-2.6199521989097176,-0.0019371933658166142,0.0009237607817137424
0.0018,-0.0093,-2.6212652638773264,-0.002228950969987361,0.0010007792013355533
0.0019,-0.0093,-2.622606426457259,-0.002535932032406098,0.0010747918092627678
0.002,-0.0093,-2.623616307324949,-0.002874937868283158,0.0011493169583911096
0.0021,-0.0093,-2.625545239947114,-0.003230571949405546,0.0012469704703148665
0.0022,-0.0093,-2.6265441447512754,-0.00359550326789404,0.0013165872478259968
0.0023,-0.0093,-2.628337771306014,-0.004026183306290907,0.001387132518023988
0.0024,-0.0093,-2.630249992330257,-0.004442492437600276,0.0014857221488798666
0.0025,-0.0093,-2.632542583185456,-0.004906231604842927,0.001527049664913656
0.0026000000000000003,-0.0093,-2.6344511991304276,-0.005272224291050021,0.0016318469655491295
0.0027,-0.0093,-2.6365109947224763,-0.005852670587523652,0.0016765036146921008
0.0028,-0.0093,-2.6383409602982915,-0.006207814450883577,0.0017579277703653818
0.0029,-0.0093,-2.6406929785159643,-0.006643425025032844,0.0018018528194304385
0.003,-0.0093,-2.6427995131848023,-0.0072512075581637,0.0018082305449082404
0.0031,-0.0093,-2.645464402208025,-0.007678445983131605,0.001838894736610537
0.0032,-0.0093,-2.647310738118844,-0.008074183818770585,0.0018970529927944146
0.0033000000000000004,-0.0093,-2.6495605344412807,-0.008541683622288538,0.0018587423391347386
0.0034,-0.0093,-2.6521441754161406,-0.009087548534338043,0.0019101748397024568
0.0034999999999999996,-0.0093,-2.6541317321561833,-0.009661980541626054,0.001888843838522461
0.0036,-0.0093,-2.6566456636189457,-0.010034773335667884,0.0018542058567907111
0.0037,-0.0093,-2.658647712005521,-0.01039949902365081,0.0017823489572512633
0.0038,-0.0093,-2.6600458695572686,-0.011075020615671553,0.001710070905641798
0.0039,-0.0093,-2.662068660931386,-0.011298150104334388,0.0015899077834687998
0.004,-0.0093,-2.663535845624594,-0.011827191474936358,0.0014770345792024582
0.0041,-0.0093,-2.665054789379202,-0.0121654989072266,0.0014000324264603126
0.0042,-0.0093,-2.6665106924959887,-0.012239571361278796,0.0012733979489270041
0.0043,-0.0093,-2.6670020570267416,-0.012630436373599951,0.0011379657482270531
0.0044,-0.0093,-2.667923031427067,-0.012750257658776583,0.0010179148094999907
0.0045,-0.0093,-2.668602304543853,-0.012945868157178832,0.0008210629090586671
0.0046,-0.0093,-2.6687252387666898,-0.01322402772668776,0.0006412505814619696
0.0047,-0.0093,-2.668489693968363,-0.013199473663772266,0.0004438836781132532
0.0048,-0.0093,-2.66864304273658,-0.013363012884346721,0.00025114427195680817
0.0049,-0.0093,-2.6675896021801844,-0.013195951720097882,4.1646359727119926e-05
0.005,-0.0093,-2.66691161697311,-0.0134262516630749,-0.00017122749420729047
0.0051,-0.0093,-2.666180708271859,-0.013278637724908011,-0.00038957561729569565
0.005200000000000001,-0.0093,-2.6647188194706843,-0.013092872992808636,-0.0006177533139926537
0.0053,-0.0093,-2.6632943646725775,-0.012893439448190758,-0.0008234252740786232
0.0054,-0.0093,-2.6620130648200626,-0.012824571680360714,-0.0010459639965182837
0.0055,-0.0093,-2.661010268221327,-0.012387063861844334,-0.0012337528387340016
0.0056,-0.0093,-2.659653609044757,-0.012308485069710346,-0.0014482198614663663
0.005700000000000001,-0.0093,-2.6580365083647277,-0.011680690460557709,-0.0016258680307615525
0.0058,-0.0093,-2.656841151077934,-0.011423343127834018,-0.0018539090367682282
0.0059,-0.0093,-2.6554208265270036,-0.010731015056852991,-0.002026519797698252
0.006,-0.0093,-2.6547186276819814,-0.010392229282459912,-0.0021719537442826255
0.0061,-0.0093,-2.6543265108554683,-0.01004538649691417,-0.0022976946315363908
0.0062,-0.0093,-2.6540662732527855,-0.009183064202832972,-0.0023865960974965615
0.0063,-0.0093,-2.6540655656824352,-0.008897203951558274,-0.002489564587162871
0.0064,-0.0093,-2.65430494306416,-0.008049686764573866,-0.0026110682115018055
0.006499999999999999,-0.0093,-2.654908922219493,-0.007617457703354771,-0.0027024816895326073
0.006600000000000001,-0.0093,-2.655771518399172,-0.007054926594531451,-0.002753025829666818
0.0067,-0.0093,-2.657344504484292,-0.0062677796642128265,-0.0025820586645098776
0.0068,-0.0093,-2.6591173861944,-0.005492919732610968,-0.002581154153091687
0.0069,-0.0093,-2.661011475866504,-0.005064984020284566,-0.0024772909556395467
0.006999999999999999,-0.0093,-2.6644704266777635,-0.004369022342391492,-0.002567240616239843
0.007100000000000001,-0.0093,-2.667267937707642,-0.0037835939316562986,-0.002401203732224651
0.0072,-0.0093,-2.669970018790117,-0.0031638170956208994,-0.0022599067854912184
0.0073,-0.0093,-2.673060498119551,-0.002595435334753751,-0.002159328102511536
0.0074,-0.0093,-2.677103023526516,-0.0020083289602913874,-0.0020341873499217767
0.0075,-0.0093,-2.6806218319234185,-0.0015313134364989167,-0.0018247751538984784
0.0076,-0.0093,-2.684174172326977,-0.0010667095535479884,-0.0016571996059505708
0.0077,-0.0093,-2.687767158276561,-0.0006339650274211761,-0.0014564243428981394
0.0078,-0.0093,-2.691511588751984,-0.00021022605402066412,-0.001248313598796306
0.0079,-0.0093,-2.6948498868144033,0.00012288367118887047,-0.001054426323912553
0.008,-0.0093,-2.6981286176140857,0.0004282699325617472,-0.0008454058462475059
0.0081,-0.0093,-2.701180304578742,0.0006772588055064514,-0.0006574352445001138
0.0082,-0.0093,-2.704402813924743,0.0009063988237093036,-0.00044356654904761087
0.0083,-0.0093,-2.7065731849907784,0.0010722360097356976,-0.0002644039532801768
0.0084,-0.0093,-2.709563324065962,0.0012010053684003634,-6.743052609378946e-05
0.0085,-0.0093,-2.7119251869897374,0.00128995597406193,6.336700245354096e-05
0.0086,-0.0093,-2.7138093737676225,0.0013133353816660084,0.0002391260315020051
0.0087,-0.0093,-2.714121334132385,0.0013401100646554282,0.0003683899619598915
0.0088,-0.0093,-2.7176129627840737,0.001306695876513554,0.0004600834153573633
0.0089,-0.0093,-2.7190923913605087,0.001196073570629473,0.0005669810047885596
0.009,-0.0093,-2.7181712634214557,0.0011176541425788424,0.000670018725169815
0.0091,-0.0093,-2.720038618191751,0.001044772066727511,0.000721275770870037
0.0092,-0.0093,-2.7217428779279462,0.0009066442827899186,0.0007546930420495702
0.0093,-0.0093,-2.72128513558284,0.0007577775699233939,0.0007681936826439046
0.0094,-0.0093,-2.720916820269778,0.000620622989121921,0.0007511001731687596
0.0095,-0.0093,-2.7212678300776787,0.00047283867011350765,0.0007072621617262962
0.0096,-0.0093,-2.721745156029459,0.0003360565621103714,0.0006324067471329192
0.0097,-0.0093,-2.7208345935714275,0.00021091311690317745,0.0005302205245353244
0.0098,-0.0093,-2.7205778509618486,0.00010981998924780071,0.00039017022094453
0.0099,-0.0093,-2.7198060405899227,3.873454780250581e-05,0.00021080514037658712
0.01,-0.0093,-2.7196778648198814,0.0,0.0
0.0,-0.0092,-2.610202113718706,0.0,0.0
0.0001,-0.0092,-2.610364430619131,-1.3762169104616658e-06,-6.523057860215233e-05
0.0002,-0.0092,-2.6070387910667585,1.6835436560642112e-05,-9.998330321902058e-05
0.0003,-0.0092,-2.607845150132769,-1.4787139249895515e-05,-0.00010873113235256651
0.0004,-0.0092,-2.609138875674254,-4.255543707409196e-05,-2.848382237916969e-05
0.0005,-0.0092,-2.6099371071061555,-0.00010179802952105366,2.9695700428681444e-05
0.0006,-0.0092,-2.6103161321235975,-0.00017726885412450564,0.00012109738991195286
0.0007,-0.0092,-2.611416054151687,-0.00028645319236836434,0.00020379479644077665
0.0008,-0.0092,-2.6122829064319752,-0.00037503024627484155,0.0002978751172257278
0.0009,-0.0092,-2.612128935802421,-0.0005339578484063935,0.00041021150289248775
0.001,-0.0092,-2.612666123621461,-0.0006638809925687766,0.000506396885510791
0.0011,-0.0092,-2.613989662611014,-0.0008564354452528806,0.0006149529598431054
0.0012,-0.0092,-2.613775722080383,-0.0010668213071039808,0.0007161542322519299
0.0013000000000000002,-0.0092,-2.6148542127044867,-0.0012691684128551446,0.000819027627970695
0.0014,-0.0092,-2.616032631364933,-0.00155356351925076,0.000920468872913606
0.0015,-0.0092,-2.6175112074517832,-0.0018168931080252883,0.001024366634024774
0.0016,-0.0092,-2.6176888246664523,-0.0021164837734046578,0.0011252476234544443
0.0017,-0.0092,-2.6190591074789302,-0.0024303569656821404,0.001230608665366206
0.0018,-0.0092,-2.6206949275146236,-0.0027794167849691147,0.0013228266382760577
0.0019,-0.0092,-2.6222664876773387,-0.0031441365594920196,0.0014383171306666693
0.002,-0.0092,-2.6233938814205615,-0.0035168096047397076,0.001550022303655434
0.0021,-0.0092,-2.6249733320254998,-0.0039757792513085395,0.001629441667632288
0.0022,-0.0092,-2.6263361623524575,-0.004370332321358815,0.001743062674536152
0.0023,-0.0092,-2.62762629431254,-0.004891999003898084,0.001829214339778504
0.0024,-0.0092,-2.6302420551449988,-0.005275902156216733,0.0019512773793293504
0.0025,-0.0092,-2.6323158746514386,-0.00585115141622264,0.002000858071851156
0.0026000000000000003,-0.0092,-2.6346789065552265,-0.0061834649346284775,0.002175939926702845
0.0027,-0.0092,-2.636139632354149,-0.006838384536785209,0.002219667018560409
0.0028,-0.0092,-2.6384342549084225,-0.007324767989851608,0.002276196179799258
0.0029,-0.0092,-2.640469147939834,-0.007862696082786223,0.002264843407065953
0.003,-0.0092,-2.643016873334648,-0.008484817265019378,0.0024170652092617008
0.0031,-0.0092,-2.6456231613940604,-0.009185730164693482,0.0023952797806634438
0.0032,-0.0092,-2.648008126055471,-0.009801209916245416,0.0024047104250513904
0.0033000000000000004,-0.0092,-2.650833357778074,-0.010089749852089245,0.002381574844202492
0.0034,-0.0092,-2.652921087392533,-0.01046997584636148,0.002358938997542387
0.0034999999999999996,-0.0092,-2.6553491520261927,-0.010962192590819327,0.002389884523206978
0.0036,-0.0092,-2.657708714949331,-0.011608513430033614,0.002260892154471955
0.0037,-0.0092,-2.6603466165051874,-0.012062216311236485,0.0022346502369105558
0.0038,-0.0092,-2.6622731797258385,-0.01260032257250454,0.0021892757029780656
0.0039,-0.0092,-2.6643478902715376,-0.012894623386419403,0.0020742311710909805
0.004,-0.0092,-2.665697293282357,-0.01338358297591865,0.0018496392731764547
0.0041,-0.0092,-2.6671691072924126,-0.013763023917519171,0.0017561430705268968
0.0042,-0.0092,-2.669119180683232,-0.014197370230281293,0.0015568974500162398
0.0043,-0.0092,-2.67013528469294,-0.014140687216217133,0.0013942719807084987
0.0044,-0.0092,-2.671286242525584,-0.014698522963750349,0.0012254931017077137
0.0045,-0.0092,-2.6715105548551206,-0.014855738776032433,0.0010049232713872848
0.0046,-0.0092,-2.6719037564347246,-0.014699006240045632,0.0007734938347357293
0.0047,-0.0092,-2.6718541045334017,-0.01518202090735011,0.0005445691262980767
0.0048,-0.0092,-2.6717307797445184,-0.015155509577500378,0.0002858925839251265
0.0049,-0.0092,-2.6714103100333566,-0.015226634518535221,2.9349661925552086e-05
0.005,-0.0092,-2.6711173534489596,-0.01495794553811656,-0.0002356652222514364
0.0051,-0.0092,-2.669943211360745,-0.014837205568036253,-0.0004990903364847839
0.005200000000000001,-0.0092,-2.668814978270695,-0.014755829047056752,-0.0007658795452961661
0.0053,-0.0092,-2.6676842008576327,-0.014936312807360776,-0.0010155959209167344
0.0054,-0.0092,-2.666470039305018,-0.014225575451363574,-0.0013023385043562292
0.0055,-0.0092,-2.6645835133405122,-0.01412804027628381,-0.0015637169013795707
0.0056,-0.0092,-2.6629645473593033,-0.013607919950133269,-0.001821933323572781
0.005700000000000001,-0.0092,-2.661713540158403,-0.013383430772877417,-0.0020581532802478905
0.0058,-0.0092,-2.660262904662295,-0.013046098047734898,-0.002295904071400623
0.0059,-0.0092,-2.6591945933783068,-0.012270647835474924,-0.0024850254410588714
0.006,-0.0092,-2.6582345657513025,-0.011976519524513233,-0.002630573043699143
0.0061,-0.0092,-2.657581503814904,-0.011206544768739977,-0.002946559685218607
0.0062,-0.0092,-2.656846822665864,-0.010817745045418293,-0.003031550903750252
0.0063,-0.0092,-2.656966183190453,-0.010098596831339178,-0.0031360884019872707
0.0064,-0.0092,-2.65719674882004,-0.009691429644030759,-0.003215850075718827
0.006499999999999999,-0.0092,-2.6574998655793816,-0.00915267954800111,-0.0032359283940061774
0.006600000000000001,-0.0092,-2.6585209763501023,-0.008038340841281997,-0.003286293769396058
0.0067,-0.0092,-2.660015320471346,-0.007501478206805565,-0.003234298111107351
0.0068,-0.0092,-2.6616017931260854,-0.006853331553376469,-0.0032248771668145766
0.0069,-0.0092,-2.663505225799051,-0.006285946864926166,-0.003302425447132397
0.006999999999999999,-0.0092,-2.6658875443047614,-0.005517352457733245,-0.003176081649671654
0.007100000000000001,-0.0092,-2.668973652496218,-0.004871681557843558,-0.003064442426756961
0.0072,-0.0092,-2.671820696791322,-0.004219517196189168,-0.002946022217800744
0.0073,-0.0092,-2.6745419441284106,-0.0034420562815388796,-0.0027486508937640767
0.0074,-0.0092,-2.678631345879159,-0.0028109947163684986,-0.0025213868707785617
0.0075,-0.0092,-2.6820283940334844,-0.002266584369223584,-0.002366823030137173
0.0076,-0.0092,-2.6851003721180873,-0.0017625621081084877,-0.002112586486402387
0.0077,-0.0092,-2.688924314470888,-0.0012413209272047294,-0.00188578848649655
0.0078,-0.0092,-2.6925045328760757,-0.0008500164010590225,-0.0016674488344849124
0.0079,-0.0092,-2.695676128291419,-0.00039608764553914334,-0.0014165386753935121
0.008,-0.0092,-2.698680594526982,-1.7528626336711454e-05,-0.0011568555224638383
0.0081,-0.0092,-2.701890178967163,0.0002676328078448815,-0.0009148877643234889
0.0082,-0.0092,-2.7054468884870433,0.0005501681798917341,-0.0006659764123460758
0.0083,-0.0092,-2.7078776672715095,0.0007633114015420863,-0.0004380910816398895
0.0084,-0.0092,-2.710460521555118,0.0009407502818287421,-0.00021652929692283983
0.0085,-0.0092,-2.712120765745813,0.0010601425128425601,-2.305754787369288e-05
0.0086,-0.0092,-2.7146555106268297,0.0011405447884929587,0.00017696990679667585
0.0087,-0.0092,-2.7162213039392245,0.0011792407433278103,0.00037030265946627703
0.0088,-0.0092,-2.717885944909025,0.0011810448534680515,0.0005331432477456018
0.0089,-0.0092,-2.7192179350067756,0.0011369848067636426,0.0006391602839962542
0.009,-0.0092,-2.7199075675724527,0.0010681105653281044,0.0007560402911287638
0.0091,-0.0092,-2.720261315658189,0.000982151802837691,0.000826571252930438
0.0092,-0.0092,-2.7214240964173584,0.0008683308945646368,0.0008811426421906762
0.0093,-0.0092,-2.7212844115415264,0.0007406519706144287,0.0009163194977234876
0.0094,-0.0092,-2.7211452005723764,0.0006054867579752736,0.0008994532636460242
0.0095,-0.0092,-2.721301457794961,0.0004684152968055024,0.000850239652537857
0.0096,-0.0092,-2.7216531559595634,0.00033436851958247257,0.0007707586048998147
0.0097,-0.0092,-2.7210954907746876,0.00021099006821863244,0.0006473460872488229
0.0098,-0.0092,-2.720405184048283,0.0001096467890160007,0.00047564159538627973
0.0099,-0.0092,-2.7203170414375943,3.828934771024071e-05,0.00026536539642896994
0.01,-0.0092,-2.719887721659178,0.0,0.0
0.0,-0.0091,-2.6101492618090383,0.0,0.0
0.0001,-0.0091,-2.611069136907584,-2.5789933461294867e-05,-4.315322591967198e-05
0.0002,-0.0091,-2.611195602088688,1.588465247015197e-05,1.9048798079351545e-06
0.0003,-0.0091,-2.6106776769058415,-7.80191454265152e-05,-4.124678859174806e-05
0.0004,-0.0091,-2.608966031693973,-0.00011360492718153481,3.2776756737296076e-05
0.0005,-0.0091,-2.610047552407451,-0.00015791058040731014,0.00011336408447069199
0.0006,-0.0091,-2.6103281956408235,-0.0002725068861697873,0.00019823809089453953
0.0007,-0.0091,-2.6109322607871084,-0.0004092405543715954,0.0003247167273214853
0.0008,-0.0091,-2.611124102214086,-0.0005464548276996891,0.0004416821719569041
0.0009,-0.0091,-2.6116366961864905,-0.000696070592975648,0.000567500726060282
0.001,-0.0091,-2.6126142504908216,-0.0008934034901759508,0.0006917385025329194
0.0011,-0.0091,-2.6134856306578604,-0.0011370358341795939,0.0008237444235262318
0.0012,-0.0091,-2.613667553807186,-0.0013741733801627355,0.0009515501621374499
0.0013000000000000002,-0.0091,-2.614449282393059,-0.0016212909302554261,0.001081111470819857
0.0014,-0.0091,-2.6158649204501456,-0.0019237458341337917,0.0012036601923529236
0.0015,-0.0091,-2.6166170458174007,-0.002255012435301974,0.00133426101263567
0.0016,-0.0091,-2.617691233277761,-0.0026038034414981774,0.0014630393943276948
0.0017,-0.0091,-2.6194338618608852,-0.0029634611089926805,0.0015875039048570128
0.0018,-0.0091,-2.6198894536423363,-0.003358039199052589,0.0017176663652246522
0.0019,-0.0091,-2.621913352353924,-0.0037845292971629644,0.0018595438683563705
0.002,-0.0091,-2.6224451709638017,-0.004262053380015458,0.0019691426597242627
0.0021,-0.0091,-2.624176634039097,-0.004722769670571068,0.0020506315478640547
0.0022,-0.0091,-2.625973719107033,-0.005167450378788548,0.0021920609033061924
0.0023,-0.0091,-2.6282906541906375,-0.005740696891710963,0.002320830845865709
0.0024,-0.0091,-2.6303402883375373,-0.006390594979342474,0.002453350845774545
0.0025,-0.0091,-2.632334786882972,-0.006864475593103957,0.002645139363772985
0.0026000000000000003,-0.0091,-2.6340237277725365,-0.007370251860573222,0.002706452996679225
0.0027,-0.0091,-2.636644944049695,-0.00794218612154724,0.0026776131350289794
0.0028,-0.0091,-2.6389249918188185,-0.008402564037522892,0.002793973512464864
0.0029,-0.0091,-2.641671284224173,-0.009189969311292848,0.0028437746058662867
0.003,-0.0091,-2.6439289941750563,-0.009783328897072275,0.003016856186497608
0.0031,-0.0091,-2.646391250981125,-0.010422780514333825,0.002939335121736986
0.0032,-0.0091,-2.6492647367386986,-0.01084833270252708,0.003035012931638721
0.0033000000000000004,-0.0091,-2.652283211678057,-0.011452522393005574,0.0029743455157111307
0.0034,-0.0091,-2.6544876701972844,-0.011946455704202273,0.002848859036375118
0.0034999999999999996,-0.0091,-2.657709249552122,-0.012579739810523516,0.00289673069516382
0.0036,-0.0091,-2.6604755435152567,-0.013033100613871704,0.002762712226797898
0.0037,-0.0091,-2.661994165479923,-0.013666091358446004,0.002702331809601161
0.0038,-0.0091,-2.664992513085479,-0.014068863985733135,0.00256099857045725
0.0039,-0.0091,-2.6674182339206705,-0.014467747512521207,0.002389498465920914
0.004,-0.0091,-2.6693228550417905,-0.014761524184915283,0.0022921980122212944
0.0041,-0.0091,-2.6706364529420807,-0.015389068744681334,0.002064492914857614
0.0042,-0.0091,-2.6735578568678875,-0.01562049327859979,0.0019155642802261737
0.0043,-0.0091,-2.6744811116049827,-0.015826076698477954,0.0016569974954519083
0.0044,-0.0091,-2.675080625470227,-0.016238664470683017,0.00147340739332891
0.0045,-0.0091,-2.6770742140167023,-0.01663331661395807,0.00118465086150409
0.0046,-0.0091,-2.6762464110613164,-0.016650538411191164,0.0009164216528171295
0.0047,-0.0091,-2.676871131561104,-0.016753735979333006,0.0006210585960812986
0.0048,-0.0091,-2.6768182262785634,-0.016866431417595862,0.00032831166142418926
0.0049,-0.0091,-2.6759973501581276,-0.016994296673874785,9.24065251432368e-06
0.005,-0.0091,-2.675560194370763,-0.01685623998423578,-0.00029214243111228775
0.0051,-0.0091,-2.675592630149511,-0.016757988934384904,-0.0006053796745613413
0.005200000000000001,-0.0091,-2.673277255979186,-0.016361061394118817,-0.000957014170890294
0.0053,-0.0091,-2.6723104497032795,-0.016119043976055607,-0.0012510000885752734
0.0054,-0.0091,-2.671800057000116,-0.015950698261943758,-0.0015820986544091546
0.0055,-0.0091,-2.669293675284211,-0.01588295117247713,-0.0018892471597276403
0.0056,-0.0091,-2.6684473266539896,-0.015386207954496392,-0.0021755212684823754
0.005700000000000001,-0.0091,-2.666241787271587,-0.015000765115658116,-0.0024528010602466624
0.0058,-0.0091,-2.665038740506822,-0.014501933115085153,-0.0027264611533527323
0.0059,-0.0091,-2.664136161300083,-0.014028565593760867,-0.002963546829345449
0.006,-0.0091,-2.662453926897949,-0.013809533970944221,-0.003237412168982011
0.0061,-0.0091,-2.6615443841436313,-0.012777644078322338,-0.0033702203941899734
0.0062,-0.0091,-2.6603399429857593,-0.012285634547242116,-0.0035662055078325423
0.0063,-0.0091,-2.6606285871219084,-0.011562614976468103,-0.00375425797803018
0.0064,-0.0091,-2.6606279617035824,-0.010968249535476045,-0.00381804056080364
0.006499999999999999,-0.0091,-2.660420284910884,-0.010318407747080495,-0.004047778737778786
0.006600000000000001,-0.0091,-2.661627233681248,-0.009714936799063465,-0.00412923873119866
0.0067,-0.0091,-2.6625522442419163,-0.009006708062607362,-0.00394512155395231
0.0068,-0.0091,-2.6641811141306673,-0.008213314927961712,-0.004062683790782735
0.0069,-0.0091,-2.6659860967070714,-0.0073469894479056596,-0.003918586745450978
0.006999999999999999,-0.0091,-2.668304553189333,-0.006577101141736115,-0.003903339713588326
0.007100000000000001,-0.0091,-2.670798534224085,-0.005988707448077811,-0.003798647404256355
0.0072,-0.0091,-2.6733487245797485,-0.005222549066064339,-0.003593841689391449
0.0073,-0.0091,-2.6764670311609313,-0.004606761690330164,-0.0033216884180022194
0.0074,-0.0091,-2.6801678757219225,-0.0039043853870832494,-0.003188410555014938
0.0075,-0.0091,-2.6835793309623033,-0.003214270823251812,-0.00290544613283647
0.0076,-0.0091,-2.6869621688129968,-0.002632778957116973,-0.002705775636604903
0.0077,-0.0091,-2.689909749602944,-0.002076009833762525,-0.0024190431624133285
0.0078,-0.0091,-2.693524009012269,-0.0014629281382249797,-0.0021114412426928094
0.0079,-0.0091,-2.6969179576121096,-0.0010086110811547652,-0.0018267470865659622
0.008,-0.0091,-2.700330119919176,-0.0006109529655614239,-0.0015285239985382774
0.0081,-0.0091,-2.703154957602353,-0.0002327655066609041,-0.0012304092682738103
0.0082,-0.0091,-2.706289502054948,0.00010730926049801405,-0.0009378862762657148
0.0083,-0.0091,-2.7089106377190486,0.0003750733976006149,-0.0006478634319860833
0.0084,-0.0091,-2.7112371920718434,0.0006137176064392106,-0.0003797218638559972
0.0085,-0.0091,-2.713474843670225,0.0007830925868971752,-0.00013031139419526303
0.0086,-0.0091,-2.7157913416956276,0.0009129016619054968,9.02353204245759e-05
0.0087,-0.0091,-2.717500447212763,0.000978669003977551,0.0003157786694377508
0.0088,-0.0091,-2.7181406299049895,0.0010120385570016332,0.0005268208421698887
0.0089,-0.0091,-2.7193939346341187,0.0010080504674054552,0.0006923986725063492
0.009,-0.0091,-2.720635630980649,0.0009653450238226897,0.0008184057222564204
0.0091,-0.0091,-2.721229967229421,0.0008979282730473937,0.0009334983342403708
0.0092,-0.0091,-2.722038265355908,0.000814514199169138,0.0010083173862877098
0.0093,-0.0091,-2.7229704946621855,0.0007038751553317393,0.001045174304570315
0.0094,-0.0091,-2.723618945263603,0.0005729512677515386,0.0010329858958946449
0.0095,-0.0091,-2.722536629315621,0.0004432257849104755,0.0009787675663216096
0.0096,-0.0091,-2.722677437988724,0.0003192081041348231,0.0008876776612373298
0.0097,-0.0091,-2.722144775631892,0.00020149213510207528,0.0007556127148214587
0.0098,-0.0091,-2.7214647352675407,0.00010490919091431239,0.0005668962653536466
0.0099,-0.0091,-2.7207600127624563,3.630341981473625e-05,0.00031584650675805934
0.01,-0.0091,-2.720321483473967,0.0,0.0
0.0,-0.009,-2.6087256565081987,0.0,0.0
0.0001,-0.009,-2.608823690539425,4.703025207407233e-07,-2.9391803165035574e-05
0.0002,-0.009,-2.609462965617565,-3.282168215921587e-05,-3.546275607181053e-05
0.0003,-0.009,-2.6088878524619616,-8.205054879205613e-05,1.776575680230083e-06
0.0004,-0.009,-2.608407973956,-0.00013467693596611816,8.226595139331165e-05
0.0005,-0.009,-2.608472299866067,-0.0002455715903788125,0.00020905453231793923
0.0006,-0.009,-2.6096918240121756,-0.000367187124373817,0.00035241354065803005
0.0007,-0.009,-2.6104103668296417,-0.0005411570859264541,0.0004654861215031111
0.0008,-0.009,-2.610603505917619,-0.0007142517175690835,0.0006248308658340862
0.0009,-0.009,-2.6115991926842184,-0.0009179888528079217,0.0007703922878028344
0.001,-0.009,-2.611960579355712,-0.0011521087256693454,0.0009212326591745608
0.0011,-0.009,-2.6125740781960713,-0.0014020602970939969,0.0010743989005114042
0.0012,-0.009,-2.6139778910764617,-0.0017145677868467377,0.0012301152509903849
0.0013000000000000002,-0.009,-2.6139571022185217,-0.0020190637113434973,0.0013815300746364955
0.0014,-0.009,-2.6152001936145752,-0.0023533652545308487,0.0015389401248598806
0.0015,-0.009,-2.6165068385175125,-0.0027197971013289794,0.0016865414936878785
0.0016,-0.009,-2.6170952388213764,-0.0031162191748236538,0.001843894603724851
0.0017,-0.009,-2.618167965681044,-0.0035404253402781328,0.00198904942905995
0.0018,-0.009,-2.6195357318469403,-0.0039627892180381956,0.002140281394019384
0.0019,-0.009,-2.621427235254634,-0.004451481401870228,0.0023238672419485062
0.002,-0.009,-2.6229912129347643,-0.004970554698000049,0.002483772885706276
0.0021,-0.009,-2.624512279185736,-0.005494074357488149,0.0026440591805353426
0.0022,-0.009,-2.6262605617493318,-0.006117356290284756,0.002745389817358223
0.0023,-0.009,-2.627933282212276,-0.006651657147063059,0.002847580204514779
0.0024,-0.009,-2.6300982877275048,-0.007199537307379153,0.003020727795896891
0.0025,-0.009,-2.632734906455444,-0.00795188842231719,0.003015482711232029
0.0026000000000000003,-0.009,-2.6352540045884614,-0.008354864174991804,0.003299472497131214
0.0027,-0.009,-2.637415217167893,-0.009142049573287403,0.0034187569154887267
0.0028,-0.009,-2.639639951710561,-0.00948279386461571,0.003543031218651023
0.0029,-0.009,-2.6427532809675314,-0.010166564373705278,0.003467205659018039
0.003,-0.009,-2.645510334523477,-0.010977220290651728,0.0035046500083654865
0.0031,-0.009,-2.6483164799028938,-0.011769573330321137,0.0035105024739800895
0.0032,-0.009,-2.65123024490556,-0.012104352004436915,0.003574968142903802
0.0033000000000000004,-0.009,-2.6547909999191948,-0.012744503689789594,0.0034559236250377694
0.0034,-0.009,-2.657645818284199,-0.013569426000148445,0.0034948802284702563
0.0034999999999999996,-0.009,-2.6604828248740375,-0.013874164496083972,0.003380589824316155
0.0036,-0.009,-2.6633587949847666,-0.014532033541483289,0.003369306254690028
0.0037,-0.009,-2.6660601390848644,-0.015000271293052293,0.0032052484408217766
0.0038,-0.009,-2.66818124859173,-0.015439225678186933,0.003121459427438178
0.0039,-0.009,-2.672107963003346,-0.01627552964080835,0.0029279365739931333
0.004,-0.009,-2.6734152574931134,-0.016491516818408325,0.0027079014286583466
0.0041,-0.009,-2.6751935264950504,-0.016837272297008134,0.002471779822912589
0.0042,-0.009,-2.6783152714070515,-0.017498516649602235,0.0022412779017082006
0.0043,-0.009,-2.680682478576309,-0.017336854047420004,0.0019654306657815503
0.0044,-0.009,-2.6811141906636773,-0.017978609452879976,0.0016820490665348407
0.0045,-0.009,-2.6807005330753433,-0.018191686773783917,0.0013812838713969482
0.0046,-0.009,-2.6829417257468626,-0.018392961651640834,0.0010581100652897715
0.0047,-0.009,-2.683993408370434,-0.01859814315677453,0.0007234423216582871
0.0048,-0.009,-2.681544763717147,-0.018459193685823837,0.00036864839191377515
0.0049,-0.009,-2.6843468199612013,-0.018372375595901654,1.432116329163893e-05
0.005,-0.009,-2.681716757367698,-0.01826134450058992,-0.0003559260935425354
0.0051,-0.009,-2.681350154550644,-0.01848360633139419,-0.0007233294453372767
0.005200000000000001,-0.009,-2.679704070675149,-0.018283298901161423,-0.001102589176587511
0.0053,-0.009,-2.679302503750616,-0.018086248875398586,-0.0014856308753104495
0.0054,-0.009,-2.6770723944460477,-0.017796946589617984,-0.0018506131921923496
0.0055,-0.009,-2.6750501132359923,-0.017537065046160146,-0.0022073732930131813
0.0056,-0.009,-2.6728189625254384,-0.01714547018313085,-0.0025359381673141675
0.005700000000000001,-0.009,-2.6723368588248393,-0.016688603061439978,-0.0029034271229903285
0.0058,-0.009,-2.6718575951553154,-0.016175260510919505,-0.0032106149860608676
0.0059,-0.009,-2.6695330129455996,-0.016023650090739524,-0.0034557060909607244
0.006,-0.009,-2.6677054052873084,-0.015057950037626847,-0.003780563631367305
0.0061,-0.009,-2.6661327939540627,-0.014760916536915287,-0.004000853836773192
0.0062,-0.009,-2.6653339985855418,-0.014061807862871875,-0.00422193846523275
0.0063,-0.009,-2.664868130349111,-0.013270809416921376,-0.004384782280799574
0.0064,-0.009,-2.665124898792621,-0.012385457545308768,-0.00456237662835561
0.006499999999999999,-0.009,-2.665327747367082,-0.011787772889228831,-0.004710862419694025
0.006600000000000001,-0.009,-2.6643546006332075,-0.011295154953255665,-0.004768585128790079
0.0067,-0.009,-2.666114646146423,-0.01021569230142702,-0.004768768357419644
0.0068,-0.009,-2.6669569350486086,-0.009683374129307566,-0.004867467605434073
0.0069,-0.009,-2.6690722243959555,-0.009013737493945802,-0.004798873971945414
0.006999999999999999,-0.009,-2.6712761014428206,-0.00787067444777873,-0.004588681611936815
0.007100000000000001,-0.009,-2.67305033252088,-0.007120700144456236,-0.004498924618003737
0.0072,-0.009,-2.6757148632491337,-0.006394761097010993,-0.004249947640806647
0.0073,-0.009,-2.6785730358397664,-0.005525641592322189,-0.004106033907586192
0.0074,-0.009,-2.681604912606979,-0.004794316828624265,-0.0038283360130720295
0.0075,-0.009,-2.685650166130663,-0.004162891391738049,-0.0036107334964110534
0.0076,-0.009,-2.688450708859986,-0.003496017283870799,-0.003299885964476991
0.0077,-0.009,-2.691907503620811,-0.0028340350647159023,-0.0030313284231856183
0.0078,-0.009,-2.69517232788417,-0.002227948770764597,-0.002619745981704578
0.0079,-0.009,-2.6978340740491054,-0.0017560466929556304,-0.0023087206700094383
0.008,-0.009,-2.7014747893774644,-0.0012304753593597951,-0.0019573382807621504
0.0081,-0.009,-2.7050430718387624,-0.0007713019034635189,-0.0016229138091444235
0.0082,-0.009,-2.7074381412030637,-0.0004063130632843838,-0.0012724240298113915
0.0083,-0.009,-2.710111570226139,-7.115829924914689e-05,-0.000936480249902972
0.0084,-0.009,-2.7127912012542885,0.00021055116644304526,-0.000619909582773945
0.0085,-0.009,-2.7144198703628586,0.00043587290932630644,-0.00029749125559815006
0.0086,-0.009,-2.7168941169616825,0.0006155127985562318,-7.794137295749626e-07
0.0087,-0.009,-2.7183375381463644,0.0007296705818990335,0.00023487122708981646
0.0088,-0.009,-2.7198417373690797,0.000797011989020182,0.0004763549534631864
0.0089,-0.009,-2.7208452113905386,0.0008350852528153486,0.0007008148213855878
0.009,-0.009,-2.721697626273247,0.0008316220407313479,0.0008548094391797927
0.0091,-0.009,-2.7229553787996585,0.0007909359264167623,0.0009987394495156836
0.0092,-0.009,-2.7233385372740795,0.0007254007602975534,0.0010904357147514393
0.0093,-0.009,-2.7248218544519434,0.0006314898859630131,0.0011488511496365581
0.0094,-0.009,-2.72319212985378,0.0005225076241933789,0.0011724302415719796
0.0095,-0.009,-2.7215457671424197,0.000421230730379959,0.0011230234284756902
0.0096,-0.009,-2.722115578702021,0.0002997414285802034,0.0010312588894986357
0.0097,-0.009,-2.7228484131773314,0.00018591259079697503,0.0008586838022098004
0.0098,-0.009,-2.722442655152135,9.792203863436432e-05,0.0006469415270912511
0.0099,-0.009,-2.721529005001158,3.397031757314798e-05,0.00036192287220109714
0.01,-0.009,-2.721280428125349,0.0,0.0
0.0,-0.0089,-2.6074777348447995,0.0,0.0
0.0001,-0.0089,-2.609325810680343,4.787309621222344e-07,-4.7428262292445285e-05
0.0002,-0.0089,-2.6081065163778216,-5.435844393057991e-05,9.11550213651773e-05
0.0003,-0.0089,-2.6081761445855585,-0.000109443413666651,7.701815022897931e-05
0.0004,-0.0089,-2.608424720668829,-0.00021402682269311586,0.00023001029225865855
0.0005,-0.0089,-2.6092157433253624,-0.0003344619628237367,0.00033340989165645934
0.0006,-0.0089,-2.6094714114693773,-0.0004932016812398201,0.0004928481623516744
0.0007,-0.0089,-2.6099256514066274,-0.0006946288802409669,0.0006560036837183255
0.0008,-0.0089,-2.609990334858726,-0.0009202223092691349,0.0008327004338666449
0.0009,-0.0089,-2.6111200464348956,-0.0011567939085847902,0.0010104074129939134
0.001,-0.0089,-2.6114864839854723,-0.001421854769160813,0.0011887619219574964
0.0011,-0.0089,-2.611881360484903,-0.0017067054832655985,0.0013701171647933809
0.0012,-0.0089,-2.6129891997900474,-0.0020441673892496936,0.001556544254209792
0.0013000000000000002,-0.0089,-2.613556993800561,-0.002412764248807476,0.0017309458290672626
0.0014,-0.0089,-2.613783196826994,-0.0028044865310981994,0.0019117058853954719
0.0015,-0.0089,-2.615552799401864,-0.003218747694552598,0.0020884312144048003
0.0016,-0.0089,-2.6170484153601596,-0.0036561068929270683,0.002272652658339958
0.0017,-0.0089,-2.6183205520947137,-0.004140596684780574,0.0024946496297901227
0.0018,-0.0089,-2.618803868521075,-0.00461980245785004,0.0026298283913394303
0.0019,-0.0089,-2.620594042835189,-0.0051288195663749545,0.0027615410500525803
0.002,-0.0089,-2.622800133005555,-0.0057113145119973945,0.0029557901678724987
0.0021,-0.0089,-2.624409867311284,-0.006216524090273661,0.003195946194808603
0.0022,-0.0089,-2.6263859320934118,-0.006918167945466952,0.00336906541867342
0.0023,-0.0089,-2.628305249634891,-0.007338087677936586,0.003497138964196202
0.0024,-0.0089,-2.6309779801936024,-0.00813582950313395,0.0037382863082658655
0.0025,-0.0089,-2.6329655610313045,-0.008822909181508676,0.003662135366315976
0.0026000000000000003,-0.0089,-2.6357241755402554,-0.009501069067995731,0.0037928690047380775
0.0027,-0.0089,-2.6386892969393885,-0.010140836626942965,0.004011775098998309
0.0028,-0.0089,-2.6414453607331767,-0.010929225857022627,0.004009732447320384
0.0029,-0.0089,-2.6448814257565862,-0.011471627531972662,0.00420283421231598
0.003,-0.0089,-2.6477593782485154,-0.01222018599028686,0.004177102393557004
0.0031,-0.0089,-2.6503532042675224,-0.012789277649715975,0.004292217626332209
0.0032,-0.0089,-2.6542593997908934,-0.0136093619942603,0.00419533160263329
0.0033000000000000004,-0.0089,-2.658151796750427,-0.014141163523940133,0.004189299179742064
0.0034,-0.0089,-2.660928532252872,-0.01471585339668711,0.0040907842297286685
0.0034999999999999996,-0.0089,-2.664279011637369,-0.015603680025087531,0.003970460313347054
0.0036,-0.0089,-2.6670563914476118,-0.01604045258535124,0.0038511834916808117
0.0037,-0.0089,-2.669901342149106,-0.01647856735488769,0.0037376325054035127
0.0038,-0.0089,-2.6744359562732507,-0.016960442852905617,0.0036094521883713545
0.0039,-0.0089,-2.6780112236801012,-0.017784176632203632,0.003350369970038948
0.004,-0.0089,-2.6788336925149223,-0.017970905919927567,0.0031446804524615304
0.0041,-0.0089,-2.681357712799012,-0.018556589457890772,0.0028840360192600462
0.0042,-0.0089,-2.681618298467655,-0.018789388810184215,0.002605073714958977
0.0043,-0.0089,-2.6865778249556955,-0.019063884565255887,0.002277575449849189
0.0044,-0.0089,-2.6880462751706635,-0.019591500268158413,0.0019451954816143955
0.0045,-0.0089,-2.6896398800756702,-0.019772424225590945,0.0015923282210305754
0.0046,-0.0089,-2.689406775131542,-0.019931050723372937,0.001221110346532119
0.0047,-0.0089,-2.6918951056944387,-0.01994339949557076,0.0008297945251464052
0.0048,-0.0089,-2.69045975436726,-0.020018038287545416,0.0004214782083815705
0.0049,-0.0089,-2.6890033141307743,-0.020298553195359916,1.9069620455832664e-05
0.005,-0.0089,-2.690445333192613,-0.02011024891050007,-0.00040519376816561866
0.0051,-0.0089,-2.6906076056456283,-0.02004932999693552,-0.0008307702968509102
0.005200000000000001,-0.0089,-2.6867044602864945,-0.019995870462284317,-0.001269365717511839
0.0053,-0.0089,-2.687311153145664,-0.019643328000515728,-0.0016940681035773936
0.0054,-0.0089,-2.6858023928292316,-0.019589061800328024,-0.0021010786756448735
0.0055,-0.0089,-2.6847875796358336,-0.01911522551691755,-0.0025046034088547085
0.0056,-0.0089,-2.681685275548845,-0.018854532269888993,-0.0029203603447379837
0.005700000000000001,-0.0089,-2.6796475952472174,-0.018573302982324465,-0.0033398373262141894
0.0058,-0.0089,-2.678260108816147,-0.018029504646816307,-0.0037070703590288095
0.0059,-0.0089,-2.676704329381775,-0.01739465243946185,-0.004039666635487871
0.006,-0.0089,-2.6757420953997544,-0.017020828278645508,-0.004398101117063641
0.0061,-0.0089,-2.673605215820121,-0.01636130862048405,-0.0047029744711395175
0.0062,-0.0089,-2.6720703573347078,-0.015842908219894463,-0.0049266465419642415
0.0063,-0.0089,-2.6711329851258623,-0.015036953822830962,-0.005175529218212828
0.0064,-0.0089,-2.66981968002056,-0.014382785318433566,-0.005330411584823432
0.006499999999999999,-0.0089,-2.6704237904727,-0.013490613982550442,-0.00544885868752347
0.006600000000000001,-0.0089,-2.6703697180082036,-0.012713161130361653,-0.005545193361261522
0.0067,-0.0089,-2.6707511403551396,-0.01187847306543975,-0.0056496108896030685
0.0068,-0.0089,-2.6717623512935096,-0.010917708674861738,-0.005572839496359303
0.0069,-0.0089,-2.673067610797032,-0.010166457160644713,-0.005580406361443066
0.006999999999999999,-0.0089,-2.6743454301112664,-0.00928506001020712,-0.00544538986398699
0.007100000000000001,-0.0089,-2.675704023218452,-0.00864511693407174,-0.005318212235641511
0.0072,-0.0089,-2.678644309126459,-0.007828874815639717,-0.0051547765358041
0.0073,-0.0089,-2.6806354299221526,-0.006750488387995738,-0.004871341551818097
0.0074,-0.0089,-2.6840421641949828,-0.0060752916668875695,-0.004667942601704198
0.0075,-0.0089,-2.6875250842647223,-0.005170014122989031,-0.004296725306151538
0.0076,-0.0089,-2.69043049687563,-0.004525980077198423,-0.003986820066535277
0.0077,-0.0089,-2.6931868368599763,-0.0038181784671059526,-0.003634186270474774
0.0078,-0.0089,-2.6965495024068797,-0.0031303349622956392,-0.00325183149856116
0.0079,-0.0089,-2.7001472961678026,-0.0024891668362423377,-0.0028612393121150177
0.008,-0.0089,-2.7029484317255195,-0.001955163019498872,-0.0024720288711163017
0.0081,-0.0089,-2.706128176031566,-0.0013917162513773851,-0.0020730976617374455
0.0082,-0.0089,-2.7090107340699214,-0.001004792610607518,-0.0016499453131956648
0.0083,-0.0089,-2.7112814481943657,-0.0005874035323693478,-0.0012739576934537662
0.0084,-0.0089,-2.713725939585303,-0.00023030155504287757,-0.0008955269012828515
0.0085,-0.0089,-2.7159119525139364,5.373958257823891e-05,-0.0005273757837164252
0.0086,-0.0089,-2.718196274747384,0.0002666638932941042,-0.00018871924586983
0.0087,-0.0089,-2.71981049562685,0.00043233005728331424,0.00011033831437181298
0.0088,-0.0089,-2.7210606363148644,0.0005659483557645255,0.0004196751378618146
0.0089,-0.0089,-2.722224862477669,0.000638479887562832,0.0006636526825707974
0.009,-0.0089,-2.723174428721309,0.0006599748453047856,0.000865839516493837
0.0091,-0.0089,-2.723955589284368,0.0006544588281131103,0.0010335407820904524
0.0092,-0.0089,-2.723655484949425,0.0006222386496569125,0.0011480540159607207
0.0093,-0.0089,-2.7250781071846566,0.0005506402520209186,0.0012410888839378912
0.0094,-0.0089,-2.725786441734622,0.0004813074438688305,0.001290407010797279
0.0095,-0.0089,-2.7266058568130047,0.00037647131697821296,0.0012534651344383826
0.0096,-0.0089,-2.725946130100657,0.000253276758685259,0.0011282727884290617
0.0097,-0.0089,-2.7248379580060607,0.0001694793556134195,0.000971748300780155
0.0098,-0.0089,-2.723215187622134,8.995377984406276e-05,0.0007178112135838531
0.0099,-0.0089,-2.7233275940800947,3.2643701386295e-05,0.0004033359406203886
0.01,-0.0089,-2.72311802824236,0.0,0.0
0.0,-0.0088,-2.6117609311089436,0.0,0.0
0.0001,-0.0088,-2.6107360599003373,1.4277656045564252e-05,7.357726191511705e-05
0.0002,-0.0088,-2.6091551512813016,-0.00010120353564227084,5.4923343091106e-05
0.0003,-0.0088,-2.606364747710287,-0.00015035026103830878,0.00020253637119427016
0.0004,-0.0088,-2.607981103951405,-0.0002753582720811686,0.0003001060021352366
0.0005,-0.0088,-2.607876019803063,-0.0004321888692946675,0.0005109670330193615
0.0006,-0.0088,-2.608690311472794,-0.0006165546598821321,0.0006719526994238607
0.0007,-0.0088,-2.6091376166076077,-0.0008586905820306312,0.0008862200410421963
0.0008,-0.0088,-2.609615587987642,-0.0011215516242907737,0.0010742907767840296
0.0009,-0.0088,-2.610619780410327,-0.0013811717916798838,0.0012882299092440196
0.001,-0.0088,-2.611592576873853,-0.001693187156433529,0.0014963783265941845
0.0011,-0.0088,-2.611566160868779,-0.0020552883473466434,0.00170533118643504
0.0012,-0.0088,-2.612391433277332,-0.0024133427601478333,0.0019097681630930081
0.0013000000000000002,-0.0088,-2.613725433883396,-0.0028282501679696113,0.0021146875076738
0.0014,-0.0088,-2.614104007986825,-0.003258294890534197,0.0023412680126429636
0.0015,-0.0088,-2.6152842351635153,-0.0037374393145750483,0.0025591963445263104
0.0016,-0.0088,-2.61692348627478,-0.004255308127135429,0.0027704920235870644
0.0017,-0.0088,-2.6181140517134667,-0.004793234487726652,0.003003088004518817
0.0018,-0.0088,-2.619247974185035,-0.0052864724137683524,0.003197191431044192
0.0019,-0.0088,-2.621348753283391,-0.005953111561324487,0.0033934446081540152
0.002,-0.0088,-2.6233008116255454,-0.006420896569736362,0.003600435201656377
0.0021,-0.0088,-2.6244777106785677,-0.007210770148822716,0.0036996141670923785
0.0022,-0.0088,-2.627113840015512,-0.007635055140992639,0.00402485133136035
0.0023,-0.0088,-2.6290868994322905,-0.008541926971413196,0.004182448788264642
0.0024,-0.0088,-2.6316585729560535,-0.009116113506034074,0.004292818677589999
0.0025,-0.0088,-2.634511694168675,-0.009951816092644164,0.0045413557550863515
0.0026000000000000003,-0.0088,-2.6375251318872466,-0.010431662260539695,0.004626791036056385
0.0027,-0.0088,-2.640440571600725,-0.011222985770895479,0.004617358619445844
0.0028,-0.0088,-2.6439433208703114,-0.01197013859815093,0.004886290800799712
0.0029,-0.0088,-2.6468554449570045,-0.012861499276576066,0.00481849159404668
0.003,-0.0088,-2.6508269151759714,-0.013456971737206858,0.004898105212918351
0.0031,-0.0088,-2.6544333156191424,-0.014039729822718823,0.004849117526680415
0.0032,-0.0088,-2.6578840162236146,-0.014710055835901509,0.004888536911141566
0.0033000000000000004,-0.0088,-2.6609961676456306,-0.015592043914062074,0.00485112378754672
0.0034,-0.0088,-2.666087491248565,-0.016147822578822354,0.004789351600320616
0.0034999999999999996,-0.0088,-2.669317948837228,-0.016850204693598502,0.0046544433430846304
0.0036,-0.0088,-2.6733494767318335,-0.017433427990947686,0.0044747455429659504
0.0037,-0.0088,-2.676376758181279,-0.018066150105487705,0.004311893136047361
0.0038,-0.0088,-2.679618893735899,-0.018466977690037023,0.004085559899780898
0.0039,-0.0088,-2.681583506323452,-0.018965606126998196,0.00382794354988541
0.004,-0.0088,-2.684502425018272,-0.019516601562227905,0.003604083612977342
0.0041,-0.0088,-2.6899127521746533,-0.02000003163545394,0.0032735607783686256
0.0042,-0.0088,-2.692369693329374,-0.020336675140888383,0.0029544646252730672
0.0043,-0.0088,-2.6929284298919107,-0.020676293677377097,0.0026146871056882954
0.0044,-0.0088,-2.6969204283281427,-0.021074528543749974,0.0022144776095986882
0.0045,-0.0088,-2.6978092380626815,-0.02132867923700839,0.0018306337595302927
0.0046,-0.0088,-2.699162855686562,-0.021639261170439808,0.0013964488641995806
0.0047,-0.0088,-2.698011254033337,-0.02177787004170236,0.0009506677874601331
0.0048,-0.0088,-2.6998474607651795,-0.021758804772901402,0.0005077474090065987
0.0049,-0.0088,-2.702013843432227,-0.021742909757622664,2.799779485523667e-05
0.005,-0.0088,-2.698251336262192,-0.02169852117715661,-0.0004500557533108594
0.0051,-0.0088,-2.7002805689114413,-0.021876266001753308,-0.0009214506646506052
0.005200000000000001,-0.0088,-2.6978266794101375,-0.021632190679300264,-0.0014146939364752115
0.0053,-0.0088,-2.697293540059448,-0.021464465839187746,-0.0018935451076188933
0.0054,-0.0088,-2.696087395368044,-0.021256310941229845,-0.002363045162120977
0.0055,-0.0088,-2.693822187657372,-0.020896946683326798,-0.002855944222009849
0.0056,-0.0088,-2.6919775719273007,-0.020533544816463356,-0.00330165775037466
0.005700000000000001,-0.0088,-2.689805151548231,-0.02022826781231134,-0.003712543312903263
0.0058,-0.0088,-2.686473449550379,-0.019703978233559225,-0.004164770698405118
0.0059,-0.0088,-2.683789234692072,-0.019140047639931546,-0.004567028051890744
0.006,-0.0088,-2.683387729944397,-0.01878063726867715,-0.004975506729460483
0.0061,-0.0088,-2.678946075336668,-0.0178970724539295,-0.005270107959854824
0.0062,-0.0088,-2.678736397472844,-0.017471214617328635,-0.005564318868283122
0.0063,-0.0088,-2.679556487024011,-0.016830839617320226,-0.005921318428734422
0.0064,-0.0088,-2.6774907145637936,-0.016037069669647793,-0.0060708683031423785
0.006499999999999999,-0.0088,-2.6763539880032368,-0.015085413777009305,-0.006236832215291664
0.006600000000000001,-0.0088,-2.6767222118907577,-0.014244063308253877,-0.0063952212287320415
0.0067,-0.0088,-2.6766879332414075,-0.01353017085447769,-0.006476490418666109
0.0068,-0.0088,-2.676207429139053,-0.012655742532822032,-0.006525504263278911
0.0069,-0.0088,-2.67732752298254,-0.011796895491681288,-0.006508236199225257
0.006999999999999999,-0.0088,-2.6794372132475255,-0.010878052533893548,-0.006329574231190172
0.007100000000000001,-0.0088,-2.680526746285885,-0.009811228713610641,-0.006213851631301064
0.0072,-0.0088,-2.6824946498359257,-0.00904503532705589,-0.005969941398861227
0.0073,-0.0088,-2.6844747636051225,-0.008200469221604367,-0.005801987297477049
0.0074,-0.0088,-2.687030468402794,-0.007512631783864256,-0.005551300599676121
0.0075,-0.0088,-2.689749110325653,-0.006453227278825933,-0.005169534891414417
0.0076,-0.0088,-2.6928201003898447,-0.005431514070490171,-0.004744009139267754
0.0077,-0.0088,-2.695595801177721,-0.004734274173919291,-0.004399807489420283
0.0078,-0.0088,-2.6988858786345413,-0.0040736666814917945,-0.0039093833037135125
0.0079,-0.0088,-2.701813244472506,-0.0033053815789315464,-0.003481326382131748
0.008,-0.0088,-2.7048512625994525,-0.0026715508491335833,-0.0030559291884271855
0.0081,-0.0088,-2.7078916119786776,-0.0021681541899870324,-0.002576607940707432
0.0082,-0.0088,-2.710464292210967,-0.0016109039910338738,-0.002116625685380242
0.0083,-0.0088,-2.713066258149608,-0.0011381727972798934,-0.0016661902044048612
0.0084,-0.0088,-2.7157208116281737,-0.000719558302813568,-0.0012239840397159662
0.0085,-0.0088,-2.717777643934493,-0.0003970372602473875,-0.0008202732099718183
0.0086,-0.0088,-2.7199268172709683,-0.00011396553484955969,-0.00040670477055955033
0.0087,-0.0088,-2.7213390473045322,0.00011628786493818686,-5.3915381640048165e-05
0.0088,-0.0088,-2.7225149026078848,0.0002807284740705761,0.0002785335944723376
0.0089,-0.0088,-2.72351468110969,0.0004020462681093918,0.0005938396269037989
0.009,-0.0088,-2.724365468250291,0.00047340102591597014,0.0008431090110912112
0.0091,-0.0088,-2.7254678276347515,0.0005024079024107981,0.0010437232452248236
0.0092,-0.0088,-2.726154643418884,0.0004984099508563343,0.0011918948765339906
0.0093,-0.0088,-2.7261931452238635,0.00046730274971904033,0.0012700922156323475
0.0094,-0.0088,-2.7287026046595644,0.0003985380135120185,0.0013166885069127534
0.0095,-0.0088,-2.7266131498076205,0.00028846651846078323,0.0012941001729604655
0.0096,-0.0088,-2.7250703523556536,0.00023092286921288122,0.0011993815613758885
0.0097,-0.0088,-2.7259392689837427,0.0001630590680895688,0.001028434139895502
0.0098,-0.0088,-2.724964476353295,8.173948668348443e-05,0.0007846239894367477
0.0099,-0.0088,-2.724073849790345,2.9268182806653284e-05,0.00044406842001199203
0.01,-0.0088,-2.724301107862944,0.0,0.0
0.0,-0.0087,-2.6128042985180366,0.0,0.0
0.0001,-0.0087,-2.607396652783065,-3.1803315633577116e-05,4.511365572816128e-06
0.0002,-0.0087,-2.6070639265968287,-8.720263750952904e-05,0.00011872142184632846
0.0003,-0.0087,-2.60610665651865,-0.00021353948934382588,0.00027535415277878534
0.0004,-0.0087,-2.6070965164745936,-0.0003483671449267241,0.0005226841973315266
0.0005,-0.0087,-2.6074537589573996,-0.0005287212580274663,0.0007117269312100127
0.0006,-0.0087,-2.607807095664308,-0.0007615117154464564,0.000899239839170142
0.0007,-0.0087,-2.608128395466413,-0.0010200198661598724,0.0011337554853037915
0.0008,-0.0087,-2.609040980272419,-0.0013008706346861725,0.0013729497540785744
0.0009,-0.0087,-2.6099963993968998,-0.0016277054610202377,0.0016126981971616144
0.001,-0.0087,-2.6102699530827507,-0.0019893773895090067,0.0018440082713023843
0.0011,-0.0087,-2.6111081878809594,-0.0023871880122386317,0.0020825105164372394
0.0012,-0.0087,-2.612239626651163,-0.0028002328680015696,0.0023240738502037016
0.0013000000000000002,-0.0087,-2.6125787650031493,-0.003246198566787318,0.002581602319043129
0.0014,-0.0087,-2.6138105410699617,-0.0037578150857172157,0.002828647421341102
0.0015,-0.0087,-2.6143867135323613,-0.004249681202871491,0.00306488187218859
0.0016,-0.0087,-2.615830668836512,-0.00482881378271526,0.003281609762170075
0.0017,-0.0087,-2.617383381829403,-0.005364625786891304,0.003619401562669211
0.0018,-0.0087,-2.6193326702762687,-0.00603075111873648,0.0037935935131938312
0.0019,-0.0087,-2.620804486580485,-0.0065209157629906745,0.003902301815117989
0.002,-0.0087,-2.6232620343439614,-0.007366982342470287,0.0042183319360831134
0.0021,-0.0087,-2.6251967778418046,-0.008020419742262811,0.004329415878078632
0.0022,-0.0087,-2.627746992769311,-0.00867457029933712,0.004756983822644803
0.0023,-0.0087,-2.6299944267267854,-0.009337676125219898,0.004783349527839199
0.0024,-0.0087,-2.6331379282756253,-0.009875599353046997,0.005051688017813936
0.0025,-0.0087,-2.6361488648315614,-0.010719656748391752,0.005173343882147206
0.0026000000000000003,-0.0087,-2.639558494247972,-0.011748135337983398,0.005305042653300979
0.0027,-0.0087,-2.6430060587209443,-0.012397484606382111,0.005371672446663237
0.0028,-0.0087,-2.6463359962045945,-0.012949977739398872,0.005496145940637529
0.0029,-0.0087,-2.65054431714225,-0.01387641322835444,0.005603311059882834
0.003,-0.0087,-2.6542899525521637,-0.01455900411873215,0.005573159501927311
0.0031,-0.0087,-2.6588356746070896,-0.01542731658232096,0.005626988272468984
0.0032,-0.0087,-2.662605900967058,-0.016033287812977765,0.005545919147234949
0.0033000000000000004,-0.0087,-2.6674732215124486,-0.01672996527507108,0.005490554978830388
0.0034,-0.0087,-2.671125347189387,-0.017373546920417825,0.005428654264771439
0.0034999999999999996,-0.0087,-2.6759671152662428,-0.018088894982466613,0.005250110064260592
0.0036,-0.0087,-2.680523200582835,-0.018729539272220916,0.005093417727884766
0.0037,-0.0087,-2.6836175848308,-0.019337230295303057,0.004869960650517591
0.0038,-0.0087,-2.6878965128014634,-0.019895373118798493,0.004581808741046313
0.0039,-0.0087,-2.691436570958057,-0.020447794217109672,0.004358943107874126
0.004,-0.0087,-2.696774227871804,-0.02096628081716065,0.00406014706500913
0.0041,-0.0087,-2.6975015785190637,-0.021576664167429354,0.003709530109629575
0.0042,-0.0087,-2.701649764716743,-0.021806610453162917,0.003330467279378934
0.0043,-0.0087,-2.7029880107096047,-0.0221816286475242,0.002881466632755663
0.0044,-0.0087,-2.706238837907387,-0.022523059213078463,0.002519766444830941
0.0045,-0.0087,-2.70522860194981,-0.022858491805676066,0.0020447071642508393
0.0046,-0.0087,-2.708004453488285,-0.022995230291159227,0.001559749256580658
0.0047,-0.0087,-2.710126116169795,-0.023426843514995507,0.0011102970230262574
0.0048,-0.0087,-2.70978783934454,-0.02341549237126496,0.0005759205918209626
0.0049,-0.0087,-2.7107021919399217,-0.02341983214027725,5.251481121598973e-05
0.005,-0.0087,-2.7095613019623337,-0.02354779133711975,-0.00047276288772878946
0.0051,-0.0087,-2.7079703944722975,-0.023437200857127423,-0.0010200675425872123
0.005200000000000001,-0.0087,-2.711904122938703,-0.023469408148840253,-0.0015457939537764076
0.0053,-0.0087,-2.708064976861308,-0.02293060616463234,-0.0020802550144459575
0.0054,-0.0087,-2.7057800473106,-0.023072703606438916,-0.0026185549222054456
0.0055,-0.0087,-2.704621798738365,-0.02252488703451032,-0.003149117136259925
0.0056,-0.0087,-2.70339901255123,-0.02213509474912695,-0.0036646974966639888
0.005700000000000001,-0.0087,-2.7017284667344916,-0.021841254525770706,-0.0041780791783988394
0.0058,-0.0087,-2.69912414799505,-0.02143972958061118,-0.0046173783270908346
0.0059,-0.0087,-2.6948483109845145,-0.02103924316772416,-0.005130076842107316
0.006,-0.0087,-2.6927699918271757,-0.020399085659492146,-0.005494501337303684
0.0061,-0.0087,-2.6899312396505017,-0.019974276530030175,-0.0059087939504796575
0.0062,-0.0087,-2.6878993127308557,-0.01909762092152415,-0.006297450103507496
0.0063,-0.0087,-2.6880533864929994,-0.01851157937251097,-0.006578411340239647
0.0064,-0.0087,-2.683845057236455,-0.017875589071630355,-0.006866511737649106
0.006499999999999999,-0.0087,-2.6830058886232018,-0.017163522262995296,-0.007032764590280455
0.006600000000000001,-0.0087,-2.6826874293130603,-0.016013203898847566,-0.007271539944740563
0.0067,-0.0087,-2.683024741361958,-0.015244246701171965,-0.007247597529659497
0.0068,-0.0087,-2.681128619332091,-0.014208729496557368,-0.0074190919864722486
0.0069,-0.0087,-2.6812680488424414,-0.013246753507078475,-0.007325631884540328
0.006999999999999999,-0.0087,-2.683751108009649,-0.012566786226652872,-0.007197262324481463
0.007100000000000001,-0.0087,-2.6840977822566954,-0.011424801534073015,-0.007297122227677446
0.0072,-0.0087,-2.6871265622733214,-0.010455718472086381,-0.006915774654252582
0.0073,-0.0087,-2.6870328924245497,-0.00951773079152153,-0.006821554752129594
0.0074,-0.0087,-2.690456588747121,-0.00866218652679502,-0.006388862456909918
0.0075,-0.0087,-2.6922649760588406,-0.007562497243055838,-0.006040959952463449
0.0076,-0.0087,-2.6949548233718255,-0.00686199150230642,-0.005644709928006277
0.0077,-0.0087,-2.6986573208995406,-0.005943310086001257,-0.005294555653058837
0.0078,-0.0087,-2.7009002255538617,-0.0049615926413338705,-0.0047061436493357305
0.0079,-0.0087,-2.7039822802518123,-0.004239511897894552,-0.004249412962080638
0.008,-0.0087,-2.706417791262907,-0.003555361764549331,-0.0036850353010738357
0.0081,-0.0087,-2.709364693596114,-0.0028927407025746443,-0.0031761738899508058
0.0082,-0.0087,-2.7123136469399034,-0.002281081901136194,-0.0026418604232665783
0.0083,-0.0087,-2.7147126220347304,-0.001748644013517569,-0.0021398041310192544
0.0084,-0.0087,-2.716848345446299,-0.00128060887831312,-0.0016396285659386188
0.0085,-0.0087,-2.7191795609904506,-0.0008776543325487725,-0.0011453736727292752
0.0086,-0.0087,-2.721183636123124,-0.0005374155661288874,-0.000700836219676554
0.0087,-0.0087,-2.7224201270452943,-0.00024753280584979554,-0.00026006382591796357
0.0088,-0.0087,-2.724418240659933,-1.7664582957094017e-05,0.00012198414342129237
0.0089,-0.0087,-2.7251421044613626,0.00014738801512323825,0.00047262293822317484
0.009,-0.0087,-2.7259664160424713,0.0002594677851407215,0.0007692164116202109
0.0091,-0.0087,-2.7273734113794754,0.00032975497681882616,0.001013088366793627
0.0092,-0.0087,-2.7271040334215924,0.0003562247884608682,0.0011923355109161892
0.0093,-0.0087,-2.726832931891208,0.00035715700157317305,0.0013146084137812414
0.0094,-0.0087,-2.7264316179575947,0.0002991033848364047,0.0013544445636269567
0.0095,-0.0087,-2.7279101231762377,0.00026781624796902307,0.0013619177350859286
0.0096,-0.0087,-2.727168187352734,0.00021452587447753397,0.0012998814522066436
0.0097,-0.0087,-2.7250958255355173,0.00011538723283666653,0.0011184541075228572
0.0098,-0.0087,-2.7265266105569936,8.02428137706751e-05,0.0008459503757611658
0.0099,-0.0087,-2.7257108311403755,2.5156571899832983e-05,0.0004809945964939104
0.01,-0.0087,-2.7254022993985116,0.0,0.0
0.0,-0.0086,-2.597095982823075,0.0,0.0
0.0001,-0.0086,-2.603673309935688,-2.0340415791852112e-05,5.001980791066252e-05
0.0002,-0.0086,-2.6045967567308352,-0.00010187806353120999,0.00022865066246342843
0.0003,-0.0086,-2.605865648329898,-0.00024294364485561446,0.0004614255262897179
0.0004,-0.0086,-2.606603026006867,-0.0004394939104468251,0.0006572223583668101
0.0005,-0.0086,-2.607152773226029,-0.0006290900144672955,0.0009335096604645604
0.0006,-0.0086,-2.6078894095811536,-0.0008957505200436512,0.00117412923147794
0.0007,-0.0086,-2.607972275935493,-0.0012054770717408855,0.001420920990495786
0.0008,-0.0086,-2.608730223437007,-0.0015330630197365489,0.0017049865631226478
0.0009,-0.0086,-2.609851045175172,-0.0018955052594819756,0.001976301469278719
0.001,-0.0086,-2.610014378757761,-0.002297080830837072,0.0022543488783726964
0.0011,-0.0086,-2.610464036662838,-0.0027309004685450344,0.002508394696852572
0.0012,-0.0086,-2.611663346179962,-0.003193399436921527,0.002796731309632967
0.0013000000000000002,-0.0086,-2.612611174714445,-0.003691237426004006,0.003046949380513833
0.0014,-0.0086,-2.613511148371859,-0.004211011360475288,0.003343094187299918
0.0015,-0.0086,-2.614552348523664,-0.0048049689316356425,0.003667317373302873
0.0016,-0.0086,-2.6164156483440904,-0.005338080957103275,0.0038495423368429278
0.0017,-0.0086,-2.6175442835157785,-0.006001021959010561,0.00419698925292818
0.0018,-0.0086,-2.6198773843444987,-0.0066892650690415535,0.004327755553071007
0.0019,-0.0086,-2.6218066250182703,-0.007227111533611514,0.004727420113210316
0.002,-0.0086,-2.6240387929550386,-0.008006437226275573,0.004981357340300462
0.0021,-0.0086,-2.626554232553955,-0.008681903640617045,0.005147029519562713
0.0022,-0.0086,-2.6289181179014944,-0.00950846323888812,0.005321060381942022
0.0023,-0.0086,-2.631743960404882,-0.01022619343021872,0.0055423838943659464
0.0024,-0.0086,-2.634818135423621,-0.011221158048390368,0.005763886248665268
0.0025,-0.0086,-2.638480842652622,-0.011861729042540988,0.005870542415139324
0.0026000000000000003,-0.0086,-2.641936135613228,-0.01270004791425799,0.006203299743475417
0.0027,-0.0086,-2.646685671958273,-0.013447569557674184,0.00626220369321686
0.0028,-0.0086,-2.650774667902646,-0.013970546858923552,0.006283061549930711
0.0029,-0.0086,-2.6550597836646492,-0.01509060824481175,0.00636980026291521
0.003,-0.0086,-2.657711541707434,-0.015937095681558662,0.006297879002238194
0.0031,-0.0086,-2.663196391080549,-0.016618308785579523,0.0063355404280499746
0.0032,-0.0086,-2.667674875190462,-0.01728192096726634,0.006303202336108153
0.0033000000000000004,-0.0086,-2.675048161624765,-0.01812156058473427,0.006213019144881879
0.0034,-0.0086,-2.676110508901659,-0.018812818619944015,0.006077288826075097
0.0034999999999999996,-0.0086,-2.6838106305064664,-0.01942992574788556,0.005941886306805458
0.0036,-0.0086,-2.6887157834418676,-0.020094673576714198,0.005644978631877071
0.0037,-0.0086,-2.69137450683776,-0.020801168246819733,0.005460344286593387
0.0038,-0.0086,-2.6946371269682348,-0.021221277407745293,0.005185488838429676
0.0039,-0.0086,-2.7022890790286795,-0.02180963250807627,0.004868398083938037
0.004,-0.0086,-2.706400646943345,-0.022332123165174494,0.004516511767114296
0.0041,-0.0086,-2.707949416972607,-0.022773959928420892,0.004205117506338607
0.0042,-0.0086,-2.7128559350276276,-0.023182385026967033,0.003722219942748783
0.0043,-0.0086,-2.715971496727008,-0.02352881086596047,0.0032797436474989016
0.0044,-0.0086,-2.7169024802398845,-0.023969273630397775,0.0027546942338712737
0.0045,-0.0086,-2.71826421015646,-0.024346173270854577,0.0023444397341949217
0.0046,-0.0086,-2.722707989539262,-0.024589537042149015,0.00182586254113952
0.0047,-0.0086,-2.7216928438994286,-0.02504959706683771,0.0012291750391954987
0.0048,-0.0086,-2.723430465252333,-0.024832393774134084,0.00071872245275373
0.0049,-0.0086,-2.721491727855569,-0.025008535880850377,0.0001006362020678069
0.005,-0.0086,-2.7241887244645397,-0.025305333571677236,-0.00045762158059137404
0.0051,-0.0086,-2.723533993252817,-0.024862471472986862,-0.0010516813500776204
0.005200000000000001,-0.0086,-2.723094357502195,-0.024856771799962075,-0.0016732361562038546
0.0053,-0.0086,-2.7198408550331568,-0.02488866692919162,-0.0022714753446956798
0.0054,-0.0086,-2.7195770336136125,-0.02428861690310453,-0.0028639814733633635
0.0055,-0.0086,-2.717023349325449,-0.024570915988317833,-0.0034182404985820592
0.0056,-0.0086,-2.7134480520118482,-0.024087080176901463,-0.004002637653232471
0.005700000000000001,-0.0086,-2.7124189860623478,-0.023607096486001164,-0.0045552355025214875
0.0058,-0.0086,-2.7094091779470637,-0.023304914085732202,-0.005109367305054649
0.0059,-0.0086,-2.708378936236173,-0.022558964700794697,-0.005630149226075993
0.006,-0.0086,-2.7063021800814417,-0.02229035279367774,-0.006089956893382077
0.0061,-0.0086,-2.7032648379435966,-0.02152515276498996,-0.0065359445828248935
0.0062,-0.0086,-2.698801307184989,-0.02094021094285198,-0.006977134064843062
0.0063,-0.0086,-2.698066166845403,-0.020150009909459855,-0.007337446360844931
0.0064,-0.0086,-2.695015937444259,-0.0194148954380244,-0.007678015900835478
0.006499999999999999,-0.0086,-2.6934197989962527,-0.01862983852148822,-0.007863000550328826
0.006600000000000001,-0.0086,-2.6910041268800886,-0.017917915628850808,-0.008066550668958282
0.0067,-0.0086,-2.692580820024854,-0.016994365729665895,-0.008268702580353993
0.0068,-0.0086,-2.6893300659422676,-0.01607604922395171,-0.008303238912918785
0.0069,-0.0086,-2.689395469777543,-0.015172327598079773,-0.008305696330952643
0.006999999999999999,-0.0086,-2.6901202542454814,-0.014224594514128034,-0.008323759619638249
0.007100000000000001,-0.0086,-2.691064683257671,-0.013186279552712232,-0.008158792670113697
0.0072,-0.0086,-2.6903246555446576,-0.011792764237863525,-0.007927996861398796
0.0073,-0.0086,-2.691229569512008,-0.010869730727029273,-0.007650015656005875
0.0074,-0.0086,-2.6951817975737966,-0.00996609820190663,-0.007409147732461483
0.0075,-0.0086,-2.696215089367798,-0.009131720205635732,-0.006945631484806499
0.0076,-0.0086,-2.6980536666947708,-0.007873570012777812,-0.0064958303348643665
0.0077,-0.0086,-2.700655540443054,-0.007014630931718397,-0.006245522098582363
0.0078,-0.0086,-2.703231551634698,-0.0061683407971062955,-0.005565479342737126
0.0079,-0.0086,-2.705947169807703,-0.005280007369276116,-0.005087562014653036
0.008,-0.0086,-2.708793794981161,-0.004504869167817796,-0.004409030908765375
0.0081,-0.0086,-2.7116943898071066,-0.0037567840030567575,-0.003883840788406573
0.0082,-0.0086,-2.7137571298595873,-0.003019878374569239,-0.0032510078266340687
0.0083,-0.0086,-2.716571195206153,-0.0023847081300634124,-0.002701716820743691
0.0084,-0.0086,-2.718651702918404,-0.001871008291128152,-0.002102489030870329
0.0085,-0.0086,-2.720514631441166,-0.001372648584194021,-0.0015665487943594002
0.0086,-0.0086,-2.7227157100849704,-0.0009742243964528249,-0.0010293365679286063
0.0087,-0.0086,-2.7241982775091693,-0.000631558565096738,-0.0005395007489837269
0.0088,-0.0086,-2.7256714852086388,-0.0003474295314627075,-9.613538082678601e-05
0.0089,-0.0086,-2.726970782932561,-0.00012373321987973638,0.00031697269505820885
0.009,-0.0086,-2.7277047443806057,3.0030732457020805e-05,0.0006464175041574731
0.0091,-0.0086,-2.728601727065786,0.00014307639712410737,0.000935041558818447
0.0092,-0.0086,-2.7285401701711143,0.0002091190708201669,0.0011751525167156573
0.0093,-0.0086,-2.7282625689501674,0.00023200190199748635,0.0013395367168439745
0.0094,-0.0086,-2.7288035934739385,0.0002169786438682721,0.0014335967708349997
0.0095,-0.0086,-2.731936745111162,0.00023236721630847204,0.0014171673991571626
0.0096,-0.0086,-2.731941389062998,0.00017951744524304696,0.0013578713661572463
0.0097,-0.0086,-2.7296521861236953,8.73732220455474e-05,0.0011759924682477223
0.0098,-0.0086,-2.7286315805682144,6.534603572009947e-05,0.0008813967230161849
0.0099,-0.0086,-2.7280870485960995,2.2548194022916648e-05,0.0005090187100457259
0.01,-0.0086,-2.727629848905034,0.0,0.0
0.0,-0.0085,-2.6032519490300916,0.0,0.0
0.0001,-0.0085,-2.603238976102001,-1.713840304366226e-05,0.0001979505164312453
0.0002,-0.0085,-2.6038744426818656,-0.00014263256542976978,0.00036072290094357675
0.0003,-0.0085,-2.605422034050074,-0.00029455190676259436,0.0006054450990945608
0.0004,-0.0085,-2.6061133566406873,-0.0005176218312284896,0.0008913130076372653
0.0005,-0.0085,-2.606703167404087,-0.0007561188007955606,0.001172045837165141
0.0006,-0.0085,-2.6070720504848928,-0.001044103344583006,0.0014643982475550604
0.0007,-0.0085,-2.6078130604207854,-0.0013765553035642046,0.0017566399795126985
0.0008,-0.0085,-2.6081140619426155,-0.0017569096255388543,0.0020845390781782723
0.0009,-0.0085,-2.609081877422636,-0.0021572854574827527,0.002382236896097189
0.001,-0.0085,-2.609980300794612,-0.0026123485685704295,0.0026821291697185774
0.0011,-0.0085,-2.610842510274095,-0.0030939490748565185,0.0029719037413102074
0.0012,-0.0085,-2.611441969493555,-0.003599348761557363,0.003343673792757476
0.0013000000000000002,-0.0085,-2.612482734195694,-0.0041706720030133156,0.003580559725067231
0.0014,-0.0085,-2.6135270765778036,-0.004755677686742344,0.003857347231433175
0.0015,-0.0085,-2.614972737448574,-0.0052865143188857945,0.004224823441597465
0.0016,-0.0085,-2.616661410392772,-0.006000719941729489,0.004553472350088366
0.0017,-0.0085,-2.618717562362378,-0.0066780624997751685,0.004802441329531263
0.0018,-0.0085,-2.6203327369585114,-0.0073882659737139495,0.005070692678404762
0.0019,-0.0085,-2.622860071913397,-0.00793076817802937,0.005368410045154981
0.002,-0.0085,-2.6250832129138706,-0.008643506154697994,0.005770599116267217
0.0021,-0.0085,-2.6279904976866226,-0.009716999383726811,0.005974534605087671
0.0022,-0.0085,-2.63069563936121,-0.010165738275791874,0.006216278546801656
0.0023,-0.0085,-2.633860606566595,-0.011281709874173467,0.006312635461773377
0.0024,-0.0085,-2.637915443304361,-0.012185305607507083,0.006418121942904142
0.0025,-0.0085,-2.641222131406081,-0.01285468046302766,0.006798779045801473
0.0026000000000000003,-0.0085,-2.645774146527369,-0.01366001262216312,0.00691680243071231
0.0027,-0.0085,-2.650517191960465,-0.01450031598944358,0.00700495296761621
0.0028,-0.0085,-2.654719026637509,-0.01536589595176796,0.007103680355388152
0.0029,-0.0085,-2.6596919872106213,-0.0160542359890872,0.007134295076982911
0.003,-0.0085,-2.664418054430469,-0.016954726357702374,0.007247859062916116
0.0031,-0.0085,-2.670800654253678,-0.017892347086139546,0.0071391401934046824
0.0032,-0.0085,-2.6716265865712483,-0.018412665886779447,0.007129094274089101
0.0033000000000000004,-0.0085,-2.680051196033205,-0.01925348226680208,0.006973209025386776
0.0034,-0.0085,-2.6867757430997363,-0.02000913147727583,0.006745888637364993
0.0034999999999999996,-0.0085,-2.6912589888275,-0.02061361586150372,0.006656649871216909
0.0036,-0.0085,-2.69527533201152,-0.021301073514509758,0.006403356795425905
0.0037,-0.0085,-2.7027616590250716,-0.02193186879127185,0.00609602080008953
0.0038,-0.0085,-2.7053200956897214,-0.022432809528259948,0.005782535600474791
0.0039,-0.0085,-2.7118641943535997,-0.02326451631649474,0.005467787649897371
0.004,-0.0085,-2.715746875961851,-0.023658984988059215,0.0050679587356943084
0.0041,-0.0085,-2.7201521952175964,-0.02429174443701285,0.00461232906808438
0.0042,-0.0085,-2.7239988128010584,-0.024953833900297186,0.004144676407354557
0.0043,-0.0085,-2.7270282933814425,-0.024804228363584976,0.003640776775880712
0.0044,-0.0085,-2.733110823887826,-0.025247026929470548,0.0031420833686433107
0.0045,-0.0085,-2.7333532344197895,-0.02555370588968522,0.002584480133852398
0.0046,-0.0085,-2.736841068010438,-0.02597877989167119,0.002061855874871159
0.0047,-0.0085,-2.736430667184772,-0.02632519450028142,0.0014161406206874797
0.0048,-0.0085,-2.736918218916115,-0.026271956332323716,0.0008856682630024083
0.0049,-0.0085,-2.7391197504218816,-0.026356421304750112,0.00018919054044291145
0.005,-0.0085,-2.7386152449487358,-0.026373847508837263,-0.0004019235034683897
0.0051,-0.0085,-2.738052141835782,-0.026656422193787766,-0.0010519988709586368
0.005200000000000001,-0.0085,-2.7359208824081436,-0.02689380308499033,-0.0017232672733404073
0.0053,-0.0085,-2.737917447046425,-0.02643402882475625,-0.0024369486746837797
0.0054,-0.0085,-2.733085562369867,-0.02627278396113667,-0.0030783086750229977
0.0055,-0.0085,-2.732799388620748,-0.025701898675469948,-0.0037079792036501407
0.0056,-0.0085,-2.7298148359087033,-0.026012780145247272,-0.004316956843393567
0.005700000000000001,-0.0085,-2.7266612496765945,-0.025105783792547742,-0.004962385011248292
0.0058,-0.0085,-2.7248613186191033,-0.024922344259301694,-0.0055383168115828675
0.0059,-0.0085,-2.7202968543804387,-0.02428240948088015,-0.006132060857112887
0.006,-0.0085,-2.719569940861649,-0.024005076446945914,-0.006727478037226054
0.0061,-0.0085,-2.7145152438487936,-0.023341947505741197,-0.0071603040677086895
0.0062,-0.0085,-2.7135645150722465,-0.022636306426604524,-0.007572612805143578
0.0063,-0.0085,-2.708062775753083,-0.022026515729122904,-0.008130288203813693
0.0064,-0.0085,-2.7057150221952098,-0.021408524071600724,-0.008405176980016358
0.006499999999999999,-0.0085,-2.7030515183944703,-0.02045089910856025,-0.008696987117742937
0.006600000000000001,-0.0085,-2.7005761465120908,-0.019732097409178376,-0.00894446468716376
0.0067,-0.0085,-2.7005497067547632,-0.018578720676869772,-0.009176585978197597
0.0068,-0.0085,-2.700139321869506,-0.01766768484395247,-0.009275834391184797
0.0069,-0.0085,-2.696603502212167,-0.016722376892766646,-0.009317609496007889
0.006999999999999999,-0.0085,-2.6988035997809097,-0.015754030155242568,-0.009280070506299217
0.007100000000000001,-0.0085,-2.6955557817738827,-0.014927052438538056,-0.009059576442291986
0.0072,-0.0085,-2.697408629184023,-0.0136971205721251,-0.009026389695255188
0.0073,-0.0085,-2.697203874703699,-0.012303881513504653,-0.008783417047982462
0.0074,-0.0085,-2.6992184322595483,-0.011227610014424431,-0.008396195455461646
0.0075,-0.0085,-2.699935326359346,-0.010237186740617589,-0.007991663622682865
0.0076,-0.0085,-2.701371973822272,-0.009162294008078246,-0.00758823857661349
0.0077,-0.0085,-2.704312082912158,-0.008427369248636754,-0.007089563734468523
0.0078,-0.0085,-2.706507895047382,-0.0071305369971645955,-0.006543405803790961
0.0079,-0.0085,-2.70896382138084,-0.006295844612329477,-0.005861437089921141
0.008,-0.0085,-2.7109658607965144,-0.005476210828094775,-0.005307468664360212
0.0081,-0.0085,-2.713589414388656,-0.004584766673192552,-0.004637450021252219
0.0082,-0.0085,-2.7155761896063892,-0.0039009369282502087,-0.003947929823865669
0.0083,-0.0085,-2.717932861216664,-0.0031257398849262267,-0.003323562612845814
0.0084,-0.0085,-2.720296459647267,-0.002494445593837809,-0.0026624336515586665
0.0085,-0.0085,-2.7224204445855484,-0.0019322191531533153,-0.002032838688323009
0.0086,-0.0085,-2.7242453150717347,-0.0014499131346088054,-0.0014543103726289783
0.0087,-0.0085,-2.7258318165177005,-0.0010424607788756886,-0.0008845406671383111
0.0088,-0.0085,-2.727456931757298,-0.0007024521160248654,-0.0003761612160032497
0.0089,-0.0085,-2.7282296512770947,-0.0004218025935271616,8.515794164620644e-05
0.009,-0.0085,-2.729307459558049,-0.00020494489940697943,0.0004923197971722979
0.0091,-0.0085,-2.730918144796985,-5.345123904766823e-05,0.0008382112189712129
0.0092,-0.0085,-2.731079708303464,5.54233612410333e-05,0.0011042971368623853
0.0093,-0.0085,-2.731089454747462,0.00010955073467893584,0.0013047470863769457
0.0094,-0.0085,-2.7316021016356404,0.00014735792885262945,0.0014314495155816434
0.0095,-0.0085,-2.7310313270765763,0.00013599365251605353,0.0014536917918793702
0.0096,-0.0085,-2.7313336040810494,0.00012626314389086555,0.0013689159415611728
0.0097,-0.0085,-2.7300462515528308,0.00010889346360679297,0.0012007306588178441
0.0098,-0.0085,-2.7280670229290944,5.2178743314006335e-05,0.0009372653265491749
0.0099,-0.0085,-2.7303066903541247,1.8731238049398696e-05,0.0005437920806073876
0.01,-0.0085,-2.7310923534642906,0.0,0.0
0.0,-0.0084,-2.6041148973478077,0.0,0.0
0.0001,-0.0084,-2.6034651477970816,-7.533144625774234e-05,0.00022197068477894846
0.0002,-0.0084,-2.6038792142787885,-0.00019277889791977174,0.00047841011359185236
0.0003,-0.0084,-2.6047224287007342,-0.0003450988754802554,0.0007613776353863353
0.0004,-0.0084,-2.6051717715086844,-0.0005972463042861122,0.001112686935677431
0.0005,-0.0084,-2.60572716082392,-0.0008564745074599932,0.0014884721635895085
0.0006,-0.0084,-2.6067911146452354,-0.0011985149118506051,0.001798447892182818
0.0007,-0.0084,-2.607040056595825,-0.0015704446074687921,0.0021463034889457893
0.0008,-0.0084,-2.6074288084639616,-0.001983952573478557,0.0024929601176588417
0.0009,-0.0084,-2.6088535436638294,-0.00244647651172087,0.00282334748364857
0.001,-0.0084,-2.6091672291045804,-0.0029366618981641196,0.0031614846842064823
0.0011,-0.0084,-2.6104472523400823,-0.003443191840481561,0.0035072790077107785
0.0012,-0.0084,-2.611017384270727,-0.004031310412970469,0.003812990350244361
0.0013000000000000002,-0.0084,-2.612690029819534,-0.004580441023216445,0.004166923291117716
0.0014,-0.0084,-2.6140022760321666,-0.005223469985888386,0.004556473251296316
0.0015,-0.0084,-2.615653529000849,-0.005961856310061322,0.004806941206718651
0.0016,-0.0084,-2.6174295682371564,-0.006550551522358176,0.0051891650300343525
0.0017,-0.0084,-2.619031031588673,-0.00730177507873411,0.005531202377528098
0.0018,-0.0084,-2.6214358466488634,-0.00796657792458049,0.00587360978694029
0.0019,-0.0084,-2.6239020568847704,-0.008760943550917343,0.006224359928061166
0.002,-0.0084,-2.627214841615288,-0.009540127485673636,0.006581437567481892
0.0021,-0.0084,-2.629923540970844,-0.010354696981578662,0.006685516634050853
0.0022,-0.0084,-2.6328706321352997,-0.010960180677321333,0.006974649635222461
0.0023,-0.0084,-2.637194952382226,-0.011790815155972807,0.007214520261624668
0.0024,-0.0084,-2.6413226212506395,-0.012855011628468372,0.007437759589123339
0.0025,-0.0084,-2.645274398385025,-0.01380374980625091,0.0076445583850940765
0.0026000000000000003,-0.0084,-2.6506473436863804,-0.01467227474811794,0.007854038034837092
0.0027,-0.0084,-2.655282131804074,-0.015543855491163364,0.007912278884689736
0.0028,-0.0084,-2.660207567018507,-0.016283936109230866,0.007951931917719712
0.0029,-0.0084,-2.6657155604591813,-0.01713297864440878,0.007904930252388788
0.003,-0.0084,-2.670416956128874,-0.017972420491878038,0.00798245117718733
0.0031,-0.0084,-2.6794316481348717,-0.0187363043832767,0.00791569458303241
0.0032,-0.0084,-2.685746537220711,-0.019534792566201088,0.007831672377318502
0.0033000000000000004,-0.0084,-2.689673807332783,-0.020326543896983736,0.007674502630370523
0.0034,-0.0084,-2.695682896959906,-0.021199075181948388,0.007511592524574038
0.0034999999999999996,-0.0084,-2.7008881825913575,-0.02191278253391717,0.007331824889107877
0.0036,-0.0084,-2.708864832492479,-0.022492779635396355,0.007005065840076623
0.0037,-0.0084,-2.71265549723353,-0.023229184406649717,0.006698418416351915
0.0038,-0.0084,-2.71934929034167,-0.023927866214177335,0.006324952323304759
0.0039,-0.0084,-2.7263760778762007,-0.02461769602379261,0.005989417329473473
0.004,-0.0084,-2.7307554588657323,-0.025096333739103357,0.005563767492131395
0.0041,-0.0084,-2.7329247378638875,-0.02534455618548455,0.005098243265457768
0.0042,-0.0084,-2.738395647989579,-0.025806436212704065,0.004623995275160656
0.0043,-0.0084,-2.7439184751158483,-0.02635670084069296,0.003980562110866863
0.0044,-0.0084,-2.744843174680471,-0.026735865520693992,0.003513192785271851
0.0045,-0.0084,-2.7488510310107586,-0.027025867770901702,0.0029665022145888738
0.0046,-0.0084,-2.7512861140152913,-0.027391340802143217,0.0022833499170799862
0.0047,-0.0084,-2.752298527497534,-0.027519638942331927,0.0016503569908052072
0.0048,-0.0084,-2.755994341728468,-0.027967404712455818,0.0009554621141334851
0.0049,-0.0084,-2.755036545273412,-0.027993604064829272,0.0002987218986862646
0.005,-0.0084,-2.7580355520227284,-0.028146079010712678,-0.00040660077243696114
0.0051,-0.0084,-2.7577899349278283,-0.027701172363304057,-0.0011173734033246058
0.005200000000000001,-0.0084,-2.7569168386060583,-0.0282267908689407,-0.0017967085005016837
0.0053,-0.0084,-2.7536754199057296,-0.028258199760117654,-0.002560798762380148
0.0054,-0.0084,-2.7496163425610103,-0.027602997848403824,-0.0032343953194724955
0.0055,-0.0084,-2.7499420568278596,-0.02766231371600021,-0.003978733118082614
0.0056,-0.0084,-2.745884292014503,-0.02747845321739575,-0.004653925631638335
0.005700000000000001,-0.0084,-2.7452188512937266,-0.026754960721283506,-0.005281259520597297
0.0058,-0.0084,-2.7403693687433814,-0.026594408643583624,-0.005958539264574178
0.0059,-0.0084,-2.7386164651309035,-0.02636605813045739,-0.006576932237171873
0.006,-0.0084,-2.7354507221006426,-0.025577183326042776,-0.007166662582218208
0.0061,-0.0084,-2.733000263673778,-0.024787376825704057,-0.00771676248228878
0.0062,-0.0084,-2.7285529927392544,-0.024351521442672875,-0.008385272870964442
0.0063,-0.0084,-2.7222342361031764,-0.023579652946047552,-0.008801223813030336
0.0064,-0.0084,-2.719851875900588,-0.022889049244640677,-0.009318475165518933
0.006499999999999999,-0.0084,-2.7165358370924295,-0.022346140468764594,-0.009646360784975317
0.006600000000000001,-0.0084,-2.713067664871139,-0.021513207137661833,-0.009894206617007698
0.0067,-0.0084,-2.7125081624878207,-0.02037452715949351,-0.010095933482301115
0.0068,-0.0084,-2.711513736333355,-0.019572264809681463,-0.010311805299345143
0.0069,-0.0084,-2.707526203801316,-0.01857645363841666,-0.010360550017699617
0.006999999999999999,-0.0084,-2.705713513464918,-0.017293039818867952,-0.010257688464212308
0.007100000000000001,-0.0084,-2.7068499275998623,-0.01627011856901287,-0.010210590944121701
0.0072,-0.0084,-2.705093017356535,-0.015059850779303314,-0.01008681114416031
0.0073,-0.0084,-2.705365695920688,-0.013925340369891388,-0.009889593219252599
0.0074,-0.0084,-2.7038538331892017,-0.012892430933381561,-0.00945925951707452
0.0075,-0.0084,-2.70498218831554,-0.011811252422619396,-0.009240269162273744
0.0076,-0.0084,-2.7066558501402844,-0.0109081326974353,-0.008597845177895266
0.0077,-0.0084,-2.7078826508285503,-0.0096414360534181,-0.008125292796754311
0.0078,-0.0084,-2.709133545337455,-0.008465574146769893,-0.007442898853822193
0.0079,-0.0084,-2.7118269612381933,-0.0075422711019652484,-0.006900744504893131
0.008,-0.0084,-2.7135143077873236,-0.006435935942273381,-0.006202414757890674
0.0081,-0.0084,-2.7155141248084127,-0.005505187207782278,-0.005449391878546598
0.0082,-0.0084,-2.7177625756939086,-0.004741001805381036,-0.0048098707421021375
0.0083,-0.0084,-2.7200719518177667,-0.003903625047916032,-0.004053448541178107
0.0084,-0.0084,-2.72212296107968,-0.0031792274700128036,-0.00326948532463318
0.0085,-0.0084,-2.7242994470274464,-0.002555289841882283,-0.0025940632859762377
0.0086,-0.0084,-2.7260024797374514,-0.001961451744100764,-0.0019417541890656054
0.0087,-0.0084,-2.7276274375986582,-0.001470556515555584,-0.0013095337825367412
0.0088,-0.0084,-2.7288220811675155,-0.0010731370815742101,-0.0007120020645233856
0.0089,-0.0084,-2.7301595756808226,-0.0007392578902268004,-0.0001811884322985334
0.009,-0.0084,-2.731555957785522,-0.00047039396677155115,0.0002768407865039226
0.0091,-0.0084,-2.732364426107338,-0.0002511553095636023,0.0006842646700800173
0.0092,-0.0084,-2.733473672298812,-0.00011318586046420035,0.001018636533513738
0.0093,-0.0084,-2.7331500824023114,-1.1098860538262621e-05,0.001244253413795663
0.0094,-0.0084,-2.7332596275009156,5.605098882798296e-05,0.001393661169118441
0.0095,-0.0084,-2.7352687089245094,6.472001155264863e-05,0.001448711861577067
0.0096,-0.0084,-2.7321229028032485,7.014351515799247e-05,0.0014142975581918982
0.0097,-0.0084,-2.731116977974878,9.637450706970641e-05,0.001287674561530135
0.0098,-0.0084,-2.7338153309296196,3.382819979509178e-05,0.001020544845874195
0.0099,-0.0084,-2.7332382179768073,7.012265443394414e-06,0.0005674255192149632
0.01,-0.0084,-2.733214983998931,0.0,0.0
0.0,-0.0083,-2.6018384627915467,0.0,0.0
0.0001,-0.0083,-2.6046486400232367,-0.00010548570256172391,0.0003328516905509683
0.0002,-0.0083,-2.602912008246918,-0.00018112750159012686,0.0007089429201532622
0.0003,-0.0083,-2.604289006597102,-0.00039020986073538756,0.0009956294913351135
0.0004,-0.0083,-2.6049821358393825,-0.000669867621163434,0.0013936084622475386
0.0005,-0.0083,-2.605581135704285,-0.0009859807320383874,0.0017552889815780322
0.0006,-0.0083,-2.6066037113226654,-0.0013423324753786372,0.0021864636649664092
0.0007,-0.0083,-2.6071073919857812,-0.0017619561630821867,0.0025677157500199953
0.0008,-0.0083,-2.6077594111162403,-0.0022151936895182353,0.002948846835676188
0.0009,-0.0083,-2.608670160269488,-0.002710859992103184,0.0033503641384017217
0.001,-0.0083,-2.6098893042531373,-0.0032203919370355524,0.0037020879883972752
0.0011,-0.0083,-2.610781231344166,-0.00377325843954659,0.004080891618456025
0.0012,-0.0083,-2.6119544388912117,-0.004413922397959573,0.004436639033993549
0.0013000000000000002,-0.0083,-2.6129824820193095,-0.0050209084324620845,0.004794411128719205
0.0014,-0.0083,-2.614211383255701,-0.005701294316222896,0.005125216691532779
0.0015,-0.0083,-2.6161015968715082,-0.006479696743407065,0.005568527363245744
0.0016,-0.0083,-2.618194267107683,-0.007080488862828358,0.006022984350469199
0.0017,-0.0083,-2.6201392103313754,-0.00782138394500322,0.006256686204346086
0.0018,-0.0083,-2.6231330295681006,-0.008690861067829707,0.0067814508096001565
0.0019,-0.0083,-2.6257342374962596,-0.009444522140035319,0.006870043622847441
0.002,-0.0083,-2.628883741668937,-0.010148471659871167,0.007319930286065363
0.0021,-0.0083,-2.6324820321520703,-0.011066309586746629,0.0074252239693432635
0.0022,-0.0083,-2.6365114483352494,-0.01192200197131285,0.007878962512001576
0.0023,-0.0083,-2.641260230860751,-0.012891095776697429,0.008013815202480156
0.0024,-0.0083,-2.6448971534534413,-0.013761407095326412,0.008296377167881102
0.0025,-0.0083,-2.651397936892052,-0.014641556540529,0.008431232358472911
0.0026000000000000003,-0.0083,-2.6564476424408494,-0.01545989155586284,0.008596007286396857
0.0027,-0.0083,-2.6609732672137367,-0.016342426756107576,0.008771546958018012
0.0028,-0.0083,-2.6671998190903485,-0.017224555835124302,0.008810488418717056
0.0029,-0.0083,-2.6736783486865097,-0.018154528129980516,0.008858173776381796
0.003,-0.0083,-2.6801764465956395,-0.01909443578100581,0.00878386716362963
0.0031,-0.0083,-2.6878488432332834,-0.019783179847989264,0.008757051657214845
0.0032,-0.0083,-2.692773087208279,-0.02064501836850996,0.00866908635219263
0.0033000000000000004,-0.0083,-2.6970989582079343,-0.02141798699016735,0.008458975932072014
0.0034,-0.0083,-2.7063965776107177,-0.02227059954351097,0.008248553501209755
0.0034999999999999996,-0.0083,-2.7146001816974072,-0.02291779920054912,0.007966511711825571
0.0036,-0.0083,-2.7203427965990272,-0.023699673259433996,0.007710543626127223
0.0037,-0.0083,-2.7270449600318156,-0.024411492016526263,0.007317643368104452
0.0038,-0.0083,-2.73228051753135,-0.024823998621443293,0.006999670893195045
0.0039,-0.0083,-2.738267574718061,-0.025800440224457207,0.00661418379109751
0.004,-0.0083,-2.744268163977135,-0.02607497941195541,0.006114799565378793
0.0041,-0.0083,-2.747587513892278,-0.02655083771488216,0.005734871885175409
0.0042,-0.0083,-2.7554903213749182,-0.02710709869193434,0.005101104393269145
0.0043,-0.0083,-2.7607016750558486,-0.027620349207050268,0.004528303958408585
0.0044,-0.0083,-2.762266804003985,-0.02796434247585407,0.0038068460404199846
0.0045,-0.0083,-2.766330494005408,-0.02810456167003348,0.0032184158767722157
0.0046,-0.0083,-2.769766830846034,-0.028245091762099245,0.0025098042948159677
0.0047,-0.0083,-2.772091255868388,-0.028938685963126334,0.001817712941398716
0.0048,-0.0083,-2.772593889845566,-0.02927314519477583,0.001166345846699895
0.0049,-0.0083,-2.776229686204858,-0.02962228781729025,0.00043224333961870335
0.005,-0.0083,-2.776625118457455,-0.029343626939491187,-0.0002555286469661552
0.0051,-0.0083,-2.7742324285340594,-0.029826947614060864,-0.0010035871930755636
0.005200000000000001,-0.0083,-2.77566804092693,-0.029781066664575886,-0.0017224040570307686
0.0053,-0.0083,-2.775805163661126,-0.029125420020978,-0.0025892506491439395
0.0054,-0.0083,-2.77540500950729,-0.029469454752718616,-0.003459367576761799
0.0055,-0.0083,-2.7689730599222924,-0.029076456289786747,-0.004195868793402349
0.0056,-0.0083,-2.76795364493381,-0.028644477983259888,-0.004867925271556293
0.005700000000000001,-0.0083,-2.761961486785341,-0.028553778420574695,-0.005648830536117099
0.0058,-0.0083,-2.7612934632096526,-0.02796123351745802,-0.006403156891006182
0.0059,-0.0083,-2.7589504508712976,-0.027731853397533975,-0.00702952921774589
0.006,-0.0083,-2.7547907436469425,-0.027522301013582495,-0.007764381791936012
0.0061,-0.0083,-2.749375201225776,-0.02705744841863432,-0.008410172369687094
0.0062,-0.0083,-2.74409318255121,-0.026374807821386237,-0.009050739974942462
0.0063,-0.0083,-2.7404012993977767,-0.02542646971835101,-0.009499503282251387
0.0064,-0.0083,-2.73665786868847,-0.025012962717262277,-0.009992508333360038
0.006499999999999999,-0.0083,-2.7327912434770383,-0.023901329811687202,-0.010417583091708864
0.006600000000000001,-0.0083,-2.7298445785163015,-0.023387505834840148,-0.010836426473718762
0.0067,-0.0083,-2.7255953997447686,-0.022005608392092743,-0.011071023024551966
0.0068,-0.0083,-2.7216327575921175,-0.020877929791984735,-0.01130440605685395
0.0069,-0.0083,-2.718218529031465,-0.02007507790144409,-0.01133965401629048
0.006999999999999999,-0.0083,-2.716870004905956,-0.019176263674018236,-0.011395442027230734
0.007100000000000001,-0.0083,-2.717076637190116,-0.017866646012872803,-0.011336012412542987
0.0072,-0.0083,-2.7149666739956437,-0.0169575874045337,-0.011212259010414794
0.0073,-0.0083,-2.7101740626834108,-0.01569870627190642,-0.010984490794613692
0.0074,-0.0083,-2.711940765594945,-0.01458113113263525,-0.010727650968270237
0.0075,-0.0083,-2.7119318997586537,-0.013191117353381354,-0.010427908284737886
0.0076,-0.0083,-2.7111526109481345,-0.012038389866734143,-0.00979856960503778
0.0077,-0.0083,-2.712271028125585,-0.010715835015542711,-0.009187316201673715
0.0078,-0.0083,-2.713861097235388,-0.009794096255794927,-0.008555088328177663
0.0079,-0.0083,-2.715265188881429,-0.008612986606812886,-0.007810755154924635
0.008,-0.0083,-2.716556967081236,-0.0076488102040065,-0.0070801671049294385
0.0081,-0.0083,-2.7184450150002237,-0.0065704298277027345,-0.006431176658473842
0.0082,-0.0083,-2.720023313132711,-0.005660237847983249,-0.005583363987158443
0.0083,-0.0083,-2.7225726331956817,-0.004675774437744405,-0.0048584058604311505
0.0084,-0.0083,-2.724062103708443,-0.003924953570115699,-0.004070091786453628
0.0085,-0.0083,-2.7257258804846685,-0.0031452006089211213,-0.0032909165440595614
0.0086,-0.0083,-2.727949067824171,-0.0025132911099701003,-0.002483693510097577
0.0087,-0.0083,-2.728912601097775,-0.0019454663238981284,-0.0018037797117424204
0.0088,-0.0083,-2.7309550985202535,-0.0014614833062735148,-0.0011180608174776727
0.0089,-0.0083,-2.732797382437166,-0.0010615734830486429,-0.0005144186816102564
0.009,-0.0083,-2.7328679707525363,-0.0007160074876968051,2.3322441119561077e-05
0.0091,-0.0083,-2.7338659057698345,-0.00047314535679641393,0.0004893951372423532
0.0092,-0.0083,-2.7349011038761515,-0.00027027508516717827,0.0008639217500262701
0.0093,-0.0083,-2.735740124245835,-0.00013063762835087314,0.0011577675481875373
0.0094,-0.0083,-2.7357123491865223,-4.157357112334091e-05,0.0013543966373682848
0.0095,-0.0083,-2.734380981419237,1.1605174501385941e-05,0.0014293407150929621
0.0096,-0.0083,-2.7341731032422145,5.175293221152234e-05,0.0014252478470225005
0.0097,-0.0083,-2.739570316248642,3.197276346668841e-05,0.0012834315419915513
0.0098,-0.0083,-2.739201923308391,-3.940538501048048e-06,0.0009832093394018314
0.0099,-0.0083,-2.735736560712743,1.1165709839534563e-05,0.0005603882410602916
0.01,-0.0083,-2.7340720697219676,0.0,0.0
0.0,-0.0082,-2.6017128016647573,0.0,0.0
0.0001,-0.0082,-2.601617968153447,-6.799856723268393e-05,0.00041136377593679576
0.0002,-0.0082,-2.602289480293548,-0.0002215054790377172,0.0008077385452877096
0.0003,-0.0082,-2.603854665677561,-0.00043631581242078565,0.0012486412186896367
0.0004,-0.0082,-2.6051451724523425,-0.000732657047825345,0.0017015715099775995
0.0005,-0.0082,-2.6056554928484195,-0.001086467357320088,0.0021262364544426806
0.0006,-0.0082,-2.6065387583574355,-0.001496321537429104,0.002573127704033959
0.0007,-0.0082,-2.6069921847320754,-0.001945614428105453,0.003009725805785042
0.0008,-0.0082,-2.607825714055025,-0.0024384700203819933,0.003414196415958315
0.0009,-0.0082,-2.608486998282411,-0.0029684125598733735,0.0038966110974286527
0.001,-0.0082,-2.6094295370497598,-0.003542290629396991,0.004255710789903443
0.0011,-0.0082,-2.610690265835805,-0.004115164539486216,0.004665906466731216
0.0012,-0.0082,-2.6118472539989734,-0.004815308840281675,0.005050997656315235
0.0013000000000000002,-0.0082,-2.613647321640506,-0.005363978479931932,0.00554962332965746
0.0014,-0.0082,-2.6153355901530215,-0.006243135185322122,0.005895661648792825
0.0015,-0.0082,-2.6169285712434807,-0.006891528666831803,0.006254534552516042
0.0016,-0.0082,-2.619354233338782,-0.00769690543193819,0.006637057557034811
0.0017,-0.0082,-2.6222765438463393,-0.008582816244170188,0.007143505751841198
0.0018,-0.0082,-2.62482195705635,-0.009259275327384377,0.007420208392707035
0.0019,-0.0082,-2.6286097571312133,-0.010177786229701533,0.0077582567278078095
0.002,-0.0082,-2.632054858512045,-0.010825367268287913,0.008199874969034201
0.0021,-0.0082,-2.6356822139916294,-0.01193386303326018,0.008432943690632747
0.0022,-0.0082,-2.6413316500293176,-0.012849812985801002,0.0085644512265422
0.0023,-0.0082,-2.6449956406630695,-0.0136198492172845,0.0088893697762505
0.0024,-0.0082,-2.6510346787110275,-0.01451374051760595,0.009283219659023638
0.0025,-0.0082,-2.655208649820905,-0.015561745125948864,0.009321352182448084
0.0026000000000000003,-0.0082,-2.6636724970333625,-0.016369964335066177,0.009602414706318266
0.0027,-0.0082,-2.667600864312333,-0.01728979237051202,0.009613118117537754
0.0028,-0.0082,-2.675091266112031,-0.01824698427939794,0.009644823589178573
0.0029,-0.0082,-2.68337937231495,-0.01908593169788551,0.009742236686788315
0.003,-0.0082,-2.6876500785511395,-0.019892144616449926,0.0096310901828762
0.0031,-0.0082,-2.694263364604977,-0.020753243224408763,0.009613720567027154
0.0032,-0.0082,-2.7042220043569807,-0.02152851193304216,0.0094052651524199
0.0033000000000000004,-0.0082,-2.7096534752504726,-0.022249582629897333,0.009257588817148553
0.0034,-0.0082,-2.7182368280472424,-0.023145610504369866,0.009006975599204398
0.0034999999999999996,-0.0082,-2.7286589534603,-0.02395988123989067,0.00876342684746895
0.0036,-0.0082,-2.7358987037251765,-0.02441776401385571,0.008388231543238749
0.0037,-0.0082,-2.739995060453208,-0.025609536576574967,0.008098836046356703
0.0038,-0.0082,-2.7468751056869616,-0.025921697858459738,0.007705444954938351
0.0039,-0.0082,-2.7525130747162536,-0.026598319698089526,0.00703885443504787
0.004,-0.0082,-2.760433586563693,-0.02695625868616013,0.0067323134718252535
0.0041,-0.0082,-2.7672622027948286,-0.02788787408455049,0.006258077140433149
0.0042,-0.0082,-2.7745836499534096,-0.02823986314464745,0.005674133041000866
0.0043,-0.0082,-2.781433385626903,-0.02876094254227804,0.0048830406189341695
0.0044,-0.0082,-2.786611156204887,-0.02893820856475487,0.004315971161796377
0.0045,-0.0082,-2.7950302766607478,-0.029687129968712644,0.0036708092562729045
0.0046,-0.0082,-2.791747963752331,-0.030054387558786467,0.002779135798451887
0.0047,-0.0082,-2.790551472185957,-0.030095589737796215,0.0020807607085987245
0.0048,-0.0082,-2.791142331208206,-0.03010374747772226,0.0013204787106603174
0.0049,-0.0082,-2.795844321425984,-0.030275071943242034,0.0005755751272529516
0.005,-0.0082,-2.7973799579297545,-0.03087225126277724,-0.00026412670080490206
0.0051,-0.0082,-2.8009494120569323,-0.03070651323456154,-0.001076924164404103
0.005200000000000001,-0.0082,-2.808315687192378,-0.03125151326226478,-0.0019460078899722778
0.0053,-0.0082,-2.7979438120508378,-0.0307915910662393,-0.0027879800607558468
0.0054,-0.0082,-2.7997926645547455,-0.030477482726748297,-0.0035999914870857605
0.0055,-0.0082,-2.7861745809046634,-0.030678207737273196,-0.004424294318426484
0.0056,-0.0082,-2.7861142291833896,-0.030579778754903444,-0.005141257795147583
0.005700000000000001,-0.0082,-2.785377475408587,-0.029519839248643345,-0.005952361145160879
0.0058,-0.0082,-2.7816372859969904,-0.02999174784045332,-0.006729554974025886
0.0059,-0.0082,-2.7792148679302944,-0.029266669747134225,-0.007500340339983751
0.006,-0.0082,-2.7736821998064523,-0.028714899856914236,-0.008263385929389517
0.0061,-0.0082,-2.769947025587429,-0.028606844386340303,-0.008910789073924707
0.0062,-0.0082,-2.764202907016149,-0.027803302730871095,-0.009672727557560969
0.0063,-0.0082,-2.7594259326436985,-0.027037815080812513,-0.010142196744117999
0.0064,-0.0082,-2.7545740787144695,-0.0266701683635623,-0.010779154432930817
0.006499999999999999,-0.0082,-2.751034514078239,-0.02570662954774123,-0.011282594345799951
0.006600000000000001,-0.0082,-2.745304660678026,-0.02505912356807487,-0.011554732192846758
0.0067,-0.0082,-2.740224835027754,-0.023826083559172293,-0.011979757331694756
0.0068,-0.0082,-2.735922713747244,-0.023000127753165314,-0.012259034882514636
0.0069,-0.0082,-2.7303015371695456,-0.021795661775698097,-0.012432563643711378
0.006999999999999999,-0.0082,-2.7292608686043183,-0.0205792182070136,-0.01243041630359116
0.007100000000000001,-0.0082,-2.7275258104779465,-0.019723992892332252,-0.012518253684496806
0.0072,-0.0082,-2.722250806189305,-0.018483366679930415,-0.012323810748660138
0.0073,-0.0082,-2.7212393124578402,-0.017236745176449103,-0.012210527504599472
0.0074,-0.0082,-2.7194020435168085,-0.016012465413248963,-0.011949999632456946
0.0075,-0.0082,-2.71948556877457,-0.014716978439383216,-0.011430927280952234
0.0076,-0.0082,-2.7185147569669503,-0.013558404561406695,-0.011018832561875006
0.0077,-0.0082,-2.7187819798793686,-0.012284696202416866,-0.010487016095301309
0.0078,-0.0082,-2.717967441839613,-0.011025655573194751,-0.009861552181068704
0.0079,-0.0082,-2.7185293779461333,-0.009765864986367926,-0.009009809724364054
0.008,-0.0082,-2.7200224408740934,-0.008685672069348109,-0.00833908697519852
0.0081,-0.0082,-2.721374920837695,-0.007655673176334418,-0.007461614831559453
0.0082,-0.0082,-2.7227743159774485,-0.006499571815074493,-0.006567393060829748
0.0083,-0.0082,-2.7242817397474184,-0.005527504545280085,-0.0057151250792247575
0.0084,-0.0082,-2.726128614126204,-0.0045967036083924126,-0.004877746359096241
0.0085,-0.0082,-2.7280131065003936,-0.0038427408915893886,-0.003991451212842268
0.0086,-0.0082,-2.729905403743853,-0.003063439075284691,-0.003131561767236395
0.0087,-0.0082,-2.7315743639016494,-0.002451851992843467,-0.002342974299537472
0.0088,-0.0082,-2.7330430961436414,-0.001877053293706722,-0.0016095881629277352
0.0089,-0.0082,-2.7338747237927197,-0.0014044479222869147,-0.0009199207754879744
0.009,-0.0082,-2.735107985802109,-0.0010119265213575958,-0.00031130294802695133
0.0091,-0.0082,-2.7365195055293157,-0.0006995995092650894,0.00023032173779015372
0.0092,-0.0082,-2.7372051364690204,-0.0004387664366680762,0.0006784590238347919
0.0093,-0.0082,-2.7380400534020897,-0.00025907671681822106,0.001021338968689178
0.0094,-0.0082,-2.7374142995019293,-0.00013779956549254092,0.0012618864298802488
0.0095,-0.0082,-2.7377281176709007,-6.080882350039057e-05,0.0014069138755231638
0.0096,-0.0082,-2.7378630282240013,-2.2777939063203065e-05,0.0013996318272098233
0.0097,-0.0082,-2.737251011382692,-1.5253757826994455e-05,0.0012470209319470696
0.0098,-0.0082,-2.736851811101097,3.575984973649618e-06,0.0009711199747213063
0.0099,-0.0082,-2.7355127001943806,1.7522918337470226e-05,0.0005598981099511805
0.01,-0.0082,-2.737289194741949,0.0,0.0
0.0,-0.0081,-2.6018930195591037,0.0,0.0
0.0001,-0.0081,-2.602539658680542,-8.338994065610564e-05,0.00048186003872711843
0.0002,-0.0081,-2.6024500186514357,-0.00024726769449643764,0.0009882047320337046
0.0003,-0.0081,-2.6036092522147696,-0.00048590587210867154,0.0015290583817104747
0.0004,-0.0081,-2.604788152803484,-0.0008131623758943715,0.002039474157793973
0.0005,-0.0081,-2.6055482527679263,-0.0011952882984636532,0.002547060122302184
0.0006,-0.0081,-2.6062428078343736,-0.0016425346769722738,0.0030297280962792335
0.0007,-0.0081,-2.60704758631438,-0.002125389299686712,0.003496392823070406
0.0008,-0.0081,-2.607788527269049,-0.0026536240864535807,0.0039886304530833815
0.0009,-0.0081,-2.6092490947732365,-0.0032229910544772852,0.0044303957869167845
0.001,-0.0081,-2.610273852569801,-0.0038792447767979016,0.004867898040987
0.0011,-0.0081,-2.611283394376082,-0.004510312892567824,0.005310708504536076
0.0012,-0.0081,-2.6125721790381693,-0.005218761860923557,0.005679969913203942
0.0013000000000000002,-0.0081,-2.6144951150973794,-0.005909753508381583,0.006150050538087988
0.0014,-0.0081,-2.616679806327662,-0.006593570408426776,0.006684503093172325
0.0015,-0.0081,-2.6183916523254442,-0.007400088202399336,0.007065997110729968
0.0016,-0.0081,-2.621277744480926,-0.008207709714587197,0.007451637339730772
0.0017,-0.0081,-2.6243020426315047,-0.008953199924987604,0.007835295158427484
0.0018,-0.0081,-2.6283151559333633,-0.009925715456251625,0.008263648969896004
0.0019,-0.0081,-2.6314773713454964,-0.01075468831343637,0.008513763969950211
0.002,-0.0081,-2.635818735561529,-0.011680697407778811,0.009040177859176301
0.0021,-0.0081,-2.640484270838492,-0.012654759325156324,0.009432400292992419
0.0022,-0.0081,-2.6445225503386856,-0.013562927425226032,0.009577273195538851
0.0023,-0.0081,-2.6519152911456105,-0.01450638272242896,0.009907579014743345
0.0024,-0.0081,-2.657478269564234,-0.015381395722395991,0.01007823228634281
0.0025,-0.0081,-2.6649076337962447,-0.016207741789997582,0.010222023833129621
0.0026000000000000003,-0.0081,-2.6682990614744115,-0.017174957695033636,0.01036574429136515
0.0027,-0.0081,-2.6762238972714827,-0.018094599487363333,0.010557092865193194
0.0028,-0.0081,-2.685279393361074,-0.019094675749547648,0.010565412160735999
0.0029,-0.0081,-2.695103765073359,-0.019866394133469606,0.010531405813388468
0.003,-0.0081,-2.6980849364633888,-0.020782856832887716,0.01053222105851013
0.0031,-0.0081,-2.7076433029883287,-0.021804533048095417,0.010372031426900295
0.0032,-0.0081,-2.716409790672082,-0.022591618281866094,0.010170866549184301
0.0033000000000000004,-0.0081,-2.7237204175514935,-0.023318569033381253,0.010114347104072323
0.0034,-0.0081,-2.7331839673634057,-0.023917496832095313,0.009808170819194058
0.0034999999999999996,-0.0081,-2.739917100137688,-0.025070841606534618,0.009550188003572933
0.0036,-0.0081,-2.752986210939855,-0.025804313708250693,0.009108781934178259
0.0037,-0.0081,-2.7565944221283263,-0.026210316750136478,0.008803651015629648
0.0038,-0.0081,-2.7633087146287925,-0.027172666815532116,0.008360904014026537
0.0039,-0.0081,-2.77410361663668,-0.027461356518873117,0.007639652356832784
0.004,-0.0081,-2.7768737334077986,-0.02812128888640382,0.007245399969916216
0.0041,-0.0081,-2.787949681088661,-0.028854064646532774,0.006845471865568376
0.0042,-0.0081,-2.796070152764722,-0.02927784065230107,0.006172477614292241
0.0043,-0.0081,-2.8020092048842495,-0.029933085021342787,0.005331807137394286
0.0044,-0.0081,-2.804451305265173,-0.03001611531059368,0.00461771456121138
0.0045,-0.0081,-2.818937961134342,-0.0303171503291098,0.003781333314639215
0.0046,-0.0081,-2.81564706755959,-0.03093098245175286,0.003024176505571051
0.0047,-0.0081,-2.8133676773538236,-0.03124288109548225,0.0023360536189505413
0.0048,-0.0081,-2.814593384861476,-0.031711682108783355,0.001599156540966565
0.0049,-0.0081,-2.821457566204343,-0.03137484511366073,0.0008952863820389519
0.005,-0.0081,-2.82413841377487,-0.032063662380759306,-2.3082650053822952e-05
0.0051,-0.0081,-2.825694285322421,-0.03211988734195214,-0.0007656330752679454
0.005200000000000001,-0.0081,-2.8258754744087495,-0.03222748810584464,-0.001779812619772287
0.0053,-0.0081,-2.8289670603081865,-0.03189983235634449,-0.0027530452583464605
0.0054,-0.0081,-2.811097556110207,-0.03087070965067995,-0.0036432184152618017
0.0055,-0.0081,-2.8151679587052443,-0.03164877890853346,-0.0045136330811794785
0.0056,-0.0081,-2.818295840594905,-0.031655232740253406,-0.00561174697273008
0.005700000000000001,-0.0081,-2.8159539475796938,-0.03139469566408518,-0.006285434384901831
0.0058,-0.0081,-2.807214744775757,-0.031332935779244654,-0.007130708200198084
0.0059,-0.0081,-2.8051934851221,-0.030779025551334705,-0.007917231692615642
0.006,-0.0081,-2.79912690061185,-0.030305670064498608,-0.008730693771025654
0.0061,-0.0081,-2.7929442173958345,-0.029778776412937986,-0.009533584724336776
0.0062,-0.0081,-2.7871425036338655,-0.02927995907386558,-0.01023945111366985
0.0063,-0.0081,-2.780462814384228,-0.028903189414124286,-0.010870767681394007
0.0064,-0.0081,-2.7786959777555054,-0.02819231456011997,-0.011624357965720611
0.006499999999999999,-0.0081,-2.7686734379019526,-0.027258176309305316,-0.011993029009804874
0.006600000000000001,-0.0081,-2.7633972386784897,-0.026331771094276524,-0.012673208736253905
0.0067,-0.0081,-2.7571007476883684,-0.025312371331307062,-0.01295459968783867
0.0068,-0.0081,-2.752588712866174,-0.024556063470667355,-0.0131261223841799
0.0069,-0.0081,-2.7467772571608595,-0.023350156759147932,-0.013381860984064523
0.006999999999999999,-0.0081,-2.741773092267184,-0.02264116760049617,-0.013708235141350318
0.007100000000000001,-0.0081,-2.7403761895236234,-0.02168467369317528,-0.013567607752171824
0.0072,-0.0081,-2.7347455203281577,-0.0200618684188571,-0.013574699331176594
0.0073,-0.0081,-2.7316307331001277,-0.018934426779377397,-0.01345556955939559
0.0074,-0.0081,-2.729550353356599,-0.01754872635991883,-0.013077483751131914
0.0075,-0.0081,-2.7265265175550626,-0.01638658291904017,-0.012779826165349723
0.0076,-0.0081,-2.7265053100201033,-0.01512189143536892,-0.01238629263837441
0.0077,-0.0081,-2.724217695966851,-0.013967833251087866,-0.011972614112240376
0.0078,-0.0081,-2.723056254585696,-0.012481819823694144,-0.011215825545966049
0.0079,-0.0081,-2.7247936493535243,-0.01113224948935854,-0.010155200754030771
0.008,-0.0081,-2.724461392699924,-0.009941133438301712,-0.009531927543033095
0.0081,-0.0081,-2.7254406922768415,-0.008520260773779181,-0.008583145573619366
0.0082,-0.0081,-2.7261957783579085,-0.007684285697910367,-0.007644384428810923
0.0083,-0.0081,-2.7276132068703167,-0.006437548181750789,-0.006754341658852631
0.0084,-0.0081,-2.72881907708318,-0.0054818650935369116,-0.005759291336199146
0.0085,-0.0081,-2.7305995022580434,-0.004549486691700964,-0.004807553067390957
0.0086,-0.0081,-2.732316928380676,-0.0037248631117839065,-0.0038576108669479397
0.0087,-0.0081,-2.733473723497715,-0.0029535492639158993,-0.0029922771061679622
0.0088,-0.0081,-2.7351152350632417,-0.0023129037377476714,-0.002135123858880261
0.0089,-0.0081,-2.7361261295127153,-0.001758192307680418,-0.0013703475471325795
0.009,-0.0081,-2.7376308705665546,-0.0012928655481544574,-0.0006924609995186152
0.0091,-0.0081,-2.7383438456660816,-0.0009251947619741008,-7.992882686470717e-05
0.0092,-0.0081,-2.7394071500883572,-0.0006268722004194132,0.00043742731635313813
0.0093,-0.0081,-2.74054616151184,-0.00040479851342704903,0.000843850857446427
0.0094,-0.0081,-2.7407806900229397,-0.00022887452352034264,0.0011471132564291667
0.0095,-0.0081,-2.7405507862683525,-0.0001184569863656818,0.0013208741862674104
0.0096,-0.0081,-2.7403101097736946,-6.92056582743446e-05,0.0013651288608343486
0.0097,-0.0081,-2.7423619760267743,-3.1910936106839e-05,0.001270594638102526
0.0098,-0.0081,-2.738947455998034,1.4116396825671937e-05,0.0010298076676692224
0.0099,-0.0081,-2.738037703495017,1.695888257072777e-05,0.0006071263251733561
0.01,-0.0081,-2.7402802893662153,0.0,0.0
0.0,-0.008,-2.5997226043724404,0.0,0.0
0.0001,-0.008,-2.6022186714441653,-9.074337219536731e-05,0.0005947037597895939
0.0002,-0.008,-2.603624583697287,-0.00027897205204981324,0.0012478576975267625
0.0003,-0.008,-2.60396122363616,-0.0005289269583091393,0.001852463975810996
0.0004,-0.008,-2.605504170889178,-0.0008844278858405558,0.002434311952309016
0.0005,-0.008,-2.605716478004174,-0.0012989191550020055,0.0029960543958773953
0.0006,-0.008,-2.6066994505753915,-0.0017738165647097522,0.0035085702099154946
0.0007,-0.008,-2.6086551098074917,-0.0023037346897071672,0.004035924364816971
0.0008,-0.008,-2.608520318389083,-0.0028384294118726943,0.004541442426718991
0.0009,-0.008,-2.6095799651549667,-0.0034847022030893614,0.005002066876447291
0.001,-0.008,-2.6105753648362704,-0.004179803249510954,0.005457744477659538
0.0011,-0.008,-2.6123105242656144,-0.004803557738077721,0.0060154659678631215
0.0012,-0.008,-2.6135461813799936,-0.0054676969316470305,0.0064090688739371245
0.0013000000000000002,-0.008,-2.6158089811177203,-0.0062852803237571885,0.006995066916932611
0.0014,-0.008,-2.617944613625308,-0.007140446478709636,0.007585461996744286
0.0015,-0.008,-2.62056377051069,-0.007842121077806463,0.007903890216775775
0.0016,-0.008,-2.623458205471577,-0.008741864983325158,0.00851204613188771
0.0017,-0.008,-2.627304054253479,-0.009597501903042288,0.008630955468807874
0.0018,-0.008,-2.630622546021435,-0.010425421256833284,0.00917381808895482
0.0019,-0.008,-2.6359440701448063,-0.011286590013068249,0.009627699997503618
0.002,-0.008,-2.6397574500081333,-0.012383300512918569,0.009739826984761883
0.0021,-0.008,-2.644318319578122,-0.013173425664105563,0.010275927671544179
0.0022,-0.008,-2.650688120774801,-0.014164633519517507,0.010562295240197589
0.0023,-0.008,-2.657044858162249,-0.015137104170306049,0.010895054166859304
0.0024,-0.008,-2.66420262104253,-0.016031543091862666,0.011092350601510776
0.0025,-0.008,-2.6714123077856367,-0.016934205442183027,0.011231019742253726
0.0026000000000000003,-0.008,-2.680479444692754,-0.017974214101275983,0.011394282924961757
0.0027,-0.008,-2.6874240507045344,-0.018936433510868926,0.011406919399694466
0.0028,-0.008,-2.6957945587599728,-0.019773331821187727,0.011466387607208896
0.0029,-0.008,-2.70492981446701,-0.020699826517947235,0.011381538735503799
0.003,-0.008,-2.7127981311119194,-0.021637122716572536,0.011316536892424994
0.0031,-0.008,-2.721153210654295,-0.02226511314977486,0.011253229096334505
0.0032,-0.008,-2.7316333147239145,-0.023384413095012598,0.011084066621946343
0.0033000000000000004,-0.008,-2.7398141453872302,-0.0242286776973418,0.010811312027451779
0.0034,-0.008,-2.749072010247584,-0.025034659292240885,0.01048828059596657
0.0034999999999999996,-0.008,-2.7559432321612105,-0.02543034313702372,0.010077412003129508
0.0036,-0.008,-2.768098860351869,-0.026266756885886224,0.009870691720647036
0.0037,-0.008,-2.7771260153504898,-0.027098161234015206,0.009300435886970205
0.0038,-0.008,-2.7821735695484047,-0.028059687520303467,0.009059982788359667
0.0039,-0.008,-2.787499010039714,-0.02822402119587697,0.008373480599487304
0.004,-0.008,-2.7979314572615084,-0.028876303875452182,0.0077634121738364556
0.0041,-0.008,-2.8059596897838217,-0.029747730305015187,0.007156125879640613
0.0042,-0.008,-2.8253673693989607,-0.03007610462587819,0.006518263563283139
0.0043,-0.008,-2.823451730421482,-0.030658443711118227,0.005787012856534201
0.0044,-0.008,-2.8252527699595085,-0.03104723215559731,0.004851828783782101
0.0045,-0.008,-2.8388763940938495,-0.031505229967576855,0.004157400919705122
0.0046,-0.008,-2.8397709905716035,-0.03183867087591442,0.0034666161373279425
0.0047,-0.008,-2.8296636309520293,-0.032504164827193364,0.002783468835798665
0.0048,-0.008,-2.8411237465264176,-0.03241763410867995,0.0018580639067159383
0.0049,-0.008,-2.854553425775535,-0.03281448776930416,0.0012784222265173836
0.005,-0.008,-2.8588727678216315,-0.03296711242747523,0.00030291399639506816
0.0051,-0.008,-2.86151118245405,-0.03279675247607966,-0.0007483716102191948
0.005200000000000001,-0.008,-2.8462158038910417,-0.03308709912749564,-0.0018475647197569373
0.0053,-0.008,-2.8143616016868065,-0.0331211359016285,-0.003591943468406943
0.0054,-0.008,-2.8437985519068323,-0.03335167914428917,-0.0037669311698896226
0.0055,-0.008,-2.8636451565565086,-0.033894479633720685,-0.0044568680704382135
0.0056,-0.008,-2.8343287854035797,-0.03310659553972935,-0.0052099918056805125
0.005700000000000001,-0.008,-2.83442291627645,-0.03298327138916387,-0.006326147812854044
0.0058,-0.008,-2.8211590236217114,-0.03220530017663022,-0.007455262965514218
0.0059,-0.008,-2.8355950271939925,-0.03220404934840178,-0.0083194156259286
0.006,-0.008,-2.8235486678501047,-0.032243973314121516,-0.009063423743034019
0.0061,-0.008,-2.820059669020968,-0.03144691446081133,-0.009951325555086583
0.0062,-0.008,-2.8138797882774718,-0.030928624714508624,-0.010791264745927379
0.0063,-0.008,-2.802434889297452,-0.030335241063707465,-0.011548942128876853
0.0064,-0.008,-2.7950909318647694,-0.029798198355878876,-0.012195362818253237
0.006499999999999999,-0.008,-2.7919636587418863,-0.028760051622580596,-0.012774579303039657
0.006600000000000001,-0.008,-2.784344754372214,-0.027724670788456404,-0.013346529766584563
0.0067,-0.008,-2.776149465511892,-0.02733796756192758,-0.01380718236103103
0.0068,-0.008,-2.7686685366679256,-0.02573622100833651,-0.01428270663484222
0.0069,-0.008,-2.765695051912942,-0.025076984547476495,-0.014419215858554614
0.006999999999999999,-0.008,-2.7580961085197577,-0.02408339147492057,-0.014611272291679484
0.007100000000000001,-0.008,-2.7541550651466897,-0.022685994490402372,-0.014784633155999427
0.0072,-0.008,-2.749499763931426,-0.021629512324526923,-0.014668533708097535
0.0073,-0.008,-2.7451974090334557,-0.0205324094132857,-0.01463225697109527
0.0074,-0.008,-2.7427920709197027,-0.019361772487977158,-0.014487894812295572
0.0075,-0.008,-2.735249878454851,-0.017931707201606677,-0.014010722189181224
0.0076,-0.008,-2.7338325744764784,-0.016632106683136232,-0.013625424376550383
0.0077,-0.008,-2.731919676143466,-0.015328381228184074,-0.012972171485742371
0.0078,-0.008,-2.7306421425501908,-0.013786150002568512,-0.012372501631147012
0.0079,-0.008,-2.729240971908608,-0.012391710862749792,-0.011653476590555293
0.008,-0.008,-2.7292289785340795,-0.0112116097963883,-0.010649955333910228
0.0081,-0.008,-2.7296048982846837,-0.009784681998513445,-0.009862063501493707
0.0082,-0.008,-2.7296175415520545,-0.008607402928006061,-0.008805041114445439
0.0083,-0.008,-2.7306320203369188,-0.007411638892290677,-0.007864525074326304
0.0084,-0.008,-2.7317531252625717,-0.0062757826323454145,-0.006721416599053522
0.0085,-0.008,-2.732836514171786,-0.005268580221680433,-0.005735432574250227
0.0086,-0.008,-2.7343356101937917,-0.004372274101566833,-0.004613934747985643
0.0087,-0.008,-2.7357316600817154,-0.003506646757197936,-0.003753396541082458
0.0088,-0.008,-2.7371906527165635,-0.00276441017459676,-0.002804757512181537
0.0089,-0.008,-2.738403605527985,-0.0021440232694054464,-0.0019264547418308096
0.009,-0.008,-2.739412895836944,-0.001618511968055579,-0.0011397559841723251
0.0091,-0.008,-2.741057050424111,-0.0011686070367817895,-0.0004354150580323693
0.0092,-0.008,-2.7420990609629543,-0.0008192432873911745,0.00015017890710518683
0.0093,-0.008,-2.742953899590374,-0.000543618572139233,0.0006268828051996995
0.0094,-0.008,-2.7432086566919622,-0.0003331036979501816,0.0009849635679525174
0.0095,-0.008,-2.74374606731288,-0.00018158623386377946,0.001233476894558005
0.0096,-0.008,-2.7458251047403635,-9.768451316150132e-05,0.0013250807109677254
0.0097,-0.008,-2.7472921994777466,-4.199965016133804e-05,0.0012216779722108275
0.0098,-0.008,-2.7479480845553845,-9.095021621867664e-06,0.0009589927277361856
0.0099,-0.008,-2.7478717144413847,-1.5123281723257001e-05,0.0005966156643757803
0.01,-0.008,-2.745179102343884,0.0,0.0
0.0,-0.0079,-2.602496634657802,0.0,0.0
0.0001,-0.0079,-2.6028997799830873,-0.00010271627113797742,0.0007600787944945488
0.0002,-0.0079,-2.604489209400954,-0.0002681899480265852,0.0014571997058656404
0.0003,-0.0079,-2.6040673148879527,-0.0005753777912633492,0.0021830614670509574
0.0004,-0.0079,-2.6058555846976517,-0.0009606852084892063,0.002814575970047681
0.0005,-0.0079,-2.607542834153135,-0.001396500756899518,0.0034477395040337965
0.0006,-0.0079,-2.6074417967104435,-0.0019155307916917973,0.004037473418569799
0.0007,-0.0079,-2.608630262532571,-0.002493695738540079,0.004595570210527502
0.0008,-0.0079,-2.609309073751389,-0.003048711788680731,0.005139374792446068
0.0009,-0.0079,-2.610862685677756,-0.0037233811783003246,0.00572900984930677
0.001,-0.0079,-2.6118196474041477,-0.004403212754487926,0.006163281199292216
0.0011,-0.0079,-2.6131640883236202,-0.005117571681374329,0.006808104145229811
0.0012,-0.0079,-2.6151041030413107,-0.005864757681314791,0.007303891285352974
0.0013000000000000002,-0.0079,-2.6176755891183072,-0.006596080844006158,0.007702970299543462
0.0014,-0.0079,-2.6202094411391315,-0.007490608365351848,0.00818208607906505
0.0015,-0.0079,-2.6232823984241995,-0.008389201213112507,0.008800579286639762
0.0016,-0.0079,-2.6270376839318783,-0.009224990374457539,0.009219984275556332
0.0017,-0.0079,-2.6306735913410453,-0.010105939032922503,0.009837545566893946
0.0018,-0.0079,-2.6351132699661246,-0.011029260270303091,0.010160859225442367
0.0019,-0.0079,-2.6396268744050726,-0.011942283765548843,0.010461392571431352
0.002,-0.0079,-2.646881805417482,-0.012784521394023175,0.01083268806610421
0.0021,-0.0079,-2.6527211854196104,-0.013803301311632325,0.011276412049461643
0.0022,-0.0079,-2.659230801073095,-0.014819624393785875,0.011557404024931016
0.0023,-0.0079,-2.664582717329172,-0.01567399114050775,0.011769925943170858
0.0024,-0.0079,-2.670216080549526,-0.01665509571948351,0.012024824515933223
0.0025,-0.0079,-2.6780792318561524,-0.01766100031714049,0.012179183727304255
0.0026000000000000003,-0.0079,-2.6874732368767567,-0.01860943890389703,0.012307915142701504
0.0027,-0.0079,-2.697285420094192,-0.019580451092748894,0.012350723421733116
0.0028,-0.0079,-2.7066170673568517,-0.020553005832966587,0.012395254612869654
0.0029,-0.0079,-2.7151300512856826,-0.021396415145095122,0.01234288465333964
0.003,-0.0079,-2.7253504258205936,-0.02228877053000518,0.012305775402241682
0.0031,-0.0079,-2.735376931906851,-0.02313165362026864,0.01216611814119932
0.0032,-0.0079,-2.7440954513706286,-0.024006225831759903,0.011981004003562725
0.0033000000000000004,-0.0079,-2.7548774063822767,-0.0248650080768272,0.01174969243428081
0.0034,-0.0079,-2.7659382742405154,-0.025521411688761538,0.01123203679370794
0.0034999999999999996,-0.0079,-2.777544532083979,-0.026719412128601763,0.010980642513891836
0.0036,-0.0079,-2.785555403632961,-0.027371663299459822,0.010414540231196687
0.0037,-0.0079,-2.796149094148159,-0.028199954920025357,0.010244223833265662
0.0038,-0.0079,-2.8031803556922092,-0.028570767616148532,0.009696767746776108
0.0039,-0.0079,-2.816683573976638,-0.02920394877576464,0.00907090154197969
0.004,-0.0079,-2.8235609235958448,-0.02984050326417735,0.008313774537501544
0.0041,-0.0079,-2.8338157458033932,-0.030211814562101393,0.007596788273254971
0.0042,-0.0079,-2.8422805990588382,-0.031112013665799323,0.006917348001077924
0.0043,-0.0079,-2.849703427437028,-0.031630646744109606,0.006077299551345047
0.0044,-0.0079,-2.855013197446097,-0.03188196042953575,0.005462628130400352
0.0045,-0.0079,-2.8492225537306113,-0.032802822061803454,0.004661714446194375
0.0046,-0.0079,-2.8611143918017,-0.033135929612464414,0.0039269749116234735
0.0047,-0.0079,-2.866886066490758,-0.03303789856281593,0.0033037228642569375
0.0048,-0.0079,-2.871123566070061,-0.033213439544938814,0.002309562626483515
0.0049,-0.0079,-2.8752961530634997,-0.03317005586682373,0.001020607514249761
0.005,-0.0079,-2.8931707021550297,-0.033507862003913744,6.080047249719815e-05
0.0051,-0.0079,-2.8892905092170196,-0.03308196200225324,-0.0008161414801432638
0.005200000000000001,-0.0079,-2.8837052418820837,-0.0333537299774093,-0.0017463650367896889
0.0053,-0.0079,-2.8672569777531636,-0.03473912248306855,-0.002533576499759684
0.0054,-0.0079,-2.9003836330175106,-0.03383672874664264,-0.0032175409171071286
0.0055,-0.0079,-2.877703983213102,-0.0339378451809415,-0.004458007081954569
0.0056,-0.0079,-2.867472477108203,-0.03323497740389834,-0.0068479922625792645
0.005700000000000001,-0.0079,-2.8567724524444893,-0.03340043601528782,-0.007772670939190482
0.0058,-0.0079,-2.8720922005404446,-0.034422071358339475,-0.007901636132207379
0.0059,-0.0079,-2.853700220402733,-0.03349517436034384,-0.008773800751800832
0.006,-0.0079,-2.8605898733688653,-0.032804211697011976,-0.00953802227489019
0.0061,-0.0079,-2.841450882319135,-0.03241753787151168,-0.010502971704037495
0.0062,-0.0079,-2.8422586369741243,-0.032048268251551354,-0.011331551599573412
0.0063,-0.0079,-2.826232872816434,-0.03150366902320519,-0.012146966809047819
0.0064,-0.0079,-2.823262072153414,-0.031034624068865865,-0.012968532561881574
0.006499999999999999,-0.0079,-2.819299833355673,-0.02993830388568568,-0.013587784680490081
0.006600000000000001,-0.0079,-2.8139133158261633,-0.02979918554394685,-0.014146011279069119
0.0067,-0.0079,-2.7982816202521255,-0.02869322521000703,-0.014750118115705617
0.0068,-0.0079,-2.7934016216731328,-0.02739949263112317,-0.015282933088008033
0.0069,-0.0079,-2.7856508850580277,-0.02658284076100866,-0.015475825706293373
0.006999999999999999,-0.0079,-2.776143248640935,-0.025574589475104017,-0.015898957736393948
0.007100000000000001,-0.0079,-2.769949626488994,-0.02460040775846875,-0.016008258490991117
0.0072,-0.0079,-2.765159943945568,-0.02322819081868646,-0.016082808318327136
0.0073,-0.0079,-2.7585186407430853,-0.022258927846835082,-0.016137857951104912
0.0074,-0.0079,-2.7547393307010513,-0.02095414642931986,-0.015707089067080935
0.0075,-0.0079,-2.749079346707121,-0.01936418976800297,-0.015368230896478239
0.0076,-0.0079,-2.7423269562373265,-0.01804476003665055,-0.01487962168438731
0.0077,-0.0079,-2.7416936432056094,-0.016557940466245463,-0.014513469564033342
0.0078,-0.0079,-2.7390842145141403,-0.015243633121147338,-0.013755368296672394
0.0079,-0.0079,-2.737235972447994,-0.013723455155004068,-0.01296768919326365
0.008,-0.0079,-2.735190357374803,-0.012318839621107228,-0.01189327637461945
0.0081,-0.0079,-2.733704039982644,-0.01087902680317317,-0.010983859541273228
0.0082,-0.0079,-2.733868020389867,-0.00965351439696145,-0.01011430243557497
0.0083,-0.0079,-2.734284557948125,-0.008403321973578386,-0.009061999250463302
0.0084,-0.0079,-2.7348849837721416,-0.007102991466435691,-0.007586911445145567
0.0085,-0.0079,-2.735477110742456,-0.00594630893374938,-0.006704832620674667
0.0086,-0.0079,-2.737066652810523,-0.00504961394384921,-0.005672860505983638
0.0087,-0.0079,-2.737754857552208,-0.004083116633961022,-0.004577837662818514
0.0088,-0.0079,-2.7393947271010455,-0.003254629508771418,-0.003507256755958461
0.0089,-0.0079,-2.740855619953077,-0.002546171543066381,-0.0025418493812328566
0.009,-0.0079,-2.7422924078101754,-0.0019444817676822716,-0.0016707454433461653
0.0091,-0.0079,-2.743247048898057,-0.0014343144421017499,-0.0008663093184433741
0.0092,-0.0079,-2.7451633139327094,-0.0010081690136419996,-0.00019769757812776323
0.0093,-0.0079,-2.745214357363199,-0.0007112391904832408,0.00037829995526100454
0.0094,-0.0079,-2.745908199541476,-0.00043658447114638314,0.0007973666350827275
0.0095,-0.0079,-2.74782015962675,-0.0002546873681946881,0.0010764811678790163
0.0096,-0.0079,-2.749978075015891,-0.00013193061881847405,0.0011781786788366264
0.0097,-0.0079,-2.7465490009513704,-3.688512884375981e-05,0.0011510912582362923
0.0098,-0.0079,-2.746452465760317,-3.4672617554238015e-05,0.0009190759246331473
0.0099,-0.0079,-2.748810192531113,-2.6869559383369127e-05,0.0005365324564966776
0.01,-0.0079,-2.748196621689215,0.0,0.0
0.0,-0.0078,-2.6023505604246324,0.0,0.0
0.0001,-0.0078,-2.6029957519061684,-0.0001081836486044957,0.0008804152228886549
0.0002,-0.0078,-2.6043531341124666,-0.00032383303214391485,0.0017436367271695852
0.0003,-0.0078,-2.604930245130608,-0.0006180601955945531,0.0025103276348494713
0.0004,-0.0078,-2.6071164618497544,-0.0010200527932261968,0.0032231545998446715
0.0005,-0.0078,-2.6070701896070636,-0.0015090475719296934,0.00392392104471783
0.0006,-0.0078,-2.6088841969267786,-0.0020351055765692144,0.004589263551224735
0.0007,-0.0078,-2.609380314259179,-0.002657068885500501,0.00521500485867149
0.0008,-0.0078,-2.610845367732176,-0.0032513709250504967,0.005797597415103954
0.0009,-0.0078,-2.612162528890097,-0.00396691014926657,0.006360417721331189
0.001,-0.0078,-2.6136598444112864,-0.004584320724276922,0.0069349144780986366
0.0011,-0.0078,-2.6149358510929885,-0.005352912532472089,0.0074405026429688065
0.0012,-0.0078,-2.6177347297952998,-0.006252333848168282,0.008030695666081588
0.0013000000000000002,-0.0078,-2.6202040593469818,-0.007110546957998994,0.008579404820801079
0.0014,-0.0078,-2.6229031154836675,-0.007924129393289724,0.00887285647001457
0.0015,-0.0078,-2.6266938599443193,-0.008806919069781798,0.00953456397993206
0.0016,-0.0078,-2.6300789369658752,-0.009471751433000872,0.010081905585992944
0.0017,-0.0078,-2.6345622611787487,-0.010466402126542937,0.010682108717593099
0.0018,-0.0078,-2.6387212692100475,-0.011479546141033907,0.010897201517791222
0.0019,-0.0078,-2.644344154463486,-0.012425322019102781,0.011448651966783012
0.002,-0.0078,-2.6506230469075125,-0.013360152933691978,0.011817984533001182
0.0021,-0.0078,-2.656969192819092,-0.014370189705381845,0.012215443158367995
0.0022,-0.0078,-2.6648670098204206,-0.01530946523981875,0.012449335989836122
0.0023,-0.0078,-2.67264143865538,-0.016326123088791125,0.012781062928404528
0.0024,-0.0078,-2.681585937400559,-0.017287696608178003,0.01294816107111732
0.0025,-0.0078,-2.6886261973552834,-0.018259986912968627,0.013144801242627902
0.0026000000000000003,-0.0078,-2.6971749867144155,-0.01930702630386574,0.013271413243060429
0.0027,-0.0078,-2.711840181267967,-0.020104116141094124,0.01336955950722662
0.0028,-0.0078,-2.7205475815207323,-0.021027272242763656,0.013417437352999512
0.0029,-0.0078,-2.73036629463291,-0.02203085039976825,0.013212664935870217
0.003,-0.0078,-2.7402695236686507,-0.023086865303158875,0.01304692724854567
0.0031,-0.0078,-2.750914731526201,-0.02380264567009663,0.01288550203041678
0.0032,-0.0078,-2.761284653542785,-0.02464923050233945,0.012779662570253016
0.0033000000000000004,-0.0078,-2.7733382614841005,-0.025646765171049288,0.012515118258423311
0.0034,-0.0078,-2.7855411213114922,-0.02626677231941741,0.012254978983796558
0.0034999999999999996,-0.0078,-2.7945905923551164,-0.027052509693359036,0.011729248470010398
0.0036,-0.0078,-2.806784124385304,-0.02797154698205377,0.011435087038315347
0.0037,-0.0078,-2.818905661695087,-0.028768039464261735,0.010833098587375821
0.0038,-0.0078,-2.8282762177510037,-0.029390354914322653,0.010272618754226527
0.0039,-0.0078,-2.8394633452191327,-0.029860384997336398,0.009691924215099535
0.004,-0.0078,-2.850067247291759,-0.0306084560459187,0.008895348798575177
0.0041,-0.0078,-2.856861489759278,-0.031167404392131205,0.008141366219549665
0.0042,-0.0078,-2.872055669301072,-0.03180613978448509,0.007510837733326065
0.0043,-0.0078,-2.8763788888965713,-0.032258363856264606,0.006779248257398042
0.0044,-0.0078,-2.886636440236865,-0.033035441754761294,0.0060466998145247836
0.0045,-0.0078,-2.8901369295843633,-0.03328975060707657,0.00521877407665851
0.0046,-0.0078,-2.8916376825773193,-0.033536540548691804,0.004374403095278966
0.0047,-0.0078,-2.8941995046387436,-0.03376830908667015,0.0032335338198474827
0.0048,-0.0078,-2.89923794233966,-0.03410415275980266,0.002064050576782086
0.0049,-0.0078,-2.9044831265337363,-0.03388786165705314,0.0010704189217704276
0.005,-0.0078,-2.9085111238399417,-0.03407958334034955,-0.0001710782624512663
0.0051,-0.0078,-2.903241758106674,-0.03537937396457001,-0.0006457749904397944
0.005200000000000001,-0.0078,-2.8990094699005815,-0.034561298600541045,-0.0016070957321648886
0.0053,-0.0078,-2.8980886150327083,-0.03402238496640385,-0.0023268591148533696
0.0054,-0.0078,-2.9363820197837684,-0.03232214699009004,-0.0035844154725417454
0.0055,-0.0078,-2.9270848625047177,-0.033234009927391873,-0.005378934579620399
0.0056,-0.0078,-2.9041712320595394,-0.03427172451324281,-0.005645968161078508
0.005700000000000001,-0.0078,-2.904197495001613,-0.034845513309235916,-0.006286526565879885
0.0058,-0.0078,-2.889376198529944,-0.03413711848704246,-0.007447846146829464
0.0059,-0.0078,-2.884938803908423,-0.03370706331327166,-0.009061363285834003
0.006,-0.0078,-2.9017724218297447,-0.0338260711029368,-0.010666832064402172
0.0061,-0.0078,-2.8660409886633538,-0.033850165330799487,-0.010888892109122451
0.0062,-0.0078,-2.8750921655731045,-0.03329276217235967,-0.011397728554710794
0.0063,-0.0078,-2.879852800009641,-0.03274164049925209,-0.012601577495823166
0.0064,-0.0078,-2.858768977043295,-0.03235727479562455,-0.013519980802529048
0.006499999999999999,-0.0078,-2.8476370551672154,-0.03158978712789134,-0.014377270374396312
0.006600000000000001,-0.0078,-2.8394804254486896,-0.030776376624145386,-0.014999451647335972
0.0067,-0.0078,-2.823637066890157,-0.030126472069980176,-0.015606080280870963
0.0068,-0.0078,-2.814604171599431,-0.028904682244721744,-0.016118661645482334
0.0069,-0.0078,-2.8039112595250555,-0.02827468905156867,-0.01652346048364438
0.006999999999999999,-0.0078,-2.796703084476845,-0.027163842484484908,-0.01692737579768299
0.007100000000000001,-0.0078,-2.7886381419139346,-0.025961716713156342,-0.01699928505666601
0.0072,-0.0078,-2.7795768196738893,-0.02495810934482154,-0.01728629634256319
0.0073,-0.0078,-2.776993837252143,-0.023889899148872004,-0.017168518700307524
0.0074,-0.0078,-2.7688025022526914,-0.022306344769646592,-0.01712004217948908
0.0075,-0.0078,-2.7628186908870047,-0.02078595012829397,-0.016731452811796926
0.0076,-0.0078,-2.7560873871755653,-0.019467524381094194,-0.01660033636690221
0.0077,-0.0078,-2.753879086095607,-0.01797217509849447,-0.01587899655470141
0.0078,-0.0078,-2.746906754427193,-0.016533728328347066,-0.015201217335187712
0.0079,-0.0078,-2.743249237692096,-0.015191193189235886,-0.014448212653002652
0.008,-0.0078,-2.741979445369328,-0.013570640840570365,-0.0135139553432072
0.0081,-0.0078,-2.7405320175169368,-0.012293746164907512,-0.01253590523201486
0.0082,-0.0078,-2.7386451234998797,-0.010718500934463594,-0.011408642856799104
0.0083,-0.0078,-2.738180431948513,-0.009444045989623118,-0.010502096420398305
0.0084,-0.0078,-2.738804091794014,-0.008164801657630694,-0.00905467337062442
0.0085,-0.0078,-2.7391704150056113,-0.006971863976248999,-0.007961996236287554
0.0086,-0.0078,-2.7402171285606975,-0.005685457283622414,-0.006627141186879078
0.0087,-0.0078,-2.7412237611914168,-0.004788886193952451,-0.005513877613786771
0.0088,-0.0078,-2.7422427408774737,-0.00378241984345293,-0.004279600273813218
0.0089,-0.0078,-2.743311230452667,-0.0029777521897170352,-0.0032609767228405605
0.009,-0.0078,-2.74531418495895,-0.0023001181871799693,-0.0022833397313889027
0.0091,-0.0078,-2.746308060070564,-0.0017144787830562997,-0.0013654478736379733
0.0092,-0.0078,-2.7472110352329775,-0.001242591772820329,-0.0006010062842067694
0.0093,-0.0078,-2.7489964479562916,-0.0008395984856069988,5.202136167548196e-05
0.0094,-0.0078,-2.749480942382857,-0.0005510095640557813,0.0005585647085207717
0.0095,-0.0078,-2.750235103995846,-0.00033231427358261647,0.0008995603746689001
0.0096,-0.0078,-2.7501598608727726,-0.00016917796973375777,0.0010825883861831232
0.0097,-0.0078,-2.7482549508486236,-0.00010479456064570621,0.0011109726869471448
0.0098,-0.0078,-2.747522248694485,-3.5623488126381506e-05,0.0009813783662600062
0.0099,-0.0078,-2.7477672840097447,1.791662079677729e-05,0.0006042024866123341
0.01,-0.0078,-2.750451901239615,0.0,0.0
0.0,-0.0077,-2.604128026316742,0.0,0.0
0.0001,-0.0077,-2.604647780885673,-0.00011689662795012746,0.0010554883385272182
0.0002,-0.0077,-2.606450083643206,-0.0003358971206765731,0.0020213005774198252
0.0003,-0.0077,-2.607119803360829,-0.0006659677217216099,0.002871680636866575
0.0004,-0.0077,-2.607558091452143,-0.001095940263196987,0.0037061191056916424
0.0005,-0.0077,-2.609300906900687,-0.0015967217700116943,0.004449372593387394
0.0006,-0.0077,-2.6098196949814545,-0.002177991371334865,0.005181711959918615
0.0007,-0.0077,-2.6117392922980565,-0.0028193736974639117,0.0058382857146657445
0.0008,-0.0077,-2.6124420107502564,-0.0034808079713199535,0.0064827456056926625
0.0009,-0.0077,-2.6132960733850314,-0.004145534737288354,0.007083339291821091
0.001,-0.0077,-2.6156906387348706,-0.00490170513020613,0.007660863317963959
0.0011,-0.0077,-2.61768381808972,-0.005679121321690898,0.008421708025616452
0.0012,-0.0077,-2.619921732936009,-0.006464676872492589,0.008729083392274925
0.0013000000000000002,-0.0077,-2.6230300893054403,-0.007333730549992815,0.009477160895163858
0.0014,-0.0077,-2.6264516195956817,-0.008281396931588638,0.010157862905992958
0.0015,-0.0077,-2.630214073367253,-0.009099071158746868,0.010365101601030768
0.0016,-0.0077,-2.63417521764317,-0.010022267295861143,0.010977295210036563
0.0017,-0.0077,-2.6389646376007843,-0.01107364423044422,0.011590668715634515
0.0018,-0.0077,-2.646660671538648,-0.011982203556240124,0.011815087303092607
0.0019,-0.0077,-2.6516631899127097,-0.012830366151732607,0.012269901259093375
0.002,-0.0077,-2.6571155356216254,-0.013901694816794498,0.012770106837848197
0.0021,-0.0077,-2.6657402453943293,-0.014833829434650886,0.013147711247187114
0.0022,-0.0077,-2.675077201480153,-0.01586385747621589,0.013420480319899517
0.0023,-0.0077,-2.682474098581748,-0.01686255781281292,0.01374045090059978
0.0024,-0.0077,-2.692301599833975,-0.017774390389291135,0.014013224097938249
0.0025,-0.0077,-2.701435771216388,-0.01881812467983264,0.014056923230917673
0.0026000000000000003,-0.0077,-2.713597472410355,-0.01972767917054702,0.014328968270557485
0.0027,-0.0077,-2.7202594371373374,-0.020659135927412194,0.014288064231542032
0.0028,-0.0077,-2.7350451182045448,-0.02171539750197822,0.014220161637227136
0.0029,-0.0077,-2.7441436115038873,-0.022692548918192564,0.014241014610690328
0.003,-0.0077,-2.7568785514162193,-0.023562525023876235,0.013985158422251865
0.0031,-0.0077,-2.7688507936508215,-0.024489875705128065,0.013881074049537288
0.0032,-0.0077,-2.7809209877024794,-0.025026490768908616,0.013593583025873901
0.0033000000000000004,-0.0077,-2.791739278497214,-0.02604231661612452,0.013340797840812586
0.0034,-0.0077,-2.803132638230809,-0.027034527199311844,0.012897314269462768
0.0034999999999999996,-0.0077,-2.817827797428722,-0.02771574266389772,0.01257029614593435
0.0036,-0.0077,-2.830118125736013,-0.028515497069229165,0.012071263063500544
0.0037,-0.0077,-2.8385837133947533,-0.029209081725276833,0.01151711155721405
0.0038,-0.0077,-2.8511628348223517,-0.029955870842472337,0.010950764246719119
0.0039,-0.0077,-2.865136357638446,-0.03031727783982302,0.010256660917573806
0.004,-0.0077,-2.8775416694311895,-0.03127384334106438,0.009603011614487757
0.0041,-0.0077,-2.8848409193386946,-0.03195781331390192,0.008900589114566263
0.0042,-0.0077,-2.8912222888921786,-0.03247758475214572,0.008077458851366712
0.0043,-0.0077,-2.9041800025770863,-0.03282777792150098,0.00729492753516155
0.0044,-0.0077,-2.9089743514004356,-0.033425637047389885,0.006365251582498739
0.0045,-0.0077,-2.92082829533751,-0.03348156792000725,0.005647348010238255
0.0046,-0.0077,-2.9292398962215973,-0.03408583724765088,0.004629183154837398
0.0047,-0.0077,-2.923664793242198,-0.034318025163202585,0.00365517578442617
0.0048,-0.0077,-2.9457285041819152,-0.03493387163426822,0.002588395778464458
0.0049,-0.0077,-2.9441977351770316,-0.0353587444331959,0.0015050639723959865
0.005,-0.0077,-2.9524239078441004,-0.03573956049971342,0.0004356988755835489
0.0051,-0.0077,-2.9452462825850567,-0.03631337735987804,-0.0008140296327399355
0.005200000000000001,-0.0077,-2.9278838097089124,-0.03480460173735466,-0.0018349124539529167
0.0053,-0.0077,-2.9547379373731117,-0.0357868796718802,-0.00305764535766055
0.0054,-0.0077,-2.948625792109943,-0.0360199077055823,-0.004123485561676892
0.0055,-0.0077,-2.9333778646776403,-0.03549189586823715,-0.00464144006542876
0.0056,-0.0077,-2.916864388214566,-0.035231160325235426,-0.005439853850236651
0.005700000000000001,-0.0077,-2.9385476318376353,-0.03497100247907983,-0.006120680179730447
0.0058,-0.0077,-2.94086831354786,-0.034937658580707916,-0.008005244785118682
0.0059,-0.0077,-2.924498369580942,-0.03433464327319532,-0.009600428334857419
0.006,-0.0077,-2.918865808516472,-0.035246196627134456,-0.00981153718114495
0.0061,-0.0077,-2.906198801167381,-0.03441481555619979,-0.010180775301778067
0.0062,-0.0077,-2.933462467365493,-0.03387763897314256,-0.01213239919497669
0.0063,-0.0077,-2.8934317358450206,-0.033892433633120674,-0.013383878498509819
0.0064,-0.0077,-2.8669274420738637,-0.033374888485760895,-0.014272158113852063
0.006499999999999999,-0.0077,-2.87023506605083,-0.032885159764266085,-0.015085957643375543
0.006600000000000001,-0.0077,-2.878897354263912,-0.031936678881153154,-0.015765761564694867
0.0067,-0.0077,-2.85725288494932,-0.03115825572766361,-0.016395361415920816
0.0068,-0.0077,-2.8366709261323275,-0.03036308756846875,-0.017104187029795447
0.0069,-0.0077,-2.827882790937048,-0.029202028041835415,-0.017498351838504213
0.006999999999999999,-0.0077,-2.823827122534875,-0.0283845614192184,-0.01798788385131461
0.007100000000000001,-0.0077,-2.811439801102868,-0.027591964496666066,-0.018304785847516297
0.0072,-0.0077,-2.8001259456841407,-0.026143297914879484,-0.01839130599195515
0.0073,-0.0077,-2.7938244920380866,-0.025199099086409493,-0.01867875086762847
0.0074,-0.0077,-2.7845305759626107,-0.023651937456765765,-0.018504008605252583
0.0075,-0.0077,-2.778508749471547,-0.022518491770775,-0.018368767602388595
0.0076,-0.0077,-2.770259909564297,-0.020798927643208367,-0.01781197899118287
0.0077,-0.0077,-2.763671227208809,-0.019509830527903595,-0.017377793445385134
0.0078,-0.0077,-2.759491299801317,-0.017955091216421994,-0.016792343981009827
0.0079,-0.0077,-2.7557218503706764,-0.01641843406060539,-0.01607769590273992
0.008,-0.0077,-2.7507555779869692,-0.015040118422051744,-0.015206398905721036
0.0081,-0.0077,-2.7474355236161294,-0.013193171874684629,-0.013962589736596776
0.0082,-0.0077,-2.7459918868234987,-0.011932446664210977,-0.012710806143764249
0.0083,-0.0077,-2.744553383932964,-0.010633046077451302,-0.011467192641624942
0.0084,-0.0077,-2.7430644321332958,-0.009051202954872054,-0.010517634444080349
0.0085,-0.0077,-2.743029967103247,-0.007885370257235546,-0.009059037124268842
0.0086,-0.0077,-2.7433304737679465,-0.006394024368797383,-0.00786624999537206
0.0087,-0.0077,-2.7443897309471432,-0.005279076494779793,-0.006547465198833586
0.0088,-0.0077,-2.745788208415898,-0.0043070231068279155,-0.005142616308774373
0.0089,-0.0077,-2.746648103313725,-0.0034570314478942713,-0.004074104007407096
0.009,-0.0077,-2.747920335808405,-0.0026476626452340236,-0.002933627379728851
0.0091,-0.0077,-2.7490530157567905,-0.0020075659970867333,-0.0019264300082850441
0.0092,-0.0077,-2.7501544918148007,-0.0014580497661080504,-0.0010452960240456698
0.0093,-0.0077,-2.751807607019569,-0.0010200670233965039,-0.000315353226667985
0.0094,-0.0077,-2.7526495101757993,-0.0006713914463006675,0.0002870902849658177
0.0095,-0.0077,-2.7538600017465114,-0.0004215254907748955,0.0007163122129910948
0.0096,-0.0077,-2.7521275386939776,-0.00023278797752393808,0.0009854191020535895
0.0097,-0.0077,-2.7550684878317067,-0.00013240805320192012,0.0010559360346687888
0.0098,-0.0077,-2.7610589437590765,-5.381204857250741e-05,0.0009284168554610624
0.0099,-0.0077,-2.755672644014642,2.259698397882657e-06,0.0006196124999003772
0.01,-0.0077,-2.7502379910745796,0.0,0.0
0.0,-0.0076,-2.6049719225573074,0.0,0.0
0.0001,-0.0076,-2.605673227669287,-0.00012323036993402671,0.0011749037983309859
0.0002,-0.0076,-2.6073362406982947,-0.0003630604306452672,0.002288449040104038
0.0003,-0.0076,-2.6093748526645837,-0.0007020714533036219,0.0032938828367196577
0.0004,-0.0076,-2.610095789971349,-0.0011593452042349378,0.004185748340369055
0.0005,-0.0076,-2.6110799275901453,-0.0016837527107991018,0.005015925587960383
0.0006,-0.0076,-2.6119441346863064,-0.002288857891367418,0.005779683030840542
0.0007,-0.0076,-2.6138642220782846,-0.002950846904046872,0.0065182073504319515
0.0008,-0.0076,-2.6152886658688366,-0.0036545473230210797,0.007210244816402547
0.0009,-0.0076,-2.616255508296898,-0.004382640750824426,0.007749010906932263
0.001,-0.0076,-2.618352531829285,-0.005165806033646754,0.008389113123986032
0.0011,-0.0076,-2.6210776871539117,-0.00598355433979027,0.008992552635821686
0.0012,-0.0076,-2.623152162947246,-0.006810737054590774,0.009676791466152369
0.0013000000000000002,-0.0076,-2.626524875519205,-0.007701426461400877,0.010187551914090629
0.0014,-0.0076,-2.630607483580535,-0.00859812662145458,0.010929821796997457
0.0015,-0.0076,-2.6351684361302734,-0.00942008053032554,0.01139452838412087
0.0016,-0.0076,-2.6392552687311057,-0.010447685241162012,0.011972926704449306
0.0017,-0.0076,-2.645792336138634,-0.011352673602419842,0.012529938914332054
0.0018,-0.0076,-2.650803352578871,-0.012333846438316072,0.012935545264013746
0.0019,-0.0076,-2.6590094669592497,-0.013303043996996776,0.013364745819049346
0.002,-0.0076,-2.6645026798982525,-0.014338682381291268,0.013782782899807083
0.0021,-0.0076,-2.6734993351128975,-0.015310127718052798,0.014083776321809611
0.0022,-0.0076,-2.6835098845736454,-0.016314735800258728,0.014404613041594709
0.0023,-0.0076,-2.694275033719887,-0.017234427514448352,0.014690504382749431
0.0024,-0.0076,-2.7005395825914666,-0.01829778113663208,0.014908352070553552
0.0025,-0.0076,-2.7117111002167285,-0.019249450674922917,0.015052911079499146
0.0026000000000000003,-0.0076,-2.7255675978309686,-0.020217341231651198,0.015171007506642856
0.0027,-0.0076,-2.7367390446819435,-0.021104419150043612,0.015231591518887956
0.0028,-0.0076,-2.7486518815045984,-0.022172881476622802,0.015148747266564922
0.0029,-0.0076,-2.762425427706917,-0.02293739323749064,0.015228036204488003
0.003,-0.0076,-2.7733976351649106,-0.024031223971004285,0.014955674255489621
0.0031,-0.0076,-2.7861750417321196,-0.024921926149510266,0.014709569861207208
0.0032,-0.0076,-2.7994400711674805,-0.02567410675253541,0.014546689245712877
0.0033000000000000004,-0.0076,-2.8141871427770426,-0.02667841338413104,0.014040041121073904
0.0034,-0.0076,-2.825728097924605,-0.027364111057070657,0.013780543252916328
0.0034999999999999996,-0.0076,-2.8399521315687646,-0.028204344694243433,0.013366661615349837
0.0036,-0.0076,-2.855327337825924,-0.028826853008402133,0.012847271657430282
0.0037,-0.0076,-2.8657103043787067,-0.029511241421734277,0.012172111469570184
0.0038,-0.0076,-2.8828663971181183,-0.030369797883784157,0.011636059242391554
0.0039,-0.0076,-2.8940186013528564,-0.030828277061490474,0.010890233556186034
0.004,-0.0076,-2.9015629138810004,-0.03167579914444902,0.010214501290678074
0.0041,-0.0076,-2.9127480687326495,-0.03206270265950973,0.009401172894779939
0.0042,-0.0076,-2.9271857384344235,-0.03251892356322988,0.008609624396529184
0.0043,-0.0076,-2.935216272196377,-0.0335135007371021,0.007903865925098803
0.0044,-0.0076,-2.9410202918878046,-0.03409427229353113,0.006817353872029962
0.0045,-0.0076,-2.94944506687262,-0.03412510977074003,0.005928447480065116
0.0046,-0.0076,-2.964152011397907,-0.03451948738315464,0.004931279981544984
0.0047,-0.0076,-2.97496986119448,-0.03483954866302017,0.003951650595300107
0.0048,-0.0076,-2.9733557342721673,-0.03536878261758774,0.0029549691117614057
0.0049,-0.0076,-2.9729299285462805,-0.035275215689218986,0.00192183923770745
0.005,-0.0076,-2.9914862139357195,-0.03563734283724148,0.0008192641929799639
0.0051,-0.0076,-2.990617878677052,-0.036231183465600614,-0.00028402893814584456
0.005200000000000001,-0.0076,-2.992163893420474,-0.03648390054206662,-0.0015013651294162886
0.0053,-0.0076,-3.0075416225690272,-0.03598585829200791,-0.002679824621136129
0.0054,-0.0076,-2.991235118452166,-0.03715570074217568,-0.004019845641175806
0.0055,-0.0076,-2.979706118638665,-0.037343155806087845,-0.005091076082560006
0.0056,-0.0076,-2.941697502039581,-0.03658253500859771,-0.006288942941093051
0.005700000000000001,-0.0076,-2.995825720547854,-0.035383436276052484,-0.007817691334576497
0.0058,-0.0076,-2.9706654258265477,-0.0367047198864817,-0.008109473497906498
0.0059,-0.0076,-2.945347752902503,-0.03660032630999875,-0.0080147608547083
0.006,-0.0076,-2.9573329965817257,-0.035531794044630576,-0.010357766534026057
0.0061,-0.0076,-2.967749433608338,-0.03524010828616827,-0.011415621837527633
0.0062,-0.0076,-2.9456755835274313,-0.03523160443702785,-0.013070649600314128
0.0063,-0.0076,-2.9249482754098777,-0.03480545903292408,-0.013561841436538463
0.0064,-0.0076,-2.9096885966067663,-0.03433176116596759,-0.014518949039862046
0.006499999999999999,-0.0076,-2.9003725079831177,-0.0337912771870628,-0.015809444636796382
0.006600000000000001,-0.0076,-2.8934734162436286,-0.0331188260065038,-0.01666856239750478
0.0067,-0.0076,-2.8783449215871038,-0.03246755059799633,-0.01701591662383326
0.0068,-0.0076,-2.8649940820942374,-0.03133678647886975,-0.01786591472427097
0.0069,-0.0076,-2.8612856985877664,-0.030784976124032044,-0.018548690138132217
0.006999999999999999,-0.0076,-2.8452790792152167,-0.029681988497886683,-0.019111753401958666
0.007100000000000001,-0.0076,-2.838169420490989,-0.028840728342213115,-0.019201997218357594
0.0072,-0.0076,-2.8240931489964143,-0.027713075419325658,-0.019612707526741328
0.0073,-0.0076,-2.8147471347965536,-0.026355826965731854,-0.01963215463227691
0.0074,-0.0076,-2.806633432756118,-0.02533188661059781,-0.019676799874106844
0.0075,-0.0076,-2.797095073133315,-0.023509676981945844,-0.01962882657772382
0.0076,-0.0076,-2.785011501012295,-0.022596766053284707,-0.019468054218520724
0.0077,-0.0076,-2.778628634535255,-0.021047884733562325,-0.018849394967141178
0.0078,-0.0076,-2.7708758780620872,-0.019514911707899804,-0.018266884625250803
0.0079,-0.0076,-2.764985276960635,-0.017676272390597634,-0.01752533352822626
0.008,-0.0076,-2.7595821700191885,-0.01629528570226919,-0.016697938603680032
0.0081,-0.0076,-2.7562302989328633,-0.014546751430081349,-0.015522159016845106
0.0082,-0.0076,-2.751196481383194,-0.013278494689952083,-0.014591538003895808
0.0083,-0.0076,-2.7498579578016837,-0.011552278077186002,-0.013234967178914323
0.0084,-0.0076,-2.748197486818655,-0.010028742011489473,-0.012099629842628072
0.0085,-0.0076,-2.7473700886450976,-0.008584640436588745,-0.010577757735189184
0.0086,-0.0076,-2.747354317154268,-0.007164004493481747,-0.009196118941206583
0.0087,-0.0076,-2.747872062912567,-0.006099079797884608,-0.007554427471397316
0.0088,-0.0076,-2.7485494018243037,-0.0048794625060865,-0.006309021444762793
0.0089,-0.0076,-2.7495173525523806,-0.003893088413466061,-0.0049172824951792685
0.009,-0.0076,-2.7511878533366154,-0.003065473722324946,-0.003709225585394646
0.0091,-0.0076,-2.752586377533369,-0.002319352159115035,-0.00259683899898438
0.0092,-0.0076,-2.7534997476305634,-0.001701427847733139,-0.0015691122998551768
0.0093,-0.0076,-2.754922255382667,-0.0012003471018256235,-0.000732727159219669
0.0094,-0.0076,-2.7566371546977515,-0.0007981745902693326,-3.802647240772326e-05
0.0095,-0.0076,-2.756915455594991,-0.0004893401111337301,0.0004831054551124629
0.0096,-0.0076,-2.7595009201675103,-0.0002774935719781042,0.0008105074334767746
0.0097,-0.0076,-2.7609546555784443,-0.0001249662528307039,0.0009067836879914636
0.0098,-0.0076,-2.759684518342407,-3.779321430044323e-05,0.0007786784043662317
0.0099,-0.0076,-2.762266975877599,-1.0733856182307557e-05,0.0005282110503262415
0.01,-0.0076,-2.765343438406946,0.0,0.0
0.0,-0.0075,-2.608315022465541,0.0,0.0
0.0001,-0.0075,-2.6088153096531164,-0.00012880868301091907,0.0013623221236491816
0.0002,-0.0075,-2.608879350396198,-0.00038437211137047763,0.0025840550107896747
0.0003,-0.0075,-2.6113573638885588,-0.0007409218341701064,0.0036837314026853863
0.0004,-0.0075,-2.6120389176907173,-0.001190663551035175,0.004686507590542552
0.0005,-0.0075,-2.613693571585845,-0.0017800323951010747,0.00559346292379591
0.0006,-0.0075,-2.6150074817397155,-0.0024016025355942136,0.006441362695735937
0.0007,-0.0075,-2.615661161951536,-0.003114923000167385,0.007187476660242992
0.0008,-0.0075,-2.6176743579348924,-0.003767711558454791,0.007873367646481605
0.0009,-0.0075,-2.619670753801901,-0.00462615833511867,0.008608768171140506
0.001,-0.0075,-2.6216717205539894,-0.005294307286690853,0.009329743509506536
0.0011,-0.0075,-2.6240621803807005,-0.006169981345290412,0.01010885181538887
0.0012,-0.0075,-2.6273197918587434,-0.007057220365941664,0.010616806585330313
0.0013000000000000002,-0.0075,-2.6310172979435165,-0.00796950540134867,0.011034255252794063
0.0014,-0.0075,-2.6346800877337984,-0.008917190644615483,0.011707610841339785
0.0015,-0.0075,-2.640648232142345,-0.009826256808419566,0.012288712223607697
0.0016,-0.0075,-2.646210124957696,-0.01073645200081226,0.012874393238717315
0.0017,-0.0075,-2.6525459341691087,-0.011648818386279548,0.013481007904448986
0.0018,-0.0075,-2.656672000664569,-0.012682021694174107,0.013897259816816063
0.0019,-0.0075,-2.663713928579653,-0.013700348420751263,0.014402057903780775
0.002,-0.0075,-2.674303164509375,-0.014695654476174463,0.014789422503660818
0.0021,-0.0075,-2.6840347040849823,-0.01568120472993786,0.015125591242231035
0.0022,-0.0075,-2.6938011543198774,-0.016713390400153755,0.015462433860178704
0.0023,-0.0075,-2.706515360511793,-0.017799147226726885,0.015746259597375484
0.0024,-0.0075,-2.7168553975089456,-0.018637952569431532,0.016043339231560424
0.0025,-0.0075,-2.7263881927831455,-0.019594094860151214,0.015999021290397836
0.0026000000000000003,-0.0075,-2.739563490885184,-0.020499803300415412,0.0160470653001247
0.0027,-0.0075,-2.751549941299917,-0.02167424374432091,0.016212576270182102
0.0028,-0.0075,-2.765620562434614,-0.02256370725682885,0.01621873798998765
0.0029,-0.0075,-2.7783977349790963,-0.023302691945138187,0.01612198553506222
0.003,-0.0075,-2.793663146898611,-0.02437181187177132,0.01581729724187999
0.0031,-0.0075,-2.809061008264452,-0.025174690967435465,0.015625802507796594
0.0032,-0.0075,-2.821999667241006,-0.026097172295772905,0.015385032323054446
0.0033000000000000004,-0.0075,-2.8377988722555743,-0.026975310220722023,0.015001961753510325
0.0034,-0.0075,-2.850754531405836,-0.027765952212578104,0.014470921847172694
0.0034999999999999996,-0.0075,-2.865868391706721,-0.02843347775307119,0.01406355154517827
0.0036,-0.0075,-2.878834319580748,-0.02922464146030039,0.013420049379696096
0.0037,-0.0075,-2.8939261492678967,-0.029985513304405766,0.012934202302901222
0.0038,-0.0075,-2.905445321354792,-0.030647184596831648,0.012288062336740721
0.0039,-0.0075,-2.921954405589947,-0.03137875403035811,0.011653302266115394
0.004,-0.0075,-2.9346433177037548,-0.03214154894114664,0.01088560935512268
0.0041,-0.0075,-2.9425786598704713,-0.03268335004059641,0.010042089747506073
0.0042,-0.0075,-2.960595666308722,-0.03279702766724205,0.009182771815561238
0.0043,-0.0075,-2.9673584739262204,-0.03346647877940068,0.008310872343689721
0.0044,-0.0075,-2.9742026284384724,-0.03431927305939982,0.007443401378254446
0.0045,-0.0075,-2.985687445534456,-0.03430643220005964,0.00634038392262412
0.0046,-0.0075,-3.0023999318334655,-0.034967440194992,0.0052993674706054775
0.0047,-0.0075,-3.0049451062466837,-0.03506095537338857,0.004149125475214247
0.0048,-0.0075,-3.0056081654528977,-0.035251270148057866,0.0030641634846590377
0.0049,-0.0075,-3.0143925892542187,-0.035989305372113055,0.002236443391534032
0.005,-0.0075,-3.0166395464088396,-0.03627265325254503,0.0010513309646172013
0.0051,-0.0075,-3.0381379817815075,-0.03610659216274326,0.00011516279629334809
0.005200000000000001,-0.0075,-3.0138943835860683,-0.03640909783139033,-0.0013897022473927313
0.0053,-0.0075,-3.023765710761773,-0.03693239734670929,-0.0028168614560314933
0.0054,-0.0075,-3.019661742112564,-0.036996116680784875,-0.003975295829687745
0.0055,-0.0075,-2.9932517248250172,-0.037541282413247126,-0.004922179850802247
0.0056,-0.0075,-2.9991052578178,-0.03740036659957715,-0.006134748508352861
0.005700000000000001,-0.0075,-3.0292787045442595,-0.036868817566318525,-0.006912983828601446
0.0058,-0.0075,-2.970447625491068,-0.03674578254650781,-0.008596741283270754
0.0059,-0.0075,-2.9906967281748056,-0.0361201560688254,-0.009478960724190064
0.006,-0.0075,-2.9918510090049084,-0.03668558636563035,-0.01115155574459982
0.0061,-0.0075,-2.9953713135981292,-0.036730051840605085,-0.011778004342420718
0.0062,-0.0075,-2.9719481117573023,-0.03601940503532443,-0.013050608772137762
0.0063,-0.0075,-2.994902068923939,-0.03534340273945665,-0.013553478730163835
0.0064,-0.0075,-2.9700160762521146,-0.03501977695813368,-0.014958807502039692
0.006499999999999999,-0.0075,-2.926394167910455,-0.034853398249454486,-0.016245164814333215
0.006600000000000001,-0.0075,-2.93616326729814,-0.03399518105746593,-0.016874481581860085
0.0067,-0.0075,-2.921209555163666,-0.032891912349848125,-0.017945787178017394
0.0068,-0.0075,-2.900238151845668,-0.032658252692470656,-0.01873750743876849
0.0069,-0.0075,-2.8874206664423654,-0.03196656907198668,-0.019229045735937023
0.006999999999999999,-0.0075,-2.8734257019574203,-0.03094774999656029,-0.019818987940201593
0.007100000000000001,-0.0075,-2.86328403133362,-0.029990031309804866,-0.020387082948034648
0.0072,-0.0075,-2.8508846684407456,-0.02901556972284628,-0.020779865338644028
0.0073,-0.0075,-2.8376837927448006,-0.027632293170768166,-0.020905014541301767
0.0074,-0.0075,-2.8263812410189306,-0.026531987648177702,-0.021166136897433036
0.0075,-0.0075,-2.8146927713126737,-0.025099760432368518,-0.02108914732879192
0.0076,-0.0075,-2.803310693498853,-0.023917489081206163,-0.02099054007171718
0.0077,-0.0075,-2.7952627346105534,-0.02207751854825947,-0.020371973011270614
0.0078,-0.0075,-2.7848637438024015,-0.020692413427032902,-0.020015412021570794
0.0079,-0.0075,-2.7776455305240018,-0.01913120294224646,-0.01907248644047442
0.008,-0.0075,-2.7696110352514425,-0.017389619373170063,-0.018363210028350046
0.0081,-0.0075,-2.7659188477037358,-0.01597640886111949,-0.017243448890327813
0.0082,-0.0075,-2.7615023383014923,-0.014350765794738244,-0.01603346696009921
0.0083,-0.0075,-2.7558485140254363,-0.012785710003134094,-0.014636406296376678
0.0084,-0.0075,-2.755554056763389,-0.011099169700225906,-0.01343427713284056
0.0085,-0.0075,-2.7529164695349526,-0.009662566890409474,-0.011830118282914776
0.0086,-0.0075,-2.752059771323508,-0.008235138942510023,-0.010473170484364629
0.0087,-0.0075,-2.7518695156695263,-0.006744258862862034,-0.00891928150745743
0.0088,-0.0075,-2.7527195415070285,-0.005504207697367848,-0.007442706256818504
0.0089,-0.0075,-2.7530545151640706,-0.004420537921440377,-0.006005446811510554
0.009,-0.0075,-2.7545855735980145,-0.0034923898996141243,-0.004543824776176666
0.0091,-0.0075,-2.7562572362318543,-0.002645131444927685,-0.00332443369659792
0.0092,-0.0075,-2.7571655068401277,-0.001971692155424375,-0.0021817850087584483
0.0093,-0.0075,-2.7589427527218557,-0.001388267701876608,-0.0012082512764206561
0.0094,-0.0075,-2.760276007678462,-0.000925906475207725,-0.00042239170673884387
0.0095,-0.0075,-2.761567334183633,-0.0005760809649455765,0.00019866884875977334
0.0096,-0.0075,-2.7636745581103304,-0.00033029267364104896,0.0006071460031847484
0.0097,-0.0075,-2.7615843660157773,-0.00013471023384539052,0.0007897664570086581
0.0098,-0.0075,-2.7583191593669083,-4.152619289048828e-05,0.0007721890425194715
0.0099,-0.0075,-2.76523728064672,-2.236849625711773e-05,0.0004889325604659631
0.01,-0.0075,-2.7704119273154455,0.0,0.0
0.0,-0.0074,-2.6106702328577756,0.0,0.0
0.0001,-0.0074,-2.612216595355468,-0.00013467055112889644,0.0015378586285898185
0.0002,-0.0074,-2.6128177233898144,-0.0003933152053823287,0.0029198038416872463
0.0003,-0.0074,-2.613236646921794,-0.000770060073004771,0.004107747766803964
0.0004,-0.0074,-2.6156960885226628,-0.0012465894778598923,0.005210637891376784
0.0005,-0.0074,-2.6168785679761455,-0.0018884523382563878,0.006196184467049676
0.0006,-0.0074,-2.617864504665842,-0.00244256095745919,0.0070797829809148395
0.0007,-0.0074,-2.6188075477305035,-0.003129916842533567,0.007852044324484322
0.0008,-0.0074,-2.6209791492385044,-0.003931162592853627,0.008696125899641862
0.0009,-0.0074,-2.62280665346,-0.004771220657845581,0.00929464989114769
0.001,-0.0074,-2.6250324846096404,-0.005509599883456089,0.010152570361017946
0.0011,-0.0074,-2.628173684273477,-0.006484976953705879,0.01086375035256857
0.0012,-0.0074,-2.631670742929349,-0.00727715617675501,0.01145031439921766
0.0013000000000000002,-0.0074,-2.6358345783728545,-0.008284566418105611,0.012056625685252446
0.0014,-0.0074,-2.6405975061670306,-0.009175485180563084,0.012608125573474186
0.0015,-0.0074,-2.6463919119263575,-0.010087576875707724,0.013370439290262527
0.0016,-0.0074,-2.651942056933537,-0.011054819563742735,0.013976061772942175
0.0017,-0.0074,-2.6583649060305725,-0.01201920756345518,0.014351456810409996
0.0018,-0.0074,-2.6671174972455294,-0.013020242883240763,0.014811004905106326
0.0019,-0.0074,-2.674803073301914,-0.01394494701790102,0.015324208469900642
0.002,-0.0074,-2.6831139035006966,-0.014997635693145665,0.015802712425809728
0.0021,-0.0074,-2.6948979302970644,-0.015937938687268418,0.016096634605870696
0.0022,-0.0074,-2.703553096840734,-0.016923627969212107,0.016500078121273774
0.0023,-0.0074,-2.715704343251601,-0.017906915722211786,0.016680259751425938
0.0024,-0.0074,-2.729476910497159,-0.01887853942053653,0.017000176100143188
0.0025,-0.0074,-2.7400749862256757,-0.019973753443761896,0.01723555680382439
0.0026000000000000003,-0.0074,-2.755726799809848,-0.020856837866784377,0.01702026339755835
0.0027,-0.0074,-2.768325878345137,-0.02177524346756779,0.01701175539987579
0.0028,-0.0074,-2.7817136385497254,-0.02275702896902547,0.017168197137147234
0.0029,-0.0074,-2.797931962499923,-0.02355982309832752,0.0170096458201066
0.003,-0.0074,-2.813578700530775,-0.024840340448975883,0.01662399757133714
0.0031,-0.0074,-2.827287790544648,-0.025449982083774247,0.01654717435035256
0.0032,-0.0074,-2.8419553090583056,-0.026467701061017746,0.01616105662708773
0.0033000000000000004,-0.0074,-2.8591106250505396,-0.026981608084821376,0.015798169533285677
0.0034,-0.0074,-2.877410176611962,-0.027915736873726227,0.015345869107315523
0.0034999999999999996,-0.0074,-2.892258618479587,-0.02864599980756434,0.014830369849948342
0.0036,-0.0074,-2.9076674849198483,-0.029368598383820832,0.014210559096889706
0.0037,-0.0074,-2.9230212958709125,-0.030258379562924726,0.013614886023165036
0.0038,-0.0074,-2.935758633525688,-0.030824124725108083,0.013085177934356866
0.0039,-0.0074,-2.952079817241386,-0.03126626263557336,0.012214280274251518
0.004,-0.0074,-2.964159883632903,-0.03189316500248038,0.0113403463446329
0.0041,-0.0074,-2.977328271056095,-0.03251022903933485,0.010547656095681666
0.0042,-0.0074,-2.9913410964882243,-0.03321909930531935,0.009573747720123486
0.0043,-0.0074,-2.9998367734568103,-0.033763217843533616,0.008638070798190144
0.0044,-0.0074,-3.006229465608554,-0.03390270662312403,0.007835777827051915
0.0045,-0.0074,-3.0301321032832194,-0.03424998784765986,0.00677426055760291
0.0046,-0.0074,-3.032396152844833,-0.035038365315909675,0.0056161863242715875
0.0047,-0.0074,-3.037713148325315,-0.03543743405172891,0.004541535427875211
0.0048,-0.0074,-3.0419660901456336,-0.03582690912625457,0.003595673035234185
0.0049,-0.0074,-3.0503259994231575,-0.035863021325880706,0.002478625842796181
0.005,-0.0074,-3.062651565031764,-0.036172054499859156,0.0012589534355379453
0.0051,-0.0074,-3.0698450825181296,-0.03628786813741821,4.025994251121504e-05
0.005200000000000001,-0.0074,-3.065886047993146,-0.03687412992653018,-0.0011430342928068595
0.0053,-0.0074,-3.0480160370016223,-0.03723608581161608,-0.002316832658670559
0.0054,-0.0074,-3.0711215299307355,-0.037239862524303835,-0.003413267474463125
0.0055,-0.0074,-3.059644135169145,-0.037928934169239904,-0.004930253217561764
0.0056,-0.0074,-3.0073723128134717,-0.03747221077551678,-0.006640253179016978
0.005700000000000001,-0.0074,-3.057997232953049,-0.035602327512779905,-0.008045866031111423
0.0058,-0.0074,-3.0614177443950417,-0.037313872145553116,-0.008246387303226032
0.0059,-0.0074,-3.026377212529639,-0.03695627956909651,-0.009812700609793801
0.006,-0.0074,-3.0604699088868688,-0.03674450803957049,-0.01075947690983114
0.0061,-0.0074,-3.027519740203283,-0.036901693560919734,-0.011758941561546785
0.0062,-0.0074,-3.017336818572645,-0.03616476412502378,-0.012823682000273538
0.0063,-0.0074,-3.0155251152420917,-0.0356995335091573,-0.014339500349836538
0.0064,-0.0074,-2.9846263316214348,-0.036332723266167495,-0.015751113515041323
0.006499999999999999,-0.0074,-2.9733665136314764,-0.03588397177378402,-0.01619094569294619
0.006600000000000001,-0.0074,-2.965631867647406,-0.034925602191253645,-0.017512116193160076
0.0067,-0.0074,-2.9443067017384372,-0.03448092710619615,-0.018498873230188652
0.0068,-0.0074,-2.928935658479552,-0.03377402749023415,-0.0193883768814177
0.0069,-0.0074,-2.9244490100101066,-0.0327787121057009,-0.0202285153952586
0.006999999999999999,-0.0074,-2.8986021649422997,-0.031813774743959876,-0.020836091032177557
0.007100000000000001,-0.0074,-2.8887106193186733,-0.03104764487649594,-0.02134079371960969
0.0072,-0.0074,-2.8771225622109293,-0.030032814438285302,-0.02181563190873259
0.0073,-0.0074,-2.8661468904034697,-0.02918363194321016,-0.02217216470657936
0.0074,-0.0074,-2.8485220702281584,-0.02777277269506372,-0.02236943589123776
0.0075,-0.0074,-2.8359296970337984,-0.02639371700855498,-0.0222408232336794
0.0076,-0.0074,-2.8273920068998364,-0.025071805697964133,-0.022281563156776162
0.0077,-0.0074,-2.8115464659706357,-0.023669175806457905,-0.02187541491563373
0.0078,-0.0074,-2.802247465652474,-0.02224722075416009,-0.021562855921561874
0.0079,-0.0074,-2.7914383306281048,-0.020505936985227496,-0.021003705215916543
0.008,-0.0074,-2.783644609364478,-0.01874938919585774,-0.02002514663898823
0.0081,-0.0074,-2.7759076962624674,-0.017335816721808662,-0.01875154896631514
0.0082,-0.0074,-2.7687883131887063,-0.015366735709743756,-0.017720290399331217
0.0083,-0.0074,-2.766504243378739,-0.013658712170605245,-0.016365238735809893
0.0084,-0.0074,-2.7619616382509142,-0.012122730198915863,-0.015029393221525795
0.0085,-0.0074,-2.758957924915185,-0.010478118005585341,-0.013343702084542552
0.0086,-0.0074,-2.7573157109381037,-0.008960322812496568,-0.011820122457079772
0.0087,-0.0074,-2.7565194349654383,-0.007409445051713698,-0.010263822114634627
0.0088,-0.0074,-2.756542252952089,-0.006084339333611112,-0.008361950445891178
0.0089,-0.0074,-2.7571742780630903,-0.0049328208311636606,-0.006964900614650215
0.009,-0.0074,-2.758465256771866,-0.0039415055176266044,-0.005443690994822274
0.0091,-0.0074,-2.7600890098512427,-0.003042646468032548,-0.004099910911304817
0.0092,-0.0074,-2.7612445962272925,-0.002226081706115893,-0.0028407959654383435
0.0093,-0.0074,-2.762888222009491,-0.0016009657096568764,-0.0017527766048008769
0.0094,-0.0074,-2.764253371963174,-0.0010797980747526757,-0.0008365357968822603
0.0095,-0.0074,-2.766336165122908,-0.0006790700044881238,-0.0001148583281752083
0.0096,-0.0074,-2.767098357866111,-0.0003855328537818493,0.00038086830299677207
0.0097,-0.0074,-2.76743422127932,-0.00019181241375146543,0.0006686432710236447
0.0098,-0.0074,-2.7703840708010325,-0.00011842546134806422,0.0006929925950262359
0.0099,-0.0074,-2.7654216428901752,-5.834016484775975e-05,0.00044046640869917274
0.01,-0.0074,-2.758095588464724,0.0,0.0
0.0,-0.0073,-2.6131342866272713,0.0,0.0
0.0001,-0.0073,-2.6151083981976018,-0.00013888364897782872,0.0017099337413038957
0.0002,-0.0073,-2.615013279605764,-0.0004093936327061708,0.0032345383862185276
0.0003,-0.0073,-2.617564130000508,-0.0008001528561029273,0.004565075621660789
0.0004,-0.0073,-2.618257957473415,-0.0012933899625709425,0.005756579999421096
0.0005,-0.0073,-2.620367034307141,-0.001883050296286474,0.006800424711914866
0.0006,-0.0073,-2.621838708699226,-0.0025578661320093486,0.007763950823630093
0.0007,-0.0073,-2.62276276585109,-0.0032775426996754127,0.008707506815246532
0.0008,-0.0073,-2.6246086444737675,-0.004031233325110655,0.009346715436748018
0.0009,-0.0073,-2.6268710010216414,-0.004893485269177784,0.010142881202863647
0.001,-0.0073,-2.6300192409317265,-0.005659576464230655,0.01082970463549325
0.0011,-0.0073,-2.6330081445926354,-0.006568208618495917,0.011656120624432484
0.0012,-0.0073,-2.6367044001907654,-0.007446782660432811,0.012411987304277328
0.0013000000000000002,-0.0073,-2.641821123987098,-0.008394042225079675,0.013088609269314683
0.0014,-0.0073,-2.646212817753472,-0.009324007842478164,0.013772233602581336
0.0015,-0.0073,-2.65325907986064,-0.010178205673258243,0.014030497797052047
0.0016,-0.0073,-2.6600055376080327,-0.0112721119073576,0.0147584321267359
0.0017,-0.0073,-2.667727832931606,-0.012252889310825497,0.015429637618673005
0.0018,-0.0073,-2.6746219288007613,-0.013178092248347076,0.01590320357264114
0.0019,-0.0073,-2.6848783247119856,-0.014199732532957794,0.01633896974113026
0.002,-0.0073,-2.6937787996876263,-0.015197928248842602,0.016753937208558962
0.0021,-0.0073,-2.706452207310945,-0.016315735447908344,0.01706303446064709
0.0022,-0.0073,-2.717687145040113,-0.01721079267767927,0.017423821529162643
0.0023,-0.0073,-2.7335856857045497,-0.018112578114316446,0.017809393278297798
0.0024,-0.0073,-2.7440821477403685,-0.019254341211543874,0.017742615384476076
0.0025,-0.0073,-2.7582373810354857,-0.020159934721163116,0.01796527283799821
0.0026000000000000003,-0.0073,-2.77272508209656,-0.02123094826646267,0.018028403493446123
0.0027,-0.0073,-2.786066070877416,-0.02190182777740618,0.01792617284317718
0.0028,-0.0073,-2.8031100063023757,-0.02299413039057193,0.017972189257977885
0.0029,-0.0073,-2.81694472546925,-0.0238560155330574,0.017965080106203842
0.003,-0.0073,-2.8335131402651754,-0.024745074080460772,0.017780689439572627
0.0031,-0.0073,-2.851381608143405,-0.025661850225167506,0.017425432271815696
0.0032,-0.0073,-2.8679938470290534,-0.02633188121693582,0.016972708624055182
0.0033000000000000004,-0.0073,-2.88530669418242,-0.027223204635937883,0.01665123040642564
0.0034,-0.0073,-2.9012800606883293,-0.02795889100756519,0.01605680497866593
0.0034999999999999996,-0.0073,-2.918342337821395,-0.028822872151274333,0.015552670069055042
0.0036,-0.0073,-2.9352375183437225,-0.029500618468593545,0.014851726862671527
0.0037,-0.0073,-2.9534655388752213,-0.030154278720233386,0.014187632997549438
0.0038,-0.0073,-2.9712278769030407,-0.03066648235929519,0.013709944799025313
0.0039,-0.0073,-2.9845822415404673,-0.031213451441022517,0.012802104459188487
0.004,-0.0073,-2.998131786091721,-0.032001147156703415,0.012000085566310874
0.0041,-0.0073,-3.011808312987624,-0.0325103391197129,0.01116219337079455
0.0042,-0.0073,-3.0243899185767096,-0.03317552975675018,0.010197127646484819
0.0043,-0.0073,-3.0353297760830373,-0.03343451502540371,0.00913089400230413
0.0044,-0.0073,-3.0435734887090478,-0.034230735952958224,0.008300233237977878
0.0045,-0.0073,-3.063891230047464,-0.034469872003087154,0.007153044797956858
0.0046,-0.0073,-3.0736645657051334,-0.03529516344585257,0.006046477954020837
0.0047,-0.0073,-3.070420095521539,-0.03520376661916054,0.0049878406219823245
0.0048,-0.0073,-3.0815138085948623,-0.035485463907235275,0.003789659120818616
0.0049,-0.0073,-3.0960149021355643,-0.035678509614356986,0.002533738779388264
0.005,-0.0073,-3.0960786843260863,-0.03592541404355935,0.0013494165247742399
0.0051,-0.0073,-3.0949141176651436,-0.03605361179533817,0.0002935951096240711
0.005200000000000001,-0.0073,-3.112634356076923,-0.036620861441321935,-0.0006617783974979206
0.0053,-0.0073,-3.103442601194079,-0.03680288502285343,-0.0019778771401689275
0.0054,-0.0073,-3.092842855076647,-0.0366775068958072,-0.0035504767696270647
0.0055,-0.0073,-3.098804639900297,-0.03734923252153568,-0.0050146667578204384
0.0056,-0.0073,-3.0759944098576173,-0.03722123550409761,-0.006211915042264317
0.005700000000000001,-0.0073,-3.0835222910048956,-0.03748479263751833,-0.0072264604100130345
0.0058,-0.0073,-3.07959437717484,-0.03758129028081003,-0.008831019453558216
0.0059,-0.0073,-3.105972944630471,-0.0366365060883635,-0.009772004992125227
0.006,-0.0073,-3.127390207450921,-0.037024233667986316,-0.011332507837884412
0.0061,-0.0073,-3.0504343098414677,-0.03638086568253897,-0.0122636021247815
0.0062,-0.0073,-3.0305986022293747,-0.03599109416453083,-0.01316402357508231
0.0063,-0.0073,-3.061636714827287,-0.036337389831941035,-0.014813106355413126
0.0064,-0.0073,-3.018917672071377,-0.036336577352378795,-0.015965053059653275
0.006499999999999999,-0.0073,-3.015533940505286,-0.03593667914478217,-0.0168553233137466
0.006600000000000001,-0.0073,-3.001551491391786,-0.03589021708866735,-0.017926002134033798
0.0067,-0.0073,-2.9712882141966097,-0.03543302190291059,-0.01912756232021012
0.0068,-0.0073,-2.9847092975779446,-0.03405200192079023,-0.019799436167831308
0.0069,-0.0073,-2.951579262165109,-0.033633467258461024,-0.02115874431674806
0.006999999999999999,-0.0073,-2.9331705551628806,-0.03288370273811735,-0.021518975144411298
0.007100000000000001,-0.0073,-2.934048819140952,-0.031849637722454464,-0.022207682761328063
0.0072,-0.0073,-2.9064069373079535,-0.03087686024947984,-0.022994439801063866
0.0073,-0.0073,-2.895177360554522,-0.029801502288589812,-0.02339504160684357
0.0074,-0.0073,-2.8763590807161323,-0.02876369979166507,-0.023556030558761158
0.0075,-0.0073,-2.8609948317274307,-0.027560441556199824,-0.023678851857548488
0.0076,-0.0073,-2.84750127951651,-0.02623392475733708,-0.023683629493237875
0.0077,-0.0073,-2.8321947149420383,-0.024520023996449185,-0.023346771476712
0.0078,-0.0073,-2.81904101614894,-0.02316719889158236,-0.022722579914780768
0.0079,-0.0073,-2.8083580819903697,-0.02200499769088081,-0.02227107538751011
0.008,-0.0073,-2.797299257389923,-0.019895882378762216,-0.021436924034441196
0.0081,-0.0073,-2.7874196093991856,-0.018191047062823675,-0.020513065754250624
0.0082,-0.0073,-2.7841479422633064,-0.01649224887994761,-0.019482904262376602
0.0083,-0.0073,-2.7755526864639535,-0.01493278559546371,-0.018064702972590697
0.0084,-0.0073,-2.7691703882928507,-0.013201844468535135,-0.016652821732683554
0.0085,-0.0073,-2.7653768136849903,-0.01153432898313945,-0.014999628566046556
0.0086,-0.0073,-2.7636808431581636,-0.010019596112640942,-0.013421031012270946
0.0087,-0.0073,-2.7624182054766195,-0.008079964213444885,-0.01170856034848892
0.0088,-0.0073,-2.761836502691954,-0.0069391362978447535,-0.009850216593977588
0.0089,-0.0073,-2.7625473994740686,-0.005558604541429463,-0.008136154168501756
0.009,-0.0073,-2.762467534677009,-0.00439152095060339,-0.0065374920327200235
0.0091,-0.0073,-2.76419837185656,-0.003372457531829909,-0.004938225202523412
0.0092,-0.0073,-2.76609568841699,-0.0025418328094625733,-0.003634588849575744
0.0093,-0.0073,-2.7679403205333473,-0.0018269770709209159,-0.0023665211398624887
0.0094,-0.0073,-2.7688447279065995,-0.0012349955972623843,-0.001319418103709888
0.0095,-0.0073,-2.7710287604181705,-0.0007906208340468755,-0.0004867064002312821
0.0096,-0.0073,-2.7713187093274243,-0.00045223427605318084,0.0001334096328443635
0.0097,-0.0073,-2.7742881944229216,-0.00023721109891838214,0.0005009735285163608
0.0098,-0.0073,-2.771181524809977,-4.759382841388894e-05,0.0006071013562798536
0.0099,-0.0073,-2.769066168100953,2.7983462028958986e-05,0.0004755158199132563
0.01,-0.0073,-2.772103794072622,0.0,0.0
0.0,-0.0072,-2.61796339707964,0.0,0.0
0.0001,-0.0072,-2.618741226197882,-0.00014161878782644157,0.0019014026063839458
0.0002,-0.0072,-2.619794504744546,-0.00042382542519154675,0.003575055008074836
0.0003,-0.0072,-2.620851745373069,-0.0008185114945798099,0.005041011838328833
0.0004,-0.0072,-2.6221975663636887,-0.0013531460685533452,0.006316192949284694
0.0005,-0.0072,-2.6241082265891342,-0.002000057625753041,0.007432685683023643
0.0006,-0.0072,-2.625997953429029,-0.002658212807993922,0.008484556867453322
0.0007,-0.0072,-2.6274191516504835,-0.0033250384584026836,0.009394878993417231
0.0008,-0.0072,-2.6301521381027073,-0.004118827892583959,0.010238278465202212
0.0009,-0.0072,-2.631847700679589,-0.005024029980528239,0.011099640591079943
0.001,-0.0072,-2.6346869992371893,-0.005860399777472987,0.011763945427096138
0.0011,-0.0072,-2.638632762900655,-0.00669912139376125,0.012315247757556849
0.0012,-0.0072,-2.6433130292889486,-0.007579107675787557,0.013274228437280594
0.0013000000000000002,-0.0072,-2.647811059885556,-0.008523274941305687,0.013917932525220073
0.0014,-0.0072,-2.6528581654593157,-0.009442897473107774,0.014525935859240594
0.0015,-0.0072,-2.6594743099884517,-0.010408432305583618,0.01515428507861302
0.0016,-0.0072,-2.6673836347868654,-0.011387836960743582,0.015839241335843704
0.0017,-0.0072,-2.678017470813179,-0.012368672506209292,0.016354561309472118
0.0018,-0.0072,-2.683450208174036,-0.013381057867239305,0.01684350745499096
0.0019,-0.0072,-2.6943185959815623,-0.014332554256556815,0.01737997966154868
0.002,-0.0072,-2.7075055023620194,-0.015404330370062834,0.017779341188687372
0.0021,-0.0072,-2.71905007701306,-0.016439421240041416,0.01818490858720176
0.0022,-0.0072,-2.730484875818982,-0.01732503685669281,0.018305043145102135
0.0023,-0.0072,-2.7434031394558707,-0.018235197835020794,0.01880064224896227
0.0024,-0.0072,-2.760761393375344,-0.019320794795541246,0.018678614319096478
0.0025,-0.0072,-2.7750544999430535,-0.02014406703350059,0.01909989084553712
0.0026000000000000003,-0.0072,-2.7900999793346695,-0.021209725814782924,0.018942949325830002
0.0027,-0.0072,-2.8057200979840053,-0.021934780263919852,0.019151030386260134
0.0028,-0.0072,-2.8223564015956875,-0.022959391622486343,0.018877759889200207
0.0029,-0.0072,-2.839308423643489,-0.023881605868227865,0.018422831815636986
0.003,-0.0072,-2.8601168862311734,-0.024701109021664953,0.01845995898607826
0.0031,-0.0072,-2.8733059391219156,-0.025714343004395186,0.018176794303965526
0.0032,-0.0072,-2.889676526826178,-0.02639955670133284,0.017821812096930373
0.0033000000000000004,-0.0072,-2.910299614151131,-0.027274517355179995,0.017289143446545627
0.0034,-0.0072,-2.927895993434094,-0.027975352758609368,0.016786674447060102
0.0034999999999999996,-0.0072,-2.947576485483287,-0.02867553356193522,0.016183449484038527
0.0036,-0.0072,-2.9668034437643764,-0.029354045779822438,0.015623763675768041
0.0037,-0.0072,-2.982177901740705,-0.030061054041645996,0.014990795621482207
0.0038,-0.0072,-2.9995257446936208,-0.03065111015158475,0.014267899790608444
0.0039,-0.0072,-3.0166736957377966,-0.031154381217161204,0.013315711556458493
0.004,-0.0072,-3.029697699608761,-0.03168725959633192,0.01239906083580606
0.0041,-0.0072,-3.04239891167736,-0.03233334666010958,0.0114892446810833
0.0042,-0.0072,-3.062925174985255,-0.03274562029797343,0.010759889690291962
0.0043,-0.0072,-3.074972851128538,-0.03327682133245812,0.009832422514584244
0.0044,-0.0072,-3.0844620932022235,-0.03383239774912735,0.00863844325019665
0.0045,-0.0072,-3.0944083758008607,-0.034006555423531586,0.007539637350163163
0.0046,-0.0072,-3.109994219367609,-0.03449568564415853,0.006440782968421441
0.0047,-0.0072,-3.11422954080819,-0.03494874739758519,0.005443143208616203
0.0048,-0.0072,-3.12216329575438,-0.03518088343473316,0.004243764361086995
0.0049,-0.0072,-3.128366450921348,-0.03549230707258317,0.002929027127408357
0.005,-0.0072,-3.1246805682462964,-0.03579036906584165,0.0017723960970534075
0.0051,-0.0072,-3.1472656074265504,-0.035890198310626904,0.0006636537785816603
0.005200000000000001,-0.0072,-3.1697289514904003,-0.03625367651494912,-0.0007573314424350277
0.0053,-0.0072,-3.15782464183984,-0.0364160431122546,-0.002228072091341463
0.0054,-0.0072,-3.1371371294484187,-0.03730656626519124,-0.0033934093990700465
0.0055,-0.0072,-3.124520633042586,-0.03672045736272483,-0.0042944068366767
0.0056,-0.0072,-3.131984599351947,-0.03700263862162636,-0.005573403781744102
0.005700000000000001,-0.0072,-3.089394919835688,-0.03696629920776442,-0.007635202774000533
0.0058,-0.0072,-3.1202645285263304,-0.036785199431401454,-0.008887433816580666
0.0059,-0.0072,-3.14637749515457,-0.036814658712980286,-0.009511004866341165
0.006,-0.0072,-3.172636363748516,-0.037264286974634644,-0.011141144554719805
0.0061,-0.0072,-3.1275841125550916,-0.03719328648790017,-0.012151718314158459
0.0062,-0.0072,-3.0776465524393344,-0.03665070919068533,-0.013694846205212857
0.0063,-0.0072,-3.1086423298268233,-0.03644433528191311,-0.01476435644139945
0.0064,-0.0072,-3.0553103201886094,-0.03658596081819189,-0.016009240643131455
0.006499999999999999,-0.0072,-3.0643132696423665,-0.03596714014165003,-0.01719363537607227
0.006600000000000001,-0.0072,-3.044062853042441,-0.035274243427314465,-0.018409049538293473
0.0067,-0.0072,-3.0204713812668,-0.03527683464676003,-0.01950342517550096
0.0068,-0.0072,-3.0135171417107895,-0.0356296124316068,-0.020821167156066956
0.0069,-0.0072,-2.9850839015083284,-0.034059260893192334,-0.021377713565529904
0.006999999999999999,-0.0072,-2.9810687009935455,-0.03377076988640834,-0.022171786819630886
0.007100000000000001,-0.0072,-2.9634688658823016,-0.03257011218439715,-0.023130976279709232
0.0072,-0.0072,-2.9493471290145403,-0.03188147714795622,-0.023857390400296854
0.0073,-0.0072,-2.9248540978446322,-0.03084540752363743,-0.02442400793654713
0.0074,-0.0072,-2.90278602535296,-0.02964837466053888,-0.024715859155124795
0.0075,-0.0072,-2.891098905142434,-0.028582540851744956,-0.024993231797305223
0.0076,-0.0072,-2.8729015046186093,-0.02740491331267994,-0.02495818437227601
0.0077,-0.0072,-2.853722360987304,-0.025978265294264037,-0.02472969935931109
0.0078,-0.0072,-2.8405600646064277,-0.02433963037452234,-0.024381856721649976
0.0079,-0.0072,-2.8255525660177034,-0.022905531517380714,-0.024255070186190716
0.008,-0.0072,-2.814564645319638,-0.021200000942045945,-0.022903377908187608
0.0081,-0.0072,-2.8033515600008703,-0.019411833655131723,-0.022087227085555813
0.0082,-0.0072,-2.793912993900456,-0.0178394866871875,-0.02090544428591722
0.0083,-0.0072,-2.7860352817165004,-0.015905112070347276,-0.019856090051522585
0.0084,-0.0072,-2.7800207074051007,-0.014167622023982815,-0.018162899852122733
0.0085,-0.0072,-2.774897006743389,-0.012406934968026374,-0.016620898373539535
0.0086,-0.0072,-2.771459036005859,-0.010712874847694375,-0.014979169472227919
0.0087,-0.0072,-2.768099570532176,-0.00912946713340725,-0.013058257195680293
0.0088,-0.0072,-2.7672308407786566,-0.007550531771120206,-0.011100065771893389
0.0089,-0.0072,-2.76703736582113,-0.0061422856046230824,-0.009383447533890168
0.009,-0.0072,-2.7673379781250445,-0.004876510720715351,-0.0075024809627563865
0.0091,-0.0072,-2.7688322444834577,-0.0038071431488050814,-0.0059715148575714624
0.0092,-0.0072,-2.770225723050578,-0.0028860335072273574,-0.0044985421431587595
0.0093,-0.0072,-2.7719081062895756,-0.0020711713582832873,-0.0030143471003776937
0.0094,-0.0072,-2.773425429841564,-0.0014104979983740064,-0.0018861094388943165
0.0095,-0.0072,-2.775262234022218,-0.0009112018127617485,-0.0009126573406835813
0.0096,-0.0072,-2.7761336653307143,-0.0005270138464758708,-0.00017036541470169466
0.0097,-0.0072,-2.7789751701252525,-0.00025610305610545935,0.00030334333213397833
0.0098,-0.0072,-2.7771840848779052,-5.315052114055842e-05,0.0005585495057947488
0.0099,-0.0072,-2.7859423066107394,5.04352165271994e-05,0.000471264244154587
0.01,-0.0072,-2.7992498035094133,0.0,0.0
0.0,-0.007100000000000001,-2.6214278253498704,0.0,0.0
0.0001,-0.007100000000000001,-2.6223214818893608,-0.00014530890124467253,0.0020996852563866333
0.0002,-0.007100000000000001,-2.6243493913055094,-0.0004219774395375435,0.003926288211084361
0.0003,-0.007100000000000001,-2.626000898793498,-0.000851275275611522,0.005523364999250079
0.0004,-0.007100000000000001,-2.6267089734304845,-0.0013625240433314614,0.0068888132331267424
0.0005,-0.007100000000000001,-2.629419340120154,-0.0019737135485364903,0.008108744188521864
0.0006,-0.007100000000000001,-2.630675405370791,-0.002678525154995542,0.00921620520392027
0.0007,-0.007100000000000001,-2.632679911403186,-0.0034774926943096913,0.0101707067473789
0.0008,-0.007100000000000001,-2.6349309583874323,-0.004192145644221631,0.010977476737605636
0.0009,-0.007100000000000001,-2.637741551913085,-0.005112021402423186,0.011854729713197058
0.001,-0.007100000000000001,-2.6407639589272742,-0.005945351926812618,0.012687510078328516
0.0011,-0.007100000000000001,-2.6452057541619673,-0.0067153433384144895,0.013589600302625439
0.0012,-0.007100000000000001,-2.6491877234719623,-0.00768537974894125,0.014134606709647264
0.0013000000000000002,-0.007100000000000001,-2.65540232907145,-0.00866448094218281,0.014766603928775397
0.0014,-0.007100000000000001,-2.661116032088559,-0.009613004542512052,0.015508924809314959
0.0015,-0.007100000000000001,-2.667317157535276,-0.010579025315690571,0.01620498312670712
0.0016,-0.007100000000000001,-2.6784648939066145,-0.011549498871639375,0.01671663198971671
0.0017,-0.007100000000000001,-2.6866630875500968,-0.012512638545812194,0.017370719648704583
0.0018,-0.007100000000000001,-2.6980739468192443,-0.013497359903336215,0.017857635002100535
0.0019,-0.007100000000000001,-2.707993638262821,-0.014517813011152451,0.018379328069400198
0.002,-0.007100000000000001,-2.7209144373187764,-0.015490358430278524,0.018785518442773912
0.0021,-0.007100000000000001,-2.7342181493152937,-0.01649491403742841,0.01888075282566579
0.0022,-0.007100000000000001,-2.747790638041584,-0.01735605586109398,0.019581066544333628
0.0023,-0.007100000000000001,-2.7586303009794695,-0.01834558553088124,0.019735617639268305
0.0024,-0.007100000000000001,-2.77533550964289,-0.01940947948967496,0.019831473921602113
0.0025,-0.007100000000000001,-2.7917711965831753,-0.02024998721409364,0.019894655462889335
0.0026000000000000003,-0.007100000000000001,-2.80897032054665,-0.021201253034568646,0.02003802153533538
0.0027,-0.007100000000000001,-2.827182141903539,-0.022140783896569996,0.0198694629589899
0.0028,-0.007100000000000001,-2.843658411603748,-0.023093333245567862,0.01986836815732726
0.0029,-0.007100000000000001,-2.86146828145826,-0.023918396438991046,0.019450567971332558
0.003,-0.007100000000000001,-2.8786766220515125,-0.024800915273424397,0.019358833211633904
0.0031,-0.007100000000000001,-2.8996496250659707,-0.025558547624470726,0.019083585700067768
0.0032,-0.007100000000000001,-2.919744712710085,-0.026465819820538375,0.01865237705814101
0.0033000000000000004,-0.007100000000000001,-2.9394358935303377,-0.027150075837828826,0.018080832390320933
0.0034,-0.007100000000000001,-2.958063152776299,-0.027835721032130098,0.01770753290834848
0.0034999999999999996,-0.007100000000000001,-2.976572032157633,-0.028446524913777017,0.016900892263293433
0.0036,-0.007100000000000001,-2.996357156608814,-0.029148131725725238,0.016306054385905277
0.0037,-0.007100000000000001,-3.014464863260434,-0.030000025249211654,0.015314635707255607
0.0038,-0.007100000000000001,-3.0317359496067033,-0.03040820364344007,0.014762323373236935
0.0039,-0.007100000000000001,-3.0501001724083183,-0.030934325318851652,0.014005445769880068
0.004,-0.007100000000000001,-3.066281229399257,-0.03174793549260788,0.013113688206779604
0.0041,-0.007100000000000001,-3.080842033269803,-0.03213519567823777,0.012201719351567955
0.0042,-0.007100000000000001,-3.1009391380198106,-0.03237007767479418,0.011238056560677605
0.0043,-0.007100000000000001,-3.113467797309603,-0.03308345009334727,0.010127839738318795
0.0044,-0.007100000000000001,-3.1280052585609965,-0.03329144778328671,0.009118537682534974
0.0045,-0.007100000000000001,-3.130522301769806,-0.03382529289235605,0.007924463366023487
0.0046,-0.007100000000000001,-3.1507896729034286,-0.03408177660255471,0.006820428480612706
0.0047,-0.007100000000000001,-3.162127029264131,-0.03439965864057835,0.005730653432518237
0.0048,-0.007100000000000001,-3.168619322100169,-0.03487979967148608,0.004430665338573156
0.0049,-0.007100000000000001,-3.165683223210643,-0.034905117383786634,0.0031953053316278266
0.005,-0.007100000000000001,-3.164749677506967,-0.03548617787080854,0.002015764654982976
0.0051,-0.007100000000000001,-3.195685761458521,-0.0351753858665693,0.0006821217105722449
0.005200000000000001,-0.007100000000000001,-3.213207032792609,-0.03583930529313187,-0.0006502373404632194
0.0053,-0.007100000000000001,-3.2006764982793747,-0.03610738343658917,-0.001824086115539271
0.0054,-0.007100000000000001,-3.200505505267793,-0.03584693564602886,-0.002650474544958341
0.0055,-0.007100000000000001,-3.2029921401340298,-0.03644429108388002,-0.004417476775451445
0.0056,-0.007100000000000001,-3.1597923121751688,-0.03615514057019111,-0.006437712986036262
0.005700000000000001,-0.007100000000000001,-3.1729409467422935,-0.0366596298266017,-0.007536035653733739
0.0058,-0.007100000000000001,-3.1803622703724077,-0.037146607788207595,-0.008457629868578022
0.0059,-0.007100000000000001,-3.1609937376434867,-0.03748043516410778,-0.009891784104770374
0.006,-0.007100000000000001,-3.1831332898863782,-0.03627715251205349,-0.011402265383797619
0.0061,-0.007100000000000001,-3.158694434732849,-0.03694740763630249,-0.012471580058849125
0.0062,-0.007100000000000001,-3.122430434552884,-0.03653223621841283,-0.013690793687416027
0.0063,-0.007100000000000001,-3.1511637404754698,-0.036039555535983384,-0.015011109236416884
0.0064,-0.007100000000000001,-3.116572340394126,-0.0363006477770804,-0.016350380198784945
0.006499999999999999,-0.007100000000000001,-3.0968392720426774,-0.03603233496194229,-0.01756826066266572
0.006600000000000001,-0.007100000000000001,-3.0850750142556937,-0.035819341326596754,-0.01867712570790139
0.0067,-0.007100000000000001,-3.0707163349740214,-0.035190233866103295,-0.019885948741682462
0.0068,-0.007100000000000001,-3.0519332951944764,-0.03498595134761148,-0.02120468807343486
0.0069,-0.007100000000000001,-3.0274080795354066,-0.03453918779937997,-0.021993363482904493
0.006999999999999999,-0.007100000000000001,-3.015608314113338,-0.033300103880264546,-0.02315557809391485
0.007100000000000001,-0.007100000000000001,-2.992274666670169,-0.03334766807269741,-0.024012381721732666
0.0072,-0.007100000000000001,-2.9737533335899164,-0.032290962593098216,-0.024809581321992902
0.0073,-0.007100000000000001,-2.9544060837635135,-0.03152918458805467,-0.025552722932722247
0.0074,-0.007100000000000001,-2.9386340047653285,-0.030503527086571933,-0.025754496344275818
0.0075,-0.007100000000000001,-2.915283513684613,-0.029500609755073376,-0.026242796622222137
0.0076,-0.007100000000000001,-2.896980921786439,-0.028380397989817147,-0.026299915879587
0.0077,-0.007100000000000001,-2.882812948388739,-0.026876796816367128,-0.026349684643283463
0.0078,-0.007100000000000001,-2.862307105477439,-0.025480401834811647,-0.026075803638635583
0.0079,-0.007100000000000001,-2.849177425514085,-0.023951369868315208,-0.025670514775607667
0.008,-0.007100000000000001,-2.832083423364132,-0.02218793963127376,-0.024643236356535887
0.0081,-0.007100000000000001,-2.818860685810926,-0.02063151318449028,-0.02423665149570663
0.0082,-0.007100000000000001,-2.808267951988089,-0.018992881997411906,-0.02291026449051648
0.0083,-0.007100000000000001,-2.7997496626827587,-0.01704550024830225,-0.02148109215724274
0.0084,-0.007100000000000001,-2.790355571198184,-0.01512954774097965,-0.020037316346616353
0.0085,-0.007100000000000001,-2.7833920951688857,-0.013376971996882512,-0.018347756793574557
0.0086,-0.007100000000000001,-2.7774068212020864,-0.011656129985372117,-0.016675965624731528
0.0087,-0.007100000000000001,-2.7749783437937383,-0.009902913511352682,-0.01501721893773858
0.0088,-0.007100000000000001,-2.7734127552385837,-0.008354808497444313,-0.01286984194069078
0.0089,-0.007100000000000001,-2.77260328737876,-0.0068427214978181205,-0.010894060175447008
0.009,-0.007100000000000001,-2.772834112176016,-0.005511272084125988,-0.00877220315023052
0.0091,-0.007100000000000001,-2.7737941218268407,-0.0043286532472461715,-0.00692401006530603
0.0092,-0.007100000000000001,-2.775086154437785,-0.0031974458577709863,-0.005478219884055848
0.0093,-0.007100000000000001,-2.7765400805389144,-0.002326994701999641,-0.0037912848901559184
0.0094,-0.007100000000000001,-2.7786072418649277,-0.0015984829799602321,-0.0024858087735193917
0.0095,-0.007100000000000001,-2.780739653162737,-0.0010454314239638552,-0.0013735158698911752
0.0096,-0.007100000000000001,-2.781811201311819,-0.0006378320212453318,-0.0005189866501506344
0.0097,-0.007100000000000001,-2.7825436346514985,-0.00033948673958070566,5.81544961005355e-05
0.0098,-0.007100000000000001,-2.7894672910653493,-0.00019504149440175897,0.0003493160477467161
0.0099,-0.007100000000000001,-2.792485587424519,-6.579656073657187e-05,0.00025865881367742507
0.01,-0.007100000000000001,-2.790797948395832,0.0,0.0
0.0,-0.006999999999999999,-2.6275565596872545,0.0,0.0
0.0001,-0.006999999999999999,-2.6282294732711082,-0.00015133574533310117,0.002296381757899767
0.0002,-0.006999999999999999,-2.6284732172031053,-0.0004216796782116727,0.004299645781233183
0.0003,-0.006999999999999999,-2.6309443001100346,-0.0008705433272076032,0.006000361416944178
0.0004,-0.006999999999999999,-2.6337832833818027,-0.0013836138672063875,0.007489383431713458
0.0005,-0.006999999999999999,-2.634784766061293,-0.0020296695758794513,0.008737694581741565
0.0006,-0.006999999999999999,-2.636574453370245,-0.002686880502118827,0.009889438634591859
0.0007,-0.006999999999999999,-2.6378701393735744,-0.0035155548610048704,0.010887463515166323
0.0008,-0.006999999999999999,-2.6407495561388137,-0.004325934386097423,0.011833571557302986
0.0009,-0.006999999999999999,-2.643711439575594,-0.005111898132357458,0.012545944469667248
0.001,-0.006999999999999999,-2.6473627915884133,-0.0058654053811854154,0.013703289353523855
0.0011,-0.006999999999999999,-2.651874742627668,-0.0068870250905061275,0.014309478432893253
0.0012,-0.006999999999999999,-2.657251064990952,-0.007817635991909485,0.015217233099770022
0.0013000000000000002,-0.006999999999999999,-2.6636726019208434,-0.008764045394635014,0.01580954147537378
0.0014,-0.006999999999999999,-2.6706768270698187,-0.009659685702253307,0.016447844570993166
0.0015,-0.006999999999999999,-2.6765031557612975,-0.010628496600221807,0.01700650086467711
0.0016,-0.006999999999999999,-2.688619379683544,-0.011607054415573909,0.01765396561591839
0.0017,-0.006999999999999999,-2.696048788723613,-0.012595626575971054,0.018366433815163643
0.0018,-0.006999999999999999,-2.7082350244971365,-0.013565290053232287,0.01884557987268357
0.0019,-0.006999999999999999,-2.7210695411176196,-0.014509220701532223,0.019330195228153685
0.002,-0.006999999999999999,-2.73405919714494,-0.015518801881683784,0.019763222066777858
0.0021,-0.006999999999999999,-2.7455139539778375,-0.016566057965308623,0.019888377678481492
0.0022,-0.006999999999999999,-2.762091127934642,-0.017377681506016575,0.020395474391213083
0.0023,-0.006999999999999999,-2.776653330594232,-0.018354664150167743,0.02063979011772102
0.0024,-0.006999999999999999,-2.7931596250895976,-0.019313297009280823,0.020958682567115375
0.0025,-0.006999999999999999,-2.8101903823748735,-0.020320282271184674,0.020716779368550993
0.0026000000000000003,-0.006999999999999999,-2.8280298610680044,-0.02114498366529954,0.02063062336891099
0.0027,-0.006999999999999999,-2.846819262918973,-0.02203722764939506,0.02087834985692599
0.0028,-0.006999999999999999,-2.867688397986525,-0.022951214495719713,0.020694961292566913
0.0029,-0.006999999999999999,-2.884485000403507,-0.023864279479495404,0.02050613424261372
0.003,-0.006999999999999999,-2.907364290038186,-0.024654085358155206,0.020137402032901222
0.0031,-0.006999999999999999,-2.9264135026439937,-0.025396141422335705,0.01965648412398036
0.0032,-0.006999999999999999,-2.9464158620491823,-0.026057336682328555,0.01937454107327164
0.0033000000000000004,-0.006999999999999999,-2.964695775131715,-0.027057805143114972,0.018901953820301274
0.0034,-0.006999999999999999,-2.9875815004326403,-0.02767870640698998,0.018166477562308606
0.0034999999999999996,-0.006999999999999999,-3.0071695736444877,-0.02827066055835988,0.017496863965558655
0.0036,-0.006999999999999999,-3.0282656308205698,-0.02890443447786012,0.016903899682607783
0.0037,-0.006999999999999999,-3.046478611051311,-0.029647093027816068,0.016135294909280926
0.0038,-0.006999999999999999,-3.06508564202645,-0.029782971875609465,0.015501442958246998
0.0039,-0.006999999999999999,-3.083891546038184,-0.030570236970573983,0.014444540589397134
0.004,-0.006999999999999999,-3.1026782615827866,-0.031212273463814277,0.013541087361506832
0.0041,-0.006999999999999999,-3.1181311216692613,-0.031610259089154144,0.012732229084882724
0.0042,-0.006999999999999999,-3.1292992516108487,-0.03184448369266897,0.01159240063185326
0.0043,-0.006999999999999999,-3.1533885903168817,-0.03249751624202168,0.010531467036780756
0.0044,-0.006999999999999999,-3.166321578143581,-0.03290626817317677,0.00944601722009299
0.0045,-0.006999999999999999,-3.17377477459283,-0.03308268478495325,0.00832625146322743
0.0046,-0.006999999999999999,-3.1907490864034354,-0.033491238558822446,0.007171193916242905
0.0047,-0.006999999999999999,-3.2055821209584185,-0.033676066549932035,0.00598518707701463
0.0048,-0.006999999999999999,-3.211152800447832,-0.03416440335810611,0.004770807694318412
0.0049,-0.006999999999999999,-3.209959321073986,-0.03448409741934193,0.003573119691628319
0.005,-0.006999999999999999,-3.2218573589999933,-0.03448955760643677,0.0022707606030444084
0.0051,-0.006999999999999999,-3.240347498352774,-0.03502015842400278,0.0008987106802796279
0.005200000000000001,-0.006999999999999999,-3.241316533065737,-0.03534651848640579,-0.000369672208711677
0.0053,-0.006999999999999999,-3.232427286499838,-0.03531406392538217,-0.0015968884498919055
0.0054,-0.006999999999999999,-3.2436399941739835,-0.035421589147504956,-0.0029556758504277643
0.0055,-0.006999999999999999,-3.235066712247589,-0.036042599963834014,-0.004283578801839162
0.0056,-0.006999999999999999,-3.1974913987958193,-0.03577610905168762,-0.005079357423374199
0.005700000000000001,-0.006999999999999999,-3.233337327336765,-0.0353653758859165,-0.006304075655916257
0.0058,-0.006999999999999999,-3.238582973420192,-0.03562142434353147,-0.008637632212334571
0.0059,-0.006999999999999999,-3.2025091548308557,-0.03614343500749143,-0.010628505464541813
0.006,-0.006999999999999999,-3.2052303851859065,-0.036401923627405984,-0.01164422792467087
0.0061,-0.006999999999999999,-3.20507964620601,-0.03654891410772328,-0.01228619535850417
0.0062,-0.006999999999999999,-3.1876149367876967,-0.03585737708233816,-0.013852831649990727
0.0063,-0.006999999999999999,-3.1838939931014245,-0.036058448941812794,-0.015405598381077698
0.0064,-0.006999999999999999,-3.154221168978947,-0.03584388852570335,-0.01642449708148111
0.006499999999999999,-0.006999999999999999,-3.146044153392963,-0.03567594344898689,-0.017677586840741704
0.006600000000000001,-0.006999999999999999,-3.132359553991015,-0.035432648131040856,-0.01908083342077878
0.0067,-0.006999999999999999,-3.1085896575760823,-0.035200354022070834,-0.0203325427143302
0.0068,-0.006999999999999999,-3.0944370279398004,-0.03504074897025813,-0.021466439389541077
0.0069,-0.006999999999999999,-3.072557775970547,-0.034397966700039605,-0.022688365669631165
0.006999999999999999,-0.006999999999999999,-3.0593516732889903,-0.03431986745457644,-0.023753681791336148
0.007100000000000001,-0.006999999999999999,-3.0351258537882377,-0.03364498834860874,-0.024923381603222754
0.0072,-0.006999999999999999,-3.0121763718787404,-0.03304719304533145,-0.025461116967551035
0.0073,-0.006999999999999999,-2.9867927828744127,-0.0322518811624846,-0.026156988852207727
0.0074,-0.006999999999999999,-2.970159283974307,-0.030952804244871762,-0.026746293076322033
0.0075,-0.006999999999999999,-2.9465508899318826,-0.030254027255945448,-0.027233610219330434
0.0076,-0.006999999999999999,-2.9277006566667936,-0.029123294110686204,-0.027664328815496703
0.0077,-0.006999999999999999,-2.90426547575453,-0.027723307361755514,-0.02758694178935533
0.0078,-0.006999999999999999,-2.8899509239418686,-0.02637864424920037,-0.027510335715109094
0.0079,-0.006999999999999999,-2.867924656428948,-0.024914025942306694,-0.027284767762340373
0.008,-0.006999999999999999,-2.854414521918463,-0.023437215025285486,-0.026665880953511568
0.0081,-0.006999999999999999,-2.837399390251531,-0.021772106818444853,-0.025590870778335908
0.0082,-0.006999999999999999,-2.8244373136682452,-0.019750077043670707,-0.02438026389575656
0.0083,-0.006999999999999999,-2.8128347349890346,-0.01817159321389179,-0.023541791252728275
0.0084,-0.006999999999999999,-2.8036799738128018,-0.016290083864066954,-0.021978352190827624
0.0085,-0.006999999999999999,-2.7948282463461025,-0.014389215770175535,-0.020316872062131165
0.0086,-0.006999999999999999,-2.7884299951764646,-0.01259554677202657,-0.018444898921038552
0.0087,-0.006999999999999999,-2.7840264827025334,-0.01068455810429808,-0.016576542572307125
0.0088,-0.006999999999999999,-2.7805107466470735,-0.009281190895851023,-0.014476127942251327
0.0089,-0.006999999999999999,-2.7791732334685904,-0.00758842582887334,-0.012393237276329858
0.009,-0.006999999999999999,-2.7789253075122073,-0.006019878842886373,-0.010393281793017127
0.0091,-0.006999999999999999,-2.7794614465145493,-0.004719566126680711,-0.008248449924279094
0.0092,-0.006999999999999999,-2.780687249378289,-0.0035082331930082395,-0.006268551409956977
0.0093,-0.006999999999999999,-2.7826730802505573,-0.0025890884801023964,-0.004690516424955682
0.0094,-0.006999999999999999,-2.7842902706319834,-0.0018312259741512145,-0.0031081731855408983
0.0095,-0.006999999999999999,-2.7857323079076406,-0.0012039196818228056,-0.0018734372698602085
0.0096,-0.006999999999999999,-2.787274663535887,-0.0007329388638580743,-0.0008759965748501395
0.0097,-0.006999999999999999,-2.787918339954599,-0.0004245756892990761,-0.00020988187254175283
0.0098,-0.006999999999999999,-2.789236098938962,-0.0002797410577906766,0.00020187537153485227
0.0099,-0.006999999999999999,-2.7846322206558454,-0.00014553018434975565,0.0002183161941508919
0.01,-0.006999999999999999,-2.772287083178327,0.0,0.0
0.0,-0.0069,-2.633591616140597,0.0,0.0
0.0001,-0.0069,-2.6336026250229794,-0.00015169666405586533,0.0025015842356108154
0.0002,-0.0069,-2.635539990127649,-0.00043867185329304686,0.004652116415705167
0.0003,-0.0069,-2.63649558381585,-0.0008576374752400963,0.00646630053443864
0.0004,-0.0069,-2.6379699699681765,-0.0013858025542888204,0.008008168805277353
0.0005,-0.0069,-2.640780907977001,-0.002069849524939052,0.00936244289469521
0.0006,-0.0069,-2.641986998027657,-0.002748790878706725,0.010647695637982771
0.0007,-0.0069,-2.6446726968967718,-0.0034866207157164594,0.011836969825390425
0.0008,-0.0069,-2.6470861235376955,-0.004311838487153785,0.01277553053499858
0.0009,-0.0069,-2.650435661506549,-0.005141046618257867,0.013676161466811693
0.001,-0.0069,-2.6545319294874514,-0.006055063797268327,0.014389511102328023
0.0011,-0.0069,-2.6591784184943226,-0.006919390142207981,0.015183263715754697
0.0012,-0.0069,-2.664783832975135,-0.0077827869428860955,0.01604303328509549
0.0013000000000000002,-0.0069,-2.672207450093578,-0.008791186323995797,0.01679969908102144
0.0014,-0.0069,-2.6801396258390633,-0.00975996854644124,0.01753402754920836
0.0015,-0.0069,-2.68783806178829,-0.010648105144043407,0.018113589730086047
0.0016,-0.0069,-2.6997675602493487,-0.011632419558389652,0.01876252592918063
0.0017,-0.0069,-2.710965212672615,-0.012593178181580768,0.019269218692912843
0.0018,-0.0069,-2.7219464625814602,-0.01356245052200848,0.019865037579961387
0.0019,-0.0069,-2.733015503313377,-0.014498864764763662,0.020224220540469517
0.002,-0.0069,-2.7439072088067147,-0.015546754722518622,0.020695842976118213
0.0021,-0.0069,-2.7616011865900645,-0.016464235034817528,0.021155321066765
0.0022,-0.0069,-2.777246754432502,-0.01734639548346718,0.021377502845357096
0.0023,-0.0069,-2.792385637806314,-0.01837998390465945,0.02147741024251385
0.0024,-0.0069,-2.8115317810634295,-0.01925868056140268,0.021618714378799433
0.0025,-0.0069,-2.8291182308468983,-0.020192120973930902,0.02190816256661656
0.0026000000000000003,-0.0069,-2.850655327314861,-0.021034263931050397,0.021721579194118306
0.0027,-0.0069,-2.867763674752381,-0.02196073401941855,0.021618634483801927
0.0028,-0.0069,-2.8895129058181546,-0.02274399015518953,0.02149370471688916
0.0029,-0.0069,-2.9082469864712275,-0.023597021092012817,0.02126906775692719
0.003,-0.0069,-2.930323140448435,-0.024405381754182224,0.020857154604639088
0.0031,-0.0069,-2.951456984456734,-0.02507546037172369,0.020556805717267795
0.0032,-0.0069,-2.9747954649984507,-0.025704437225370014,0.019994678404579014
0.0033000000000000004,-0.0069,-2.9951197482564162,-0.026577526442690493,0.019610824881337585
0.0034,-0.0069,-3.015837268280669,-0.02713250035750093,0.01906127035884475
0.0034999999999999996,-0.0069,-3.0392871966570754,-0.027775958760927057,0.01838344995240623
0.0036,-0.0069,-3.0608128554488014,-0.028230067105836407,0.017746626905002207
0.0037,-0.0069,-3.0820010097686867,-0.028917910525169673,0.016761910626073444
0.0038,-0.0069,-3.1019947443985285,-0.029713326456708503,0.015918577324647156
0.0039,-0.0069,-3.116542818334383,-0.02998814337265772,0.014981814489493834
0.004,-0.0069,-3.141368686798257,-0.03043116332603564,0.014126110671077538
0.0041,-0.0069,-3.1605719209759364,-0.031128522610343254,0.013075094540195563
0.0042,-0.0069,-3.169306269736879,-0.03154054072990383,0.012051395793740097
0.0043,-0.0069,-3.1913417666221173,-0.03190349194365556,0.010961822927554416
0.0044,-0.0069,-3.2063125189042627,-0.032389580281525374,0.009815821829572973
0.0045,-0.0069,-3.214125960643759,-0.03237364802419691,0.008703040713453706
0.0046,-0.0069,-3.2336701554215916,-0.032442076286617834,0.007479404374761713
0.0047,-0.0069,-3.2480156166796914,-0.03292197790628544,0.006233548403528433
0.0048,-0.0069,-3.2520902580165183,-0.03336280694009915,0.004966851382432153
0.0049,-0.0069,-3.2540076285466166,-0.03386039001865907,0.0038257109092769597
0.005,-0.0069,-3.26698726059368,-0.033975477862053974,0.002381526566349965
0.0051,-0.0069,-3.2803358001041443,-0.034168178056481306,0.001214822142298834
0.005200000000000001,-0.0069,-3.289505762390335,-0.0339333631726483,-0.00018172079935187583
0.0053,-0.0069,-3.2897366974645204,-0.03428075719389343,-0.0014982025923446728
0.0054,-0.0069,-3.2800857084909403,-0.03453250158790429,-0.0029537320358178076
0.0055,-0.0069,-3.2684310825894594,-0.034983990219164054,-0.004200313734644706
0.0056,-0.0069,-3.241980192009073,-0.034789213838537295,-0.005356769216200684
0.005700000000000001,-0.0069,-3.24386637923225,-0.03460437717393847,-0.007125333019606654
0.0058,-0.0069,-3.305297525114192,-0.034741015595217736,-0.00847043750059402
0.0059,-0.0069,-3.272463289209653,-0.03608464463510254,-0.009390372528866795
0.006,-0.0069,-3.23626560385123,-0.03542457715174014,-0.010794397027595375
0.0061,-0.0069,-3.2756388065842397,-0.03550563687513704,-0.012850748315060985
0.0062,-0.0069,-3.232992573610571,-0.03557943268155398,-0.013979136892664033
0.0063,-0.0069,-3.2192611039364065,-0.03600696960071586,-0.01515914218181905
0.0064,-0.0069,-3.2044872396473,-0.035531187418214615,-0.016448078450087958
0.006499999999999999,-0.0069,-3.196338244280642,-0.035147532007872066,-0.017948878119959932
0.006600000000000001,-0.0069,-3.1748133855622496,-0.03548654416268014,-0.01933384564545089
0.0067,-0.0069,-3.1515961700098654,-0.035160696389895656,-0.02053935972747986
0.0068,-0.0069,-3.146488070594935,-0.0347691051806814,-0.021847186328559885
0.0069,-0.0069,-3.1128639353855236,-0.034460106728217886,-0.023151560555146635
0.006999999999999999,-0.0069,-3.1041073153606002,-0.034257489568825295,-0.02414206043653749
0.007100000000000001,-0.0069,-3.0727889108919353,-0.03368257041332167,-0.02526239936845827
0.0072,-0.0069,-3.047825018467816,-0.032947749320460046,-0.026131805382131675
0.0073,-0.0069,-3.0277374056096087,-0.03281415283990752,-0.026957065433662525
0.0074,-0.0069,-3.0017795741595186,-0.03201811101846873,-0.027970071768144547
0.0075,-0.0069,-2.98120942973897,-0.0306160678868105,-0.028441467545462385
0.0076,-0.0069,-2.958028419679358,-0.029673895703897238,-0.02872150173195433
0.0077,-0.0069,-2.9332422387027997,-0.028532359932561535,-0.02893045434643543
0.0078,-0.0069,-2.9102901551011997,-0.027269375482892412,-0.028940482735070744
0.0079,-0.0069,-2.901484904976809,-0.02575846065124921,-0.02869594503711095
0.008,-0.0069,-2.8758670998829925,-0.02416008918348655,-0.028246734753114174
0.0081,-0.0069,-2.8589187559043068,-0.022823365573264153,-0.02761029035758318
0.0082,-0.0069,-2.8439639154142466,-0.021019088875702863,-0.026661655371443296
0.0083,-0.0069,-2.8287759171267,-0.01908758635790756,-0.025391596006895334
0.0084,-0.0069,-2.8161316218567287,-0.017127468183977434,-0.02373667043011249
0.0085,-0.0069,-2.8069871731783618,-0.015228169402641831,-0.022256901229735764
0.0086,-0.0069,-2.7997355422411503,-0.013491210491760705,-0.02045399533629591
0.0087,-0.0069,-2.7940947283989086,-0.011630637270805667,-0.018270028485088866
0.0088,-0.0069,-2.7891248283841543,-0.009763273791001536,-0.016137535806393856
0.0089,-0.0069,-2.787085803994274,-0.008141104089365015,-0.014287909443953417
0.009,-0.0069,-2.785712979634258,-0.006618063383765875,-0.011690581880066242
0.0091,-0.0069,-2.785615235179824,-0.005228002040245228,-0.009601209463118756
0.0092,-0.0069,-2.7865475043101062,-0.003960630861601631,-0.0073531754885027
0.0093,-0.0069,-2.788675028328405,-0.0029250106399943128,-0.005509591081808206
0.0094,-0.0069,-2.7902623371342443,-0.0020558701904230562,-0.0039255474011761875
0.0095,-0.0069,-2.792473036729816,-0.0013411463957643044,-0.002443353678305951
0.0096,-0.0069,-2.7946689766228925,-0.0008093839672170541,-0.0012852287749127982
0.0097,-0.0069,-2.7965472308151362,-0.00044240151605466106,-0.00045589636268130975
0.0098,-0.0069,-2.796222736454409,-0.00014592707437089604,4.68299556688122e-05
0.0099,-0.0069,-2.7956223118076013,-9.779463352205599e-05,0.0003000837176978242
0.01,-0.0069,-2.799795152616498,0.0,0.0
0.0,-0.0068,-2.6401751711958967,0.0,0.0
0.0001,-0.0068,-2.64002680651031,-0.00014564302173596629,0.002670142486029351
0.0002,-0.0068,-2.6419876267558404,-0.0004612886494090938,0.004988052241249381
0.0003,-0.0068,-2.6443680073122255,-0.0008800571704127372,0.0069390839553423985
0.0004,-0.0068,-2.6451385502387117,-0.001440236131193897,0.008649412992942874
0.0005,-0.0068,-2.6473071545927893,-0.002027164556127093,0.010083869545442242
0.0006,-0.0068,-2.6483680405749412,-0.002753284064247019,0.011432954213159492
0.0007,-0.0068,-2.6513031336678945,-0.003515248522636881,0.01255484286426707
0.0008,-0.0068,-2.6546285994064327,-0.004371627869812334,0.013380960691149156
0.0009,-0.0068,-2.6582461322161404,-0.005164337557418392,0.014464129125462327
0.001,-0.0068,-2.662745829499538,-0.005981297985761572,0.015405933958026667
0.0011,-0.0068,-2.667692371479081,-0.006941565457008091,0.01601223803896877
0.0012,-0.0068,-2.674698532598276,-0.00783075667249049,0.016968551118406828
0.0013000000000000002,-0.0068,-2.682026908610874,-0.008687497534842041,0.01771181300619036
0.0014,-0.0068,-2.6913346861455896,-0.00970021542077636,0.01843609429585162
0.0015,-0.0068,-2.6997741321502455,-0.010653142891590911,0.018986728838222527
0.0016,-0.0068,-2.7096286739862414,-0.01160205769721879,0.01967321781339374
0.0017,-0.0068,-2.718382460931079,-0.012486941140656169,0.020201855821531042
0.0018,-0.0068,-2.732432161882228,-0.013533496888536667,0.02075344956868097
0.0019,-0.0068,-2.7465093185058755,-0.014482622196860563,0.02111384909065153
0.002,-0.0068,-2.763197247473327,-0.015396979160914226,0.02161110579949001
0.0021,-0.0068,-2.777309528111072,-0.016367102701397553,0.02184638507599284
0.0022,-0.0068,-2.793609675912874,-0.017249188495547612,0.02234424354493087
0.0023,-0.0068,-2.8120754621135884,-0.01814290105251277,0.022518468590716597
0.0024,-0.0068,-2.830601014761273,-0.01899307335774504,0.022493666647717292
0.0025,-0.0068,-2.850549429018317,-0.01998447506357078,0.02252336506469349
0.0026000000000000003,-0.0068,-2.870140314774696,-0.020836016456221525,0.02262327893383953
0.0027,-0.0068,-2.8904949981770836,-0.021652493791240755,0.02255043058413146
0.0028,-0.0068,-2.9126733639462983,-0.022458481237715114,0.022241595930132713
0.0029,-0.0068,-2.933661625101347,-0.023282627997310484,0.021999805959604386
0.003,-0.0068,-2.957991235403286,-0.024015110357409927,0.02166489125847638
0.0031,-0.0068,-2.9801892157028522,-0.02472444965173968,0.0213443004176879
0.0032,-0.0068,-3.0014354992026853,-0.025388346685558946,0.020817115169708456
0.0033000000000000004,-0.0068,-3.0267414809652573,-0.026197133551114377,0.02024613702684318
0.0034,-0.0068,-3.048532211906222,-0.02685295574727129,0.019786956387396772
0.0034999999999999996,-0.0068,-3.0699610393225507,-0.027383877981002575,0.018797868397683996
0.0036,-0.0068,-3.091412574734399,-0.0277832068201921,0.018085981157133005
0.0037,-0.0068,-3.112261578402738,-0.028479770711640637,0.01726987416153836
0.0038,-0.0068,-3.137010517252923,-0.028843674119954133,0.016439961768593494
0.0039,-0.0068,-3.153510320396844,-0.029565925150972956,0.01556773484081066
0.004,-0.0068,-3.1769626350489153,-0.030039143346591954,0.014503720947629457
0.0041,-0.0068,-3.195108019920713,-0.030243208171762806,0.013340134904647605
0.0042,-0.0068,-3.2065523759903023,-0.030700367441413225,0.012281179735643112
0.0043,-0.0068,-3.2300704389490122,-0.03096025412032611,0.011210883850074979
0.0044,-0.0068,-3.245064124240127,-0.031593077791583206,0.010075746023029237
0.0045,-0.0068,-3.257078212661877,-0.031818728370323415,0.008944013637277254
0.0046,-0.0068,-3.2715426850108185,-0.03202449221848285,0.007656094271885575
0.0047,-0.0068,-3.281229517357629,-0.032282077351123685,0.006517693544366771
0.0048,-0.0068,-3.2934217991889443,-0.032727868638353454,0.005226334101292155
0.0049,-0.0068,-3.2987470442897506,-0.03270893284813324,0.004020738471104263
0.005,-0.0068,-3.314720504346969,-0.03267605426890068,0.002705523897457285
0.0051,-0.0068,-3.3159555574162995,-0.032684991475965736,0.001410270282477159
0.005200000000000001,-0.0068,-3.3277316316052623,-0.03335468907211497,2.8248441642474837e-05
0.0053,-0.0068,-3.3249978430791525,-0.03389121751770648,-0.0012575447023673377
0.0054,-0.0068,-3.3165718471478067,-0.033805779455246515,-0.0025213278398274006
0.0055,-0.0068,-3.322866754288718,-0.033546205782559006,-0.0038071490032497556
0.0056,-0.0068,-3.3318025446227795,-0.033479591775780915,-0.005458175332236968
0.005700000000000001,-0.0068,-3.3179592808647786,-0.03436296152498569,-0.007042823835677635
0.0058,-0.0068,-3.331471503353077,-0.03468546182834168,-0.008362687808570952
0.0059,-0.0068,-3.2963541155531266,-0.034718251891477016,-0.009756771887907311
0.006,-0.0068,-3.285396683408818,-0.03439208174581631,-0.01154923545075832
0.0061,-0.0068,-3.2880690274435045,-0.03491340172258369,-0.012502920810082106
0.0062,-0.0068,-3.283661414519598,-0.034917822895894506,-0.013416988624179522
0.0063,-0.0068,-3.2891328768415327,-0.03481242089451703,-0.015196966149447894
0.0064,-0.0068,-3.2489724112180225,-0.035405040613137206,-0.01667768114368853
0.006499999999999999,-0.0068,-3.2383785849025903,-0.03518152843091923,-0.018057391476032383
0.006600000000000001,-0.0068,-3.2067168254283636,-0.03504525371458033,-0.019383459419003764
0.0067,-0.0068,-3.197567341111445,-0.034776316847953494,-0.020754040059418204
0.0068,-0.0068,-3.186967825995153,-0.03459329322323016,-0.02201531533587558
0.0069,-0.0068,-3.157040782350088,-0.03427095143210943,-0.023477319385881587
0.006999999999999999,-0.0068,-3.144009763339531,-0.034010777628243664,-0.02465303871920746
0.007100000000000001,-0.0068,-3.1131944108805896,-0.033770746126048225,-0.025621475506950826
0.0072,-0.0068,-3.0899635431326824,-0.032901105066083805,-0.026628954196495344
0.0073,-0.0068,-3.076200719561713,-0.03299326482292969,-0.027801338388021707
0.0074,-0.0068,-3.040525720954572,-0.031829653456710426,-0.028775902361148256
0.0075,-0.0068,-3.0166631115959164,-0.03128681729175021,-0.028964248299043302
0.0076,-0.0068,-2.995386321171859,-0.0303128885826493,-0.029950569577389674
0.0077,-0.0068,-2.9685394763715607,-0.02908854247764242,-0.0300708020351239
0.0078,-0.0068,-2.944303038412381,-0.028052669176611533,-0.03028937469427257
0.0079,-0.0068,-2.9148997376379953,-0.02645319382184066,-0.030280791333589165
0.008,-0.0068,-2.9016807447293322,-0.025083932054717702,-0.029771486757212064
0.0081,-0.0068,-2.8796329921710417,-0.023413748372158774,-0.02924975217713029
0.0082,-0.0068,-2.8598519562653983,-0.021601949911677843,-0.028059406373100327
0.0083,-0.0068,-2.845523285769201,-0.020063364544534668,-0.02712075678793449
0.0084,-0.0068,-2.8321553528391465,-0.0182126638522566,-0.025591799620969136
0.0085,-0.0068,-2.820023217220374,-0.01614462440938334,-0.023881270077192977
0.0086,-0.0068,-2.811391375711073,-0.014445306707785622,-0.02202132257435622
0.0087,-0.0068,-2.8037647448653003,-0.012461562325231147,-0.020115872375061263
0.0088,-0.0068,-2.7978950016169106,-0.010705506193134368,-0.017856459839306716
0.0089,-0.0068,-2.7946091773586756,-0.008845979042044457,-0.01593525506562973
0.009,-0.0068,-2.7926872675160763,-0.007306060619181778,-0.013392965298091981
0.0091,-0.0068,-2.79253292556183,-0.005688785194184949,-0.01085022899611943
0.0092,-0.0068,-2.7933054314304098,-0.0043323815383013295,-0.008741231450515074
0.0093,-0.0068,-2.7945273179295653,-0.003255135354062394,-0.006528517554710045
0.0094,-0.0068,-2.796686632324798,-0.0022749899533955668,-0.004738514868641806
0.0095,-0.0068,-2.7989106225677243,-0.0014956389459687414,-0.0030591254905685213
0.0096,-0.0068,-2.8012165139971223,-0.0008813182597448241,-0.0017638763862806558
0.0097,-0.0068,-2.8023906890175225,-0.0004539990393019756,-0.0007827297041179193
0.0098,-0.0068,-2.8049060396663057,-0.00014205286954732598,-8.275633527670477e-05
0.0099,-0.0068,-2.8077897709156323,-5.828903587050767e-05,0.00023577198359248775
0.01,-0.0068,-2.8120521662499485,0.0,0.0
0.0,-0.0067,-2.647602770432581,0.0,0.0
0.0001,-0.0067,-2.6473039421416695,-0.00014751719825848426,0.0028981772509844165
0.0002,-0.0067,-2.6494128935482633,-0.00045004709090359744,0.005327573262168198
0.0003,-0.0067,-2.651368640039531,-0.0008489646308565268,0.007498336140624929
0.0004,-0.0067,-2.652670696086703,-0.001410865534551373,0.009235311459765755
0.0005,-0.0067,-2.654990171577008,-0.0020045956907482165,0.010771988289213198
0.0006,-0.0067,-2.6570860138646,-0.0027150101228592435,0.012146001681036203
0.0007,-0.0067,-2.659262024811055,-0.0035310827691286944,0.013127933114520358
0.0008,-0.0067,-2.6629015770708064,-0.004213358564439056,0.014454485670581375
0.0009,-0.0067,-2.6663975869451453,-0.005195057473744676,0.015343539657044523
0.001,-0.0067,-2.67162712573206,-0.006030538598480951,0.016076741664845892
0.0011,-0.0067,-2.6763561441808448,-0.006897604708006849,0.01692099126937828
0.0012,-0.0067,-2.683849504353922,-0.007820335560930805,0.017927778981765084
0.0013000000000000002,-0.0067,-2.69120418205145,-0.008714128201513136,0.018686635555000518
0.0014,-0.0067,-2.6999911210946044,-0.00963117440907273,0.019361647222879915
0.0015,-0.0067,-2.7101557674636796,-0.010580529816509185,0.019950976156314103
0.0016,-0.0067,-2.7221920640498394,-0.011518766537249956,0.020646812216029646
0.0017,-0.0067,-2.7321439123557814,-0.012461461492593202,0.021207908682404852
0.0018,-0.0067,-2.74818196597171,-0.01335256321314906,0.021689177279411206
0.0019,-0.0067,-2.7621070902118383,-0.01437562583485601,0.022129182500506626
0.002,-0.0067,-2.7779095740307516,-0.015280823306159041,0.022417784925204548
0.0021,-0.0067,-2.794452129075047,-0.01618383415725136,0.022833184803011726
0.0022,-0.0067,-2.8111216050788674,-0.017083657819430168,0.02319843897892271
0.0023,-0.0067,-2.8308892118229876,-0.017909118197063544,0.023334509434170522
0.0024,-0.0067,-2.850144178250713,-0.018817989698408685,0.02345186069747747
0.0025,-0.0067,-2.8706779279559584,-0.01965922203962145,0.0233463368751934
0.0026000000000000003,-0.0067,-2.892645468911136,-0.020543663389196838,0.023496834995985448
0.0027,-0.0067,-2.9135447705737474,-0.021292143723064386,0.02334170932638325
0.0028,-0.0067,-2.938195783550162,-0.02209525388528105,0.02307153762530703
0.0029,-0.0067,-2.960594018345308,-0.022790554186303224,0.022827486843022007
0.003,-0.0067,-2.9831969598973944,-0.02354853188489251,0.02242030984716406
0.0031,-0.0067,-3.0069901810687947,-0.024387656227473724,0.022032962917919358
0.0032,-0.0067,-3.030858044923453,-0.02497001547868199,0.021352637324720616
0.0033000000000000004,-0.0067,-3.0545813107689805,-0.025539772936320478,0.020760442628252038
0.0034,-0.0067,-3.0804633455468218,-0.026225860989562623,0.019993427225831646
0.0034999999999999996,-0.0067,-3.1036221706607723,-0.026646587327680202,0.019403035293278123
0.0036,-0.0067,-3.125271824920512,-0.02728504490636027,0.01868596741923199
0.0037,-0.0067,-3.14844078845961,-0.027821088368050265,0.017813217436235162
0.0038,-0.0067,-3.170953600533833,-0.028272081816537255,0.01679162895425093
0.0039,-0.0067,-3.1932904169947363,-0.028836184099623616,0.015956876750618316
0.004,-0.0067,-3.2115622310652525,-0.029057697948344785,0.01484948029708384
0.0041,-0.0067,-3.232273603252478,-0.029489931629705552,0.0138083760340027
0.0042,-0.0067,-3.245502336138586,-0.02974415366093466,0.012732967561248682
0.0043,-0.0067,-3.271571306812832,-0.030067648672213884,0.011686937405423576
0.0044,-0.0067,-3.28537327279835,-0.030318107001559028,0.010520676460649338
0.0045,-0.0067,-3.2947446359399235,-0.030843705499655084,0.009317947017101013
0.0046,-0.0067,-3.31372326676951,-0.031229381026319298,0.008058040496883486
0.0047,-0.0067,-3.325602236599002,-0.03137115651321844,0.0067294008751255935
0.0048,-0.0067,-3.336443487088192,-0.03156419930196327,0.005614693927727111
0.0049,-0.0067,-3.3430147929480936,-0.031480355804295,0.004159287629327299
0.005,-0.0067,-3.3576746252634453,-0.0320050782190573,0.002932907422210081
0.0051,-0.0067,-3.3646991522073404,-0.03209756745878027,0.0015632790758881806
0.005200000000000001,-0.0067,-3.3724566033825827,-0.032099278584630554,0.0001946436010357761
0.0053,-0.0067,-3.3656336179703312,-0.03270384278125684,-0.0011265680268408966
0.0054,-0.0067,-3.3548756298046225,-0.03281523893384423,-0.002423331088584585
0.0055,-0.0067,-3.3679286292673085,-0.03289858742924647,-0.003835795684755245
0.0056,-0.0067,-3.3682474222088334,-0.03276570221698934,-0.00521243356613156
0.005700000000000001,-0.0067,-3.3786321465283886,-0.033065948236140855,-0.006271570577243767
0.0058,-0.0067,-3.372220484477078,-0.03332095955205522,-0.007967751485558667
0.0059,-0.0067,-3.3607410118149166,-0.033446138170676154,-0.009664430031759447
0.006,-0.0067,-3.3657116120793638,-0.03392935632419386,-0.010926896096921886
0.0061,-0.0067,-3.303275028359147,-0.03412406651518579,-0.012286333509660834
0.0062,-0.0067,-3.328145475880002,-0.03394416168936514,-0.013721615173722047
0.0063,-0.0067,-3.2996158199109056,-0.03442097881203269,-0.015249792912996957
0.0064,-0.0067,-3.2852202181497323,-0.03433898795470387,-0.01629284720380123
0.006499999999999999,-0.0067,-3.3032378857419107,-0.03411960922408121,-0.017897709052519136
0.006600000000000001,-0.0067,-3.259079456365516,-0.03423230918546353,-0.019595462778879892
0.0067,-0.0067,-3.2444117124330427,-0.03405216841243618,-0.02091604112635709
0.0068,-0.0067,-3.224287913979866,-0.03424746450735709,-0.022281744748593235
0.0069,-0.0067,-3.198230901581468,-0.03384850299946699,-0.023481790756449017
0.006999999999999999,-0.0067,-3.1956229559433873,-0.033724589242318526,-0.024785224492381634
0.007100000000000001,-0.0067,-3.1578810272525817,-0.03363785614762121,-0.025984357119500624
0.0072,-0.0067,-3.125470765802497,-0.03319942568120413,-0.027258068807185978
0.0073,-0.0067,-3.1115164428293376,-0.03264417701353763,-0.028182508401162334
0.0074,-0.0067,-3.0775919118189248,-0.03233398138895329,-0.029479739751324174
0.0075,-0.0067,-3.054445892644276,-0.031233589341214486,-0.029899654388026838
0.0076,-0.0067,-3.0300192149394594,-0.03037201858069324,-0.03081582552012548
0.0077,-0.0067,-2.9999336748949297,-0.02941757205448823,-0.03113320231488247
0.0078,-0.0067,-2.9755403624253347,-0.028413560017612773,-0.031450943744195055
0.0079,-0.0067,-2.9489107664736913,-0.027122119394084345,-0.031403201191418574
0.008,-0.0067,-2.922365834922305,-0.025821667565373536,-0.031286255993815786
0.0081,-0.0067,-2.90404923338449,-0.024228452782140236,-0.030765223067706585
0.0082,-0.0067,-2.8848808841965905,-0.022517552472389662,-0.03004534987348423
0.0083,-0.0067,-2.8655000564119084,-0.020690620097824016,-0.028791141013139072
0.0084,-0.0067,-2.8483301864356485,-0.01891724827788075,-0.027522787967705353
0.0085,-0.0067,-2.8353369296362136,-0.017250336264070004,-0.026276584122014127
0.0086,-0.0067,-2.8247860125926354,-0.015142626580280177,-0.02428195030606248
0.0087,-0.0067,-2.81507945650751,-0.013243320786125458,-0.02205833148122091
0.0088,-0.0067,-2.8089996154749697,-0.011414902191508633,-0.019805780006559123
0.0089,-0.0067,-2.8029774960266987,-0.009599556406450532,-0.017308882418493068
0.009,-0.0067,-2.801214889472965,-0.00793241586493242,-0.014822388600225578
0.0091,-0.0067,-2.8002111401512777,-0.006241771149012202,-0.01236195202323464
0.0092,-0.0067,-2.8007277423809835,-0.004789001278562893,-0.0099944672814117
0.0093,-0.0067,-2.8017754062984683,-0.0035323941062806383,-0.007558030828480818
0.0094,-0.0067,-2.8038495433408612,-0.002483766821302612,-0.005512438774701979
0.0095,-0.0067,-2.8055922648570633,-0.00164757321391538,-0.0037822607623690324
0.0096,-0.0067,-2.808519892902968,-0.0010014736353878356,-0.0023004371976186725
0.0097,-0.0067,-2.8098951923686712,-0.0005233636859220081,-0.001144330318515005
0.0098,-0.0067,-2.8130830827112603,-0.0001483897539136707,-0.00037273167836156804
0.0099,-0.0067,-2.8139358535043826,-3.41742407484693e-05,-5.7753913012003126e-05
0.01,-0.0067,-2.820008397049925,0.0,0.0
0.0,-0.006600000000000001,-2.654508878871656,0.0,0.0
0.0001,-0.006600000000000001,-2.6556726924275744,-0.0001492830887282123,0.0030991707247807667
0.0002,-0.006600000000000001,-2.6563573685214874,-0.0004286703386583488,0.005686041583517628
0.0003,-0.006600000000000001,-2.6580590153860166,-0.0008476505201683405,0.007955005117224846
0.0004,-0.006600000000000001,-2.6606356835225915,-0.0014010380112569572,0.009841977887634114
0.0005,-0.006600000000000001,-2.6634283770429685,-0.0020276143164367788,0.01146509873876599
0.0006,-0.006600000000000001,-2.665429973383068,-0.0026931288724194357,0.012836629049960649
0.0007,-0.006600000000000001,-2.668155071430104,-0.0034917451505105004,0.014027593343605371
0.0008,-0.006600000000000001,-2.671323393271523,-0.004262160045510792,0.01530225954891909
0.0009,-0.006600000000000001,-2.6752297354447503,-0.005030519793103645,0.016167951034165916
0.001,-0.006600000000000001,-2.6804220923111957,-0.005941921452638416,0.01714757029716132
0.0011,-0.006600000000000001,-2.686122220158354,-0.00681522148897889,0.017914510069191748
0.0012,-0.006600000000000001,-2.6942724414785086,-0.007711306477630087,0.018714799244636125
0.0013000000000000002,-0.006600000000000001,-2.703119367443339,-0.008615856411162158,0.019499399483719173
0.0014,-0.006600000000000001,-2.7116542948775306,-0.009563376077887204,0.02023384802791532
0.0015,-0.006600000000000001,-2.7227435047280597,-0.010447059734251902,0.020946029740210342
0.0016,-0.006600000000000001,-2.7330122313744942,-0.011381339312570491,0.021549634717043673
0.0017,-0.006600000000000001,-2.7491646021115383,-0.012271500125274767,0.022123003863263633
0.0018,-0.006600000000000001,-2.75990991630038,-0.01327750506649459,0.022700754353681282
0.0019,-0.006600000000000001,-2.776645581620132,-0.014190479339220827,0.023165483641731512
0.002,-0.006600000000000001,-2.792383970497284,-0.015006858573731855,0.02341478090687885
0.0021,-0.006600000000000001,-2.812225711794941,-0.015867512726773274,0.02383531446273529
0.0022,-0.006600000000000001,-2.8291325135223984,-0.016743012716719942,0.024033453480910127
0.0023,-0.006600000000000001,-2.851576004437083,-0.01768030382693912,0.02431250450302353
0.0024,-0.006600000000000001,-2.8710594495182122,-0.01852340307267773,0.02443252269840024
0.0025,-0.006600000000000001,-2.8929258745257007,-0.019360534229784815,0.024278979137657156
0.0026000000000000003,-0.006600000000000001,-2.9142780360676426,-0.020177161421286404,0.024302436455843974
0.0027,-0.006600000000000001,-2.9398129741011796,-0.020910428514562263,0.024036164659760644
0.0028,-0.006600000000000001,-2.961049679640666,-0.021682296601633975,0.0239062691127775
0.0029,-0.006600000000000001,-2.987226681120257,-0.022394885836930695,0.023566791883341435
0.003,-0.006600000000000001,-3.0113040120415717,-0.023104441639585128,0.023010101610452284
0.0031,-0.006600000000000001,-3.0361049190985168,-0.023828807603752115,0.02245454849376359
0.0032,-0.006600000000000001,-3.0601246267499307,-0.024307551499140476,0.02206125645376051
0.0033000000000000004,-0.006600000000000001,-3.0845593348394598,-0.024834425550278233,0.02132560198775892
0.0034,-0.006600000000000001,-3.1112877882329695,-0.025438476521757337,0.02089206684280016
0.0034999999999999996,-0.006600000000000001,-3.134334988550387,-0.02603319813831222,0.019997169186286815
0.0036,-0.006600000000000001,-3.1602026036964896,-0.026485135512963498,0.01915715685763874
0.0037,-0.006600000000000001,-3.1808928817695703,-0.027020876377225146,0.018306903386626966
0.0038,-0.006600000000000001,-3.204571303933354,-0.027399186733984206,0.01731206638669297
0.0039,-0.006600000000000001,-3.226769408942892,-0.02795313989823618,0.016215257939998725
0.004,-0.006600000000000001,-3.246201216281334,-0.028176927517471785,0.015452912191120528
0.0041,-0.006600000000000001,-3.264332966905387,-0.028590595749650255,0.014186182407167536
0.0042,-0.006600000000000001,-3.288091642482168,-0.02859492193401325,0.013049140907809634
0.0043,-0.006600000000000001,-3.3084286353070245,-0.028982737360223026,0.011966487684604635
0.0044,-0.006600000000000001,-3.3212995664864917,-0.02937192496905825,0.010610993462222702
0.0045,-0.006600000000000001,-3.3387675239930927,-0.029555329846690317,0.009323017683955477
0.0046,-0.006600000000000001,-3.351619059151022,-0.030046119513612503,0.008298686517490203
0.0047,-0.006600000000000001,-3.3689926877003065,-0.0298994423888337,0.007148551890549474
0.0048,-0.006600000000000001,-3.3787044703557783,-0.030509995281392744,0.005814704456864763
0.0049,-0.006600000000000001,-3.385329523858229,-0.030605264135874416,0.004412607080032116
0.005,-0.006600000000000001,-3.397642654448993,-0.031051027487288448,0.0029995494015427845
0.0051,-0.006600000000000001,-3.4022121487861283,-0.030874875658986858,0.0018128543089298095
0.005200000000000001,-0.006600000000000001,-3.4116477775792027,-0.031394635186029196,0.0005121762790279259
0.0053,-0.006600000000000001,-3.4198388548718253,-0.03121416396227654,-0.0008778863911707142
0.0054,-0.006600000000000001,-3.4136834800494733,-0.03153838917909557,-0.0022272868636015078
0.0055,-0.006600000000000001,-3.4147638315418303,-0.03200281920137781,-0.0036679249737197428
0.0056,-0.006600000000000001,-3.392455129801626,-0.03207875000447186,-0.005077774686735686
0.005700000000000001,-0.006600000000000001,-3.396295920656653,-0.03199690050449873,-0.006492653919290762
0.0058,-0.006600000000000001,-3.3856158775991494,-0.03226470870185382,-0.007862180537209891
0.0059,-0.006600000000000001,-3.4066076845536823,-0.03204117524858147,-0.009117622838794734
0.006,-0.006600000000000001,-3.396887476383749,-0.03274410026904666,-0.01046179188008891
0.0061,-0.006600000000000001,-3.371373879496906,-0.03272708216117784,-0.012388971858378768
0.0062,-0.006600000000000001,-3.408356876620557,-0.03271014565720415,-0.013791824178133195
0.0063,-0.006600000000000001,-3.359224617903839,-0.03381689140422272,-0.014886529881751162
0.0064,-0.006600000000000001,-3.3523459490804752,-0.03330258579669514,-0.016495378143512412
0.006499999999999999,-0.006600000000000001,-3.3288189573213853,-0.033763752150154216,-0.018103793146348076
0.006600000000000001,-0.006600000000000001,-3.3051570729366784,-0.03328553601424553,-0.019367675215691646
0.0067,-0.006600000000000001,-3.3102138358619526,-0.03347148842602847,-0.020864082118301548
0.0068,-0.006600000000000001,-3.2638241586760133,-0.03376536308162448,-0.022301326869716604
0.0069,-0.006600000000000001,-3.243817399434887,-0.03346214843636634,-0.023706012605763438
0.006999999999999999,-0.006600000000000001,-3.2308969580207054,-0.03321437204009777,-0.024905494005429744
0.007100000000000001,-0.006600000000000001,-3.1902407851750256,-0.03333880061754847,-0.026371534369762376
0.0072,-0.006600000000000001,-3.1688861480555586,-0.03282495113321091,-0.02763809657108875
0.0073,-0.006600000000000001,-3.1538738821179426,-0.03250865016945361,-0.028746936653893107
0.0074,-0.006600000000000001,-3.121940546935229,-0.031937163692395514,-0.030023559005001484
0.0075,-0.006600000000000001,-3.092145636287546,-0.031477963305647484,-0.030623177252091367
0.0076,-0.006600000000000001,-3.0644349902722934,-0.0303191419786262,-0.03180579749616702
0.0077,-0.006600000000000001,-3.033768728867523,-0.030035081662994803,-0.03248631022471126
0.0078,-0.006600000000000001,-3.0092831698775258,-0.02891811422801484,-0.032584514069513106
0.0079,-0.006600000000000001,-2.9880387793318595,-0.027751319867944886,-0.03275119534257168
0.008,-0.006600000000000001,-2.956540719081174,-0.026498979187911793,-0.03272148878964253
0.0081,-0.006600000000000001,-2.9321734656204614,-0.024902993174413246,-0.03256462742117327
0.0082,-0.006600000000000001,-2.905941051188556,-0.02328213505354762,-0.031671522607698475
0.0083,-0.006600000000000001,-2.8866996663091102,-0.02141206221104491,-0.030495261493911924
0.0084,-0.006600000000000001,-2.8667343293831595,-0.019798024534285377,-0.029096386160195904
0.0085,-0.006600000000000001,-2.851166269599861,-0.017918822699953745,-0.028027306446362806
0.0086,-0.006600000000000001,-2.8393842833703844,-0.016012611381842883,-0.025802448131519884
0.0087,-0.006600000000000001,-2.828917633211601,-0.013961471499959391,-0.023830488523923617
0.0088,-0.006600000000000001,-2.8214212133137613,-0.012142423226148724,-0.02160899470084301
0.0089,-0.006600000000000001,-2.8146627803967674,-0.010151455224022252,-0.019313739340785396
0.009,-0.006600000000000001,-2.8101542591977418,-0.008391282392067174,-0.016609730841264336
0.0091,-0.006600000000000001,-2.8086553377648364,-0.006787815908148122,-0.013723990406910358
0.0092,-0.006600000000000001,-2.8085657451730803,-0.005131425896620402,-0.011168632219212991
0.0093,-0.006600000000000001,-2.809720096035149,-0.003982291466838836,-0.008805942436121511
0.0094,-0.006600000000000001,-2.8119631307926922,-0.0027834488005318483,-0.0064745756622691985
0.0095,-0.006600000000000001,-2.814140560579025,-0.0018324055418722663,-0.004609655650189124
0.0096,-0.006600000000000001,-2.816072217648914,-0.001116979351817592,-0.0028782525826807357
0.0097,-0.006600000000000001,-2.817904378809741,-0.0006012462496500694,-0.0015612515437396495
0.0098,-0.006600000000000001,-2.8201489608868906,-0.0002709007436930545,-0.0006206460853948853
0.0099,-0.006600000000000001,-2.8208480244370104,-9.271489805226804e-05,-0.00015138791460476278
0.01,-0.006600000000000001,-2.8283990719118073,0.0,0.0
0.0,-0.006499999999999999,-2.6633926607154077,0.0,0.0
0.0001,-0.006499999999999999,-2.66470870116579,-0.00014460241276397818,0.003315285396893632
0.0002,-0.006499999999999999,-2.664231594019048,-0.0004181941444687375,0.006057057044624939
0.0003,-0.006499999999999999,-2.6670058852543037,-0.0008532086019083255,0.008468630431401824
0.0004,-0.006499999999999999,-2.6681169966702236,-0.00136576422383961,0.010367063507254276
0.0005,-0.006499999999999999,-2.6707406780246004,-0.0020035596129731534,0.012077360785657737
0.0006,-0.006499999999999999,-2.6737079440002987,-0.0026525365828584126,0.013500567200145877
0.0007,-0.006499999999999999,-2.6770234441821423,-0.0034275358404047885,0.014725164125783683
0.0008,-0.006499999999999999,-2.6804705444548285,-0.004193223363294288,0.015738185311011496
0.0009,-0.006499999999999999,-2.68506122478081,-0.004959918093878846,0.01701087529386904
0.001,-0.006499999999999999,-2.6906463998693844,-0.005873707542571778,0.017976331073871255
0.0011,-0.006499999999999999,-2.6977756473149017,-0.006697571622190531,0.01880452779592134
0.0012,-0.006499999999999999,-2.704665083499319,-0.007607235650863212,0.019645896103009593
0.0013000000000000002,-0.006499999999999999,-2.712855325959664,-0.008529506265530125,0.020547363592802757
0.0014,-0.006499999999999999,-2.723393406934588,-0.00938760507313303,0.021116052217343948
0.0015,-0.006499999999999999,-2.7362355670665015,-0.010306889558715096,0.02185088584950072
0.0016,-0.006499999999999999,-2.745751002884881,-0.011206658919189177,0.022459895110500394
0.0017,-0.006499999999999999,-2.761031239913843,-0.01206906139553691,0.02306269408244462
0.0018,-0.006499999999999999,-2.778225928487888,-0.012964831175663964,0.023550266956162504
0.0019,-0.006499999999999999,-2.7935701269503688,-0.013987937398510326,0.024185750122434218
0.002,-0.006499999999999999,-2.8105066999830077,-0.014670774244990399,0.024388439971642816
0.0021,-0.006499999999999999,-2.8291952966161995,-0.015654278587288635,0.024665320646333436
0.0022,-0.006499999999999999,-2.8481129452527694,-0.016435842339126438,0.024820774070269204
0.0023,-0.006499999999999999,-2.8708763304237097,-0.01729408953765063,0.02505088050866556
0.0024,-0.006499999999999999,-2.891696558904318,-0.018074121550885985,0.025031902782874507
0.0025,-0.006499999999999999,-2.913223473517857,-0.01894213038179942,0.025071407278612984
0.0026000000000000003,-0.006499999999999999,-2.938632779459014,-0.019699938318929605,0.024916725698276538
0.0027,-0.006499999999999999,-2.963188578807997,-0.020448547355176802,0.024784427932079217
0.0028,-0.006499999999999999,-2.9881922547970707,-0.021102095915580342,0.024582216685701083
0.0029,-0.006499999999999999,-3.011438472278346,-0.021745533415683624,0.024125935550743275
0.003,-0.006499999999999999,-3.036750475789999,-0.022485728977797798,0.023797679883656914
0.0031,-0.006499999999999999,-3.063268705614193,-0.023012492134436315,0.023068100268384347
0.0032,-0.006499999999999999,-3.0885766799105987,-0.0238092041200292,0.022734872216033142
0.0033000000000000004,-0.006499999999999999,-3.115801128139194,-0.024232023016299765,0.022156352613259944
0.0034,-0.006499999999999999,-3.139974736725256,-0.024765543728049552,0.021340371408438353
0.0034999999999999996,-0.006499999999999999,-3.1670018452991324,-0.025213526660267483,0.0204180797442666
0.0036,-0.006499999999999999,-3.1909757598604647,-0.02560926300077454,0.01960577173476188
0.0037,-0.006499999999999999,-3.216113908723342,-0.026129644752454762,0.018675050999366862
0.0038,-0.006499999999999999,-3.2361429614183796,-0.026446067530771025,0.017658122684874218
0.0039,-0.006499999999999999,-3.2591449984144845,-0.02697598163365843,0.0168278929546791
0.004,-0.006499999999999999,-3.283286056562399,-0.026997596699208037,0.015570758052059985
0.0041,-0.006499999999999999,-3.3040158265203656,-0.027720009925069528,0.014634998154586838
0.0042,-0.006499999999999999,-3.3208900448330048,-0.02744462889390222,0.0133437629404454
0.0043,-0.006499999999999999,-3.3453094666720253,-0.02792518559564209,0.012162465618461075
0.0044,-0.006499999999999999,-3.3628775867494087,-0.02820834388066944,0.011122180023675193
0.0045,-0.006499999999999999,-3.3777466981268,-0.02865675557444083,0.009845267964180341
0.0046,-0.006499999999999999,-3.392284936934484,-0.028715876170263905,0.008442666012813427
0.0047,-0.006499999999999999,-3.4078270608050927,-0.029050703802292993,0.00715541789248409
0.0048,-0.006499999999999999,-3.421225132716924,-0.029344814189454213,0.00585055220066218
0.0049,-0.006499999999999999,-3.428432384074876,-0.0295129548809865,0.004632876126852321
0.005,-0.006499999999999999,-3.4314579321402547,-0.029498680312805767,0.0032766511817771005
0.0051,-0.006499999999999999,-3.439993474354763,-0.02986163446496687,0.0019206275366235343
0.005200000000000001,-0.006499999999999999,-3.444554924178903,-0.029998675334881854,0.0006625480192483622
0.0053,-0.006499999999999999,-3.454394124667369,-0.03022368800876725,-0.0006847387700869619
0.0054,-0.006499999999999999,-3.4533544851833065,-0.0302036487124132,-0.0020562085216660267
0.0055,-0.006499999999999999,-3.458833149371727,-0.030809550967905303,-0.003447831385863357
0.0056,-0.006499999999999999,-3.459238064540269,-0.03096220009558468,-0.004837540814974487
0.005700000000000001,-0.006499999999999999,-3.464792246169985,-0.031248201870732906,-0.006463373942866732
0.0058,-0.006499999999999999,-3.433824916708925,-0.03162692918327292,-0.00785510125471595
0.0059,-0.006499999999999999,-3.426545373687527,-0.031355597955348265,-0.00924694594833547
0.006,-0.006499999999999999,-3.435805957905038,-0.03157686619832098,-0.010585401197726167
0.0061,-0.006499999999999999,-3.424549503773618,-0.031939222776732876,-0.011479417135004414
0.0062,-0.006499999999999999,-3.432242826674856,-0.03219508582699212,-0.013068010056182827
0.0063,-0.006499999999999999,-3.420637794346445,-0.03229812880506779,-0.014970541744307082
0.0064,-0.006499999999999999,-3.405347243164498,-0.03248776986757368,-0.01650472778095353
0.006499999999999999,-0.006499999999999999,-3.369326120331311,-0.032545209596878066,-0.017939138314471397
0.006600000000000001,-0.006499999999999999,-3.358147084061602,-0.03275381896392613,-0.01934918396463352
0.0067,-0.006499999999999999,-3.330541840490205,-0.032807340052232785,-0.021029869591207135
0.0068,-0.006499999999999999,-3.3066844433595657,-0.03273154417479152,-0.02224796033061708
0.0069,-0.006499999999999999,-3.3081122431058296,-0.032522900690005824,-0.02365416149030212
0.006999999999999999,-0.006499999999999999,-3.267928815377176,-0.032970711655404966,-0.025119577845472075
0.007100000000000001,-0.006499999999999999,-3.2284184920246917,-0.03265229062530511,-0.026513720334497073
0.0072,-0.006499999999999999,-3.2098919638615455,-0.032287672320278064,-0.027944832207221684
0.0073,-0.006499999999999999,-3.194674318215737,-0.032003882449790376,-0.029121270213191882
0.0074,-0.006499999999999999,-3.1644223452654088,-0.03197816637884803,-0.030225298776820717
0.0075,-0.006499999999999999,-3.131728836242284,-0.030887834602635462,-0.031184678256813366
0.0076,-0.006499999999999999,-3.098294897951846,-0.03084018560730808,-0.03236453230201016
0.0077,-0.006499999999999999,-3.0701819626743037,-0.029851303556405712,-0.03310600087607648
0.0078,-0.006499999999999999,-3.041024286425463,-0.029137294106917774,-0.03355014505467288
0.0079,-0.006499999999999999,-3.0167435602157577,-0.0282196627295918,-0.03401331659115692
0.008,-0.006499999999999999,-2.983016924395836,-0.02675312386597033,-0.03409615790006614
0.0081,-0.006499999999999999,-2.960314951921901,-0.02548070781821425,-0.033909687804731026
0.0082,-0.006499999999999999,-2.928298721621595,-0.024136431237389174,-0.03304561309620131
0.0083,-0.006499999999999999,-2.9102773424805184,-0.022368914251216506,-0.032271168503669845
0.0084,-0.006499999999999999,-2.8899710578344013,-0.020454552635011756,-0.0308845765253355
0.0085,-0.006499999999999999,-2.8713529040679506,-0.018671448205185088,-0.029769731207104827
0.0086,-0.006499999999999999,-2.856490245662121,-0.016826643650483388,-0.02774516043719001
0.0087,-0.006499999999999999,-2.8435527984203137,-0.014725559728963028,-0.026010781352918955
0.0088,-0.006499999999999999,-2.833821396070705,-0.012754618435459324,-0.023651714351287555
0.0089,-0.006499999999999999,-2.825026609539975,-0.010829256257610588,-0.021151865795187044
0.009,-0.006499999999999999,-2.8205434461691126,-0.008882308606533404,-0.018575759204737228
0.0091,-0.006499999999999999,-2.817991068272522,-0.007220405536428137,-0.015594316483356041
0.0092,-0.006499999999999999,-2.817252319081341,-0.005604618997654644,-0.012853106530415418
0.0093,-0.006499999999999999,-2.8178025465113037,-0.004187752431934386,-0.010385651638018072
0.0094,-0.006499999999999999,-2.819733841838052,-0.003027015422249299,-0.007511894972450925
0.0095,-0.006499999999999999,-2.821055285697518,-0.0020193228449362464,-0.005441387305738104
0.0096,-0.006499999999999999,-2.8243883615321717,-0.0012249954946514892,-0.003556837280191154
0.0097,-0.006499999999999999,-2.8270275583764324,-0.0006656231863755814,-0.0019981892673087104
0.0098,-0.006499999999999999,-2.827490845067318,-0.0002616063802205073,-0.0008507977168494394
0.0099,-0.006499999999999999,-2.82927998279258,-6.785387526147739e-05,-0.00022654982099070935
0.01,-0.006499999999999999,-2.828069181383988,0.0,0.0
0.0,-0.0064,-2.672854838462463,0.0,0.0
0.0001,-0.0064,-2.672697199565499,-0.00014162362775455695,0.0034993739322009957
0.0002,-0.0064,-2.674414041893093,-0.0004136205172774719,0.006450109110633454
0.0003,-0.0064,-2.6767255195373596,-0.0008114927164221966,0.008915714956326424
0.0004,-0.0064,-2.6779564727621104,-0.0012952688260517873,0.010980302600333388
0.0005,-0.0064,-2.6807873718375084,-0.0019042566328369747,0.012757101266931734
0.0006,-0.0064,-2.68282446594996,-0.002600608170654869,0.014234895224680936
0.0007,-0.0064,-2.686327524410812,-0.0033327029702131233,0.015418620385488075
0.0008,-0.0064,-2.6902054665043855,-0.00412095401083024,0.016861224493180088
0.0009,-0.0064,-2.6950234546385423,-0.004917644860935884,0.01793500176459075
0.001,-0.0064,-2.7004378847561403,-0.005737447867951774,0.01881082338636195
0.0011,-0.0064,-2.707813952443062,-0.006614182777435047,0.019710676543958652
0.0012,-0.0064,-2.71631035148076,-0.007467134256062497,0.020492671169003412
0.0013000000000000002,-0.0064,-2.725230894499023,-0.008337000526322344,0.021311350011196356
0.0014,-0.0064,-2.7359877907353813,-0.00922416098869018,0.022099772835769832
0.0015,-0.0064,-2.7485418635918184,-0.010086347956601108,0.022768373578511955
0.0016,-0.0064,-2.7589009284425297,-0.010978624189296094,0.023368800601028764
0.0017,-0.0064,-2.7743054451117333,-0.01181667603596886,0.023896730339115158
0.0018,-0.0064,-2.792222167290954,-0.01278037314482815,0.02429984131693932
0.0019,-0.0064,-2.8089439492976256,-0.013636630811732709,0.024650089001319615
0.002,-0.0064,-2.8294738771339287,-0.014437958783266341,0.025131266856595308
0.0021,-0.0064,-2.8472065862176574,-0.015229511561150742,0.025451599654185933
0.0022,-0.0064,-2.8669485641297627,-0.016032878392972506,0.025559071727673667
0.0023,-0.0064,-2.8884891535306227,-0.016875778429943342,0.025808373648419532
0.0024,-0.0064,-2.912697300950864,-0.017600994511453593,0.025921115682931175
0.0025,-0.0064,-2.9370013202000576,-0.018408446751775723,0.0258270986482976
0.0026000000000000003,-0.0064,-2.9607252006484086,-0.019150041254272304,0.025749706367784377
0.0027,-0.0064,-2.985618204989057,-0.019843098034970443,0.025552269545136477
0.0028,-0.0064,-3.0114331953625624,-0.020528886691302945,0.02523756017443117
0.0029,-0.0064,-3.038675239687726,-0.021187309379272587,0.02482100120271917
0.003,-0.0064,-3.0651248711136088,-0.021742309487977268,0.024307407707958716
0.0031,-0.0064,-3.0926311644097564,-0.022454300312439227,0.023858606245206308
0.0032,-0.0064,-3.119223647561808,-0.022928479456741632,0.02324318997671003
0.0033000000000000004,-0.0064,-3.1449337265516104,-0.02335772354837093,0.02260309882790307
0.0034,-0.0064,-3.170976174384229,-0.023956568229708056,0.021799095301352323
0.0034999999999999996,-0.0064,-3.1992457427324417,-0.024380684774901074,0.020887102650987734
0.0036,-0.0064,-3.221811429316429,-0.02467127296182567,0.02001579608077629
0.0037,-0.0064,-3.2493986117781426,-0.025144449909864267,0.018926340221734415
0.0038,-0.0064,-3.2735335693304575,-0.025592765959939756,0.018020164372599214
0.0039,-0.0064,-3.2958714318747595,-0.026027929728781197,0.016869964789310625
0.004,-0.0064,-3.317675239954151,-0.0261943971545632,0.015968904533957353
0.0041,-0.0064,-3.3382386636186885,-0.026271526957042147,0.01481098687699875
0.0042,-0.0064,-3.359549325186585,-0.026865585978875308,0.01366683070462656
0.0043,-0.0064,-3.3791566409326914,-0.027126840281395906,0.0124211172916335
0.0044,-0.0064,-3.395393879378834,-0.027073707183422627,0.011300343102798049
0.0045,-0.0064,-3.4193928840075407,-0.027230242785458027,0.00998776066663342
0.0046,-0.0064,-3.428367432961898,-0.02760182266883944,0.008726998693688084
0.0047,-0.0064,-3.4428797611752278,-0.027827265088997705,0.007486184319837955
0.0048,-0.0064,-3.4588988130444176,-0.028068878167749008,0.006121526932010205
0.0049,-0.0064,-3.463819222519899,-0.02804465666388464,0.004813711447364951
0.005,-0.0064,-3.474832298445487,-0.028265578163235078,0.003513997166498432
0.0051,-0.0064,-3.4888092369207664,-0.028597318975136024,0.0021547805233125246
0.005200000000000001,-0.0064,-3.4938916855122555,-0.02865498145029833,0.0008017364846737564
0.0053,-0.0064,-3.4985468639243704,-0.029163805860321447,-0.000506142022465549
0.0054,-0.0064,-3.49579675237448,-0.029102458888158718,-0.001867428634160524
0.0055,-0.0064,-3.5011365453320686,-0.02935118363905076,-0.0032390202298483387
0.0056,-0.0064,-3.503381656450018,-0.029466627092955295,-0.0046728207975382146
0.005700000000000001,-0.0064,-3.5125637871088693,-0.029458851930019538,-0.0060563076660629135
0.0058,-0.0064,-3.51389970510345,-0.029911871591844802,-0.007440797508337699
0.0059,-0.0064,-3.4865991892786643,-0.030535191075158553,-0.008935346487088144
0.006,-0.0064,-3.4684365316841848,-0.030768096568605525,-0.010359502506756291
0.0061,-0.0064,-3.481120595181195,-0.030674337763310223,-0.011548127624655392
0.0062,-0.0064,-3.444273451559139,-0.03104447903950408,-0.01330037299373204
0.0063,-0.0064,-3.406405376573622,-0.03080936480899109,-0.01475305515381793
0.0064,-0.0064,-3.4183739287660675,-0.031049677735469707,-0.01615631754367863
0.006499999999999999,-0.0064,-3.4181049350916863,-0.031288244326175975,-0.0177908205567161
0.006600000000000001,-0.0064,-3.4057871215106363,-0.0315707755196255,-0.019218069819287045
0.0067,-0.0064,-3.3705083831780276,-0.03184810242495122,-0.02088590952161044
0.0068,-0.0064,-3.3561104511129995,-0.03169528030982821,-0.022200797759499707
0.0069,-0.0064,-3.3374783883993224,-0.031811312434074396,-0.02377865874134205
0.006999999999999999,-0.0064,-3.3108619223689573,-0.03209603191110143,-0.025160165963977993
0.007100000000000001,-0.0064,-3.281814673283406,-0.03199255171370117,-0.02654993488195618
0.0072,-0.0064,-3.259276009153938,-0.031655664694708145,-0.028027028417111823
0.0073,-0.0064,-3.2340815066514637,-0.03155270289590622,-0.0293971972707647
0.0074,-0.0064,-3.201714766359311,-0.031527793383159995,-0.03072809934617714
0.0075,-0.0064,-3.1744018067074293,-0.031162422235358707,-0.03187876068205197
0.0076,-0.0064,-3.1400054655332403,-0.030468008764065427,-0.03280622014608834
0.0077,-0.0064,-3.1084603674036155,-0.03000746839010665,-0.03378224920082012
0.0078,-0.0064,-3.07883219113172,-0.029318817298553807,-0.03445808494377264
0.0079,-0.0064,-3.0381184316026406,-0.028372694951842605,-0.0350646684812184
0.008,-0.0064,-3.0099155096160257,-0.027112896316060266,-0.035036878155842166
0.0081,-0.0064,-2.9907452486868555,-0.02582988839980198,-0.03517916943542649
0.0082,-0.0064,-2.9574609194822883,-0.024445968554179156,-0.034770941427694144
0.0083,-0.0064,-2.926994282449558,-0.023023391441047907,-0.034066608277033374
0.0084,-0.0064,-2.9101972912003764,-0.02125383452628661,-0.03297553769207269
0.0085,-0.0064,-2.8915086163045,-0.019344597861221332,-0.031382296677546564
0.0086,-0.0064,-2.872242693537361,-0.01747380417474795,-0.029880031590891733
0.0087,-0.0064,-2.8587779637778636,-0.015492383626268015,-0.027826044316094617
0.0088,-0.0064,-2.8476198061123053,-0.013533610943859426,-0.025712918094729188
0.0089,-0.0064,-2.8370614254693893,-0.011495144068276309,-0.0230112719340989
0.009,-0.0064,-2.8313871703293767,-0.009490060484673914,-0.020317067700524064
0.0091,-0.0064,-2.8283240148960016,-0.007682104841334941,-0.01739780351253037
0.0092,-0.0064,-2.827017363387818,-0.0060430042143727785,-0.014258962223868205
0.0093,-0.0064,-2.827055105091797,-0.004611201760686907,-0.01165092293667519
0.0094,-0.0064,-2.8285449675845444,-0.003319942370961011,-0.008823863871595847
0.0095,-0.0064,-2.830275339228554,-0.0022892969380741007,-0.006372680421698732
0.0096,-0.0064,-2.832307323868072,-0.0013692625297053063,-0.004229108489479783
0.0097,-0.0064,-2.835645485340914,-0.0007548523337340466,-0.0024789112383652614
0.0098,-0.0064,-2.838129496142284,-0.0002998867200641935,-0.001168773523793208
0.0099,-0.0064,-2.8413966974338614,-8.277621967922533e-05,-0.0003168639375971526
0.01,-0.0064,-2.8406755904177583,0.0,0.0
0.0,-0.0063,-2.682699459395739,0.0,0.0
0.0001,-0.0063,-2.683147287154816,-0.0001327938211794266,0.0036367672472009784
0.0002,-0.0063,-2.6841235150972387,-0.00039801520690587404,0.00676837469054222
0.0003,-0.0063,-2.686187258241201,-0.0007722431125209213,0.009389409599307215
0.0004,-0.0063,-2.687553052314294,-0.0012814090442986638,0.011586804387619713
0.0005,-0.0063,-2.6901941273413263,-0.0018707889372599582,0.013462378400014045
0.0006,-0.0063,-2.692807698445829,-0.0024959127949607854,0.01506914266718333
0.0007,-0.0063,-2.6966147898916426,-0.003222480201630123,0.01627826694008019
0.0008,-0.0063,-2.7004412096393273,-0.00398523670040539,0.01758030439966157
0.0009,-0.0063,-2.705527104970016,-0.004827486791053591,0.01877160778480629
0.001,-0.0063,-2.7122816444320748,-0.005612550903032243,0.01977049989211581
0.0011,-0.0063,-2.7190768932274247,-0.006448782472207358,0.0205142323643147
0.0012,-0.0063,-2.7282548750399416,-0.007286217525880847,0.021420851855443616
0.0013000000000000002,-0.0063,-2.7373174783775305,-0.008134455930542628,0.022163323605374288
0.0014,-0.0063,-2.747867054574617,-0.008971019015920218,0.022923928652680593
0.0015,-0.0063,-2.763225561421422,-0.009880591754181503,0.02357859912264959
0.0016,-0.0063,-2.7742189486114786,-0.010719635521497045,0.024230851617622805
0.0017,-0.0063,-2.791452842613594,-0.01154444442009102,0.02476335903579324
0.0018,-0.0063,-2.8070306703294947,-0.01245935825703573,0.02519307417029536
0.0019,-0.0063,-2.8257947162700843,-0.013180201591153115,0.025693535047141572
0.002,-0.0063,-2.844974468899114,-0.014018870573182317,0.02600505613987382
0.0021,-0.0063,-2.8654676176813965,-0.01495108824032248,0.02643611941937358
0.0022,-0.0063,-2.886693850410961,-0.015609738800171647,0.026465891012707334
0.0023,-0.0063,-2.9084925774541563,-0.016392604208673972,0.026599766168072105
0.0024,-0.0063,-2.9328320261400944,-0.01714012942354388,0.026778615955909114
0.0025,-0.0063,-2.957268913210558,-0.01787775842272843,0.02656802598861435
0.0026000000000000003,-0.0063,-2.9852755635949237,-0.018532488751542082,0.026367152354252767
0.0027,-0.0063,-3.010780027010026,-0.019185112804828357,0.0262259581376435
0.0028,-0.0063,-3.0359365330905232,-0.019851115951117576,0.025879493066046855
0.0029,-0.0063,-3.064583900931796,-0.02038950233120079,0.025351170636775597
0.003,-0.0063,-3.0921505529962787,-0.021027470497495017,0.024866160408135347
0.0031,-0.0063,-3.119841392195011,-0.021532941968267605,0.024530111446929955
0.0032,-0.0063,-3.146134724403379,-0.02206796904242652,0.02373134175871805
0.0033000000000000004,-0.0063,-3.1752896537078468,-0.022494714023373663,0.022956718964089576
0.0034,-0.0063,-3.2031277288281785,-0.023017028623394165,0.022256600786580788
0.0034999999999999996,-0.0063,-3.227605231481309,-0.023420858853088467,0.021427421258708085
0.0036,-0.0063,-3.2557831986094614,-0.02369815462954995,0.020398767872606832
0.0037,-0.0063,-3.2821871071085837,-0.02416230508813242,0.01946825046291802
0.0038,-0.0063,-3.304568046095455,-0.02427183899827331,0.018455621845418685
0.0039,-0.0063,-3.3294119657687045,-0.024564302745312572,0.017356127174594043
0.004,-0.0063,-3.356930086462812,-0.024995773061632216,0.016234090823057695
0.0041,-0.0063,-3.3741921283350855,-0.025392802873271277,0.015080312217933862
0.0042,-0.0063,-3.397010631200583,-0.025577703468108937,0.014135217199724999
0.0043,-0.0063,-3.414310304806167,-0.0258777999622209,0.01281243589165395
0.0044,-0.0063,-3.432770417219619,-0.02586569033530156,0.011403252964398295
0.0045,-0.0063,-3.451401133337003,-0.025960290605908265,0.01013408092631473
0.0046,-0.0063,-3.466982413248563,-0.02640581105682931,0.008919102972706905
0.0047,-0.0063,-3.4821187036335215,-0.026455356836494144,0.007600791294053572
0.0048,-0.0063,-3.4938500357214357,-0.026649016671137074,0.006330153606114167
0.0049,-0.0063,-3.505794882079062,-0.026746146083038647,0.004989257543646665
0.005,-0.0063,-3.515822268489032,-0.027089086750511377,0.0036528859869676467
0.0051,-0.0063,-3.521367418839134,-0.027045360390818497,0.0023187985207264485
0.005200000000000001,-0.0063,-3.527702540134184,-0.02725871213124117,0.000987913895426084
0.0053,-0.0063,-3.5347579357760988,-0.027630278266910682,-0.0003214996738979563
0.0054,-0.0063,-3.535094433098924,-0.027606464955917755,-0.0016956411321683894
0.0055,-0.0063,-3.5367969687521814,-0.027909575827165658,-0.003056411153951065
0.0056,-0.0063,-3.5331689860898923,-0.027934082033877473,-0.004430546069006071
0.005700000000000001,-0.0063,-3.5265983943484995,-0.027935264715636034,-0.005857874404905117
0.0058,-0.0063,-3.5236675601743026,-0.028268681524999718,-0.007185831333542423
0.0059,-0.0063,-3.531543472340958,-0.02865437323817245,-0.008500388286484943
0.006,-0.0063,-3.5069990288238,-0.028569545679150724,-0.009898719927347333
0.0061,-0.0063,-3.5320172601802913,-0.0284355064260448,-0.01172408397167737
0.0062,-0.0063,-3.5228559337392076,-0.029472100140522706,-0.013318116859915713
0.0063,-0.0063,-3.47800898542391,-0.029437304798237876,-0.014632596079873751
0.0064,-0.0063,-3.463724703697183,-0.029908495620001564,-0.016070197563298843
0.006499999999999999,-0.0063,-3.4386612501865508,-0.03004968923898493,-0.01754316277339423
0.006600000000000001,-0.0063,-3.4379465309552675,-0.03026118606623364,-0.018985728436210172
0.0067,-0.0063,-3.426834152462081,-0.030079039696108076,-0.02058870963864624
0.0068,-0.0063,-3.406100712088475,-0.030639452373558473,-0.0220813838498434
0.0069,-0.0063,-3.377491715288603,-0.03098549178726146,-0.023802932985375606
0.006999999999999999,-0.0063,-3.349526227014704,-0.031047184749212184,-0.025132581602018256
0.007100000000000001,-0.0063,-3.3248763313132077,-0.030992763434131557,-0.026704148250653897
0.0072,-0.0063,-3.3077534342281116,-0.030997117394475783,-0.02814127477896799
0.0073,-0.0063,-3.2769917673378552,-0.030983470952249688,-0.029472526386480197
0.0074,-0.0063,-3.2426603871084967,-0.03079120561829477,-0.03082283344180553
0.0075,-0.0063,-3.208387171545895,-0.030752865044696084,-0.03218637873100283
0.0076,-0.0063,-3.1770474081031654,-0.03031265668641857,-0.03352257415935741
0.0077,-0.0063,-3.1496634872849074,-0.029620948690244748,-0.03455161284601026
0.0078,-0.0063,-3.1191199918583843,-0.029185403627525003,-0.03546667213433326
0.0079,-0.0063,-3.0847065589024707,-0.0282232205319714,-0.03583448845955004
0.008,-0.0063,-3.0508694871080335,-0.027437620458312696,-0.036291045677605084
0.0081,-0.0063,-3.041684583106443,-0.026001320293650123,-0.036416871380295625
0.0082,-0.0063,-2.999702119205094,-0.024820636423569166,-0.036138137797522715
0.0083,-0.0063,-2.96173668553322,-0.023350982821679436,-0.03583041416655313
0.0084,-0.0063,-2.9365923998603756,-0.02170109009055792,-0.03471385299583853
0.0085,-0.0063,-2.9126315602959205,-0.019935507385208676,-0.033646775966124
0.0086,-0.0063,-2.893355008185648,-0.018120094777030877,-0.03208455419097546
0.0087,-0.0063,-2.8743750121206237,-0.01621130576329513,-0.029717120344611304
0.0088,-0.0063,-2.860160602765881,-0.014189830767369472,-0.027887374014445344
0.0089,-0.0063,-2.8526795450862874,-0.012072914483228026,-0.02495954908103411
0.009,-0.0063,-2.843834229126886,-0.010173282773148194,-0.02225882963586348
0.0091,-0.0063,-2.8400473852585084,-0.008276612375912361,-0.019044268361245995
0.0092,-0.0063,-2.836940799878336,-0.0065770124150715155,-0.015980307235802096
0.0093,-0.0063,-2.8363866934148696,-0.004846834314648489,-0.013085897551019033
0.0094,-0.0063,-2.8375327801830377,-0.003536814495198822,-0.009931196280022661
0.0095,-0.0063,-2.839921677953027,-0.002417342210424073,-0.007362600249165102
0.0096,-0.0063,-2.8423418258161055,-0.001501905511862506,-0.005015022189880722
0.0097,-0.0063,-2.8452411911304067,-0.0008351158107949545,-0.0030195667057089518
0.0098,-0.0063,-2.8477549258047015,-0.00038989227806026034,-0.0015108320773656375
0.0099,-0.0063,-2.8491142484661687,-0.00013259617294170083,-0.0005187710890855347
0.01,-0.0063,-2.8479913641243715,0.0,0.0
0.0,-0.0062,-2.6928292553458504,0.0,0.0
0.0001,-0.0062,-2.692156722078723,-0.00013188476628724806,0.003829385929620416
0.0002,-0.0062,-2.694666000179847,-0.00037612466983387346,0.007049592445518716
0.0003,-0.0062,-2.6962562723025854,-0.0007668461319646641,0.009816772590092044
0.0004,-0.0062,-2.6978141429702407,-0.0012224192665707954,0.012140205704513645
0.0005,-0.0062,-2.7004691034030337,-0.0017901413913120933,0.014159777846907577
0.0006,-0.0062,-2.702910138350035,-0.002451847845250448,0.015515328513786281
0.0007,-0.0062,-2.7068930755218177,-0.003166413906635446,0.016994135739313503
0.0008,-0.0062,-2.7110045191230547,-0.0038870410246667634,0.01816007973003122
0.0009,-0.0062,-2.717304097896545,-0.004650822116455648,0.019330537330608813
0.001,-0.0062,-2.723209757026193,-0.005457310252727741,0.020574281317802826
0.0011,-0.0062,-2.7311500341071175,-0.006245079723060735,0.021472486344602817
0.0012,-0.0062,-2.741226569623409,-0.007071340921593995,0.022204894273318353
0.0013000000000000002,-0.0062,-2.7497947651940566,-0.007888879373616955,0.023030999787418297
0.0014,-0.0062,-2.7633357776790706,-0.008722927891143253,0.023783967731786395
0.0015,-0.0062,-2.775478613924663,-0.009552233877969734,0.02444026590275124
0.0016,-0.0062,-2.791443997818157,-0.010416702725290713,0.025127845970852547
0.0017,-0.0062,-2.8073779889358907,-0.011166304007218807,0.025511893953867854
0.0018,-0.0062,-2.8230821802848793,-0.012014627452782372,0.02615848731447742
0.0019,-0.0062,-2.8420114510430188,-0.01277908483183212,0.026452385154431213
0.002,-0.0062,-2.8629122203510176,-0.013621791788029256,0.02695377428419808
0.0021,-0.0062,-2.885329966771333,-0.01428551241514316,0.027192829290326653
0.0022,-0.0062,-2.9065644857491497,-0.015116488424265294,0.027218598905825148
0.0023,-0.0062,-2.9308871891585624,-0.015849675310457386,0.027435297400334527
0.0024,-0.0062,-2.9550532584611218,-0.016557419933143854,0.027436464372283465
0.0025,-0.0062,-2.979204077390356,-0.01725876094549383,0.027234008327364924
0.0026000000000000003,-0.0062,-3.0074006742496517,-0.017890795473452386,0.027099459504739676
0.0027,-0.0062,-3.0342403332383903,-0.018470107977385554,0.026857279859212227
0.0028,-0.0062,-3.061502272150192,-0.019168294637346223,0.026519275910225217
0.0029,-0.0062,-3.0913263573557526,-0.019557898907262908,0.026032145659446344
0.003,-0.0062,-3.1191698065206594,-0.02018628422165631,0.025589991049732638
0.0031,-0.0062,-3.1472949601338245,-0.020641899832585655,0.024790674157589274
0.0032,-0.0062,-3.175609310741862,-0.021213362594861215,0.024088264001945664
0.0033000000000000004,-0.0062,-3.2022359126442987,-0.021583328798941395,0.02353205839391425
0.0034,-0.0062,-3.2332676857843645,-0.022084979973159342,0.02260139977767779
0.0034999999999999996,-0.0062,-3.2598920076801328,-0.022475265439870974,0.02175702110711443
0.0036,-0.0062,-3.2860457976181743,-0.02271474411526532,0.020714215222382957
0.0037,-0.0062,-3.314612118253944,-0.023047973822351506,0.01968823219482808
0.0038,-0.0062,-3.3378484983306906,-0.023262351876626754,0.018562153524768834
0.0039,-0.0062,-3.3618159991177787,-0.023501111316053064,0.01775094175267942
0.004,-0.0062,-3.385458739478322,-0.023910844034786313,0.016546778878175423
0.0041,-0.0062,-3.4064985053799153,-0.024054208882081058,0.015192892384068447
0.0042,-0.0062,-3.431785699462726,-0.024294547499412258,0.014178394531520947
0.0043,-0.0062,-3.4505096464500076,-0.02444727852102347,0.01292765940639028
0.0044,-0.0062,-3.473110286547107,-0.02467974028407518,0.011592663364652719
0.0045,-0.0062,-3.4883829228338508,-0.024623372916559458,0.010274879591804762
0.0046,-0.0062,-3.5049888593790346,-0.02497057694542017,0.0090917448299938
0.0047,-0.0062,-3.518906514909978,-0.025256416150059108,0.007806649042126712
0.0048,-0.0062,-3.530641454611641,-0.025175247586143718,0.0064354000268417024
0.0049,-0.0062,-3.541949120798812,-0.02539813021103897,0.005162544154558514
0.005,-0.0062,-3.550226898155567,-0.025617339976045123,0.003743737946922464
0.0051,-0.0062,-3.557029352160929,-0.02565404344205817,0.002398450840423181
0.005200000000000001,-0.0062,-3.5587426706134,-0.025464644440070468,0.0011478347001844791
0.0053,-0.0062,-3.5666825233656656,-0.025798183325513247,-0.000204831570250065
0.0054,-0.0062,-3.5712345381223933,-0.025774085416473014,-0.0016045170361932927
0.0055,-0.0062,-3.5664224250282053,-0.026308437093336263,-0.0029437675728284005
0.0056,-0.0062,-3.568328995121992,-0.02640369834544608,-0.0042850910957783995
0.005700000000000001,-0.0062,-3.5607817773343466,-0.026635322748394825,-0.005646376723641779
0.0058,-0.0062,-3.556828044735826,-0.027061489575082212,-0.007068640779278009
0.0059,-0.0062,-3.5481361168438137,-0.026877991353160213,-0.008476614423939226
0.006,-0.0062,-3.556238312149111,-0.02681844325721109,-0.009822268557426543
0.0061,-0.0062,-3.5578284201126147,-0.027070825599831507,-0.011258795645638635
0.0062,-0.0062,-3.5399862999181315,-0.02727172118297649,-0.012628829297958133
0.0063,-0.0062,-3.551987564842223,-0.02760630698780227,-0.014226827306650522
0.0064,-0.0062,-3.533087756593278,-0.028241133863475418,-0.015733957054760783
0.006499999999999999,-0.0062,-3.497124882648516,-0.028573072003256195,-0.01726126368714233
0.006600000000000001,-0.0062,-3.478496090612559,-0.02874055605649561,-0.018919345392864766
0.0067,-0.0062,-3.4569340527459524,-0.029181923284778345,-0.020442606764279128
0.0068,-0.0062,-3.447454190539256,-0.029389160749244414,-0.02189463580499389
0.0069,-0.0062,-3.4223205908641847,-0.029764576813895396,-0.023508358600392604
0.006999999999999999,-0.0062,-3.3918391252843714,-0.029938052145300834,-0.025134430613741623
0.007100000000000001,-0.0062,-3.3703550151323602,-0.029951271603359354,-0.026616666503232734
0.0072,-0.0062,-3.3461165044681147,-0.030156202633849962,-0.028198929416401588
0.0073,-0.0062,-3.313861619030043,-0.030081399167716197,-0.029511701683673553
0.0074,-0.0062,-3.2841998754016966,-0.03022037823138495,-0.031111858661626947
0.0075,-0.0062,-3.2492846612569024,-0.03008997626427791,-0.0324408121467293
0.0076,-0.0062,-3.2133450205565435,-0.02972277643022187,-0.03379454139415679
0.0077,-0.0062,-3.178766534989251,-0.02948984812001268,-0.03515199540131654
0.0078,-0.0062,-3.152239544638114,-0.028682721151414778,-0.035870770394619465
0.0079,-0.0062,-3.1168540770978908,-0.028323085089524982,-0.03661271732022506
0.008,-0.0062,-3.091290361395741,-0.027240702055172924,-0.03741684366278782
0.0081,-0.0062,-3.0561597708110653,-0.026027767961406642,-0.03772564820362332
0.0082,-0.0062,-3.0081882912880347,-0.025204607273584964,-0.03788825347053563
0.0083,-0.0062,-2.9919112694607293,-0.023890698766710787,-0.03730908995809816
0.0084,-0.0062,-2.966933639003105,-0.022191015262997348,-0.03643524070825125
0.0085,-0.0062,-2.936831099889725,-0.02050678989779426,-0.03533996157459068
0.0086,-0.0062,-2.914035214424682,-0.01858339566035454,-0.03363942828961438
0.0087,-0.0062,-2.8959965743429765,-0.01664037070330764,-0.03223082422055273
0.0088,-0.0062,-2.88064583640984,-0.014880252962757044,-0.029312130565887207
0.0089,-0.0062,-2.8693053927245304,-0.012669641931623244,-0.0270535260424445
0.009,-0.0062,-2.8570443067557485,-0.010735363526764725,-0.02396960152909096
0.0091,-0.0062,-2.851330898802857,-0.008776336153282997,-0.02088914037039177
0.0092,-0.0062,-2.8482273814491346,-0.006901383754300753,-0.01782391318332407
0.0093,-0.0062,-2.8469306562935524,-0.005336849137100769,-0.014618545347936496
0.0094,-0.0062,-2.847387496623028,-0.003815932721423371,-0.011352339056799571
0.0095,-0.0062,-2.8490080501588313,-0.0025735977934296913,-0.008338426931480087
0.0096,-0.0062,-2.8521860486274186,-0.0016479053774189078,-0.005804022767584698
0.0097,-0.0062,-2.855049626352428,-0.0009178298638843378,-0.0036074089402869645
0.0098,-0.0062,-2.857816395266258,-0.0004151246868975705,-0.0018675912749843563
0.0099,-0.0062,-2.8601690661792363,-0.00012888280368049607,-0.0006430619386514286
0.01,-0.0062,-2.8616083941058768,0.0,0.0
0.0,-0.0061,-2.70317845997366,0.0,0.0
0.0001,-0.0061,-2.7032784962512824,-0.00012154779628068868,0.0041371224530906995
0.0002,-0.0061,-2.7050873129828354,-0.00035314735082973863,0.007301458007244451
0.0003,-0.0061,-2.707033448025781,-0.000712888695071634,0.010288428189169339
0.0004,-0.0061,-2.7084542035153816,-0.0011905011722037123,0.0126123974594378
0.0005,-0.0061,-2.71118416091364,-0.0017168747420678865,0.014679690037395577
0.0006,-0.0061,-2.7136313005409773,-0.002358753321999642,0.016330311424897253
0.0007,-0.0061,-2.717759979373503,-0.003037465315936197,0.017841699104757632
0.0008,-0.0061,-2.7223782954270366,-0.0037174147757899666,0.019055762339519652
0.0009,-0.0061,-2.728566540937763,-0.004494197441521119,0.020324581310104076
0.001,-0.0061,-2.7345081967089717,-0.005259390460355702,0.021416911272322894
0.0011,-0.0061,-2.742255888866088,-0.006032437455144019,0.02214228425176881
0.0012,-0.0061,-2.753115528828597,-0.006836487550991255,0.023022572958586975
0.0013000000000000002,-0.0061,-2.7642697247292234,-0.0076236668020911585,0.02388711876409363
0.0014,-0.0061,-2.7764311813248357,-0.00842563986486325,0.024586892881851858
0.0015,-0.0061,-2.790376908655091,-0.009215371088505168,0.025240036899559778
0.0016,-0.0061,-2.8059846322417084,-0.009978494222706968,0.025778106076727876
0.0017,-0.0061,-2.8234841914786277,-0.010765835583156112,0.02649174108425753
0.0018,-0.0061,-2.841466503641395,-0.01157170277057263,0.026987499144057826
0.0019,-0.0061,-2.8614269023734136,-0.01232197354535164,0.027263551320163684
0.002,-0.0061,-2.880686702871787,-0.01308144178087961,0.027635548105659213
0.0021,-0.0061,-2.9022991581725983,-0.013801619918200734,0.027765495678635822
0.0022,-0.0061,-2.928071980230061,-0.014556807287824824,0.028089547985222542
0.0023,-0.0061,-2.949434355178515,-0.015213607647854073,0.02799857668174778
0.0024,-0.0061,-2.9769277062820936,-0.015895923303472975,0.028108617736947866
0.0025,-0.0061,-3.0052935361162114,-0.01650199027150432,0.028000335324070858
0.0026000000000000003,-0.0061,-3.030243517892931,-0.0171934474349176,0.027754784080394904
0.0027,-0.0061,-3.059523899050915,-0.017792236540999883,0.02736810883143059
0.0028,-0.0061,-3.087258925527783,-0.01825889684621885,0.026991099821137943
0.0029,-0.0061,-3.1169099581137933,-0.018824203721433175,0.026557191254092727
0.003,-0.0061,-3.1458043001579727,-0.019312410802086497,0.025980132901462838
0.0031,-0.0061,-3.173350996969776,-0.019826352113429216,0.025446095754135985
0.0032,-0.0061,-3.2035225005049055,-0.020228474962863244,0.024708065164072604
0.0033000000000000004,-0.0061,-3.234509040723504,-0.020598564060372197,0.023852329040993814
0.0034,-0.0061,-3.260941572526356,-0.020968930016982416,0.023077837869728918
0.0034999999999999996,-0.0061,-3.2903384096709116,-0.021290493636366526,0.022094473311520136
0.0036,-0.0061,-3.316606549464796,-0.02164318151518076,0.020895100541183143
0.0037,-0.0061,-3.3446472784238424,-0.021920299296756724,0.020001303933532943
0.0038,-0.0061,-3.3701479241620196,-0.022143633436722245,0.01895677820018067
0.0039,-0.0061,-3.391748331277494,-0.022245666743561023,0.017700079846746614
0.004,-0.0061,-3.4192708533989173,-0.02251810332499169,0.016731158546439213
0.0041,-0.0061,-3.445223635590074,-0.022830221345351908,0.015417503905390718
0.0042,-0.0061,-3.4652551239963,-0.022846373423569273,0.01438229509789607
0.0043,-0.0061,-3.4844541798845037,-0.023267119564107087,0.01300168900473957
0.0044,-0.0061,-3.504365408552921,-0.02316882368705943,0.011822967481579419
0.0045,-0.0061,-3.520793806920539,-0.02330940178198413,0.010541892885345834
0.0046,-0.0061,-3.534227946358347,-0.023589356402035452,0.009225757299111292
0.0047,-0.0061,-3.5490237948083196,-0.023904566568461977,0.007883257842012065
0.0048,-0.0061,-3.5625242515460274,-0.02370827237214754,0.006578352433425145
0.0049,-0.0061,-3.571277393111948,-0.024036463228325363,0.005187857727212249
0.005,-0.0061,-3.582704070032066,-0.023935544992318647,0.004062136525159224
0.0051,-0.0061,-3.5922150244895454,-0.024183807165758464,0.0026023081038260504
0.005200000000000001,-0.0061,-3.5921325828445285,-0.024644618030116076,0.001271359722768314
0.0053,-0.0061,-3.5986796573357687,-0.024367258248470053,-7.04955139835782e-05
0.0054,-0.0061,-3.597849828783388,-0.024111375529358072,-0.0013655660985333277
0.0055,-0.0061,-3.605520885929076,-0.02470510356658942,-0.0027427971111296783
0.0056,-0.0061,-3.5996554198342947,-0.02464360366424557,-0.00408052491700663
0.005700000000000001,-0.0061,-3.6002255823982736,-0.02506608909198629,-0.005428894870405502
0.0058,-0.0061,-3.5956699020229066,-0.02548887579280551,-0.006807986787293371
0.0059,-0.0061,-3.594616943474609,-0.025802712220681708,-0.008232301513782417
0.006,-0.0061,-3.5927545444547513,-0.02607568227781164,-0.009705958033654538
0.0061,-0.0061,-3.579838968110645,-0.026208911626573617,-0.011120523206007335
0.0062,-0.0061,-3.5549790978456115,-0.026390595202729523,-0.012496751344289883
0.0063,-0.0061,-3.5524150207143737,-0.026205778051246898,-0.013837772893988645
0.0064,-0.0061,-3.5610067137652184,-0.026533794384397916,-0.015310944283680428
0.006499999999999999,-0.0061,-3.5569647212202846,-0.027090221672874556,-0.016833105656162965
0.006600000000000001,-0.0061,-3.5308628234169563,-0.027692039124870806,-0.018622062132777766
0.0067,-0.0061,-3.498577992832623,-0.027927374600982203,-0.019950288294261032
0.0068,-0.0061,-3.479559328261641,-0.028079839080838487,-0.021654238172711195
0.0069,-0.0061,-3.4505954783974606,-0.028451932452790752,-0.023156318259831134
0.006999999999999999,-0.0061,-3.440027834297012,-0.028630366670001652,-0.02470258407218524
0.007100000000000001,-0.0061,-3.4127158991337536,-0.028715189005897552,-0.026491764144496388
0.0072,-0.0061,-3.387858748552157,-0.029126938432843842,-0.02805500669458354
0.0073,-0.0061,-3.3521701124549677,-0.029420031926585623,-0.029465863424785924
0.0074,-0.0061,-3.322519573089887,-0.02912182713666321,-0.031090481703503356
0.0075,-0.0061,-3.295939711605076,-0.029214965141319733,-0.03262988684053975
0.0076,-0.0061,-3.2585895901710136,-0.02915534816012314,-0.034026697941870125
0.0077,-0.0061,-3.222870759739213,-0.028827181448479983,-0.03511590019753047
0.0078,-0.0061,-3.1886594639233334,-0.02834899815632538,-0.036539045173657046
0.0079,-0.0061,-3.1505576174426606,-0.027735952353483473,-0.03743808798402095
0.008,-0.0061,-3.111716148294859,-0.027422327932502717,-0.03834044135005316
0.0081,-0.0061,-3.0804344157522503,-0.026210630207333246,-0.038535078534513434
0.0082,-0.0061,-3.0479529516010895,-0.025153944802577606,-0.038621281076906634
0.0083,-0.0061,-2.9962645532306196,-0.023881213693038097,-0.03857662821211946
0.0084,-0.0061,-2.97064217425458,-0.02260271296475338,-0.037907105222972554
0.0085,-0.0061,-2.9490622978467544,-0.0209910932317218,-0.03722074013733819
0.0086,-0.0061,-2.938573336137254,-0.019048511481630587,-0.035929250887098946
0.0087,-0.0061,-2.917768496653625,-0.01728987046701844,-0.03395976742622958
0.0088,-0.0061,-2.898480945931009,-0.01534226056684532,-0.03168003948704944
0.0089,-0.0061,-2.882302397215007,-0.013319994260159472,-0.029171106027038315
0.009,-0.0061,-2.87262429015085,-0.011180617708039601,-0.0261838421499318
0.0091,-0.0061,-2.8643422975030197,-0.009256950849347419,-0.022896174061376652
0.0092,-0.0061,-2.8603359746324974,-0.007567805644809078,-0.01945982282444663
0.0093,-0.0061,-2.858161933947598,-0.005604850805326478,-0.016087188816849025
0.0094,-0.0061,-2.858006464469845,-0.004068883282471873,-0.01284179010704932
0.0095,-0.0061,-2.860065003210531,-0.0028224095177992363,-0.009458547052698652
0.0096,-0.0061,-2.8625923218147786,-0.0017871113313547634,-0.006761045085296852
0.0097,-0.0061,-2.8651408419481017,-0.0010019956170088597,-0.004207082496625726
0.0098,-0.0061,-2.8683810098788283,-0.00045700086093949477,-0.002277337183103334
0.0099,-0.0061,-2.870644132379613,-0.00013926223804877546,-0.000846920903346439
0.01,-0.0061,-2.8725789733912808,0.0,0.0
0.0,-0.006,-2.714605812395311,0.0,0.0
0.0001,-0.006,-2.715273328492607,-0.00011386402943582745,0.004126723592512909
0.0002,-0.006,-2.716204291834474,-0.00033362709224620213,0.007769967259467212
0.0003,-0.006,-2.718418575579484,-0.0006644448064126591,0.0107541679420467
0.0004,-0.006,-2.7194012801584346,-0.001117396886888686,0.013076885148620938
0.0005,-0.006,-2.7218775720227155,-0.0016277666988755825,0.015177912307504449
0.0006,-0.006,-2.7250277659559514,-0.0022316818389242774,0.017000228476517283
0.0007,-0.006,-2.7286710311178557,-0.002884356208840278,0.01860841875028797
0.0008,-0.006,-2.7341765382019037,-0.0035837785391048906,0.019640182306028126
0.0009,-0.006,-2.739707240185051,-0.004289573642897596,0.020934569655253882
0.001,-0.006,-2.7472420770538233,-0.005043488774090943,0.022033371914208046
0.0011,-0.006,-2.755005539344524,-0.005786227888497727,0.02287239221299492
0.0012,-0.006,-2.7656635667478717,-0.006534740938849069,0.023819720516078936
0.0013000000000000002,-0.006,-2.7769730958453955,-0.007315164290632789,0.02466350834851388
0.0014,-0.006,-2.7892952170528953,-0.008081463187693807,0.025371436472580285
0.0015,-0.006,-2.804381670678508,-0.00885979928600462,0.026082826453131636
0.0016,-0.006,-2.8214080154918872,-0.009609719075236648,0.026645623609226145
0.0017,-0.006,-2.8380602834429776,-0.010406215754765615,0.02716666498865984
0.0018,-0.006,-2.857054801328059,-0.011112803883426975,0.02753069684494921
0.0019,-0.006,-2.8764599411426546,-0.011879123041080063,0.02813098756880565
0.002,-0.006,-2.899604183519516,-0.012564177192824483,0.028282867279706376
0.0021,-0.006,-2.922819104706594,-0.01326107626880442,0.028495441124759654
0.0022,-0.006,-2.9454683294359834,-0.01391746523686794,0.02877235284406654
0.0023,-0.006,-2.9708777158638617,-0.014578287594556955,0.02881856421887375
0.0024,-0.006,-2.99606526468178,-0.015233239727391462,0.028751477727057124
0.0025,-0.006,-3.0245659007087418,-0.015781059518710717,0.028587269716514964
0.0026000000000000003,-0.006,-3.053417897419909,-0.016387514851448407,0.028309973777031178
0.0027,-0.006,-3.0822417291555406,-0.016985651516514426,0.02785301358875717
0.0028,-0.006,-3.110869010684483,-0.0174764562722579,0.02768968269618235
0.0029,-0.006,-3.1412227825933687,-0.017955798065361392,0.027009112781804814
0.003,-0.006,-3.1710186451895894,-0.018400133073961565,0.02637959800844941
0.0031,-0.006,-3.1997464693947744,-0.018796275132344244,0.025789359121019807
0.0032,-0.006,-3.2322007009975664,-0.019173318119787217,0.024880631686315755
0.0033000000000000004,-0.006,-3.261612812471285,-0.01958859377256458,0.02422558555318752
0.0034,-0.006,-3.2901838086226403,-0.019840030896650224,0.023305174930872682
0.0034999999999999996,-0.006,-3.3183168388559245,-0.020212376641593442,0.022364034848280714
0.0036,-0.006,-3.3461018337596915,-0.020547646175872774,0.021364769027590602
0.0037,-0.006,-3.371483184228233,-0.020689505700756797,0.020311370231387668
0.0038,-0.006,-3.4020568142794656,-0.02092465509566819,0.01902879761378314
0.0039,-0.006,-3.4247242635685957,-0.02117422051269821,0.018096805212394176
0.004,-0.006,-3.450786569651513,-0.021308969702524896,0.01686672959506196
0.0041,-0.006,-3.470199847401625,-0.021545429452888322,0.015713151749030072
0.0042,-0.006,-3.493301594002618,-0.021661068103484317,0.014397098467957767
0.0043,-0.006,-3.5162767705480564,-0.021766378897421702,0.013085241623339301
0.0044,-0.006,-3.5308825024949995,-0.021807940502061633,0.0120026098153708
0.0045,-0.006,-3.5492520935962,-0.021841336020473764,0.01050272127244388
0.0046,-0.006,-3.5666075846601597,-0.02226684564806715,0.009384017562943605
0.0047,-0.006,-3.582144471822387,-0.02225837149794435,0.00802849016874648
0.0048,-0.006,-3.5903215152333257,-0.022345564031930155,0.006731670115256493
0.0049,-0.006,-3.603975691578657,-0.022386902646751507,0.005357662380834913
0.005,-0.006,-3.6166104166140016,-0.022203223894807823,0.0039610823119110945
0.0051,-0.006,-3.625381553490362,-0.0227342282371886,0.00264753857997921
0.005200000000000001,-0.006,-3.630974030293235,-0.022629681006584954,0.0014101075762614206
0.0053,-0.006,-3.628034072952136,-0.022816022338279812,4.551065208531144e-05
0.0054,-0.006,-3.628590407354822,-0.02277974436907319,-0.0012432913734626513
0.0055,-0.006,-3.6332293710970993,-0.023242047007865328,-0.0026113760521246873
0.0056,-0.006,-3.637681001120175,-0.02348599866124797,-0.003942248666657029
0.005700000000000001,-0.006,-3.6349398152882753,-0.0232984862024432,-0.005318767460903692
0.0058,-0.006,-3.639769490787214,-0.023545879605102227,-0.006682015484295616
0.0059,-0.006,-3.6341196778448057,-0.024145538040431763,-0.008074286757225496
0.006,-0.006,-3.6327618512289734,-0.02464698428970941,-0.009497738473675972
0.0061,-0.006,-3.6211785675598027,-0.024625099577550977,-0.010913766765649403
0.0062,-0.006,-3.600906568035347,-0.024948121449308178,-0.01208785667980355
0.0063,-0.006,-3.5847530379771375,-0.025402975105039218,-0.013674065209462176
0.0064,-0.006,-3.5654202108842297,-0.02535117026573233,-0.015186132619090393
0.006499999999999999,-0.006,-3.565053522019353,-0.025509464457149522,-0.016504104950114878
0.006600000000000001,-0.006,-3.563095982257386,-0.025861495960607075,-0.018179907521198635
0.0067,-0.006,-3.5491662417166374,-0.02620160254484152,-0.019527330296424977
0.0068,-0.006,-3.5216579103058168,-0.02681422218059718,-0.02135218625501636
0.0069,-0.006,-3.491202141542381,-0.02726852318614842,-0.022769809544887484
0.006999999999999999,-0.006,-3.471823263147947,-0.027358791378232408,-0.02448190598453301
0.007100000000000001,-0.006,-3.452190007392144,-0.0277106645308246,-0.02609010340999804
0.0072,-0.006,-3.4265404148465564,-0.027910174201320595,-0.027734906672996218
0.0073,-0.006,-3.395755722940084,-0.028062086230696094,-0.02943271331592086
0.0074,-0.006,-3.3627567386841397,-0.028433085010421445,-0.031176790578430588
0.0075,-0.006,-3.331969016478021,-0.02837224906524709,-0.032695183607837616
0.0076,-0.006,-3.3002445783360197,-0.028395024310513953,-0.03400295512490355
0.0077,-0.006,-3.269000783706991,-0.028150281623722656,-0.03560252409230312
0.0078,-0.006,-3.237116000834337,-0.028028407164929027,-0.03680002671568834
0.0079,-0.006,-3.1967540289356595,-0.027488005408379586,-0.03803897488898396
0.008,-0.006,-3.1532027036714148,-0.02693055596007824,-0.038643981042627416
0.0081,-0.006,-3.1101964989647635,-0.0263589706890008,-0.03937680986934186
0.0082,-0.006,-3.096093161706137,-0.025336559669888632,-0.03965507588646694
0.0083,-0.006,-3.0573053086396658,-0.024148072601710396,-0.03985259834944398
0.0084,-0.006,-3.0351889095266835,-0.02297131749923675,-0.03979137450964859
0.0085,-0.006,-3.0333930624653473,-0.021460734896637072,-0.038675738332642186
0.0086,-0.006,-2.964388686273894,-0.019660288735708194,-0.03755428586700275
0.0087,-0.006,-2.9339330901978022,-0.017678941468685493,-0.035748061085553756
0.0088,-0.006,-2.909562404114187,-0.01585086015397121,-0.03339540745063843
0.0089,-0.006,-2.898877363369184,-0.013977406867841541,-0.030708971258374185
0.009,-0.006,-2.8886248153340253,-0.011711411157336583,-0.02809750214569064
0.0091,-0.006,-2.878269926891999,-0.00983023104398716,-0.02479549036071188
0.0092,-0.006,-2.8724841234464895,-0.007770000812351865,-0.02148127408856498
0.0093,-0.006,-2.8704502299313206,-0.006025465254702533,-0.017266233707912897
0.0094,-0.006,-2.8698868590495676,-0.004407343679446108,-0.014217778290654518
0.0095,-0.006,-2.871062242925814,-0.003075951340492924,-0.010705842656846019
0.0096,-0.006,-2.8743262352190397,-0.0019506155887715636,-0.00782624624060458
0.0097,-0.006,-2.875921794728449,-0.0010983421819110246,-0.004901331723297756
0.0098,-0.006,-2.8804075024265345,-0.0004999843754693835,-0.0027130588847520142
0.0099,-0.006,-2.881755367078696,-0.00015527640325519398,-0.0010550959937386066
0.01,-0.006,-2.883420143374889,0.0,0.0
0.0,-0.0059,-2.7261660057634685,0.0,0.0
0.0001,-0.0059,-2.7268090258477518,-0.0001018655672113548,0.004382103398268837
0.0002,-0.0059,-2.726809080204484,-0.00031508863914564764,0.007956355412296617
0.0003,-0.0059,-2.7287088611897885,-0.0006194674049301544,0.011113588256947984
0.0004,-0.0059,-2.7309422809260235,-0.0010596571642537262,0.013576001230554866
0.0005,-0.0059,-2.733245275531909,-0.0015474602195153266,0.015705347553887937
0.0006,-0.0059,-2.7365380164129047,-0.002112203144901911,0.017521904731667433
0.0007,-0.0059,-2.74039577845957,-0.002718163610650184,0.01920500785620305
0.0008,-0.0059,-2.745400925016339,-0.003388528429479463,0.02036544115421488
0.0009,-0.0059,-2.7518555637712576,-0.004074843579362624,0.02159903347104902
0.001,-0.0059,-2.7602587241734713,-0.004788817548799799,0.022825601646590997
0.0011,-0.0059,-2.7681096324079033,-0.005509070918755937,0.023677748158145606
0.0012,-0.0059,-2.778212291822227,-0.0062412194225434465,0.024593500409899584
0.0013000000000000002,-0.0059,-2.789911552313463,-0.00698413762036252,0.025321020650338835
0.0014,-0.0059,-2.8059227819102586,-0.0077089554357370645,0.026026500369538765
0.0015,-0.0059,-2.821107743040329,-0.00847556135734268,0.026788029476099415
0.0016,-0.0059,-2.836459505753131,-0.00916392546072978,0.02730478534931362
0.0017,-0.0059,-2.8530327406658276,-0.009877499360224362,0.028036801273049042
0.0018,-0.0059,-2.8743109929960133,-0.010571620438990792,0.028345597861735208
0.0019,-0.0059,-2.893661736201791,-0.011327238698922108,0.028789698939030463
0.002,-0.0059,-2.9168501409867402,-0.011980892157469197,0.029033536167100138
0.0021,-0.0059,-2.9422584349642364,-0.012670268053311978,0.029128820798220247
0.0022,-0.0059,-2.9630757148411617,-0.013272474775050405,0.029310399498460378
0.0023,-0.0059,-2.991187888054459,-0.013834017445617226,0.029418986058932835
0.0024,-0.0059,-3.0214287308033474,-0.014476393426492318,0.02929006468642727
0.0025,-0.0059,-3.0474286003265534,-0.01502353063914789,0.029030069142798445
0.0026000000000000003,-0.0059,-3.075805431253822,-0.015583631959583594,0.02884515383281487
0.0027,-0.0059,-3.105907565910744,-0.016045465742767807,0.028362819500259054
0.0028,-0.0059,-3.135360235762532,-0.01653254005387843,0.028054760538587388
0.0029,-0.0059,-3.166906181837947,-0.016941156976137746,0.027576344752668066
0.003,-0.0059,-3.1968058799375445,-0.017403739237300687,0.026923556967703613
0.0031,-0.0059,-3.2261555654719243,-0.017795520835391238,0.026282664551024994
0.0032,-0.0059,-3.2560578979920187,-0.018122166720958583,0.02544109718681751
0.0033000000000000004,-0.0059,-3.2862567593441985,-0.018470692804089854,0.02455022052718761
0.0034,-0.0059,-3.3161547750222384,-0.018711861033627028,0.02365231570183435
0.0034999999999999996,-0.0059,-3.3478661127528175,-0.019010578309000502,0.022557492535758162
0.0036,-0.0059,-3.373797671919529,-0.01918511990528035,0.021695068247816404
0.0037,-0.0059,-3.4012918821713405,-0.019479982879607293,0.02043123002386569
0.0038,-0.0059,-3.428555824447395,-0.019707636879930074,0.019263684011918077
0.0039,-0.0059,-3.4555194309743222,-0.01985899515593816,0.01830194600807116
0.004,-0.0059,-3.478410625903529,-0.020070914998677303,0.017022610305254142
0.0041,-0.0059,-3.5005484278620616,-0.020068162077881323,0.01580562516080899
0.0042,-0.0059,-3.5235519486078393,-0.020370785413870357,0.014585423984604013
0.0043,-0.0059,-3.5441268329756395,-0.020403972895364664,0.013256927729834762
0.0044,-0.0059,-3.5616540667583934,-0.02061927793540607,0.012068057586650891
0.0045,-0.0059,-3.578239996517881,-0.020647406588987578,0.01074963564407295
0.0046,-0.0059,-3.596741218657236,-0.020636264844256708,0.009457410787589285
0.0047,-0.0059,-3.608132167698659,-0.020785648539557833,0.008207550351216559
0.0048,-0.0059,-3.6242711502945277,-0.020890858150704468,0.006782690470375195
0.0049,-0.0059,-3.630189744303328,-0.02093446435643623,0.005489817893398196
0.005,-0.0059,-3.640269928964576,-0.02091105208070482,0.004152838427714525
0.0051,-0.0059,-3.6499206140140235,-0.021044279070215468,0.002806163147218238
0.005200000000000001,-0.0059,-3.656625477587255,-0.0213906871905397,0.0015902847612313338
0.0053,-0.0059,-3.6595473650853325,-0.02126684861131093,0.00023523027522051251
0.0054,-0.0059,-3.658734619446978,-0.021858744906518693,-0.0011041195115173656
0.0055,-0.0059,-3.654477418056017,-0.021925825156850622,-0.002402132777798706
0.0056,-0.0059,-3.6628517886647547,-0.0220862838263136,-0.0037595195526105556
0.005700000000000001,-0.0059,-3.662604957503522,-0.02231197857864363,-0.005065993385521602
0.0058,-0.0059,-3.6592964852128844,-0.02231299056741856,-0.006459732986871994
0.0059,-0.0059,-3.66085681375754,-0.022737523757899714,-0.007798024948002635
0.006,-0.0059,-3.653183303447543,-0.02294809170513405,-0.009128190517378641
0.0061,-0.0059,-3.6438791170634945,-0.023214441123416616,-0.01050789376015216
0.0062,-0.0059,-3.634956212707912,-0.0232598521740952,-0.011788586984591133
0.0063,-0.0059,-3.63217903598043,-0.023494105624480868,-0.013317140719421956
0.0064,-0.0059,-3.611337935601508,-0.023919210330580684,-0.014805073511919032
0.006499999999999999,-0.0059,-3.5925105186858612,-0.024241411014668535,-0.016303309937596086
0.006600000000000001,-0.0059,-3.578768394755641,-0.024308273616616978,-0.017686621687784673
0.0067,-0.0059,-3.5680530063184723,-0.02491658481611586,-0.01938831383831156
0.0068,-0.0059,-3.564333890544584,-0.02523369364671755,-0.02087255031144729
0.0069,-0.0059,-3.5352674181615202,-0.025665419223459524,-0.022422868521245497
0.006999999999999999,-0.0059,-3.5126944490312666,-0.026052463808889915,-0.024231051753081937
0.007100000000000001,-0.0059,-3.485003594361452,-0.02649887853887478,-0.025861553221107936
0.0072,-0.0059,-3.456794313077915,-0.026618373738855845,-0.02752649380957056
0.0073,-0.0059,-3.4366082086877725,-0.026940125034360354,-0.029115870835896947
0.0074,-0.0059,-3.403279280684922,-0.02714209734603484,-0.030917754215099694
0.0075,-0.0059,-3.3696763654182527,-0.02740500626190545,-0.03257898704135064
0.0076,-0.0059,-3.3372934364907,-0.027519816349101212,-0.03411623297357134
0.0077,-0.0059,-3.3051659853419078,-0.02744067375615258,-0.03584758577620433
0.0078,-0.0059,-3.264364134163858,-0.02733108472104271,-0.037166667022941566
0.0079,-0.0059,-3.2281493371568013,-0.02706709865835615,-0.03844761803347318
0.008,-0.0059,-3.1990782866353373,-0.02661845598034676,-0.03965641926223496
0.0081,-0.0059,-3.157850266327099,-0.02588591653154841,-0.03991659741594408
0.0082,-0.0059,-3.1227454100605967,-0.025270131095119608,-0.041317418204456
0.0083,-0.0059,-3.082263841387937,-0.02424105443786649,-0.04113804359012776
0.0084,-0.0059,-3.043648246358893,-0.0228272882501383,-0.041246447490281724
0.0085,-0.0059,-2.9800119516298795,-0.021470618373284605,-0.04062023436308082
0.0086,-0.0059,-2.982971244102662,-0.019980358588498604,-0.039278298275180784
0.0087,-0.0059,-2.9557098294653015,-0.01822874967050107,-0.037548152791131995
0.0088,-0.0059,-2.932995740655164,-0.016352144053469814,-0.035400603659608745
0.0089,-0.0059,-2.915937514061878,-0.014215147808435885,-0.033186790907039423
0.009,-0.0059,-2.9029899612336774,-0.012289225119293456,-0.03017607350587875
0.0091,-0.0059,-2.892705908791706,-0.010165100241948919,-0.02689715224759878
0.0092,-0.0059,-2.886679717204906,-0.008191162660386072,-0.023018407723412168
0.0093,-0.0059,-2.883130580638666,-0.006322962094232414,-0.019327683124863222
0.0094,-0.0059,-2.8819495438436435,-0.0047376346454820984,-0.015693277037282093
0.0095,-0.0059,-2.882923200467752,-0.003256687773241872,-0.01194308166142119
0.0096,-0.0059,-2.8855828649276707,-0.002064213295034619,-0.008456370768707365
0.0097,-0.0059,-2.8884750568948014,-0.0011796209600334106,-0.005649947267300722
0.0098,-0.0059,-2.891378574807126,-0.000539298249923223,-0.003201787341304985
0.0099,-0.0059,-2.8952873807414683,-0.0001684216202442076,-0.0012784788281826856
0.01,-0.0059,-2.8954930677521395,0.0,0.0
0.0,-0.0058,-2.7374198551710167,0.0,0.0
0.0001,-0.0058,-2.7378657440849286,-9.495665595453557e-05,0.004424627090113909
0.0002,-0.0058,-2.739775039918457,-0.00028283459225892656,0.00807417698914688
0.0003,-0.0058,-2.740064547811246,-0.0005790565649862259,0.011301257754282595
0.0004,-0.0058,-2.742595970811603,-0.00097384156708718,0.01400028817470244
0.0005,-0.0058,-2.74462318207372,-0.0014387461563862213,0.016223804163963212
0.0006,-0.0058,-2.7475964010733853,-0.001979674968480421,0.01794142808920286
0.0007,-0.0058,-2.7517381805458854,-0.0025513964813808684,0.019769086706825763
0.0008,-0.0058,-2.7572755884675075,-0.0031928585616744828,0.02107561540988335
0.0009,-0.0058,-2.763901177707999,-0.0038506433927487,0.022363527888034265
0.001,-0.0058,-2.771787300591621,-0.004516122436928976,0.023394013802409797
0.0011,-0.0058,-2.7815053252667754,-0.005204578419163247,0.024394527148105628
0.0012,-0.0058,-2.7911290226247423,-0.0059232305326052045,0.025310094777569236
0.0013000000000000002,-0.0058,-2.803959299329915,-0.006610754591114278,0.026117305101033685
0.0014,-0.0058,-2.818929680898419,-0.007280689070707095,0.026812919528397185
0.0015,-0.0058,-2.834429962437747,-0.008006750026821219,0.0274565541187555
0.0016,-0.0058,-2.851266023197103,-0.008707321619488265,0.02806623701703084
0.0017,-0.0058,-2.870543879609802,-0.009385861939046763,0.028534030081594497
0.0018,-0.0058,-2.8896480781381904,-0.010063262938885471,0.029064759326331003
0.0019,-0.0058,-2.911590823172115,-0.010711840602489461,0.02925162781166764
0.002,-0.0058,-2.935351715734251,-0.01129960891854151,0.029649077241128426
0.0021,-0.0058,-2.9599833949336376,-0.011979261250060338,0.029772124261999336
0.0022,-0.0058,-2.984751662111516,-0.012568961723818682,0.029991082043374685
0.0023,-0.0058,-3.010277121791946,-0.013141217288963331,0.030043686195887848
0.0024,-0.0058,-3.0389177772693015,-0.013619539256039474,0.02982720367086586
0.0025,-0.0058,-3.0685638482170012,-0.014209482214374836,0.0296608601492733
0.0026000000000000003,-0.0058,-3.0978906342567285,-0.014708301927557286,0.029260152754637992
0.0027,-0.0058,-3.128129563742151,-0.015157468701570895,0.028851108755207834
0.0028,-0.0058,-3.158078173021357,-0.015598109533392489,0.028557989594295743
0.0029,-0.0058,-3.188708638641408,-0.016016370396997017,0.027787398419571514
0.003,-0.0058,-3.219967245579123,-0.016411687214770133,0.027265179036465848
0.0031,-0.0058,-3.2521984313787846,-0.01673610606889094,0.026490152050032734
0.0032,-0.0058,-3.2826506977659733,-0.01702612533840597,0.02578875235439723
0.0033000000000000004,-0.0058,-3.3122963088787496,-0.01729551711093953,0.024849686283371863
0.0034,-0.0058,-3.3436709039753696,-0.017638362298563418,0.02393045434866585
0.0034999999999999996,-0.0058,-3.3714427415395374,-0.017803266077102024,0.02299730130157795
0.0036,-0.0058,-3.401249649457366,-0.018018595491642298,0.021894154770656864
0.0037,-0.0058,-3.42931046883758,-0.01827305506087903,0.020578698751971682
0.0038,-0.0058,-3.4555319680865066,-0.01839052646864287,0.019538159651439468
0.0039,-0.0058,-3.4820356614688817,-0.01853743517257585,0.018383407526824748
0.004,-0.0058,-3.5064922438580153,-0.018735408610377785,0.01717046517071578
0.0041,-0.0058,-3.528211347911408,-0.018808692372637898,0.01589782588869134
0.0042,-0.0058,-3.5522026753665505,-0.018908696896859426,0.01469154016986815
0.0043,-0.0058,-3.5711849602180066,-0.01895741219731298,0.013439563874824319
0.0044,-0.0058,-3.5897754726018456,-0.0191685653716999,0.012119883657022549
0.0045,-0.0058,-3.6070666263960356,-0.01905906273310861,0.01089634242655825
0.0046,-0.0058,-3.6253423618858567,-0.01903280745831664,0.009460099242820728
0.0047,-0.0058,-3.6366587244397834,-0.01942000826956804,0.008132613779425634
0.0048,-0.0058,-3.6464336571002174,-0.019330000061863535,0.006808783160723303
0.0049,-0.0058,-3.6558944563342535,-0.019515807453026144,0.005443905652249533
0.005,-0.0058,-3.6717427320808826,-0.019514666696491358,0.00417921484039038
0.0051,-0.0058,-3.6760640630919945,-0.0197306230463443,0.003040545105205559
0.005200000000000001,-0.0058,-3.6802030196981494,-0.019770160266035328,0.0017237532668830388
0.0053,-0.0058,-3.687445935264836,-0.01986264915806001,0.00032236687949097
0.0054,-0.0058,-3.6883886194659263,-0.019997162361677083,-0.0009740940417016612
0.0055,-0.0058,-3.6890631775076423,-0.020065695927690388,-0.00226351625025128
0.0056,-0.0058,-3.6851240714146813,-0.020432003485268614,-0.0035923438177882586
0.005700000000000001,-0.0058,-3.687433731931827,-0.020207685454012407,-0.004886417463907255
0.0058,-0.0058,-3.6839893847261025,-0.020683751007668352,-0.00624055731234067
0.0059,-0.0058,-3.6771029208304213,-0.021174583350917105,-0.0075048950446687844
0.006,-0.0058,-3.675680190243762,-0.02130911064338792,-0.008857330590469892
0.0061,-0.0058,-3.6699565647457884,-0.021631779231617916,-0.010271779700241747
0.0062,-0.0058,-3.6593291635271217,-0.021594707624836437,-0.011601960300771895
0.0063,-0.0058,-3.660936731612355,-0.022222411649281123,-0.013176217286284897
0.0064,-0.0058,-3.650051225401411,-0.02217260438373185,-0.014473098975033488
0.006499999999999999,-0.0058,-3.6342905225374444,-0.022832305588741976,-0.015915466616429143
0.006600000000000001,-0.0058,-3.610880546748064,-0.023178745597063448,-0.017316698405853353
0.0067,-0.0058,-3.5898009765263263,-0.023309409336701226,-0.018881792276451412
0.0068,-0.0058,-3.583221944759279,-0.023744739058565084,-0.020482454829507925
0.0069,-0.0058,-3.5647251017274884,-0.024137089408740597,-0.022038704716185943
0.006999999999999999,-0.0058,-3.553190824440872,-0.024431412278026192,-0.023785375812430502
0.007100000000000001,-0.0058,-3.5257385280384597,-0.025069571572819305,-0.025388500321576014
0.0072,-0.0058,-3.4911425513517345,-0.02551167644790819,-0.027090977285161133
0.0073,-0.0058,-3.4669540447360427,-0.025678018346279363,-0.02892225338851044
0.0074,-0.0058,-3.442108681843732,-0.025949607013877576,-0.030665851968799104
0.0075,-0.0058,-3.40818965665156,-0.026154181369602916,-0.03228741115873274
0.0076,-0.0058,-3.372671689257828,-0.02647916750445394,-0.03423920734085397
0.0077,-0.0058,-3.337640254490752,-0.026537563215372907,-0.03564386308261318
0.0078,-0.0058,-3.3009398192170147,-0.026450624290077475,-0.03717694586132793
0.0079,-0.0058,-3.2625519661633935,-0.026465525715691725,-0.03880316782041957
0.008,-0.0058,-3.2244903213947165,-0.026173652751108212,-0.03993985438815683
0.0081,-0.0058,-3.188683002299771,-0.02550704192099722,-0.04079330196070614
0.0082,-0.0058,-3.1441504738673864,-0.025081244406878797,-0.04195177483352657
0.0083,-0.0058,-3.1018100465656304,-0.023942857979605648,-0.04223632023090532
0.0084,-0.0058,-3.0799826356216586,-0.022811975254278898,-0.042103647394269826
0.0085,-0.0058,-3.0691338443512097,-0.021445270154402146,-0.04158187099663377
0.0086,-0.0058,-3.053949999233868,-0.020133779552375608,-0.040813386980284944
0.0087,-0.0058,-2.98783675815224,-0.01862243630876224,-0.039376213109898923
0.0088,-0.0058,-2.959519491790898,-0.01659340248020498,-0.03716653708807743
0.0089,-0.0058,-2.9366640962083075,-0.01460859929261809,-0.034999897351476204
0.009,-0.0058,-2.9201729610974314,-0.01265735277389963,-0.0323995345508374
0.0091,-0.0058,-2.9078799458721982,-0.01065445803190556,-0.028675532526680342
0.0092,-0.0058,-2.901703104420038,-0.008579821055233664,-0.025240305532460983
0.0093,-0.0058,-2.896652456666835,-0.006713330837503653,-0.021522654042478922
0.0094,-0.0058,-2.8950846298310253,-0.004890359163335314,-0.017396046500757708
0.0095,-0.0058,-2.8955005932352074,-0.003399637789839838,-0.013564899403928033
0.0096,-0.0058,-2.8976787363600445,-0.0022003455067423155,-0.009563552945702781
0.0097,-0.0058,-2.9016327554446386,-0.0012151838463711894,-0.006510309565475005
0.0098,-0.0058,-2.904397785662725,-0.0005855957060701826,-0.003713527399951454
0.0099,-0.0058,-2.90767223922099,-0.00018425316424917416,-0.001521595548552754
0.01,-0.0058,-2.90875294332754,0.0,0.0
0.0,-0.005700000000000001,-2.7492399928786666,0.0,0.0
0.0001,-0.005700000000000001,-2.750346576332551,-8.47138109886818e-05,0.004587127409591322
0.0002,-0.005700000000000001,-2.750885113713727,-0.0002555466458816517,0.008440548146829095
0.0003,-0.005700000000000001,-2.7513496930611447,-0.0005343526324316251,0.011826870797643788
0.0004,-0.005700000000000001,-2.7533095667154357,-0.0008984619793350163,0.014425301204045532
0.0005,-0.005700000000000001,-2.75570875290887,-0.0013231927837571882,0.016656742927709408
0.0006,-0.005700000000000001,-2.7593346147982913,-0.0018196521116623705,0.018688188066923503
0.0007,-0.005700000000000001,-2.7635827818491427,-0.002383887430088254,0.020285762551846595
0.0008,-0.005700000000000001,-2.7689839454824967,-0.00296732297000965,0.021720411191667705
0.0009,-0.005700000000000001,-2.776085009148047,-0.0035839844768046332,0.02306919187914328
0.001,-0.005700000000000001,-2.78339508523945,-0.0042281149453992145,0.024088520783617146
0.0011,-0.005700000000000001,-2.7945279834799623,-0.004897017923641772,0.02506424411331362
0.0012,-0.005700000000000001,-2.8047966158143307,-0.005541235174538481,0.026026940636442265
0.0013000000000000002,-0.005700000000000001,-2.8168426319040085,-0.006214720324847843,0.026759575901617094
0.0014,-0.005700000000000001,-2.8315554034768624,-0.006861029556946796,0.027539518216775496
0.0015,-0.005700000000000001,-2.8466993712151925,-0.007581915052480014,0.02814542524268765
0.0016,-0.005700000000000001,-2.8649393571893724,-0.008224272447308546,0.028857049599206985
0.0017,-0.005700000000000001,-2.8849525993647287,-0.0088227081002988,0.029420919280202146
0.0018,-0.005700000000000001,-2.9056629260462246,-0.009479755165309937,0.029864118728362855
0.0019,-0.005700000000000001,-2.928069721412797,-0.01008896637787835,0.030155562217637735
0.002,-0.005700000000000001,-2.9515753157001954,-0.010655900567189763,0.030230304312111475
0.0021,-0.005700000000000001,-2.9759400176142083,-0.01127037544909352,0.030507615346046037
0.0022,-0.005700000000000001,-3.00646456486328,-0.011807367584722226,0.030502207542149353
0.0023,-0.005700000000000001,-3.0298889550514434,-0.012372883784963217,0.030509105724098453
0.0024,-0.005700000000000001,-3.058565983349006,-0.012863251858532834,0.030377706013244122
0.0025,-0.005700000000000001,-3.088432193614012,-0.013318979074384084,0.030172222634312545
0.0026000000000000003,-0.005700000000000001,-3.118415953165309,-0.013770675330500252,0.02983029551264324
0.0027,-0.005700000000000001,-3.150328980096576,-0.014206000148361903,0.029401545692732164
0.0028,-0.005700000000000001,-3.180296208629324,-0.014613718733187252,0.028877883331774858
0.0029,-0.005700000000000001,-3.211010401990445,-0.01497111349590877,0.02829467486281373
0.003,-0.005700000000000001,-3.242627022004533,-0.015294794709765126,0.027525076387124783
0.0031,-0.005700000000000001,-3.2755443411778056,-0.015599158759440663,0.026771646256094874
0.0032,-0.005700000000000001,-3.3069600876469867,-0.015909666019798815,0.025950722806976703
0.0033000000000000004,-0.005700000000000001,-3.3378335629939846,-0.01619523980756898,0.025048420711567723
0.0034,-0.005700000000000001,-3.369789877980502,-0.01643644211264682,0.023945337311659032
0.0034999999999999996,-0.005700000000000001,-3.396864275766839,-0.016626005350579547,0.023074151781465158
0.0036,-0.005700000000000001,-3.4246717791373698,-0.016845589044408377,0.022135628062366616
0.0037,-0.005700000000000001,-3.454904577428298,-0.016914427897838726,0.020998809975595535
0.0038,-0.005700000000000001,-3.479964270940072,-0.01706503806425338,0.019627037578509324
0.0039,-0.005700000000000001,-3.5063476196456698,-0.017229530519680493,0.018605775231627195
0.004,-0.005700000000000001,-3.5332211106045524,-0.01729816251014669,0.017311855674362046
0.0041,-0.005700000000000001,-3.5544783270340927,-0.017385473503197624,0.015999282345061632
0.0042,-0.005700000000000001,-3.5755410507687437,-0.01741524195801849,0.014741706243541604
0.0043,-0.005700000000000001,-3.595403499625979,-0.017495573051715577,0.013379314362969758
0.0044,-0.005700000000000001,-3.616814383704476,-0.017731954955706685,0.012143775144105905
0.0045,-0.005700000000000001,-3.632473919067343,-0.017721911537675182,0.010785883555529561
0.0046,-0.005700000000000001,-3.6509985718168214,-0.017780002095764115,0.009353669111602512
0.0047,-0.005700000000000001,-3.6599313205827793,-0.01769007750605433,0.008267651669582932
0.0048,-0.005700000000000001,-3.674056029915362,-0.017915704168986437,0.00683517242216825
0.0049,-0.005700000000000001,-3.6848532463787214,-0.017783911321507945,0.0055375366045856585
0.005,-0.005700000000000001,-3.6951525232796985,-0.017926790378564175,0.004477761295510565
0.0051,-0.005700000000000001,-3.6987401676438507,-0.01819374133136479,0.0029827175647299926
0.005200000000000001,-0.005700000000000001,-3.7044374439154137,-0.01859146831422967,0.0016951282617509358
0.0053,-0.005700000000000001,-3.712277179656381,-0.018302635654252022,0.0004288703889455358
0.0054,-0.005700000000000001,-3.7129545685946437,-0.018601719033716612,-0.0008362301782110907
0.0055,-0.005700000000000001,-3.7132283873607332,-0.01860648301424262,-0.0021184241061066654
0.0056,-0.005700000000000001,-3.7150657549200647,-0.01878250460713768,-0.003422553405153607
0.005700000000000001,-0.005700000000000001,-3.7123544134263597,-0.01869515840764352,-0.00468628007016534
0.0058,-0.005700000000000001,-3.7086862284309503,-0.019300031763285992,-0.006001459406176638
0.0059,-0.005700000000000001,-3.703391953723059,-0.01923189762861274,-0.0072483342306335526
0.006,-0.005700000000000001,-3.7024441253358686,-0.01949828081629197,-0.008513574805582198
0.0061,-0.005700000000000001,-3.6948031658532665,-0.01993146618771336,-0.009988869698389425
0.0062,-0.005700000000000001,-3.687395224109175,-0.020155033309362743,-0.011312449811738422
0.0063,-0.005700000000000001,-3.682542799129254,-0.020628295866684247,-0.012615904742389323
0.0064,-0.005700000000000001,-3.672980311811967,-0.020849850184999436,-0.014066755330089501
0.006499999999999999,-0.005700000000000001,-3.6658412340630386,-0.02135729335301372,-0.015534868690888985
0.006600000000000001,-0.005700000000000001,-3.6557310019139804,-0.021625400064140696,-0.016935543430966152
0.0067,-0.005700000000000001,-3.6301245460085743,-0.02185697749046164,-0.018539993891475107
0.0068,-0.005700000000000001,-3.6118320581991847,-0.022433351343372727,-0.020178905286486287
0.0069,-0.005700000000000001,-3.5912710374953023,-0.02272845049768996,-0.021642329119762608
0.006999999999999999,-0.005700000000000001,-3.574931752697722,-0.023063706864019217,-0.023441652920762383
0.007100000000000001,-0.005700000000000001,-3.5609781871720876,-0.0234855682359179,-0.025031156398637074
0.0072,-0.005700000000000001,-3.533589707265726,-0.024187467883177938,-0.026844994093497755
0.0073,-0.005700000000000001,-3.5023178493097133,-0.02440546485933824,-0.028499400532089925
0.0074,-0.005700000000000001,-3.4729705800244717,-0.024794328943550853,-0.03034213163973412
0.0075,-0.005700000000000001,-3.4450919396788353,-0.024917605623458912,-0.032074978531814236
0.0076,-0.005700000000000001,-3.411063159792591,-0.025301413091641203,-0.03384514687039707
0.0077,-0.005700000000000001,-3.3768929331407405,-0.02548390193455401,-0.035551220163338025
0.0078,-0.005700000000000001,-3.346241249519786,-0.02558697808108224,-0.03722805807846862
0.0079,-0.005700000000000001,-3.3124077093048254,-0.025652480531764423,-0.03883328726697007
0.008,-0.005700000000000001,-3.269680499847866,-0.025520725079269592,-0.040376799267914876
0.0081,-0.005700000000000001,-3.220492545990925,-0.025065644655423148,-0.04138829132515241
0.0082,-0.005700000000000001,-3.1891225564072423,-0.02429533074687103,-0.04234175975309515
0.0083,-0.005700000000000001,-3.1553186052928095,-0.023781046382478035,-0.04305297087032329
0.0084,-0.005700000000000001,-3.1275077686568205,-0.022927710475980547,-0.043039421964001685
0.0085,-0.005700000000000001,-3.0681052889910445,-0.021907275225979836,-0.0432176671741425
0.0086,-0.005700000000000001,-3.0198311104526483,-0.020257990533621855,-0.04275937818190664
0.0087,-0.005700000000000001,-2.9883297600971117,-0.01860936880743702,-0.04134844403275138
0.0088,-0.005700000000000001,-2.9853461840332747,-0.016846172906194983,-0.039552907540380905
0.0089,-0.005700000000000001,-2.9664612028901787,-0.015066218984577735,-0.03717608667393523
0.009,-0.005700000000000001,-2.9396037937756434,-0.01312542461460192,-0.034298285683415065
0.0091,-0.005700000000000001,-2.9268025716731043,-0.010991589458856128,-0.031007149362195396
0.0092,-0.005700000000000001,-2.917144361710088,-0.009004336182079171,-0.027060510069706407
0.0093,-0.005700000000000001,-2.9109986175661793,-0.007069415883406802,-0.02315665843499542
0.0094,-0.005700000000000001,-2.9084014357420687,-0.005320822496499101,-0.018838798771264507
0.0095,-0.005700000000000001,-2.9082904541302934,-0.0037626521994309973,-0.014882820331576278
0.0096,-0.005700000000000001,-2.9103339273896918,-0.0023760798900772286,-0.010722584466520338
0.0097,-0.005700000000000001,-2.91430069630177,-0.001355791881463314,-0.007233571066206975
0.0098,-0.005700000000000001,-2.917198020275059,-0.0006308324107632689,-0.004285845891521481
0.0099,-0.005700000000000001,-2.9194135058444273,-0.0001924491290823078,-0.001791514200362252
0.01,-0.005700000000000001,-2.9213616928757937,0.0,0.0
0.0,-0.0056,-2.7612060835952557,0.0,0.0
0.0001,-0.0056,-2.762046405923701,-7.387275999790475e-05,0.004700488358329681
0.0002,-0.0056,-2.7628040985698914,-0.0002280895840166423,0.008624048898297617
0.0003,-0.0056,-2.763418756551192,-0.00047548788042334905,0.011980463239751363
0.0004,-0.0056,-2.7660531009711216,-0.0008110712506078425,0.01480271080642316
0.0005,-0.0056,-2.767169281889192,-0.0012106407109730277,0.017167974758672204
0.0006,-0.0056,-2.7711386482717386,-0.0016712760461058173,0.019202839682297634
0.0007,-0.0056,-2.775318512057303,-0.002188539169539752,0.020911508957881075
0.0008,-0.0056,-2.781277638011035,-0.0027497773022547314,0.022274124852698585
0.0009,-0.0056,-2.787884164930234,-0.003319851950279312,0.023688311875553786
0.001,-0.0056,-2.79617121891468,-0.003928824682406691,0.02471272244488959
0.0011,-0.0056,-2.806133751554033,-0.00454571615859549,0.025680366620118314
0.0012,-0.0056,-2.818837182479351,-0.005166291833552012,0.026595454435588202
0.0013000000000000002,-0.0056,-2.830421305311913,-0.005814393348629446,0.027443731228464163
0.0014,-0.0056,-2.8458952562264437,-0.006433118810323742,0.02810900972646967
0.0015,-0.0056,-2.861798913121152,-0.007043832098715917,0.028767498814004366
0.0016,-0.0056,-2.880705023817104,-0.007658544317071418,0.029463450680957615
0.0017,-0.0056,-2.9000815817214,-0.008272749018905456,0.029835753515839905
0.0018,-0.0056,-2.921561252460551,-0.008797346204659008,0.03042093243947082
0.0019,-0.0056,-2.9445294464384704,-0.00941542200950945,0.030769312024591478
0.002,-0.0056,-2.97058523815298,-0.00995623162621961,0.030843311875997155
0.0021,-0.0056,-2.9936476180838203,-0.010542326253304743,0.030929255556853608
0.0022,-0.0056,-3.0207982748152853,-0.010981226399569048,0.031041545802250034
0.0023,-0.0056,-3.049974986853424,-0.011533661958364931,0.030815001025722735
0.0024,-0.0056,-3.0793265584627196,-0.012035821228690978,0.030828889193133285
0.0025,-0.0056,-3.1096993335270002,-0.012441006134450244,0.03058891707624352
0.0026000000000000003,-0.0056,-3.1398548236902197,-0.012885909469719995,0.03026073594496173
0.0027,-0.0056,-3.1702964676774563,-0.013187295990200777,0.02993613780014743
0.0028,-0.0056,-3.20077093651039,-0.013570011830255588,0.02936634954527988
0.0029,-0.0056,-3.2330061897929308,-0.013953835206995502,0.028516571287953863
0.003,-0.0056,-3.2669242194936445,-0.014227079763485995,0.027943477122013394
0.0031,-0.0056,-3.296932018238243,-0.014525570545794364,0.027130012374717738
0.0032,-0.0056,-3.328505317686922,-0.014740989986145162,0.0262075995265249
0.0033000000000000004,-0.0056,-3.360662893460461,-0.014976432939562129,0.025262232934732478
0.0034,-0.0056,-3.389962493588858,-0.015190481437892795,0.024195193312781277
0.0034999999999999996,-0.0056,-3.420904938768479,-0.015350012306854255,0.023341147211157848
0.0036,-0.0056,-3.45123804437573,-0.015467724490640362,0.022074012875520656
0.0037,-0.0056,-3.4781547208696155,-0.015682078789346614,0.02088961399962766
0.0038,-0.0056,-3.5056645742614627,-0.015761733591814465,0.01984514575174591
0.0039,-0.0056,-3.53091086196346,-0.015808456262428546,0.01850431760577974
0.004,-0.0056,-3.555961289120746,-0.01588017279032978,0.017322542262120492
0.0041,-0.0056,-3.57812533371443,-0.016066656893980385,0.016206446676622143
0.0042,-0.0056,-3.5999141600133795,-0.01609013180177545,0.01472365118596995
0.0043,-0.0056,-3.6215459519654454,-0.016224992679315424,0.013456850777594495
0.0044,-0.0056,-3.636672992750755,-0.016228067031777146,0.0122011393325007
0.0045,-0.0056,-3.6555406991038217,-0.016394735650280597,0.011007209464955665
0.0046,-0.0056,-3.6672017956220206,-0.01633166876709434,0.009642220627858952
0.0047,-0.0056,-3.6820969793430387,-0.016383723375499603,0.008400919154597133
0.0048,-0.0056,-3.6891043510397035,-0.016502987723235923,0.006907045778639887
0.0049,-0.0056,-3.7053697263659213,-0.016386287616386486,0.005605528062574746
0.005,-0.0056,-3.716359848156144,-0.016648844157843467,0.004386500413860034
0.0051,-0.0056,-3.724503735630822,-0.016472140767219128,0.0032100728955253145
0.005200000000000001,-0.0056,-3.729544641697303,-0.016885901684495264,0.0018884251623313278
0.0053,-0.0056,-3.7283866054848924,-0.016898278986596432,0.0006377512681496182
0.0054,-0.0056,-3.7346826521202288,-0.017065826183764028,-0.0006885262169161768
0.0055,-0.0056,-3.7344149693994586,-0.017257339249920636,-0.0019435644084099377
0.0056,-0.0056,-3.7342798495163447,-0.01731143109986292,-0.003209958383934
0.005700000000000001,-0.0056,-3.739525465188177,-0.017640730491980835,-0.004478149996638487
0.0058,-0.0056,-3.737524487697315,-0.017706212814811897,-0.005800660523591843
0.0059,-0.0056,-3.729195415872883,-0.017930195584862665,-0.007024375814116156
0.006,-0.0056,-3.727795703063247,-0.018178317895726544,-0.008315420032369304
0.0061,-0.0056,-3.7217502135931455,-0.018335701176911808,-0.009695290089281404
0.0062,-0.0056,-3.7137777666790477,-0.01865349104926636,-0.01103969670017633
0.0063,-0.0056,-3.706958862205289,-0.018938590231025725,-0.012239314330447903
0.0064,-0.0056,-3.6978625648622176,-0.01933100772075806,-0.013745975455203539
0.006499999999999999,-0.0056,-3.6875440146217655,-0.019711286694483424,-0.015153845276236378
0.006600000000000001,-0.0056,-3.6755758548578226,-0.020083090533800155,-0.016386481993283897
0.0067,-0.0056,-3.660017133469157,-0.02042400685213264,-0.0181309175825064
0.0068,-0.0056,-3.6450985941671816,-0.020922335627303987,-0.019644206130458648
0.0069,-0.0056,-3.6234458605432893,-0.021319664002113707,-0.02131720116484391
0.006999999999999999,-0.0056,-3.6009077446026545,-0.021678681956493112,-0.022991081186315432
0.007100000000000001,-0.0056,-3.5846450442610287,-0.022143973912557964,-0.024638446955611182
0.0072,-0.0056,-3.5641983978941103,-0.02250163515282788,-0.02629974318790079
0.0073,-0.0056,-3.5383834623532597,-0.02304365953841543,-0.02812132369521408
0.0074,-0.0056,-3.5096064293327403,-0.023432938325916176,-0.029970494917696367
0.0075,-0.0056,-3.478972854724611,-0.02391230784025487,-0.03181545984631078
0.0076,-0.0056,-3.4473203921317332,-0.024176468990182536,-0.033591232021822084
0.0077,-0.0056,-3.4138279872330357,-0.024461666052663956,-0.03555357048263629
0.0078,-0.0056,-3.3810242257761085,-0.024689147597762653,-0.03721053862438748
0.0079,-0.0056,-3.3406645602486242,-0.024787677320633826,-0.038928573673431326
0.008,-0.0056,-3.2921812397971006,-0.02467305733989847,-0.040600741562808323
0.0081,-0.0056,-3.2586725166185575,-0.02437556033564114,-0.04183852301832719
0.0082,-0.0056,-3.2225972461335783,-0.023969531224357618,-0.043085026315153575
0.0083,-0.0056,-3.1761564659746573,-0.023483163040147977,-0.04416569615165444
0.0084,-0.0056,-3.1406605389646063,-0.022535091886699735,-0.044119533295912464
0.0085,-0.0056,-3.10904610739339,-0.02154132103143966,-0.044133090226738544
0.0086,-0.0056,-3.0796153776040964,-0.020074665807123235,-0.043418822930556523
0.0087,-0.0056,-3.0503759520671454,-0.01883572439703049,-0.042386979494648556
0.0088,-0.0056,-3.009060527560119,-0.017129765175529523,-0.041567593851854816
0.0089,-0.0056,-2.9825433574464366,-0.015342021220274948,-0.03891338919358561
0.009,-0.0056,-2.9626810714746896,-0.013344721512136818,-0.03624132506930579
0.0091,-0.0056,-2.944077024847922,-0.011321874208170282,-0.032911883952322245
0.0092,-0.0056,-2.93275721383587,-0.009281873136457707,-0.029192713095684875
0.0093,-0.0056,-2.926850505202568,-0.0073533103242283794,-0.02472028822594767
0.0094,-0.0056,-2.9225273735495785,-0.005525245679421153,-0.020968267680475713
0.0095,-0.0056,-2.9225155462155565,-0.0039137174893441136,-0.01653873631036532
0.0096,-0.0056,-2.923139731637719,-0.002530387235745153,-0.01198267492527893
0.0097,-0.0056,-2.9262383492225426,-0.0014196726866685925,-0.008111944529194559
0.0098,-0.0056,-2.9300394935009084,-0.0006727156094041293,-0.004915939299762742
0.0099,-0.0056,-2.9329119485591706,-0.00021637838978293876,-0.002055335217446527
0.01,-0.0056,-2.934215766569766,0.0,0.0
0.0,-0.0055,-2.773498990244846,0.0,0.0
0.0001,-0.0055,-2.77337178198907,-6.30750317036797e-05,0.004767459329812153
0.0002,-0.0055,-2.774419367406003,-0.0001972468230591168,0.008766366365315114
0.0003,-0.0055,-2.774928031263686,-0.00041405004810436636,0.012258570646190277
0.0004,-0.0055,-2.7767074429538274,-0.0007132758410161587,0.015232870351523221
0.0005,-0.0055,-2.7792703726381585,-0.0010768830355733737,0.017682553298215796
0.0006,-0.0055,-2.782439866521894,-0.0014997152700401747,0.019806633487014565
0.0007,-0.0055,-2.78686215606777,-0.001986444824999537,0.021323478087018215
0.0008,-0.0055,-2.793446729107354,-0.0024958317293821185,0.02271415414450519
0.0009,-0.0055,-2.7999676698163505,-0.0030387064203681396,0.024216378426571844
0.001,-0.0055,-2.809000986178608,-0.0035932191547494528,0.02540294259155462
0.0011,-0.0055,-2.8196236154683643,-0.004173596261521879,0.02630577419685017
0.0012,-0.0055,-2.8303156036531334,-0.004785021036000767,0.027216022953312304
0.0013000000000000002,-0.0055,-2.8444159863700795,-0.005351674840624841,0.02796329669588329
0.0014,-0.0055,-2.859473889865891,-0.00597301090242728,0.028697406427518918
0.0015,-0.0055,-2.8780237288024146,-0.006515460237699693,0.02947333727557664
0.0016,-0.0055,-2.895169415384481,-0.007060033852871662,0.02988123020881228
0.0017,-0.0055,-2.9149000611650977,-0.007611241525811928,0.030595820195680204
0.0018,-0.0055,-2.9376487296452694,-0.008195786593260548,0.03061847509503837
0.0019,-0.0055,-2.959282700930939,-0.008708586680845995,0.031150096843151426
0.002,-0.0055,-2.9846270823881893,-0.009227202063137511,0.0312536243811143
0.0021,-0.0055,-3.0124702102742185,-0.009776740408560393,0.031468025446934486
0.0022,-0.0055,-3.039329018397709,-0.010228539042707036,0.03157959622563535
0.0023,-0.0055,-3.065316616779892,-0.010674031735275015,0.03152452933484496
0.0024,-0.0055,-3.096360592762386,-0.011072533692608633,0.03133399309258993
0.0025,-0.0055,-3.126821774634046,-0.011498556191032403,0.030969345595373045
0.0026000000000000003,-0.0055,-3.159106017063183,-0.011869824537309835,0.03067502178225542
0.0027,-0.0055,-3.1897446520152077,-0.012214120120242509,0.030154886161174878
0.0028,-0.0055,-3.22154234020625,-0.012544578859392842,0.029595526161196418
0.0029,-0.0055,-3.254290449246297,-0.012844767743862116,0.028906722377413076
0.003,-0.0055,-3.28630181135718,-0.01310097210284627,0.02817626458674362
0.0031,-0.0055,-3.3190261086944943,-0.013361074749001702,0.027329062571621966
0.0032,-0.0055,-3.349839578262922,-0.013552715275770079,0.026422679096051706
0.0033000000000000004,-0.0055,-3.381443793530269,-0.013835305535016568,0.02547139664408037
0.0034,-0.0055,-3.4121632175661314,-0.013991982345724213,0.024550354451066982
0.0034999999999999996,-0.0055,-3.4427561284760033,-0.014102789724548568,0.023499958925382522
0.0036,-0.0055,-3.4723187323059137,-0.014253540374148457,0.02233454508769245
0.0037,-0.0055,-3.500404002903721,-0.014325310616147556,0.02121255643546522
0.0038,-0.0055,-3.5278336185783874,-0.014413121626133474,0.01992284124832763
0.0039,-0.0055,-3.5532421585989353,-0.014594619026172219,0.018695265128614885
0.004,-0.0055,-3.5781824809782674,-0.014628707576596551,0.0175090260066687
0.0041,-0.0055,-3.5997528875583336,-0.014641714125169328,0.016252878760334048
0.0042,-0.0055,-3.623798554996338,-0.014787537872296246,0.014893296316295504
0.0043,-0.0055,-3.6411561634416882,-0.014826158744975781,0.013588496005615892
0.0044,-0.0055,-3.6559898662892665,-0.014819399345550894,0.012301154224466435
0.0045,-0.0055,-3.6753054138312033,-0.014903466087971651,0.010895690108481727
0.0046,-0.0055,-3.689582998995724,-0.014851302835763525,0.009656432016590966
0.0047,-0.0055,-3.6988281699453673,-0.015022233600542976,0.008453055630963475
0.0048,-0.0055,-3.7083936935973,-0.01503407958792415,0.0071402903671367235
0.0049,-0.0055,-3.719303443438865,-0.01504509012129876,0.005803156119634425
0.005,-0.0055,-3.7375868673765593,-0.01507822908695049,0.004387948024414819
0.0051,-0.0055,-3.738438152406757,-0.015276862818589096,0.0031545971044484064
0.005200000000000001,-0.0055,-3.7479252012554407,-0.015471982949102007,0.001895543055590017
0.0053,-0.0055,-3.7555578907192193,-0.015545061808737696,0.0006909009801635909
0.0054,-0.0055,-3.75770267105049,-0.015772828230071253,-0.0005473961182422004
0.0055,-0.0055,-3.7576666568825883,-0.015691501898112116,-0.0017645701815990338
0.0056,-0.0055,-3.759906739950403,-0.01615311429422467,-0.003033552788348953
0.005700000000000001,-0.0055,-3.7593177035850425,-0.016228407617423456,-0.004271858601164229
0.0058,-0.0055,-3.7563386168469126,-0.01638296824656702,-0.005578595292818488
0.0059,-0.0055,-3.752569261514941,-0.01669772658821283,-0.006827107362107242
0.006,-0.0055,-3.7544168852464743,-0.016763931999465607,-0.007985070223615868
0.0061,-0.0055,-3.7397993100973643,-0.01700151167130215,-0.00930990948849084
0.0062,-0.0055,-3.7366734406404998,-0.01729502443005984,-0.010739480204217455
0.0063,-0.0055,-3.73086959178063,-0.0176157695110806,-0.012096221553615408
0.0064,-0.0055,-3.721522223903062,-0.017931719681850332,-0.013434070693781858
0.006499999999999999,-0.0055,-3.712366271934591,-0.018313997114705435,-0.014753616855115295
0.006600000000000001,-0.0055,-3.7002584775512384,-0.01859104492088847,-0.01611686895854057
0.0067,-0.0055,-3.685152304391657,-0.018994195879788248,-0.01778919922410675
0.0068,-0.0055,-3.6744407231734195,-0.01932120843278557,-0.019327244265810624
0.0069,-0.0055,-3.6568717675487625,-0.019933009052073805,-0.020929483439621373
0.006999999999999999,-0.0055,-3.633898941355231,-0.02035478685654231,-0.02240780878144965
0.007100000000000001,-0.0055,-3.6122507668450377,-0.020718619455568604,-0.024231851792753004
0.0072,-0.0055,-3.5905040212099157,-0.021183990981622172,-0.025928284127678183
0.0073,-0.0055,-3.5665072784404086,-0.0216116693492253,-0.027768951539275943
0.0074,-0.0055,-3.542347366055916,-0.022024679040943455,-0.029506581138452684
0.0075,-0.0055,-3.513507595015383,-0.022527872895848268,-0.03130331858739156
0.0076,-0.0055,-3.480847627732216,-0.022987922443659426,-0.033333743783682965
0.0077,-0.0055,-3.4442125599929483,-0.023334413041495736,-0.03521797613677543
0.0078,-0.0055,-3.4084738009671165,-0.023685439824136942,-0.03703457454950411
0.0079,-0.0055,-3.369757987627911,-0.023806342812661304,-0.03874595628978673
0.008,-0.0055,-3.3276172531481545,-0.023873981666015388,-0.04053425260289456
0.0081,-0.0055,-3.282809900598751,-0.023716254416848468,-0.042083746679748506
0.0082,-0.0055,-3.2466631359178146,-0.023483858011074093,-0.04327779019781265
0.0083,-0.0055,-3.2127611567068604,-0.023095404002213396,-0.044457505402172554
0.0084,-0.0055,-3.186118708766224,-0.022161577075669164,-0.04533568519539742
0.0085,-0.0055,-3.1430287457292523,-0.02155102621430427,-0.04549723929681114
0.0086,-0.0055,-3.0678411773960796,-0.02057604895876536,-0.045473973985587626
0.0087,-0.0055,-2.9987263409012463,-0.0187905762969277,-0.04453065661846571
0.0088,-0.0055,-3.0101874271549183,-0.017161158796349336,-0.04299275155566112
0.0089,-0.0055,-2.9941339575581387,-0.015477137532820155,-0.040840825148108224
0.009,-0.0055,-2.988533683531826,-0.013684085091439986,-0.03818700058068512
0.0091,-0.0055,-2.9672813074413478,-0.011601560386011806,-0.03500521368818931
0.0092,-0.0055,-2.95126190008959,-0.0096010063335093,-0.031260363952219816
0.0093,-0.0055,-2.942502269736045,-0.007647630517907751,-0.0268482160577269
0.0094,-0.0055,-2.9372713032794953,-0.005799336340687744,-0.022287181116919314
0.0095,-0.0055,-2.9365867460611197,-0.0041266754792150745,-0.017518702753596776
0.0096,-0.0055,-2.937203882644838,-0.0026477971927791975,-0.013195374805956199
0.0097,-0.0055,-2.9399606936921363,-0.0015212396356284478,-0.009169345487351948
0.0098,-0.0055,-2.943598508087711,-0.0007268977462678189,-0.005426757667307228
0.0099,-0.0055,-2.948005170811167,-0.00023111461363512463,-0.0023813354631118714
0.01,-0.0055,-2.9489742920199933,0.0,0.0
0.0,-0.0054,-2.7851415195961167,0.0,0.0
0.0001,-0.0054,-2.7858538577294487,-5.1000808208830616e-05,0.004908274148102965
0.0002,-0.0054,-2.786025156511692,-0.000167349305639455,0.009127798974180375
0.0003,-0.0054,-2.787515251904958,-0.00035320100551357726,0.0125617971746946
0.0004,-0.0054,-2.7883462397635483,-0.0006166891763856785,0.015442188095787358
0.0005,-0.0054,-2.7900741663931283,-0.0009465963205541701,0.017984324855886004
0.0006,-0.0054,-2.794351931729007,-0.0013300298923522033,0.02013324388650431
0.0007,-0.0054,-2.7987863939053947,-0.0017646080323929858,0.022052293869282702
0.0008,-0.0054,-2.8046380325247973,-0.002242912947300496,0.02332321443164751
0.0009,-0.0054,-2.812522977289495,-0.0027512600409605715,0.024841939940061793
0.001,-0.0054,-2.8200268850690704,-0.003261918729380787,0.025880836996504737
0.0011,-0.0054,-2.8311916781092332,-0.003786078647316077,0.02679493178206446
0.0012,-0.0054,-2.844276410959418,-0.004363276634799462,0.027751872371892868
0.0013000000000000002,-0.0054,-2.8578183007286713,-0.004887802060627459,0.02863801323803905
0.0014,-0.0054,-2.8728446928853733,-0.005432051601122048,0.029250283849626215
0.0015,-0.0054,-2.890463333728845,-0.005988870424385808,0.029924763927795396
0.0016,-0.0054,-2.909402581620871,-0.006464674380735918,0.030484002640064258
0.0017,-0.0054,-2.9296475947677614,-0.007043401431844479,0.03099063018670757
0.0018,-0.0054,-2.9522002720170923,-0.0075099679212333945,0.03118153502953678
0.0019,-0.0054,-2.9753658845931787,-0.00800134520343431,0.03168569770250765
0.002,-0.0054,-2.9994865504650177,-0.008480507810641793,0.03189122570145072
0.0021,-0.0054,-3.026797272652894,-0.00890341518359337,0.03185896977323038
0.0022,-0.0054,-3.05790650682622,-0.009377430677019715,0.03192613618866912
0.0023,-0.0054,-3.085840499181535,-0.00982073225461606,0.031909381641140815
0.0024,-0.0054,-3.1130650734259215,-0.01015772673179736,0.03167932568449122
0.0025,-0.0054,-3.1450358053847705,-0.010521806090833061,0.031385647161008105
0.0026000000000000003,-0.0054,-3.177050972941243,-0.010852642789751232,0.030920443697122497
0.0027,-0.0054,-3.2085644659670387,-0.011170097048295044,0.03051758205112828
0.0028,-0.0054,-3.2399160794003747,-0.011479198607287579,0.0300151728272069
0.0029,-0.0054,-3.2750268286795587,-0.011738219875331713,0.029122785992353323
0.003,-0.0054,-3.3051927502404865,-0.01196154654192344,0.028494524132054166
0.0031,-0.0054,-3.3378792346276036,-0.012193154475986548,0.027554382363390112
0.0032,-0.0054,-3.370918321392624,-0.012374076142066768,0.026604505432999262
0.0033000000000000004,-0.0054,-3.4019868084373277,-0.012527233388238588,0.02562881973770392
0.0034,-0.0054,-3.4330675592509325,-0.012720679340824305,0.024575424907502905
0.0034999999999999996,-0.0054,-3.4644956298074367,-0.012803850141603205,0.02361071927797817
0.0036,-0.0054,-3.4931251018539466,-0.012927416800634056,0.022415182024586918
0.0037,-0.0054,-3.52068236907904,-0.013007983869043597,0.021236983298931016
0.0038,-0.0054,-3.5478563348112417,-0.013071292817794495,0.019965393015022245
0.0039,-0.0054,-3.572328089990016,-0.013225876282761501,0.018784495050492192
0.004,-0.0054,-3.598101354110395,-0.013206017287483869,0.017426528905152488
0.0041,-0.0054,-3.6195189597521473,-0.013260768807793078,0.016231475389857534
0.0042,-0.0054,-3.640958433814797,-0.013340214531755401,0.015060130469093713
0.0043,-0.0054,-3.6625310190434917,-0.01331982918322707,0.013463636805265706
0.0044,-0.0054,-3.6795824734521068,-0.013365158131184378,0.012346004366323623
0.0045,-0.0054,-3.693351916018467,-0.013383861158987079,0.011069641453121119
0.0046,-0.0054,-3.7125967625487215,-0.013385936150467272,0.009739969930240476
0.0047,-0.0054,-3.7251590652765882,-0.013541808453043633,0.008439676092469857
0.0048,-0.0054,-3.7357909795977,-0.013591069403312901,0.007011631228132163
0.0049,-0.0054,-3.7435424235100685,-0.01374318255494937,0.005842367729730658
0.005,-0.0054,-3.7563534130960528,-0.013725127616144462,0.004636703623563589
0.0051,-0.0054,-3.7607707086685287,-0.013984130856893812,0.003397587120419376
0.005200000000000001,-0.0054,-3.7650192412702395,-0.013987055116116205,0.0020839690669171556
0.0053,-0.0054,-3.7720312322536778,-0.014006291139647832,0.0009085940333562411
0.0054,-0.0054,-3.7760046248973396,-0.014204741745671864,-0.000462761611768385
0.0055,-0.0054,-3.776820279507317,-0.01436760153519312,-0.0016499854035775315
0.0056,-0.0054,-3.7797855983190813,-0.014565797540465206,-0.0029100841853895486
0.005700000000000001,-0.0054,-3.78303167525669,-0.014786258288661086,-0.004072074713848827
0.0058,-0.0054,-3.7838411850563327,-0.015026430072095137,-0.0053833325737375195
0.0059,-0.0054,-3.77439663321334,-0.015091890537875328,-0.006644267280273314
0.006,-0.0054,-3.7731484474637838,-0.015450378238361885,-0.007842346452460692
0.0061,-0.0054,-3.7671743136539466,-0.015598915694016478,-0.009129538818499162
0.0062,-0.0054,-3.7620450832088497,-0.01595812199013327,-0.010460739467961878
0.0063,-0.0054,-3.758645159063017,-0.016227663677604608,-0.011745321229493911
0.0064,-0.0054,-3.744931808803801,-0.016558376058755372,-0.013207454337736395
0.006499999999999999,-0.0054,-3.7366447752957566,-0.01681503435723263,-0.014488761901263969
0.006600000000000001,-0.0054,-3.724753000543303,-0.0171256804346963,-0.015923910833048654
0.0067,-0.0054,-3.710582131303157,-0.01758214544195948,-0.017435351010613137
0.0068,-0.0054,-3.6942511992714513,-0.017978530458707655,-0.01887497048742908
0.0069,-0.0054,-3.679117528472163,-0.018395024298669887,-0.020303036350624134
0.006999999999999999,-0.0054,-3.6635965214849353,-0.018863483569826568,-0.021932457754846306
0.007100000000000001,-0.0054,-3.6429197158738678,-0.01930539506571141,-0.023747445668891337
0.0072,-0.0054,-3.618494593396797,-0.019761912805268157,-0.025518163045868965
0.0073,-0.0054,-3.59310453095345,-0.020252381096120892,-0.027170564046915143
0.0074,-0.0054,-3.5690769864001686,-0.020709096639620575,-0.029005158042037252
0.0075,-0.0054,-3.545490606719127,-0.021123569586719404,-0.03098151013524233
0.0076,-0.0054,-3.5143479911444024,-0.02171118470471964,-0.03292178824603852
0.0077,-0.0054,-3.478075883834669,-0.02222582605447941,-0.03477824642831493
0.0078,-0.0054,-3.4391537137286186,-0.02254015970552543,-0.03684835405983974
0.0079,-0.0054,-3.4072133072243456,-0.022597445087508352,-0.038729247585983284
0.008,-0.0054,-3.3750075440381315,-0.022854496381292264,-0.04039843731073363
0.0081,-0.0054,-3.3430110496366385,-0.022891023981589657,-0.04211011851986521
0.0082,-0.0054,-3.3200979847381267,-0.022819479585677472,-0.04354093279037785
0.0083,-0.0054,-3.2712402811706696,-0.02272088781718227,-0.04496188771503265
0.0084,-0.0054,-3.227753705012923,-0.021791587017809002,-0.04561318296484779
0.0085,-0.0054,-3.152667295844355,-0.021305619047435127,-0.04642673718830377
0.0086,-0.0054,-3.144977642509279,-0.019856945726655587,-0.046058290204240036
0.0087,-0.0054,-3.129587338063552,-0.01884130327072602,-0.04575683789184553
0.0088,-0.0054,-3.0658014070457225,-0.017484639662985715,-0.04440951984621788
0.0089,-0.0054,-3.036146323352382,-0.015885586112550528,-0.042808320437753865
0.009,-0.0054,-3.003048564659438,-0.013754628667629179,-0.04010642327699364
0.0091,-0.0054,-2.966620687171709,-0.011907860082333228,-0.03686519974429088
0.0092,-0.0054,-2.9677067803276334,-0.009937960001328083,-0.03329389835405036
0.0093,-0.0054,-2.958099305019429,-0.007912214307444617,-0.0287591468540219
0.0094,-0.0054,-2.9531823649470375,-0.005991805040373771,-0.024148319128486775
0.0095,-0.0054,-2.9507624977310796,-0.004295850967429166,-0.019587869812170974
0.0096,-0.0054,-2.951697582273265,-0.002814723164656483,-0.01479468155257127
0.0097,-0.0054,-2.9547900416900226,-0.0016097176621363237,-0.01011765485884596
0.0098,-0.0054,-2.9587185380112144,-0.0007712949971179124,-0.006136297903045785
0.0099,-0.0054,-2.961642272808461,-0.00024617063126424794,-0.0027428539914435787
0.01,-0.0054,-2.96285306069925,0.0,0.0
0.0,-0.0053,-2.7972408514619693,0.0,0.0
0.0001,-0.0053,-2.7968810621665434,-4.289767230898079e-05,0.004948306922002851
0.0002,-0.0053,-2.7974385954508776,-0.00014837048463275934,0.009162475990548162
0.0003,-0.0053,-2.7978987507421174,-0.00029380926346853396,0.012868695282469875
0.0004,-0.0053,-2.799339568517127,-0.0005169558103373745,0.015727305711216454
0.0005,-0.0053,-2.8018947135185672,-0.0008048985832284938,0.018361152132818838
0.0006,-0.0053,-2.8051600779720616,-0.001153350436308203,0.020391980773046284
0.0007,-0.0053,-2.8105217831655414,-0.0015438581815307674,0.022269142360935745
0.0008,-0.0053,-2.816390138162862,-0.00197884282922637,0.023802675938519712
0.0009,-0.0053,-2.8232578069236682,-0.0024437676846930188,0.02522462845325576
0.001,-0.0053,-2.8333697501619937,-0.0029070198530752184,0.026333817416298307
0.0011,-0.0053,-2.8436400790835883,-0.003415349681548897,0.02749622685603838
0.0012,-0.0053,-2.8552773612158227,-0.003907771836694945,0.028353405141643584
0.0013000000000000002,-0.0053,-2.8699525196398996,-0.004429188337700232,0.02912246048952474
0.0014,-0.0053,-2.885017470583345,-0.0049052938672334715,0.029789256241048986
0.0015,-0.0053,-2.9034056600562548,-0.00539662144575126,0.030549030557687804
0.0016,-0.0053,-2.923886499998764,-0.00587795141126094,0.031046078142731248
0.0017,-0.0053,-2.9443635945001314,-0.00638595275616739,0.03162391516683793
0.0018,-0.0053,-2.9665126577637735,-0.006825389815734409,0.03183185222482665
0.0019,-0.0053,-2.991274426154233,-0.007228902770486523,0.032170278798110456
0.002,-0.0053,-3.014007025390049,-0.007708754689451019,0.03240603719213205
0.0021,-0.0053,-3.0412727753694093,-0.008120740051412561,0.03237600228499995
0.0022,-0.0053,-3.0709247028209123,-0.008481606129033812,0.03236736109279099
0.0023,-0.0053,-3.1004575373084533,-0.008903859233085834,0.032194908407453565
0.0024,-0.0053,-3.1296107584419475,-0.009205020015433867,0.03203259394574359
0.0025,-0.0053,-3.161983615074315,-0.009537078816914978,0.031653700567140196
0.0026000000000000003,-0.0053,-3.193311303727522,-0.009837305859843616,0.03135700108097891
0.0027,-0.0053,-3.225541535133654,-0.010132270812951665,0.030687484415972046
0.0028,-0.0053,-3.257955151822378,-0.010404059816313031,0.030140664238878623
0.0029,-0.0053,-3.291801652360653,-0.01059319874995226,0.02935861192244038
0.003,-0.0053,-3.324580537447774,-0.010773252122554734,0.028700244923689458
0.0031,-0.0053,-3.357563667058421,-0.010953606479193254,0.027733556473198404
0.0032,-0.0053,-3.388436389324762,-0.011160329501551915,0.02681842911112894
0.0033000000000000004,-0.0053,-3.4207817341272504,-0.011291988730910814,0.025801582101718668
0.0034,-0.0053,-3.4517866944620144,-0.011423784056261859,0.024760424948194314
0.0034999999999999996,-0.0053,-3.482895523697516,-0.011488084808117445,0.023646146008359372
0.0036,-0.0053,-3.5110074867777046,-0.011598067328140572,0.0225155579119356
0.0037,-0.0053,-3.538867105593395,-0.011672114558989352,0.021338394489368126
0.0038,-0.0053,-3.566937908514654,-0.01174182840978869,0.020005033302511185
0.0039,-0.0053,-3.592059495157633,-0.01180163168527235,0.01884026109122875
0.004,-0.0053,-3.6145748243321973,-0.011810327200157018,0.017574032142936284
0.0041,-0.0053,-3.637668758862735,-0.011848191715096476,0.016237011380095277
0.0042,-0.0053,-3.6601737803722663,-0.011914995579587884,0.014961620216864396
0.0043,-0.0053,-3.680851386826371,-0.011938964449585627,0.013637225829603517
0.0044,-0.0053,-3.69781060107772,-0.011925530432148538,0.012476616601845692
0.0045,-0.0053,-3.712830253994051,-0.012044030063991918,0.010984750530302491
0.0046,-0.0053,-3.728909210195532,-0.012065012858176693,0.009702422354054196
0.0047,-0.0053,-3.740100536970994,-0.012217553992633351,0.008446766865085376
0.0048,-0.0053,-3.7512891347669193,-0.012261356898562469,0.007111756818939126
0.0049,-0.0053,-3.7634912884514593,-0.012335612781556489,0.0059190486150098795
0.005,-0.0053,-3.771438704688379,-0.012452633424803383,0.0047815324688601935
0.0051,-0.0053,-3.7791097092901738,-0.012402156424423286,0.0035112726337294
0.005200000000000001,-0.0053,-3.7844402328776394,-0.01253159595860626,0.002144456946535646
0.0053,-0.0053,-3.793008637241581,-0.012892534896512337,0.000991868420198735
0.0054,-0.0053,-3.790552670725604,-0.012837202600014384,-0.00023362726746260846
0.0055,-0.0053,-3.7947174797384817,-0.01317246861036977,-0.0014770939921379589
0.0056,-0.0053,-3.798645766690957,-0.012919213518123765,-0.0027185373019634074
0.005700000000000001,-0.0053,-3.8055256596393208,-0.01369838231053015,-0.0039576430047996315
0.0058,-0.0053,-3.800913118472632,-0.013504341091864106,-0.005126101428799688
0.0059,-0.0053,-3.7974921737627962,-0.013782645719195739,-0.00635919060159025
0.006,-0.0053,-3.7970863479931083,-0.013995449495173298,-0.007615972884721354
0.0061,-0.0053,-3.7915857948752785,-0.014400947871172,-0.008877049642885349
0.0062,-0.0053,-3.784381665419266,-0.014426899266913977,-0.010141287175829778
0.0063,-0.0053,-3.7766886721086412,-0.014885279126918054,-0.011566821143238197
0.0064,-0.0053,-3.7686413947557242,-0.015079959907817032,-0.012919964313844626
0.006499999999999999,-0.0053,-3.7624388013319416,-0.015337464111902186,-0.01415418996640623
0.006600000000000001,-0.0053,-3.7507574178579492,-0.015735062486188427,-0.015447854920454519
0.0067,-0.0053,-3.7381135050870817,-0.01615990922111915,-0.01698887304306696
0.0068,-0.0053,-3.722198301159131,-0.01653181744493223,-0.01847467516461201
0.0069,-0.0053,-3.7048055622855474,-0.016913301494776545,-0.01986686229113542
0.006999999999999999,-0.0053,-3.6887194965102825,-0.017345694287758257,-0.021702419943093465
0.007100000000000001,-0.0053,-3.6702087923486344,-0.017801009953943576,-0.02316392078279441
0.0072,-0.0053,-3.6494423652349406,-0.018343205676600697,-0.024932560855701003
0.0073,-0.0053,-3.6219866190440553,-0.018797126299015615,-0.02679243125979064
0.0074,-0.0053,-3.5957439496226113,-0.01935350968247929,-0.02848158783191289
0.0075,-0.0053,-3.5693712393208052,-0.019827602207031694,-0.030360778389266704
0.0076,-0.0053,-3.5430032774926516,-0.02042520002142985,-0.03237906442498487
0.0077,-0.0053,-3.512863564271115,-0.02080461742223108,-0.03430119265543624
0.0078,-0.0053,-3.4776179146521375,-0.02116664518404573,-0.036469661921004766
0.0079,-0.0053,-3.439995805186025,-0.021592544799767386,-0.038572062922212366
0.008,-0.0053,-3.4106670588052905,-0.021891155501932894,-0.04032155057816095
0.0081,-0.0053,-3.364394796286975,-0.022160501811467906,-0.042474759619127604
0.0082,-0.0053,-3.310856247570268,-0.02216421651962065,-0.04419031656793021
0.0083,-0.0053,-3.2673308582263134,-0.021860726340563668,-0.0455323769301506
0.0084,-0.0053,-3.241979663240967,-0.021380572359534666,-0.04636638714296224
0.0085,-0.0053,-3.1722016234447086,-0.020275000383116706,-0.04743478883201683
0.0086,-0.0053,-3.148552581775401,-0.019866647047396394,-0.04768965938222316
0.0087,-0.0053,-3.124091626147015,-0.01895438259596137,-0.047179175124553746
0.0088,-0.0053,-3.082539086630088,-0.017544060051592186,-0.04609390504700234
0.0089,-0.0053,-3.052562024704593,-0.01567398202034493,-0.044755985614067316
0.009,-0.0053,-3.008926189468807,-0.014076477770543595,-0.04213159145147225
0.0091,-0.0053,-3.0232024426902813,-0.01215577617117227,-0.03892790938118196
0.0092,-0.0053,-2.9866700227460936,-0.010163799595392167,-0.035386408186024246
0.0093,-0.0053,-2.975049323043996,-0.008219469799213095,-0.030813278184888916
0.0094,-0.0053,-2.9691728828133583,-0.0062523866460107635,-0.026072465757366492
0.0095,-0.0053,-2.9661461436736136,-0.00449422760046752,-0.021064993736890997
0.0096,-0.0053,-2.966601893310814,-0.00291775248829875,-0.016183088555465668
0.0097,-0.0053,-2.9687868107600592,-0.0016914305012438698,-0.011163398443052794
0.0098,-0.0053,-2.973169344547758,-0.0008425785784105888,-0.006978770732878165
0.0099,-0.0053,-2.9767251684471154,-0.0002583681237980847,-0.0030482086346469727
0.01,-0.0053,-2.976958086161691,0.0,0.0
0.0,-0.005200000000000001,-2.808455449408848,0.0,0.0
0.0001,-0.005200000000000001,-2.808832409150399,-2.340978271943682e-05,0.005010658390867953
0.0002,-0.005200000000000001,-2.808796862057544,-0.00016918542701150192,0.009220358758232159
0.0003,-0.005200000000000001,-2.8086806549073646,-0.00023287112875085172,0.012950038670935228
0.0004,-0.005200000000000001,-2.8107633804633445,-0.00040609421709064366,0.016081292276619193
0.0005,-0.005200000000000001,-2.813007331907819,-0.0006646414323032608,0.018662388173536378
0.0006,-0.005200000000000001,-2.816443254921416,-0.0009608139995138468,0.020828754712457806
0.0007,-0.005200000000000001,-2.8206366575228596,-0.0013138340589795559,0.022745768912871892
0.0008,-0.005200000000000001,-2.8270357774775055,-0.0016958536353534521,0.024207769625309593
0.0009,-0.005200000000000001,-2.8345257333239258,-0.0021107243954793494,0.02573277253357799
0.001,-0.005200000000000001,-2.844925851255978,-0.002573038253903523,0.026963762878451886
0.0011,-0.005200000000000001,-2.854543367631798,-0.0030025639262213225,0.027905671573234137
0.0012,-0.005200000000000001,-2.8668918187984236,-0.0034601477653064547,0.028826923695367025
0.0013000000000000002,-0.005200000000000001,-2.881346725678767,-0.0038975588008734567,0.029570694699409195
0.0014,-0.005200000000000001,-2.898227058933542,-0.0043807985901768865,0.030386970140454935
0.0015,-0.005200000000000001,-2.9143520189973633,-0.0048675527206996985,0.030919089700621134
0.0016,-0.005200000000000001,-2.9365473292430604,-0.005245980884292202,0.03155694074889059
0.0017,-0.005200000000000001,-2.9575992872586516,-0.005688203289774659,0.03194645115850445
0.0018,-0.005200000000000001,-2.9789137864277686,-0.006104186550355675,0.03228304380860627
0.0019,-0.005200000000000001,-3.0050097800782654,-0.0065041572118558965,0.032567188925126875
0.002,-0.005200000000000001,-3.03268977170672,-0.006941307844234128,0.03267149746055258
0.0021,-0.005200000000000001,-3.056595092164395,-0.007331225776349995,0.032828128979702935
0.0022,-0.005200000000000001,-3.081890580709867,-0.007570957874721266,0.03280564154527191
0.0023,-0.005200000000000001,-3.1144614979345877,-0.00790564591921771,0.03258441316583179
0.0024,-0.005200000000000001,-3.145482045280665,-0.008264770160159248,0.032291098572434215
0.0025,-0.005200000000000001,-3.177857286147846,-0.008533057395519975,0.03201294712317645
0.0026000000000000003,-0.005200000000000001,-3.209754451662521,-0.008805232165660716,0.03158928733307116
0.0027,-0.005200000000000001,-3.2411098861352845,-0.009042485479671057,0.03102092900512564
0.0028,-0.005200000000000001,-3.2767088703914844,-0.009251985231871018,0.03041310406024446
0.0029,-0.005200000000000001,-3.3078237102596537,-0.009458169436207904,0.029538587951074446
0.003,-0.005200000000000001,-3.340430904105825,-0.009612757088450876,0.02885004995590998
0.0031,-0.005200000000000001,-3.3739819085273366,-0.009770774042111295,0.027886153759632593
0.0032,-0.005200000000000001,-3.4060745673919914,-0.009922020288220392,0.026992553575858353
0.0033000000000000004,-0.005200000000000001,-3.4375185515391093,-0.010090697314955377,0.025985483491251127
0.0034,-0.005200000000000001,-3.469629042914716,-0.010141813066615468,0.024774745627400653
0.0034999999999999996,-0.005200000000000001,-3.4991137986864613,-0.01018157430189169,0.02372373604072836
0.0036,-0.005200000000000001,-3.5281577528799923,-0.010265570175810906,0.022646440012856914
0.0037,-0.005200000000000001,-3.5566941008712507,-0.010351644224745556,0.021348279506501616
0.0038,-0.005200000000000001,-3.5819578025583527,-0.010417699407189895,0.020116915614599468
0.0039,-0.005200000000000001,-3.6069787544863265,-0.010436690689284328,0.018807746832816438
0.004,-0.005200000000000001,-3.632148352671661,-0.01044483203008648,0.01761527056032165
0.0041,-0.005200000000000001,-3.6541369511658153,-0.010519348436076291,0.016268658270882547
0.0042,-0.005200000000000001,-3.673630384300067,-0.010524278019197688,0.015056522295048298
0.0043,-0.005200000000000001,-3.696613057474065,-0.010552115822170006,0.013750613257263745
0.0044,-0.005200000000000001,-3.7130367054716062,-0.010593606463726313,0.012534848082664599
0.0045,-0.005200000000000001,-3.7263452545449383,-0.010627735718720178,0.01120661485909
0.0046,-0.005200000000000001,-3.7441800969321184,-0.010721736866245887,0.009705034187918113
0.0047,-0.005200000000000001,-3.753619652869745,-0.010792434805561829,0.008569837575350597
0.0048,-0.005200000000000001,-3.7667466899855424,-0.01086103055987151,0.0073111006323460185
0.0049,-0.005200000000000001,-3.774777594229645,-0.011009644230476283,0.0059781554081167285
0.005,-0.005200000000000001,-3.786828141716226,-0.011137826915333576,0.004748840952044509
0.0051,-0.005200000000000001,-3.792097733652694,-0.011164063958592808,0.0035985817262878615
0.005200000000000001,-0.005200000000000001,-3.800937739121651,-0.011271079483657171,0.002391131086725239
0.0053,-0.005200000000000001,-3.808027125899492,-0.011516416864059915,0.0011739376242169972
0.0054,-0.005200000000000001,-3.814252683277194,-0.011442997540800935,-0.00013008908931574846
0.0055,-0.005200000000000001,-3.8164022736583894,-0.011743012469585675,-0.0012886980356803784
0.0056,-0.005200000000000001,-3.8202209306000685,-0.011832112946918128,-0.0025191451202937914
0.005700000000000001,-0.005200000000000001,-3.820756699361188,-0.01219451357579859,-0.003790714501681543
0.0058,-0.005200000000000001,-3.8181348185399178,-0.012012737846616009,-0.0049127582343560395
0.0059,-0.005200000000000001,-3.8197264669263435,-0.012292868987777308,-0.006147790701340483
0.006,-0.005200000000000001,-3.81443855252517,-0.012516141072870106,-0.007448510474332221
0.0061,-0.005200000000000001,-3.8126024213813947,-0.01283619604078449,-0.008631602358916418
0.0062,-0.005200000000000001,-3.8118058624234177,-0.013457190214770038,-0.0098975678299915
0.0063,-0.005200000000000001,-3.797685954058949,-0.013416749998316735,-0.011150961938363065
0.0064,-0.005200000000000001,-3.795787236850972,-0.013750416086525528,-0.012489883738673447
0.006499999999999999,-0.005200000000000001,-3.7852414790412805,-0.014101207339119792,-0.01377691393799912
0.006600000000000001,-0.005200000000000001,-3.768674984559192,-0.014443005983957664,-0.015248579251736763
0.0067,-0.005200000000000001,-3.7641304487819074,-0.014653651695817388,-0.01657494252473566
0.0068,-0.005200000000000001,-3.746137440640644,-0.015046958835231494,-0.018054693627311765
0.0069,-0.005200000000000001,-3.7291812598476155,-0.015511979003023178,-0.01939136078589547
0.006999999999999999,-0.005200000000000001,-3.7141956526581015,-0.015977532677301304,-0.021099153866045176
0.007100000000000001,-0.005200000000000001,-3.693641737000895,-0.016418446836322927,-0.022720123383879822
0.0072,-0.005200000000000001,-3.673284906023438,-0.016904515224813534,-0.024482510361653904
0.0073,-0.005200000000000001,-3.6522702272102388,-0.017386503473268897,-0.02615859077595218
0.0074,-0.005200000000000001,-3.624166748275293,-0.017913462283610942,-0.028086438641881362
0.0075,-0.005200000000000001,-3.5962107865168385,-0.01847691629207338,-0.029832309246275248
0.0076,-0.005200000000000001,-3.568072311151827,-0.0190093631425442,-0.03191185627617178
0.0077,-0.005200000000000001,-3.5411145220201607,-0.01950366856166199,-0.03396667234126869
0.0078,-0.005200000000000001,-3.5090820988728737,-0.020055102800602687,-0.03575703223830523
0.0079,-0.005200000000000001,-3.4670440485147296,-0.02045325114423781,-0.03796381265863867
0.008,-0.005200000000000001,-3.4294648601933715,-0.020924938197443056,-0.04012839701602984
0.0081,-0.005200000000000001,-3.3862247099125833,-0.021133900206700605,-0.04202069863124968
0.0082,-0.005200000000000001,-3.3328844651869023,-0.021192901955241768,-0.04388043297951971
0.0083,-0.005200000000000001,-3.3082868623779627,-0.021116485571954155,-0.04556782909739845
0.0084,-0.005200000000000001,-3.269121387148119,-0.020945207319473177,-0.04680420189942872
0.0085,-0.005200000000000001,-3.2476225562699743,-0.020235160666371006,-0.047591483589155104
0.0086,-0.005200000000000001,-3.171295581070078,-0.01961091308620984,-0.048560773036633524
0.0087,-0.005200000000000001,-3.1508446602763187,-0.01862852484696779,-0.04823224001461344
0.0088,-0.005200000000000001,-3.1189610044186353,-0.017272031768848433,-0.04761664005022942
0.0089,-0.005200000000000001,-3.083189162177408,-0.015949844533723095,-0.04597903553136432
0.009,-0.005200000000000001,-3.023831887654963,-0.014394847013370569,-0.04353421974267046
0.0091,-0.005200000000000001,-3.0032274633874674,-0.012327825925837059,-0.04127334927247203
0.0092,-0.005200000000000001,-3.0060368096530974,-0.010422651388348985,-0.03731299714663793
0.0093,-0.005200000000000001,-2.9926942627113355,-0.008360020183597699,-0.03291292439216333
0.0094,-0.005200000000000001,-2.9851534106202835,-0.006489660342651593,-0.027733439273851565
0.0095,-0.005200000000000001,-2.9812606433871593,-0.004646054823407706,-0.02268732201349224
0.0096,-0.005200000000000001,-2.981375886613867,-0.003118641121871646,-0.017488288629648827
0.0097,-0.005200000000000001,-2.9834504284212953,-0.0018142094741327502,-0.012532832082796526
0.0098,-0.005200000000000001,-2.9878030984971993,-0.0008872285982805683,-0.0077300505243936505
0.0099,-0.005200000000000001,-2.9904092972741467,-0.00027688914582046394,-0.0034426650707799194
0.01,-0.005200000000000001,-2.9921429412964056,0.0,0.0
0.0,-0.0051,-2.8201939942319,0.0,0.0
0.0001,-0.0051,-2.819686735675312,-2.0186124909251846e-05,0.004991930318515324
0.0002,-0.0051,-2.8193936180385126,-0.00011979154561457653,0.009287571893554574
0.0003,-0.0051,-2.819560000288399,-0.00016197795770267319,0.012979433844742528
0.0004,-0.0051,-2.822339785940681,-0.000297788431960184,0.016100944610728838
0.0005,-0.0051,-2.82317865906328,-0.0005129472515598418,0.01885254348788503
0.0006,-0.0051,-2.8261821542707213,-0.0007778139841119556,0.02120521416014351
0.0007,-0.0051,-2.831192123151004,-0.0010793567805825188,0.02300697500222935
0.0008,-0.0051,-2.83782961636661,-0.0014278599971406312,0.024591993574405686
0.0009,-0.0051,-2.845591695488314,-0.0017709968990834155,0.026034498920829954
0.001,-0.0051,-2.8559075764047495,-0.0021867762312798144,0.02727514414956126
0.0011,-0.0051,-2.8662526166205646,-0.002581352046491469,0.028296738644648933
0.0012,-0.0051,-2.8791283814702067,-0.0029959770220351553,0.029237043469717963
0.0013000000000000002,-0.0051,-2.8930436527222843,-0.003408746874727607,0.030069494678963207
0.0014,-0.0051,-2.9090737369671062,-0.003825698202611994,0.03079835329894237
0.0015,-0.0051,-2.9255631638901196,-0.004288543753921315,0.03142479049812695
0.0016,-0.0051,-2.9497044888410575,-0.0046024552527446595,0.031975155828254276
0.0017,-0.0051,-2.9707858559874434,-0.0050087450481865435,0.032313080747429106
0.0018,-0.0051,-2.9907315443499387,-0.00536953153099468,0.0326123563400872
0.0019,-0.0051,-3.013562365124814,-0.005720397642709782,0.03287780137409341
0.002,-0.0051,-3.044993145382391,-0.005962805567075283,0.03300390538068712
0.0021,-0.0051,-3.07265656475232,-0.006456842080217382,0.03314755799179553
0.0022,-0.0051,-3.1012073060680048,-0.00677120085293847,0.0330634657729991
0.0023,-0.0051,-3.1294528322765984,-0.00699681634239483,0.03283041574222616
0.0024,-0.0051,-3.1609775477529505,-0.007288439336419231,0.03259782364653044
0.0025,-0.0051,-3.1912781258551197,-0.007495586879211435,0.03223238224952751
0.0026000000000000003,-0.0051,-3.224263524440635,-0.007732894753611268,0.031678097268828996
0.0027,-0.0051,-3.256732911349927,-0.007974547299139611,0.03114376705620228
0.0028,-0.0051,-3.289169514897904,-0.00812383571600033,0.030519391397378005
0.0029,-0.0051,-3.323064122281739,-0.008319070380905501,0.02987582279761927
0.003,-0.0051,-3.357260113243554,-0.008448237954849806,0.02898063713106749
0.0031,-0.0051,-3.3889810236130273,-0.008558461152096148,0.02803219494206262
0.0032,-0.0051,-3.421331386691612,-0.00866605153909607,0.02710595639104616
0.0033000000000000004,-0.0051,-3.45416184855545,-0.008745056478850885,0.026041371659393454
0.0034,-0.0051,-3.48438919832059,-0.008886037458188594,0.02485412260006156
0.0034999999999999996,-0.0051,-3.5140139267019963,-0.008937053082613864,0.023837704446580472
0.0036,-0.0051,-3.543041605308224,-0.008956593840151461,0.022615971163117116
0.0037,-0.0051,-3.5708494447402535,-0.009023411997353587,0.021416677228184675
0.0038,-0.0051,-3.598080679677532,-0.009048426862016732,0.020174190536594513
0.0039,-0.0051,-3.6224981421613545,-0.009118674820539898,0.01886732977376131
0.004,-0.0051,-3.646306614311137,-0.009141365761766624,0.017647162264047955
0.0041,-0.0051,-3.6695838103195104,-0.009140121145164111,0.01638745536839532
0.0042,-0.0051,-3.6896566958794508,-0.009197608690896308,0.015017507866856628
0.0043,-0.0051,-3.7064938092855226,-0.009225299783317395,0.013712445942792223
0.0044,-0.0051,-3.7304926300410166,-0.009293915432855218,0.012460836190626509
0.0045,-0.0051,-3.744382300189862,-0.00928788621259071,0.011186645553101705
0.0046,-0.0051,-3.7587513987279175,-0.009326062074968151,0.009898350722506409
0.0047,-0.0051,-3.7725552059102703,-0.00951489044638354,0.008648260011484303
0.0048,-0.0051,-3.782114581442747,-0.009431669061257511,0.007378569830638585
0.0049,-0.0051,-3.796582962636181,-0.009481127109266824,0.006243891227486153
0.005,-0.0051,-3.803236164236645,-0.009562817147582817,0.004917058258649887
0.0051,-0.0051,-3.8125312609236395,-0.009790543681255216,0.003662389348299916
0.005200000000000001,-0.0051,-3.819766665048929,-0.010075498719023253,0.0024714595682051774
0.0053,-0.0051,-3.8259112331650256,-0.009935586496795892,0.0013518302634555987
0.0054,-0.0051,-3.831958612629807,-0.010195589039100771,5.4980502274028926e-05
0.0055,-0.0051,-3.836846286718683,-0.01036930274546612,-0.0011700343571969828
0.0056,-0.0051,-3.8394791454109822,-0.010592944060347673,-0.0023759573807571547
0.005700000000000001,-0.0051,-3.8419577800184124,-0.010679397676886115,-0.0036044095653112855
0.0058,-0.0051,-3.839963798314681,-0.010607797907612751,-0.004760968461218238
0.0059,-0.0051,-3.8377612774341174,-0.011132184104645303,-0.005937524948845331
0.006,-0.0051,-3.834481476601594,-0.011374579072362704,-0.007206067111003588
0.0061,-0.0051,-3.8308515198852526,-0.011276193502767007,-0.00833223153681802
0.0062,-0.0051,-3.8311312952505236,-0.011768916703128624,-0.009588044144011175
0.0063,-0.0051,-3.824300202721461,-0.012199818731105446,-0.010837609907694109
0.0064,-0.0051,-3.8179471276951427,-0.012285229515199815,-0.012113596009653954
0.006499999999999999,-0.0051,-3.80501793047966,-0.012449877443303704,-0.013441084908051213
0.006600000000000001,-0.0051,-3.796530168890107,-0.012986760902516431,-0.014858307447982161
0.0067,-0.0051,-3.781940140789916,-0.013208064967487743,-0.016197632243528826
0.0068,-0.0051,-3.7676161744828502,-0.01375218586796164,-0.01765701009362457
0.0069,-0.0051,-3.7522371593410937,-0.014065206553984945,-0.01921399261278671
0.006999999999999999,-0.0051,-3.738433522503452,-0.014525524749051576,-0.02070518846677702
0.007100000000000001,-0.0051,-3.719038779537627,-0.014905642192950042,-0.022272252310050512
0.0072,-0.0051,-3.6953053954926385,-0.01545344938534265,-0.023901016020582103
0.0073,-0.0051,-3.675981839389862,-0.015965642384877653,-0.02564526493148524
0.0074,-0.0051,-3.650625687518608,-0.016544274781105348,-0.02750835521863648
0.0075,-0.0051,-3.6242678970219084,-0.017104978056068643,-0.02932842624525672
0.0076,-0.0051,-3.594311547809108,-0.01766118191068675,-0.03122713328804759
0.0077,-0.0051,-3.563819526865711,-0.01817023560487459,-0.03335315564370818
0.0078,-0.0051,-3.5350896109409136,-0.01876177845739065,-0.035450544913351076
0.0079,-0.0051,-3.5038004891726775,-0.019148582969137736,-0.037641150836829465
0.008,-0.0051,-3.456840029669556,-0.019695753005576192,-0.03971327438053751
0.0081,-0.0051,-3.422705957269981,-0.01992737140870025,-0.041738530753972936
0.0082,-0.0051,-3.402817781938063,-0.020132510643599357,-0.04371914003903741
0.0083,-0.0051,-3.3535578487271724,-0.020355725513368342,-0.045610930227398594
0.0084,-0.0051,-3.287895137182657,-0.02030973711419435,-0.04743161751040942
0.0085,-0.0051,-3.2518791162762284,-0.019089507671239053,-0.048559473779755294
0.0086,-0.0051,-3.223400263648668,-0.018714420121089734,-0.048769581191541705
0.0087,-0.0051,-3.1619938009725987,-0.0179759160524068,-0.049006142407212364
0.0088,-0.0051,-3.1257329423003704,-0.017174267626325766,-0.04858385856675233
0.0089,-0.0051,-3.0807824885579143,-0.016338803996433057,-0.047801717054322526
0.009,-0.0051,-3.0626525114452483,-0.014453746287244003,-0.04542706078578149
0.0091,-0.0051,-3.0290371332539507,-0.012407144330755675,-0.043132440100121516
0.0092,-0.0051,-3.024383852492141,-0.010470937962509473,-0.039163757117274746
0.0093,-0.0051,-3.0115031903889253,-0.00857998141720377,-0.03481170709935857
0.0094,-0.0051,-3.0019672314103065,-0.006626530709797141,-0.029845276268059568
0.0095,-0.0051,-2.9968136073977334,-0.004847866615942273,-0.02468154686823251
0.0096,-0.0051,-2.99618558303444,-0.0032530881024050483,-0.01876129135581055
0.0097,-0.0051,-2.998360639577722,-0.0018695564247797718,-0.013566081492645704
0.0098,-0.0051,-3.0022763374630843,-0.0008879535753346147,-0.00837466573018768
0.0099,-0.0051,-3.005765762688902,-0.0002919698946650323,-0.003808104296118685
0.01,-0.0051,-3.006802902195959,0.0,0.0
0.0,-0.005,-2.8299493520942476,0.0,0.0
0.0001,-0.005,-2.8308103667827376,-2.1221261258079222e-05,0.005055413877155981
0.0002,-0.005,-2.829736356031257,-0.00012363499422515965,0.009493037602926324
0.0003,-0.005,-2.8297566178628646,-9.955065327333382e-05,0.013197341094799446
0.0004,-0.005,-2.8316603714680317,-0.0002126971803268603,0.016308539174785176
0.0005,-0.005,-2.833604695141979,-0.000351002891568721,0.01901062152859484
0.0006,-0.005,-2.8372427903096464,-0.0005796316687479204,0.021418337533819914
0.0007,-0.005,-2.841958328889742,-0.00084027767819386,0.023311609123645254
0.0008,-0.005,-2.848008198204163,-0.0011396219087396004,0.024928764106541376
0.0009,-0.005,-2.855743976000952,-0.0014412423930596483,0.026385356711146446
0.001,-0.005,-2.8649406077645567,-0.001809690682468024,0.027549092416937804
0.0011,-0.005,-2.877765530348815,-0.0021563973468043418,0.028767628730834008
0.0012,-0.005,-2.8899381358182596,-0.0025059872012686557,0.02962038451547061
0.0013000000000000002,-0.005,-2.903804179657063,-0.002890096528936483,0.030459759927962772
0.0014,-0.005,-2.9223072257703837,-0.003215618862601033,0.031006515068619813
0.0015,-0.005,-2.9382682046753277,-0.0036530768270719716,0.03163860916999982
0.0016,-0.005,-2.9563064697512758,-0.003959451395786894,0.032078595234729244
0.0017,-0.005,-2.9786150152688866,-0.004283883351271658,0.03249068227725173
0.0018,-0.005,-3.004424794223706,-0.004673255724738393,0.03312754486586387
0.0019,-0.005,-3.0250145970728477,-0.00500113192024249,0.03325972230032672
0.002,-0.005,-3.048824857523304,-0.005126029706518431,0.03325715608384904
0.0021,-0.005,-3.0807749721369766,-0.005564632324459994,0.03340244682833201
0.0022,-0.005,-3.112949591475184,-0.005827151768656471,0.033223298132534176
0.0023,-0.005,-3.142342271305336,-0.006026004718839867,0.033143266190020435
0.0024,-0.005,-3.1741951609158656,-0.006293616772552038,0.03281971518711218
0.0025,-0.005,-3.204232301640721,-0.006524398836322072,0.03244150512044585
0.0026000000000000003,-0.005,-3.236620145662152,-0.006662761066908128,0.032040109393032014
0.0027,-0.005,-3.272069979767013,-0.0068784591848619,0.03130026671728072
0.0028,-0.005,-3.303727561251775,-0.006986546545648702,0.030619852930291482
0.0029,-0.005,-3.336164514171397,-0.007164443232932608,0.029947331441935888
0.003,-0.005,-3.370540731317201,-0.007279323737103394,0.029052806897117752
0.0031,-0.005,-3.401762349928744,-0.007340653192625144,0.028179074606642086
0.0032,-0.005,-3.435316052575951,-0.00746357607447368,0.027193791528409457
0.0033000000000000004,-0.005,-3.467478715827519,-0.007528092413783816,0.026114538254231753
0.0034,-0.005,-3.4974935117139996,-0.007582620863584518,0.024947198751625863
0.0034999999999999996,-0.005,-3.5279125852446267,-0.007646305765204262,0.023826855471860545
0.0036,-0.005,-3.556494922640477,-0.007666404754081766,0.022630348182569378
0.0037,-0.005,-3.5846792716215075,-0.007706597667325846,0.021441725068495315
0.0038,-0.005,-3.611311583366684,-0.0077188691186642275,0.02016977752740938
0.0039,-0.005,-3.636303372970381,-0.00773748260327328,0.018914116666867826
0.004,-0.005,-3.6590201331518792,-0.007799391750736593,0.017712976428762857
0.0041,-0.005,-3.682087365301535,-0.007789158267024742,0.016379608521525653
0.0042,-0.005,-3.703294918991102,-0.007833966937186585,0.015119229369543463
0.0043,-0.005,-3.72217961663298,-0.00786968920206068,0.013713068795357103
0.0044,-0.005,-3.7367738765839764,-0.007878002584210403,0.012485549182443718
0.0045,-0.005,-3.7560428317275196,-0.007875419265341235,0.011146298338787428
0.0046,-0.005,-3.7718599267998005,-0.007940194902451866,0.009945237345523439
0.0047,-0.005,-3.7816306228793986,-0.008072943941284343,0.00871713141434531
0.0048,-0.005,-3.7944865139439767,-0.008217701856588308,0.0075061380294435005
0.0049,-0.005,-3.8090892085144397,-0.00808116569289915,0.0062983505994627185
0.005,-0.005,-3.8166060017563592,-0.008282538497280478,0.005070082534031297
0.0051,-0.005,-3.827991789617688,-0.008343167471198676,0.0037562773145014636
0.005200000000000001,-0.005,-3.8352806773394508,-0.00848700394743491,0.002531564164346909
0.0053,-0.005,-3.8421461598397304,-0.008812814560358628,0.0013743743430695789
0.0054,-0.005,-3.845840005806231,-0.008922403028888996,0.0002500382710150892
0.0055,-0.005,-3.850146712825223,-0.008990753836084562,-0.0008968952853773693
0.0056,-0.005,-3.85371723529977,-0.00917956680686921,-0.002151350882351813
0.005700000000000001,-0.005,-3.8611269476977714,-0.009679805770504627,-0.0033153592189968206
0.0058,-0.005,-3.858013485871475,-0.009618047753173748,-0.004564251407563992
0.0059,-0.005,-3.8585940625149946,-0.00959471967953156,-0.005719986106374771
0.006,-0.005,-3.855183951668413,-0.010154716108722895,-0.006970206885748346
0.0061,-0.005,-3.851113499318046,-0.010008877585506512,-0.008181432193031685
0.0062,-0.005,-3.853224828422256,-0.010631467972634884,-0.009436441451420273
0.0063,-0.005,-3.8465737087896503,-0.010597536563638139,-0.010691842337066618
0.0064,-0.005,-3.837381417956951,-0.01086117620809047,-0.011950146161863281
0.006499999999999999,-0.005,-3.827910700310131,-0.010985407062003892,-0.013255030049401635
0.006600000000000001,-0.005,-3.8128644459402268,-0.01148564853326305,-0.014499158903977153
0.0067,-0.005,-3.8055116925765673,-0.011733662483127572,-0.01588641987563402
0.0068,-0.005,-3.789452089711057,-0.012243572015604415,-0.017331431204064596
0.0069,-0.005,-3.7775241994033353,-0.012658138665363106,-0.018698010430325613
0.006999999999999999,-0.005,-3.758039151990622,-0.013151951838857229,-0.02019949374653215
0.007100000000000001,-0.005,-3.7422294650301797,-0.01349204151467409,-0.021751057878749744
0.0072,-0.005,-3.718847444693016,-0.014020067431953304,-0.02339722943859733
0.0073,-0.005,-3.697286383515426,-0.014492024377468493,-0.02510917031563933
0.0074,-0.005,-3.6737489400215737,-0.015070331258399246,-0.026916813347392134
0.0075,-0.005,-3.6502044997837997,-0.015667494487300353,-0.02882176280197415
0.0076,-0.005,-3.6218981095582463,-0.01626371034824786,-0.03075547724006075
0.0077,-0.005,-3.590172670556966,-0.01683795005526215,-0.032750829446192786
0.0078,-0.005,-3.5556442520874487,-0.017396936554796554,-0.03486698076629537
0.0079,-0.005,-3.527649635625542,-0.017895982569253188,-0.037172136648346205
0.008,-0.005,-3.498509619623211,-0.018446001647469006,-0.039297102153410764
0.0081,-0.005,-3.44936357540011,-0.019039180319445796,-0.04145305843270555
0.0082,-0.005,-3.407768025229234,-0.019323576202179303,-0.043800836833302374
0.0083,-0.005,-3.355466346266712,-0.01948009586910969,-0.04558498003880335
0.0084,-0.005,-3.288094055064414,-0.019475719115708362,-0.0473289422590691
0.0085,-0.005,-3.278822380737698,-0.01893882819105973,-0.04925703103768484
0.0086,-0.005,-3.273599580745529,-0.018796248010298243,-0.04988001919162353
0.0087,-0.005,-3.2191129556378137,-0.01809239700878051,-0.049845089284315615
0.0088,-0.005,-3.1337115847816177,-0.01713735558646556,-0.049864564650528374
0.0089,-0.005,-3.051268743398019,-0.015558793164709931,-0.05010650735230844
0.009,-0.005,-3.095828781404916,-0.014053030594236985,-0.04740432847820374
0.0091,-0.005,-3.0569985655480965,-0.012573581986788682,-0.04473760819475627
0.0092,-0.005,-3.033385912039667,-0.01059372045523281,-0.041074334516983356
0.0093,-0.005,-3.0268387628813853,-0.008726333136272751,-0.03662653356763597
0.0094,-0.005,-3.019141149309104,-0.006799344232773192,-0.03171167865546957
0.0095,-0.005,-3.0131795869640685,-0.004957351192096231,-0.02620452253951633
0.0096,-0.005,-3.0117690017110172,-0.0033269447340124516,-0.020517102847846976
0.0097,-0.005,-3.013820300499713,-0.001975338576648422,-0.014543975710798965
0.0098,-0.005,-3.0169871729074567,-0.0009347694341751332,-0.009023031684348795
0.0099,-0.005,-3.0209246724107994,-0.00030608804839249334,-0.004268764579923644
0.01,-0.005,-3.0222842036056146,0.0,0.0
0.0,-0.0049,-2.839998431687336,0.0,0.0
0.0001,-0.0049,-2.8411708302754617,1.281954704394218e-05,0.005011776473720657
0.0002,-0.0049,-2.840500352585486,-5.416660462725619e-05,0.009430393463993185
0.0003,-0.0049,-2.839398212528065,-6.0753278186365287e-05,0.01326040659576392
0.0004,-0.0049,-2.8408924074783424,-9.891264691625742e-05,0.016562371343410955
0.0005,-0.0049,-2.8434963372112794,-0.00020594806096845111,0.019397734388413038
0.0006,-0.0049,-2.846973498404935,-0.00037300183880731606,0.02165366974383794
0.0007,-0.0049,-2.851463277744586,-0.00059546484772209,0.023675351826394894
0.0008,-0.0049,-2.8570135554079474,-0.0008480613514905647,0.02523175918901731
0.0009,-0.0049,-2.866090990621725,-0.0011075638730868964,0.026620707969423653
0.001,-0.0049,-2.874734707334336,-0.0014199195585323154,0.028041583373496784
0.0011,-0.0049,-2.8860731617375692,-0.0016935008278827482,0.029013123575168
0.0012,-0.0049,-2.899901789337258,-0.0019958441615411707,0.029997308155449633
0.0013000000000000002,-0.0049,-2.914298668077818,-0.0023723319700585683,0.03083834283581908
0.0014,-0.0049,-2.930797464092017,-0.002703594837784503,0.03145994091500212
0.0015,-0.0049,-2.9492075230735306,-0.0030387215332004,0.032202230780578926
0.0016,-0.0049,-2.966867225197601,-0.0033173382183264003,0.032650212123245335
0.0017,-0.0049,-2.9916609815997814,-0.003524453905286072,0.032890046030183674
0.0018,-0.0049,-3.0182880435626345,-0.0038364964313836246,0.03336245994878576
0.0019,-0.0049,-3.047327973094573,-0.004237235795350235,0.03348807764401006
0.002,-0.0049,-3.0628820645894606,-0.004435325517457739,0.033842471940540846
0.0021,-0.0049,-3.0888214575730575,-0.004622628596700723,0.033680002730885096
0.0022,-0.0049,-3.122412359643804,-0.004894197569897552,0.03359255945039259
0.0023,-0.0049,-3.155059797050168,-0.005118171208020822,0.033378369523930924
0.0024,-0.0049,-3.185682094681245,-0.005268853910797844,0.033021454692033374
0.0025,-0.0049,-3.2192122797064493,-0.005445826659144603,0.03259375638055832
0.0026000000000000003,-0.0049,-3.2493373384598767,-0.005651738423781415,0.032163701734132764
0.0027,-0.0049,-3.281623712558012,-0.005737582919266833,0.031497378545957584
0.0028,-0.0049,-3.315679879406316,-0.005874548334259553,0.03079791958674303
0.0029,-0.0049,-3.3497029419124686,-0.00600098921151986,0.03003257099645163
0.003,-0.0049,-3.381033199421768,-0.006042681440191455,0.02913127555526379
0.0031,-0.0049,-3.4145654268232852,-0.006156249829269277,0.02819212813552327
0.0032,-0.0049,-3.4471694396147066,-0.006214884007561411,0.027201314566389245
0.0033000000000000004,-0.0049,-3.4787657311879103,-0.006284301912327112,0.026109165541040424
0.0034,-0.0049,-3.5090684177679132,-0.006310107179149298,0.02507459274557114
0.0034999999999999996,-0.0049,-3.5389245872749395,-0.006317721825782741,0.02387120527827344
0.0036,-0.0049,-3.568389370650727,-0.0063589376731575525,0.02263522202294309
0.0037,-0.0049,-3.596365304396184,-0.006393389954565468,0.02147091280596676
0.0038,-0.0049,-3.621236091187967,-0.006402200419166573,0.020197718786975634
0.0039,-0.0049,-3.646955930198582,-0.006414476798326116,0.01890881328937477
0.004,-0.0049,-3.6702232096022556,-0.006437218650768183,0.017689913255629425
0.0041,-0.0049,-3.6935789704614286,-0.006479220147833861,0.016346404529896327
0.0042,-0.0049,-3.714072856778193,-0.0065349763308160365,0.015035031419882298
0.0043,-0.0049,-3.7332003564528615,-0.006498699688808141,0.013866920401802747
0.0044,-0.0049,-3.749248627238408,-0.00646832647996459,0.012450417385789612
0.0045,-0.0049,-3.7673810307957987,-0.006603989358713755,0.011284019058649414
0.0046,-0.0049,-3.7792892425774327,-0.006513213778035852,0.010017351072658021
0.0047,-0.0049,-3.7955731250361064,-0.006799437076150706,0.00876685971082491
0.0048,-0.0049,-3.807826851796008,-0.006868177048977656,0.007550847075936642
0.0049,-0.0049,-3.820357722710051,-0.0069418338506688024,0.006335406662355711
0.005,-0.0049,-3.8316987328626326,-0.007018899039569444,0.005069263994699926
0.0051,-0.0049,-3.837562404149737,-0.007109802768228549,0.0038674688181468634
0.005200000000000001,-0.0049,-3.848573075590853,-0.007207269945732686,0.002724307865967912
0.0053,-0.0049,-3.856037093243027,-0.007442426442643752,0.0015074552463413015
0.0054,-0.0049,-3.858063921435029,-0.00760439552116459,0.0002701385487979591
0.0055,-0.0049,-3.8665698233644363,-0.00781657777890898,-0.000829537944132109
0.0056,-0.0049,-3.871109519324642,-0.007795816781388475,-0.0019556008979313326
0.005700000000000001,-0.0049,-3.8741387916274386,-0.007952951885099839,-0.0031737047851781996
0.0058,-0.0049,-3.8752625271941987,-0.008242908914326953,-0.0043698147363235035
0.0059,-0.0049,-3.8792443259343403,-0.008248873326787918,-0.005525949805853473
0.006,-0.0049,-3.8712399837512863,-0.008738945334225113,-0.0066844598957222475
0.0061,-0.0049,-3.873963400148243,-0.008647392261358005,-0.007968920849531295
0.0062,-0.0049,-3.865700717717147,-0.009040305777421709,-0.00914088764467581
0.0063,-0.0049,-3.8617553789357246,-0.009032061083403759,-0.01043034139616987
0.0064,-0.0049,-3.855817790759792,-0.009495231477680189,-0.011622464148351446
0.006499999999999999,-0.0049,-3.840796333072074,-0.009806342033705045,-0.012926462605272538
0.006600000000000001,-0.0049,-3.8363746247040633,-0.009971302493971827,-0.01417379973739966
0.0067,-0.0049,-3.823865367977209,-0.010320556223761171,-0.015587744084442893
0.0068,-0.0049,-3.8093393127922934,-0.010682677005042551,-0.016958003328097843
0.0069,-0.0049,-3.7969020606765946,-0.011177841302316771,-0.01835172305141016
0.006999999999999999,-0.0049,-3.7796817517336745,-0.011607741253853554,-0.019776968082446028
0.007100000000000001,-0.0049,-3.7589015656179954,-0.012052651947705252,-0.021266963599793756
0.0072,-0.0049,-3.7408071538016494,-0.012551087387398064,-0.022910513016522607
0.0073,-0.0049,-3.7191409316442243,-0.013071884440418896,-0.024557565401381893
0.0074,-0.0049,-3.6970090342378867,-0.013616772323743979,-0.02631965583094016
0.0075,-0.0049,-3.6723081251350562,-0.014210735999767321,-0.02818848418491593
0.0076,-0.0049,-3.6465012450746643,-0.014816558025470626,-0.03014782061006299
0.0077,-0.0049,-3.6167035752895225,-0.015428290332342415,-0.03217981380490776
0.0078,-0.0049,-3.58296827489252,-0.01609232030302918,-0.034240678875905255
0.0079,-0.0049,-3.5474026640824,-0.016722111685920898,-0.03655572034104998
0.008,-0.0049,-3.5212673958590734,-0.017194231469311268,-0.03884506392384998
0.0081,-0.0049,-3.4809974304053437,-0.017759854675214935,-0.041035259194343685
0.0082,-0.0049,-3.4390144947585823,-0.018220583144627996,-0.04332734786825143
0.0083,-0.0049,-3.4079091996657604,-0.018519755162619733,-0.04544849622980313
0.0084,-0.0049,-3.378622745532118,-0.018707445176692032,-0.04771405173577354
0.0085,-0.0049,-3.330095950629197,-0.01862117052010316,-0.04941832542908044
0.0086,-0.0049,-3.292503016804926,-0.017930006600396075,-0.05039033102999198
0.0087,-0.0049,-3.278541365559252,-0.017572345346725464,-0.04978273682967954
0.0088,-0.0049,-3.2419459223959217,-0.0163280993010535,-0.050002880454707924
0.0089,-0.0049,-3.1141457539257456,-0.015999858693952523,-0.05028014980103909
0.009,-0.0049,-3.134362157075085,-0.014410709122156615,-0.04826454486798007
0.0091,-0.0049,-3.0889309745875164,-0.01254893585348483,-0.046182217544257186
0.0092,-0.0049,-3.120369703521528,-0.010686613286178084,-0.04325651711684743
0.0093,-0.0049,-3.04695557287075,-0.008848585539669796,-0.03857831469196478
0.0094,-0.0049,-3.0371973776871455,-0.006972303692305521,-0.033883035529443814
0.0095,-0.0049,-3.0300216028533318,-0.005124326565755172,-0.027962507903443137
0.0096,-0.0049,-3.0271831731736683,-0.0034848937056382034,-0.021966329196408164
0.0097,-0.0049,-3.0283896519143214,-0.002048003523686275,-0.015892782207018757
0.0098,-0.0049,-3.0321284889236066,-0.0009910010615217233,-0.010097191454007297
0.0099,-0.0049,-3.0352902272425735,-0.0003220033573562166,-0.004659301238701702
0.01,-0.0049,-3.0368545450394433,0.0,0.0
0.0,-0.0048,-2.850112391465681,0.0,0.0
0.0001,-0.0048,-2.8526213836133323,2.4868901629682227e-05,0.00507033214352745
0.0002,-0.0048,-2.8493624097271706,-2.237588285158958e-05,0.009438723603552886
0.0003,-0.0048,-2.8477260970855345,8.899502073677484e-06,0.013216753149168248
0.0004,-0.0048,-2.8502945785667206,2.3168850707239783e-05,0.016672266867166174
0.0005,-0.0048,-2.8528874155117605,-6.18232795779973e-05,0.01932560532302391
0.0006,-0.0048,-2.8562130110076396,-0.00019675322397711466,0.021800490308739724
0.0007,-0.0048,-2.8599723827869954,-0.00034488534061481073,0.023880277225021777
0.0008,-0.0048,-2.8665320189587837,-0.0005426247081880501,0.0254505393896062
0.0009,-0.0048,-2.8748486437350613,-0.0007636957230352072,0.02696831196185407
0.001,-0.0048,-2.885456510153314,-0.001002794660743955,0.028250712936295854
0.0011,-0.0048,-2.8951963872203725,-0.0012621024558560488,0.02932856888113297
0.0012,-0.0048,-2.908957372003555,-0.0015199386816988224,0.03019996051195949
0.0013000000000000002,-0.0048,-2.9255770622036876,-0.001766861631983087,0.031102995563311267
0.0014,-0.0048,-2.941117786658525,-0.0020722593577171223,0.03175909176307481
0.0015,-0.0048,-2.960576634584423,-0.0023563304824307414,0.032394298712367896
0.0016,-0.0048,-2.9805920952702984,-0.0025792044699635285,0.033117173923331446
0.0017,-0.0048,-3.00271805371159,-0.002842274577369379,0.033262440653229496
0.0018,-0.0048,-3.0252982846925915,-0.002987237450194227,0.03356343280234301
0.0019,-0.0048,-3.0513968512447853,-0.0032834080273799874,0.03374285416380642
0.002,-0.0048,-3.090402024622104,-0.0035963659757336677,0.0338479902037604
0.0021,-0.0048,-3.1076451355720365,-0.0037512126277775824,0.034022175429403445
0.0022,-0.0048,-3.135065208765687,-0.003935786871452649,0.03371931472661443
0.0023,-0.0048,-3.1666031946326574,-0.004142293640737753,0.033604914926795286
0.0024,-0.0048,-3.1943229782565896,-0.00431741039311878,0.033288771150025875
0.0025,-0.0048,-3.225571250284131,-0.004384225850382779,0.03272079625113294
0.0026000000000000003,-0.0048,-3.2621428724581305,-0.004514707533243338,0.03233864129104374
0.0027,-0.0048,-3.293426742216047,-0.0046266656862900355,0.03155803616186317
0.0028,-0.0048,-3.3253496507186715,-0.004747602385239099,0.030887905951840718
0.0029,-0.0048,-3.3583394001991733,-0.004811649516362349,0.030118361773900915
0.003,-0.0048,-3.3910052122600622,-0.004890423721185748,0.02920371679335955
0.0031,-0.0048,-3.4255505952198524,-0.004899579697488977,0.028326400746051302
0.0032,-0.0048,-3.4581235519330367,-0.004955055873780479,0.027239444114504824
0.0033000000000000004,-0.0048,-3.489103008170435,-0.005016748347276105,0.02620183137726075
0.0034,-0.0048,-3.519379451604744,-0.005055579450302894,0.02505114860988919
0.0034999999999999996,-0.0048,-3.549410583528116,-0.0050682874573075515,0.02398923141042343
0.0036,-0.0048,-3.578454317022825,-0.005060641339887562,0.022755214939149542
0.0037,-0.0048,-3.6055797222921626,-0.0050722944014940236,0.02147016624895917
0.0038,-0.0048,-3.6311446021114357,-0.005090103698383447,0.020189185837136567
0.0039,-0.0048,-3.6575011825513597,-0.005086113458743641,0.018980801507436203
0.004,-0.0048,-3.681078639197589,-0.005078254508959774,0.01766642205868982
0.0041,-0.0048,-3.702135341832203,-0.005099100704893174,0.0164318676346421
0.0042,-0.0048,-3.7236142123720697,-0.005107423196889835,0.015097684467133915
0.0043,-0.0048,-3.741066066998154,-0.005122029770942362,0.013908106669002732
0.0044,-0.0048,-3.760039389350635,-0.005166811222122949,0.012568831153750015
0.0045,-0.0048,-3.7773248680962332,-0.0052701882493925295,0.01130397497604154
0.0046,-0.0048,-3.7904725040318477,-0.005311713168574104,0.010069878069130428
0.0047,-0.0048,-3.805813347347386,-0.0053821107116063995,0.008853360096496595
0.0048,-0.0048,-3.816654947382655,-0.005415259282511651,0.007608735300150449
0.0049,-0.0048,-3.831012905032635,-0.005617997531915669,0.0063832733292307296
0.005,-0.0048,-3.8426476305124435,-0.005475043033243539,0.005198396091673269
0.0051,-0.0048,-3.8542575334795512,-0.005555468822836246,0.00400414194591223
0.005200000000000001,-0.0048,-3.8583130175016387,-0.005819627408044293,0.0028272925482565564
0.0053,-0.0048,-3.8703619246459477,-0.006101448657232582,0.0016494556841216172
0.0054,-0.0048,-3.876648395105093,-0.006105598503402953,0.00041292622088260624
0.0055,-0.0048,-3.879158551365312,-0.006216553707289526,-0.0006886428746484125
0.0056,-0.0048,-3.887257684178823,-0.006320285661202563,-0.0018846286584514088
0.005700000000000001,-0.0048,-3.890401857902263,-0.006784151434117373,-0.0029886608149209313
0.0058,-0.0048,-3.8944507827377435,-0.0069196200004947184,-0.004118817522322062
0.0059,-0.0048,-3.891831939246685,-0.0069851059441205015,-0.005380112242702634
0.006,-0.0048,-3.8916111566709617,-0.007171442757683922,-0.006533101119199397
0.0061,-0.0048,-3.8867290820516778,-0.007563348606871666,-0.0077436960566314595
0.0062,-0.0048,-3.8833909655794514,-0.007209836724159507,-0.008913242903863345
0.0063,-0.0048,-3.879779615184221,-0.007724063915231622,-0.010090972963513451
0.0064,-0.0048,-3.870376555046807,-0.007882182981497564,-0.011341695715998431
0.006499999999999999,-0.0048,-3.860716664707258,-0.00852718222024938,-0.012618233679027951
0.006600000000000001,-0.0048,-3.8565271519551603,-0.00877384194161089,-0.013863092235082315
0.0067,-0.0048,-3.8431390826052634,-0.008971620615417314,-0.015192497397777767
0.0068,-0.0048,-3.8268044465202626,-0.009314595378096067,-0.016558766896497806
0.0069,-0.0048,-3.8165576175032414,-0.009664240654325454,-0.017907758647850745
0.006999999999999999,-0.0048,-3.7993068292354417,-0.01015224753172629,-0.019348108443006676
0.007100000000000001,-0.0048,-3.7805187013548243,-0.01053386899135326,-0.020857950947103437
0.0072,-0.0048,-3.763129562476472,-0.01111351630812455,-0.022335755044082937
0.0073,-0.0048,-3.739028681397733,-0.011604460305845212,-0.02404049423130951
0.0074,-0.0048,-3.7191170957099855,-0.01217855002921366,-0.025711697190652305
0.0075,-0.0048,-3.6921361267076174,-0.012808943483817316,-0.027588147272127796
0.0076,-0.0048,-3.666367639726315,-0.01339329301473413,-0.029506273173448734
0.0077,-0.0048,-3.638915690219931,-0.014045356942294019,-0.03163330409013922
0.0078,-0.0048,-3.608465360527778,-0.014730800335205657,-0.03370896351681186
0.0079,-0.0048,-3.573783358914288,-0.015343783664817784,-0.036040762059922876
0.008,-0.0048,-3.53806654615881,-0.016008029880353748,-0.03827303526992902
0.0081,-0.0048,-3.512953816359219,-0.016509640145040118,-0.040531887492353647
0.0082,-0.0048,-3.4672983791133998,-0.01712998367588865,-0.04295667425431468
0.0083,-0.0048,-3.4241454840831986,-0.01753170009029493,-0.04532652610453099
0.0084,-0.0048,-3.3835478310381752,-0.01777601243523735,-0.047601503800550775
0.0085,-0.0048,-3.3170405220473356,-0.01799231066111829,-0.04942654429208532
0.0086,-0.0048,-3.2753471691410274,-0.017780624446664912,-0.050595773668651714
0.0087,-0.0048,-3.225794996304677,-0.017085433714103496,-0.051867260032771735
0.0088,-0.0048,-3.252419441887698,-0.016068697112593507,-0.05200522376615318
0.0089,-0.0048,-3.1405716283348246,-0.01499703284965735,-0.051994523423950195
0.009,-0.0048,-3.168741176163244,-0.014149578631018473,-0.05101032318703666
0.0091,-0.0048,-3.106661287923369,-0.012703242438807251,-0.04944807079433749
0.0092,-0.0048,-3.064637527335757,-0.010790728661422153,-0.045023534831397406
0.0093,-0.0048,-3.0644385741875135,-0.008903993110127453,-0.040955373723248104
0.0094,-0.0048,-3.0525657998910525,-0.007098148518977979,-0.03570905130501463
0.0095,-0.0048,-3.045770973278162,-0.00520299307064634,-0.029656088402407407
0.0096,-0.0048,-3.0426561095120324,-0.003536249264142326,-0.02336604360895535
0.0097,-0.0048,-3.043329701158864,-0.0021434920377514863,-0.01722976127218789
0.0098,-0.0048,-3.0466564240073732,-0.0010194813126393196,-0.010934889580081509
0.0099,-0.0048,-3.0502696386361543,-0.0003313612610754862,-0.005150215783486671
0.01,-0.0048,-3.0514916899325693,0.0,0.0
0.0,-0.0047,-2.8584935939952176,0.0,0.0
0.0001,-0.0047,-2.8591668983199248,2.9908479425652842e-05,0.005030818662711094
0.0002,-0.0047,-2.858419912990273,3.650299118942856e-05,0.00947022925937816
0.0003,-0.0047,-2.858259180791909,9.807402580866518e-05,0.013233420438997796
0.0004,-0.0047,-2.8592399455051347,0.00013010411271312806,0.01660524315388248
0.0005,-0.0047,-2.860697780739354,0.00010188185557341371,0.019410815629528844
0.0006,-0.0047,-2.8650207596052644,9.154041751465586e-06,0.022021183706937997
0.0007,-0.0047,-2.8693501400359973,-0.0001303389991445773,0.023956352691814422
0.0008,-0.0047,-2.874423723267825,-0.00022415562772334658,0.025653566877805425
0.0009,-0.0047,-2.882757639387014,-0.0004273520048888589,0.027192706819954466
0.001,-0.0047,-2.8931370319714613,-0.0006069604755634903,0.02852572844939338
0.0011,-0.0047,-2.904294335671225,-0.0008242173417073722,0.029596300736052128
0.0012,-0.0047,-2.9171299742626706,-0.0010408924837913684,0.03051581376069831
0.0013000000000000002,-0.0047,-2.9324386191802407,-0.001241471905646295,0.03131239524719272
0.0014,-0.0047,-2.9491120443221464,-0.001470387165280704,0.032036484764597646
0.0015,-0.0047,-2.9680805132370964,-0.0016815065018117095,0.0326176204363819
0.0016,-0.0047,-2.994956466989179,-0.001939463754588365,0.03305106345539915
0.0017,-0.0047,-3.0105581367393563,-0.002231517755550821,0.03351732254184579
0.0018,-0.0047,-3.018918892432227,-0.0023709576881004494,0.03366209841511217
0.0019,-0.0047,-3.0561318029023647,-0.002462487301610849,0.033823072425665145
0.002,-0.0047,-3.088663153850375,-0.0026837871145934723,0.033638372217788766
0.0021,-0.0047,-3.1206067194403815,-0.002910268620112187,0.03381322254873575
0.0022,-0.0047,-3.142911852335613,-0.0029779616399602336,0.033997648161890714
0.0023,-0.0047,-3.1759973696532993,-0.0030541234911720828,0.033642583596566786
0.0024,-0.0047,-3.2083250836384427,-0.0033093630946654734,0.033329748724245954
0.0025,-0.0047,-3.2351089047584263,-0.0033765616284042346,0.03290796748079191
0.0026000000000000003,-0.0047,-3.2662011421670423,-0.0034506985550879585,0.03233876374280934
0.0027,-0.0047,-3.301996774343985,-0.003522187321197483,0.03168344354237492
0.0028,-0.0047,-3.336603011834987,-0.003606190218652275,0.030968592958049865
0.0029,-0.0047,-3.3677706959785603,-0.0036485790843976116,0.03014000069744585
0.003,-0.0047,-3.400942773657759,-0.003673295111780084,0.02930263465220742
0.0031,-0.0047,-3.4342749549063423,-0.0037080344097798626,0.028302421262498653
0.0032,-0.0047,-3.465932499293563,-0.0037313854756433843,0.027265819226884803
0.0033000000000000004,-0.0047,-3.4965398257147657,-0.0037672423201194644,0.026212333386528244
0.0034,-0.0047,-3.5284831341145435,-0.0037625253923464887,0.02507598869220036
0.0034999999999999996,-0.0047,-3.557663978337453,-0.00377638721963786,0.02387825215783209
0.0036,-0.0047,-3.586526594376492,-0.0037720983630996894,0.022723825250563108
0.0037,-0.0047,-3.6140444485287855,-0.0037773782974706814,0.02145959259850508
0.0038,-0.0047,-3.6400198084124735,-0.003766062431305673,0.02025171087492813
0.0039,-0.0047,-3.663436197960656,-0.003748073106918238,0.018972623649331943
0.004,-0.0047,-3.688536361156636,-0.0037786219717576446,0.017713696293543354
0.0041,-0.0047,-3.709528784983021,-0.003779199060136846,0.01642462373615107
0.0042,-0.0047,-3.7313996256659014,-0.00377704197505186,0.015125996596409272
0.0043,-0.0047,-3.749632506290089,-0.0038832725142432392,0.013908044704351613
0.0044,-0.0047,-3.7664477539824377,-0.0037938737701882596,0.012611868106749486
0.0045,-0.0047,-3.785539557961863,-0.00390852608463997,0.011364746580431179
0.0046,-0.0047,-3.8000757108452627,-0.003947330474321349,0.010146252978627403
0.0047,-0.0047,-3.814657416789972,-0.003956509440427715,0.008899602507605442
0.0048,-0.0047,-3.8288912671871143,-0.0041157288254683455,0.007641302203066672
0.0049,-0.0047,-3.839524640642831,-0.004083798550509274,0.006491914720692946
0.005,-0.0047,-3.852882247844228,-0.00434367057538764,0.005254625057381299
0.0051,-0.0047,-3.859937418226794,-0.004048714225264672,0.004139737310725995
0.005200000000000001,-0.0047,-3.8705792076283796,-0.004441888550737187,0.0028565179849171294
0.0053,-0.0047,-3.8803053329008934,-0.004604819963992446,0.0017537479285298517
0.0054,-0.0047,-3.885302281127412,-0.004560224839551957,0.0006255481298044173
0.0055,-0.0047,-3.891680838877753,-0.005027663893596055,-0.0004787651571062736
0.0056,-0.0047,-3.9007099386232253,-0.005008628546627834,-0.0017549798741353238
0.005700000000000001,-0.0047,-3.9024936627791034,-0.005211661414483201,-0.0027079964780841997
0.0058,-0.0047,-3.9005297412394513,-0.005395436079595396,-0.004023573620726628
0.0059,-0.0047,-3.9071223540872646,-0.005278374726815675,-0.005140958464015341
0.006,-0.0047,-3.9061595346817315,-0.005546691111795469,-0.006380867109912181
0.0061,-0.0047,-3.9065948448851007,-0.005877633976816003,-0.007551149851232519
0.0062,-0.0047,-3.9010991803932833,-0.006155955598705587,-0.008720869508095917
0.0063,-0.0047,-3.8948564498321496,-0.006530988928072668,-0.009918717211585559
0.0064,-0.0047,-3.8828403604966026,-0.006478280148224789,-0.011097782136051997
0.006499999999999999,-0.0047,-3.87056910122017,-0.006986724623964009,-0.01234540955077666
0.006600000000000001,-0.0047,-3.8716268618842657,-0.007094932211490115,-0.013582852619781522
0.0067,-0.0047,-3.8561157884435726,-0.007404285486851885,-0.01482064591820425
0.0068,-0.0047,-3.84902632310715,-0.00782290293818847,-0.01617935385527593
0.0069,-0.0047,-3.828970734128075,-0.008315003932742307,-0.017451200240080973
0.006999999999999999,-0.0047,-3.817867188782575,-0.008599391662284654,-0.018895092398613773
0.007100000000000001,-0.0047,-3.794278977882906,-0.009076613363406734,-0.020377769436540693
0.0072,-0.0047,-3.775992932113997,-0.009612280422858027,-0.021832014031386786
0.0073,-0.0047,-3.758281827798716,-0.010091184830765905,-0.02346673234437571
0.0074,-0.0047,-3.7347457862727507,-0.010683152346132353,-0.02516727342123533
0.0075,-0.0047,-3.713431335262283,-0.011305947368503325,-0.026906570166839668
0.0076,-0.0047,-3.6859833166097355,-0.011953606249458223,-0.02883530258369988
0.0077,-0.0047,-3.658684632956003,-0.012628398420817442,-0.030802368942007476
0.0078,-0.0047,-3.629097069138499,-0.013288466417943831,-0.033079247778289134
0.0079,-0.0047,-3.598199454613624,-0.014074159009282668,-0.03517480313922875
0.008,-0.0047,-3.5584210646912924,-0.01474198336975079,-0.03751999776149245
0.0081,-0.0047,-3.5251857375372815,-0.015391203662968082,-0.039945937247480176
0.0082,-0.0047,-3.4912453659396356,-0.015922548015069,-0.042367380633393174
0.0083,-0.0047,-3.4415486130726975,-0.016529170268702997,-0.04485208398795487
0.0084,-0.0047,-3.4061113416653805,-0.01685163023380715,-0.047137185236693614
0.0085,-0.0047,-3.369408468048913,-0.016948116182242907,-0.0489879466842998
0.0086,-0.0047,-3.338898345981458,-0.016928141625587225,-0.05075252356218925
0.0087,-0.0047,-3.3309355415876047,-0.01690029795589096,-0.052074345497221446
0.0088,-0.0047,-3.2646900304282696,-0.01634850784728689,-0.05313147440222043
0.0089,-0.0047,-3.115419585985375,-0.014870056971730272,-0.052436002795538283
0.009,-0.0047,-3.147665928531229,-0.013932018661112093,-0.052395491511268266
0.0091,-0.0047,-3.0537871221471753,-0.012380528794339388,-0.04968937068949258
0.0092,-0.0047,-3.0753432900452076,-0.010778435128109876,-0.046828088853647344
0.0093,-0.0047,-3.0848417042537095,-0.008912417218165374,-0.04243372088092168
0.0094,-0.0047,-3.069397553514099,-0.007232253964077071,-0.03742147695622882
0.0095,-0.0047,-3.061426452001608,-0.005358310066365997,-0.031661593847834194
0.0096,-0.0047,-3.057715187374692,-0.003659483204193535,-0.024925326929423088
0.0097,-0.0047,-3.0580244399189125,-0.002178843184869653,-0.018144870290655042
0.0098,-0.0047,-3.061330589876517,-0.001055349448087734,-0.011842099460622871
0.0099,-0.0047,-3.0644882868476198,-0.00034620260202709543,-0.005675091796922677
0.01,-0.0047,-3.066635137291093,0.0,0.0
0.0,-0.0046,-2.868147841489507,0.0,0.0
0.0001,-0.0046,-2.8671379019281984,3.371216608016687e-05,0.004972973574095911
0.0002,-0.0046,-2.866343317464284,0.00011255844181698275,0.009409339247416286
0.0003,-0.0046,-2.866935094244417,0.0001938334935902734,0.013198410558704418
0.0004,-0.0046,-2.8680676371647884,0.0002165512215524787,0.01660887324750788
0.0005,-0.0046,-2.869319977943426,0.0002368011936058817,0.01939452660252926
0.0006,-0.0046,-2.8720350274533417,0.00018918515494009328,0.021905114282984785
0.0007,-0.0046,-2.876855394542065,0.00012734060263130172,0.02406392289076674
0.0008,-0.0046,-2.882361719878998,3.5514938002458034e-05,0.025775835412805828
0.0009,-0.0046,-2.8905510414999105,-5.9897742149164944e-05,0.02730347779253672
0.001,-0.0046,-2.9010693208456066,-0.0001849388107069257,0.028626946192569704
0.0011,-0.0046,-2.911943660522396,-0.00036880885028884317,0.029757445157252174
0.0012,-0.0046,-2.925410947002238,-0.0005486456498266686,0.0307527476705815
0.0013000000000000002,-0.0046,-2.9402147248264603,-0.0006888954847493779,0.0315944761944405
0.0014,-0.0046,-2.9570548714051723,-0.0008902151750263496,0.032265011762401034
0.0015,-0.0046,-2.973116205333362,-0.0010147616128316462,0.032831481218473346
0.0016,-0.0046,-2.9983165370158886,-0.0012209664007061694,0.033183644694845804
0.0017,-0.0046,-3.02059757761262,-0.0012782389336522084,0.0336950423060113
0.0018,-0.0046,-3.0277790241156226,-0.0018820368202497302,0.03429402956164728
0.0019,-0.0046,-3.0700847985124518,-0.0017484136343617512,0.03414907951321231
0.002,-0.0046,-3.0802981429440384,-0.0018685477394961366,0.03434709025902908
0.0021,-0.0046,-3.11685549947865,-0.0017914206614661012,0.03406337165642161
0.0022,-0.0046,-3.14822416386393,-0.0021165774922460782,0.03395243334728839
0.0023,-0.0046,-3.177577749421006,-0.0022079165927097327,0.033793452075430684
0.0024,-0.0046,-3.2093921211601795,-0.002199515427772786,0.033424530653515604
0.0025,-0.0046,-3.2464056855458048,-0.002306165186263389,0.0329692648244942
0.0026000000000000003,-0.0046,-3.2772101747019717,-0.002396668383849588,0.03248480436979047
0.0027,-0.0046,-3.308412385014511,-0.0024256156413941434,0.031763478126256274
0.0028,-0.0046,-3.34148869950647,-0.002493601709755778,0.031019381255778012
0.0029,-0.0046,-3.374960195033619,-0.0025006609035585995,0.030258034233805325
0.003,-0.0046,-3.4092686596439217,-0.0024821149520274826,0.029345212917958576
0.0031,-0.0046,-3.4406802930927807,-0.002532781525057344,0.028389282965885707
0.0032,-0.0046,-3.472074611476458,-0.0025199750353035047,0.02727540070265393
0.0033000000000000004,-0.0046,-3.503731698062025,-0.0024984811601336775,0.02622264302185694
0.0034,-0.0046,-3.534419843251603,-0.002518232945368213,0.0250661994084692
0.0034999999999999996,-0.0046,-3.5642861525823673,-0.0025008216297968387,0.023874999833997854
0.0036,-0.0046,-3.5919928771162866,-0.0024754254238189416,0.022670768008321643
0.0037,-0.0046,-3.6196830460901896,-0.002472916936344757,0.021421550020285323
0.0038,-0.0046,-3.6454398040756315,-0.0024650652248104383,0.020241603920846944
0.0039,-0.0046,-3.6710221203051203,-0.002425257757255879,0.018977673128079187
0.004,-0.0046,-3.6959639851655424,-0.002461912336110155,0.017697356871466147
0.0041,-0.0046,-3.714451935043965,-0.0024267787406594865,0.016421780720682802
0.0042,-0.0046,-3.7363161864092818,-0.002429975691259972,0.015132054659147229
0.0043,-0.0046,-3.7555531520334138,-0.0024756802987061163,0.013897128971984547
0.0044,-0.0046,-3.7739965071942607,-0.002495055525479556,0.012639305050877864
0.0045,-0.0046,-3.7918445254107933,-0.0025757276363612526,0.011384354990603205
0.0046,-0.0046,-3.8076306778555984,-0.00258011449158137,0.01019273687283062
0.0047,-0.0046,-3.8225954693588795,-0.002585032149906019,0.008996670551974582
0.0048,-0.0046,-3.835340582939809,-0.0026244095236786333,0.007771734509629844
0.0049,-0.0046,-3.848576746619417,-0.0028560777277309756,0.006616860776016884
0.005,-0.0046,-3.8611237529971616,-0.0027570813335054704,0.005364124293177706
0.0051,-0.0046,-3.8726301976640367,-0.002967445812650419,0.004235463150604798
0.005200000000000001,-0.0046,-3.880578310313602,-0.0029740108458131314,0.0030843530203784673
0.0053,-0.0046,-3.888732874900525,-0.0030408057533403243,0.0019155687442122052
0.0054,-0.0046,-3.893112480329195,-0.0030805701539000467,0.0007140528729400527
0.0055,-0.0046,-3.902676094579827,-0.0032900217115255457,-0.00042883600331539016
0.0056,-0.0046,-3.9051830765610784,-0.0034374486293683665,-0.0015487285188632322
0.005700000000000001,-0.0046,-3.9124777235782155,-0.003668219122321423,-0.002643806083193143
0.0058,-0.0046,-3.909665316703193,-0.0037173964026501263,-0.003887480065343714
0.0059,-0.0046,-3.9124802078133425,-0.003936285678456254,-0.004980181757191279
0.006,-0.0046,-3.917021124472418,-0.004295804787412947,-0.006113691038948254
0.0061,-0.0046,-3.910546837438703,-0.004329499790933635,-0.007294372527187671
0.0062,-0.0046,-3.9072117876545356,-0.004279085096236897,-0.00850169777862939
0.0063,-0.0046,-3.903383103146288,-0.004725487048176296,-0.009704396583775416
0.0064,-0.0046,-3.8986415075036134,-0.005176182003901757,-0.010860392365993092
0.006499999999999999,-0.0046,-3.8937915085149215,-0.005350219368963576,-0.012018307860589978
0.006600000000000001,-0.0046,-3.8861868356175244,-0.005676188774795479,-0.013255969315065758
0.0067,-0.0046,-3.8742258461546277,-0.005914205508089164,-0.014544104515416906
0.0068,-0.0046,-3.8616889860559716,-0.006227816262084299,-0.015826468287010436
0.0069,-0.0046,-3.845043505608123,-0.00657046979212406,-0.017060592067026203
0.006999999999999999,-0.0046,-3.8273276350209007,-0.007108634158907482,-0.018429901693159383
0.007100000000000001,-0.0046,-3.817179091341563,-0.007508841023464361,-0.019838430556037286
0.0072,-0.0046,-3.792294973006624,-0.00802040021355802,-0.021313830866458716
0.0073,-0.0046,-3.77209463664027,-0.008634455620868503,-0.02291757772814325
0.0074,-0.0046,-3.75081852614362,-0.00919538132433252,-0.024546404959994546
0.0075,-0.0046,-3.7282037635898173,-0.009850229405680106,-0.02628431505922417
0.0076,-0.0046,-3.7014740360597873,-0.010523971200359606,-0.02818498763240946
0.0077,-0.0046,-3.6750967467591993,-0.011203117411784686,-0.03007818828096566
0.0078,-0.0046,-3.6474032629199797,-0.011948567737549034,-0.03226149269982111
0.0079,-0.0046,-3.6181794469655455,-0.012674407199740901,-0.03442627293481747
0.008,-0.0046,-3.58177693159294,-0.013454295510396492,-0.03673137802646508
0.0081,-0.0046,-3.538617310093959,-0.014172659235150615,-0.03935938096339963
0.0082,-0.0046,-3.5152047488465206,-0.014704519303863557,-0.041792503726508716
0.0083,-0.0046,-3.4735741482697216,-0.015366920999037482,-0.044366447361823776
0.0084,-0.0046,-3.432405111670673,-0.015860021585761226,-0.046938418641879504
0.0085,-0.0046,-3.395401782522421,-0.01612654831409996,-0.04920833975242801
0.0086,-0.0046,-3.3495500453660476,-0.01653774859698681,-0.051023511352271116
0.0087,-0.0046,-3.2822691410865197,-0.01619585377403192,-0.052887018711160444
0.0088,-0.0046,-3.181484656444293,-0.015236065929404831,-0.054218319536911024
0.0089,-0.0046,-3.242402979430444,-0.01462357109106621,-0.0523036972148723
0.009,-0.0046,-3.1757631999037135,-0.013953951918899702,-0.05116175131061901
0.0091,-0.0046,-3.1232655226970683,-0.012563270994374957,-0.05025826518118812
0.0092,-0.0046,-3.1435183604999968,-0.011654729069936486,-0.04824426659659641
0.0093,-0.0046,-3.0992429326689708,-0.009074949957607596,-0.04439767432806235
0.0094,-0.0046,-3.0843519252229523,-0.007180134532978071,-0.03948052723980003
0.0095,-0.0046,-3.0769168043649118,-0.005435624227922992,-0.03346532516820695
0.0096,-0.0046,-3.073181474624664,-0.003745862304230636,-0.026914538491386177
0.0097,-0.0046,-3.0722446513264847,-0.002214922880185092,-0.01966106689553621
0.0098,-0.0046,-3.07511372309309,-0.001090513541469905,-0.012774142151060415
0.0099,-0.0046,-3.0786729106373194,-0.00036356929777377705,-0.006066339593824322
0.01,-0.0046,-3.0799832710835733,0.0,0.0
0.0,-0.0045,-2.8764487391373845,0.0,0.0
0.0001,-0.0045,-2.8750084723899145,4.716435234261851e-05,0.0048858440789259685
0.0002,-0.0045,-2.8743962673322994,0.0001492890640429217,0.009282958129347138
0.0003,-0.0045,-2.8747732459765407,0.00023247921368755838,0.013195914713636443
0.0004,-0.0045,-2.875064235829696,0.00031043494455466024,0.01647411725323982
0.0005,-0.0045,-2.8760238360498325,0.0003523980385355445,0.019341509543060454
0.0006,-0.0045,-2.8788865707692044,0.00037313936520166956,0.022040971426016062
0.0007,-0.0045,-2.883920866018121,0.00038241667521568616,0.02408093709862036
0.0008,-0.0045,-2.8897218770238364,0.0003422910360026902,0.02583029699893165
0.0009,-0.0045,-2.8974862792879605,0.0002734324390180433,0.027551820984601696
0.001,-0.0045,-2.907431460972403,0.00019581889503253252,0.028752884725694167
0.0011,-0.0045,-2.918770300868854,8.998112641998291e-05,0.029905042569367404
0.0012,-0.0045,-2.932016897395579,-4.130971721908669e-05,0.030878643166822418
0.0013000000000000002,-0.0045,-2.9459226296135452,-0.0001677881970273052,0.03165375403558453
0.0014,-0.0045,-2.964146973839842,-0.00030266378548796834,0.032381721642394355
0.0015,-0.0045,-2.974661827668686,-0.0003967087968937345,0.03294556927521162
0.0016,-0.0045,-3.0096150813524916,-0.0005142959222343692,0.033447731113308725
0.0017,-0.0045,-3.0278012664862035,-0.0006470307282132941,0.0337813454072585
0.0018,-0.0045,-3.0592568103244355,-0.0008303978099672993,0.03410608521766311
0.0019,-0.0045,-3.0955362568513123,-0.0012971168009073511,0.034392619562373314
0.002,-0.0045,-3.1048259872429216,-0.001218882300043844,0.03481143450719169
0.0021,-0.0045,-3.12850803634748,-0.0008896229374531991,0.034393165032228105
0.0022,-0.0045,-3.1613980512739683,-0.001149187060748194,0.03402605587276158
0.0023,-0.0045,-3.190798032788745,-0.0012174474005255294,0.03383482960677644
0.0024,-0.0045,-3.213835121991814,-0.0012717523040964918,0.03354948012326955
0.0025,-0.0045,-3.2466939031809807,-0.0012522227741004724,0.03298774504738355
0.0026000000000000003,-0.0045,-3.2827591968350065,-0.001286857966011937,0.03247794161034133
0.0027,-0.0045,-3.3161161397824768,-0.0013343706855313239,0.03181094528246555
0.0028,-0.0045,-3.3473025524961764,-0.0013427757938807485,0.03108084687979358
0.0029,-0.0045,-3.3799178542730783,-0.001314484547354888,0.030207152184200003
0.003,-0.0045,-3.4133947449766904,-0.0013276252177856732,0.029344232407981525
0.0031,-0.0045,-3.445839754112119,-0.0012689543082641274,0.028285218315320538
0.0032,-0.0045,-3.477984316949793,-0.0013244428755307199,0.027304556216871584
0.0033000000000000004,-0.0045,-3.509052574921674,-0.00126727075684887,0.0262035882308885
0.0034,-0.0045,-3.5386692303234555,-0.0012380909785060287,0.025041592745653585
0.0034999999999999996,-0.0045,-3.5689703233365386,-0.0012078052926644042,0.02394230981365371
0.0036,-0.0045,-3.5973076086708766,-0.0012053042879176777,0.022755717035278403
0.0037,-0.0045,-3.624182831160032,-0.0011829471243668009,0.021453736490336862
0.0038,-0.0045,-3.6503453335414413,-0.001140899269922045,0.020218625134161533
0.0039,-0.0045,-3.6753570135588496,-0.001167874009620833,0.018923503194328735
0.004,-0.0045,-3.697676911709544,-0.0011237452901357286,0.01770026066276664
0.0041,-0.0045,-3.7219323383240166,-0.0011338683514515852,0.016439883056389656
0.0042,-0.0045,-3.740713982734606,-0.0011040667478477869,0.015158967386975156
0.0043,-0.0045,-3.760300241124984,-0.0011737163690730742,0.013929663410959778
0.0044,-0.0045,-3.778303495604409,-0.0011393222582253505,0.012666731340856136
0.0045,-0.0045,-3.795689863851917,-0.0012290547444436287,0.0114466534142342
0.0046,-0.0045,-3.811631885399437,-0.0011434687895361905,0.010217220082778847
0.0047,-0.0045,-3.8284127647793276,-0.0013161586836847427,0.009012556098431148
0.0048,-0.0045,-3.8399186834739023,-0.0012949029786435942,0.007848495860987152
0.0049,-0.0045,-3.855831077911653,-0.0014257400490059128,0.006712657921392142
0.005,-0.0045,-3.865285564020053,-0.0014967483015767087,0.005479604245693072
0.0051,-0.0045,-3.873694070739732,-0.0015210117792743437,0.0044124065659251884
0.005200000000000001,-0.0045,-3.882648670119166,-0.0016385957741446838,0.003162270335922582
0.0053,-0.0045,-3.894827117391661,-0.001638069255007962,0.0020819265598873197
0.0054,-0.0045,-3.8997241620161955,-0.0017371133121974254,0.0008955386108693941
0.0055,-0.0045,-3.9064394785634464,-0.002072923015666503,-0.00021582305161631511
0.0056,-0.0045,-3.9176971052045118,-0.0022702468556223296,-0.001392418388041162
0.005700000000000001,-0.0045,-3.914790244514819,-0.002103010454870924,-0.002592950701458545
0.0058,-0.0045,-3.923295695863135,-0.002583270306428746,-0.0037130221352831175
0.0059,-0.0045,-3.9225190603473044,-0.002459269661987536,-0.004813211737274075
0.006,-0.0045,-3.920758549797515,-0.002676547524410369,-0.0059501217481746594
0.0061,-0.0045,-3.9199907891961168,-0.0029023207473040844,-0.007077128948152539
0.0062,-0.0045,-3.918913013926768,-0.0028465065080546287,-0.008271166254598212
0.0063,-0.0045,-3.9139270005411793,-0.0033631057187998924,-0.009409218552270525
0.0064,-0.0045,-3.9021911539354,-0.0036840399927042067,-0.010627070163611977
0.006499999999999999,-0.0045,-3.9024416505118538,-0.003794757876984488,-0.011758916036491146
0.006600000000000001,-0.0045,-3.8927264653471196,-0.00404697368932697,-0.012944025510178613
0.0067,-0.0045,-3.881401335618013,-0.004407647307344063,-0.014290827267518675
0.0068,-0.0045,-3.8737569567252494,-0.004759059230701114,-0.015525847422118566
0.0069,-0.0045,-3.8549402997711084,-0.0052035536797991186,-0.016627868808389522
0.006999999999999999,-0.0045,-3.845083064730899,-0.005604447042922752,-0.018044737620715064
0.007100000000000001,-0.0045,-3.823162799018619,-0.006054758065329713,-0.019344803281201764
0.0072,-0.0045,-3.809094427000146,-0.006513356146316278,-0.02082192423231056
0.0073,-0.0045,-3.78887986706308,-0.007115837622849389,-0.022353428591690448
0.0074,-0.0045,-3.765410838452651,-0.007711155865583211,-0.02392425850364816
0.0075,-0.0045,-3.7426246192413575,-0.008372663320845028,-0.025631869504607864
0.0076,-0.0045,-3.7178283752400048,-0.00902591850153313,-0.027457490913143746
0.0077,-0.0045,-3.6918596606040253,-0.00973124136777965,-0.029350426620421477
0.0078,-0.0045,-3.662056820531937,-0.010528816522218721,-0.03155557129950852
0.0079,-0.0045,-3.633262061809756,-0.01129880744291048,-0.033732342068965714
0.008,-0.0045,-3.602334861519878,-0.01207367770749952,-0.03612615057652643
0.0081,-0.0045,-3.5627721513905835,-0.012884654435213895,-0.038456832182345614
0.0082,-0.0045,-3.528175258926877,-0.013568716754999339,-0.04112088264903757
0.0083,-0.0045,-3.496260257228414,-0.014192871511948178,-0.04378561310848969
0.0084,-0.0045,-3.445543953673363,-0.014879607291347447,-0.04643817164806157
0.0085,-0.0045,-3.4002818889876076,-0.015333068241961102,-0.048890412259482686
0.0086,-0.0045,-3.3353087374886554,-0.01553631616849524,-0.05104331824354602
0.0087,-0.0045,-3.293026382682603,-0.015054254215501012,-0.05317666264219385
0.0088,-0.0045,-3.238987119416513,-0.01477012484053792,-0.05415246915223596
0.0089,-0.0045,-3.237185387609648,-0.014861895245770654,-0.054188281237689734
0.009,-0.0045,-3.2184042890558047,-0.01319957957905838,-0.05351746477604324
0.0091,-0.0045,-3.344282334094653,-0.012239901978877732,-0.05172371356594557
0.0092,-0.0045,-3.1109961419830645,-0.010978353952428072,-0.050429963233854985
0.0093,-0.0045,-3.127503983553264,-0.009534517115779823,-0.04633468756362521
0.0094,-0.0045,-3.1044214754455672,-0.007401865842131889,-0.04130000536150323
0.0095,-0.0045,-3.092984655657329,-0.0054907646867133186,-0.035054014950354685
0.0096,-0.0045,-3.0877059826523254,-0.003745056866034042,-0.028357131923457013
0.0097,-0.0045,-3.086493939688266,-0.0022599117530087295,-0.02114006683921684
0.0098,-0.0045,-3.089235833306142,-0.00112191562417265,-0.013796135061538817
0.0099,-0.0045,-3.0915582222917997,-0.00038131301867816577,-0.006605315908592671
0.01,-0.0045,-3.094024109792707,0.0,0.0
0.0,-0.0044,-2.8842907748424325,0.0,0.0
0.0001,-0.0044,-2.8831652823478278,5.337258319726712e-05,0.004880726715577213
0.0002,-0.0044,-2.88233852805128,0.00015748231353274831,0.009216327383433308
0.0003,-0.0044,-2.8823192109312927,0.00028848456470070545,0.013064040887026049
0.0004,-0.0044,-2.880730564204157,0.00038486552140840053,0.01651851510885825
0.0005,-0.0044,-2.881899066411268,0.0005037444496806277,0.019427534542995024
0.0006,-0.0044,-2.885538853043044,0.0005619007377549862,0.021924264840601018
0.0007,-0.0044,-2.8897101740666686,0.0006268901921763531,0.02412216558264143
0.0008,-0.0044,-2.8960807928459,0.000639681824521906,0.025948427632889626
0.0009,-0.0044,-2.903249156071115,0.0006076068331547603,0.027428312854988757
0.001,-0.0044,-2.913110857605555,0.0006091188585552157,0.02893237781666029
0.0011,-0.0044,-2.9240422797452164,0.0004979303041926963,0.02999429066381199
0.0012,-0.0044,-2.9379937883259246,0.0004626296733890586,0.031005072162396466
0.0013000000000000002,-0.0044,-2.95279036821083,0.0003454541314003388,0.03174788430543503
0.0014,-0.0044,-2.970352997944811,0.0002805746786906205,0.03249349309805801
0.0015,-0.0044,-2.9876452056776115,0.00012654493251128482,0.03305778845320585
0.0016,-0.0044,-2.9984540107893145,0.00019394097531839072,0.033512949224275376
0.0017,-0.0044,-3.016911553664835,0.00033525780793571236,0.03389307652860198
0.0018,-0.0044,-3.0555032462142413,-3.128903813507007e-05,0.03366163091264772
0.0019,-0.0044,-3.1159499048362833,-9.971769428150507e-05,0.03379706846265582
0.002,-0.0044,-3.1253933042360518,-0.0006398699600242961,0.034247206154494884
0.0021,-0.0044,-3.133926348223251,-0.0003597489969431864,0.034339232300030234
0.0022,-0.0044,-3.1513751934647165,-0.00010753918198152905,0.03422577718993336
0.0023,-0.0044,-3.193411825091945,-0.0001434576429511201,0.03384598921552023
0.0024,-0.0044,-3.227041888468322,-0.0002681509234455936,0.03350708963354382
0.0025,-0.0044,-3.2560330922235794,-0.00024425969901039485,0.03308517560597247
0.0026000000000000003,-0.0044,-3.2862122200010897,-0.00022312306689933927,0.03249211990242812
0.0027,-0.0044,-3.3183409800628536,-0.00018172631207789803,0.031780416379069025
0.0028,-0.0044,-3.351316001512404,-0.00017597388582630096,0.03113613530322692
0.0029,-0.0044,-3.3853001871397534,-0.0001745114158232506,0.0302345197783767
0.003,-0.0044,-3.4164659790021834,-0.00014904648992315994,0.029283116373645054
0.0031,-0.0044,-3.4483182529380247,-9.663216105013744e-05,0.028350193545206317
0.0032,-0.0044,-3.4814335838222115,-9.35763745241472e-05,0.027333819875487143
0.0033000000000000004,-0.0044,-3.5121949997332016,-3.7291821117577814e-05,0.0261860058131292
0.0034,-0.0044,-3.542531345338512,2.758872625361307e-05,0.02505146011657
0.0034999999999999996,-0.0044,-3.5715878385967716,4.1407132238893696e-05,0.023889961843517184
0.0036,-0.0044,-3.5999477381290497,8.44484528552944e-05,0.022693540309602342
0.0037,-0.0044,-3.62752169120721,0.00011620424043567585,0.021466539247406522
0.0038,-0.0044,-3.652429429716804,0.0001553726545291529,0.02019833160556881
0.0039,-0.0044,-3.6779456713724685,0.00014909144796376207,0.01892351586638792
0.004,-0.0044,-3.701780309275836,0.00021259441785792082,0.01766292811598224
0.0041,-0.0044,-3.7232864816821696,0.00021047799975691258,0.01642881562921322
0.0042,-0.0044,-3.744686251803313,0.00019683515363620106,0.015162046758231927
0.0043,-0.0044,-3.7640950234183825,0.00019085024648225827,0.01391742615359668
0.0044,-0.0044,-3.782369167934692,0.0001138018346260105,0.012693717915525808
0.0045,-0.0044,-3.799628689258728,4.969409287278459e-05,0.011465844622345773
0.0046,-0.0044,-3.814913729235156,0.0001952979452557995,0.010274742257986184
0.0047,-0.0044,-3.8324815430776065,6.645503501748994e-05,0.00908321998957661
0.0048,-0.0044,-3.8459151721294633,5.151628557096e-05,0.00788812734073784
0.0049,-0.0044,-3.8576681608085166,5.209239820369999e-05,0.0066807443406145285
0.005,-0.0044,-3.8724017491888367,6.632803326733598e-05,0.0055209315076320585
0.0051,-0.0044,-3.880453850635085,-1.5130108168930762e-06,0.004356294576681102
0.005200000000000001,-0.0044,-3.8913245350146957,-5.121628083851436e-05,0.003164824416615862
0.0053,-0.0044,-3.8980573352954053,-0.00022827960789202178,0.0021440711584258436
0.0054,-0.0044,-3.905733837155771,-0.0004744008524217091,0.0010377295917493856
0.0055,-0.0044,-3.9085729485724197,-0.000466505433060219,-5.6475459891212545e-05
0.0056,-0.0044,-3.917638315699451,-0.0005600081936051234,-0.0012772119665264295
0.005700000000000001,-0.0044,-3.925077224094751,-0.000596484916164948,-0.0024281150396931045
0.0058,-0.0044,-3.928577174148866,-0.0008099533007226529,-0.003542010260968475
0.0059,-0.0044,-3.9266049370844893,-0.0009640153075181495,-0.004650272553338793
0.006,-0.0044,-3.923017338811731,-0.0011082533380646882,-0.0057830846345680725
0.0061,-0.0044,-3.9271854750553805,-0.0012294562271732493,-0.006891016419215361
0.0062,-0.0044,-3.9229854806575317,-0.0015141029820737735,-0.008068353880139116
0.0063,-0.0044,-3.9170623992581666,-0.0017940448021824325,-0.00914861721483509
0.0064,-0.0044,-3.914833209332006,-0.002001148127492053,-0.010284201316196716
0.006499999999999999,-0.0044,-3.9064868940417594,-0.0021647134373041477,-0.011501223929813835
0.006600000000000001,-0.0044,-3.8931373268830156,-0.002533829002658414,-0.012791639978916736
0.0067,-0.0044,-3.8849659160812906,-0.0028052500425097115,-0.013826197511396127
0.0068,-0.0044,-3.875931770924909,-0.0031801302057307985,-0.0150825443067535
0.0069,-0.0044,-3.8629391137252207,-0.003557382110581745,-0.01623752131154398
0.006999999999999999,-0.0044,-3.8472665911086272,-0.00403612122411896,-0.017568220622885405
0.007100000000000001,-0.0044,-3.832407710996473,-0.004488032175271193,-0.01892973548481859
0.0072,-0.0044,-3.818542977171503,-0.005011906521474564,-0.020291530239430505
0.0073,-0.0044,-3.793424050646277,-0.005574067948173173,-0.02174465006389851
0.0074,-0.0044,-3.777810508322199,-0.006166705479146391,-0.023308412665194567
0.0075,-0.0044,-3.75046914190106,-0.006809749745527354,-0.02496488796348298
0.0076,-0.0044,-3.7274389364299645,-0.007501624433650091,-0.02674558657754665
0.0077,-0.0044,-3.703223680744304,-0.008316228545436358,-0.028667489282837078
0.0078,-0.0044,-3.6762609185234836,-0.009098623527466815,-0.03077603167283397
0.0079,-0.0044,-3.6466491971389963,-0.009904328779104866,-0.032850182659731116
0.008,-0.0044,-3.615825291624873,-0.01071384596889502,-0.03527880801727769
0.0081,-0.0044,-3.5834250905313256,-0.011531551618229672,-0.037752217505096185
0.0082,-0.0044,-3.546650201453784,-0.012414292278327577,-0.04039618544163701
0.0083,-0.0044,-3.5049489221960086,-0.013082694604066908,-0.0430573706434368
0.0084,-0.0044,-3.4572208564305194,-0.013714577022671814,-0.04578366262646676
0.0085,-0.0044,-3.4163912108650814,-0.014223074885656918,-0.048606346410856885
0.0086,-0.0044,-3.3882489702574463,-0.014369014042660472,-0.05065212415331688
0.0087,-0.0044,-3.366397931428593,-0.014149313516137497,-0.05300648818058276
0.0088,-0.0044,-3.329711125327519,-0.01419683283785906,-0.05433670003272925
0.0089,-0.0044,-3.2933607852420574,-0.01456212257351512,-0.05497016554803851
0.009,-0.0044,-3.1783342196843796,-0.013775206904122983,-0.05527235424908017
0.0091,-0.0044,-3.159144773398807,-0.011961761989946845,-0.05397122016137845
0.0092,-0.0044,-3.2771955739181906,-0.009478600597839781,-0.05161286199413935
0.0093,-0.0044,-3.1856114257944657,-0.009177096406951033,-0.0481619108894164
0.0094,-0.0044,-3.1219774612662876,-0.007471323471027681,-0.04299116601182076
0.0095,-0.0044,-3.104272918042898,-0.005473986175204563,-0.037059918378242525
0.0096,-0.0044,-3.1013469860873863,-0.0037923358696840474,-0.0299722837305084
0.0097,-0.0044,-3.0997375561061253,-0.002350400458456946,-0.022160344795285388
0.0098,-0.0044,-3.101749853945544,-0.0011556550453357178,-0.015071497039501648
0.0099,-0.0044,-3.1045584176296734,-0.0003985793592951771,-0.007091482635022049
0.01,-0.0044,-3.1060011106047667,0.0,0.0
0.0,-0.0043,-2.890359777017174,0.0,0.0
0.0001,-0.0043,-2.889548451632954,5.859919756374505e-05,0.004772518565704727
0.0002,-0.0043,-2.8884140780559995,0.00016936796241926613,0.009039602151118717
0.0003,-0.0043,-2.8864626741232042,0.0003107532971264562,0.012989044196846475
0.0004,-0.0043,-2.887397055174724,0.00048819251858514166,0.01624452733248771
0.0005,-0.0043,-2.8884381433175235,0.0006405201006502471,0.01922100497819599
0.0006,-0.0043,-2.8911954239991684,0.0007419000782993478,0.02179230932904959
0.0007,-0.0043,-2.895254895884659,0.0008292852016714859,0.02403187363564184
0.0008,-0.0043,-2.9013998073630143,0.0009107272783325904,0.025878766226493845
0.0009,-0.0043,-2.9089968955302763,0.000953329858397032,0.027502543418191396
0.001,-0.0043,-2.9180529486560722,0.0009660215096097769,0.028846905947346898
0.0011,-0.0043,-2.929329060554404,0.0009932155531861646,0.030060188530371013
0.0012,-0.0043,-2.94167975580832,0.000950436811888171,0.031040556024191986
0.0013000000000000002,-0.0043,-2.957019504071692,0.0009331316461048859,0.031823405263972926
0.0014,-0.0043,-2.9746623627688358,0.0009144310988108712,0.032568748973626604
0.0015,-0.0043,-2.99381481252651,0.000849322731535036,0.03321675556713552
0.0016,-0.0043,-3.0112796587196025,0.0008247057513981877,0.03358778495329881
0.0017,-0.0043,-3.0222326298847824,0.00081682457716271,0.03404562569047394
0.0018,-0.0043,-3.026680623084375,0.0011320681921323545,0.03422880848711962
0.0019,-0.0043,-3.0832046629445404,0.000933829298394321,0.03435614162051607
0.002,-0.0043,-3.1157432577766753,0.000795854790573846,0.034253249084882725
0.0021,-0.0043,-3.153749981898086,0.0004790854000205708,0.03410305095375086
0.0022,-0.0043,-3.164460467902912,0.0005909473664699552,0.0341304120694725
0.0023,-0.0043,-3.1861993452905537,0.0007082466647754763,0.03398904068880853
0.0024,-0.0043,-3.2221717288286924,0.0007854001453578012,0.03349166423735732
0.0025,-0.0043,-3.258027759930529,0.0007962157176515505,0.03303770634362104
0.0026000000000000003,-0.0043,-3.287867772984635,0.0008495125663987115,0.03243488387765472
0.0027,-0.0043,-3.3189750873877375,0.0008934966030972988,0.03182932527888832
0.0028,-0.0043,-3.3536678325380906,0.0009600882206281452,0.030991932370855197
0.0029,-0.0043,-3.3860087786409565,0.00096001680582192,0.0301451716170485
0.003,-0.0043,-3.418598737853631,0.0010073508954897628,0.029266814178820558
0.0031,-0.0043,-3.450163016756469,0.0010774486484431735,0.02833268856352771
0.0032,-0.0043,-3.482046162811467,0.0011187951858587922,0.027181707907760436
0.0033000000000000004,-0.0043,-3.5134895712532943,0.0012173719116687133,0.026130520089287724
0.0034,-0.0043,-3.5432063214013434,0.0012685759004191354,0.024961256347559274
0.0034999999999999996,-0.0043,-3.5730240225350505,0.0013086400598832171,0.023773958373794993
0.0036,-0.0043,-3.600070264504032,0.001358877287037639,0.022650565692609526
0.0037,-0.0043,-3.627405766008766,0.001408728573209302,0.021419249568967565
0.0038,-0.0043,-3.6537592159417165,0.0014383488722111534,0.020158380608102468
0.0039,-0.0043,-3.6788952946810136,0.001480663459964645,0.018942114929734164
0.004,-0.0043,-3.7013693755682673,0.001475726117513984,0.0176563614023109
0.0041,-0.0043,-3.724226393564715,0.001520360921980226,0.01644519888595273
0.0042,-0.0043,-3.7456931349855256,0.001570233312377041,0.015158936232700357
0.0043,-0.0043,-3.76545725285711,0.0015498612302096715,0.013944086942952598
0.0044,-0.0043,-3.7832470299971583,0.0014701283283695425,0.012737174444230831
0.0045,-0.0043,-3.802439905727621,0.0014082048729946374,0.011460924590782882
0.0046,-0.0043,-3.817498503323905,0.001493401966264951,0.010300062393574642
0.0047,-0.0043,-3.8313111168959884,0.0013841948762080961,0.009081995905479496
0.0048,-0.0043,-3.8448154506801044,0.0014314530954674456,0.007952030613938567
0.0049,-0.0043,-3.8596772759493727,0.001396940241653329,0.006757413922747373
0.005,-0.0043,-3.873019560908989,0.001238154278354817,0.005582899509642053
0.0051,-0.0043,-3.8849109499627126,0.00124686353627539,0.004502715574411657
0.005200000000000001,-0.0043,-3.889754838170725,0.0012215123805039115,0.0032933382016167947
0.0053,-0.0043,-3.9025837564272248,0.0011351724111734426,0.0021638335188559113
0.0054,-0.0043,-3.9073508133063153,0.001251410125910453,0.0009628216102171409
0.0055,-0.0043,-3.9161409314185756,0.0009066772373808954,-6.347662937618119e-05
0.0056,-0.0043,-3.918915916157017,0.0009255138482227012,-0.0012987084636997778
0.005700000000000001,-0.0043,-3.9241325076959717,0.0008906062616040972,-0.002279880873346918
0.0058,-0.0043,-3.9243136896100257,0.0007055418660547472,-0.003390870578959447
0.0059,-0.0043,-3.9316775828998063,0.0005091383469168168,-0.004499206039394731
0.006,-0.0043,-3.929139281401645,0.0004941560180368881,-0.005665438678617982
0.0061,-0.0043,-3.926114302493403,0.00032508251706105784,-0.0067225883966081056
0.0062,-0.0043,-3.924321979282935,5.7307957795445405e-05,-0.007829729189765938
0.0063,-0.0043,-3.9222664112461647,-0.00021375536662907697,-0.008971174068315766
0.0064,-0.0043,-3.9106379340855093,-0.00040128010738165327,-0.010047116836687254
0.006499999999999999,-0.0043,-3.9070720650329642,-0.0006660330060486096,-0.011233858841756286
0.006600000000000001,-0.0043,-3.897488660686777,-0.0009635280997050511,-0.012394192630957339
0.0067,-0.0043,-3.890254829858567,-0.0012226150640559982,-0.013563181296232324
0.0068,-0.0043,-3.8786425362153314,-0.001610889492092696,-0.01467586933990576
0.0069,-0.0043,-3.8656760742775997,-0.0020509442938542485,-0.01593485811309476
0.006999999999999999,-0.0043,-3.84967645163151,-0.00243951752404531,-0.01710536283382259
0.007100000000000001,-0.0043,-3.8356004035489524,-0.0028423537789753566,-0.018336444652801504
0.0072,-0.0043,-3.819064336740738,-0.003393563870365049,-0.01973007888115542
0.0073,-0.0043,-3.8034077160917894,-0.003968760745717075,-0.02117554036611513
0.0074,-0.0043,-3.783330764850923,-0.00464131117558611,-0.02267561023534489
0.0075,-0.0043,-3.761615728311011,-0.005334401527324295,-0.024250860930413017
0.0076,-0.0043,-3.7400611642686794,-0.006072203731140702,-0.02598824106838131
0.0077,-0.0043,-3.710756471692593,-0.006784247671496314,-0.027850976874953567
0.0078,-0.0043,-3.6852241071923566,-0.007627901602293971,-0.029864748359296086
0.0079,-0.0043,-3.657294802768709,-0.008467406130890682,-0.0320228021550538
0.008,-0.0043,-3.627026951926342,-0.009347660507734374,-0.03446062925814378
0.0081,-0.0043,-3.5968329576016913,-0.010165840424726028,-0.03693537848377692
0.0082,-0.0043,-3.5649111138574177,-0.0110649078520205,-0.039604872840674835
0.0083,-0.0043,-3.5241170297465656,-0.011894607182916442,-0.04231164287088114
0.0084,-0.0043,-3.493168101823131,-0.012466340752931827,-0.04518850830558141
0.0085,-0.0043,-3.446682859244746,-0.013188846439507238,-0.04796531053660862
0.0086,-0.0043,-3.4287873247083005,-0.01379275357849328,-0.05076031012583431
0.0087,-0.0043,-3.3267167461452245,-0.013956103823032258,-0.0529601219930317
0.0088,-0.0043,-3.2334171571094634,-0.013474451673619492,-0.05475322312020604
0.0089,-0.0043,-3.285399941575521,-0.013494957966621035,-0.05467272493623268
0.009,-0.0043,-3.2494530186744397,-0.012892075263017961,-0.0545183405341509
0.0091,-0.0043,-3.1405085085916293,-0.012402867791356445,-0.05425749322471112
0.0092,-0.0043,-3.14683848842261,-0.010951470154051362,-0.0522524461472111
0.0093,-0.0043,-3.1591514157092964,-0.008751050929067113,-0.05021117675688772
0.0094,-0.0043,-3.1298058917156237,-0.007155516621797673,-0.044698593796827765
0.0095,-0.0043,-3.1188961858724307,-0.0056180975374604675,-0.03891030291865158
0.0096,-0.0043,-3.114131620879851,-0.003846524589405032,-0.031471958839470675
0.0097,-0.0043,-3.1118038349689647,-0.002360358766964428,-0.0241031811577145
0.0098,-0.0043,-3.115150166904156,-0.0011793275703298749,-0.015617274230538797
0.0099,-0.0043,-3.117073978540465,-0.0004007999180260331,-0.007723342433263662
0.01,-0.0043,-3.1180793346818683,0.0,0.0
0.0,-0.0042,-2.8962783929928917,0.0,0.0
0.0001,-0.0042,-2.8952063956997125,6.484058914695008e-05,0.004648237429174445
0.0002,-0.0042,-2.8931920182653474,0.00021972725916843069,0.00890057620361905
0.0003,-0.0042,-2.8928177582266104,0.0003712048835311151,0.012758799737091583
0.0004,-0.0042,-2.8919666929275936,0.0005573334787462296,0.016222582242479338
0.0005,-0.0042,-2.8937435974469974,0.0007487352083298025,0.019067218668120542
0.0006,-0.0042,-2.8960184166893517,0.0009170945147351569,0.02172286104963688
0.0007,-0.0042,-2.899723802001442,0.0010637308998877185,0.02392470992589908
0.0008,-0.0042,-2.9057831887011374,0.0012094308881745088,0.02590129458752328
0.0009,-0.0042,-2.9129415856322405,0.0013121301210139117,0.027448838808025667
0.001,-0.0042,-2.9225271025511494,0.0013481099568340802,0.028891843163727934
0.0011,-0.0042,-2.933709335903922,0.0013934605188724442,0.03001347446388984
0.0012,-0.0042,-2.946097643329826,0.0014467082669388188,0.031001966896182467
0.0013000000000000002,-0.0042,-2.960314066886536,0.0014655966845595254,0.03177980905313269
0.0014,-0.0042,-2.976972459383872,0.0014715742554611189,0.032634502587653
0.0015,-0.0042,-2.9986724376560607,0.001546944038971789,0.033187005206848835
0.0016,-0.0042,-3.0206691661286973,0.0015248050427385336,0.03364447687858686
0.0017,-0.0042,-3.0498693783750057,0.0014456205025976687,0.034374167993804806
0.0018,-0.0042,-3.0572905722491592,0.001388520311465532,0.03453915468513942
0.0019,-0.0042,-3.0592022745901595,0.0014035048743981733,0.03434829682933615
0.002,-0.0042,-3.1104622852239756,0.001520124596443534,0.034090739778842916
0.0021,-0.0042,-3.1425524576174126,0.0017599900691726907,0.034092291973747794
0.0022,-0.0042,-3.1655059671553585,0.001632543136716272,0.03395828056255023
0.0023,-0.0042,-3.200521056228796,0.001612023893676417,0.033946866354477995
0.0024,-0.0042,-3.2289399625317667,0.0017159970590100119,0.03354047271336342
0.0025,-0.0042,-3.256339175069497,0.0018265469837896306,0.0329840855227902
0.0026000000000000003,-0.0042,-3.288747107180435,0.001902203769187512,0.032405837456717795
0.0027,-0.0042,-3.3220221510407093,0.0019393772931891142,0.031802237349245525
0.0028,-0.0042,-3.3551101805764834,0.0020224539426139786,0.031000989406227666
0.0029,-0.0042,-3.385529011874554,0.002147657296422441,0.030099926723649917
0.003,-0.0042,-3.418141747914901,0.002197988264739126,0.029193309917657725
0.0031,-0.0042,-3.4505406893909085,0.0022305032147409845,0.02820406798069678
0.0032,-0.0042,-3.481846524573547,0.002365890944989313,0.027154200005658654
0.0033000000000000004,-0.0042,-3.512257206668391,0.002436331615027475,0.02606546285584039
0.0034,-0.0042,-3.542104096542081,0.00249088179841789,0.02494385668712361
0.0034999999999999996,-0.0042,-3.572193748272696,0.002551518073657315,0.023760972219803424
0.0036,-0.0042,-3.6001458116395764,0.0026243641797143655,0.02258448445903099
0.0037,-0.0042,-3.627258499915795,0.0026646986566164583,0.021322330240337445
0.0038,-0.0042,-3.6527177039439267,0.0027361159339257643,0.020135596112408907
0.0039,-0.0042,-3.6773646992915836,0.002754979816583878,0.018871049830982117
0.004,-0.0042,-3.701398357265262,0.0028321038072805596,0.01761661799585516
0.0041,-0.0042,-3.7237177765542904,0.002869320473747169,0.01638239215998156
0.0042,-0.0042,-3.7438017138873754,0.0028709807681674793,0.015155246668798264
0.0043,-0.0042,-3.7641729897511946,0.0028860172232917074,0.013925359885632838
0.0044,-0.0042,-3.783478355072938,0.0028074151050279123,0.012716670963002746
0.0045,-0.0042,-3.7999398366750112,0.0029060243892894315,0.011452131235611743
0.0046,-0.0042,-3.818726874861908,0.0028606512136099367,0.01028126631094828
0.0047,-0.0042,-3.832663556770217,0.002876733106286554,0.009113118696633884
0.0048,-0.0042,-3.8451245494435886,0.0028350906621486824,0.007884862291467553
0.0049,-0.0042,-3.8575487137231455,0.002917575171245491,0.006785520964462094
0.005,-0.0042,-3.8740645521799033,0.0026916323578308234,0.005651790377926981
0.0051,-0.0042,-3.8810049484943985,0.00281540079365029,0.0045607366621523
0.005200000000000001,-0.0042,-3.8907964568513482,0.002654567430548334,0.003340616192169805
0.0053,-0.0042,-3.9006014253091603,0.002570210349976849,0.002319185927981437
0.0054,-0.0042,-3.9077536035631226,0.0026182393880329457,0.0010442105074187538
0.0055,-0.0042,-3.9142956327066267,0.002563831209807347,0.00020519133757655253
0.0056,-0.0042,-3.920223064539862,0.0024382642211168352,-0.0009876036247728488
0.005700000000000001,-0.0042,-3.921679017931401,0.0022721321103985684,-0.002260326733561823
0.0058,-0.0042,-3.926393003130456,0.002153526512954675,-0.0032799457971595504
0.0059,-0.0042,-3.9292375722559143,0.0020973465611651677,-0.004342506815806189
0.006,-0.0042,-3.925095216400508,0.0019047500043977113,-0.0054575015337061765
0.0061,-0.0042,-3.9259376176972394,0.0018511056597175308,-0.006546203543916685
0.0062,-0.0042,-3.923406768573357,0.0015452162396177227,-0.007693398935332357
0.0063,-0.0042,-3.9193346396690125,0.0014490841396117508,-0.008774853946266334
0.0064,-0.0042,-3.909073682494641,0.0012479092682662909,-0.009872368790208214
0.006499999999999999,-0.0042,-3.9073659313300197,0.0009408648940572496,-0.010925278383104323
0.006600000000000001,-0.0042,-3.8955849746137257,0.0006450324585733007,-0.01197619616436141
0.0067,-0.0042,-3.889050213991016,0.00029400398013532775,-0.013073275526253498
0.0068,-0.0042,-3.8776223985437,-7.630076452794337e-05,-0.014334996537506379
0.0069,-0.0042,-3.8635610170080934,-0.0004349431748589523,-0.015432585789125597
0.006999999999999999,-0.0042,-3.8481318474221293,-0.000821144123066182,-0.016646199859038167
0.007100000000000001,-0.0042,-3.8350652938984044,-0.0013398110178857105,-0.017925031517272406
0.0072,-0.0042,-3.8219237397975627,-0.0018963841786081765,-0.01913574356867787
0.0073,-0.0042,-3.8043748924163023,-0.0024909123464709345,-0.020568960995303212
0.0074,-0.0042,-3.785702083021923,-0.003063066834599155,-0.021985273072557418
0.0075,-0.0042,-3.765350780568532,-0.003805364815102483,-0.023549075433136085
0.0076,-0.0042,-3.744542348724129,-0.0045479145765516815,-0.02525770961420842
0.0077,-0.0042,-3.7197669000770444,-0.00526398900346396,-0.02701135257282405
0.0078,-0.0042,-3.692579230390179,-0.006159322040855028,-0.028996046913879588
0.0079,-0.0042,-3.668023837581467,-0.007054586353109077,-0.031203743407223795
0.008,-0.0042,-3.638465766554809,-0.007935322652425377,-0.033605654591868254
0.0081,-0.0042,-3.6062716813242894,-0.008844751493423914,-0.036114304260485196
0.0082,-0.0042,-3.5763288188570392,-0.009775381992407767,-0.038804439687446034
0.0083,-0.0042,-3.5383284904559638,-0.010716227502147272,-0.04153291644091389
0.0084,-0.0042,-3.5003583217525454,-0.011436204044816939,-0.0444999968687183
0.0085,-0.0042,-3.452762769064151,-0.012087059165705676,-0.0474957112136804
0.0086,-0.0042,-3.4043491274861566,-0.01260417406546683,-0.05028307650827588
0.0087,-0.0042,-3.413104066918135,-0.012884512081350103,-0.05223733791723692
0.0088,-0.0042,-3.417288042519593,-0.012932345741092763,-0.053282385889731915
0.0089,-0.0042,-3.352646175106907,-0.013603776460108198,-0.055474397695641345
0.009,-0.0042,-3.249017260325817,-0.011698798740012045,-0.05621540326623971
0.0091,-0.0042,-3.402123817781169,-0.011572695212671322,-0.053509685452874614
0.0092,-0.0042,-3.228024889463297,-0.009881697061741811,-0.053374718436373494
0.0093,-0.0042,-3.120709681811553,-0.00942580792866548,-0.05067004181365862
0.0094,-0.0042,-3.1547619082008276,-0.007864813748484386,-0.04617812048985815
0.0095,-0.0042,-3.130950163300486,-0.005597343652209593,-0.040498620516385864
0.0096,-0.0042,-3.1267698209239216,-0.0039047288249905304,-0.033276598272019724
0.0097,-0.0042,-3.125148697066778,-0.0023915866563820076,-0.024816495400109346
0.0098,-0.0042,-3.125099680045926,-0.001217196753603048,-0.017025648999241746
0.0099,-0.0042,-3.129647439129845,-0.0003941739416824207,-0.00804178433459853
0.01,-0.0042,-3.1299672798905753,0.0,0.0
0.0,-0.0041,-2.900410610488448,0.0,0.0
0.0001,-0.0041,-2.900581212185648,8.20197473850558e-05,0.004590564304884306
0.0002,-0.0041,-2.898779962205544,0.00023267888764453293,0.008812606286621338
0.0003,-0.0041,-2.8972270968339644,0.0004382297387198392,0.012499835041440206
0.0004,-0.0041,-2.8970239195105756,0.0006506953913533426,0.0158816940803676
0.0005,-0.0041,-2.8973327491888337,0.0008958462865811357,0.019033660733025908
0.0006,-0.0041,-2.899170957034705,0.001126471795791865,0.02149480391011976
0.0007,-0.0041,-2.9034150709039372,0.0012729347174624311,0.023733207867318414
0.0008,-0.0041,-2.908819035051847,0.0014327485156320312,0.02572050295846767
0.0009,-0.0041,-2.9160164696483633,0.0015845369716728987,0.02730526685632564
0.001,-0.0041,-2.9247491685134728,0.0017068347425854107,0.028811789679712176
0.0011,-0.0041,-2.936420902129794,0.001789573015373304,0.02991975116008776
0.0012,-0.0041,-2.948153912628144,0.0019304294203473947,0.030879357764833172
0.0013000000000000002,-0.0041,-2.963222418220388,0.001963898840923407,0.03177862753151577
0.0014,-0.0041,-2.98015769694959,0.0020363805701110196,0.03252531098673816
0.0015,-0.0041,-3.000416829225238,0.002209105950276282,0.0331121125900476
0.0016,-0.0041,-3.0293505448428073,0.0023902261593692835,0.03351016167664497
0.0017,-0.0041,-3.0612511636164155,0.0019571383576871128,0.03375005415913353
0.0018,-0.0041,-3.0862598212582646,0.002491075513785353,0.033896023750105975
0.0019,-0.0041,-3.1001132688018243,0.0020787640601553923,0.03403231409375076
0.002,-0.0041,-3.1423610009748777,0.002144587459471147,0.03420060000174107
0.0021,-0.0041,-3.1321004824693643,0.002535162758247618,0.03437334555714146
0.0022,-0.0041,-3.1621695476115796,0.0026694813487409836,0.034151493701974754
0.0023,-0.0041,-3.2029384192202244,0.002587393477791,0.03363711778336819
0.0024,-0.0041,-3.2287275396676294,0.0027364307835438893,0.03328262327446186
0.0025,-0.0041,-3.256799953492297,0.002810035170567784,0.032862506543558274
0.0026000000000000003,-0.0041,-3.2887784971462204,0.002959467889923186,0.03222773401241507
0.0027,-0.0041,-3.3227529540544745,0.003066048585828499,0.03155406840810498
0.0028,-0.0041,-3.35225850435213,0.0031426505290338153,0.030824643429843115
0.0029,-0.0041,-3.384298825250837,0.0032564387456884628,0.0300017923403142
0.003,-0.0041,-3.416684827423387,0.003314537994472154,0.029054430742324774
0.0031,-0.0041,-3.4484423088806815,0.0034675239329968674,0.028152391507895315
0.0032,-0.0041,-3.4797927658063257,0.0035241363190881407,0.02706742443596751
0.0033000000000000004,-0.0041,-3.5101941383243718,0.0035984955539271456,0.0259832225060392
0.0034,-0.0041,-3.5403848487606018,0.003707434788595882,0.024820744523855923
0.0034999999999999996,-0.0041,-3.5688479080581246,0.00380373850530259,0.023652650266989653
0.0036,-0.0041,-3.5972732300244656,0.003887866712835058,0.022515034495595138
0.0037,-0.0041,-3.623722067534348,0.003949141462706239,0.02129016976522527
0.0038,-0.0041,-3.6499952457474034,0.00400805110854456,0.020047993311511057
0.0039,-0.0041,-3.6750011560557287,0.004073660434385929,0.018847843798581277
0.004,-0.0041,-3.6985682597356613,0.00412700305218808,0.017562691061650662
0.0041,-0.0041,-3.7210543202875326,0.0041678919333977054,0.01636137150891933
0.0042,-0.0041,-3.741801576732139,0.004146884234104579,0.015142594353275002
0.0043,-0.0041,-3.7610483904696252,0.004225174056992413,0.013899753517861456
0.0044,-0.0041,-3.780346542769311,0.004205425210419303,0.012714387801437063
0.0045,-0.0041,-3.7973733221814587,0.004251242932853521,0.011472434978704598
0.0046,-0.0041,-3.8132604155457215,0.004303093091741994,0.010282732988933624
0.0047,-0.0041,-3.830386674165721,0.004272087239749831,0.00910290453608633
0.0048,-0.0041,-3.8420358770357788,0.004204726554317535,0.007979592177365684
0.0049,-0.0041,-3.8554403282102943,0.00425482705436684,0.0067375142311591725
0.005,-0.0041,-3.8680855023758083,0.004183563893180369,0.005682465791918064
0.0051,-0.0041,-3.880867642437022,0.004178248898776409,0.004557871933242737
0.005200000000000001,-0.0041,-3.8918652237390776,0.004190533059840518,0.0034316737514979816
0.0053,-0.0041,-3.8988471870068615,0.004163398579838869,0.002276452809299339
0.0054,-0.0041,-3.90583781637128,0.003966173780826076,0.0011884698664746493
0.0055,-0.0041,-3.911148920889841,0.004056467329347894,-3.667566388859331e-06
0.0056,-0.0041,-3.9124433212047727,0.00382711062684455,-0.0011600980910848203
0.005700000000000001,-0.0041,-3.9164060951701254,0.003730696515391055,-0.0020893439937104247
0.0058,-0.0041,-3.9223995019178703,0.0037055471229083072,-0.003148720134832066
0.0059,-0.0041,-3.92023119233582,0.0036245447648950743,-0.004236599939775114
0.006,-0.0041,-3.9204457601142946,0.0035085899727988184,-0.005331142888293322
0.0061,-0.0041,-3.920996347270004,0.003330259002279906,-0.006396403647919807
0.0062,-0.0041,-3.9154924133302638,0.0030758079086497456,-0.0074974974718560045
0.0063,-0.0041,-3.911789902322555,0.003036886414326302,-0.008531779090947723
0.0064,-0.0041,-3.9063776259169978,0.0027837363026011483,-0.00960204442245656
0.006499999999999999,-0.0041,-3.898254230786742,0.002403217328632034,-0.010620872960700443
0.006600000000000001,-0.0041,-3.8930792414130453,0.0021436389179060335,-0.011696953732659027
0.0067,-0.0041,-3.8837145350288678,0.0018569141539157355,-0.012855081857262602
0.0068,-0.0041,-3.87204662433341,0.0014560113836291529,-0.013919835866536046
0.0069,-0.0041,-3.862553278676995,0.0011137646496704866,-0.01512812827535349
0.006999999999999999,-0.0041,-3.849173722504941,0.0006755570561514466,-0.016183702885963748
0.007100000000000001,-0.0041,-3.8327251125041157,0.00020299869247295248,-0.01738944609122252
0.0072,-0.0041,-3.8170971647742173,-0.00032064876368525526,-0.018721091835643158
0.0073,-0.0041,-3.8027866057803235,-0.0008900489960033166,-0.020055822144127627
0.0074,-0.0041,-3.784748625267073,-0.0015559950529706948,-0.02131395622087939
0.0075,-0.0041,-3.7648076897721707,-0.0022258726920630317,-0.02283725808663283
0.0076,-0.0041,-3.7439195897612327,-0.0030470295962860515,-0.02447419775905855
0.0077,-0.0041,-3.7206800554998325,-0.003844877667362703,-0.02623184870654721
0.0078,-0.0041,-3.7009608502955094,-0.004699902667716389,-0.02816497794418036
0.0079,-0.0041,-3.6730910504165024,-0.005629307694518877,-0.030272030437482528
0.008,-0.0041,-3.647770220442586,-0.006550407213608407,-0.03268515019778888
0.0081,-0.0041,-3.6163919600797945,-0.007520554354465386,-0.03506390017670813
0.0082,-0.0041,-3.585452883006918,-0.008460011077805024,-0.037807242640809875
0.0083,-0.0041,-3.554535958138515,-0.009412338266677426,-0.040731052506826265
0.0084,-0.0041,-3.516395756984201,-0.010286172679104604,-0.043701821107449884
0.0085,-0.0041,-3.4933074070166104,-0.010912266102903433,-0.04671206977983247
0.0086,-0.0041,-3.466382058713934,-0.011831848958008411,-0.04984468246422298
0.0087,-0.0041,-3.4227914741735526,-0.012547283883529972,-0.052807309811720216
0.0088,-0.0041,-3.4072064908624915,-0.012658925551724355,-0.05552366135230668
0.0089,-0.0041,-3.409395407992808,-0.01244447973023846,-0.056533638105938755
0.009,-0.0041,-3.236737916930782,-0.012445900470578048,-0.057547864132100515
0.0091,-0.0041,-3.333994554729764,-0.011730308834355574,-0.0571354836958301
0.0092,-0.0041,-3.213394468836771,-0.010038794259485435,-0.05735544142168533
0.0093,-0.0041,-3.259926227776392,-0.008468113273822898,-0.052970369555482004
0.0094,-0.0041,-3.1766834420298697,-0.007514049766153378,-0.04817161776217398
0.0095,-0.0041,-3.150904192431984,-0.005645916014499731,-0.04226822452461373
0.0096,-0.0041,-3.1359583655114465,-0.003990512840425626,-0.0348817607129683
0.0097,-0.0041,-3.135458002546972,-0.002426287137513468,-0.026462569537641135
0.0098,-0.0041,-3.136587770630404,-0.0012070064136649303,-0.017640261261958137
0.0099,-0.0041,-3.1391439096083347,-0.0004024141802996137,-0.00889165841932251
0.01,-0.0041,-3.138122155897914,0.0,0.0
0.0,-0.004,-2.9044411047650076,0.0,0.0
0.0001,-0.004,-2.905181448286665,9.019776209575485e-05,0.004455375265103158
0.0002,-0.004,-2.902888819742306,0.00026025255129845886,0.00858149869440496
0.0003,-0.004,-2.900826194544497,0.00046368582071530575,0.01226452532334834
0.0004,-0.004,-2.9002782108305025,0.0007316972497326337,0.015764607410885572
0.0005,-0.004,-2.900448137662602,0.001010040593544613,0.01874725079188277
0.0006,-0.004,-2.903311360461688,0.0012755495478413003,0.021203475009519867
0.0007,-0.004,-2.906985619720506,0.0015378775191491575,0.0236250214542459
0.0008,-0.004,-2.911327269647658,0.001709059195918255,0.025596312018527474
0.0009,-0.004,-2.9189036201063803,0.0018731316625387043,0.027292413933100515
0.001,-0.004,-2.927648421508644,0.002076704931584322,0.028512617958620274
0.0011,-0.004,-2.9380397380705,0.002230039107142799,0.02981415462980302
0.0012,-0.004,-2.950822123822385,0.002349131313964076,0.030869932839809246
0.0013000000000000002,-0.004,-2.9646221411757483,0.0024455347479890293,0.031717515555533385
0.0014,-0.004,-2.978564067355372,0.0025983867185817816,0.03241805447177764
0.0015,-0.004,-2.9955478927954715,0.0026947027673890054,0.032968283564726766
0.0016,-0.004,-3.0094631579173714,0.002728720613591952,0.033325594661809364
0.0017,-0.004,-3.0304058450284344,0.00283638248340079,0.03369204822220683
0.0018,-0.004,-3.0513475591037627,0.0029624104780627825,0.03418720687248533
0.0019,-0.004,-3.092234379009515,0.003218274862371834,0.0339727861608203
0.002,-0.004,-3.1245122503359517,0.0033398272059528764,0.03424370015990121
0.0021,-0.004,-3.1533183114480323,0.0031395998794842336,0.033910771865775145
0.0022,-0.004,-3.1673816539203496,0.0033287052205261433,0.034010745675435335
0.0023,-0.004,-3.179509675915085,0.003583341214248155,0.03375120616061957
0.0024,-0.004,-3.214709170015451,0.0037396106887807633,0.03328726653107146
0.0025,-0.004,-3.2514827566050593,0.0038463486655554643,0.03282383602236458
0.0026000000000000003,-0.004,-3.2861648713794143,0.003986012057146448,0.03219316957263945
0.0027,-0.004,-3.3172787843082343,0.004114214607942347,0.03150247609692052
0.0028,-0.004,-3.348734525686662,0.004226073848446731,0.030678000898022046
0.0029,-0.004,-3.3815228739712118,0.0043508884063900915,0.029930799084686373
0.003,-0.004,-3.4133788778574354,0.004496240378148823,0.028944102241545512
0.0031,-0.004,-3.4448733509030323,0.0045918773382358485,0.027956307314137403
0.0032,-0.004,-3.476052520742804,0.004695761566844267,0.02698204779184133
0.0033000000000000004,-0.004,-3.5056760268848093,0.004847757646738746,0.02585888266513317
0.0034,-0.004,-3.5359889134424742,0.004938748609669599,0.02476954614553139
0.0034999999999999996,-0.004,-3.564556655589832,0.005022698157458177,0.023593672197122103
0.0036,-0.004,-3.591873347869693,0.005109256600537511,0.02241436569718988
0.0037,-0.004,-3.6202206036126343,0.005186272148752168,0.021197105287719356
0.0038,-0.004,-3.645109349708513,0.0052639394071591255,0.019968685281258194
0.0039,-0.004,-3.670922780023766,0.005362506755785833,0.01874448544219309
0.004,-0.004,-3.6934302720421206,0.005397034550626727,0.01757200519049211
0.0041,-0.004,-3.7165407056501976,0.005456759493478062,0.016299010316667913
0.0042,-0.004,-3.7379304447929846,0.005512284880470618,0.0150960126541274
0.0043,-0.004,-3.758267868927546,0.005557349085473697,0.013895893476822564
0.0044,-0.004,-3.7769181457660825,0.005562366329091835,0.012654388259176792
0.0045,-0.004,-3.794602532556651,0.005615050645817016,0.011521222240677937
0.0046,-0.004,-3.81003342965743,0.0055786318123637185,0.010311141220620677
0.0047,-0.004,-3.8246191119604194,0.005675024482710789,0.009143031411011629
0.0048,-0.004,-3.8404466485850204,0.0055844087412541404,0.007987408541364746
0.0049,-0.004,-3.8516967969019325,0.005623591028547616,0.006811767115133392
0.005,-0.004,-3.864582572349346,0.0056625793950683,0.0057407657603232055
0.0051,-0.004,-3.87489721401993,0.005591699913328878,0.004620559870782305
0.005200000000000001,-0.004,-3.882310209104337,0.005632178753483208,0.003535147540437072
0.0053,-0.004,-3.8886275142551616,0.005586762133071088,0.0022669359617240406
0.0054,-0.004,-3.9020936387693164,0.005309948349312679,0.0011591187210130954
0.0055,-0.004,-3.9137771286382854,0.00553742134030997,0.00020348617662998387
0.0056,-0.004,-3.9091327236038236,0.005555615862684939,-0.0008122458844039015
0.005700000000000001,-0.004,-3.910359214268911,0.005106493971766105,-0.0019713455610546322
0.0058,-0.004,-3.9142505123461615,0.005150950864350209,-0.0030181991130640747
0.0059,-0.004,-3.913187870769235,0.005052800942835527,-0.004103633215328718
0.006,-0.004,-3.9120130278253704,0.005036227741584627,-0.005196538102778043
0.0061,-0.004,-3.9076511194335937,0.004871601711878447,-0.00621368389840418
0.0062,-0.004,-3.9083773445402272,0.004646887485438822,-0.007285574194936176
0.0063,-0.004,-3.901844815989032,0.004354517117151244,-0.008280829501016981
0.0064,-0.004,-3.895463635342471,0.004215343202883621,-0.009437819387097488
0.006499999999999999,-0.004,-3.8874821243649413,0.003966981090327858,-0.010575205267892344
0.006600000000000001,-0.004,-3.8786271915317747,0.00373221762363195,-0.011540262853918523
0.0067,-0.004,-3.874574928340902,0.0034182526732598724,-0.01255759040388249
0.0068,-0.004,-3.864450680144912,0.0029549439673581847,-0.013633106676447453
0.0069,-0.004,-3.853561479621455,0.0026737736226525102,-0.01460857562079576
0.006999999999999999,-0.004,-3.838664785210489,0.0021839474368933903,-0.01576626478281279
0.007100000000000001,-0.004,-3.8249540753274083,0.0017062148240613196,-0.016813322030966454
0.0072,-0.004,-3.8116600342314437,0.001182916108443746,-0.01802686516686727
0.0073,-0.004,-3.7985158671841743,0.0005742415044483832,-0.019408837597733868
0.0074,-0.004,-3.7795956991960535,-4.117407947138926e-05,-0.020621809655118024
0.0075,-0.004,-3.763261491749808,-0.0007558976919991794,-0.022098548408871346
0.0076,-0.004,-3.7430507401696804,-0.001559208500414722,-0.02366206260853054
0.0077,-0.004,-3.7219870182046724,-0.002383253639674694,-0.025420080335836773
0.0078,-0.004,-3.6991312363424504,-0.003223662013165439,-0.027293135423743415
0.0079,-0.004,-3.6775830571801893,-0.0041580528380512445,-0.029360607564759167
0.008,-0.004,-3.6492421501661756,-0.005147779708861326,-0.031594821350500436
0.0081,-0.004,-3.622094225068185,-0.006175024376134353,-0.034119321883566915
0.0082,-0.004,-3.5928698300629374,-0.00718640203353113,-0.03682071893489427
0.0083,-0.004,-3.5589904590458947,-0.008196848267158078,-0.039767513409470295
0.0084,-0.004,-3.5287089708904333,-0.009204721574279469,-0.04279210523712261
0.0085,-0.004,-3.4946433912859414,-0.010087730140791291,-0.045995633431975644
0.0086,-0.004,-3.4585595166881795,-0.011061600763784101,-0.049154852771466265
0.0087,-0.004,-3.365010602879933,-0.011665607301642024,-0.0519594194700737
0.0088,-0.004,-3.302675493164434,-0.011681229503427912,-0.05472240757760652
0.0089,-0.004,-3.2530348406980627,-0.011561909241637887,-0.05597582620111875
0.009,-0.004,-3.3486056927212053,-0.011693492844544998,-0.057081956736999895
0.0091,-0.004,-3.239810605891354,-0.011578178086128968,-0.05857491212934462
0.0092,-0.004,-3.239612027155106,-0.009368543408574412,-0.05602676404549359
0.0093,-0.004,-3.1942332899307417,-0.007340066830972507,-0.054268783175425495
0.0094,-0.004,-3.1690928838035775,-0.0069937685633653145,-0.04940302966833773
0.0095,-0.004,-3.1580409851191598,-0.005545647760858204,-0.04393936528002865
0.0096,-0.004,-3.151212068895719,-0.004106918063400563,-0.03654595360652201
0.0097,-0.004,-3.1440568036780694,-0.002454863898416201,-0.028321197393841393
0.0098,-0.004,-3.1468369656324793,-0.0012423646229592132,-0.018743572404878183
0.0099,-0.004,-3.1477047754777177,-0.00044046541282439686,-0.009224704479797669
0.01,-0.004,-3.1450228270439085,0.0,0.0
0.0,-0.0039,-2.9079061774151325,0.0,0.0
0.0001,-0.0039,-2.9088931384798697,9.404891422273885e-05,0.004330618808104233
0.0002,-0.0039,-2.90655922167629,0.00026750151267254744,0.008365041603062808
0.0003,-0.0039,-2.903566837060119,0.0005021902528122805,0.012070114152483692
0.0004,-0.0039,-2.9030649361743803,0.0008015030028759144,0.015344722568973256
0.0005,-0.0039,-2.903500504601616,0.0010723357553943777,0.018491993123976005
0.0006,-0.0039,-2.905138144857093,0.0013727865600803874,0.020873758962785944
0.0007,-0.0039,-2.909186902842173,0.0016956901783814393,0.02327089786318682
0.0008,-0.0039,-2.9137400762737378,0.0019527710374265983,0.025290260241175103
0.0009,-0.0039,-2.920870511903568,0.0021910701050331344,0.027041804992755367
0.001,-0.0039,-2.9291623258655366,0.0024099678841301452,0.02835029376966043
0.0011,-0.0039,-2.9384495807210502,0.002635319896821954,0.02974992725759278
0.0012,-0.0039,-2.950551973543215,0.002813066183057235,0.030674024867419148
0.0013000000000000002,-0.0039,-2.964557266069545,0.002951676294778765,0.03154473813922325
0.0014,-0.0039,-2.9803809193477404,0.0031003438196376023,0.03229886341257591
0.0015,-0.0039,-2.99568719957645,0.0032120959512915836,0.032902200388081025
0.0016,-0.0039,-3.014184069074937,0.003350624014941664,0.033452118525849374
0.0017,-0.0039,-3.0271181928222,0.0035813484465759063,0.03398519081906981
0.0018,-0.0039,-3.0545292298828457,0.003777849429428083,0.034033633657528366
0.0019,-0.0039,-3.085114595787643,0.003922304780352399,0.03395544238745141
0.002,-0.0039,-3.071927388021033,0.004021873440978161,0.03412446271996561
0.0021,-0.0039,-3.1217783001649986,0.004232142453209983,0.03377542510790046
0.0022,-0.0039,-3.167189966927902,0.004405889343528749,0.03370137824274189
0.0023,-0.0039,-3.208355991360943,0.0046070315955577925,0.03359564565898358
0.0024,-0.0039,-3.225027442063544,0.004655007319419184,0.033116562930036585
0.0025,-0.0039,-3.2554480012002296,0.004799892421316374,0.03264546272398471
0.0026000000000000003,-0.0039,-3.285796279069601,0.00495312913231212,0.032027618168635474
0.0027,-0.0039,-3.3130141743910744,0.0051059995962773885,0.031337852075088456
0.0028,-0.0039,-3.3447549414775546,0.005284546526381077,0.0305649697936722
0.0029,-0.0039,-3.376728174219585,0.005461698903098171,0.029736218301619627
0.003,-0.0039,-3.407915682699551,0.005577755720321005,0.028816479221071056
0.0031,-0.0039,-3.4393761596196613,0.005716855628558474,0.02788849146482067
0.0032,-0.0039,-3.4701512883549603,0.005920238990559661,0.026825476095020874
0.0033000000000000004,-0.0039,-3.500720848856648,0.006006870089195344,0.025791206658402285
0.0034,-0.0039,-3.5297251177658167,0.006156299136657032,0.024658154207810777
0.0034999999999999996,-0.0039,-3.5590683876270344,0.006222946203684981,0.023519048343715848
0.0036,-0.0039,-3.5867620526967285,0.0063408514655386265,0.022352689227693692
0.0037,-0.0039,-3.6139326574567012,0.006461624151654408,0.021134360876314998
0.0038,-0.0039,-3.6400515816281134,0.006565070966609062,0.019932267197834128
0.0039,-0.0039,-3.6645364556800524,0.006634053737853059,0.01865211517998988
0.004,-0.0039,-3.6873640399586876,0.006679706375464507,0.01749769554566624
0.0041,-0.0039,-3.71009396495374,0.006740779387858384,0.01627651024967645
0.0042,-0.0039,-3.7313121830791687,0.006794642154371804,0.01505680966809469
0.0043,-0.0039,-3.7503888906243894,0.006845150922574031,0.013843825904940241
0.0044,-0.0039,-3.769309691757447,0.006906480633366754,0.012615030378881948
0.0045,-0.0039,-3.7879638309550057,0.006912269582110314,0.011500881292771574
0.0046,-0.0039,-3.806274723946174,0.007002664274503637,0.010281003475439433
0.0047,-0.0039,-3.819603215137257,0.007021705541377216,0.009125695674076024
0.0048,-0.0039,-3.833470706146265,0.006960191546977242,0.007979481646587452
0.0049,-0.0039,-3.84568101435437,0.0069963452998314515,0.0068824370078194716
0.005,-0.0039,-3.858586955006022,0.0070215967515312675,0.005721943131016594
0.0051,-0.0039,-3.8676238868651467,0.00703516189549045,0.004570861107045191
0.005200000000000001,-0.0039,-3.8757590689879717,0.006992360507540101,0.003458406417505551
0.0053,-0.0039,-3.8834573670527357,0.007070186841436028,0.002426841391159021
0.0054,-0.0039,-3.889702961803601,0.006834630858237738,0.0013672901215792319
0.0055,-0.0039,-3.896129038461228,0.00680991006359035,0.0004039135333760439
0.0056,-0.0039,-3.895028836726306,0.007028542863230892,-0.0006635952698213328
0.005700000000000001,-0.0039,-3.895536017014521,0.006682539184175024,-0.001792559781953184
0.0058,-0.0039,-3.9019070737056136,0.00672578162690167,-0.002884903017083718
0.0059,-0.0039,-3.9016767515957365,0.006567752074762844,-0.004021549926482834
0.006,-0.0039,-3.9034780118103907,0.006493545194940874,-0.005067978625474145
0.0061,-0.0039,-3.899293447278089,0.006319785454063734,-0.006068533078909028
0.0062,-0.0039,-3.8900894236317702,0.006001043034978465,-0.007078599493515247
0.0063,-0.0039,-3.889958953528771,0.005954010709990851,-0.008102093317217493
0.0064,-0.0039,-3.882100388259106,0.005782726666612805,-0.009155650678099673
0.006499999999999999,-0.0039,-3.8777307662871654,0.005542119184412899,-0.010164406495645359
0.006600000000000001,-0.0039,-3.8709903657027813,0.0051782720485566555,-0.011282245469177606
0.0067,-0.0039,-3.861156039665949,0.004830034602471067,-0.012266500073896468
0.0068,-0.0039,-3.8511796428141825,0.004444252088103707,-0.013199216318073826
0.0069,-0.0039,-3.83953696446155,0.004096629536748219,-0.014249050060827773
0.006999999999999999,-0.0039,-3.8279903985726462,0.00368569097012349,-0.015312335326797238
0.007100000000000001,-0.0039,-3.8174827597152343,0.003233859841452521,-0.016410021447452097
0.0072,-0.0039,-3.8011882559162817,0.0026696339339581498,-0.017541305008910768
0.0073,-0.0039,-3.7853386804664684,0.002068000508841986,-0.018628303567781408
0.0074,-0.0039,-3.7727093830788063,0.0013996393998109576,-0.020004909769524303
0.0075,-0.0039,-3.7538059591398416,0.0007442282431056106,-0.021346106510149145
0.0076,-0.0039,-3.735960096502925,-0.0001328500538660564,-0.022868126883354246
0.0077,-0.0039,-3.715128561856471,-0.00097676658985433,-0.024530379686351654
0.0078,-0.0039,-3.6974518220275994,-0.0018324030795542835,-0.02635125164671929
0.0079,-0.0039,-3.6736623221774005,-0.0027090858722084348,-0.028378212128286152
0.008,-0.0039,-3.651146761540806,-0.0037910466420061108,-0.030626680855964462
0.0081,-0.0039,-3.6241715210890844,-0.004840462023626122,-0.03304932762748801
0.0082,-0.0039,-3.596411802604417,-0.005917319502676962,-0.03571420281323486
0.0083,-0.0039,-3.5673965256517697,-0.0069730176039974855,-0.03860686519853103
0.0084,-0.0039,-3.5377778164491414,-0.008031880747504966,-0.04176311160251445
0.0085,-0.0039,-3.497187682464,-0.009084500163198114,-0.04494681214217135
0.0086,-0.0039,-3.452944368424586,-0.009807179522944777,-0.048241736449832366
0.0087,-0.0039,-3.448165914854487,-0.010426300325305136,-0.05089975155962803
0.0088,-0.0039,-3.4291934037389247,-0.010987889231534551,-0.0531076083819571
0.0089,-0.0039,-3.3652564088513595,-0.011379592870417713,-0.05537768194526328
0.009,-0.0039,-3.2306511764954937,-0.011208793248244536,-0.057499058098741854
0.0091,-0.0039,-3.3611869287925704,-0.009938052256452235,-0.05939305515375522
0.0092,-0.0039,-3.3061568709082354,-0.009286395749534463,-0.05629448186558768
0.0093,-0.0039,-3.19184580033356,-0.00894336749150113,-0.05602183698398977
0.0094,-0.0039,-3.2104609377963063,-0.007329391284856573,-0.05138108511971121
0.0095,-0.0039,-3.1555222280356348,-0.005418221245135067,-0.04593238737004997
0.0096,-0.0039,-3.1553316409825536,-0.003956332241532611,-0.038154599773652396
0.0097,-0.0039,-3.1505274733783697,-0.002526820164385197,-0.029508596127496147
0.0098,-0.0039,-3.155983469225034,-0.0013225801001792864,-0.019789223450486514
0.0099,-0.0039,-3.1548190249466153,-0.0004516776859652924,-0.009842484563743233
0.01,-0.0039,-3.146208974631294,0.0,0.0
0.0,-0.0038,-2.9111295489810063,0.0,0.0
0.0001,-0.0038,-2.9090529874088062,9.966964540947948e-05,0.004208511815509442
0.0002,-0.0038,-2.907951540380601,0.00029317108473006807,0.008100638425528736
0.0003,-0.0038,-2.9055521438600387,0.0005510300592135051,0.011750239442954918
0.0004,-0.0038,-2.9057907824172973,0.0008326946257952696,0.015037191487976394
0.0005,-0.0038,-2.9049541967153227,0.0012060412241429747,0.017987091890893727
0.0006,-0.0038,-2.9065711038882327,0.0015248652785371367,0.020628020976339808
0.0007,-0.0038,-2.9100977177290246,0.001847370177296458,0.023013952935909156
0.0008,-0.0038,-2.914616225735827,0.002250549589947963,0.025015639986620722
0.0009,-0.0038,-2.920868839500034,0.0024769472109034706,0.026769295544542528
0.001,-0.0038,-2.9292396470409052,0.002754042261387901,0.028171205333730368
0.0011,-0.0038,-2.9386793085478184,0.0029780751946103844,0.029440959884625136
0.0012,-0.0038,-2.9510318339192043,0.0032265032369706973,0.030510181852167435
0.0013000000000000002,-0.0038,-2.964796211714371,0.003456577608524008,0.03137083261032142
0.0014,-0.0038,-2.9784067003309422,0.0036544277590513903,0.03214803233807744
0.0015,-0.0038,-2.9948834230396755,0.0037873249826018834,0.03276252348476726
0.0016,-0.0038,-3.0117658025152325,0.004015304727822432,0.03334358370894182
0.0017,-0.0038,-3.03656744771507,0.004429718317364027,0.03375793178201857
0.0018,-0.0038,-3.058993355099249,0.004445391077491069,0.03388306954241358
0.0019,-0.0038,-3.0817256502798918,0.004565368836147894,0.03391756753003932
0.002,-0.0038,-3.1088587896261175,0.00466690039896657,0.034187039345876545
0.0021,-0.0038,-3.1080663859101523,0.005035130195679661,0.03395893001174468
0.0022,-0.0038,-3.1433965519058082,0.005223362608827486,0.03373762117304482
0.0023,-0.0038,-3.1755309443364794,0.005503201145806444,0.033265970101530866
0.0024,-0.0038,-3.2186353434402437,0.005683412488287377,0.03295066537466033
0.0025,-0.0038,-3.24835679983486,0.00577778488326776,0.032428459103154623
0.0026000000000000003,-0.0038,-3.2745836369538157,0.005964052743791407,0.031825953447036016
0.0027,-0.0038,-3.3060016791585713,0.006183367448669294,0.031181675719854352
0.0028,-0.0038,-3.338541751894207,0.006412261264909264,0.03041165357487248
0.0029,-0.0038,-3.3697496970665335,0.006571733995920141,0.029582638421132845
0.003,-0.0038,-3.4008416675863855,0.006727270400212124,0.0287498872948065
0.0031,-0.0038,-3.431864468283532,0.006884911966937419,0.02773700093637976
0.0032,-0.0038,-3.4629405949584537,0.007036486578625151,0.026749986070241528
0.0033000000000000004,-0.0038,-3.4930575639674335,0.00721466833671576,0.025610719852262865
0.0034,-0.0038,-3.522233264224451,0.007324909088444871,0.02454512686545011
0.0034999999999999996,-0.0038,-3.551572320487417,0.0074396511785189134,0.023366439132669593
0.0036,-0.0038,-3.57912458242297,0.007570461517474432,0.02217939237486144
0.0037,-0.0038,-3.6061187319200316,0.007703844962405926,0.021058600280489927
0.0038,-0.0038,-3.631448843587357,0.007816318494884974,0.01983538232586258
0.0039,-0.0038,-3.6563092959317607,0.007886065452288976,0.01863890603448524
0.004,-0.0038,-3.6794834567211008,0.007976806274498448,0.017372908775233332
0.0041,-0.0038,-3.7027232312337777,0.008028142847472093,0.016180877691731183
0.0042,-0.0038,-3.7234294589098327,0.008108369993821005,0.015022377688058247
0.0043,-0.0038,-3.7450294928858026,0.008173910202540793,0.013784964353253427
0.0044,-0.0038,-3.762503587940554,0.008217154899452154,0.01255724733971788
0.0045,-0.0038,-3.780276913712922,0.008275766458881317,0.011408520591002972
0.0046,-0.0038,-3.795594424461464,0.008311938607685494,0.010215626910882927
0.0047,-0.0038,-3.810243281827868,0.00832684411650594,0.009088850634985877
0.0048,-0.0038,-3.8240378216682323,0.008392033575589103,0.007938459528133376
0.0049,-0.0038,-3.8385711913791916,0.008398804287321062,0.0067870522259040654
0.005,-0.0038,-3.847088902863518,0.008412735221798437,0.005700865075371573
0.0051,-0.0038,-3.8576155508938794,0.00837117433759481,0.004594019702343044
0.005200000000000001,-0.0038,-3.86539145099144,0.00834294212522362,0.003525087347828084
0.0053,-0.0038,-3.873548760243948,0.00832879957149711,0.0024519428298026003
0.0054,-0.0038,-3.8764350586426195,0.00831615171208185,0.0012908007367355154
0.0055,-0.0038,-3.885197887347252,0.008428602452232275,0.0001108285064502803
0.0056,-0.0038,-3.8838757075703487,0.008378960560888195,-0.0008289352437356204
0.005700000000000001,-0.0038,-3.886761184964688,0.008166062128330957,-0.0019322389443165427
0.0058,-0.0038,-3.893763282813867,0.008243680421365513,-0.0029844753766217974
0.0059,-0.0038,-3.888811713361616,0.008162213679758635,-0.004020313406525347
0.006,-0.0038,-3.8865241862570965,0.007903270273788982,-0.004879888866652527
0.0061,-0.0038,-3.886455574859448,0.007679615035365695,-0.0058925900401889005
0.0062,-0.0038,-3.879504352911411,0.007511653927139837,-0.006954767693144688
0.0063,-0.0038,-3.8750059831638675,0.007370874895609326,-0.007968609743726526
0.0064,-0.0038,-3.869827738499351,0.007208440506417215,-0.008919610905332226
0.006499999999999999,-0.0038,-3.8613473548882946,0.006898155787227297,-0.009870618517999929
0.006600000000000001,-0.0038,-3.8527514695772713,0.006667852285809412,-0.01093882824879964
0.0067,-0.0038,-3.8455527213741276,0.006372905516459604,-0.011826394227071201
0.0068,-0.0038,-3.832260121804172,0.005912691780745589,-0.012905059035297251
0.0069,-0.0038,-3.8230782842049944,0.005560123501090823,-0.01385762054227337
0.006999999999999999,-0.0038,-3.8097754378621578,0.005195948802667343,-0.014781314147550956
0.007100000000000001,-0.0038,-3.803358391027913,0.004706052105160822,-0.01582791319963227
0.0072,-0.0038,-3.787221720177588,0.004146452424660533,-0.016942425669951047
0.0073,-0.0038,-3.777731551246326,0.003524084080540996,-0.01807305849258514
0.0074,-0.0038,-3.7613458077650823,0.002804693402292487,-0.019275169264039715
0.0075,-0.0038,-3.7440906324728975,0.002174555835102823,-0.020588274481306262
0.0076,-0.0038,-3.7273356642097815,0.001336411134512039,-0.022012069564906228
0.0077,-0.0038,-3.707314064122296,0.0004965321989154923,-0.023616954579280543
0.0078,-0.0038,-3.6918162241683263,-0.0004689068585904514,-0.025423269366679158
0.0079,-0.0038,-3.669497496300622,-0.001384343525388093,-0.02740391373594371
0.008,-0.0038,-3.648911488030421,-0.00243717225438193,-0.029587006459189342
0.0081,-0.0038,-3.621031916083977,-0.0035634863888325177,-0.03193911062032072
0.0082,-0.0038,-3.5956639450871903,-0.004661003525009831,-0.03466481585293179
0.0083,-0.0038,-3.570423800096463,-0.005752082300351576,-0.037602869613716124
0.0084,-0.0038,-3.5331382230952872,-0.006847876839230618,-0.04077004096791356
0.0085,-0.0038,-3.5082858627884206,-0.007944853455514746,-0.04402099883347846
0.0086,-0.0038,-3.475769348991788,-0.008807348726595757,-0.04757307634966115
0.0087,-0.0038,-3.455987522790026,-0.009753109294253076,-0.051340895962852046
0.0088,-0.0038,-3.4316881831077275,-0.010314976318174063,-0.054872309819397475
0.0089,-0.0038,-3.41381081989376,-0.010347025307039036,-0.056115308456394355
0.009,-0.0038,-3.361082759767738,-0.011381121349629536,-0.05924762650316995
0.0091,-0.0038,-3.2649486206614604,-0.009828308775643259,-0.05858785672451816
0.0092,-0.0038,-3.2376930015147565,-0.010576830212189612,-0.058390637715074904
0.0093,-0.0038,-3.1280686806330666,-0.00821510079910275,-0.05727499999463932
0.0094,-0.0038,-3.1309628114253294,-0.006827876840520779,-0.05336216513935829
0.0095,-0.0038,-3.1652503935478578,-0.0054472510932801095,-0.04699529546785611
0.0096,-0.0038,-3.158370273138325,-0.0041670414929878335,-0.04003108950508146
0.0097,-0.0038,-3.160225479856298,-0.0024532822189686906,-0.030893868563922646
0.0098,-0.0038,-3.162066657378119,-0.001425828691665386,-0.021138397118989488
0.0099,-0.0038,-3.15804727354024,-0.0004834401741508161,-0.010388721887198325
0.01,-0.0038,-3.1491917770550377,0.0,0.0
0.0,-0.0037,-2.9137620798523307,0.0,0.0
0.0001,-0.0037,-2.9114396362401416,9.875305919979307e-05,0.004070445299447715
0.0002,-0.0037,-2.9092677349489047,0.00029643273969134866,0.007912143505175814
0.0003,-0.0037,-2.908358602927155,0.0005816426515082763,0.011518204236546552
0.0004,-0.0037,-2.9063086513117304,0.0009153009125996008,0.014825223679104478
0.0005,-0.0037,-2.9062062410642704,0.0012998350862836836,0.017712068688894685
0.0006,-0.0037,-2.90819030045886,0.0016508268225489389,0.02032738759647028
0.0007,-0.0037,-2.910094813892135,0.002013329494735974,0.02259469596207403
0.0008,-0.0037,-2.915359345814052,0.002394066890978685,0.024711384978356045
0.0009,-0.0037,-2.921327621694408,0.0027371499779467027,0.026383476259547768
0.001,-0.0037,-2.928404785148541,0.003096232634193454,0.027887052466502013
0.0011,-0.0037,-2.937962127801766,0.003360420920686013,0.029163354932081748
0.0012,-0.0037,-2.9490651431476875,0.0036460442790343162,0.030271076357564132
0.0013000000000000002,-0.0037,-2.962676720275085,0.003912962442140601,0.03114133023418224
0.0014,-0.0037,-2.9781204696444643,0.004146911034717818,0.03197542518298953
0.0015,-0.0037,-2.9942027965059914,0.00439648267063824,0.03255981196025181
0.0016,-0.0037,-3.0142091634828803,0.004715603498613698,0.0329572900623552
0.0017,-0.0037,-3.0394361759694837,0.004893985922485766,0.033259814473668374
0.0018,-0.0037,-3.0487582797382102,0.005124629927076918,0.033329435869556924
0.0019,-0.0037,-3.0716302724614732,0.0053764745091231915,0.03368937659529466
0.002,-0.0037,-3.1056002489255734,0.005517080883873871,0.033720485147972844
0.0021,-0.0037,-3.1447256477865513,0.005833808896455423,0.03372676360800578
0.0022,-0.0037,-3.1596292662296963,0.006112863898692438,0.033666861345313916
0.0023,-0.0037,-3.1821073315282704,0.006296966488134666,0.033092614266689475
0.0024,-0.0037,-3.21774314204325,0.006484722665183769,0.032670517495365835
0.0025,-0.0037,-3.2348809733970287,0.006783234250611549,0.03223447054611046
0.0026000000000000003,-0.0037,-3.265535173333285,0.006963238649229097,0.031678472118794564
0.0027,-0.0037,-3.29950531277472,0.007201123328633161,0.030993141563997257
0.0028,-0.0037,-3.3306419516149037,0.007379441212204508,0.030204891595246943
0.0029,-0.0037,-3.3615827247285135,0.007637036518409907,0.029405433830120016
0.003,-0.0037,-3.3923443559059976,0.007805377840206425,0.028504277491037275
0.0031,-0.0037,-3.4231854009700684,0.007970909801892445,0.02752548837745085
0.0032,-0.0037,-3.4536539061306506,0.008165829776467149,0.026543064426010572
0.0033000000000000004,-0.0037,-3.4839068014623336,0.008336989503176144,0.025510605990164782
0.0034,-0.0037,-3.512745332598259,0.008472664437817027,0.024387899273757993
0.0034999999999999996,-0.0037,-3.5416205558431533,0.008624120242390815,0.023230363392285555
0.0036,-0.0037,-3.5691730272091884,0.008801672069966652,0.022108303897045507
0.0037,-0.0037,-3.5961265735143173,0.00891902720755328,0.020951133895209723
0.0038,-0.0037,-3.621940130994753,0.00902146387702526,0.019718645071413042
0.0039,-0.0037,-3.6458884663418147,0.009157387395958,0.018524744027469436
0.004,-0.0037,-3.6693896341837022,0.00924087356422341,0.01731196754849584
0.0041,-0.0037,-3.692285960173915,0.009341944979089876,0.016100932414461738
0.0042,-0.0037,-3.714494136632203,0.009386260503337879,0.014941763651380016
0.0043,-0.0037,-3.7330265409844756,0.009483028685672995,0.013735843089580741
0.0044,-0.0037,-3.7527057512495583,0.009566685519610976,0.012593538169458877
0.0045,-0.0037,-3.770056658158366,0.009606647366451948,0.011354964016480366
0.0046,-0.0037,-3.787200581239482,0.009652835941536077,0.010250504155363278
0.0047,-0.0037,-3.799951366104386,0.00969395951467977,0.009045828849083455
0.0048,-0.0037,-3.812852722538335,0.009721734499957006,0.00793935323308735
0.0049,-0.0037,-3.8276191259166272,0.009753381394139385,0.006826406586275449
0.005,-0.0037,-3.838196377588381,0.00977465643877675,0.005723190918462712
0.0051,-0.0037,-3.847139581529076,0.009760774166431762,0.00462167468177065
0.005200000000000001,-0.0037,-3.855327829905057,0.009791872184881435,0.003468851842741079
0.0053,-0.0037,-3.862282368618483,0.009845235496098595,0.0024914426608470663
0.0054,-0.0037,-3.866027650312153,0.009786955317734878,0.0014031464362653772
0.0055,-0.0037,-3.8724574070605535,0.009658628844857067,0.00035345642310912026
0.0056,-0.0037,-3.873618492597151,0.00969940916491939,-0.0007272306507661909
0.005700000000000001,-0.0037,-3.8768422745459,0.009603337163363266,-0.0017996270243995163
0.0058,-0.0037,-3.8759140637322833,0.009746482679360916,-0.0027315118622482874
0.0059,-0.0037,-3.8728133803839713,0.009498517583562502,-0.003626863704969027
0.006,-0.0037,-3.871883999659333,0.00916579412148931,-0.004665353514496856
0.0061,-0.0037,-3.869949332234205,0.009122807417537583,-0.0057863189894993075
0.0062,-0.0037,-3.8613182058684377,0.0090610413632104,-0.006742844382023873
0.0063,-0.0037,-3.8559864929059477,0.008889071597832966,-0.0077681737974567705
0.0064,-0.0037,-3.850247873748309,0.008358841264030591,-0.008667978582544877
0.006499999999999999,-0.0037,-3.8423573978153196,0.008277875453960316,-0.009670510586994125
0.006600000000000001,-0.0037,-3.8330472208546515,0.008109688269450839,-0.010571435034610796
0.0067,-0.0037,-3.82414241091537,0.007869326773891835,-0.011573696978686394
0.0068,-0.0037,-3.816511406340307,0.007350146367136462,-0.012311713547516118
0.0069,-0.0037,-3.802910703196399,0.006914344787947714,-0.013363589162580534
0.006999999999999999,-0.0037,-3.79322021194227,0.006542261180981075,-0.01435817614573981
0.007100000000000001,-0.0037,-3.78234373999284,0.006099261040747714,-0.015444998533931801
0.0072,-0.0037,-3.7699282599988972,0.00542598618772043,-0.016340918590429885
0.0073,-0.0037,-3.757199359484645,0.004908637322800312,-0.017388544932210388
0.0074,-0.0037,-3.7425696021984405,0.004176778247026183,-0.01864013277773059
0.0075,-0.0037,-3.7288431793321806,0.003491051777689276,-0.019806118627769428
0.0076,-0.0037,-3.7153229323344252,0.0027013546347728966,-0.021248442934631045
0.0077,-0.0037,-3.6982110171041356,0.00188751065560086,-0.02276679493585049
0.0078,-0.0037,-3.681088232688176,0.000883890754455571,-0.024475566065520288
0.0079,-0.0037,-3.66193495631318,-6.416350448983748e-05,-0.026396027059301747
0.008,-0.0037,-3.641474840476252,-0.0011346219127852965,-0.02846327493285758
0.0081,-0.0037,-3.61757401665247,-0.0022217224863393618,-0.030877895405413847
0.0082,-0.0037,-3.593070027540172,-0.0033506243693014804,-0.03348619020781773
0.0083,-0.0037,-3.5669966610700277,-0.004534213735034909,-0.03643380984633881
0.0084,-0.0037,-3.5375862228765573,-0.005688757613585591,-0.03954377834901433
0.0085,-0.0037,-3.5136549696732073,-0.006868595396090706,-0.043024170560090794
0.0086,-0.0037,-3.474813739645576,-0.008063753086914946,-0.0464135948195121
0.0087,-0.0037,-3.3912932916186196,-0.00902944278006621,-0.0500568441413983
0.0088,-0.0037,-3.3038712504729584,-0.009507345200399898,-0.05345258538497949
0.0089,-0.0037,-3.288486151669693,-0.009838501404920263,-0.055987951711868926
0.009,-0.0037,-3.2579398827931483,-0.01006382984841677,-0.05959131847598262
0.0091,-0.0037,-3.226235939245223,-0.009003141098675149,-0.059110685850472106
0.0092,-0.0037,-3.2533161204633507,-0.009194155290759697,-0.05972746609940556
0.0093,-0.0037,-3.2702513697891074,-0.007441028213512738,-0.05800482478607514
0.0094,-0.0037,-3.1548248835124095,-0.007275424895518194,-0.053799868087525515
0.0095,-0.0037,-3.172471937557966,-0.005270009541263453,-0.04880170355772414
0.0096,-0.0037,-3.165436532301121,-0.004423982450318597,-0.04140760839638767
0.0097,-0.0037,-3.1648185745350195,-0.002547711822622324,-0.03199862299156435
0.0098,-0.0037,-3.1652393795763425,-0.001387651404473737,-0.022063631754801378
0.0099,-0.0037,-3.1670668301906284,-0.0004591652308358074,-0.011168588690732112
0.01,-0.0037,-3.1581837229502603,0.0,0.0
0.0,-0.0036,-2.9143486518345165,0.0,0.0
0.0001,-0.0036,-2.912622990112636,0.00010834985534293021,0.003921596524517008
0.0002,-0.0036,-2.9099302195817036,0.00031729474002766233,0.007653574557299711
0.0003,-0.0036,-2.90813825454106,0.0006117008040444349,0.011168302505114514
0.0004,-0.0036,-2.905929138973807,0.0009837190213813202,0.014372246537356937
0.0005,-0.0036,-2.9057106932289627,0.0013621234038206352,0.017256581597585204
0.0006,-0.0036,-2.906261985083119,0.0017989276488238769,0.020009816434334294
0.0007,-0.0036,-2.9097435378833514,0.0022106363515272324,0.02225781442156636
0.0008,-0.0036,-2.914482166114803,0.002592026278982279,0.02434274968075691
0.0009,-0.0036,-2.9193851961578976,0.00298941323477665,0.026067042175169898
0.001,-0.0036,-2.9266310490432517,0.0033394319794664974,0.02758482358910469
0.0011,-0.0036,-2.936493846900112,0.0036944487180796183,0.028870965008877588
0.0012,-0.0036,-2.9480418935810992,0.00405942361635482,0.02997211426098094
0.0013000000000000002,-0.0036,-2.959844481527283,0.00435844422036231,0.030877713406533714
0.0014,-0.0036,-2.974687774208647,0.004650897537163192,0.03165031112366395
0.0015,-0.0036,-2.9897174143346565,0.0049392676729071395,0.03225603102071203
0.0016,-0.0036,-3.0077700910321146,0.005240083918401726,0.032685011389937506
0.0017,-0.0036,-3.0234171444050504,0.005498740294225383,0.03313387581438081
0.0018,-0.0036,-3.047464796306473,0.005761328911364441,0.03330407371614207
0.0019,-0.0036,-3.0676115332777827,0.006105903782526224,0.03344251574062063
0.002,-0.0036,-3.0893442861582376,0.006379692114530181,0.0335039922821004
0.0021,-0.0036,-3.125159985619329,0.00666228850344068,0.033252770326818774
0.0022,-0.0036,-3.163931549004062,0.0069236148304894305,0.032970838834518845
0.0023,-0.0036,-3.1700096435025564,0.007062243087553527,0.0327378900213265
0.0024,-0.0036,-3.1891502328661367,0.0073458982152884685,0.03248100490602521
0.0025,-0.0036,-3.226528756595003,0.007722665209677029,0.032027203179651666
0.0026000000000000003,-0.0036,-3.2598386262935213,0.007942334738187033,0.03144360241461197
0.0027,-0.0036,-3.290688362797073,0.008196962976397682,0.030772793985513355
0.0028,-0.0036,-3.3205095340316566,0.00842062036055967,0.030012579148926855
0.0029,-0.0036,-3.3512944137784944,0.008670290873524214,0.029203779879248826
0.003,-0.0036,-3.3822320898645537,0.00884442644508568,0.028267375694246318
0.0031,-0.0036,-3.41276100797666,0.009062012164602335,0.0273109112522142
0.0032,-0.0036,-3.443196270849241,0.009270741594111266,0.026324110732033407
0.0033000000000000004,-0.0036,-3.472630777461934,0.009468685009761276,0.025284955791445424
0.0034,-0.0036,-3.502195175865324,0.009662410399621991,0.024225639029521136
0.0034999999999999996,-0.0036,-3.5306178597126316,0.009812736959761979,0.02307995698457537
0.0036,-0.0036,-3.5580887361706233,0.010010939832193977,0.02194716994599305
0.0037,-0.0036,-3.58454304099098,0.010115063813488648,0.02076446528440895
0.0038,-0.0036,-3.6105653945367884,0.010247508109578092,0.01958819744612444
0.0039,-0.0036,-3.6353547100226478,0.010410296454107095,0.018422061427182314
0.004,-0.0036,-3.6582442495466765,0.010501641757608926,0.017232334223401185
0.0041,-0.0036,-3.680604871081681,0.010590154263831556,0.016035465457343957
0.0042,-0.0036,-3.702037249555139,0.010673997438635875,0.014863189655748458
0.0043,-0.0036,-3.722324863994172,0.01077220222482375,0.013675701718268244
0.0044,-0.0036,-3.7414123675639384,0.010865490483674745,0.012441645467986888
0.0045,-0.0036,-3.757125345750427,0.010895083167205341,0.01130708635458285
0.0046,-0.0036,-3.7750542093429442,0.010929199851771538,0.010146054215457034
0.0047,-0.0036,-3.787431544175107,0.011004338361076392,0.009028995815355757
0.0048,-0.0036,-3.80140206048125,0.011062392294964767,0.00788314082413934
0.0049,-0.0036,-3.815102933034842,0.011058107559307306,0.006807167094662548
0.005,-0.0036,-3.8245696590422225,0.011099575617588765,0.00567062094718386
0.0051,-0.0036,-3.8354082330016825,0.011137699328128053,0.004605511021007157
0.005200000000000001,-0.0036,-3.8441540752057772,0.01102631904884221,0.003524136563385505
0.0053,-0.0036,-3.8469558689529624,0.0111276180434118,0.0024326934009373177
0.0054,-0.0036,-3.8534291928457183,0.01106704025257053,0.0013942589687430725
0.0055,-0.0036,-3.85671202287238,0.011038719726395111,0.00036613193419800846
0.0056,-0.0036,-3.8568164103244005,0.010996392304017923,-0.0006354419743134214
0.005700000000000001,-0.0036,-3.856254434862434,0.010801522343658589,-0.001573413295143358
0.0058,-0.0036,-3.8540968841825456,0.011271143314085817,-0.00256956143150877
0.0059,-0.0036,-3.8478253929073323,0.01070297809332304,-0.003618673485401193
0.006,-0.0036,-3.849305350816115,0.010499669114680397,-0.004661262028265953
0.0061,-0.0036,-3.8478731840284635,0.010554300683337422,-0.005604280707612035
0.0062,-0.0036,-3.84033390805043,0.010146233405314262,-0.006609040537274871
0.0063,-0.0036,-3.8375142805193923,0.010170141237569121,-0.007533101505083271
0.0064,-0.0036,-3.829847942983683,0.00992322999326501,-0.008426760379495577
0.006499999999999999,-0.0036,-3.8219377766832765,0.009763699837702734,-0.009352163455111103
0.006600000000000001,-0.0036,-3.812437522592994,0.009302711986347847,-0.01028025413143423
0.0067,-0.0036,-3.802507112305874,0.008999039854083232,-0.011173681331565538
0.0068,-0.0036,-3.7945453454545706,0.008781815712791557,-0.012087103248215833
0.0069,-0.0036,-3.7835287779744013,0.008378411121299497,-0.01300815929183452
0.006999999999999999,-0.0036,-3.7720208253038163,0.007848527577330197,-0.013817357898745445
0.007100000000000001,-0.0036,-3.760488426087536,0.0074130992533238856,-0.014875491058452345
0.0072,-0.0036,-3.7524796073957423,0.006840777697709916,-0.015800497945623278
0.0073,-0.0036,-3.737740259375781,0.0063198848296635015,-0.01682609215287298
0.0074,-0.0036,-3.726840909459017,0.005630942146766676,-0.017867120613266563
0.0075,-0.0036,-3.7128631474935587,0.004895763219146164,-0.0191139541020254
0.0076,-0.0036,-3.6986711354145454,0.004012475085206551,-0.02041987655165168
0.0077,-0.0036,-3.682156535244007,0.0032049003295814777,-0.021885305830828462
0.0078,-0.0036,-3.6669909199514015,0.0022719547168893054,-0.023520783405667406
0.0079,-0.0036,-3.6494581663119163,0.001288299192487459,-0.025319904209052637
0.008,-0.0036,-3.632572815152284,0.0001504191196781069,-0.027444166154979813
0.0081,-0.0036,-3.6107242744787875,-0.0009455344698732896,-0.029650753762112292
0.0082,-0.0036,-3.5871309244866727,-0.0021239136640752946,-0.03237052731158701
0.0083,-0.0036,-3.562188294296989,-0.003299367041561462,-0.03520102947602604
0.0084,-0.0036,-3.5358728964087085,-0.004582167631403708,-0.03839678034283618
0.0085,-0.0036,-3.4974342489617998,-0.005749313772025867,-0.04183938690076696
0.0086,-0.0036,-3.4723461752287363,-0.00691846098685377,-0.04538487513946137
0.0087,-0.0036,-3.4595474931698615,-0.007724464777484641,-0.04878313390967099
0.0088,-0.0036,-3.4579002561487795,-0.008676887731234635,-0.05188832527938855
0.0089,-0.0036,-3.38732014735094,-0.009005285806122292,-0.055061062284583656
0.009,-0.0036,-3.358205760796943,-0.00920333334988496,-0.057345346915271246
0.0091,-0.0036,-3.350298316983421,-0.010136784819021123,-0.05898845325448509
0.0092,-0.0036,-3.216899974141799,-0.00985908543760656,-0.06107275040000898
0.0093,-0.0036,-3.207219699778369,-0.007226594929014981,-0.05943191764423601
0.0094,-0.0036,-3.208685267185649,-0.006227920404235914,-0.05557118042436704
0.0095,-0.0036,-3.1895353526282606,-0.006608985961300666,-0.05053606795717811
0.0096,-0.0036,-3.1895359786849165,-0.004208925310919422,-0.04284004489744339
0.0097,-0.0036,-3.165073164281715,-0.0026004910759853065,-0.03323335532094181
0.0098,-0.0036,-3.1695052476818466,-0.0013458532835728544,-0.022867727554081597
0.0099,-0.0036,-3.1729803682752418,-0.00044863600431222753,-0.011835285408798319
0.01,-0.0036,-3.1685769729199866,0.0,0.0
0.0,-0.0034999999999999996,-2.913982800953931,0.0,0.0
0.0001,-0.0034999999999999996,-2.914360549864661,0.0001084159621150582,0.0037705971375829282
0.0002,-0.0034999999999999996,-2.910569422249433,0.0003431575538272146,0.007387465193187093
0.0003,-0.0034999999999999996,-2.907991405784755,0.0006619652881376868,0.010845447931906132
0.0004,-0.0034999999999999996,-2.9060632277923393,0.0009680765007542034,0.01392286252330513
0.0005,-0.0034999999999999996,-2.9052416315953695,0.0014169762654579394,0.016789432092049066
0.0006,-0.0034999999999999996,-2.907568155349689,0.0019218890496329709,0.019384143041457132
0.0007,-0.0034999999999999996,-2.9093773535675784,0.002326785235177417,0.021932065822280335
0.0008,-0.0034999999999999996,-2.912634752618049,0.0027633114882131132,0.02391757870167459
0.0009,-0.0034999999999999996,-2.9177484039464447,0.0032304999393887764,0.025705680751231298
0.001,-0.0034999999999999996,-2.924707785820042,0.003626964326655618,0.027121212421863113
0.0011,-0.0034999999999999996,-2.9333411696454297,0.004070567654404118,0.02847008193596492
0.0012,-0.0034999999999999996,-2.943525766515977,0.004427058125833721,0.0296480805942394
0.0013000000000000002,-0.0034999999999999996,-2.9560231852207397,0.004799313884024641,0.030536005951513526
0.0014,-0.0034999999999999996,-2.9701935088319216,0.005151652596982342,0.031340954065781024
0.0015,-0.0034999999999999996,-2.9848613774675425,0.005454348648812231,0.03195108536056508
0.0016,-0.0034999999999999996,-2.99932844490249,0.005765188784302982,0.03242659746403868
0.0017,-0.0034999999999999996,-3.021339218109886,0.006157160414746498,0.03282813760458631
0.0018,-0.0034999999999999996,-3.0438242440404615,0.006436879020923345,0.0330084189451737
0.0019,-0.0034999999999999996,-3.0696045118075275,0.00677190158252638,0.03314488953391122
0.002,-0.0034999999999999996,-3.0890415977319092,0.007048467697211687,0.033187833382664456
0.0021,-0.0034999999999999996,-3.1100751103251665,0.007330187937006487,0.033036384669404464
0.0022,-0.0034999999999999996,-3.1202136981274586,0.007657392324335347,0.032871031204860575
0.0023,-0.0034999999999999996,-3.145160592263954,0.008006780637582053,0.03278576026588564
0.0024,-0.0034999999999999996,-3.1914561294808363,0.00834181400374898,0.03232623436994066
0.0025,-0.0034999999999999996,-3.221816109866807,0.00858842387667373,0.03178079129587965
0.0026000000000000003,-0.0034999999999999996,-3.2497173453668338,0.008882807658526344,0.03121784525394468
0.0027,-0.0034999999999999996,-3.2792592427079184,0.009144303979472223,0.03050292821304515
0.0028,-0.0034999999999999996,-3.309458192403037,0.009406644230159697,0.0297628750923863
0.0029,-0.0034999999999999996,-3.3395440708295228,0.00965573837371728,0.02894698334199597
0.003,-0.0034999999999999996,-3.370135696829653,0.009947526676094868,0.028096465454205344
0.0031,-0.0034999999999999996,-3.4007653602221395,0.01015435399150324,0.027129880771487386
0.0032,-0.0034999999999999996,-3.430669621259386,0.010404155860581413,0.026152116149258033
0.0033000000000000004,-0.0034999999999999996,-3.460330321600226,0.010634770720527605,0.025108605374775557
0.0034,-0.0034999999999999996,-3.488914700359036,0.010803641280497073,0.024047326192052288
0.0034999999999999996,-0.0034999999999999996,-3.5179006492924985,0.011012131311353156,0.022931542768593976
0.0036,-0.0034999999999999996,-3.5452638758948094,0.011139663480684495,0.021769083489873692
0.0037,-0.0034999999999999996,-3.5724766516858906,0.011322706042794903,0.020615909684231232
0.0038,-0.0034999999999999996,-3.5975936808178632,0.01148262778444268,0.019460429367993547
0.0039,-0.0034999999999999996,-3.6228482144936023,0.011611818999506404,0.018298913840032804
0.004,-0.0034999999999999996,-3.645722000589745,0.011750765316554588,0.01711732577119974
0.0041,-0.0034999999999999996,-3.668672112489292,0.011850449772758068,0.015920311087361902
0.0042,-0.0034999999999999996,-3.6895268244826673,0.011980085267954566,0.014736235847394242
0.0043,-0.0034999999999999996,-3.7089821069209927,0.012030540587045228,0.01354920720784461
0.0044,-0.0034999999999999996,-3.7281767610136263,0.012116636613715526,0.01237702937520345
0.0045,-0.0034999999999999996,-3.7447159167737474,0.01220716411203792,0.011237584155163287
0.0046,-0.0034999999999999996,-3.760567841411684,0.012244952242263692,0.010082068325240542
0.0047,-0.0034999999999999996,-3.773960075147863,0.012331682318621376,0.008993337548072156
0.0048,-0.0034999999999999996,-3.7872784669825332,0.012360446904689812,0.00785192755987066
0.0049,-0.0034999999999999996,-3.797386431978584,0.01244048978645571,0.006755772630099185
0.005,-0.0034999999999999996,-3.8081156770334665,0.012410725562656813,0.005674010569026393
0.0051,-0.0034999999999999996,-3.8181464256892914,0.012469464284654038,0.004591994025817868
0.005200000000000001,-0.0034999999999999996,-3.82600052055499,0.01256329538170572,0.0035564677409342647
0.0053,-0.0034999999999999996,-3.8307703263854944,0.01255054319400146,0.0024602296736321405
0.0054,-0.0034999999999999996,-3.836938466332545,0.012407201538253788,0.0014233237171358305
0.0055,-0.0034999999999999996,-3.8399442688415992,0.012356416048859387,0.000424195147348304
0.0056,-0.0034999999999999996,-3.840265010273959,0.012264401355398165,-0.0005893913857243548
0.005700000000000001,-0.0034999999999999996,-3.8396545877780794,0.012332116409484466,-0.0016536006947425682
0.0058,-0.0034999999999999996,-3.8377955407482642,0.01225046448999921,-0.0027050552877064225
0.0059,-0.0034999999999999996,-3.834161015752847,0.011995551729833659,-0.0036914459586237197
0.006,-0.0034999999999999996,-3.834555246832643,0.011871960998625086,-0.00464056301297075
0.0061,-0.0034999999999999996,-3.8296844698685475,0.01204714636554199,-0.005566446615299958
0.0062,-0.0034999999999999996,-3.8225670571095742,0.011691259204340627,-0.006371528998493606
0.0063,-0.0034999999999999996,-3.816848056574163,0.011379025106909971,-0.007340112189491251
0.0064,-0.0034999999999999996,-3.804345977520465,0.011378082330537312,-0.008197971045895225
0.006499999999999999,-0.0034999999999999996,-3.799017697292255,0.010823899007343601,-0.009094077562592928
0.006600000000000001,-0.0034999999999999996,-3.7910802747481482,0.010681898504042027,-0.009922754955947289
0.0067,-0.0034999999999999996,-3.7806195882498796,0.010346189789148919,-0.010855251421878091
0.0068,-0.0034999999999999996,-3.7703152333663192,0.009910882752201767,-0.011699039206012826
0.0069,-0.0034999999999999996,-3.7596826828373273,0.009688234145234972,-0.012592814475280927
0.006999999999999999,-0.0034999999999999996,-3.7502435217673513,0.009110859582236437,-0.013424773995911488
0.007100000000000001,-0.0034999999999999996,-3.73304628154707,0.008599108839593075,-0.014252425165756333
0.0072,-0.0034999999999999996,-3.72792490572472,0.008076372081701198,-0.015189636336141399
0.0073,-0.0034999999999999996,-3.712567061195251,0.007504379071250077,-0.01617278778893022
0.0074,-0.0034999999999999996,-3.705093096915204,0.006846214859024917,-0.01718571348232711
0.0075,-0.0034999999999999996,-3.690648954358245,0.006057376487607274,-0.018353920811129642
0.0076,-0.0034999999999999996,-3.677875778076845,0.00534947034999058,-0.019601967501483304
0.0077,-0.0034999999999999996,-3.66603899331392,0.004475107860968076,-0.020991913640658954
0.0078,-0.0034999999999999996,-3.652775283736324,0.0035017901563347276,-0.022551698865003328
0.0079,-0.0034999999999999996,-3.632773252786881,0.00257612708328051,-0.024276561902419808
0.008,-0.0034999999999999996,-3.6150822310537065,0.001439183407884468,-0.026313629942517458
0.0081,-0.0034999999999999996,-3.59931124290608,0.00032098440270695097,-0.028482736059499726
0.0082,-0.0034999999999999996,-3.5787537840047072,-0.0008468946065811619,-0.031022339315901332
0.0083,-0.0034999999999999996,-3.554446381156095,-0.002094889625260956,-0.03398236339118265
0.0084,-0.0034999999999999996,-3.5278903716209133,-0.0033622168979401085,-0.037104442341044416
0.0085,-0.0034999999999999996,-3.50155585938816,-0.0046299624662529005,-0.04063513421251293
0.0086,-0.0034999999999999996,-3.48186079299438,-0.005796575173204032,-0.04442248649204303
0.0087,-0.0034999999999999996,-3.4658839761143274,-0.0069871786388131275,-0.0483245872886
0.0088,-0.0034999999999999996,-3.4160016453404594,-0.008008556714730573,-0.052380346218436485
0.0089,-0.0034999999999999996,-3.4039916371783483,-0.008442121185490162,-0.05592197948044289
0.009,-0.0034999999999999996,-3.4068502728795,-0.008971784561933809,-0.059269269312685585
0.0091,-0.0034999999999999996,-3.325894917141688,-0.00944668564848198,-0.061302130047524696
0.0092,-0.0034999999999999996,-3.235399935212327,-0.00797871976943939,-0.06132480943988403
0.0093,-0.0034999999999999996,-3.1739674000352798,-0.007630081294815887,-0.06035313298020473
0.0094,-0.0034999999999999996,-3.194827873060575,-0.007500566682154576,-0.05641494880763982
0.0095,-0.0034999999999999996,-3.1761791413619576,-0.005960959324447696,-0.051889624014112234
0.0096,-0.0034999999999999996,-3.171443098601205,-0.004010869183892936,-0.04457759027491206
0.0097,-0.0034999999999999996,-3.170189028397184,-0.0027395999215978897,-0.034743937339722634
0.0098,-0.0034999999999999996,-3.1698150681753416,-0.001347312381870743,-0.024454222757028708
0.0099,-0.0034999999999999996,-3.1716120529447025,-0.0004941554371730346,-0.012313216728816452
0.01,-0.0034999999999999996,-3.1721170304959525,0.0,0.0
0.0,-0.0034,-2.9114864224031223,0.0,0.0
0.0001,-0.0034,-2.9118306619461456,0.00011242741473527191,0.0036415840601109434
0.0002,-0.0034,-2.911569534074919,0.00030070196835281965,0.00713466233103712
0.0003,-0.0034,-2.9074982186368308,0.0006485732633296032,0.010446888655054458
0.0004,-0.0034,-2.9055332975195673,0.0009984208766527153,0.013566014988660106
0.0005,-0.0034,-2.905313009368558,0.0015786067192298495,0.016453787374363257
0.0006,-0.0034,-2.904371428607289,0.001970701984551144,0.018953146299122703
0.0007,-0.0034,-2.907487925633424,0.0025207992999087036,0.021292258922687254
0.0008,-0.0034,-2.910153171019908,0.0029847849011296946,0.02346988326474091
0.0009,-0.0034,-2.915237621798597,0.0033628884366608152,0.025116251252626884
0.001,-0.0034,-2.922025397481387,0.003915151634893206,0.026745678297700227
0.0011,-0.0034,-2.930285303215433,0.004381246276829425,0.02817595920890503
0.0012,-0.0034,-2.939808677466634,0.004797624975128414,0.029315500810491724
0.0013000000000000002,-0.0034,-2.951188873744443,0.005180778481520851,0.03019291306044789
0.0014,-0.0034,-2.9642113929275316,0.005546656103508012,0.030948388189179155
0.0015,-0.0034,-2.9773507208672005,0.005988704401233477,0.03157585647301658
0.0016,-0.0034,-2.9984893184189763,0.006349815092672866,0.0321105328796684
0.0017,-0.0034,-3.0146692413510636,0.006713772997632133,0.03244074129566629
0.0018,-0.0034,-3.035218739007461,0.007055843210495644,0.032706583247869306
0.0019,-0.0034,-3.05278848846654,0.007430008880483532,0.03276968605994701
0.002,-0.0034,-3.066514670242021,0.007774152493064518,0.03270011080892148
0.0021,-0.0034,-3.100113231424648,0.008104149380982119,0.03272612605370554
0.0022,-0.0034,-3.130663164237346,0.008521484493424521,0.032651041349198724
0.0023,-0.0034,-3.1748251667303378,0.008843208212216748,0.03228315955800045
0.0024,-0.0034,-3.197941964292568,0.009093992953509086,0.03185511028633344
0.0025,-0.0034,-3.2119567338205783,0.009413274326794585,0.03140083661326916
0.0026000000000000003,-0.0034,-3.2372863542900383,0.009772057362287381,0.03084641894474824
0.0027,-0.0034,-3.26587677090392,0.01008347352038517,0.030215600450687427
0.0028,-0.0034,-3.296417729825648,0.01039039846944594,0.02951389732717563
0.0029,-0.0034,-3.326772686113818,0.010684744509633148,0.02872385629571735
0.003,-0.0034,-3.356554669632172,0.010967149732402457,0.027802789328216018
0.0031,-0.0034,-3.3867104199759033,0.01124133260541169,0.026884744025423
0.0032,-0.0034,-3.416421606096186,0.011502974484606963,0.025929275178186287
0.0033000000000000004,-0.0034,-3.4460339392823474,0.011687167527165782,0.02488303969442572
0.0034,-0.0034,-3.4753334345260645,0.011950662549227527,0.023820553181785456
0.0034999999999999996,-0.0034,-3.5035640014700324,0.012117671193081103,0.022730748037873023
0.0036,-0.0034,-3.5308373120200884,0.012322969217341335,0.02161084773725159
0.0037,-0.0034,-3.558005221804533,0.012517628556478023,0.02047412440768592
0.0038,-0.0034,-3.5834306308173027,0.012661307535504693,0.019311917719657408
0.0039,-0.0034,-3.6077298119696435,0.012802717930616232,0.01813322757507487
0.004,-0.0034,-3.630944949203273,0.012958160443575324,0.01697748577024202
0.0041,-0.0034,-3.653388016481289,0.01310254735060839,0.015805697453367306
0.0042,-0.0034,-3.674354706957842,0.013214803780890487,0.014653019054879597
0.0043,-0.0034,-3.6937626174423883,0.013313425594333886,0.013492805470817538
0.0044,-0.0034,-3.712885035621396,0.01337431402876646,0.012327337368858295
0.0045,-0.0034,-3.7295959699217853,0.013468062703460723,0.011183089130003498
0.0046,-0.0034,-3.745284505942807,0.013493797448117663,0.01004570438685412
0.0047,-0.0034,-3.7596566048248317,0.013618486900483277,0.008907754932442091
0.0048,-0.0034,-3.772155989650474,0.013705939110975228,0.00780667219569273
0.0049,-0.0034,-3.7827603201625233,0.013703052033466305,0.006720401569728529
0.005,-0.0034,-3.792101927353033,0.013745957112535316,0.005630886954825058
0.0051,-0.0034,-3.802430346811169,0.013753211024010599,0.004593751928852284
0.005200000000000001,-0.0034,-3.8096106788348805,0.013804480357941355,0.0035218938570180424
0.0053,-0.0034,-3.815526978597899,0.013701426027895154,0.002486775472756985
0.0054,-0.0034,-3.8186184844177653,0.013750975261565226,0.001436462804474939
0.0055,-0.0034,-3.8204999265457484,0.013697766624483094,0.00047458661997871153
0.0056,-0.0034,-3.822546052114475,0.013640162767302672,-0.0005630312631383728
0.005700000000000001,-0.0034,-3.821627589687107,0.013587702928983557,-0.0015468152665427852
0.0058,-0.0034,-3.8214462702820335,0.013634202781420336,-0.0025210030555454076
0.0059,-0.0034,-3.817470605391515,0.013421181938528032,-0.003375541000013345
0.006,-0.0034,-3.818226569933286,0.013091639991948019,-0.00436562829249102
0.0061,-0.0034,-3.811575915415508,0.013298611267477785,-0.0052770373478714765
0.0062,-0.0034,-3.8010088955371955,0.012917152385362885,-0.006169985273070826
0.0063,-0.0034,-3.7920209072788484,0.012822753384248676,-0.007059511557725249
0.0064,-0.0034,-3.781943927700035,0.012370246250698123,-0.007919748553641349
0.006499999999999999,-0.0034,-3.774650603901095,0.012186994497394582,-0.00879400655841065
0.006600000000000001,-0.0034,-3.7651186752569648,0.011898535288909355,-0.009656528799892062
0.0067,-0.0034,-3.7580783282517256,0.011683582099203768,-0.010443356534799266
0.0068,-0.0034,-3.7449908912903247,0.011235067440679885,-0.011311288568395512
0.0069,-0.0034,-3.735397016028752,0.010814385599847404,-0.012069049995164022
0.006999999999999999,-0.0034,-3.7207437522267277,0.010348814753195205,-0.012972921676461663
0.007100000000000001,-0.0034,-3.710059374360647,0.009903403807017713,-0.013794166162928563
0.0072,-0.0034,-3.703982581900101,0.009197295395182081,-0.014733389327133906
0.0073,-0.0034,-3.687304170032512,0.008722549496299926,-0.015529644933802695
0.0074,-0.0034,-3.6827660903866746,0.007984572029637389,-0.016530582244346986
0.0075,-0.0034,-3.668071911644274,0.007285838234910307,-0.017619004556061798
0.0076,-0.0034,-3.6560201388959044,0.006490604645150476,-0.01878004690193865
0.0077,-0.0034,-3.643101179131902,0.005657278106376593,-0.02009314462723947
0.0078,-0.0034,-3.6306892965153534,0.004809845610401039,-0.021575070083330608
0.0079,-0.0034,-3.618109212514305,0.0037608233531633787,-0.023266617753287318
0.008,-0.0034,-3.600396508109671,0.0027386591718461997,-0.025178555222370936
0.0081,-0.0034,-3.580699737377185,0.001541312657876353,-0.027382630033014412
0.0082,-0.0034,-3.5663885023670967,0.00034186468929871646,-0.029861349409196304
0.0083,-0.0034,-3.5445013157469316,-0.0009198672511458797,-0.032701378499590816
0.0084,-0.0034,-3.52134341457271,-0.002226394283192815,-0.035877564508879266
0.0085,-0.0034,-3.49693744624215,-0.0035536534558245764,-0.03927653198591245
0.0086,-0.0034,-3.4652115601368716,-0.004795974435184112,-0.0431598430526876
0.0087,-0.0034,-3.4338988651164613,-0.006225928600966598,-0.04696561006738055
0.0088,-0.0034,-3.352336989153709,-0.007256071639919192,-0.05098787581960371
0.0089,-0.0034,-3.3113025476618874,-0.008452025787609422,-0.05429469688669756
0.009,-0.0034,-3.1883676719254876,-0.00900411138000059,-0.05831613111811207
0.0091,-0.0034,-3.1244604239382587,-0.008952598433825535,-0.061817655707851984
0.0092,-0.0034,-3.3661003427243967,-0.008192530698899884,-0.06114575108818735
0.0093,-0.0034,-3.2501994389036053,-0.00805480595860694,-0.06102629191527331
0.0094,-0.0034,-3.1908647172689073,-0.006844445973653503,-0.05844760608976312
0.0095,-0.0034,-3.1929605544349435,-0.006451825339787465,-0.05425666875280123
0.0096,-0.0034,-3.186762839382036,-0.004019981678640464,-0.04661650644984509
0.0097,-0.0034,-3.1761006979204596,-0.0024825596631989407,-0.03654965080807994
0.0098,-0.0034,-3.1717132907268586,-0.0013676742271445037,-0.025127354717918816
0.0099,-0.0034,-3.17259872972286,-0.0004726812207557707,-0.012860838349979274
0.01,-0.0034,-3.1735901820832515,0.0,0.0
0.0,-0.0033000000000000004,-2.9069540916157295,0.0,0.0
0.0001,-0.0033000000000000004,-2.91222748041338,5.733205946098705e-05,0.003454883153231728
0.0002,-0.0033000000000000004,-2.9086114605075193,0.00036106570749826504,0.006930684175773661
0.0003,-0.0033000000000000004,-2.905918731925999,0.0006035194869353783,0.010066950012281818
0.0004,-0.0033000000000000004,-2.9043381757998934,0.0011053845845567295,0.013069842469053551
0.0005,-0.0033000000000000004,-2.9025874269173286,0.0016625685210927604,0.015864153012031805
0.0006,-0.0033000000000000004,-2.9028384087580057,0.0020113245179061274,0.018452476779599443
0.0007,-0.0033000000000000004,-2.904227281593909,0.0026207884637441774,0.020915470503133287
0.0008,-0.0033000000000000004,-2.906008808820228,0.003087515145285108,0.02284223219223052
0.0009,-0.0033000000000000004,-2.9120459314836533,0.003653655580828724,0.02468529850166185
0.001,-0.0033000000000000004,-2.917636021813224,0.0041307602523169935,0.026277595806883044
0.0011,-0.0033000000000000004,-2.926129928145723,0.004604368981685166,0.02773775505698045
0.0012,-0.0033000000000000004,-2.9343410297506525,0.005111959385000662,0.028756031620367602
0.0013000000000000002,-0.0033000000000000004,-2.945782973999569,0.005582567186181342,0.029770028145654454
0.0014,-0.0033000000000000004,-2.959673116087356,0.00591855706439897,0.03058002008114078
0.0015,-0.0033000000000000004,-2.971533077375847,0.006388306690884316,0.031203905912769447
0.0016,-0.0033000000000000004,-2.9877784490983212,0.006832309984297328,0.031787209845908215
0.0017,-0.0033000000000000004,-3.006012998913137,0.007282040352675128,0.03204809385923063
0.0018,-0.0033000000000000004,-3.025229207318109,0.00767598054816394,0.03234972065849193
0.0019,-0.0033000000000000004,-3.044424164638447,0.00803528103419311,0.03251292504261799
0.002,-0.0033000000000000004,-3.0653239539307053,0.008471714462842473,0.03244555192307591
0.0021,-0.0033000000000000004,-3.0926772156089126,0.008869239198583335,0.03249934487965247
0.0022,-0.0033000000000000004,-3.117363105542939,0.009201998478782095,0.03221543343901233
0.0023,-0.0033000000000000004,-3.1321056447372775,0.009583338640804656,0.031869527458997175
0.0024,-0.0033000000000000004,-3.1594707785415683,0.009956158461933871,0.03143841334174953
0.0025,-0.0033000000000000004,-3.1953062438325834,0.010330602181218413,0.03101891268183224
0.0026000000000000003,-0.0033000000000000004,-3.2244056527679845,0.01066247646878614,0.030538011520424697
0.0027,-0.0033000000000000004,-3.252717267978622,0.011003711863760432,0.029895153932000207
0.0028,-0.0033000000000000004,-3.2824607376225003,0.011327332862805206,0.029185397788832248
0.0029,-0.0033000000000000004,-3.3115882159569545,0.011659859673798812,0.02838212050726572
0.003,-0.0033000000000000004,-3.3415755121909134,0.011969392827459634,0.02753024966780654
0.0031,-0.0033000000000000004,-3.3715777441775074,0.012242688301739815,0.026586376922431817
0.0032,-0.0033000000000000004,-3.4011724848806675,0.012514872642337012,0.02567678939440923
0.0033000000000000004,-0.0033000000000000004,-3.4304527279334005,0.012789683562908423,0.024647225330695934
0.0034,-0.0033000000000000004,-3.4592259949013786,0.013012947336343878,0.02358656280361656
0.0034999999999999996,-0.0033000000000000004,-3.4871767945027057,0.01327763022067029,0.022527339271356965
0.0036,-0.0033000000000000004,-3.5148708019806283,0.013476048916382821,0.021412797486681408
0.0037,-0.0033000000000000004,-3.5413350580001173,0.013650269459341613,0.020276840802793947
0.0038,-0.0033000000000000004,-3.566984804353463,0.013868876265661146,0.019163298445922735
0.0039,-0.0033000000000000004,-3.590937988903989,0.014036344478757063,0.017992302528381535
0.004,-0.0033000000000000004,-3.6146441772144295,0.014178676326442855,0.01682215027053929
0.0041,-0.0033000000000000004,-3.6374885330262776,0.014293828751920507,0.01567724323042582
0.0042,-0.0033000000000000004,-3.6582091427841834,0.014449568506213806,0.01452895116061395
0.0043,-0.0033000000000000004,-3.6779230836043553,0.014530082829696004,0.013367151684497581
0.0044,-0.0033000000000000004,-3.695672578519888,0.01463398208345709,0.012234854806676033
0.0045,-0.0033000000000000004,-3.7129340237799893,0.014743491385507072,0.011117966787480543
0.0046,-0.0033000000000000004,-3.727352166037767,0.014783712289959415,0.00996115141141091
0.0047,-0.0033000000000000004,-3.7437350557811286,0.014908124429409395,0.008860778288403993
0.0048,-0.0033000000000000004,-3.7548636488726768,0.014961106740203227,0.007783879566964503
0.0049,-0.0033000000000000004,-3.7672214968880753,0.015017441011406991,0.006676877421069073
0.005,-0.0033000000000000004,-3.77581898023183,0.01494640058047995,0.005628138842681601
0.0051,-0.0033000000000000004,-3.7842797594380984,0.01500862967641726,0.0045853521594793065
0.005200000000000001,-0.0033000000000000004,-3.7914097912732574,0.015015864446632452,0.003506769533180969
0.0053,-0.0033000000000000004,-3.795634533113427,0.015059703485014895,0.002492695453196841
0.0054,-0.0033000000000000004,-3.798417214641704,0.01511561044894298,0.0014483782625439566
0.0055,-0.0033000000000000004,-3.8002695289136725,0.014986223583388351,0.00046929730189160577
0.0056,-0.0033000000000000004,-3.80023178908074,0.01495390377206108,-0.0005428665952235061
0.005700000000000001,-0.0033000000000000004,-3.799540063690871,0.014890403450296448,-0.0014614973632577387
0.0058,-0.0033000000000000004,-3.7971699896544857,0.014799033119797215,-0.002435493269395527
0.0059,-0.0033000000000000004,-3.7934045399376353,0.014665433709831744,-0.0032832276466443393
0.006,-0.0033000000000000004,-3.7912276149201913,0.014537683740813928,-0.004165267200013838
0.0061,-0.0033000000000000004,-3.7838511153432584,0.014331060870630559,-0.005034396700424346
0.0062,-0.0033000000000000004,-3.7747698277229307,0.014196958002165493,-0.0059934376655907074
0.0063,-0.0033000000000000004,-3.7665471461803985,0.0138522323535517,-0.006866904908000369
0.0064,-0.0033000000000000004,-3.756925399691853,0.013629929663379108,-0.007665670855401315
0.006499999999999999,-0.0033000000000000004,-3.7489599270323324,0.01340530887726308,-0.008496739578426725
0.006600000000000001,-0.0033000000000000004,-3.7382353896588434,0.013060868373618152,-0.00932507427906337
0.0067,-0.0033000000000000004,-3.727605683869789,0.012700166250313283,-0.010135029084647421
0.0068,-0.0033000000000000004,-3.7183179184141224,0.012348112244761903,-0.010908542981516518
0.0069,-0.0033000000000000004,-3.7121107849915593,0.011985869262466031,-0.011693256414459327
0.006999999999999999,-0.0033000000000000004,-3.6954961225413023,0.011513088927696319,-0.01247399216122897
0.007100000000000001,-0.0033000000000000004,-3.686067554238637,0.010853677263156546,-0.013264858213390818
0.0072,-0.0033000000000000004,-3.671221074181946,0.01033212394870886,-0.014080215067474823
0.0073,-0.0033000000000000004,-3.664821068449604,0.009831146567672802,-0.01494009614426732
0.0074,-0.0033000000000000004,-3.6516966571023706,0.009115638578063833,-0.01582588558120299
0.0075,-0.0033000000000000004,-3.6456144614427215,0.008410959482834322,-0.016874855132053872
0.0076,-0.0033000000000000004,-3.6334970379014915,0.007719776897657334,-0.01794072916635281
0.0077,-0.0033000000000000004,-3.619771473424523,0.006858790523630884,-0.01919219586905057
0.0078,-0.0033000000000000004,-3.6102324649531594,0.005920442162112018,-0.020588395219673705
0.0079,-0.0033000000000000004,-3.5948474798782764,0.004929715854975972,-0.022214259488283143
0.008,-0.0033000000000000004,-3.579740581342653,0.0038433513970803274,-0.024077780788175598
0.0081,-0.0033000000000000004,-3.566953730813035,0.0026381426522970822,-0.02617345204937545
0.0082,-0.0033000000000000004,-3.547852760783222,0.0015387598862313737,-0.028589427620587332
0.0083,-0.0033000000000000004,-3.5293959672832615,0.00018801808673322222,-0.0313842078904243
0.0084,-0.0033000000000000004,-3.507730223696154,-0.0010983965795587196,-0.03449231100857027
0.0085,-0.0033000000000000004,-3.487262528990503,-0.002471642667718962,-0.03796523991359399
0.0086,-0.0033000000000000004,-3.450168249038679,-0.0037682152436661585,-0.04172297020233096
0.0087,-0.0033000000000000004,-3.4298245737336464,-0.005078484851862665,-0.0456111988847208
0.0088,-0.0033000000000000004,-3.4238912371716492,-0.0058692214969831595,-0.04940321260058915
0.0089,-0.0033000000000000004,-3.4451801260434385,-0.00659829735756489,-0.05370713382052977
0.009,-0.0033000000000000004,-3.5338925426626693,-0.00783795536653288,-0.056011022512837766
0.0091,-0.0033000000000000004,-3.318166880893364,-0.008724179120299264,-0.059427814143286975
0.0092,-0.0033000000000000004,-3.1831811196445257,-0.010005428979807631,-0.06343717297554279
0.0093,-0.0033000000000000004,-3.232220956511203,-0.008181693434490343,-0.06207807678162244
0.0094,-0.0033000000000000004,-3.201700272933304,-0.0060167197478686206,-0.06150820461790011
0.0095,-0.0033000000000000004,-3.2625966015198333,-0.004291013300301642,-0.05441921674086852
0.0096,-0.0033000000000000004,-3.1879463721513255,-0.002938628086229475,-0.04751839646559993
0.0097,-0.0033000000000000004,-3.1878354257363393,-0.002550895351904539,-0.03804342182764032
0.0098,-0.0033000000000000004,-3.1664574214837864,-0.0012934585005883574,-0.026208013369745223
0.0099,-0.0033000000000000004,-3.1732978134206613,-0.0004814804663690524,-0.013504231191376932
0.01,-0.0033000000000000004,-3.1699242606897897,0.0,0.0
0.0,-0.0032,-2.9130668454720077,0.0,0.0
0.0001,-0.0032,-2.9087580451182036,0.00020464671781417087,0.0032632236805792084
0.0002,-0.0032,-2.907977016857411,0.0002652613483291888,0.006544316211425954
0.0003,-0.0032,-2.9045449316290717,0.0007203374142653081,0.009672664259459944
0.0004,-0.0032,-2.902348478179009,0.001163382696349395,0.012645807716675778
0.0005,-0.0032,-2.8981465391948156,0.001597947446016196,0.01544817362122711
0.0006,-0.0032,-2.9001729165839776,0.002186675415214633,0.0179287148621466
0.0007,-0.0032,-2.90224203870509,0.0026606136005672544,0.020249987603915644
0.0008,-0.0032,-2.9019266559864794,0.003251542203691985,0.02236170814562481
0.0009,-0.0032,-2.9065087973021924,0.0038086838985058706,0.02426773648613305
0.001,-0.0032,-2.912672964983785,0.004335320415291609,0.025767557938645876
0.0011,-0.0032,-2.920324931021693,0.004937337983551597,0.02720132652419705
0.0012,-0.0032,-2.92881883669561,0.005368854601607438,0.028338970009613787
0.0013000000000000002,-0.0032,-2.939086261560704,0.005933081222523687,0.02929088957927888
0.0014,-0.0032,-2.95159750302906,0.006396337637816313,0.030102974866656432
0.0015,-0.0032,-2.9667050352616102,0.0068762108125939945,0.03074422315600175
0.0016,-0.0032,-2.978701403790621,0.007277834744084654,0.03125765703032304
0.0017,-0.0032,-2.9973141602882083,0.007753410366345876,0.031591883062683276
0.0018,-0.0032,-3.0151159441686683,0.00820234696918387,0.031847118078605234
0.0019,-0.0032,-3.0342163581823085,0.008644841479179701,0.03204762942709189
0.002,-0.0032,-3.0601797691672648,0.00906046929441622,0.03209067800370415
0.0021,-0.0032,-3.08389025549524,0.009518544278461008,0.031901559835083915
0.0022,-0.0032,-3.103996351814608,0.009924385028898315,0.03174381201681912
0.0023,-0.0032,-3.126288844552651,0.010313230841990154,0.03159588579801441
0.0024,-0.0032,-3.152598560067444,0.010763194748909336,0.031226852236225053
0.0025,-0.0032,-3.1799467482104347,0.011125985178482282,0.030738070121800576
0.0026000000000000003,-0.0032,-3.2088841486523787,0.011517218349109994,0.03016071231417454
0.0027,-0.0032,-3.237455619066409,0.011900135120419956,0.029575046919319538
0.0028,-0.0032,-3.2663321476771103,0.012256496314289551,0.02887114303827811
0.0029,-0.0032,-3.2956288617107106,0.012603028166122339,0.02805890946819882
0.003,-0.0032,-3.324917427885775,0.012938369668330806,0.02721695072980983
0.0031,-0.0032,-3.354652450848287,0.013237898106205393,0.02634470265475813
0.0032,-0.0032,-3.3837673447521186,0.013532391630814107,0.025383764785427334
0.0033000000000000004,-0.0032,-3.413232836256487,0.013894380906398482,0.02438763827180041
0.0034,-0.0032,-3.4419453764146626,0.014151765008394757,0.0233611333056839
0.0034999999999999996,-0.0032,-3.4696201752940303,0.014346558267855136,0.0222681100541257
0.0036,-0.0032,-3.4970529316913765,0.01458429025919842,0.021215205171540203
0.0037,-0.0032,-3.5235142993458335,0.014764636498897865,0.02010042699300933
0.0038,-0.0032,-3.5492298373626103,0.014990902122135436,0.018962863784729573
0.0039,-0.0032,-3.5739370691765098,0.015177540901067616,0.017834117068724186
0.004,-0.0032,-3.5975209434225817,0.015331760466314837,0.016683660486472834
0.0041,-0.0032,-3.619958226451762,0.01549573763989058,0.015539999937631728
0.0042,-0.0032,-3.639889227423731,0.015627460056433843,0.0144026524718446
0.0043,-0.0032,-3.6597494239782593,0.015752599577598028,0.013251056664668548
0.0044,-0.0032,-3.678650869120378,0.015871430026566102,0.01214502403752907
0.0045,-0.0032,-3.69478591367595,0.015944589560478006,0.011009838523177723
0.0046,-0.0032,-3.7101362165225877,0.016024549146241414,0.009903027156303876
0.0047,-0.0032,-3.724063692434802,0.016122487747219503,0.008815228842510875
0.0048,-0.0032,-3.737610593113357,0.016194139599390842,0.007725146680035801
0.0049,-0.0032,-3.7465528901401646,0.016155234831802534,0.0066350281229486455
0.005,-0.0032,-3.7566815960754125,0.016295359288167454,0.005574282911086446
0.0051,-0.0032,-3.7645607127073464,0.016238483021701614,0.0045356721217380495
0.005200000000000001,-0.0032,-3.7709741097330465,0.0162752217431354,0.0035047637270506264
0.0053,-0.0032,-3.7745320491229424,0.01629558556080232,0.0025146055350912157
0.0054,-0.0032,-3.777845668161912,0.016213210516725432,0.0015146352546485805
0.0055,-0.0032,-3.780462386538624,0.016311739610136655,0.0005260568985246673
0.0056,-0.0032,-3.7797794422790387,0.016068467432935593,-0.0004377402414663511
0.005700000000000001,-0.0032,-3.777454755552216,0.016008345586212516,-0.0013360000575508117
0.0058,-0.0032,-3.775430316719624,0.016044831840278335,-0.0022770665663379174
0.0059,-0.0032,-3.7705141851158492,0.01573974138019878,-0.003171465254418954
0.006,-0.0032,-3.7639763781457845,0.015757110184211973,-0.004140926241439791
0.0061,-0.0032,-3.757972210296451,0.015453152629597728,-0.004933090875503984
0.0062,-0.0032,-3.748731416877139,0.015118938264760066,-0.005793972879246773
0.0063,-0.0032,-3.7407216214756147,0.015183436453490493,-0.006616568414129558
0.0064,-0.0032,-3.7327443138513376,0.014660168406168742,-0.0074330254582511916
0.006499999999999999,-0.0032,-3.7237315576015857,0.014596524858236821,-0.008210640896679217
0.006600000000000001,-0.0032,-3.710420776207626,0.014079295111526724,-0.008988423243559434
0.0067,-0.0032,-3.6981265945131745,0.013925511355908636,-0.009761994605138661
0.0068,-0.0032,-3.6918476247938474,0.013420206683106246,-0.010524436589759874
0.0069,-0.0032,-3.678658531942483,0.012918347020973057,-0.011244115030885064
0.006999999999999999,-0.0032,-3.669468158857645,0.012602034297488641,-0.011990861420661497
0.007100000000000001,-0.0032,-3.6569844186907967,0.012058842640579834,-0.012736191693305267
0.0072,-0.0032,-3.644959916301329,0.011464657708171913,-0.013480703489788182
0.0073,-0.0032,-3.6349750908544514,0.010879899296447573,-0.014268371409476314
0.0074,-0.0032,-3.626788616193198,0.01019175766478834,-0.01516478002686207
0.0075,-0.0032,-3.613961575622506,0.009564303631333882,-0.016156914848115638
0.0076,-0.0032,-3.6014652426796436,0.008753367736077287,-0.017157053558008194
0.0077,-0.0032,-3.5942888045638006,0.007864244126093116,-0.018281947828580548
0.0078,-0.0032,-3.581138992380383,0.006984150649743015,-0.01965479906913043
0.0079,-0.0032,-3.5707962880802078,0.00596973875691716,-0.021182663731929386
0.008,-0.0032,-3.559274808945485,0.004965900020092785,-0.022969565918690368
0.0081,-0.0032,-3.5475861338366776,0.003871219205740534,-0.02499845379222197
0.0082,-0.0032,-3.5337473029091444,0.0025589225769913127,-0.027331951561133536
0.0083,-0.0032,-3.513122620063554,0.0013182446493454202,-0.03008320122411273
0.0084,-0.0032,-3.493613394090504,-5.527604962131186e-05,-0.033125863514923574
0.0085,-0.0032,-3.472432335477705,-0.0013940524259132168,-0.036575552903585926
0.0086,-0.0032,-3.44949897889398,-0.0027756319322548998,-0.040552739426420195
0.0087,-0.0032,-3.422393982098216,-0.0040198488613073366,-0.0446396572507096
0.0088,-0.0032,-3.40030659923749,-0.005236741611762422,-0.04882150250301276
0.0089,-0.0032,-3.3094917627546003,-0.006116800926650651,-0.05395144694944601
0.009,-0.0032,-3.3238061738052065,-0.007166166042523173,-0.05804629372281429
0.0091,-0.0032,-3.3886862697181748,-0.007468315561234698,-0.06014416822254442
0.0092,-0.0032,-3.265117870454114,-0.008003322877744948,-0.061999000052196065
0.0093,-0.0032,-3.222962717564545,-0.008356977989735632,-0.0615148842260215
0.0094,-0.0032,-3.220514333531725,-0.006437018527670826,-0.06054568731841721
0.0095,-0.0032,-3.1702322872011086,-0.005508810243494076,-0.05687951198139876
0.0096,-0.0032,-3.1475571801404385,-0.0038229482437919407,-0.04809218719295858
0.0097,-0.0032,-3.151975288683939,-0.002768204317722512,-0.03933567090023563
0.0098,-0.0032,-3.17045489446545,-0.001316029557857307,-0.027474186814252427
0.0099,-0.0032,-3.1660474146439244,-0.00042891587530237136,-0.014121265324583838
0.01,-0.0032,-3.1646944728977506,0.0,0.0
0.0,-0.0031,-2.9061699904038383,0.0,0.0
0.0001,-0.0031,-2.9104309900698904,7.865497581951164e-05,0.00317360918468043
0.0002,-0.0031,-2.90405171643569,0.00029203453544098993,0.006264719763146804
0.0003,-0.0031,-2.9006394446398995,0.0006955115547774768,0.009274458269356703
0.0004,-0.0031,-2.8988702918751517,0.0011991229847502123,0.012156339310130312
0.0005,-0.0031,-2.895625781310071,0.001560415231429263,0.014900736301640544
0.0006,-0.0031,-2.898095158298309,0.002147056815687357,0.017431072534446666
0.0007,-0.0031,-2.8990421217366,0.0027909866861846305,0.019786546012096715
0.0008,-0.0031,-2.89924473096036,0.0033999111410364154,0.021781708692538204
0.0009,-0.0031,-2.9024487788426834,0.00395292104401937,0.023593095129843273
0.001,-0.0031,-2.9070827973270275,0.004510933614935637,0.025147261545661315
0.0011,-0.0031,-2.9133092369640603,0.005110858950840728,0.026621497707267128
0.0012,-0.0031,-2.9215327705786844,0.005698738467751495,0.027776501633151998
0.0013000000000000002,-0.0031,-2.931953266949974,0.006229973823857371,0.02876744371855205
0.0014,-0.0031,-2.942904009742252,0.006732209829662041,0.02962605833719813
0.0015,-0.0031,-2.9553102293771714,0.007269900551926426,0.0302943997822383
0.0016,-0.0031,-2.969568475923869,0.007764138357430745,0.030810351605842945
0.0017,-0.0031,-2.982969247125585,0.008267428013380762,0.031253359681697075
0.0018,-0.0031,-3.003013257181382,0.008769276869689927,0.03148080539883875
0.0019,-0.0031,-3.023504994914661,0.009240345589179261,0.03161460021154256
0.002,-0.0031,-3.044354096966493,0.009671129402833467,0.031571931436058624
0.0021,-0.0031,-3.064399011165338,0.010140061178317688,0.031495404342588115
0.0022,-0.0031,-3.0861203100813546,0.010609576243341315,0.03133254151434533
0.0023,-0.0031,-3.112174193949961,0.011041363952441433,0.031139858931850006
0.0024,-0.0031,-3.1384751679378633,0.011489212958105448,0.030742785954576385
0.0025,-0.0031,-3.164100065762788,0.011935435751142304,0.030353594530425073
0.0026000000000000003,-0.0031,-3.192005678030444,0.012349825569598882,0.0297643371592151
0.0027,-0.0031,-3.220378169359333,0.012752542973402399,0.029125775433838798
0.0028,-0.0031,-3.2490283373046367,0.013139186933178233,0.028468425787062823
0.0029,-0.0031,-3.2774736441712333,0.013527053346719057,0.027703429144318944
0.003,-0.0031,-3.306937886503837,0.013880816955680365,0.026901466946695277
0.0031,-0.0031,-3.336457017252075,0.014215015861236711,0.025976557510053934
0.0032,-0.0031,-3.365676530799896,0.014584095724045766,0.025093603428063178
0.0033000000000000004,-0.0031,-3.394289035990416,0.014877138828790033,0.024098975145926932
0.0034,-0.0031,-3.4231240256945834,0.015159377618498277,0.023088253523909415
0.0034999999999999996,-0.0031,-3.450825937916163,0.015412965377064176,0.022015002562205305
0.0036,-0.0031,-3.478166735501227,0.01566204308461155,0.020968158138231652
0.0037,-0.0031,-3.504456514402197,0.01587557390158507,0.01987719016305883
0.0038,-0.0031,-3.5306706982904013,0.016151413828035744,0.018750133483496873
0.0039,-0.0031,-3.554665726646969,0.016316435019035836,0.0176527827296304
0.004,-0.0031,-3.578308244450602,0.0164952171317715,0.01652426395425749
0.0041,-0.0031,-3.6003841539739865,0.01666261132273598,0.015388525598402501
0.0042,-0.0031,-3.62162357564163,0.016800656371967333,0.014265340942185657
0.0043,-0.0031,-3.6409653665305552,0.016969470351695198,0.013136879122902158
0.0044,-0.0031,-3.659262776970839,0.017045990909769767,0.012042720330864096
0.0045,-0.0031,-3.67522566751013,0.017169811182036556,0.010922769899434123
0.0046,-0.0031,-3.6921197844866023,0.01722070387804146,0.00980663390668978
0.0047,-0.0031,-3.704429130400659,0.01726798323385958,0.008730037183661192
0.0048,-0.0031,-3.7184085532527993,0.01740410462882243,0.007652287682804688
0.0049,-0.0031,-3.728007785751177,0.01745852485641822,0.0066036454866322735
0.005,-0.0031,-3.737538134231446,0.017510417093071936,0.005570719820919186
0.0051,-0.0031,-3.743898847781924,0.017523813601760557,0.004516030831969802
0.005200000000000001,-0.0031,-3.750431147722842,0.01749761679286317,0.0035356480973288114
0.0053,-0.0031,-3.7535031675700385,0.017371760272874553,0.0025280278412898954
0.0054,-0.0031,-3.757524377985578,0.017449690911860178,0.0015471484179744323
0.0055,-0.0031,-3.7571228808734953,0.01731355248956256,0.0006009761002091805
0.0056,-0.0031,-3.7568113826849925,0.017312292982424104,-0.0003008768984635018
0.005700000000000001,-0.0031,-3.754648654775404,0.01718059451523037,-0.0012787452130423095
0.0058,-0.0031,-3.7506081577166164,0.017036951906764238,-0.0021639859797427503
0.0059,-0.0031,-3.7473299947648386,0.01684848348714596,-0.003041062994715044
0.006,-0.0031,-3.740577604197065,0.016766674250060037,-0.003954217493489595
0.0061,-0.0031,-3.7337203849699008,0.016499881227326495,-0.004738370391472832
0.0062,-0.0031,-3.7246635399944252,0.016464011797783267,-0.005579816794801158
0.0063,-0.0031,-3.7151221705111404,0.016188606270027404,-0.006324752169295184
0.0064,-0.0031,-3.70400905524659,0.015798409865851227,-0.007129951870062737
0.006499999999999999,-0.0031,-3.696959332022137,0.015522507241041775,-0.007899380949077205
0.006600000000000001,-0.0031,-3.6844210892944997,0.015145332347947377,-0.008652745527780595
0.0067,-0.0031,-3.670636534633012,0.014847029560985667,-0.009371778788426882
0.0068,-0.0031,-3.662315504666743,0.014605275383948145,-0.010076645015340936
0.0069,-0.0031,-3.653100200609481,0.014034657937536367,-0.010758154871804013
0.006999999999999999,-0.0031,-3.639165074726967,0.013428967561465447,-0.011516734544581542
0.007100000000000001,-0.0031,-3.626927676551023,0.013046285614182467,-0.012225068416206797
0.0072,-0.0031,-3.6159589856422123,0.012497476660324013,-0.012950936861725437
0.0073,-0.0031,-3.6097290627565806,0.01183370937369237,-0.013705106099503817
0.0074,-0.0031,-3.599641059668701,0.011231063352193585,-0.014523649622687096
0.0075,-0.0031,-3.58746657645692,0.010544716870246086,-0.01538699458436161
0.0076,-0.0031,-3.5767243913095372,0.009726471962053066,-0.016361601568610534
0.0077,-0.0031,-3.5654136281149946,0.0090041629333961,-0.017449513260353083
0.0078,-0.0031,-3.558356744963363,0.008054913038754509,-0.018716217595455876
0.0079,-0.0031,-3.54878489595321,0.007080563547612733,-0.020135366560143975
0.008,-0.0031,-3.5369601159775113,0.0060351339062749525,-0.021892685816317817
0.0081,-0.0031,-3.5239604386385066,0.004829728814283077,-0.023783404922572145
0.0082,-0.0031,-3.508299836868887,0.0036736599394267774,-0.026163859104832345
0.0083,-0.0031,-3.4959123533203593,0.002396865397087113,-0.02874545286885363
0.0084,-0.0031,-3.477339417952358,0.0009937739156942204,-0.031775406213031564
0.0085,-0.0031,-3.4588477942638693,-0.0003698980841754282,-0.03521507346505339
0.0086,-0.0031,-3.4376800678469004,-0.0017965606037393719,-0.03902633645544773
0.0087,-0.0031,-3.405384357655662,-0.00315690541644659,-0.04330638316111664
0.0088,-0.0031,-3.379401257326379,-0.004624609476770049,-0.0475882747239531
0.0089,-0.0031,-3.3302832060769614,-0.005817468483134684,-0.05156836953891776
0.009,-0.0031,-3.240996321963927,-0.006714670209121482,-0.05589814685311509
0.0091,-0.0031,-3.2739808007945927,-0.007051603067119353,-0.0596440261320064
0.0092,-0.0031,-3.2510693319250765,-0.0070996614818584,-0.06183993042239455
0.0093,-0.0031,-3.123291613287422,-0.006959760370074561,-0.06338485919052574
0.0094,-0.0031,-3.106033693122239,-0.0064259965144137345,-0.06084632161135831
0.0095,-0.0031,-3.1346411042759392,-0.0048245504801710665,-0.05732577757645994
0.0096,-0.0031,-3.157209803783857,-0.004155770305820536,-0.04981676196210481
0.0097,-0.0031,-3.1551676059775584,-0.002172370682549408,-0.04073574148478024
0.0098,-0.0031,-3.1592411967594467,-0.0016293829312607165,-0.028747730017023788
0.0099,-0.0031,-3.1570003919415126,-0.0005454789027936445,-0.014805946867147514
0.01,-0.0031,-3.157178317504567,0.0,0.0
0.0,-0.003,-2.9113096924481896,0.0,0.0
0.0001,-0.003,-2.907320614045164,2.7134325486838126e-05,0.0030648378502056844
0.0002,-0.003,-2.9017975498383537,0.00032059937254168714,0.005996279888150669
0.0003,-0.003,-2.898032342285773,0.0006768992071708301,0.008884861661502623
0.0004,-0.003,-2.8919237149045727,0.0011587538399668044,0.011675055485457917
0.0005,-0.003,-2.891921293145718,0.001602352754931889,0.014328809272130545
0.0006,-0.003,-2.892125644784403,0.002201380015766965,0.016875803964119227
0.0007,-0.003,-2.892429884840637,0.0028630358828344187,0.019098919100318197
0.0008,-0.003,-2.891255418579241,0.0034704467077200972,0.02112674570668683
0.0009,-0.003,-2.8959569813574704,0.004108905822808031,0.022997450035186183
0.001,-0.003,-2.900828611964046,0.004665378070840681,0.02457661036890015
0.0011,-0.003,-2.906439740957228,0.0052811465275941685,0.025965434470090268
0.0012,-0.003,-2.913794354897701,0.0059165053424458875,0.02725788000836098
0.0013000000000000002,-0.003,-2.922735242922839,0.006505350272588403,0.028249412997919218
0.0014,-0.003,-2.9336296010917375,0.0070452010482852856,0.029077492088397862
0.0015,-0.003,-2.945025997189336,0.007615578046978773,0.029766431913561153
0.0016,-0.003,-2.9582573702355295,0.008208862303616745,0.03029178262428287
0.0017,-0.003,-2.9765408969452736,0.008701735076329235,0.030679495382189094
0.0018,-0.003,-2.992226960433017,0.009206927045039162,0.030998186802253993
0.0019,-0.003,-3.0101775649891573,0.009722934596693628,0.031074025962754194
0.002,-0.003,-3.02870597709653,0.010274055633697248,0.031161039059179232
0.0021,-0.003,-3.0498453785661024,0.010776736973419462,0.031137410603940808
0.0022,-0.003,-3.0724536309350508,0.011252787374148168,0.030892254365396006
0.0023,-0.003,-3.0976337405226,0.011742024825884635,0.030628429361975323
0.0024,-0.003,-3.1212539700145663,0.01221278532584633,0.030292305824791466
0.0025,-0.003,-3.1472054876271116,0.012659249749318644,0.02986384334723289
0.0026000000000000003,-0.003,-3.1741207279415713,0.01314847219080411,0.02935181061341334
0.0027,-0.003,-3.202202872068965,0.013580219367456958,0.028731726083647404
0.0028,-0.003,-3.2302548635493156,0.014003131286880206,0.02807275948526332
0.0029,-0.003,-3.2587733031427484,0.01440455871839517,0.02730943279754357
0.003,-0.003,-3.28720691978402,0.014790797062784244,0.026530649258082923
0.0031,-0.003,-3.3162558626552134,0.015175510966135498,0.02565893238407323
0.0032,-0.003,-3.3457050582728325,0.015525881502427114,0.02474208327550826
0.0033000000000000004,-0.003,-3.373884159521117,0.015851487613288126,0.02378973460326457
0.0034,-0.003,-3.402874858846671,0.016194007906203577,0.022761696895540334
0.0034999999999999996,-0.003,-3.430580018568157,0.01647433508139511,0.02173849429126217
0.0036,-0.003,-3.4575464920314003,0.016776292211223735,0.02072368170207332
0.0037,-0.003,-3.4848014187263594,0.016997817665094596,0.019652217117637347
0.0038,-0.003,-3.50960201447725,0.017250401669901872,0.018549971288595077
0.0039,-0.003,-3.534123442578661,0.017449040621469788,0.017459878826049723
0.004,-0.003,-3.557991903588752,0.017662128513457515,0.016330763926786052
0.0041,-0.003,-3.580365321977734,0.017828361458680202,0.01523329841654411
0.0042,-0.003,-3.6011539369123637,0.017987633579094962,0.014120826441390079
0.0043,-0.003,-3.6206447311189605,0.018113227848641875,0.012996605973903905
0.0044,-0.003,-3.6388979990692203,0.01823012098617948,0.011918557799512055
0.0045,-0.003,-3.656352281239378,0.018338270919564612,0.010806707217829066
0.0046,-0.003,-3.6712149027574172,0.018416190526434405,0.009760071873011273
0.0047,-0.003,-3.6849736916725115,0.01853410208287081,0.00867625096074996
0.0048,-0.003,-3.6969870634268927,0.0185500220593755,0.0076189860069853545
0.0049,-0.003,-3.706491374342144,0.01861074280324772,0.006571333995276977
0.005,-0.003,-3.715655598405699,0.01868959806688197,0.005566769384998255
0.0051,-0.003,-3.7229391726384464,0.018658847651294292,0.004531071237270376
0.005200000000000001,-0.003,-3.728103949396791,0.01864051748954945,0.003560930631201191
0.0053,-0.003,-3.7330993090781157,0.018603999873355204,0.0025511004069655122
0.0054,-0.003,-3.733820329282818,0.018570492754440362,0.0015769023125144944
0.0055,-0.003,-3.7330057593466526,0.018459707847401204,0.000694185013366183
0.0056,-0.003,-3.732477248564651,0.01849264998397172,-0.00025521497789566215
0.005700000000000001,-0.003,-3.7311125298377767,0.01833107208443623,-0.00119388878220223
0.0058,-0.003,-3.7280992022673054,0.01822627192438909,-0.0019819701517985577
0.0059,-0.003,-3.721442416557901,0.018065852993308814,-0.0028655786588119895
0.006,-0.003,-3.7174146731956776,0.01787010369068977,-0.0037178487826947625
0.0061,-0.003,-3.707948233485072,0.0176323906280499,-0.004523165557384626
0.0062,-0.003,-3.6981690139703254,0.01736103644160401,-0.005312113047538017
0.0063,-0.003,-3.688020969665743,0.01712442663445085,-0.006084143098003165
0.0064,-0.003,-3.6783852158951733,0.016826437629344687,-0.006859062213811145
0.006499999999999999,-0.003,-3.6702113971964776,0.016526594611924805,-0.007562426130889856
0.006600000000000001,-0.003,-3.656585764303379,0.016252312054471557,-0.008287581819131957
0.0067,-0.003,-3.6434983839873056,0.015850588715343752,-0.008952413367424257
0.0068,-0.003,-3.629629009873004,0.015335530226339215,-0.009645555213317085
0.0069,-0.003,-3.6189734024144173,0.014965678473263137,-0.010352906669434933
0.006999999999999999,-0.003,-3.611000827538802,0.014515740130232897,-0.010979142688917655
0.007100000000000001,-0.003,-3.59756040282814,0.013930635403976176,-0.011689438632243102
0.0072,-0.003,-3.58642011006302,0.013383976242263802,-0.012360100668859017
0.0073,-0.003,-3.572116507484877,0.012790293636288853,-0.013089517089516153
0.0074,-0.003,-3.570495909952961,0.01208546660456223,-0.013877583029333413
0.0075,-0.003,-3.5603874038821304,0.011454444562992914,-0.014659801805591805
0.0076,-0.003,-3.5471034779308126,0.010657318593683728,-0.015560506936456473
0.0077,-0.003,-3.538535179941305,0.009885205000021262,-0.01663368340392368
0.0078,-0.003,-3.529580540781122,0.008985580390126306,-0.017764925502843403
0.0079,-0.003,-3.5190637071210746,0.008062186558627117,-0.019190384376262772
0.008,-0.003,-3.5073398485311538,0.006977549810798209,-0.020799814611217604
0.0081,-0.003,-3.500437070107562,0.005878701173885045,-0.022671050377737173
0.0082,-0.003,-3.487407627147079,0.004680261817632369,-0.024886283813189133
0.0083,-0.003,-3.4704193085946997,0.0033874483605975864,-0.027410356738232042
0.0084,-0.003,-3.459457322073095,0.0020504246681920905,-0.030436355026638856
0.0085,-0.003,-3.437429268470549,0.000631293589283894,-0.03371470288069039
0.0086,-0.003,-3.4193925176271245,-0.0008343322463447243,-0.037674451639277746
0.0087,-0.003,-3.391337267290965,-0.002264364028801932,-0.0417963635812311
0.0088,-0.003,-3.385185738708023,-0.003673840797898971,-0.04641891489708296
0.0089,-0.003,-3.411627099943019,-0.004913281232575099,-0.051006363626951004
0.009,-0.003,-3.4436821762826892,-0.006120454674855351,-0.055040850630485194
0.0091,-0.003,-3.4240859195960267,-0.00661889087735061,-0.058690778326585494
0.0092,-0.003,-3.2708728009207153,-0.006798155310434867,-0.062053635932858175
0.0093,-0.003,-3.311111466149079,-0.007313180937108238,-0.060984580517997704
0.0094,-0.003,-3.056029734141096,-0.005926319922082939,-0.06040990381505004
0.0095,-0.003,-3.156471883588257,-0.006506907826079717,-0.05784152436292202
0.0096,-0.003,-3.181499539391022,-0.004676394508313231,-0.051338394843572416
0.0097,-0.003,-3.1385186489207846,-0.0028348268341602946,-0.041909468957484826
0.0098,-0.003,-3.153534187457355,-0.001509115143179144,-0.030456577002030694
0.0099,-0.003,-3.146831705556165,-0.0005375467323542257,-0.01539099521204626
0.01,-0.003,-3.147745644397849,0.0,0.0
0.0,-0.0029,-2.9003367171936745,0.0,0.0
0.0001,-0.0029,-2.9044495509505914,0.00020452315447127872,0.002887434116689358
0.0002,-0.0029,-2.8968613299414963,0.0003154120403678698,0.005738253839136417
0.0003,-0.0029,-2.8915439417870172,0.0006743315413607313,0.008467580581293916
0.0004,-0.0029,-2.8901016269169073,0.0010795351676686621,0.011204004809520149
0.0005,-0.0029,-2.8873853904420947,0.0016271637132116172,0.01379961627305184
0.0006,-0.0029,-2.8878244145020497,0.00224479938996885,0.016184778348396624
0.0007,-0.0029,-2.887251943410135,0.002948428279032981,0.01846478298795836
0.0008,-0.0029,-2.8857028558547895,0.0035492902798656915,0.020496693085061492
0.0009,-0.0029,-2.889355794771078,0.004201243224764272,0.02231569723341998
0.001,-0.0029,-2.8936378847130513,0.004824809990369312,0.02398204232623444
0.0011,-0.0029,-2.89865213588209,0.0054416584169841055,0.025460998566131446
0.0012,-0.0029,-2.905561214149992,0.006131772610149013,0.026650374108772603
0.0013000000000000002,-0.0029,-2.9140995730871233,0.0067529695426625375,0.027598444233424915
0.0014,-0.0029,-2.9236618715317753,0.007339767924240535,0.02841369541683273
0.0015,-0.0029,-2.934038571896834,0.007987535132133926,0.029135729454662834
0.0016,-0.0029,-2.9476468690416557,0.008588387125057282,0.029732500516276114
0.0017,-0.0029,-2.9621625180433733,0.009141429099664089,0.03011551663464264
0.0018,-0.0029,-2.978038247088202,0.009715783086833098,0.030411066141261763
0.0019,-0.0029,-2.9953375504907664,0.010245898997552284,0.030528268838991724
0.002,-0.0029,-3.0147248240444626,0.010801510306626079,0.030664600191764858
0.0021,-0.0029,-3.035251387431349,0.011341561436849727,0.030546326593849385
0.0022,-0.0029,-3.056917375124275,0.01187550298920101,0.03041525439421748
0.0023,-0.0029,-3.0800087685734785,0.012365848065006464,0.03014515784638458
0.0024,-0.0029,-3.1037395013589095,0.012870687113663532,0.029752755946462053
0.0025,-0.0029,-3.1284546560271798,0.013383042120150276,0.029362728488206893
0.0026000000000000003,-0.0029,-3.155524297044566,0.01388081396559046,0.028879776952471306
0.0027,-0.0029,-3.1819247343867336,0.014358499447175778,0.028258635388599542
0.0028,-0.0029,-3.2103049557022114,0.014815312934977391,0.027653317952723935
0.0029,-0.0029,-3.2383936703278944,0.015259995326463566,0.026915250527614648
0.003,-0.0029,-3.2675580472710037,0.015682978412108146,0.02612330334231059
0.0031,-0.0029,-3.295165972045427,0.016081548388473376,0.025260053726725164
0.0032,-0.0029,-3.324429880900857,0.016461292634762204,0.0243759550948895
0.0033000000000000004,-0.0029,-3.3533633091060064,0.016824021686998644,0.023474678799902296
0.0034,-0.0029,-3.3812542202529463,0.017147669688907935,0.022483354103697943
0.0034999999999999996,-0.0029,-3.409237748668983,0.017470821505209077,0.021485407299053197
0.0036,-0.0029,-3.4362930244268513,0.017749571595796584,0.02045632757281481
0.0037,-0.0029,-3.462696618033292,0.018041948865020713,0.019375836753147153
0.0038,-0.0029,-3.488165682617447,0.01829811531915148,0.018335778234335406
0.0039,-0.0029,-3.513097235712157,0.018545490204991858,0.017231315389954895
0.004,-0.0029,-3.536771685387588,0.01873645977105538,0.016161606526072285
0.0041,-0.0029,-3.5582783266271876,0.01892856429039731,0.015057085119428576
0.0042,-0.0029,-3.5799173760081078,0.019115519257895147,0.013978214195022785
0.0043,-0.0029,-3.599429372289174,0.019264239507578707,0.012873463431637866
0.0044,-0.0029,-3.6176139390405053,0.019373209904510635,0.011795261392577083
0.0045,-0.0029,-3.63392995188356,0.01948527321159369,0.010703801866706811
0.0046,-0.0029,-3.6498784503202404,0.019622098785868586,0.00964635650929447
0.0047,-0.0029,-3.663096428018361,0.0196731450247567,0.008600043294629399
0.0048,-0.0029,-3.6747348134264155,0.019721821816403085,0.007565799227279595
0.0049,-0.0029,-3.6851367844730682,0.01976894326150657,0.006506683343983075
0.005,-0.0029,-3.6927381052678308,0.019767668647436294,0.005529283027899719
0.0051,-0.0029,-3.699678019553993,0.019734527867530154,0.0045630658553557244
0.005200000000000001,-0.0029,-3.7056189812610656,0.019797322297141123,0.003546563373541441
0.0053,-0.0029,-3.709554443402582,0.019740306361222707,0.002589551714937138
0.0054,-0.0029,-3.711006262505483,0.019642821328996432,0.0016660338416081067
0.0055,-0.0029,-3.711987262771144,0.019494556909593348,0.0006949965763088117
0.0056,-0.0029,-3.7093175382260455,0.019460045005616676,-0.00017918227795768322
0.005700000000000001,-0.0029,-3.707391357482048,0.01940968416232616,-0.000991462633057217
0.0058,-0.0029,-3.703119905843672,0.019248202690003224,-0.001862535957815079
0.0059,-0.0029,-3.6977473820867224,0.01910082409490801,-0.002748145719074397
0.006,-0.0029,-3.690598873140497,0.018797690479379,-0.0035065389249512367
0.0061,-0.0029,-3.682430417353687,0.018755187402429197,-0.004245413214404617
0.0062,-0.0029,-3.6728999207471413,0.01828529878302162,-0.005025561888591529
0.0063,-0.0029,-3.661135498433231,0.018189160728620868,-0.00582715350026496
0.0064,-0.0029,-3.6520979477217503,0.017813380897841773,-0.006526745883238818
0.006499999999999999,-0.0029,-3.640397660439094,0.017437640806847118,-0.007238414397515863
0.006600000000000001,-0.0029,-3.628199539613627,0.01705751029470971,-0.007945087832739433
0.0067,-0.0029,-3.6165151753675504,0.016733552109142787,-0.008552413092380392
0.0068,-0.0029,-3.602487374076602,0.01639960024393251,-0.00921694954900747
0.0069,-0.0029,-3.5929494674315383,0.01581605800282241,-0.009891962107659705
0.006999999999999999,-0.0029,-3.5784135527222527,0.01534037106993712,-0.010524227673747093
0.007100000000000001,-0.0029,-3.5676645469604624,0.014788565472040036,-0.01113212833006988
0.0072,-0.0029,-3.5566446117079398,0.014288700163258403,-0.011781031126865977
0.0073,-0.0029,-3.5467263265344786,0.013650385072353298,-0.012495231237220537
0.0074,-0.0029,-3.5396941670592867,0.012989470281495148,-0.013178183027273855
0.0075,-0.0029,-3.5303895113537354,0.012315702348814584,-0.013951142910432784
0.0076,-0.0029,-3.5189432040196698,0.011530999617442458,-0.014828764946049094
0.0077,-0.0029,-3.5078853970262194,0.010768685947594373,-0.015766391316615183
0.0078,-0.0029,-3.4976787581453155,0.009890102394080329,-0.016893025304796607
0.0079,-0.0029,-3.49211729739119,0.008953297790850972,-0.018177888133590482
0.008,-0.0029,-3.480309683116599,0.007922594436395956,-0.019735981841381353
0.0081,-0.0029,-3.472502182934966,0.006840471918850323,-0.021440447134230364
0.0082,-0.0029,-3.458962574181971,0.005644772543409771,-0.02362564231808141
0.0083,-0.0029,-3.4495937230940297,0.004394641961823784,-0.02611519170470747
0.0084,-0.0029,-3.43609280740151,0.0030526120944273506,-0.028985761589754102
0.0085,-0.0029,-3.419342296629866,0.0016362738866185695,-0.032372370099287166
0.0086,-0.0029,-3.4009806619027767,0.0001421608759469964,-0.03617098524172693
0.0087,-0.0029,-3.386159757366533,-0.0013384719752867064,-0.0404235336180357
0.0088,-0.0029,-3.36065121144046,-0.002820454106492714,-0.045083218359926173
0.0089,-0.0029,-3.315320470919355,-0.0044545264327693155,-0.04994350716619385
0.009,-0.0029,-3.208469226365818,-0.006323348642817393,-0.05478328089841772
0.0091,-0.0029,-3.1915327007801113,-0.006030853002287808,-0.05973785495779138
0.0092,-0.0029,-3.3068843486572916,-0.00597879605298201,-0.06301019173688337
0.0093,-0.0029,-3.3655499959135544,-0.00547596457777789,-0.061822160604000566
0.0094,-0.0029,-3.3787127356352364,-0.006333122167268256,-0.06237577442959239
0.0095,-0.0029,-3.217684814150011,-0.0064270785106957445,-0.060070176047845814
0.0096,-0.0029,-3.1644218553857333,-0.004135520038894789,-0.05415637564962479
0.0097,-0.0029,-3.1495957953826084,-0.0031408219820029206,-0.0440887556748853
0.0098,-0.0029,-3.141288403303494,-0.0014913912494296823,-0.030961990487712206
0.0099,-0.0029,-3.1414130109451954,-0.0005555522421920136,-0.016166963710437177
0.01,-0.0029,-3.140430356937253,0.0,0.0
0.0,-0.0028,-2.889164850432396,0.0,0.0
0.0001,-0.0028,-2.892017960359081,0.00013520544731875287,0.002822924002429723
0.0002,-0.0028,-2.8935118221816047,0.0004156301450063248,0.0054701171067666945
0.0003,-0.0028,-2.887557264656727,0.0006838633974733191,0.008090942965505629
0.0004,-0.0028,-2.8835063672374526,0.0011143663946148782,0.010713071602195255
0.0005,-0.0028,-2.881273045764851,0.0016373837156113424,0.013233806606479727
0.0006,-0.0028,-2.881454958006465,0.0022007662492322124,0.015580785600523957
0.0007,-0.0028,-2.881021223563057,0.002923275974609692,0.017819306951153108
0.0008,-0.0028,-2.8796963499005614,0.0036678353427086253,0.019870031531146238
0.0009,-0.0028,-2.882720088089774,0.004222360175827405,0.021693056949282103
0.001,-0.0028,-2.8857482433149007,0.005011305835853983,0.023298828851315987
0.0011,-0.0028,-2.889698004396639,0.005654074381974347,0.024733338046625964
0.0012,-0.0028,-2.8956409181860967,0.006249986464298577,0.02586040790986703
0.0013000000000000002,-0.0028,-2.9031812802656125,0.006964229794443645,0.026974868704311334
0.0014,-0.0028,-2.911557347616603,0.007660200880086817,0.027888046909213794
0.0015,-0.0028,-2.9222409783756103,0.00824369660097643,0.02859130225528015
0.0016,-0.0028,-2.9333870806284548,0.008919610655984294,0.029095861743034603
0.0017,-0.0028,-2.946198973515749,0.009577610766358192,0.029540737327858425
0.0018,-0.0028,-2.962178325393956,0.010118206172763386,0.02981417358673326
0.0019,-0.0028,-2.9794742761861723,0.010697899839726454,0.029993813481878785
0.002,-0.0028,-2.996961277515909,0.01128742172120113,0.030013081657265614
0.0021,-0.0028,-3.016909209022503,0.011866546200389773,0.030038979996146156
0.0022,-0.0028,-3.037895393563941,0.012438274617552337,0.029908328444733723
0.0023,-0.0028,-3.060512173817725,0.012985127235223756,0.029550083741934453
0.0024,-0.0028,-3.084196515605688,0.013550424085683053,0.029268181528818694
0.0025,-0.0028,-3.109871105636853,0.014092247392936486,0.02892330293390201
0.0026000000000000003,-0.0028,-3.1349673650052563,0.014597369460466185,0.028342792131821948
0.0027,-0.0028,-3.161048602360231,0.015112848689297121,0.027788687525762957
0.0028,-0.0028,-3.1886951133640555,0.015595340361587296,0.02719373243909743
0.0029,-0.0028,-3.2167250315042475,0.016065873635021984,0.02646226632893961
0.003,-0.0028,-3.2443356039870097,0.01652103051873981,0.02569973099393308
0.0031,-0.0028,-3.2727282783149914,0.0169505448307092,0.024874399179092413
0.0032,-0.0028,-3.3015503096858576,0.01734726370958456,0.024003034681690974
0.0033000000000000004,-0.0028,-3.3301576697046813,0.01774596388865428,0.02307734655858493
0.0034,-0.0028,-3.358744421831476,0.018120491515548415,0.02215341713092484
0.0034999999999999996,-0.0028,-3.38648544399273,0.01844045522697107,0.021171630857186943
0.0036,-0.0028,-3.413046388636765,0.01875989173065092,0.020130346193696632
0.0037,-0.0028,-3.4400060557796253,0.01908425952603751,0.019133985901440092
0.0038,-0.0028,-3.4652323131092935,0.01934423913128027,0.018068269085840066
0.0039,-0.0028,-3.4907765823314807,0.01959427802809157,0.016997290036939488
0.004,-0.0028,-3.513604656005707,0.01980249699332658,0.015936695340850016
0.0041,-0.0028,-3.5363940897121133,0.019997129534149855,0.014870177707164547
0.0042,-0.0028,-3.557514668576744,0.020167185877003786,0.013796220323311077
0.0043,-0.0028,-3.577045214418,0.020310664352203762,0.012723552040871567
0.0044,-0.0028,-3.5952580494567132,0.020501124153988515,0.011676606354115182
0.0045,-0.0028,-3.6116136176053986,0.02062730578608161,0.010606828324601837
0.0046,-0.0028,-3.626881219659448,0.020709981116626888,0.009589386769571445
0.0047,-0.0028,-3.6402073607576506,0.020781283906233513,0.008544448646128355
0.0048,-0.0028,-3.6525267259375407,0.02082329883364869,0.007488450203306321
0.0049,-0.0028,-3.661262546489288,0.020856142599296017,0.006520023873472752
0.005,-0.0028,-3.6712119964075502,0.020870500757847143,0.005471154620672579
0.0051,-0.0028,-3.677284651371745,0.02084061746909458,0.004498007983345023
0.005200000000000001,-0.0028,-3.6822923776997634,0.02086235344810675,0.00357345960593532
0.0053,-0.0028,-3.6856436743903953,0.020819357591281215,0.0026644205673779144
0.0054,-0.0028,-3.687681954858344,0.02070092594802185,0.0017451615924449727
0.0055,-0.0028,-3.6871819328874156,0.020607920751043646,0.0008392387283828886
0.0056,-0.0028,-3.6857645349229746,0.02050327816501933,-3.132655658100204e-05
0.005700000000000001,-0.0028,-3.682279518984527,0.020373778867901683,-0.0008788209094595122
0.0058,-0.0028,-3.6780483470404977,0.020186336145312577,-0.0017019506490450983
0.0059,-0.0028,-3.670993161983068,0.020013523202288046,-0.002491175074401963
0.006,-0.0028,-3.6641773300233753,0.01991790844719782,-0.0033012434966951834
0.0061,-0.0028,-3.654313229260037,0.019529313568985754,-0.004071993153834826
0.0062,-0.0028,-3.645160179171872,0.019385211202608582,-0.004750249200326091
0.0063,-0.0028,-3.635412105611633,0.01908040278853737,-0.005534316988624217
0.0064,-0.0028,-3.624281736323216,0.018839017649132928,-0.006199579982829883
0.006499999999999999,-0.0028,-3.612790925482991,0.018398839248940282,-0.006869509573514868
0.006600000000000001,-0.0028,-3.603108125617904,0.017963945027785696,-0.007514333586824994
0.0067,-0.0028,-3.5892830382300396,0.01749455839284236,-0.00815438977739138
0.0068,-0.0028,-3.576189050367714,0.017079679172170566,-0.0087530170145359
0.0069,-0.0028,-3.5671705460585046,0.016635104784811772,-0.009394301254942445
0.006999999999999999,-0.0028,-3.5489875247535694,0.016091314553904227,-0.010009722983337195
0.007100000000000001,-0.0028,-3.5365217812508907,0.015667810920111557,-0.010590242831291126
0.0072,-0.0028,-3.5302806143701138,0.015079763997865071,-0.011208470054642091
0.0073,-0.0028,-3.5152327061930553,0.014387443439670586,-0.011836735525583203
0.0074,-0.0028,-3.502785779110963,0.01375408504073707,-0.012517248549135605
0.0075,-0.0028,-3.496998050940026,0.013108462815771205,-0.01324690137185073
0.0076,-0.0028,-3.4864726540423763,0.01239998647973551,-0.014063492240888813
0.0077,-0.0028,-3.481519317922013,0.011642649535237377,-0.014927516876784293
0.0078,-0.0028,-3.471016595690819,0.010696891725939446,-0.01597334387799887
0.0079,-0.0028,-3.4657252982172904,0.009842869402696556,-0.01721539292440749
0.008,-0.0028,-3.4583711118980554,0.008838606777690997,-0.01866893705742928
0.0081,-0.0028,-3.4463757394228227,0.007767276667575859,-0.020355700924099926
0.0082,-0.0028,-3.4368043667555512,0.0065857797732215995,-0.022351548565286955
0.0083,-0.0028,-3.4248415014192135,0.005322757033628266,-0.024862804191966292
0.0084,-0.0028,-3.4111148411552863,0.003983411766034663,-0.027594945586800146
0.0085,-0.0028,-3.3950496900402625,0.0025770089937744694,-0.030889474556150927
0.0086,-0.0028,-3.3820549297127127,0.0010642407358921705,-0.034760816343772774
0.0087,-0.0028,-3.3635019112215656,-0.00047725142821874946,-0.038751913536112834
0.0088,-0.0028,-3.330322126203205,-0.0019568149483328253,-0.04333965551457908
0.0089,-0.0028,-3.287326394894967,-0.003510268376470657,-0.047824424718720865
0.009,-0.0028,-3.2546377082470483,-0.004529074837988656,-0.052523523076811365
0.0091,-0.0028,-3.1525589225964485,-0.00567189161221211,-0.05688082468980871
0.0092,-0.0028,-3.158592170613068,-0.006485633853615511,-0.06115934847469943
0.0093,-0.0028,-3.292430209533914,-0.006927739705136509,-0.06499698987149312
0.0094,-0.0028,-3.264133693067308,-0.005520939050107371,-0.0639332815563
0.0095,-0.0028,-3.189897884780545,-0.0049595774642512205,-0.06050010066873462
0.0096,-0.0028,-3.1264665068100697,-0.004224957201843814,-0.05523302442384953
0.0097,-0.0028,-3.13237987088786,-0.0032554951049624027,-0.04559098185674909
0.0098,-0.0028,-3.1285736236568056,-0.0015921940359237272,-0.03214757427091513
0.0099,-0.0028,-3.1276312935372905,-0.0004926006147261312,-0.01713397244673977
0.01,-0.0028,-3.1266160831948344,0.0,0.0
0.0,-0.0027,-2.8803481269393982,0.0,0.0
0.0001,-0.0027,-2.8819715553582155,9.198165530720806e-05,0.0025101713680532947
0.0002,-0.0027,-2.8879708962271633,0.0006063379144413846,0.005141149463278006
0.0003,-0.0027,-2.8808216186561975,0.0006731689991952394,0.0076954705765426915
0.0004,-0.0027,-2.879525202479891,0.0011582199160141977,0.010216503456621348
0.0005,-0.0027,-2.876330363037728,0.0016316503403255426,0.012640501240802269
0.0006,-0.0027,-2.8759603807473706,0.0022516483510473043,0.014998082620876596
0.0007,-0.0027,-2.873887891475789,0.0029302247001651814,0.017146540458397697
0.0008,-0.0027,-2.872327783724381,0.0035544455920647686,0.019104540503952463
0.0009,-0.0027,-2.8743898533446717,0.0042927635202186735,0.021092568081818794
0.001,-0.0027,-2.877905952304807,0.005005208309151295,0.022570624498405453
0.0011,-0.0027,-2.881175603248562,0.005726749019539096,0.024021435002909326
0.0012,-0.0027,-2.88525163851156,0.006406305901178522,0.02517540150989373
0.0013000000000000002,-0.0027,-2.892286799687798,0.007192902412628508,0.026258938487751616
0.0014,-0.0027,-2.899738800645537,0.007760023842882132,0.027173603425030803
0.0015,-0.0027,-2.9104368293878875,0.008524015149029564,0.02793458965722997
0.0016,-0.0027,-2.9206270820217286,0.009146494865117056,0.02848427305655878
0.0017,-0.0027,-2.9337111579824904,0.009833576012263187,0.02889102954290175
0.0018,-0.0027,-2.946384924714656,0.010447886753210187,0.029204628690892954
0.0019,-0.0027,-2.9634843031708735,0.011110498409581669,0.029366901780254404
0.002,-0.0027,-2.9799066174423623,0.011738124502602466,0.029472726308075042
0.0021,-0.0027,-2.9993299576531225,0.012353417773977216,0.029420566776852477
0.0022,-0.0027,-3.0197422943278753,0.012964137161041984,0.029269072600287306
0.0023,-0.0027,-3.0411322060184274,0.013545799499793522,0.029010961620648403
0.0024,-0.0027,-3.0645812842623887,0.01411936488295858,0.028822109401186343
0.0025,-0.0027,-3.086936561647308,0.014691887096986734,0.028333342080516813
0.0026000000000000003,-0.0027,-3.1127063102451236,0.015243958362297636,0.027826132468881604
0.0027,-0.0027,-3.1391345213075192,0.015815542592568205,0.027261446362832183
0.0028,-0.0027,-3.1663790518800106,0.01631771973534608,0.02666069836634606
0.0029,-0.0027,-3.1939917779386304,0.016826440209417055,0.025961280578861184
0.003,-0.0027,-3.22225297179835,0.01731418238654344,0.02524401585218923
0.0031,-0.0027,-3.250255262020443,0.017775506013324623,0.024445775477302773
0.0032,-0.0027,-3.2776523698493003,0.018215475030030567,0.023574373341434744
0.0033000000000000004,-0.0027,-3.3067502269068765,0.018638389438832028,0.02268904128152704
0.0034,-0.0027,-3.3349116329082045,0.019012392962256323,0.02175684790382006
0.0034999999999999996,-0.0027,-3.3619162522227177,0.01940321583510279,0.02080475863511537
0.0036,-0.0027,-3.3891308761335392,0.01973927011756901,0.01982542238273907
0.0037,-0.0027,-3.41580627194507,0.020019900809876104,0.01881616137164462
0.0038,-0.0027,-3.4413936491029578,0.020342927791514018,0.01781509729548307
0.0039,-0.0027,-3.466433591478277,0.020619411639167223,0.016772748613918254
0.004,-0.0027,-3.4907759241571124,0.020833690802781732,0.015726332519828346
0.0041,-0.0027,-3.5128200073036457,0.021044137490266956,0.01469099855051146
0.0042,-0.0027,-3.5334667150293737,0.021261636700549036,0.01361943728425652
0.0043,-0.0027,-3.554295984852914,0.021410837111578433,0.012593824636417379
0.0044,-0.0027,-3.572030911720158,0.02157156351013122,0.011541879421308023
0.0045,-0.0027,-3.588515461484638,0.021688654813194208,0.010496226389537974
0.0046,-0.0027,-3.6034496485323566,0.02176952537572011,0.009479451687233
0.0047,-0.0027,-3.616974981091576,0.02185581560310422,0.00846713152544748
0.0048,-0.0027,-3.62934279212765,0.021939380923349024,0.007478483518171539
0.0049,-0.0027,-3.6397145846230514,0.02191073212667768,0.00650687397256758
0.005,-0.0027,-3.6478190994142485,0.021972306341328508,0.005538959304519659
0.0051,-0.0027,-3.6544542876532606,0.021921852943402972,0.00455036417777434
0.005200000000000001,-0.0027,-3.6589876007646582,0.021941229104135773,0.0036186670272998853
0.0053,-0.0027,-3.66217326371454,0.021824358494833235,0.0027463032685912793
0.0054,-0.0027,-3.6634994593110335,0.021744500692494183,0.0018030678849845856
0.0055,-0.0027,-3.662595905165064,0.021683422625754324,0.000984325295653764
0.0056,-0.0027,-3.6619781068441553,0.021519560292087927,0.00015274743708775936
0.005700000000000001,-0.0027,-3.658580371111055,0.021392058260770293,-0.0007197885777676012
0.0058,-0.0027,-3.653588945870799,0.0211735344728423,-0.0014968231780829067
0.0059,-0.0027,-3.6461122185372825,0.02095895142977469,-0.0022784210039570444
0.006,-0.0027,-3.640383600243186,0.020761117315295032,-0.003017215774324455
0.0061,-0.0027,-3.6287597869736805,0.02047920262955094,-0.0037545559139228165
0.0062,-0.0027,-3.619468081689851,0.020188891833358952,-0.004520925713568067
0.0063,-0.0027,-3.6088708513445806,0.019879445822048203,-0.005182987352358337
0.0064,-0.0027,-3.599917619551029,0.019567391743276253,-0.005853863398765731
0.006499999999999999,-0.0027,-3.584808517413124,0.01923253281435569,-0.006488790661241348
0.006600000000000001,-0.0027,-3.570405083389508,0.018713110559689466,-0.007109790263316611
0.0067,-0.0027,-3.558426923098115,0.01836420808728362,-0.007732244514423631
0.0068,-0.0027,-3.549281185712211,0.017951538109095364,-0.008306114988699848
0.0069,-0.0027,-3.539377500105062,0.017447516391906368,-0.008896634484398876
0.006999999999999999,-0.0027,-3.5220270541578933,0.016911045682418135,-0.009465607024365087
0.007100000000000001,-0.0027,-3.512794920199108,0.016447525426478277,-0.01003593232615553
0.0072,-0.0027,-3.5036673766657045,0.015778007367302144,-0.010634581680376513
0.0073,-0.0027,-3.489571637502039,0.015158359342717812,-0.011242064252784682
0.0074,-0.0027,-3.479269933319528,0.014508480682837145,-0.011854278471555154
0.0075,-0.0027,-3.4641850323546786,0.013817599442183477,-0.01254807584498679
0.0076,-0.0027,-3.4557323661274006,0.013136654457583125,-0.013301304325146807
0.0077,-0.0027,-3.4423844865270565,0.012381532585350486,-0.014116187364025524
0.0078,-0.0027,-3.43941575235196,0.011485119760670393,-0.015123353481494448
0.0079,-0.0027,-3.4306373874346714,0.010653540378851679,-0.016273846117790976
0.008,-0.0027,-3.4248626284143047,0.009668642883147388,-0.017605093863910324
0.0081,-0.0027,-3.41709604062423,0.008647989611788913,-0.019288596238215484
0.0082,-0.0027,-3.404447148170012,0.007471132046844357,-0.021148892339030424
0.0083,-0.0027,-3.3971615915113738,0.00619890282697095,-0.023561533691425992
0.0084,-0.0027,-3.3857221991040913,0.004874159761134238,-0.026204751052720934
0.0085,-0.0027,-3.374083503658406,0.0034969646951395644,-0.029397326185504693
0.0086,-0.0027,-3.3572599950772712,0.001986159743894571,-0.033100754087282754
0.0087,-0.0027,-3.3378219023220534,0.00034321658051801113,-0.0373584720648914
0.0088,-0.0027,-3.312083323106809,-0.001036824895992549,-0.04194556077322012
0.0089,-0.0027,-3.3112702073812077,-0.0024208969237603933,-0.04670648585917593
0.009,-0.0027,-3.384504600719855,-0.0031293867805775215,-0.05194878767111179
0.0091,-0.0027,-3.429838393140068,-0.0054057598144631935,-0.05634789064133048
0.0092,-0.0027,-3.274426762163137,-0.007475538637150342,-0.06046964572736575
0.0093,-0.0027,-3.0617969986958653,-0.007153069866842038,-0.06343226381198826
0.0094,-0.0027,-3.1608779748792033,-0.006698633359141646,-0.06550902871866286
0.0095,-0.0027,-3.1220802382413706,-0.004780348266488688,-0.06191471676789574
0.0096,-0.0027,-3.1155164673477014,-0.003419282905787609,-0.05586732170529723
0.0097,-0.0027,-3.1409210397111615,-0.0024348179970210496,-0.04649602804315327
0.0098,-0.0027,-3.1084368820568384,-0.0014532899246215598,-0.03354854598336864
0.0099,-0.0027,-3.111090642786752,-0.0005597735674096194,-0.017597194869064824
0.01,-0.0027,-3.107239133005106,0.0,0.0
0.0,-0.0026000000000000003,-2.888923420237689,0.0,0.0
0.0001,-0.0026000000000000003,-2.8845088058145074,0.00011637298890025791,0.0023771122013773287
0.0002,-0.0026000000000000003,-2.880121925387045,0.0002756482557931815,0.004832540092723683
0.0003,-0.0026000000000000003,-2.878418894512972,0.0006670021208511106,0.007320207683963756
0.0004,-0.0026000000000000003,-2.8718088058777624,0.0010922088315198461,0.009706917561532663
0.0005,-0.0026000000000000003,-2.8701021185610402,0.0016241079993126115,0.012072355313291719
0.0006,-0.0026000000000000003,-2.8687890624821177,0.0022287894921682767,0.014333594427005995
0.0007,-0.0026000000000000003,-2.865504017778924,0.002926608719475342,0.016449081117336894
0.0008,-0.0026000000000000003,-2.8651001662942783,0.0036085955936471037,0.01848845340977818
0.0009,-0.0026000000000000003,-2.8663780924609408,0.004350043544028233,0.020272045761449187
0.001,-0.0026000000000000003,-2.8685750716093317,0.005109275104337028,0.021860011456783818
0.0011,-0.0026000000000000003,-2.87073028985756,0.005806209939867176,0.023372958117314015
0.0012,-0.0026000000000000003,-2.873945255025738,0.00660821104357654,0.024617102828505637
0.0013000000000000002,-0.0026000000000000003,-2.8795002716013203,0.007209569121491056,0.025585491453665267
0.0014,-0.0026000000000000003,-2.8879893597395876,0.0080117335298806,0.02648327876536954
0.0015,-0.0026000000000000003,-2.89505478632853,0.008706216664291519,0.027211994801198194
0.0016,-0.0026000000000000003,-2.902913711131923,0.009481716095092092,0.02774597062867379
0.0017,-0.0026000000000000003,-2.916940369750329,0.010135735474759853,0.028244888941899044
0.0018,-0.0026000000000000003,-2.930791351023798,0.0108002920523116,0.028560596485619285
0.0019,-0.0026000000000000003,-2.9464355893764957,0.011462478765830304,0.028756438142307335
0.002,-0.0026000000000000003,-2.9624062270468476,0.01212988320821267,0.02882788183381657
0.0021,-0.0026000000000000003,-2.9790594946944857,0.012786706834262723,0.028765977867076138
0.0022,-0.0026000000000000003,-2.9981902468301542,0.013435246235256977,0.028684877299945035
0.0023,-0.0026000000000000003,-3.019781293458719,0.014049794547740272,0.02846545083334323
0.0024,-0.0026000000000000003,-3.0421428133457478,0.014662117225292204,0.028128194933635643
0.0025,-0.0026000000000000003,-3.0658549204513204,0.015274632710057315,0.027768310451308266
0.0026000000000000003,-0.0026000000000000003,-3.090569608424788,0.01589749797904307,0.027334502222622806
0.0027,-0.0026000000000000003,-3.1162704353933175,0.0164737366699507,0.026759378427035498
0.0028,-0.0026000000000000003,-3.1428500279342346,0.017009039285911767,0.026122220166655847
0.0029,-0.0026000000000000003,-3.169883367988068,0.01757047738355642,0.025518337488633525
0.003,-0.0026000000000000003,-3.1976789546321553,0.01805021813841708,0.024740579840788663
0.0031,-0.0026000000000000003,-3.2251654737854354,0.018562482112647393,0.023961590943512884
0.0032,-0.0026000000000000003,-3.253273335292968,0.01903141989040242,0.02314212958046876
0.0033000000000000004,-0.0026000000000000003,-3.2814596287363225,0.019465399556889182,0.022275541413672266
0.0034,-0.0026000000000000003,-3.3096675251476673,0.01989457451584911,0.02138812878458591
0.0034999999999999996,-0.0026000000000000003,-3.337193910886315,0.02027589854872384,0.02045420539874382
0.0036,-0.0026000000000000003,-3.3643562436878915,0.020634766858135905,0.019503757202328997
0.0037,-0.0026000000000000003,-3.3915159837830333,0.020994876920832805,0.01851120507868825
0.0038,-0.0026000000000000003,-3.4170826832708756,0.021272987272135502,0.017532814402284453
0.0039,-0.0026000000000000003,-3.4411550832841136,0.021539109211005266,0.016515317389238324
0.004,-0.0026000000000000003,-3.4659016234908284,0.021845969890023964,0.015493854386281475
0.0041,-0.0026000000000000003,-3.487757999533458,0.02206768045121682,0.014469696602553511
0.0042,-0.0026000000000000003,-3.5096890909945206,0.02225687787209369,0.013460655467349087
0.0043,-0.0026000000000000003,-3.52890110066518,0.022428956855415984,0.012423928214531142
0.0044,-0.0026000000000000003,-3.5474284270024237,0.022588627053311633,0.011436802144859093
0.0045,-0.0026000000000000003,-3.564954106996835,0.0227240633859981,0.010389655252404754
0.0046,-0.0026000000000000003,-3.5801234843000933,0.02282207407973549,0.00937603011771803
0.0047,-0.0026000000000000003,-3.593119646417268,0.022885354149716864,0.008418128252293282
0.0048,-0.0026000000000000003,-3.604921158550879,0.022953668717022598,0.0074469065826184636
0.0049,-0.0026000000000000003,-3.6157594487585336,0.023010289547213812,0.0064961682950176215
0.005,-0.0026000000000000003,-3.6240863790540505,0.0230035157359786,0.005512762791423359
0.0051,-0.0026000000000000003,-3.63023436145784,0.022949680423050733,0.004575716908557902
0.005200000000000001,-0.0026000000000000003,-3.634639082606728,0.022894327264908983,0.0037052015978013366
0.0053,-0.0026000000000000003,-3.637973884104611,0.022831322515511326,0.0027572964764174647
0.0054,-0.0026000000000000003,-3.6396099948864205,0.022723645751005977,0.0019317052146595286
0.0055,-0.0026000000000000003,-3.639270082103304,0.022664289787504514,0.0011275252338098134
0.0056,-0.0026000000000000003,-3.637133928026892,0.022499041089218033,0.0002823393970729109
0.005700000000000001,-0.0026000000000000003,-3.633930122198167,0.02231995428556188,-0.0005161709812788105
0.0058,-0.0026000000000000003,-3.626828416358073,0.022141996305940215,-0.0012987739695636228
0.0059,-0.0026000000000000003,-3.62237641885933,0.021873059505998712,-0.002100639231532322
0.006,-0.0026000000000000003,-3.614712285631561,0.021605178931807616,-0.002758819731869845
0.0061,-0.0026000000000000003,-3.605796720088544,0.021411474555567203,-0.0035483524521297363
0.0062,-0.0026000000000000003,-3.5951004095141665,0.02110072692208031,-0.0041665236110278794
0.0063,-0.0026000000000000003,-3.582431014544134,0.02074098406273921,-0.004825267451675431
0.0064,-0.0026000000000000003,-3.570281050416064,0.020382311690622903,-0.005520427645395493
0.006499999999999999,-0.0026000000000000003,-3.559460903870181,0.019984909245788236,-0.006077950130105463
0.006600000000000001,-0.0026000000000000003,-3.5461866137732923,0.019573392401562268,-0.0066994908834402
0.0067,-0.0026000000000000003,-3.530949931031841,0.019163918560954687,-0.007245109601987369
0.0068,-0.0026000000000000003,-3.5238210112883017,0.01863048197326487,-0.007816857599783603
0.0069,-0.0026000000000000003,-3.5075471354485823,0.01814481399488423,-0.008403305168159177
0.006999999999999999,-0.0026000000000000003,-3.494098743139739,0.017603262588221296,-0.008921614605612969
0.007100000000000001,-0.0026000000000000003,-3.479383109112921,0.017052295599786892,-0.009502513614351393
0.0072,-0.0026000000000000003,-3.4683335874174412,0.016497951467838657,-0.010019561189191489
0.0073,-0.0026000000000000003,-3.460051385797647,0.01592014069054835,-0.010580581207959664
0.0074,-0.0026000000000000003,-3.4497014517093354,0.01523245025212873,-0.01119186586673748
0.0075,-0.0026000000000000003,-3.4345348082370455,0.014562984934818547,-0.011815662101758892
0.0076,-0.0026000000000000003,-3.4300550376762566,0.013820372222195332,-0.012526657602355041
0.0077,-0.0026000000000000003,-3.417886251100319,0.013068795704126127,-0.013337154435408161
0.0078,-0.0026000000000000003,-3.4150566909017686,0.012263250080063695,-0.014258912752840552
0.0079,-0.0026000000000000003,-3.404769883442958,0.011338163826001649,-0.015358021535847512
0.008,-0.0026000000000000003,-3.3990736751913477,0.010437730606884025,-0.01662863786251591
0.0081,-0.0026000000000000003,-3.382472332408276,0.009424113305765276,-0.018191210073449742
0.0082,-0.0026000000000000003,-3.3785679136760423,0.008301485070341673,-0.020017811654085338
0.0083,-0.0026000000000000003,-3.367347607007039,0.0070751727370732395,-0.022188040598043565
0.0084,-0.0026000000000000003,-3.3579577526977893,0.005770030304485014,-0.024813468283415206
0.0085,-0.0026000000000000003,-3.347750052842889,0.0043431419963266835,-0.0278790623428945
0.0086,-0.0026000000000000003,-3.331950501515266,0.0028126206187257213,-0.03160975553956619
0.0087,-0.0026000000000000003,-3.316903849080208,0.001313422978722214,-0.0356770248831078
0.0088,-0.0026000000000000003,-3.30454815347672,-0.00027850865220266157,-0.04054202444221018
0.0089,-0.0026000000000000003,-3.284787803824314,-0.0017886310713130086,-0.04582077803683925
0.009,-0.0026000000000000003,-3.2297865541237534,-0.0034618478454775618,-0.05120179961908988
0.0091,-0.0026000000000000003,-3.168372648568811,-0.005121558201915497,-0.05637682490537317
0.0092,-0.0026000000000000003,-3.2024301723403115,-0.005191841682259474,-0.06034241142523063
0.0093,-0.0026000000000000003,-3.082866531970733,-0.0051674663461254745,-0.06317703974574455
0.0094,-0.0026000000000000003,-3.0078560547142743,-0.007461776610953858,-0.06518045840692609
0.0095,-0.0026000000000000003,-2.988100559234154,-0.005073192666913584,-0.06243681200043774
0.0096,-0.0026000000000000003,-3.0616111080836506,-0.004416327453776125,-0.05685044086661389
0.0097,-0.0026000000000000003,-3.0768037968750512,-0.003089810099204473,-0.04825006159074026
0.0098,-0.0026000000000000003,-3.090135889243917,-0.0015904756049978212,-0.03436879348979568
0.0099,-0.0026000000000000003,-3.0896437316930254,-0.0005822370269415705,-0.0184341333644074
0.01,-0.0026000000000000003,-3.0858275258823946,0.0,0.0
0.0,-0.0025,-2.874856936092232,0.0,0.0
0.0001,-0.0025,-2.8826438920938413,0.00014495962202100876,0.002284169124041125
0.0002,-0.0025,-2.8710968361758784,0.00010848875869988984,0.0045812285409723395
0.0003,-0.0025,-2.8700116740885466,0.0006443726050163966,0.006899829150395012
0.0004,-0.0025,-2.8656088891105145,0.001077896929870961,0.009254293271694811
0.0005,-0.0025,-2.861982076833082,0.001615886135720896,0.011506733173700632
0.0006,-0.0025,-2.8600393900187604,0.002204012843192707,0.013691812414668625
0.0007,-0.0025,-2.8565450857496106,0.0029131751781495165,0.015779292296894402
0.0008,-0.0025,-2.8565479570217684,0.0035720998022836822,0.017717896135287136
0.0009,-0.0025,-2.857085715901365,0.004324984090742507,0.019509101528358615
0.001,-0.0025,-2.857660848866831,0.005032940217635621,0.0211215646956273
0.0011,-0.0025,-2.85968185018457,0.005730630505270812,0.022495616521566144
0.0012,-0.0025,-2.863150368542691,0.006691388600554711,0.023770575911853265
0.0013000000000000002,-0.0025,-2.866806551527962,0.0073807045690377875,0.024768289710000068
0.0014,-0.0025,-2.874765893278313,0.008197263554322277,0.025731174006479243
0.0015,-0.0025,-2.881608310977133,0.00886805800272787,0.026517803258058983
0.0016,-0.0025,-2.8912386298375514,0.009616175649882023,0.027049278088173298
0.0017,-0.0025,-2.9015712555525006,0.010363419080478761,0.02752435410067189
0.0018,-0.0025,-2.9130527081194044,0.010999663079321802,0.027855165568405227
0.0019,-0.0025,-2.927264586825443,0.011740137116678045,0.028033697774301217
0.002,-0.0025,-2.9416793016651006,0.012493945832722553,0.02810209639641409
0.0021,-0.0025,-2.9601431771321813,0.013173673194945218,0.028129628639903283
0.0022,-0.0025,-2.9785895982894433,0.013849386332398739,0.0279909807307801
0.0023,-0.0025,-2.9982994286973117,0.014521347540442498,0.027769791982698595
0.0024,-0.0025,-3.020358688912845,0.015154979950481318,0.027479539179894222
0.0025,-0.0025,-3.0425360303230815,0.0158401505742181,0.027105218871584288
0.0026000000000000003,-0.0025,-3.067100946343159,0.016456363522093665,0.026692186731438052
0.0027,-0.0025,-3.091856258771832,0.017056439279056042,0.026142356911327488
0.0028,-0.0025,-3.1180525953234137,0.01760855932175507,0.02557330840469141
0.0029,-0.0025,-3.1451666440677495,0.0182204402359052,0.02491267473792988
0.003,-0.0025,-3.1717067330235293,0.018755293954838693,0.024240028996421404
0.0031,-0.0025,-3.200253023004454,0.019294313971638073,0.023456393996198272
0.0032,-0.0025,-3.2279432394653274,0.019765591960157772,0.022667965070801172
0.0033000000000000004,-0.0025,-3.2562218963006186,0.020252372516016567,0.021829392159578822
0.0034,-0.0025,-3.284314446803399,0.020698842381425876,0.02096490725591406
0.0034999999999999996,-0.0025,-3.311783992075097,0.021104562662951215,0.020059436279541924
0.0036,-0.0025,-3.339108541344598,0.02150892995706103,0.019120116585121617
0.0037,-0.0025,-3.365878061812424,0.021858567586627815,0.018150670002030155
0.0038,-0.0025,-3.391497339007558,0.022192051072678652,0.017200002963732457
0.0039,-0.0025,-3.416232813278122,0.022468026954470886,0.01621739173515185
0.004,-0.0025,-3.44036745454807,0.022771604542192736,0.015251822239251712
0.0041,-0.0025,-3.4629020793251706,0.02300511739449739,0.014249535677981616
0.0042,-0.0025,-3.4845581066309776,0.02321084561535234,0.01326487524777138
0.0043,-0.0025,-3.5039515633747698,0.023415303626715598,0.012287761435095414
0.0044,-0.0025,-3.5232903788365832,0.02357198871769392,0.01127388017539788
0.0045,-0.0025,-3.5404253074340253,0.02368655714366666,0.010263965059889316
0.0046,-0.0025,-3.555074654250772,0.023799740959386775,0.009308848547571602
0.0047,-0.0025,-3.5693609424838,0.023879023811274318,0.008334818052372057
0.0048,-0.0025,-3.5815168245233844,0.023940951623667394,0.007418093468923033
0.0049,-0.0025,-3.5911565927875606,0.023949314164043743,0.006455460030811074
0.005,-0.0025,-3.600003868244906,0.0239638979808829,0.0055436789619233325
0.0051,-0.0025,-3.606555930941636,0.02390486398140293,0.004605467985996449
0.005200000000000001,-0.0025,-3.6105315106529625,0.023873313377643514,0.0037694822389520025
0.0053,-0.0025,-3.6137064877854828,0.0238311598119529,0.002884486615716305
0.0054,-0.0025,-3.615262900960292,0.023673933019932415,0.0020510728518907803
0.0055,-0.0025,-3.6156241407894956,0.02356406669023585,0.0012157695395611174
0.0056,-0.0025,-3.612228095782668,0.0234012237258615,0.0004292483107376682
0.005700000000000001,-0.0025,-3.6085642043128843,0.023196945262071514,-0.0003050933960069745
0.0058,-0.0025,-3.6029241056389467,0.023026489657581157,-0.001080771685503444
0.0059,-0.0025,-3.596399316242233,0.022784402345207302,-0.0018361584249654936
0.006,-0.0025,-3.5870934498617792,0.022443906217176415,-0.00250742165284627
0.0061,-0.0025,-3.5785661216509363,0.02221311390991564,-0.003220391098649426
0.0062,-0.0025,-3.567665592252216,0.021915279802314416,-0.0038488912402424164
0.0063,-0.0025,-3.557053782059127,0.021562165010620724,-0.004503454089250727
0.0064,-0.0025,-3.544955191780841,0.021105219456096523,-0.0050848038437181975
0.006499999999999999,-0.0025,-3.5336978063655033,0.0207637258312591,-0.005706384431342421
0.006600000000000001,-0.0025,-3.518777231252308,0.020351838085028294,-0.006259812126618686
0.0067,-0.0025,-3.507988502308974,0.019869764340624717,-0.0068077225006246585
0.0068,-0.0025,-3.4945121839699906,0.01935144407283165,-0.007346800746856039
0.0069,-0.0025,-3.482523163070774,0.018825425510995145,-0.007877575419105538
0.006999999999999999,-0.0025,-3.4693828635919237,0.018280583811147035,-0.008388697297232427
0.007100000000000001,-0.0025,-3.4544577065313913,0.0177411970971059,-0.008912138797155852
0.0072,-0.0025,-3.444734282980917,0.017115671447451467,-0.009433577295394005
0.0073,-0.0025,-3.42975691577176,0.01650865816085899,-0.009973325722662331
0.0074,-0.0025,-3.4188654976417916,0.015864720371469587,-0.01051782756096563
0.0075,-0.0025,-3.407936460353725,0.015235112051584078,-0.011131846203708527
0.0076,-0.0025,-3.4011361791431542,0.014474738332862279,-0.011816449054893536
0.0077,-0.0025,-3.393800725779713,0.013748853182843869,-0.012559558351586682
0.0078,-0.0025,-3.3823833470029516,0.012921190482119782,-0.013442292024274488
0.0079,-0.0025,-3.373350404284108,0.012053903006023315,-0.014500063404185616
0.008,-0.0025,-3.3671345223094877,0.01115885902630534,-0.01565687294094418
0.0081,-0.0025,-3.357868914056912,0.010167621237384954,-0.017185420634133686
0.0082,-0.0025,-3.3517637013416315,0.009080007582456912,-0.018849140473985906
0.0083,-0.0025,-3.338590613889839,0.007939135109283986,-0.0209679560638775
0.0084,-0.0025,-3.3304184672070467,0.006648252606180966,-0.023531326651612585
0.0085,-0.0025,-3.3192944645929154,0.005257806571461063,-0.02650875939031763
0.0086,-0.0025,-3.304788400261152,0.0036999955833540567,-0.03009742994881124
0.0087,-0.0025,-3.2880431636772114,0.0020818514752117927,-0.034322071624030615
0.0088,-0.0025,-3.2735830348557027,0.0004037596342805199,-0.03880226399490151
0.0089,-0.0025,-3.2393344234352,-0.001391335077347543,-0.04394325716028461
0.009,-0.0025,-3.192703353948463,-0.0032971714807473367,-0.04889153924039546
0.0091,-0.0025,-3.08769784241292,-0.004118516807533171,-0.05435098433972352
0.0092,-0.0025,-3.083697153400358,-0.003441342074844889,-0.05946671846574361
0.0093,-0.0025,-3.2431109817866535,-0.003597205007806546,-0.06219751274286342
0.0094,-0.0025,-3.205872912670355,-0.007006723524623115,-0.06435511714513145
0.0095,-0.0025,-3.0469002235138536,-0.007054331550402988,-0.06466013467914924
0.0096,-0.0025,-3.0630707262815244,-0.003694429612404412,-0.05856892494957351
0.0097,-0.0025,-3.0799698312997172,-0.0028910701944588352,-0.04915115677487983
0.0098,-0.0025,-3.055309698074455,-0.0022032738076767622,-0.035839751293661744
0.0099,-0.0025,-3.0591144619685524,-0.000530112269541558,-0.019210248865098097
0.01,-0.0025,-3.061739954810008,0.0,0.0
0.0,-0.0024,-2.8739054120508305,0.0,0.0
0.0001,-0.0024,-2.8698348610162787,9.338439053794499e-05,0.002146463742920674
0.0002,-0.0024,-2.865406023698842,0.00017659956523022208,0.0042695617889928995
0.0003,-0.0024,-2.862599416528139,0.0006172520191500905,0.006473473568081135
0.0004,-0.0024,-2.857418186520485,0.0010380581332860921,0.008764839889837929
0.0005,-0.0024,-2.8534458231629625,0.0015643138212910477,0.01095685427120206
0.0006,-0.0024,-2.8515574315323797,0.002192832535792563,0.013050569298832896
0.0007,-0.0024,-2.849017414077172,0.0028362586652906497,0.015086668929517048
0.0008,-0.0024,-2.847733669148013,0.0035455383535298876,0.017010879906842552
0.0009,-0.0024,-2.8466458018859906,0.004290278050638174,0.01876948248328829
0.001,-0.0024,-2.847819313020935,0.004983449343383259,0.02042311157631946
0.0011,-0.0024,-2.8486834371383276,0.005780730474996003,0.021713263603124137
0.0012,-0.0024,-2.8512703097702587,0.006640542241635865,0.023050763540165494
0.0013000000000000002,-0.0024,-2.854883642196403,0.007403470416614409,0.024067098112751678
0.0014,-0.0024,-2.8602279149834673,0.008169993944619518,0.024973051996397728
0.0015,-0.0024,-2.867200161054687,0.008940132292557374,0.025741968652978828
0.0016,-0.0024,-2.87497557355789,0.009755462054631237,0.026281276361724882
0.0017,-0.0024,-2.8839507387166834,0.010511497683105567,0.026808338153177194
0.0018,-0.0024,-2.8953420665849054,0.011217057597787843,0.02710739745691118
0.0019,-0.0024,-2.9079246360141346,0.011971397261057634,0.027330277552276374
0.002,-0.0024,-2.9219936703145346,0.012721430459716741,0.027419450681825264
0.0021,-0.0024,-2.9377629082090766,0.013455696600289264,0.027392299181042763
0.0022,-0.0024,-2.9554680582209136,0.014180575859618186,0.027309766593759163
0.0023,-0.0024,-2.976213114195383,0.014897362124630732,0.027084459109917254
0.0024,-0.0024,-2.9962273489637017,0.0155757954769419,0.026788742928769333
0.0025,-0.0024,-3.018958498786841,0.01630106186883557,0.026515829653557067
0.0026000000000000003,-0.0024,-3.042181969119081,0.016940654605696482,0.026024643150651495
0.0027,-0.0024,-3.0673542339238544,0.01757877975810578,0.025566038254371183
0.0028,-0.0024,-3.0929257459948314,0.01818150261865751,0.0249680700602545
0.0029,-0.0024,-3.119192027445488,0.018809627810769364,0.02433115239838517
0.003,-0.0024,-3.146618797152995,0.01939486609297607,0.02367814759796537
0.0031,-0.0024,-3.173970518490499,0.019958842160931075,0.02292650441287246
0.0032,-0.0024,-3.2015093061545596,0.02046591878556571,0.022178205037615407
0.0033000000000000004,-0.0024,-3.229789829360259,0.020958626570118717,0.021372985714447103
0.0034,-0.0024,-3.257484515045553,0.021464764880356507,0.020522406704142418
0.0034999999999999996,-0.0024,-3.2859942720682125,0.021879231324060243,0.01964344689749721
0.0036,-0.0024,-3.3131499543421823,0.022297098611810912,0.018745492680190174
0.0037,-0.0024,-3.338993766299586,0.022692207392005528,0.01782002466902636
0.0038,-0.0024,-3.365157965815331,0.023034449445161285,0.016906626384942416
0.0039,-0.0024,-3.390547528469454,0.023361749904078286,0.015934390616476935
0.004,-0.0024,-3.4148748719226774,0.023647354027636264,0.014965567389902235
0.0041,-0.0024,-3.43732580058547,0.023895150423771983,0.014011476923317551
0.0042,-0.0024,-3.458833102623406,0.02414397259353844,0.013056810783681556
0.0043,-0.0024,-3.4793265649561356,0.02430683209858144,0.012096454404195114
0.0044,-0.0024,-3.4982289137122358,0.024479924632514256,0.011075021828070762
0.0045,-0.0024,-3.515807648815989,0.024635725790044305,0.010176609551211547
0.0046,-0.0024,-3.5312439505721382,0.02471228662663763,0.009235556786766365
0.0047,-0.0024,-3.5447673946202394,0.02481969853303853,0.008262054883150169
0.0048,-0.0024,-3.556738965126357,0.024865901837850975,0.0073871646803970615
0.0049,-0.0024,-3.5677080566915635,0.024885040944701793,0.006491890901158065
0.005,-0.0024,-3.575115788700885,0.02488348498179127,0.005581745102715786
0.0051,-0.0024,-3.58277090072721,0.02482936407276665,0.0046881993069201496
0.005200000000000001,-0.0024,-3.587759911902862,0.02476976328138803,0.0038277462209162687
0.0053,-0.0024,-3.5909433341050194,0.02468834753085801,0.002954623692128856
0.0054,-0.0024,-3.592367318665585,0.024594029499701405,0.00217452823377383
0.0055,-0.0024,-3.590508615976377,0.02443990851623884,0.0013358199404747625
0.0056,-0.0024,-3.5885588825467543,0.024239770582011967,0.0005861154014306772
0.005700000000000001,-0.0024,-3.5853355032808083,0.024066721990345125,-0.00014172886920723398
0.0058,-0.0024,-3.579072191866587,0.023828793189022077,-0.0009052913318837536
0.0059,-0.0024,-3.5742023211548903,0.023575706799119082,-0.0015618774178433879
0.006,-0.0024,-3.5646346860312677,0.023315215383073056,-0.002225869407297454
0.0061,-0.0024,-3.5560544105980796,0.023026403177194472,-0.0028871925266248837
0.0062,-0.0024,-3.5462475273898355,0.022669673827472033,-0.003540664378320471
0.0063,-0.0024,-3.53316477025512,0.02229470498490453,-0.004149009282340618
0.0064,-0.0024,-3.5228983725592324,0.02191252586194325,-0.004670666026063504
0.006499999999999999,-0.0024,-3.5114634957797817,0.021426936188974878,-0.0052929095796099895
0.006600000000000001,-0.0024,-3.4948803985886783,0.021029700776619083,-0.005784155203893568
0.0067,-0.0024,-3.4788707648564037,0.02057382896446118,-0.0063308606474054945
0.0068,-0.0024,-3.468591907232323,0.019996315445110463,-0.006830380672999179
0.0069,-0.0024,-3.454762204099956,0.019459920240041163,-0.0073329303605696415
0.006999999999999999,-0.0024,-3.437477673210229,0.01897561216245548,-0.00782270142311047
0.007100000000000001,-0.0024,-3.431293306051817,0.018369486982373125,-0.008298639879163844
0.0072,-0.0024,-3.4174988048870936,0.01777740381127652,-0.0088004441206923
0.0073,-0.0024,-3.4053948599067883,0.017142972338644737,-0.009357757615387926
0.0074,-0.0024,-3.391864231646426,0.01650223522691389,-0.009878633013784756
0.0075,-0.0024,-3.3821743289965007,0.01584171817342719,-0.01045191480247227
0.0076,-0.0024,-3.3701235192075973,0.01515278458242839,-0.011075172465525184
0.0077,-0.0024,-3.3631386219244455,0.014367032256770107,-0.011814581941687165
0.0078,-0.0024,-3.351516630013006,0.013569206906031892,-0.012634287233115604
0.0079,-0.0024,-3.3442517029147676,0.012738033276975834,-0.013550853605553288
0.008,-0.0024,-3.3336270926886105,0.011848731070676913,-0.014741776519088218
0.0081,-0.0024,-3.330000827183906,0.010897949940594141,-0.016117141311295893
0.0082,-0.0024,-3.3206870967811932,0.009796344402215593,-0.017762349358830493
0.0083,-0.0024,-3.3141114962243883,0.008726223710767714,-0.01975923903005851
0.0084,-0.0024,-3.3014266514201913,0.007444201530856811,-0.022123149412496067
0.0085,-0.0024,-3.2904379080492476,0.006090137493725056,-0.025025126039679588
0.0086,-0.0024,-3.275902708271378,0.004588815265749876,-0.02846058356148878
0.0087,-0.0024,-3.2588954041031166,0.002966208578338998,-0.03234510750460429
0.0088,-0.0024,-3.2359258578776138,0.0013161618757516328,-0.03701364005604126
0.0089,-0.0024,-3.202000485971961,-0.0004636155434177107,-0.04229294413065637
0.009,-0.0024,-3.211540583666357,-0.0018577756082817241,-0.047927477914995305
0.0091,-0.0024,-3.341949109572856,-0.0029360447235611733,-0.053165066847145684
0.0092,-0.0024,-3.3086007270316737,-0.00435124754124012,-0.05790339702057651
0.0093,-0.0024,-3.086005888440411,-0.005192223637888554,-0.06358876304672068
0.0094,-0.0024,-3.1054168384372094,-0.003372646227170899,-0.06399107358590964
0.0095,-0.0024,-3.0553950535321936,-0.005251967441027338,-0.06327020357547218
0.0096,-0.0024,-3.0120690946160313,-0.00486633297417265,-0.05911348520007506
0.0097,-0.0024,-3.0793677374693162,-0.0028801049041843364,-0.050886547661384895
0.0098,-0.0024,-3.030532391941052,-0.0017922879700732156,-0.037007619598437604
0.0099,-0.0024,-3.0368428947591615,-0.0005157469065832309,-0.01996814941444776
0.01,-0.0024,-3.03831348239088,0.0,0.0
0.0,-0.0023,-2.863441144113092,0.0,0.0
0.0001,-0.0023,-2.860485052404801,0.00011364961823721694,0.0020194210540630197
0.0002,-0.0023,-2.8596125812913527,0.00030847366090746593,0.00402695045221813
0.0003,-0.0023,-2.853004228458178,0.0005960075603790463,0.006107637229950454
0.0004,-0.0023,-2.85020653943136,0.001018246318866364,0.008259368018722983
0.0005,-0.0023,-2.845979225609362,0.0015082604613352634,0.010362889759117625
0.0006,-0.0023,-2.842295173342967,0.0020927099843106724,0.012426372578146822
0.0007,-0.0023,-2.83797351295827,0.0027184603931975694,0.01441021017876821
0.0008,-0.0023,-2.8384723056375316,0.003421450459697944,0.016274164023742915
0.0009,-0.0023,-2.8358576855970394,0.00413699760023925,0.018002984894622483
0.001,-0.0023,-2.835657936345884,0.004936342040680431,0.019536472308307067
0.0011,-0.0023,-2.8361910359300144,0.005747621652737417,0.020984598813315658
0.0012,-0.0023,-2.838262373022483,0.006624768227950377,0.02215253516427146
0.0013000000000000002,-0.0023,-2.84183448893763,0.007420172070998788,0.02325634282319125
0.0014,-0.0023,-2.845373810428046,0.008125736064809824,0.024224561897963463
0.0015,-0.0023,-2.8505508605958423,0.009025163053272217,0.024826395403378443
0.0016,-0.0023,-2.856319140550654,0.009818057818441852,0.02556518895851192
0.0017,-0.0023,-2.8650413473616676,0.010571089855219687,0.026043842882055718
0.0018,-0.0023,-2.8755264688906923,0.01136464849517862,0.02630590468429422
0.0019,-0.0023,-2.88815300802006,0.012155584338941343,0.026591684784675496
0.002,-0.0023,-2.9013475251035477,0.012966974769778783,0.026630892650604567
0.0021,-0.0023,-2.916111106956934,0.013729329257505227,0.026676099213223316
0.0022,-0.0023,-2.933682992827403,0.014466408043834268,0.026531958361176042
0.0023,-0.0023,-2.9523411432631272,0.015208396715466789,0.026370686127935528
0.0024,-0.0023,-2.9722785259519853,0.01594533278688094,0.026112730366417383
0.0025,-0.0023,-2.993930942912484,0.016662092954991253,0.025776984137883464
0.0026000000000000003,-0.0023,-3.0166778393565945,0.017415491702616765,0.025401204520783205
0.0027,-0.0023,-3.0408914807968515,0.018041607757135016,0.024859752504627332
0.0028,-0.0023,-3.0659549149768823,0.01872750875239252,0.024332224147535154
0.0029,-0.0023,-3.092650022655998,0.019338482401938792,0.02371615123861401
0.003,-0.0023,-3.1194753369064117,0.019978799927932358,0.023078745593224363
0.0031,-0.0023,-3.1466379410112992,0.02053182589514341,0.022399244187294467
0.0032,-0.0023,-3.1743681778031867,0.021130270743360394,0.021657791303653712
0.0033000000000000004,-0.0023,-3.202569104583541,0.021649218036860398,0.020879097606339218
0.0034,-0.0023,-3.2300289436681386,0.022129493332284797,0.020050553031424993
0.0034999999999999996,-0.0023,-3.258713389101719,0.022586859350413394,0.019208288681005523
0.0036,-0.0023,-3.2860686679787414,0.023038024960870495,0.018318009364070447
0.0037,-0.0023,-3.312437132278498,0.023444905899826552,0.017440682502687276
0.0038,-0.0023,-3.33842218266564,0.02382212107866187,0.016542627342495096
0.0039,-0.0023,-3.364210389555059,0.02416254688687393,0.015592079703153778
0.004,-0.0023,-3.3885008858964003,0.02445438964513551,0.014697794124091477
0.0041,-0.0023,-3.410881748695754,0.02472878780080688,0.01374409714182209
0.0042,-0.0023,-3.4334455305067104,0.024947028643382937,0.012833736758805248
0.0043,-0.0023,-3.454335548991088,0.025172140543549843,0.01188826455806934
0.0044,-0.0023,-3.4728486465228485,0.02537049275955925,0.010998414905693104
0.0045,-0.0023,-3.490532685352696,0.025511470102117274,0.010036818142214458
0.0046,-0.0023,-3.5057381201119306,0.02560136885951841,0.009105811399060052
0.0047,-0.0023,-3.519774280509793,0.025686101542234354,0.0082270708152799
0.0048,-0.0023,-3.531968779669058,0.025750939405813703,0.0073290459033769715
0.0049,-0.0023,-3.543345698612666,0.02576159974496532,0.00642998051573821
0.005,-0.0023,-3.5511674438028793,0.025749788854152425,0.00555121894746217
0.0051,-0.0023,-3.558566388065277,0.025739910794361262,0.004741885895353328
0.005200000000000001,-0.0023,-3.5633475777337384,0.025627899074970453,0.0038816093326791788
0.0053,-0.0023,-3.5668879680241936,0.025575373143661484,0.0030874570092960874
0.0054,-0.0023,-3.5677913816252307,0.025453946785419193,0.002278114704101199
0.0055,-0.0023,-3.5673871784795588,0.025259362588923487,0.0015733526076486077
0.0056,-0.0023,-3.5658888411828054,0.025103397617187002,0.0007942284289246641
0.005700000000000001,-0.0023,-3.5615369978430906,0.024856078743102784,4.7151700407241025e-05
0.0058,-0.0023,-3.5557966186485435,0.02463381125638339,-0.0006289227890105338
0.0059,-0.0023,-3.549637057412383,0.024315859184061758,-0.0013123843066250721
0.006,-0.0023,-3.5399288503341464,0.02408083039763561,-0.001932445308905772
0.0061,-0.0023,-3.532117015050018,0.02374848318108121,-0.002600742829128208
0.0062,-0.0023,-3.5215515158304265,0.023380985161309063,-0.003088080085355219
0.0063,-0.0023,-3.5079033028449476,0.022971521338576995,-0.0037412383939007146
0.0064,-0.0023,-3.4963963662793502,0.022566906352057266,-0.004260668508786053
0.006499999999999999,-0.0023,-3.484221359809757,0.02210838140735017,-0.004815990555341439
0.006600000000000001,-0.0023,-3.4691355471898784,0.02170692136846171,-0.005329216085105089
0.0067,-0.0023,-3.4573522714719975,0.02116848029050132,-0.005824538098267575
0.0068,-0.0023,-3.4426161824046946,0.020745019023225036,-0.006319932808488496
0.0069,-0.0023,-3.429884930815358,0.020182937463830302,-0.006778483683862076
0.006999999999999999,-0.0023,-3.414324361949989,0.01958865597586458,-0.007243884900256646
0.007100000000000001,-0.0023,-3.405060860921685,0.019007137250927803,-0.007738046569881033
0.0072,-0.0023,-3.3902386412810217,0.01837982682358402,-0.008193310702328333
0.0073,-0.0023,-3.3767364469403,0.01776281364946655,-0.008663605885109213
0.0074,-0.0023,-3.368627998769926,0.01710400988230499,-0.00919469769817685
0.0075,-0.0023,-3.3541780394316545,0.016428959368498364,-0.009758299207660075
0.0076,-0.0023,-3.3406999853863115,0.015721751693955836,-0.01035821068296691
0.0077,-0.0023,-3.337494459682037,0.01496997602940216,-0.011040142452920162
0.0078,-0.0023,-3.322806408480705,0.014205645402465545,-0.011815067020979238
0.0079,-0.0023,-3.316143056345482,0.013401227788474407,-0.012721176933024148
0.008,-0.0023,-3.3104722230980648,0.012533199926675448,-0.01386281323375547
0.0081,-0.0023,-3.2996576913543207,0.011620947609858705,-0.015111790457920778
0.0082,-0.0023,-3.2900320968666725,0.010595203190703907,-0.016673354280536824
0.0083,-0.0023,-3.2834123398171013,0.009464242751222802,-0.018575456566810606
0.0084,-0.0023,-3.273061366809859,0.008299232920682615,-0.020852272865083177
0.0085,-0.0023,-3.2611273112987513,0.006982785254351132,-0.02358162209819935
0.0086,-0.0023,-3.2490811352990683,0.005450807396629462,-0.026752244885065793
0.0087,-0.0023,-3.232414972674286,0.003948068495211054,-0.030767990017346536
0.0088,-0.0023,-3.2123407059025677,0.00231912755647016,-0.03538611943843589
0.0089,-0.0023,-3.198386251579663,0.0007962867083929446,-0.040510304798251746
0.009,-0.0023,-3.1752741407515757,-0.0008109683904382142,-0.046469482385547524
0.0091,-0.0023,-3.119593365592966,-0.0031135406507504407,-0.05297035924887187
0.0092,-0.0023,-2.9935461187583674,-0.004691353707186774,-0.05805388135798376
0.0093,-0.0023,-2.9113615362655727,-0.00567248647577983,-0.0624792162477604
0.0094,-0.0023,-3.077250596896377,-0.0033787711727943886,-0.06650387555230163
0.0095,-0.0023,-2.870762454094253,-0.004162859780958499,-0.06389445315619836
0.0096,-0.0023,-3.1113620632232073,-0.004691203836684719,-0.06024574285510569
0.0097,-0.0023,-3.0055934387059136,-0.003689664176643085,-0.0523293159398321
0.0098,-0.0023,-3.0063745597259484,-0.0018787700372306455,-0.039004097191175924
0.0099,-0.0023,-2.998154579605194,-0.0008048993538534695,-0.021060513785917258
0.01,-0.0023,-3.000056754611682,0.0,0.0
0.0,-0.0022,-2.8481867659618754,0.0,0.0
0.0001,-0.0022,-2.8530374359246444,0.0001230589391576707,0.0018878298237899394
0.0002,-0.0022,-2.8517643693262884,0.0004319873072320289,0.0038073837930053013
0.0003,-0.0022,-2.8440017590713413,0.0005718383472239277,0.005798349477898578
0.0004,-0.0022,-2.8408261826511576,0.0009797464958443659,0.007822125096474584
0.0005,-0.0022,-2.835764062889624,0.0014502956610523182,0.009807146365533856
0.0006,-0.0022,-2.833342479430265,0.0020193820784789518,0.011794142947518647
0.0007,-0.0022,-2.8304189991889364,0.0026092570310978125,0.013740312117155835
0.0008,-0.0022,-2.8262701637936245,0.0033603911697964203,0.015559258035551882
0.0009,-0.0022,-2.8257684521822544,0.004076364533302203,0.01723920127884708
0.001,-0.0022,-2.8247501144213087,0.004841562883555316,0.018793682395626683
0.0011,-0.0022,-2.823409171612353,0.0056859239762371335,0.020155141535038362
0.0012,-0.0022,-2.8236854454812645,0.006507241397510695,0.021429904188815824
0.0013000000000000002,-0.0022,-2.8270571292114024,0.00731733318147671,0.022438127242370827
0.0014,-0.0022,-2.8296080263752037,0.008146916139895592,0.0233552654963564
0.0015,-0.0022,-2.833885961441422,0.008926146283374134,0.024049411825145483
0.0016,-0.0022,-2.839987559400125,0.009784320694053227,0.024705340818974075
0.0017,-0.0022,-2.8461535252101453,0.01071488365115019,0.025198060296501873
0.0018,-0.0022,-2.8558447420203072,0.011454944996887392,0.025556791591084815
0.0019,-0.0022,-2.866326325194581,0.012279586048001494,0.025713517196994197
0.002,-0.0022,-2.8793462968765393,0.013073746076527821,0.02589576800100514
0.0021,-0.0022,-2.893880386442986,0.013880405620256343,0.02585941940823675
0.0022,-0.0022,-2.909858627326121,0.014696069532376522,0.025824523449215715
0.0023,-0.0022,-2.9276161612038094,0.015432899439438975,0.025656300129946814
0.0024,-0.0022,-2.9471928664940057,0.01622373825894378,0.025386436214567227
0.0025,-0.0022,-2.9688074093811347,0.01695683535714392,0.025041381721730007
0.0026000000000000003,-0.0022,-2.99107588439101,0.017730213311857583,0.024693483189690644
0.0027,-0.0022,-3.0147267690835706,0.01845240805635695,0.024204418381656753
0.0028,-0.0022,-3.0397619627784547,0.01914291653181476,0.0237053840996655
0.0029,-0.0022,-3.0655376144760162,0.019793453408218194,0.02310657236376348
0.003,-0.0022,-3.0918184064953715,0.02043664476400348,0.022472709603276683
0.0031,-0.0022,-3.1192741423741785,0.02109227335594628,0.021800517960117713
0.0032,-0.0022,-3.1469669349899063,0.021620006092573425,0.02109871876240932
0.0033000000000000004,-0.0022,-3.175533691071339,0.022183968631975665,0.020334793713801796
0.0034,-0.0022,-3.203108742722885,0.02273732230466992,0.019541142502983597
0.0034999999999999996,-0.0022,-3.230716816841598,0.023223884876710982,0.01873662160628591
0.0036,-0.0022,-3.2583658368562336,0.0236855241676191,0.017900607858876
0.0037,-0.0022,-3.2854819281867846,0.024124999830544017,0.017054876113451148
0.0038,-0.0022,-3.3115829640032683,0.0244932610407558,0.01616755754635929
0.0039,-0.0022,-3.336973543060643,0.024860592762586536,0.015290507038583477
0.004,-0.0022,-3.361078317040571,0.025187608812029822,0.014392819418795087
0.0041,-0.0022,-3.3858326290232683,0.025497797402382668,0.013482088218538874
0.0042,-0.0022,-3.4067969295887126,0.025737881736818864,0.012588827897835176
0.0043,-0.0022,-3.4271171728939303,0.025972861284185852,0.01169720703029758
0.0044,-0.0022,-3.4472481375002717,0.02616164138984896,0.010784991796684738
0.0045,-0.0022,-3.4654482335644055,0.02630017748498994,0.009887573826051
0.0046,-0.0022,-3.480551130896324,0.02644173200956893,0.009008259762008095
0.0047,-0.0022,-3.495340369827656,0.026493362682720595,0.008143368605988518
0.0048,-0.0022,-3.507784185104044,0.02658156659197706,0.007237374834492452
0.0049,-0.0022,-3.5184047452355123,0.026593115120620264,0.006453307619281205
0.005,-0.0022,-3.5273985437879825,0.026579618700716248,0.005563371537505313
0.0051,-0.0022,-3.5345827370874057,0.02652127527137932,0.004788623496311682
0.005200000000000001,-0.0022,-3.539968112714856,0.02643004311326882,0.0040177557985163715
0.0053,-0.0022,-3.5425531600791014,0.026370791576058168,0.003164324002318454
0.0054,-0.0022,-3.544686826852084,0.026227886273044645,0.002451235086168537
0.0055,-0.0022,-3.5442959364061664,0.026046677002944135,0.0016843297730948573
0.0056,-0.0022,-3.542199385709735,0.025856829372953173,0.0010402977876308262
0.005700000000000001,-0.0022,-3.53936321858671,0.025673559038988925,0.0002660679453038096
0.0058,-0.0022,-3.5335846832492197,0.025358610507014257,-0.00037017681019960933
0.0059,-0.0022,-3.5248035204155075,0.025114584252387325,-0.001038075589462595
0.006,-0.0022,-3.5176452589288134,0.024805460904025495,-0.0016231431363501324
0.0061,-0.0022,-3.509651244009251,0.024411725876451774,-0.002211561113367378
0.0062,-0.0022,-3.498062794856078,0.024035580315105384,-0.0027692451566448
0.0063,-0.0022,-3.4848211537490816,0.023699004931231234,-0.0033362823740325774
0.0064,-0.0022,-3.474384167953263,0.023211370482168054,-0.0038233571343382028
0.006499999999999999,-0.0022,-3.462024168244705,0.022821944869790785,-0.004353406356492021
0.006600000000000001,-0.0022,-3.448543199801326,0.022373407203591537,-0.004827512951145604
0.0067,-0.0022,-3.4363132463658674,0.021812477443116176,-0.0053119804624734744
0.0068,-0.0022,-3.419109157455137,0.02127699857599527,-0.005792632495371448
0.0069,-0.0022,-3.41019740168417,0.020760467531921074,-0.006217217812407725
0.006999999999999999,-0.0022,-3.395402791608871,0.020158130292894677,-0.006681047783490862
0.007100000000000001,-0.0022,-3.3779172421080665,0.0195624762461588,-0.007132849609956707
0.0072,-0.0022,-3.3666076656061845,0.01897759527604076,-0.007572581083425584
0.0073,-0.0022,-3.355834958064498,0.018324391827702728,-0.00806124916166839
0.0074,-0.0022,-3.3448226096733737,0.017681280707125296,-0.008541369604012463
0.0075,-0.0022,-3.331907605567287,0.01698379665828492,-0.009065435167570919
0.0076,-0.0022,-3.323741971338482,0.016305929517882834,-0.009618770065269342
0.0077,-0.0022,-3.3086964438404327,0.015572999422483256,-0.010280900478703928
0.0078,-0.0022,-3.3014749374567756,0.014841973805157296,-0.011039319988483474
0.0079,-0.0022,-3.2944395385790664,0.014020021092063746,-0.011886839010123728
0.008,-0.0022,-3.2824144732496334,0.013202225870138834,-0.012912678245761295
0.0081,-0.0022,-3.2736709433849707,0.012285212365054091,-0.014173165490455525
0.0082,-0.0022,-3.2608306503376774,0.011317577511060804,-0.015582811814510062
0.0083,-0.0022,-3.2539313596991395,0.010249536960006383,-0.017489273955709223
0.0084,-0.0022,-3.2440268410047315,0.009078627091173855,-0.019708287134524063
0.0085,-0.0022,-3.2320102307446357,0.007853055729233727,-0.02223996688666135
0.0086,-0.0022,-3.2175869024335824,0.006357734469446623,-0.025644695159565408
0.0087,-0.0022,-3.2031783314295756,0.0048239109004855965,-0.02909967943372769
0.0088,-0.0022,-3.1874249764152864,0.003224333961264498,-0.033762869625445516
0.0089,-0.0022,-3.165087617446684,0.0015675839148306656,-0.03883497886392207
0.009,-0.0022,-3.135892550706176,-0.000124886981391064,-0.04448409452561201
0.0091,-0.0022,-3.065219699276062,-0.002122491922664808,-0.04997760043044531
0.0092,-0.0022,-2.994934790394365,-0.003101420638491971,-0.05524171428304341
0.0093,-0.0022,-3.0416585812805765,-0.0024983625669557133,-0.06095791593485148
0.0094,-0.0022,-3.264983540190898,-0.004509479674398612,-0.06268486258817378
0.0095,-0.0022,-3.019111376076047,-0.005541109351121787,-0.06307790538593072
0.0096,-0.0022,-2.9917782384802525,-0.0043805682647878276,-0.061666296692005684
0.0097,-0.0022,-2.9726063918348578,-0.003834397342933853,-0.053823247039138544
0.0098,-0.0022,-2.960297470814673,-0.002140569698062402,-0.04032362145118866
0.0099,-0.0022,-2.9585892475115565,-0.0005984070474010022,-0.022063877247838003
0.01,-0.0022,-2.956816299193386,0.0,0.0
0.0,-0.0021,-2.835602690195059,0.0,0.0
0.0001,-0.0021,-2.8422582139247567,7.339031466813557e-05,0.001746338196229138
0.0002,-0.0021,-2.842708314900723,0.000374847777922589,0.0035628467966360104
0.0003,-0.0021,-2.835182592521952,0.0005017983301102788,0.005432478055666128
0.0004,-0.0021,-2.8298217765955878,0.0009127365120340085,0.007415196892309098
0.0005,-0.0021,-2.8237946735470785,0.0013621623168970484,0.009312856857773107
0.0006,-0.0021,-2.8216761466923836,0.0019192976959298545,0.011179913487665415
0.0007,-0.0021,-2.817607092075342,0.0025399283459271124,0.013055045650491193
0.0008,-0.0021,-2.814936522531446,0.003197011706227712,0.014837965798639653
0.0009,-0.0021,-2.8136314019010413,0.003900567827744514,0.016507209146871288
0.001,-0.0021,-2.81242299441465,0.004708239996303428,0.018022639477802593
0.0011,-0.0021,-2.81018226819186,0.005507508847136584,0.0193249516511688
0.0012,-0.0021,-2.810381824339906,0.006367231146901348,0.020607111241624967
0.0013000000000000002,-0.0021,-2.811408107296862,0.007167290381663006,0.021645393525080787
0.0014,-0.0021,-2.8129488907689124,0.008037774461143654,0.022456078238996008
0.0015,-0.0021,-2.815395952975143,0.008882883347667734,0.023368280947677192
0.0016,-0.0021,-2.8208009109188956,0.009612522073560423,0.023872472080305004
0.0017,-0.0021,-2.827275563486181,0.01058261250889678,0.024310527873370593
0.0018,-0.0021,-2.8352349983315253,0.011407586003035949,0.02470634001407923
0.0019,-0.0021,-2.8456921300337616,0.012302784359114511,0.024917809154303396
0.002,-0.0021,-2.857186588350245,0.013137178313266655,0.025035874985147068
0.0021,-0.0021,-2.869675636011457,0.013988220085627874,0.02504916086558656
0.0022,-0.0021,-2.886133124681509,0.014790146678151705,0.0250118920196943
0.0023,-0.0021,-2.9026389939574875,0.015605765687319606,0.02485114281207055
0.0024,-0.0021,-2.922176967996209,0.016415554758638706,0.02459401797539565
0.0025,-0.0021,-2.941620254801104,0.01717457217557706,0.02429276020255777
0.0026000000000000003,-0.0021,-2.9644553016602133,0.018015747043111506,0.023924761866747753
0.0027,-0.0021,-2.9875807793390554,0.01873789664865857,0.023485567860376214
0.0028,-0.0021,-3.0120386909486463,0.019440163669304556,0.022972349695518427
0.0029,-0.0021,-3.03777199656925,0.020133357542221536,0.022435808261205725
0.003,-0.0021,-3.064266571886734,0.02083397599804781,0.021800027439816884
0.0031,-0.0021,-3.090944878630751,0.02146489814661634,0.02119070717647087
0.0032,-0.0021,-3.119234109538366,0.02206790945726672,0.020499945496492762
0.0033000000000000004,-0.0021,-3.1469763108908535,0.02267108236087146,0.019765057684212287
0.0034,-0.0021,-3.174637986449915,0.023245948866815185,0.01904502403159684
0.0034999999999999996,-0.0021,-3.2030188902891092,0.02374192090252003,0.018255100497661013
0.0036,-0.0021,-3.23030112190769,0.024242855972730792,0.01743571241687332
0.0037,-0.0021,-3.2574436562401248,0.024712177791930363,0.01662304907379668
0.0038,-0.0021,-3.284234036216346,0.025113343786181255,0.015786814446446584
0.0039,-0.0021,-3.3096476288457586,0.025506445698382393,0.014927491690147718
0.004,-0.0021,-3.335222742881459,0.025840908755725773,0.014088037105701967
0.0041,-0.0021,-3.358257487399388,0.026136604810013883,0.013204077866564305
0.0042,-0.0021,-3.3804444276637535,0.02643521529082729,0.012356865868806664
0.0043,-0.0021,-3.401563059923493,0.026660639160467826,0.011472219838096036
0.0044,-0.0021,-3.4221501515940353,0.02685080602510616,0.01060288400815406
0.0045,-0.0021,-3.439922941361702,0.02703394062222536,0.009801080459816737
0.0046,-0.0021,-3.455793137113928,0.02715586521146563,0.008898582118234969
0.0047,-0.0021,-3.470411620172329,0.027244837282890663,0.008078715050147248
0.0048,-0.0021,-3.483283525375738,0.027312223018199834,0.007222030248944184
0.0049,-0.0021,-3.494336033178837,0.027317054179131002,0.006450417195923277
0.005,-0.0021,-3.502999973444701,0.027311544265224724,0.00562412505951944
0.0051,-0.0021,-3.511479015696969,0.02727608714792042,0.004852586286164969
0.005200000000000001,-0.0021,-3.516894772075409,0.027211435979045524,0.004063738491667104
0.0053,-0.0021,-3.519803410311989,0.027072343836648877,0.003350494257722675
0.0054,-0.0021,-3.5215092694240293,0.026948189694126257,0.002598029911873358
0.0055,-0.0021,-3.521706268435185,0.026764975806346892,0.0018361212337906548
0.0056,-0.0021,-3.520264348749659,0.026569710650327694,0.0011759174287257188
0.005700000000000001,-0.0021,-3.517301162304678,0.026361571480522084,0.000580397836045336
0.0058,-0.0021,-3.510918520361706,0.026068456391085282,-5.870695413492285e-05
0.0059,-0.0021,-3.504561696827808,0.025823364860478953,-0.0007204166189842813
0.006,-0.0021,-3.497479865936834,0.025450980388577467,-0.0013292700612604026
0.0061,-0.0021,-3.4886561934133633,0.02508606357902013,-0.0018524504334074738
0.0062,-0.0021,-3.4793418315119036,0.02470980823103667,-0.0023811375329568954
0.0063,-0.0021,-3.4631805727790006,0.02429600708746324,-0.0029033165025947882
0.0064,-0.0021,-3.455914378631672,0.023892460197768976,-0.003457388519256969
0.006499999999999999,-0.0021,-3.4416036818380795,0.023389066103704014,-0.0038725665718706173
0.006600000000000001,-0.0021,-3.427630766643122,0.022955161032885113,-0.004378789123230079
0.0067,-0.0021,-3.4138733764765115,0.022443268094086956,-0.00480664322712186
0.0068,-0.0021,-3.3979780903013004,0.02188554788178307,-0.005247106968791592
0.0069,-0.0021,-3.3863441212946115,0.021289496586001867,-0.00568107724496823
0.006999999999999999,-0.0021,-3.3710366009565997,0.02072959011076687,-0.0060936452846254265
0.007100000000000001,-0.0021,-3.358474381480324,0.020186022020690687,-0.006526493392995368
0.0072,-0.0021,-3.344196204857791,0.019540350902584644,-0.006949113693469193
0.0073,-0.0021,-3.333710942029342,0.018963656108048777,-0.007397984201950764
0.0074,-0.0021,-3.320768923651356,0.01824170251150514,-0.007862763359438923
0.0075,-0.0021,-3.308280228117002,0.017590594293565066,-0.008396458351167618
0.0076,-0.0021,-3.298808869844246,0.016892428451849555,-0.008967999978928234
0.0077,-0.0021,-3.289845563845982,0.016163675650329713,-0.009551062242351575
0.0078,-0.0021,-3.27551712683585,0.015431953079706285,-0.010281427088143547
0.0079,-0.0021,-3.2680440697011,0.014684874050682334,-0.011041358350562537
0.008,-0.0021,-3.2530222189644875,0.013856767347000752,-0.012030044940751055
0.0081,-0.0021,-3.2458700132982368,0.012968020654193611,-0.013314862897908548
0.0082,-0.0021,-3.2392170346390663,0.01203402766655552,-0.014714662377769831
0.0083,-0.0021,-3.225883976314721,0.011066671376068394,-0.01630170777487341
0.0084,-0.0021,-3.214146781179939,0.00994538169965252,-0.01834084825978528
0.0085,-0.0021,-3.2010255787100887,0.008753087575497498,-0.02093614630373539
0.0086,-0.0021,-3.1873463046662516,0.007232828782999363,-0.024044611791101927
0.0087,-0.0021,-3.1711560961184184,0.005818400291089421,-0.027687521646370623
0.0088,-0.0021,-3.15114844604349,0.004026275345948496,-0.03208292053192587
0.0089,-0.0021,-3.1242714790096224,0.002260639146329968,-0.03696024419070187
0.009,-0.0021,-3.0834596864073327,0.0005250214939158282,-0.04262742850800697
0.0091,-0.0021,-3.084648812747473,-0.0011221917663888255,-0.04874431113086911
0.0092,-0.0021,-3.2238290200524142,-0.0022424616277712953,-0.05560885966624392
0.0093,-0.0021,-3.1451367125244114,-0.002884287006029629,-0.061365476271373454
0.0094,-0.0021,-3.0553841276403038,-0.004668129118560321,-0.06612392858775515
0.0095,-0.0021,-3.038163206383145,-0.0050508003070967936,-0.06594485842092342
0.0096,-0.0021,-2.899138892606095,-0.004938512224988579,-0.06247743196061664
0.0097,-0.0021,-2.8919157093472205,-0.003230615158048765,-0.054833423377874474
0.0098,-0.0021,-2.9335344437056086,-0.0017377843254280769,-0.04139929327864092
0.0099,-0.0021,-2.924369742536851,-0.0008164387200114448,-0.022652321388312358
0.01,-0.0021,-2.914518264282839,0.0,0.0
0.0,-0.002,-2.828719094190505,0.0,0.0
0.0001,-0.002,-2.8345261920332736,9.97991066916827e-05,0.0016216072941332435
0.0002,-0.002,-2.832031473388764,0.00033010488569372166,0.0033507007743595178
0.0003,-0.002,-2.8241902695604417,0.00044646700523200274,0.005117553034096223
0.0004,-0.002,-2.8193037311975764,0.000845999048222817,0.0069565082201577385
0.0005,-0.002,-2.8136530036406566,0.0012731042236435155,0.008806233019505314
0.0006,-0.002,-2.8088040190762236,0.001785099964333942,0.010641833200387182
0.0007,-0.002,-2.807803310782313,0.0023736318964969437,0.012434010757105759
0.0008,-0.002,-2.8042544896253485,0.0030190823601471007,0.014160354091973826
0.0009,-0.002,-2.800991351851377,0.003717269955750123,0.015752277027420356
0.001,-0.002,-2.797630739313118,0.004503408522583093,0.017217152305411765
0.0011,-0.002,-2.7961499734834367,0.005220869023792278,0.018557568385430486
0.0012,-0.002,-2.7955919580959883,0.006150922557044972,0.01972988233954443
0.0013000000000000002,-0.002,-2.794234682230352,0.006931689316425557,0.02078656620671404
0.0014,-0.002,-2.7960161312494143,0.0078085854016691604,0.021698487731791165
0.0015,-0.002,-2.7991112126546196,0.008612461008683913,0.02236461383065387
0.0016,-0.002,-2.8011487470810468,0.009559278675945956,0.022910561513746236
0.0017,-0.002,-2.8076958373614724,0.010465024745083438,0.023545879049289207
0.0018,-0.002,-2.815079468563064,0.01130340021582376,0.023804457968439854
0.0019,-0.002,-2.8222480451606944,0.012144799502532838,0.024050905082785522
0.002,-0.002,-2.8342747062677107,0.013053826338074614,0.02423058760460201
0.0021,-0.002,-2.845562473543109,0.013926006772139994,0.024196600046659786
0.0022,-0.002,-2.8612503258366218,0.014787030817518674,0.024144263459438174
0.0023,-0.002,-2.877121752187042,0.015683303040886987,0.02403062930545253
0.0024,-0.002,-2.8956918692674116,0.016509314711032487,0.02377091259114012
0.0025,-0.002,-2.915954892720978,0.017337841647393028,0.02348623120065542
0.0026000000000000003,-0.002,-2.936170115411962,0.01814108080820653,0.023156387398036785
0.0027,-0.002,-2.9602849211040674,0.018898241181601938,0.022709575464445454
0.0028,-0.002,-2.9839012570670533,0.0197136845014934,0.0222451763418796
0.0029,-0.002,-3.0096401534444945,0.020411178499206782,0.021716222793185417
0.003,-0.002,-3.0360986507337766,0.021129375444723576,0.02115012421664463
0.0031,-0.002,-3.062963137917117,0.021818698499752372,0.020509620647328003
0.0032,-0.002,-3.0913666661208246,0.02247140733751208,0.019861782324441996
0.0033000000000000004,-0.002,-3.119434493239882,0.023128808891628546,0.019175668230346655
0.0034,-0.002,-3.146646757700868,0.023661441325308466,0.018482502342135453
0.0034999999999999996,-0.002,-3.1744314138088687,0.02422636644477176,0.017721691583452364
0.0036,-0.002,-3.2025403309434206,0.024688182077227894,0.01695300536214075
0.0037,-0.002,-3.22956198901507,0.025169474299646208,0.016168383018050164
0.0038,-0.002,-3.2570796412587937,0.02562438402361125,0.015378154049509358
0.0039,-0.002,-3.2833627443618467,0.026034223027992433,0.014557273463668294
0.004,-0.002,-3.3083563677560877,0.02641344075424362,0.013738661691315225
0.0041,-0.002,-3.3319798947444603,0.026753022791095146,0.012911275367797348
0.0042,-0.002,-3.3549902185568845,0.027030803052552455,0.012081145213394906
0.0043,-0.002,-3.3764423474438674,0.0272953824973875,0.011259500232400917
0.0044,-0.002,-3.395572585832405,0.027503796972877644,0.01043403799301123
0.0045,-0.002,-3.414990748207017,0.02765298874491027,0.009623332765139249
0.0046,-0.002,-3.431128811900572,0.027808084731200774,0.00879397706588383
0.0047,-0.002,-3.4465688327099033,0.0279025971023061,0.007977990333097273
0.0048,-0.002,-3.4594141893190953,0.027966146821769917,0.007168396762488547
0.0049,-0.002,-3.4711160040195588,0.027998974359462716,0.006419444208397712
0.005,-0.002,-3.4802352252335944,0.02799669777138471,0.005653072023447454
0.0051,-0.002,-3.487869812120091,0.027975240442313688,0.0048582893726517515
0.005200000000000001,-0.002,-3.493704721187195,0.027856101772300947,0.004158007592779327
0.0053,-0.002,-3.4974403992236414,0.027772305114149493,0.003437055599835308
0.0054,-0.002,-3.4991233217836752,0.027665654922407662,0.0027795504854375634
0.0055,-0.002,-3.5007205363934286,0.02746122755087987,0.0020960594965816876
0.0056,-0.002,-3.4978536340456925,0.027248277097651548,0.001369244051802921
0.005700000000000001,-0.002,-3.4944256792355377,0.02702084568717404,0.0007913185666538321
0.0058,-0.002,-3.4895525865445394,0.026769370647999214,0.000220575345550165
0.0059,-0.002,-3.482944827665695,0.026423361107651047,-0.0003893323107662772
0.006,-0.002,-3.4749276158728706,0.026097400218859614,-0.0008956829594588316
0.0061,-0.002,-3.467831564272413,0.025778529632776007,-0.001461847746690119
0.0062,-0.002,-3.4572456795491293,0.02531875877834012,-0.001980647404383064
0.0063,-0.002,-3.4440302888175593,0.024920408562015436,-0.0024541465365160845
0.0064,-0.002,-3.4336772681807584,0.024485619577046924,-0.0029246904676996123
0.006499999999999999,-0.002,-3.4198109386216493,0.024006252296424203,-0.0034056609268959905
0.006600000000000001,-0.002,-3.4094530561263046,0.023457961297800783,-0.0038324841849052133
0.0067,-0.002,-3.391845804594462,0.023027457295789783,-0.004280436410497436
0.0068,-0.002,-3.380026765323083,0.022461798095746856,-0.0047093035944076505
0.0069,-0.002,-3.366378865923804,0.02193540894925076,-0.005087396294059062
0.006999999999999999,-0.002,-3.3531304824791768,0.021308147170845584,-0.005521156962716974
0.007100000000000001,-0.002,-3.336834443881661,0.020725711187434943,-0.00591202891247904
0.0072,-0.002,-3.3230413372142196,0.02009412810876882,-0.006319965358029864
0.0073,-0.002,-3.3172644316749116,0.019457317595068385,-0.006756618893544728
0.0074,-0.002,-3.300825821669233,0.01884531588841672,-0.007218692433356103
0.0075,-0.002,-3.285486360915079,0.018165236486464346,-0.007689606566077512
0.0076,-0.002,-3.2766119729846928,0.017434924843429112,-0.0082371672285487
0.0077,-0.002,-3.2645297273877256,0.01680713004303201,-0.00884414212101044
0.0078,-0.002,-3.2524753925954717,0.016113194786538835,-0.009522907607485552
0.0079,-0.002,-3.241433068460732,0.015333397430579144,-0.010353384454813423
0.008,-0.002,-3.229618435272309,0.0145064900540859,-0.011188319131124766
0.0081,-0.002,-3.218413042058764,0.013720632881120168,-0.01233611641504607
0.0082,-0.002,-3.208303620131179,0.012799981491953168,-0.013730701403530539
0.0083,-0.002,-3.1972570597084413,0.011774201448235112,-0.01530574766974089
0.0084,-0.002,-3.183073114458213,0.010739995821761975,-0.017217635709978824
0.0085,-0.002,-3.1717445009228586,0.009487568221707375,-0.01973551652749815
0.0086,-0.002,-3.156190384550668,0.008120560637345706,-0.022491669158687472
0.0087,-0.002,-3.138195605359001,0.006810390484927687,-0.026103301453002405
0.0088,-0.002,-3.117908691602411,0.005121954657981147,-0.03025699139633872
0.0089,-0.002,-3.097055973411826,0.0034395698148269455,-0.03515405803562917
0.009,-0.002,-3.0777064975750745,0.0014290673004831453,-0.04078301725706629
0.0091,-0.002,-3.0425268824812894,-0.00012826520543698477,-0.04745656281211477
0.0092,-0.002,-2.9929467272828467,-0.0024704674563155644,-0.05490579820649082
0.0093,-0.002,-2.936210292465293,-0.003774030955191198,-0.06048922501719092
0.0094,-0.002,-2.9587672771273503,-0.002272643323631473,-0.06301076366733549
0.0095,-0.002,-2.993371596502809,-0.004544479062803688,-0.06570793543521435
0.0096,-0.002,-2.7875132949517933,-0.005506086906344187,-0.0637271822312747
0.0097,-0.002,-2.819712849218443,-0.00236585488645669,-0.055487428274325325
0.0098,-0.002,-2.8721005815533527,-0.0014883576320205893,-0.04269745943433989
0.0099,-0.002,-2.8611615175939256,-0.0006823927334419457,-0.02351553598855707
0.01,-0.002,-2.8589178641584074,0.0,0.0
0.0,-0.0019,-2.8221092105795256,0.0,0.0
0.0001,-0.0019,-2.8241037710083274,0.00010818156261567201,0.0014823823825491451
0.0002,-0.0019,-2.8200965967217493,0.00019790577670039758,0.0032127867682948475
0.0003,-0.0019,-2.81049232040238,0.00042472148529525675,0.004872512237961921
0.0004,-0.0019,-2.804958598118583,0.0007392603241921931,0.006548551995512838
0.0005,-0.0019,-2.801712447171804,0.0011466369180641147,0.008380392673639608
0.0006,-0.0019,-2.7970514988681794,0.0016101724772599885,0.010094903031593225
0.0007,-0.0019,-2.793908514580217,0.0021759708085829148,0.011856338548902997
0.0008,-0.0019,-2.790067532634703,0.002777452351316288,0.013481377548653889
0.0009,-0.0019,-2.787707083450508,0.0034584043439549934,0.015021210531766416
0.001,-0.0019,-2.7833489515684375,0.004123992114553975,0.016472365127155327
0.0011,-0.0019,-2.780463755772241,0.004984560974481286,0.01773794190831477
0.0012,-0.0019,-2.780182367168515,0.00575851981907748,0.018911417418962764
0.0013000000000000002,-0.0019,-2.7774351214777533,0.006632570289562563,0.019963693205180624
0.0014,-0.0019,-2.777970829034387,0.00759332070594218,0.020832104744850113
0.0015,-0.0019,-2.779443423603816,0.008417475928024516,0.021556543328729375
0.0016,-0.0019,-2.7819834643789147,0.009228776581294123,0.022066865302795936
0.0017,-0.0019,-2.784895185240499,0.010208903466260206,0.02262235113378937
0.0018,-0.0019,-2.792134977266923,0.011044940221678035,0.022903425307759424
0.0019,-0.0019,-2.8002583248356774,0.012056097803076966,0.023108372637990978
0.002,-0.0019,-2.809978599783235,0.012952197254128703,0.023304304451742086
0.0021,-0.0019,-2.821878111536705,0.013884491250546669,0.023321539486012188
0.0022,-0.0019,-2.8356321631813586,0.014753212597059485,0.023293425091857996
0.0023,-0.0019,-2.8516782614187233,0.01560927245376593,0.023128274666397317
0.0024,-0.0019,-2.8692570191755205,0.01650566251362726,0.022964251878084655
0.0025,-0.0019,-2.888313605020137,0.017376452685818944,0.022662915962131575
0.0026000000000000003,-0.0019,-2.9095250233716556,0.0181822658187309,0.022346769931212918
0.0027,-0.0019,-2.9320430653058485,0.019038156734514464,0.021940716200027802
0.0028,-0.0019,-2.955884923755367,0.01982514597291649,0.021487720869375414
0.0029,-0.0019,-2.9815695188901437,0.02062073127899126,0.020984343913806727
0.003,-0.0019,-3.007538857168938,0.021319385937740805,0.020433895242619547
0.0031,-0.0019,-3.034959973719859,0.022042949305868205,0.01986241574260283
0.0032,-0.0019,-3.062452046978548,0.02272977051540241,0.019246212273983727
0.0033000000000000004,-0.0019,-3.0904292790928265,0.023375392058114727,0.018568738927293448
0.0034,-0.0019,-3.1183738888999843,0.023973227816140336,0.017887176464857376
0.0034999999999999996,-0.0019,-3.1466723780495625,0.02452911027639526,0.01717363865269491
0.0036,-0.0019,-3.1747667501760555,0.025077068741157633,0.016447322426356485
0.0037,-0.0019,-3.2021120027842627,0.025557781897111914,0.015713104803795955
0.0038,-0.0019,-3.2298602083959467,0.026019842540402707,0.014938635348560082
0.0039,-0.0019,-3.255764356998851,0.026502966276932362,0.014162574000183831
0.004,-0.0019,-3.280577639608689,0.02687589107168994,0.013379908239343886
0.0041,-0.0019,-3.3056008056541453,0.027231641024630084,0.012595684619145687
0.0042,-0.0019,-3.3284996448413913,0.027544514289756596,0.011804646482175732
0.0043,-0.0019,-3.351184681964241,0.02778840416153591,0.011013730797295408
0.0044,-0.0019,-3.3704427236389725,0.028011624991138184,0.010230912148102287
0.0045,-0.0019,-3.390115373690517,0.02820013419071651,0.009448687687508653
0.0046,-0.0019,-3.4062304717101326,0.02835730068274783,0.008677789940702679
0.0047,-0.0019,-3.422119252437559,0.028483918071470556,0.007879460368207707
0.0048,-0.0019,-3.4355770140653124,0.02855041060541662,0.007138886078610344
0.0049,-0.0019,-3.4469701429258244,0.028584195868578417,0.00638971669581504
0.005,-0.0019,-3.457116233730032,0.028586836607259608,0.005703178705803408
0.0051,-0.0019,-3.4652770778789,0.028530159400788263,0.004967415720834072
0.005200000000000001,-0.0019,-3.4719486755426634,0.028472218043275845,0.004225708750977104
0.0053,-0.0019,-3.4757331337622266,0.02836804934924636,0.003605398168996596
0.0054,-0.0019,-3.47853046208413,0.02823713939159162,0.00291512878040664
0.0055,-0.0019,-3.4782062347741363,0.028057441641144088,0.0022510624030312237
0.0056,-0.0019,-3.477474718330267,0.027847088346593347,0.0016553000355839281
0.005700000000000001,-0.0019,-3.474150329724144,0.02759396403871426,0.0010886791653888783
0.0058,-0.0019,-3.469735676972163,0.02734158929021248,0.0005069337913368429
0.0059,-0.0019,-3.464021618975315,0.02701591492132263,-3.249258994445538e-05
0.006,-0.0019,-3.4565193173028925,0.02669193789640255,-0.000601593402516883
0.0061,-0.0019,-3.446238077071789,0.026388628065856574,-0.001111723593108828
0.0062,-0.0019,-3.4370038457210725,0.025915770102499687,-0.001584395652613824
0.0063,-0.0019,-3.42820013945844,0.025513044441661865,-0.0020596632066701716
0.0064,-0.0019,-3.4168173543828813,0.025054421724522376,-0.002507567965285004
0.006499999999999999,-0.0019,-3.4016059012954876,0.024638853512537782,-0.0029691063430770863
0.006600000000000001,-0.0019,-3.38895383768824,0.024030317243827315,-0.0033373581056519576
0.0067,-0.0019,-3.37521495114835,0.02359484675965856,-0.0037660342116209813
0.0068,-0.0019,-3.3642869252434187,0.023055523560296404,-0.0041491131891561684
0.0069,-0.0019,-3.349928307750157,0.022488492931830837,-0.0045086402208980945
0.006999999999999999,-0.0019,-3.3327802163634694,0.02189041407720488,-0.00490291735994625
0.007100000000000001,-0.0019,-3.322227877437424,0.021273781133402808,-0.005300158094413431
0.0072,-0.0019,-3.3096266296599093,0.02069267617721005,-0.0056939028249743395
0.0073,-0.0019,-3.294719913589543,0.020092736960232453,-0.006112491685744341
0.0074,-0.0019,-3.2777960685998684,0.0194045819466082,-0.00657653422788029
0.0075,-0.0019,-3.2677482370760944,0.018772997312481794,-0.007056097242052366
0.0076,-0.0019,-3.253549968400918,0.018101289198061678,-0.007545961860526466
0.0077,-0.0019,-3.246389457125598,0.017436860469237238,-0.008125038261335258
0.0078,-0.0019,-3.2319088723933898,0.016739073788304488,-0.008829945667008525
0.0079,-0.0019,-3.217496620725167,0.01594083613111955,-0.009603429330661686
0.008,-0.0019,-3.207301277677288,0.015218767345228451,-0.010473149856899977
0.0081,-0.0019,-3.193457910205638,0.014455009441013267,-0.011631465936063321
0.0082,-0.0019,-3.181370052064016,0.01360106624204447,-0.012823443013728964
0.0083,-0.0019,-3.1719324125156843,0.012582426019765645,-0.014360811086509906
0.0084,-0.0019,-3.154188637712984,0.011582427850148826,-0.01609425078854621
0.0085,-0.0019,-3.141312455239257,0.010522480584193151,-0.01849489196234009
0.0086,-0.0019,-3.1236829107468336,0.009196138826108072,-0.021323876475782
0.0087,-0.0019,-3.104718024779,0.007639725187568342,-0.02450587779010542
0.0088,-0.0019,-3.082683538111173,0.006064649026139094,-0.028571718470058394
0.0089,-0.0019,-3.0620723320417658,0.004517662876792603,-0.033411441195597476
0.009,-0.0019,-3.0589199794572544,0.002386092208487572,-0.03903623884940918
0.0091,-0.0019,-3.0037239733865064,0.0006916567959139288,-0.04522163308474477
0.0092,-0.0019,-2.926913602683651,-0.0014785747170950473,-0.05203982058795893
0.0093,-0.0019,-2.9301641277811945,-0.0038293735857142137,-0.058217525468689794
0.0094,-0.0019,-2.933061359924235,-0.003418313945467487,-0.061668206431949396
0.0095,-0.0019,-2.8311132500953735,-0.005923218552641627,-0.06398765507140898
0.0096,-0.0019,-2.7950649369657716,-0.005319305897720567,-0.061871556070439426
0.0097,-0.0019,-2.87126751903067,-0.0029537742157760383,-0.05710093197577475
0.0098,-0.0019,-2.8149408591712524,-0.0016148369468684627,-0.04384319499324411
0.0099,-0.0019,-2.8032348170020787,-0.0006043752196893218,-0.02442636903918339
0.01,-0.0019,-2.8069458770575673,0.0,0.0
0.0,-0.0018,-2.81261344566397,0.0,0.0
0.0001,-0.0018,-2.8107497520268185,6.269738646331397e-05,0.0014200196898640216
0.0002,-0.0018,-2.807278551349922,0.0001646501209134423,0.0030110878219017172
0.0003,-0.0018,-2.7988173112475003,0.00037297335485549733,0.004643085951548869
0.0004,-0.0018,-2.7931868740872416,0.000648985983448295,0.006281068457331493
0.0005,-0.0018,-2.7882052033860893,0.001018453132089868,0.008022160899163784
0.0006,-0.0018,-2.7837048072671,0.0013633123099447923,0.009656441349494282
0.0007,-0.0018,-2.7797751506101913,0.0018855899434277645,0.011261280555224011
0.0008,-0.0018,-2.7756735917961812,0.0024832060975566866,0.012845276530707987
0.0009,-0.0018,-2.7723405686555647,0.0030916328287784924,0.014330543912215651
0.001,-0.0018,-2.767702500849516,0.003839205202210184,0.015710177526581392
0.0011,-0.0018,-2.7645629107044947,0.004587878873350939,0.016959621048858824
0.0012,-0.0018,-2.7635622724331244,0.005419733022751956,0.018030317212512484
0.0013000000000000002,-0.0018,-2.76114713154354,0.0062022939520499365,0.01903198565501997
0.0014,-0.0018,-2.7602811376274583,0.007059334582619889,0.01992843742609366
0.0015,-0.0018,-2.758527565952888,0.008101742484515539,0.02068423604324804
0.0016,-0.0018,-2.7614407476091776,0.008909245083746213,0.021179549970283807
0.0017,-0.0018,-2.7654554047379736,0.009779554417368254,0.021604786896150953
0.0018,-0.0018,-2.7694819854021033,0.010805283247075165,0.021941424627548223
0.0019,-0.0018,-2.7771597251354168,0.011675335481459352,0.022200030091533422
0.002,-0.0018,-2.785874548205637,0.01266095051802426,0.022368672097141107
0.0021,-0.0018,-2.796731831581452,0.013596923200210626,0.022475346082809506
0.0022,-0.0018,-2.809458805367733,0.014474988086634772,0.022389239850999935
0.0023,-0.0018,-2.825007329455878,0.01541553929688305,0.02225428729335944
0.0024,-0.0018,-2.842053026259955,0.016346954894445227,0.021996758520608624
0.0025,-0.0018,-2.8614003229815426,0.017221750468483177,0.021786309982671778
0.0026000000000000003,-0.0018,-2.8821068130670153,0.018138761445984412,0.021492488204685776
0.0027,-0.0018,-2.9047200890705547,0.018951146997035248,0.02111268201835516
0.0028,-0.0018,-2.9284296822696723,0.019824283744220954,0.020683807404603155
0.0029,-0.0018,-2.952914699234594,0.02057577973555689,0.02019717601554607
0.003,-0.0018,-2.979732759368801,0.021430511625670466,0.019697966768871138
0.0031,-0.0018,-3.0062379778498487,0.022120981459225583,0.01915373722018528
0.0032,-0.0018,-3.0345231846400513,0.022840186113332286,0.018558615242292072
0.0033000000000000004,-0.0018,-3.0620343179184193,0.023484479918785144,0.017925500550194148
0.0034,-0.0018,-3.090306461182084,0.024162749493946596,0.017278474172391013
0.0034999999999999996,-0.0018,-3.1192978135968104,0.024792680230301272,0.016593538231755658
0.0036,-0.0018,-3.1473944502985276,0.025357923842425186,0.01592479157693662
0.0037,-0.0018,-3.175190202073726,0.02590218312244738,0.015198030272308292
0.0038,-0.0018,-3.2023972901793716,0.026348115970191894,0.014477070197465395
0.0039,-0.0018,-3.2289870142639536,0.026827227160230407,0.013747841958325423
0.004,-0.0018,-3.2548885498637965,0.027201618100989863,0.013006603375103435
0.0041,-0.0018,-3.2796585599092403,0.027567769696144648,0.012258141374268769
0.0042,-0.0018,-3.3030816233874454,0.027876378674176645,0.011502499229285187
0.0043,-0.0018,-3.3255709452248814,0.0281779965281958,0.010774824705245288
0.0044,-0.0018,-3.346056835837276,0.028484381970360774,0.010026669269563021
0.0045,-0.0018,-3.365185265557409,0.028652460172150132,0.009271908528308696
0.0046,-0.0018,-3.3828437606247244,0.028838197661550758,0.008513979994819221
0.0047,-0.0018,-3.399132655442334,0.028957594229298823,0.007809865148259246
0.0048,-0.0018,-3.4124405024395035,0.02903895097646403,0.007094972922250692
0.0049,-0.0018,-3.425296095303898,0.02908485029064571,0.006383567724456778
0.005,-0.0018,-3.4347889369079936,0.029093118769307598,0.005692342508487988
0.0051,-0.0018,-3.44346867721199,0.029058932905523728,0.005019923918929663
0.005200000000000001,-0.0018,-3.449900659267884,0.029008040178933082,0.004340489178341139
0.0053,-0.0018,-3.454905187424835,0.028911668437121292,0.003691732121119933
0.0054,-0.0018,-3.458252503708643,0.028769312154104967,0.0031055401897374614
0.0055,-0.0018,-3.4586337425006524,0.02860863470072235,0.002473871609513434
0.0056,-0.0018,-3.4574550887366176,0.02840396036115488,0.0019152001004081776
0.005700000000000001,-0.0018,-3.454382915762481,0.028167536325249615,0.001276904162129779
0.0058,-0.0018,-3.449894419995135,0.027923806613642715,0.0007624934914702945
0.0059,-0.0018,-3.445591680435755,0.02753741806123268,0.0002832030764081485
0.006,-0.0018,-3.4377841777201414,0.02724400788601561,-0.00027873271660982385
0.0061,-0.0018,-3.4289556330444286,0.02684616955671526,-0.0007341167501226837
0.0062,-0.0018,-3.4197777096850803,0.02647976224013643,-0.0011847491286152844
0.0063,-0.0018,-3.406923696748733,0.026068657112306378,-0.0016076045148091967
0.0064,-0.0018,-3.39653790774647,0.025663720762279896,-0.0020348313587715814
0.006499999999999999,-0.0018,-3.3843123503703727,0.02519475409635287,-0.002453290374118749
0.006600000000000001,-0.0018,-3.3727209438264283,0.024651994010647122,-0.002827018305389456
0.0067,-0.0018,-3.359148239313131,0.02417233019737879,-0.0032348594471270386
0.0068,-0.0018,-3.344669932943756,0.02359788214503481,-0.0036057560897385637
0.0069,-0.0018,-3.330721604883697,0.02307486748258175,-0.003965125600875452
0.006999999999999999,-0.0018,-3.3210569610033986,0.022480333930973435,-0.004345012986500944
0.007100000000000001,-0.0018,-3.302158136936334,0.021925919547729975,-0.004695252764819033
0.0072,-0.0018,-3.287689457972783,0.021392777302244814,-0.005084043926535331
0.0073,-0.0018,-3.2751509754268446,0.020716531443840856,-0.005480482986569214
0.0074,-0.0018,-3.2613495650351183,0.020143817069399363,-0.005923476481993421
0.0075,-0.0018,-3.2441878304007483,0.01945691169514875,-0.00638805960775003
0.0076,-0.0018,-3.234991120192485,0.018789463063743527,-0.006875040521130005
0.0077,-0.0018,-3.2209120731952354,0.018120411270450037,-0.007436681334988225
0.0078,-0.0018,-3.209229390104368,0.017406941752788088,-0.008108273752672436
0.0079,-0.0018,-3.195595193089803,0.016674193850026307,-0.00879340026937414
0.008,-0.0018,-3.18401476095133,0.015953542394697262,-0.009756092301858739
0.0081,-0.0018,-3.167555128298836,0.01514886925376394,-0.010723526029281135
0.0082,-0.0018,-3.1548491208201903,0.014440352797734812,-0.011881584542101498
0.0083,-0.0018,-3.143023214037248,0.013574686760797209,-0.013225914246858865
0.0084,-0.0018,-3.1248486917901457,0.012618381826680814,-0.015235170637004023
0.0085,-0.0018,-3.1090753194490923,0.011607970404850322,-0.017191809348144748
0.0086,-0.0018,-3.090706706611833,0.01007461520781159,-0.01987848134407338
0.0087,-0.0018,-3.071077296002,0.00878815517309559,-0.023050480542634973
0.0088,-0.0018,-3.0478092173136546,0.0070954213961657705,-0.02676054674746724
0.0089,-0.0018,-3.02212821306362,0.005464236683412898,-0.03139296125513926
0.009,-0.0018,-2.989306068425514,0.003443940325018922,-0.03720348908251643
0.0091,-0.0018,-2.9636445995050735,0.0012456216973918011,-0.043320397363261806
0.0092,-0.0018,-2.9269997399842076,-0.0002588659858309486,-0.04945833463992322
0.0093,-0.0018,-2.966467991610418,-0.00232790247270709,-0.05701907799631947
0.0094,-0.0018,-2.8404650255297748,-0.0031818757636593825,-0.06263292988832188
0.0095,-0.0018,-3.0196145797994,-0.0033423718393310975,-0.06432562277916502
0.0096,-0.0018,-3.0153921326857582,-0.006280709782780601,-0.06459975435368291
0.0097,-0.0018,-2.8005167374065545,-0.003169903653388493,-0.0586026860483008
0.0098,-0.0018,-2.7753372307999524,-0.0027001859903489876,-0.045474588098576144
0.0099,-0.0018,-2.753184664821879,-0.000496201460055671,-0.02538293119612082
0.01,-0.0018,-2.7594589500502766,0.0,0.0
0.0,-0.0017,-2.7956401054386637,0.0,0.0
0.0001,-0.0017,-2.796958834406132,2.1098859615316446e-05,0.001417019667335353
0.0002,-0.0017,-2.790958340563019,0.00011658416568988966,0.0028419895001580626
0.0003,-0.0017,-2.784155169436246,0.0002857143712703912,0.004427831378467514
0.0004,-0.0017,-2.779028464009964,0.0005420772492785631,0.006037512617627762
0.0005,-0.0017,-2.7729490071410585,0.0007690389624784388,0.007668280633066685
0.0006,-0.0017,-2.7684848482081565,0.0011550309817924586,0.009176348441010692
0.0007,-0.0017,-2.7649472363869765,0.001586503020568237,0.010807236435811024
0.0008,-0.0017,-2.760754122633667,0.002103057391159469,0.01229548316503473
0.0009,-0.0017,-2.7565632516709213,0.002721971973973577,0.01363830508524109
0.001,-0.0017,-2.7513644079160735,0.0034027416978573335,0.014991729714132094
0.0011,-0.0017,-2.7481634587103505,0.00411461052126315,0.01618373351544618
0.0012,-0.0017,-2.745423571064856,0.0049145048399603,0.01722470012869974
0.0013000000000000002,-0.0017,-2.7422197486944357,0.005696819559573106,0.018267416755267184
0.0014,-0.0017,-2.7395809415163717,0.006624033033147828,0.019081146872920382
0.0015,-0.0017,-2.7385825475355245,0.0075082890233840755,0.01971015408432017
0.0016,-0.0017,-2.739618770568524,0.008442161224106017,0.020214010817043326
0.0017,-0.0017,-2.7435678211149277,0.009316334699412959,0.02073715023273487
0.0018,-0.0017,-2.7464285554888015,0.010324518787933052,0.02106092894179595
0.0019,-0.0017,-2.7534054120478264,0.011263721395180948,0.021299465873933065
0.002,-0.0017,-2.761757449029358,0.012308751188071482,0.021409523938526954
0.0021,-0.0017,-2.7709835467472033,0.013203761437923492,0.0214580230492932
0.0022,-0.0017,-2.783797127691898,0.014177718429263166,0.02144014278265635
0.0023,-0.0017,-2.7986035019393447,0.015116126773489806,0.021303306774756017
0.0024,-0.0017,-2.8153417014404334,0.01606956568597877,0.021133457154209865
0.0025,-0.0017,-2.833792924417319,0.017014889418028048,0.02086339085169613
0.0026000000000000003,-0.0017,-2.854412292602728,0.017874272708468194,0.02058708240348965
0.0027,-0.0017,-2.8764451318585693,0.01882398512095179,0.02023750909189058
0.0028,-0.0017,-2.9004279986742723,0.019665513570168103,0.019847059872778645
0.0029,-0.0017,-2.9252296416592967,0.020521818286236622,0.019381247183346675
0.003,-0.0017,-2.9513391221623086,0.0212839293794421,0.01890555996542211
0.0031,-0.0017,-2.9783038417792844,0.02210134380847887,0.018398216336696097
0.0032,-0.0017,-3.0060082916707387,0.022809191107400886,0.01783730408435665
0.0033000000000000004,-0.0017,-3.034415279787505,0.023519991336534957,0.017267025377481534
0.0034,-0.0017,-3.0632881781161103,0.024217199507852224,0.0166309809902773
0.0034999999999999996,-0.0017,-3.0919052625175953,0.024821230643455306,0.01599491896209891
0.0036,-0.0017,-3.1201340021227137,0.025418949666474674,0.015347375186824117
0.0037,-0.0017,-3.1489074478263857,0.026029798170513548,0.01467385011173226
0.0038,-0.0017,-3.1756434428704856,0.026494213525747063,0.01399347944796236
0.0039,-0.0017,-3.203056345838942,0.026996219768895935,0.013297783888399013
0.004,-0.0017,-3.2287620264091967,0.02741773290736113,0.012610815383927821
0.0041,-0.0017,-3.2546465833911715,0.027827907046994838,0.011895886396237778
0.0042,-0.0017,-3.2778091508513847,0.02814613479338536,0.011176406972019005
0.0043,-0.0017,-3.3009041008490274,0.028493086833424226,0.010468980012910994
0.0044,-0.0017,-3.3217661429790875,0.028778623521880577,0.009758989948668494
0.0045,-0.0017,-3.3407524145430925,0.029001239018394603,0.009049061209057355
0.0046,-0.0017,-3.358918115205546,0.029172386682657203,0.008394592776372061
0.0047,-0.0017,-3.3757161460442897,0.02932771433325046,0.0076870315440756565
0.0048,-0.0017,-3.3902559455363463,0.029429788934235493,0.00700384583998661
0.0049,-0.0017,-3.4032022534756976,0.02952532125942684,0.006344592792514401
0.005,-0.0017,-3.414175816903711,0.029514245212189694,0.005708101059141948
0.0051,-0.0017,-3.4228541451162204,0.02949459751332456,0.005051958481804182
0.005200000000000001,-0.0017,-3.4299345022138947,0.029453552590249434,0.004451999946079106
0.0053,-0.0017,-3.4347139534355415,0.02937923677682901,0.0038112973481050604
0.0054,-0.0017,-3.438068073979071,0.029238410599511558,0.0032207967547208125
0.0055,-0.0017,-3.439457940922211,0.02905823307444416,0.00267768486505715
0.0056,-0.0017,-3.4389122078332695,0.028866443961925295,0.0020668967685256714
0.005700000000000001,-0.0017,-3.4375045266901743,0.028642600776279916,0.001581556466017495
0.0058,-0.0017,-3.4330246468450043,0.028371250717181298,0.001031111126600262
0.0059,-0.0017,-3.427710526285213,0.02808914772813664,0.0005800757366407871
0.006,-0.0017,-3.420448372130062,0.02775253239025967,7.48517362701779e-05
0.0061,-0.0017,-3.412981969364766,0.0274432493473883,-0.0003813397614601675
0.0062,-0.0017,-3.4053336482229946,0.027032206395319638,-0.0007870673816747606
0.0063,-0.0017,-3.3927524139914693,0.026611839540412505,-0.0011838203700828267
0.0064,-0.0017,-3.3807592037501153,0.02618072500472305,-0.0015937150503585213
0.006499999999999999,-0.0017,-3.3704051623890394,0.02573771515691438,-0.001958296768085232
0.006600000000000001,-0.0017,-3.3563101861850746,0.025233066141888402,-0.0023331628148693015
0.0067,-0.0017,-3.344164153904961,0.024767048072858355,-0.002698211271809982
0.0068,-0.0017,-3.330456271440092,0.024264195956959073,-0.003071068436802288
0.0069,-0.0017,-3.316458326424905,0.023720386390788176,-0.0034120634482325708
0.006999999999999999,-0.0017,-3.3013218013352197,0.023159907738854933,-0.003752993587513271
0.007100000000000001,-0.0017,-3.288251443351954,0.022560487396049673,-0.0041206164956508725
0.0072,-0.0017,-3.2733679607661545,0.02203394416301069,-0.004492804902451914
0.0073,-0.0017,-3.26041137124547,0.02138783165772183,-0.004874695720704339
0.0074,-0.0017,-3.247761586929008,0.0207703456360572,-0.005302683203936953
0.0075,-0.0017,-3.2322801591504047,0.020164853878729058,-0.00575623719042077
0.0076,-0.0017,-3.214758787554925,0.01954853007189203,-0.00623542221005506
0.0077,-0.0017,-3.202603928411147,0.018844635377268742,-0.006802459040352696
0.0078,-0.0017,-3.1929288832781353,0.018216061561093868,-0.0073793597195363
0.0079,-0.0017,-3.1736162697549446,0.017580392635079514,-0.008149130561362199
0.008,-0.0017,-3.1613197994978868,0.01678367587588328,-0.009001580190062817
0.0081,-0.0017,-3.147106390084752,0.016045587795435554,-0.009846637067560006
0.0082,-0.0017,-3.1309150288360836,0.015311703937314212,-0.011028237636513082
0.0083,-0.0017,-3.1150853702661765,0.014548105650605575,-0.012460110102426706
0.0084,-0.0017,-3.096519210006305,0.013434743112944651,-0.014165690945431781
0.0085,-0.0017,-3.077977828275905,0.01245562861359754,-0.016207446142289333
0.0086,-0.0017,-3.057037157289834,0.011297213648292974,-0.01856665313243898
0.0087,-0.0017,-3.033478146061566,0.009851538954846627,-0.02153124775426181
0.0088,-0.0017,-3.0084166251772095,0.00830788295108721,-0.025377568069176615
0.0089,-0.0017,-2.9794788514253843,0.006498641933820929,-0.029722575535398713
0.009,-0.0017,-2.9463266057513264,0.004593391028078985,-0.03498270973348826
0.0091,-0.0017,-2.91239996169564,0.0023509879690436753,-0.04091182860139922
0.0092,-0.0017,-2.8758285965578065,0.00019327245279706815,-0.04792650103098124
0.0093,-0.0017,-2.8854348021122402,-0.0016748042609855116,-0.05544565139359464
0.0094,-0.0017,-2.805156691205273,-0.003177417201549597,-0.0616270676104846
0.0095,-0.0017,-2.7686301430674036,-0.0049734725854173436,-0.06650458658485124
0.0096,-0.0017,-2.8951914571991977,-0.002633709332768209,-0.06741721997062955
0.0097,-0.0017,-2.7270620303293573,-0.0029566634194717633,-0.06092133075702392
0.0098,-0.0017,-2.6957823658648827,-0.002572362389702979,-0.046597823387502894
0.0099,-0.0017,-2.6923116788561323,-0.0012050460444598093,-0.026522791875114683
0.01,-0.0017,-2.709557532335888,0.0,0.0
0.0,-0.0016,-2.784324836567643,0.0,0.0
0.0001,-0.0016,-2.779834131011864,2.2053133411220893e-05,0.001349843587561338
0.0002,-0.0016,-2.7742862384137505,5.5464932014677474e-05,0.002660633506755864
0.0003,-0.0016,-2.767221971455759,0.0002025143709718667,0.004283374907191092
0.0004,-0.0016,-2.762081379070218,0.0002863207470597171,0.00580668457456019
0.0005,-0.0016,-2.755616491248334,0.0005095181960406139,0.0073307939577437935
0.0006,-0.0016,-2.7520009201751257,0.0008415396528337855,0.008797629686066113
0.0007,-0.0016,-2.748658257331056,0.0011854853798774078,0.010256029933593924
0.0008,-0.0016,-2.7432062455667228,0.0016692401693728202,0.011697888212001297
0.0009,-0.0016,-2.7388503254303576,0.002216762175451511,0.013072497971468934
0.001,-0.0016,-2.7340365857395725,0.0028785281799001182,0.014323673719416247
0.0011,-0.0016,-2.7300128246171314,0.003596173084863886,0.015449880133421768
0.0012,-0.0016,-2.7268165828219044,0.0043008150563104,0.01645449774765843
0.0013000000000000002,-0.0016,-2.723281536739698,0.005020507310972764,0.017326394983701972
0.0014,-0.0016,-2.719867410698552,0.005976509635455747,0.018146826962853142
0.0015,-0.0016,-2.7176845798686116,0.006961986010684354,0.018858290109562827
0.0016,-0.0016,-2.719558009717888,0.007892741356928272,0.01933217523023813
0.0017,-0.0016,-2.720501654751546,0.008744434089768641,0.019754749492213515
0.0018,-0.0016,-2.723870222148125,0.009721846577238479,0.02000699374358688
0.0019,-0.0016,-2.7294218885362334,0.010711827907585516,0.020275600720235796
0.002,-0.0016,-2.7371063190527996,0.01172827112894528,0.020353971639387188
0.0021,-0.0016,-2.746152805905351,0.012663697727543922,0.020416779018051674
0.0022,-0.0016,-2.758449516662214,0.013691272241767605,0.0204244900622852
0.0023,-0.0016,-2.771780114464248,0.014619311102815677,0.020318760137753883
0.0024,-0.0016,-2.7888265036271758,0.015650199301049394,0.02019866858140512
0.0025,-0.0016,-2.807553296881351,0.016591184103401144,0.019976707649733264
0.0026000000000000003,-0.0016,-2.8269362110299903,0.017547615495468145,0.01966963060162626
0.0027,-0.0016,-2.849251378838492,0.018455349194570685,0.019374683849494638
0.0028,-0.0016,-2.873136344904751,0.019365919140948276,0.01898463602234365
0.0029,-0.0016,-2.897638789737812,0.020235272544080137,0.0185655930587972
0.003,-0.0016,-2.923377958867267,0.021105077527018814,0.018087926162953148
0.0031,-0.0016,-2.9505711854612837,0.021860257317579252,0.017640241518006427
0.0032,-0.0016,-2.978377388031907,0.02264736214208877,0.01710338272964824
0.0033000000000000004,-0.0016,-3.006892963898853,0.02343470489595591,0.016544290388698923
0.0034,-0.0016,-3.0355552435290147,0.02409127357223668,0.01595419896307938
0.0034999999999999996,-0.0016,-3.0644741026704914,0.024816997369088184,0.015363409981637436
0.0036,-0.0016,-3.0935224928205347,0.025420240001612388,0.014759261372861938
0.0037,-0.0016,-3.121689289399675,0.02602630328980703,0.014126925782778002
0.0038,-0.0016,-3.1497349705268114,0.026592984177310444,0.013474386109150971
0.0039,-0.0016,-3.177220168535021,0.027087371680342656,0.012831429075688062
0.004,-0.0016,-3.204037184460037,0.027517347585576463,0.012173098804801049
0.0041,-0.0016,-3.229574340216963,0.0280230672379178,0.011505780043262016
0.0042,-0.0016,-3.254373581798438,0.02833734922465977,0.010834121707113988
0.0043,-0.0016,-3.2768551301126676,0.028673383211539186,0.010170552506301424
0.0044,-0.0016,-3.2981799484036785,0.028961710155334264,0.00951522936195971
0.0045,-0.0016,-3.318645996566147,0.029215800855865944,0.008841255809971778
0.0046,-0.0016,-3.3373896562387135,0.029446043620403435,0.008209923192452876
0.0047,-0.0016,-3.3537693035269855,0.029608127570196235,0.007536558386104027
0.0048,-0.0016,-3.3683909414291295,0.029758178216153355,0.006883724420330812
0.0049,-0.0016,-3.3822721737689494,0.029826006569582886,0.006291486926753147
0.005,-0.0016,-3.393443944408863,0.029847211069354725,0.005671651733132071
0.0051,-0.0016,-3.4027275650523485,0.0298538358677518,0.0050649622685276655
0.005200000000000001,-0.0016,-3.41006344156918,0.029834600539082757,0.004491705215234686
0.0053,-0.0016,-3.4160107185958717,0.02975973498846239,0.003923798782096837
0.0054,-0.0016,-3.419319306979501,0.029640919692795305,0.003350456736468035
0.0055,-0.0016,-3.421469484453309,0.029495541750045064,0.0028269326867940365
0.0056,-0.0016,-3.4214849893707497,0.029324074605738038,0.0023242966897453403
0.005700000000000001,-0.0016,-3.4195862066517093,0.029091464365276057,0.0017899868424536517
0.0058,-0.0016,-3.4165406844435817,0.028855929325678622,0.0013179104145328044
0.0059,-0.0016,-3.4109970175328423,0.028557299429775668,0.0008312416741142928
0.006,-0.0016,-3.404262140631196,0.028230478234016122,0.00040830269623909067
0.0061,-0.0016,-3.3955619715625174,0.0279191163582059,9.140388823120765e-06
0.0062,-0.0016,-3.3890598947914667,0.02753436364753732,-0.00039195225181463196
0.0063,-0.0016,-3.378799252164194,0.02713689286358566,-0.0007563085866343022
0.0064,-0.0016,-3.3653659989000846,0.02673337983266402,-0.0011813256749058192
0.006499999999999999,-0.0016,-3.356476378045794,0.026275624027774492,-0.0014975882867372268
0.006600000000000001,-0.0016,-3.3433288920052493,0.025901596954126294,-0.001871754946755094
0.0067,-0.0016,-3.328579070971403,0.025365068458344422,-0.002195901031325435
0.0068,-0.0016,-3.314918609947539,0.02487220705120259,-0.002532147086831812
0.0069,-0.0016,-3.3005736820411147,0.024296850237026654,-0.002873182014580691
0.006999999999999999,-0.0016,-3.291142930137195,0.023853956750625505,-0.0032034379942280687
0.007100000000000001,-0.0016,-3.2734053882666183,0.023330523219530077,-0.003569852579072457
0.0072,-0.0016,-3.260667750488874,0.022731524485282054,-0.003927361841338336
0.0073,-0.0016,-3.244010422194343,0.022180190060033297,-0.004275043101009543
0.0074,-0.0016,-3.2341967855561884,0.02149374855538787,-0.004688455582046639
0.0075,-0.0016,-3.2167784149896894,0.020892602007204206,-0.005121607455408551
0.0076,-0.0016,-3.2010327142628747,0.020351789087714997,-0.00561859940575395
0.0077,-0.0016,-3.187935614041784,0.019721587225214554,-0.0061748570353230255
0.0078,-0.0016,-3.1715832259944117,0.019127545143538347,-0.006800673507566979
0.0079,-0.0016,-3.1577705109416065,0.018364687676581375,-0.007388093647794897
0.008,-0.0016,-3.1432542405080057,0.017750029160254865,-0.008307419953868979
0.0081,-0.0016,-3.126334507732386,0.017048625249154188,-0.00910762854340413
0.0082,-0.0016,-3.107051874711671,0.01618261252990955,-0.010314127471966143
0.0083,-0.0016,-3.0868932462174654,0.01550241301553927,-0.011624174786167993
0.0084,-0.0016,-3.0666483559035003,0.014620797133094733,-0.013214489466937408
0.0085,-0.0016,-3.0459137477068468,0.013683686814016816,-0.014983109791563743
0.0086,-0.0016,-3.022894248469615,0.012489917319287577,-0.017380253379995866
0.0087,-0.0016,-2.9941514767352095,0.011131561164670971,-0.02016611878560356
0.0088,-0.0016,-2.9660920674204996,0.009544878193105158,-0.02358543224676303
0.0089,-0.0016,-2.9335782961596166,0.007786682160347004,-0.02785019310210445
0.009,-0.0016,-2.8960930627316754,0.0057657451772915305,-0.03287862300715105
0.0091,-0.0016,-2.85545219612997,0.0036591452961094286,-0.03881673190418133
0.0092,-0.0016,-2.8147471239167996,0.0007394861027561807,-0.04568305891208157
0.0093,-0.0016,-2.6644641411948093,-0.0012557212925059663,-0.0526775896317961
0.0094,-0.0016,-2.592199370674671,-0.002834474037986339,-0.05944561235521158
0.0095,-0.0016,-2.6093576218877663,-0.0038527084557512777,-0.06387676985797174
0.0096,-0.0016,-2.598989056650157,-0.005003153239455563,-0.06674032309752213
0.0097,-0.0016,-2.668627315776989,-0.002262853308520442,-0.061162785637137396
0.0098,-0.0016,-2.660981324423967,-0.0015336659754111787,-0.0475039645501271
0.0099,-0.0016,-2.6333855543314693,-0.001646622823658419,-0.027428410313494734
0.01,-0.0016,-2.6467898882375365,0.0,0.0
0.0,-0.0015,-2.76772876474199,0.0,0.0
0.0001,-0.0015,-2.7640009839518913,-5.040375637418635e-06,0.0013178083138705226
0.0002,-0.0015,-2.757205360388232,-1.6558650713277447e-05,0.0026866943286223428
0.0003,-0.0015,-2.7521335063242818,2.4980469401783862e-05,0.004179002512141104
0.0004,-0.0015,-2.7431080349978316,6.906452171546182e-05,0.00563181043636794
0.0005,-0.0015,-2.737103348339349,0.00023607434277875,0.0071718143484243106
0.0006,-0.0015,-2.7333572792069845,0.00042684501949020044,0.008535318757003708
0.0007,-0.0015,-2.730040619399666,0.0007372212124528446,0.009921499737239166
0.0008,-0.0015,-2.725208243812128,0.0011388110842316793,0.011200683775556566
0.0009,-0.0015,-2.7209599882781084,0.0016529181735499038,0.012533160549385991
0.001,-0.0015,-2.7170158372006323,0.002199342629603091,0.013662017551540185
0.0011,-0.0015,-2.7126404288860972,0.0028396214771554424,0.014729116349648064
0.0012,-0.0015,-2.707897947624481,0.003578774551565383,0.01569570738723054
0.0013000000000000002,-0.0015,-2.703720357338782,0.004413696058562548,0.016537527912893236
0.0014,-0.0015,-2.6999495511954925,0.005283673197749068,0.01730128140013523
0.0015,-0.0015,-2.6980159959709074,0.006103096634402403,0.017936360141807085
0.0016,-0.0015,-2.6958028613322824,0.007035948336385202,0.018444528510547172
0.0017,-0.0015,-2.6970815930487055,0.00799253703660122,0.018910640595898143
0.0018,-0.0015,-2.699353044822213,0.009009887920146899,0.019191280099008164
0.0019,-0.0015,-2.7054231369017034,0.009971415162608563,0.01932396777466512
0.002,-0.0015,-2.7119772632670007,0.010969524725346971,0.01942879038967364
0.0021,-0.0015,-2.7207139944772742,0.01203492794992469,0.019477793310355956
0.0022,-0.0015,-2.732562405819465,0.013033117266118997,0.019460624515271977
0.0023,-0.0015,-2.7459642547626997,0.014018966662321504,0.0193766293139208
0.0024,-0.0015,-2.7616447430683575,0.015015445858068766,0.019197962547355032
0.0025,-0.0015,-2.780736894511028,0.016074019726587153,0.019032821725056534
0.0026000000000000003,-0.0015,-2.800611328576758,0.01702180776328181,0.01870000491294543
0.0027,-0.0015,-2.8224544577661774,0.018002235277846435,0.018434934720520386
0.0028,-0.0015,-2.845843083553197,0.018938407556956985,0.018087186211200538
0.0029,-0.0015,-2.870430960876805,0.019769575281322605,0.01766447110857222
0.003,-0.0015,-2.896970133353736,0.02070850492950947,0.017270396050349558
0.0031,-0.0015,-2.9243488672925495,0.021563503324626594,0.016804815963562664
0.0032,-0.0015,-2.952393308668734,0.022398961587097196,0.01632732998888053
0.0033000000000000004,-0.0015,-2.9809316398229506,0.023148299816767044,0.015784527430833525
0.0034,-0.0015,-3.0093695476098565,0.023902714268973863,0.015259989007990785
0.0034999999999999996,-0.0015,-3.0385364006313895,0.02460008564621743,0.014696710718592569
0.0036,-0.0015,-3.0683279172655364,0.02526329462775927,0.014123506198095222
0.0037,-0.0015,-3.0954369056405797,0.02591120032675333,0.013525200538026189
0.0038,-0.0015,-3.1240159326667905,0.026495194903377997,0.0129280139545604
0.0039,-0.0015,-3.1529234126012033,0.02701180625451584,0.012327201857678341
0.004,-0.0015,-3.1791159391816946,0.027498378032681826,0.011710859725660471
0.0041,-0.0015,-3.205690080065265,0.02798551440548099,0.011091892010883087
0.0042,-0.0015,-3.2299590906885367,0.028389108498539407,0.010460301126112369
0.0043,-0.0015,-3.2538001489617283,0.02873624505658149,0.009839704624492594
0.0044,-0.0015,-3.276842310119352,0.029058277011886898,0.009220583285506902
0.0045,-0.0015,-3.2971981453036374,0.0293493288118456,0.00860476112978916
0.0046,-0.0015,-3.315815456621495,0.029601691541041676,0.007988466266913827
0.0047,-0.0015,-3.3329415019489583,0.02977784265780963,0.007372877774851428
0.0048,-0.0015,-3.348210729146942,0.0299308112062919,0.006797888606400029
0.0049,-0.0015,-3.3621592728156817,0.030051154383535852,0.0062269377683203805
0.005,-0.0015,-3.373650941463811,0.030119332742657226,0.005659326622189691
0.0051,-0.0015,-3.3840175985825436,0.030149621715253733,0.005060195015235632
0.005200000000000001,-0.0015,-3.391758934465636,0.030118384716814085,0.004532290328778626
0.0053,-0.0015,-3.398093078632288,0.03006229303891719,0.003997178078869366
0.0054,-0.0015,-3.4023120521894747,0.03000617921191237,0.0034804848853249256
0.0055,-0.0015,-3.404257008207724,0.02987528225737035,0.003002869491866485
0.0056,-0.0015,-3.4056100125315556,0.029678025042558953,0.0025185725881041706
0.005700000000000001,-0.0015,-3.404384692106658,0.02952674536071513,0.002046422393548908
0.0058,-0.0015,-3.401107186553161,0.029328481604257363,0.0015960390627090771
0.0059,-0.0015,-3.3966866402238485,0.029026526569471703,0.0011770014877406833
0.006,-0.0015,-3.3911448347804103,0.028747248473068112,0.0007582120925308918
0.0061,-0.0015,-3.383089040377986,0.02842221008217516,0.000327574094800414
0.0062,-0.0015,-3.3739953105563254,0.028081529087337943,-3.542608202845611e-05
0.0063,-0.0015,-3.3655424038850805,0.027700084266164538,-0.00039521548747093425
0.0064,-0.0015,-3.3565016875027402,0.027333894705427977,-0.0007532941668584811
0.006499999999999999,-0.0015,-3.3430483935003243,0.026943301707883307,-0.001062984145422543
0.006600000000000001,-0.0015,-3.331825274862794,0.0265103772508314,-0.0014107594298800163
0.0067,-0.0015,-3.318497949454745,0.02600772842739514,-0.001746301366501766
0.0068,-0.0015,-3.3086212237872346,0.025601331736583556,-0.0020279045909584585
0.0069,-0.0015,-3.291775579723528,0.025117477327515,-0.002351525914079214
0.006999999999999999,-0.0015,-3.2777260584352526,0.0245470074027186,-0.0027024141159094073
0.007100000000000001,-0.0015,-3.2655224528787894,0.024151354978864944,-0.0030261083351465962
0.0072,-0.0015,-3.246880590487529,0.023576087857828765,-0.003375050404419029
0.0073,-0.0015,-3.2342558668905976,0.023109031461672515,-0.0037171970000353886
0.0074,-0.0015,-3.218937735585227,0.022514346087368537,-0.004109092678992186
0.0075,-0.0015,-3.2036169427126113,0.02191549525953808,-0.004540847937450611
0.0076,-0.0015,-3.1874713555042793,0.02128134739844649,-0.004992209834928846
0.0077,-0.0015,-3.170823383344787,0.02073105085501987,-0.0055261789775660555
0.0078,-0.0015,-3.1534981552347836,0.020089677130006957,-0.006050885928114737
0.0079,-0.0015,-3.1392000052281452,0.019532739171922282,-0.006870484536661028
0.008,-0.0015,-3.1230177266331385,0.01886936484884753,-0.00758171005189372
0.0081,-0.0015,-3.10342792528358,0.01804109156766025,-0.008553645942855823
0.0082,-0.0015,-3.0831651524288364,0.017381372853416715,-0.009520083160670472
0.0083,-0.0015,-3.0604743906594187,0.016619653329695436,-0.010721087904878064
0.0084,-0.0015,-3.0390582805035824,0.015779318329524505,-0.012316669537245382
0.0085,-0.0015,-3.0134344140398746,0.01469769851675554,-0.013987106108118229
0.0086,-0.0015,-2.9859340589382266,0.013652046948019246,-0.01598028275586734
0.0087,-0.0015,-2.954202548515308,0.012331136562712619,-0.018751729845184584
0.0088,-0.0015,-2.9214959494429613,0.010873017357403626,-0.0219394723426698
0.0089,-0.0015,-2.8852594955750535,0.009184913453259672,-0.025946672109071468
0.009,-0.0015,-2.8471056544119477,0.007195198382130955,-0.030771347205880397
0.0091,-0.0015,-2.806262454566141,0.00511870497879453,-0.03639313217235081
0.0092,-0.0015,-2.754324652444531,0.002634655920614724,-0.043156269168190854
0.0093,-0.0015,-2.67673053918208,0.0006695407156468658,-0.049857706938220364
0.0094,-0.0015,-2.7491849758096754,-0.0031101817105003184,-0.05848869184258643
0.0095,-0.0015,-2.5377212069621495,-0.004494917990314547,-0.06375273266149133
0.0096,-0.0015,-2.294420295337122,-0.003658437089550052,-0.06768006520368085
0.0097,-0.0015,-2.5849762380640846,-0.002253761456058061,-0.06253756750248064
0.0098,-0.0015,-2.6475937738720385,-0.0016455746322040143,-0.04936907811841165
0.0099,-0.0015,-2.5485818775755527,-0.0021546671509173705,-0.029055378534387385
0.01,-0.0015,-2.564217756056227,0.0,0.0
0.0,-0.0014,-2.7445762594701124,0.0,0.0
0.0001,-0.0014,-2.742274547967188,-3.990406340376428e-05,0.0013751378260186832
0.0002,-0.0014,-2.736206001621881,-0.00015905785255550318,0.0028564284359360033
0.0003,-0.0014,-2.7295200470365573,-9.734116124348784e-05,0.004222261223024876
0.0004,-0.0014,-2.722692433490167,-0.00017584993302755737,0.005652682567150273
0.0005,-0.0014,-2.717229822557194,-0.00021694360854702702,0.0070052761021318025
0.0006,-0.0014,-2.7135773196184614,-8.949596526436483e-05,0.00831618225100695
0.0007,-0.0014,-2.7101608530867702,0.00014236117141538384,0.009518007573657485
0.0008,-0.0014,-2.704555654330722,0.00046214471197050626,0.010757517555987485
0.0009,-0.0014,-2.698505608433507,0.0009208306141901944,0.012056507154412834
0.001,-0.0014,-2.695042842251415,0.0013886212880064115,0.013105515248983408
0.0011,-0.0014,-2.6924617208439257,0.0020182778567963814,0.014073705750070659
0.0012,-0.0014,-2.686832538483252,0.0027429146572911438,0.014921323449954322
0.0013000000000000002,-0.0014,-2.683184119205842,0.003445895280273391,0.015719559692132307
0.0014,-0.0014,-2.6790602552230864,0.004256990777966327,0.016410808353951433
0.0015,-0.0014,-2.674949094725325,0.0051221932789823595,0.017022481010505904
0.0016,-0.0014,-2.6752759415338714,0.006042565098270745,0.01745466397314436
0.0017,-0.0014,-2.675275381375041,0.007102559425138426,0.017864621130433224
0.0018,-0.0014,-2.6775238719130083,0.008103807276259405,0.018175763773933925
0.0019,-0.0014,-2.6810478687535566,0.009049586927687757,0.01830592102728841
0.002,-0.0014,-2.6876895026021934,0.010162746333785624,0.018442690242566572
0.0021,-0.0014,-2.6961444097105103,0.011147414674349121,0.018590217327938363
0.0022,-0.0014,-2.707588610648384,0.012188079390115784,0.01846820066823104
0.0023,-0.0014,-2.72122188670809,0.013255427526637224,0.018329729245762663
0.0024,-0.0014,-2.7358174504821093,0.014297955003555372,0.01811581090825927
0.0025,-0.0014,-2.753990434430076,0.01530512949345286,0.01797561042181976
0.0026000000000000003,-0.0014,-2.774278827710064,0.016323485187498165,0.01773169893256159
0.0027,-0.0014,-2.7964515315291405,0.01737367718350854,0.017484674670277617
0.0028,-0.0014,-2.8194738646050204,0.018279585251975414,0.017111797860616795
0.0029,-0.0014,-2.844914581642977,0.01922413941797612,0.01676268415070936
0.003,-0.0014,-2.8714087500886967,0.02017969167876729,0.01639980920135003
0.0031,-0.0014,-2.898344141218719,0.02105289804573894,0.01595547287575638
0.0032,-0.0014,-2.926302275233694,0.021916938593073892,0.015507461013490417
0.0033000000000000004,-0.0014,-2.954023818965996,0.022730874654637773,0.015031169021791718
0.0034,-0.0014,-2.9848837142149596,0.023498995073422593,0.014518220459426915
0.0034999999999999996,-0.0014,-3.013517812697083,0.02431505359939551,0.013980662901248449
0.0036,-0.0014,-3.042190922163894,0.024921238590558954,0.013444200546722846
0.0037,-0.0014,-3.0707593993593423,0.025628085506420695,0.012909332402222088
0.0038,-0.0014,-3.101091111464425,0.026262359893088574,0.01235781714720112
0.0039,-0.0014,-3.1298305122990504,0.026866748890420747,0.011789720633830202
0.004,-0.0014,-3.155956965329426,0.02739085858138357,0.011217438496114951
0.0041,-0.0014,-3.1827255164739947,0.027860470370802255,0.010635542912513899
0.0042,-0.0014,-3.2079330126674632,0.0283264466704522,0.010056865917463543
0.0043,-0.0014,-3.2310804419958803,0.02869353389172353,0.009481281134733057
0.0044,-0.0014,-3.2543850288467753,0.029073335726483462,0.008900853877871418
0.0045,-0.0014,-3.2756005881068835,0.02938292069558456,0.008330759872578388
0.0046,-0.0014,-3.2959374496654026,0.02963916545650764,0.007757094485434914
0.0047,-0.0014,-3.313847150074701,0.029879490764158523,0.007209354872686494
0.0048,-0.0014,-3.3292521422956676,0.03006820588809996,0.006645373629940474
0.0049,-0.0014,-3.3431780201416554,0.030226532421287505,0.006118036978413455
0.005,-0.0014,-3.3555507904779747,0.030284987207318162,0.005579544726775001
0.0051,-0.0014,-3.366140153952632,0.030417558741581287,0.005065035368694952
0.005200000000000001,-0.0014,-3.3738667936298503,0.03040134626743748,0.004553223656391697
0.0053,-0.0014,-3.381151778055493,0.03036554003097517,0.004066759778367428
0.0054,-0.0014,-3.386510354723047,0.030363095840762633,0.0035560948594557055
0.0055,-0.0014,-3.3887963473547646,0.030212992818272263,0.0031223808628435515
0.0056,-0.0014,-3.3893610821818956,0.030076354039931776,0.002657499563617616
0.005700000000000001,-0.0014,-3.388282245727927,0.029930760955518734,0.002219718331755527
0.0058,-0.0014,-3.3870341909844224,0.029747895923855835,0.0018165005508579053
0.0059,-0.0014,-3.383813202125864,0.02953605735277666,0.0013925593075340328
0.006,-0.0014,-3.377184531528201,0.029274151267876497,0.0010216606072965852
0.0061,-0.0014,-3.3719515861196023,0.029024304898173564,0.0006599335013258046
0.0062,-0.0014,-3.3630726696078894,0.02868369789449773,0.00027113616652296724
0.0063,-0.0014,-3.354791697994885,0.02835813250257829,-3.5099630587710416e-05
0.0064,-0.0014,-3.3462354478554692,0.02797506625666715,-0.0003686171959305176
0.006499999999999999,-0.0014,-3.3326403281527646,0.027604995993759082,-0.0006715017964076171
0.006600000000000001,-0.0014,-3.321357567120201,0.027198870863677282,-0.0009933041054210245
0.0067,-0.0014,-3.3071152357636184,0.026873018416160722,-0.0012805298019907846
0.0068,-0.0014,-3.2965874347991053,0.026408354137933174,-0.0015870261579263925
0.0069,-0.0014,-3.2800956569326223,0.025903617017979143,-0.0019185889496354915
0.006999999999999999,-0.0014,-3.266367520675034,0.025486785460016294,-0.0022127089121623347
0.007100000000000001,-0.0014,-3.253822182587064,0.025072342424770147,-0.002502341955236441
0.0072,-0.0014,-3.2381594482357166,0.02440592894515502,-0.0028753264658413972
0.0073,-0.0014,-3.225923332326586,0.023989357118951078,-0.0031772377112918265
0.0074,-0.0014,-3.206796644414934,0.023497655335321443,-0.0035565157740836983
0.0075,-0.0014,-3.1917721039808997,0.023005887817583212,-0.003993962051418768
0.0076,-0.0014,-3.177071747626757,0.022354558677431236,-0.004366675669502699
0.0077,-0.0014,-3.157665311585856,0.021909873922406047,-0.004887140431652134
0.0078,-0.0014,-3.1391027291642573,0.021298006491662247,-0.005531926342760699
0.0079,-0.0014,-3.1209468609316273,0.02068788794428423,-0.006075861340574027
0.008,-0.0014,-3.1011598428566005,0.019962878954623533,-0.007013860092903006
0.0081,-0.0014,-3.0790670272442333,0.0194661080592744,-0.007686438168046448
0.0082,-0.0014,-3.057862908166343,0.018760307689382014,-0.008849999929880772
0.0083,-0.0014,-3.0335681436606547,0.01787724967695939,-0.009932382421861792
0.0084,-0.0014,-3.0086761198360867,0.017040848790150005,-0.01136521530770732
0.0085,-0.0014,-2.9786546909004237,0.016260294330904156,-0.013016010632847831
0.0086,-0.0014,-2.9475257410195637,0.01515172020328523,-0.015016907295955612
0.0087,-0.0014,-2.9118226613759446,0.013920180461674632,-0.01756631679893329
0.0088,-0.0014,-2.8767942724751765,0.012428059876530305,-0.0204464738363426
0.0089,-0.0014,-2.834869987428142,0.01072646314244575,-0.024195051012108733
0.009,-0.0014,-2.7934955550820604,0.008756848885911215,-0.02868996149973393
0.0091,-0.0014,-2.7401541259044793,0.006597525475974659,-0.034169379509345024
0.0092,-0.0014,-2.692221842578184,0.00396045166329659,-0.04066117146571784
0.0093,-0.0014,-2.6034304568747184,0.002286388941841591,-0.047854566000284426
0.0094,-0.0014,-2.7229004709800924,-0.0021727521303094148,-0.05664718393195517
0.0095,-0.0014,-2.5403242173375795,-0.0042420710471327595,-0.06059971271690169
0.0096,-0.0014,-2.2753608064502666,-0.005325335163957602,-0.06516475181461526
0.0097,-0.0014,-2.385419358878209,-0.003127694954134295,-0.06296458468319828
0.0098,-0.0014,-2.51723330849539,-0.0022482151743771777,-0.05056512597903611
0.0099,-0.0014,-2.4929561155552835,-0.0019759565008449958,-0.030031998114313542
0.01,-0.0014,-2.4555719071316235,0.0,0.0
0.0,-0.0013000000000000002,-2.720727755925032,0.0,0.0
0.0001,-0.0013000000000000002,-2.717286171381511,-0.00011882350615810706,0.00121153398304015
0.0002,-0.0013000000000000002,-2.7104373210359407,-0.0002706035421583237,0.0029520116928427676
0.0003,-0.0013000000000000002,-2.7029252163554363,-0.0003060302141854245,0.004270645393492834
0.0004,-0.0013000000000000002,-2.69790908544312,-0.0005232117304985626,0.005784308603864093
0.0005,-0.0013000000000000002,-2.6950295702008447,-0.0006472496093035343,0.007069754233297399
0.0006,-0.0013000000000000002,-2.6918337819448346,-0.0005908911952625877,0.00813268288532072
0.0007,-0.0013000000000000002,-2.6875661008739438,-0.0005270384846881355,0.009461224237196858
0.0008,-0.0013000000000000002,-2.6818111172993726,-0.00026593915866567687,0.010462170922240475
0.0009,-0.0013000000000000002,-2.6827654923391595,7.403590537850176e-05,0.011584956205660878
0.001,-0.0013000000000000002,-2.6816709564917947,0.00046864698482576334,0.012594736769248683
0.0011,-0.0013000000000000002,-2.6735610977427084,0.00104944487024465,0.013474904705787783
0.0012,-0.0013000000000000002,-2.6675860733067327,0.001666428713189551,0.014240892811618583
0.0013000000000000002,-0.0013000000000000002,-2.6618130705342584,0.0024433604577399726,0.014927242758896443
0.0014,-0.0013000000000000002,-2.6584668443974757,0.003279625706135074,0.015559255003524744
0.0015,-0.0013000000000000002,-2.6561767676249826,0.004072570330571468,0.01605032669479098
0.0016,-0.0013000000000000002,-2.654181324417627,0.005026083391366065,0.01650175395985622
0.0017,-0.0013000000000000002,-2.6515330708265377,0.0059079461319933415,0.016755977217238854
0.0018,-0.0013000000000000002,-2.6550092956473437,0.006917684211041903,0.016994939597418348
0.0019,-0.0013000000000000002,-2.656783560873407,0.007952756002350438,0.017313435821351333
0.002,-0.0013000000000000002,-2.6639802497916842,0.009058476124926811,0.017395211831727684
0.0021,-0.0013000000000000002,-2.6724257576371326,0.010111899725412274,0.01743859869845579
0.0022,-0.0013000000000000002,-2.6840884913271554,0.011153740098247792,0.01732181607687869
0.0023,-0.0013000000000000002,-2.6968890694435923,0.01224692779557108,0.01725080551005718
0.0024,-0.0013000000000000002,-2.7103023756608775,0.01332383955592603,0.017104346679502763
0.0025,-0.0013000000000000002,-2.730126884704789,0.014400018641241602,0.01689200169152067
0.0026000000000000003,-0.0013000000000000002,-2.749253402347843,0.015443873203450934,0.01676085661697252
0.0027,-0.0013000000000000002,-2.7724106218108977,0.016570745650022044,0.016446538390780353
0.0028,-0.0013000000000000002,-2.7960392519955644,0.017592540535012833,0.016185463197404642
0.0029,-0.0013000000000000002,-2.8189505933175942,0.018494277195701427,0.01584808912146761
0.003,-0.0013000000000000002,-2.8437855093986157,0.01942458004025603,0.015465070938776549
0.0031,-0.0013000000000000002,-2.87247704597907,0.020408839707074907,0.015062660444875198
0.0032,-0.0013000000000000002,-2.903142169982565,0.02135300079030515,0.014617884466932206
0.0033000000000000004,-0.0013000000000000002,-2.930183686095446,0.022203995206353994,0.014192849298215982
0.0034,-0.0013000000000000002,-2.9607737453210623,0.022970285642732954,0.013695924403497636
0.0034999999999999996,-0.0013000000000000002,-2.9877329894393676,0.023755924584251117,0.013246070979244165
0.0036,-0.0013000000000000002,-3.0185272446448663,0.024497359798212288,0.012771395799028107
0.0037,-0.0013000000000000002,-3.0504845439893757,0.025250467101797576,0.0122566392032819
0.0038,-0.0013000000000000002,-3.0771397133381773,0.025903727976515578,0.011730757642211327
0.0039,-0.0013000000000000002,-3.107107400642608,0.02650150360185838,0.011212802974170986
0.004,-0.0013000000000000002,-3.135567917702387,0.027040278772391083,0.010687091966157077
0.0041,-0.0013000000000000002,-3.1604275080658293,0.027655275542913228,0.010139873482913779
0.0042,-0.0013000000000000002,-3.1868207107353173,0.02811459500698762,0.009601891889049037
0.0043,-0.0013000000000000002,-3.211710995616053,0.028602786526526827,0.009074888016875513
0.0044,-0.0013000000000000002,-3.2344270129521178,0.02899423212230119,0.008547302350557893
0.0045,-0.0013000000000000002,-3.2560223066222442,0.029355941482607513,0.008020607482683201
0.0046,-0.0013000000000000002,-3.275692649139616,0.02964678839699037,0.007481476469412731
0.0047,-0.0013000000000000002,-3.294436920057012,0.029916995030762908,0.00697216153397552
0.0048,-0.0013000000000000002,-3.3108497216843435,0.03014511953780141,0.006465254280359914
0.0049,-0.0013000000000000002,-3.3259235121202804,0.03031655043417913,0.005962636059124574
0.005,-0.0013000000000000002,-3.3385437911807827,0.03047160608745524,0.005461687577872002
0.0051,-0.0013000000000000002,-3.3493540507054855,0.030574250544847015,0.004992007005470881
0.005200000000000001,-0.0013000000000000002,-3.358304987874036,0.03064280596670348,0.004512087584680794
0.0053,-0.0013000000000000002,-3.365645426199851,0.030649296079511935,0.004074679317201639
0.0054,-0.0013000000000000002,-3.370398919820492,0.030658578348384737,0.003598791424001141
0.0055,-0.0013000000000000002,-3.3743524843721393,0.030588945063755514,0.003212219198912852
0.0056,-0.0013000000000000002,-3.3761904941009346,0.030518993135675212,0.002804562246832258
0.005700000000000001,-0.0013000000000000002,-3.375835057702446,0.030400145613077335,0.002390523498835994
0.0058,-0.0013000000000000002,-3.374217785803896,0.030238149616843537,0.0020156489468153823
0.0059,-0.0013000000000000002,-3.3712834172357797,0.030054474010728305,0.0016236629601925367
0.006,-0.0013000000000000002,-3.3660343021384396,0.02989950255294831,0.0012753002376613273
0.0061,-0.0013000000000000002,-3.3609677101039384,0.029623889361929712,0.0009441374724950889
0.0062,-0.0013000000000000002,-3.3514168207812163,0.029322478269658822,0.0006078474356178806
0.0063,-0.0013000000000000002,-3.3453609680841874,0.0290983578845617,0.00031374474869022215
0.0064,-0.0013000000000000002,-3.3337644570197793,0.02878323610135285,-3.812134759777139e-05
0.006499999999999999,-0.0013000000000000002,-3.3211264239306506,0.028347827921808472,-0.000309186080002144
0.006600000000000001,-0.0013000000000000002,-3.3123972548362564,0.02814970876056193,-0.0006042395152843172
0.0067,-0.0013000000000000002,-3.29958471318535,0.027727851072722267,-0.0009158491297516259
0.0068,-0.0013000000000000002,-3.288264291963337,0.027322766093003048,-0.001159440408953429
0.0069,-0.0013000000000000002,-3.2733916017540476,0.0269072207814942,-0.0014441565215097354
0.006999999999999999,-0.0013000000000000002,-3.259099843780071,0.026604788231877598,-0.0017506953809386606
0.007100000000000001,-0.0013000000000000002,-3.2412129481742618,0.026103536535456308,-0.0020485196642366205
0.0072,-0.0013000000000000002,-3.2279299684313436,0.025707677685576483,-0.0023713097358430604
0.0073,-0.0013000000000000002,-3.2132505215913065,0.025130053826693095,-0.002707243719042075
0.0074,-0.0013000000000000002,-3.1967474605985835,0.02470592809354167,-0.003061865339992023
0.0075,-0.0013000000000000002,-3.178649398816521,0.024322201180125437,-0.003510541047527139
0.0076,-0.0013000000000000002,-3.1611615730269533,0.023744529324044736,-0.003967521544289913
0.0077,-0.0013000000000000002,-3.1429060578994865,0.023329851727636047,-0.004419060593122128
0.0078,-0.0013000000000000002,-3.1234117256932863,0.022617583487572816,-0.004942584650248602
0.0079,-0.0013000000000000002,-3.105090304366049,0.022180814957436994,-0.0056235863527482255
0.008,-0.0013000000000000002,-3.0821834945125244,0.021552262387600687,-0.006338641859768124
0.0081,-0.0013000000000000002,-3.0592891171543712,0.02105920719112661,-0.007125689922292196
0.0082,-0.0013000000000000002,-3.0325256462448165,0.020281609315453558,-0.0080663189288923
0.0083,-0.0013000000000000002,-3.009711656317772,0.019496936213972173,-0.009023589030214295
0.0084,-0.0013000000000000002,-2.9762410272615925,0.018776639548664126,-0.010437069056172818
0.0085,-0.0013000000000000002,-2.943418280251882,0.017779674068944623,-0.011972253706304767
0.0086,-0.0013000000000000002,-2.9088959948286486,0.016885291009729124,-0.013841917256906023
0.0087,-0.0013000000000000002,-2.870817054559333,0.01562899952599599,-0.01601326249294336
0.0088,-0.0013000000000000002,-2.827495095490811,0.014263957743192033,-0.01899642749471291
0.0089,-0.0013000000000000002,-2.7843322889396163,0.012459226650851554,-0.02214039773181145
0.009,-0.0013000000000000002,-2.7287302239198588,0.010454656854375834,-0.026496291732470364
0.0091,-0.0013000000000000002,-2.6758357279774305,0.008253113042965018,-0.03178780584888504
0.0092,-0.0013000000000000002,-2.6159247944954513,0.00546463938405636,-0.038140203100918264
0.0093,-0.0013000000000000002,-2.5542425634032746,0.0031472262448201207,-0.04494935985519303
0.0094,-0.0013000000000000002,-2.5000116749601293,0.0013727749896684544,-0.05370364322471401
0.0095,-0.0013000000000000002,-2.6075791654820444,-0.0013813569051071624,-0.05941372685332378
0.0096,-0.0013000000000000002,-2.4810441639283107,-0.005294545833623371,-0.06341866231737144
0.0097,-0.0013000000000000002,-2.250734760686003,-0.003327061482226887,-0.06249616749585878
0.0098,-0.0013000000000000002,-2.387074723848607,-0.0017369772817263055,-0.051885890955228955
0.0099,-0.0013000000000000002,-2.301923780095771,-0.0013872803046135346,-0.031810970703401775
0.01,-0.0013000000000000002,-2.3383698033891163,0.0,0.0
0.0,-0.0012,-2.6937507850142275,0.0,0.0
0.0001,-0.0012,-2.692498147082279,-0.0002366521604298775,0.0014745890213779269
0.0002,-0.0012,-2.683836308776074,-0.0004118508552728273,0.0030794679514139587
0.0003,-0.0012,-2.6762583083668994,-0.0007238911768125249,0.004557860975131522
0.0004,-0.0012,-2.6705974167773467,-0.001008824513508994,0.005840331252141589
0.0005,-0.0012,-2.669386104422403,-0.001095005023650764,0.007143516313598876
0.0006,-0.0012,-2.6677368831607575,-0.0013607219482236759,0.008212253266232232
0.0007,-0.0012,-2.6655561066139266,-0.0013610142638547289,0.009408255113512017
0.0008,-0.0012,-2.6563949849273567,-0.0012603202668095492,0.010294247137395317
0.0009,-0.0012,-2.6576965979134815,-0.0010642597390251626,0.01128266707123305
0.001,-0.0012,-2.6612232979944777,-0.0006074929947877839,0.01207092356089347
0.0011,-0.0012,-2.6530291155755084,-0.0001301136547652824,0.01287002811728008
0.0012,-0.0012,-2.646600943350917,0.0004822705835482333,0.013598972548583936
0.0013000000000000002,-0.0012,-2.642263316964523,0.0011685683062210178,0.014230291777113727
0.0014,-0.0012,-2.6387023453448863,0.0019056269480386342,0.014718911269405388
0.0015,-0.0012,-2.635837021041175,0.002840896448211597,0.015214652054572253
0.0016,-0.0012,-2.632248513713382,0.003660995881574664,0.015623373954032491
0.0017,-0.0012,-2.633184358974229,0.004680996440268488,0.015871280565564732
0.0018,-0.0012,-2.6309916068201873,0.0056535965384549485,0.016046671599096576
0.0019,-0.0012,-2.635100036384138,0.006693325239767001,0.016189292355508613
0.002,-0.0012,-2.6408529321243375,0.007856778521666758,0.016340288912781158
0.0021,-0.0012,-2.649451541605173,0.008910691728874565,0.01622916074252492
0.0022,-0.0012,-2.6624064772883127,0.010035791148340233,0.01616928374158926
0.0023,-0.0012,-2.6740514406883724,0.011183077193679829,0.01614484072379779
0.0024,-0.0012,-2.6886612041986173,0.012237916281370831,0.01601453779360884
0.0025,-0.0012,-2.7008381523971066,0.013434819051716741,0.015866011760087333
0.0026000000000000003,-0.0012,-2.7219400819609816,0.014504359043689364,0.015614211512562854
0.0027,-0.0012,-2.7474912408534813,0.015598730818738887,0.015410315887523974
0.0028,-0.0012,-2.7760877877100683,0.01655463395187086,0.015189390156181915
0.0029,-0.0012,-2.799653508998923,0.017591904726547137,0.014816285815906239
0.003,-0.0012,-2.822743720990447,0.01867181836227634,0.014429670544333126
0.0031,-0.0012,-2.8494869562406997,0.019674331355042915,0.014097108832089528
0.0032,-0.0012,-2.87757544745825,0.02058134796856228,0.013773207440485989
0.0033000000000000004,-0.0012,-2.9045727737920135,0.02150022333794163,0.013329370496624011
0.0034,-0.0012,-2.9400540525505385,0.022410975292289553,0.01293166477250837
0.0034999999999999996,-0.0012,-2.9702583611625157,0.023159820570485518,0.012465010204281366
0.0036,-0.0012,-2.9954497563883673,0.023930120896414206,0.012030307052383171
0.0037,-0.0012,-3.026351187795296,0.024736500315849737,0.011536419917008843
0.0038,-0.0012,-3.0555158377940237,0.02550218982740704,0.01104036941598329
0.0039,-0.0012,-3.087606271280959,0.02614718697609905,0.0105835830322137
0.004,-0.0012,-3.114041507262538,0.026787865292146263,0.010097923091154093
0.0041,-0.0012,-3.1390447476346273,0.02734509002272663,0.00958660160198085
0.0042,-0.0012,-3.166772983006811,0.02795460302382116,0.009113343058949185
0.0043,-0.0012,-3.1924157771016373,0.028428532438062034,0.008622916771928755
0.0044,-0.0012,-3.2155901021632034,0.02885619732120011,0.008136726760712296
0.0045,-0.0012,-3.2380353825775545,0.029247030849499853,0.007657408949672945
0.0046,-0.0012,-3.2583171164024702,0.029623478777973375,0.007177682391564955
0.0047,-0.0012,-3.2768368297917947,0.02994646268783744,0.006708738959560448
0.0048,-0.0012,-3.293919150599252,0.030239894500231693,0.00624084408616685
0.0049,-0.0012,-3.309268655099065,0.03045435084926846,0.005772480661438345
0.005,-0.0012,-3.3222627083605882,0.030641483296932615,0.005323199707166978
0.0051,-0.0012,-3.3343001942026764,0.030833421019780073,0.0048878631104022525
0.005200000000000001,-0.0012,-3.3439078252653536,0.030889650907157742,0.004445017457821903
0.0053,-0.0012,-3.3517403883727623,0.031013180734031223,0.004021041975224478
0.0054,-0.0012,-3.357863261195926,0.031035225786177914,0.003633866907444823
0.0055,-0.0012,-3.3613664589875625,0.031007959561287046,0.0032234787719605503
0.0056,-0.0012,-3.3638637332127717,0.03100902355439178,0.002844152958771413
0.005700000000000001,-0.0012,-3.364790157644687,0.03092809358827217,0.0024962721988992034
0.0058,-0.0012,-3.3634333011851036,0.030865982513732106,0.0021269382174369865
0.0059,-0.0012,-3.360697199233359,0.03070183475162075,0.001784862719291656
0.006,-0.0012,-3.355403874710568,0.030584017230299777,0.00147244536462933
0.0061,-0.0012,-3.350414476019586,0.030405215632115692,0.0011557025584038084
0.0062,-0.0012,-3.343149834848463,0.030166561695034923,0.0008669494176483174
0.0063,-0.0012,-3.33464270870956,0.02994179292312231,0.0005320304614350968
0.0064,-0.0012,-3.3262605246390855,0.029643107964538187,0.00026927276307569457
0.006499999999999999,-0.0012,-3.315778171534135,0.02937213479661185,-2.785398505933401e-06
0.006600000000000001,-0.0012,-3.301570827065441,0.029136568673450425,-0.0002794976862764531
0.0067,-0.0012,-3.2938275455844264,0.02894262925612265,-0.0005373779813327622
0.0068,-0.0012,-3.2766347433412797,0.028488146485154103,-0.0008069952390144541
0.0069,-0.0012,-3.265809001737938,0.028198828511709073,-0.0010895292157646873
0.006999999999999999,-0.0012,-3.2508786850288853,0.027780658333674265,-0.0013772876149339194
0.007100000000000001,-0.0012,-3.234934321220072,0.02749682895978478,-0.0016190835237932647
0.0072,-0.0012,-3.2167550188553355,0.02692972890840615,-0.0019267103340524757
0.0073,-0.0012,-3.204324989381409,0.026643006274720705,-0.002261747845414751
0.0074,-0.0012,-3.1863698546969865,0.026136805593085555,-0.002659213975831246
0.0075,-0.0012,-3.1678839580590425,0.0257305534057692,-0.0030290398263980375
0.0076,-0.0012,-3.1500868032299554,0.025324581420988885,-0.0034443887694336735
0.0077,-0.0012,-3.1313542834555164,0.02498707264655628,-0.003909410359643969
0.0078,-0.0012,-3.1094777089453816,0.02438656565452428,-0.004430622963893213
0.0079,-0.0012,-3.087440517020543,0.023824542479533722,-0.005104236189671014
0.008,-0.0012,-3.06318483244911,0.023217028671239648,-0.00564229594698895
0.0081,-0.0012,-3.036800173595233,0.0226149762525462,-0.006555330608041446
0.0082,-0.0012,-3.009969487198451,0.022153823514734976,-0.00743134664094451
0.0083,-0.0012,-2.977211211972848,0.02137679929972901,-0.008417115380506266
0.0084,-0.0012,-2.9428060653683064,0.02065224165169416,-0.009610304646121748
0.0085,-0.0012,-2.9067937833581974,0.0197023475811304,-0.010989271548967621
0.0086,-0.0012,-2.865040375916485,0.01875034156514717,-0.012731168351802526
0.0087,-0.0012,-2.8242940833677053,0.017506109319057186,-0.014738187672882383
0.0088,-0.0012,-2.771346027637663,0.016063651957086113,-0.01728900897766435
0.0089,-0.0012,-2.7230344652901928,0.014424864552753157,-0.020434005141951497
0.009,-0.0012,-2.6607893872559187,0.012466572964088353,-0.02432843655217848
0.0091,-0.0012,-2.6081085808789153,0.009990814627614076,-0.02923622891851444
0.0092,-0.0012,-2.531720854144587,0.007621768640003972,-0.03544813632569585
0.0093,-0.0012,-2.482118505885341,0.00453897054696294,-0.042620027368621895
0.0094,-0.0012,-2.4026328768946317,0.002675753215151809,-0.05108068211373837
0.0095,-0.0012,-2.489983451806368,-0.00046303519817536814,-0.05780165586094215
0.0096,-0.0012,-2.4159305889314417,-0.005556058658714256,-0.06440922007024241
0.0097,-0.0012,-2.3283041068665224,-0.002559351040257456,-0.06625082582414328
0.0098,-0.0012,-2.3564215700886835,-0.0016146177919260333,-0.05240169501675928
0.0099,-0.0012,-2.2302177743320835,-0.002001651744735835,-0.0324646535169565
0.01,-0.0012,-2.1814877112439293,0.0,0.0
0.0,-0.0011,-2.6629995196926557,0.0,0.0
0.0001,-0.0011,-2.6569523676228166,-0.00033277815939643105,0.0017385708246354947
0.0002,-0.0011,-2.649426115733259,-0.0007878280260195889,0.0034645761999717037
0.0003,-0.0011,-2.6445150483821527,-0.0010580474010255185,0.004909309729281119
0.0004,-0.0011,-2.6405963097002467,-0.0015667451902761386,0.006207134955963516
0.0005,-0.0011,-2.6399711078577175,-0.0018881788734065087,0.0074389184583462335
0.0006,-0.0011,-2.639895957607874,-0.0021404671926929537,0.008370691076386294
0.0007,-0.0011,-2.6373426254387504,-0.002244576090183964,0.009512010795271876
0.0008,-0.0011,-2.65004583045486,-0.002448383983498186,0.01032761298341799
0.0009,-0.0011,-2.642600086125609,-0.002232951176517517,0.010918040836370938
0.001,-0.0011,-2.63233340466866,-0.0018130698006062693,0.011600672834002686
0.0011,-0.0011,-2.6346292518265675,-0.0014838308326531918,0.012404034488187027
0.0012,-0.0011,-2.6285072302372776,-0.0009889995596404134,0.012964460553228125
0.0013000000000000002,-0.0011,-2.6215505274483513,-0.0002834275995463424,0.013460944236227913
0.0014,-0.0011,-2.619189013936028,0.000529049883952279,0.0138862841296215
0.0015,-0.0011,-2.615144212898009,0.0013351552617083013,0.014236391482254338
0.0016,-0.0011,-2.6154366551359094,0.0022093611447492312,0.014678334255439086
0.0017,-0.0011,-2.613190136557869,0.003190183144788954,0.014782823112221352
0.0018,-0.0011,-2.6134556067731176,0.004221618518153686,0.014919456446036698
0.0019,-0.0011,-2.6110514918451524,0.005267725974653988,0.01517038480107299
0.002,-0.0011,-2.6187587507285404,0.006406872628265354,0.01512746104570551
0.0021,-0.0011,-2.626324375164993,0.007527232341063993,0.015255086972225189
0.0022,-0.0011,-2.6382135153055395,0.008661922187526828,0.015152160352557587
0.0023,-0.0011,-2.650487944661605,0.009976317534714655,0.015012107735575689
0.0024,-0.0011,-2.669564962640841,0.011145739573217945,0.014843851979339904
0.0025,-0.0011,-2.6876837253790273,0.01231733764671688,0.014594040522825003
0.0026000000000000003,-0.0011,-2.704940848230665,0.01344702323406419,0.014544320671735082
0.0027,-0.0011,-2.7231581881896845,0.014532377533185203,0.014456793637403998
0.0028,-0.0011,-2.746404660801198,0.01556751791450971,0.01410626259655676
0.0029,-0.0011,-2.773680551505855,0.016748373975230334,0.01381392054076771
0.003,-0.0011,-2.802216065561777,0.017679698261474707,0.013509424275894626
0.0031,-0.0011,-2.83401638398515,0.018753627389357166,0.013136378591196724
0.0032,-0.0011,-2.859461102073003,0.019682577924696656,0.012794811907723348
0.0033000000000000004,-0.0011,-2.8762905752363053,0.020632279054345563,0.012458162142884078
0.0034,-0.0011,-2.913231859136713,0.021745041357835726,0.012030756509623434
0.0034999999999999996,-0.0011,-2.9521704116689986,0.02257617557663702,0.011601652665534144
0.0036,-0.0011,-2.9767735803801245,0.02334708918324628,0.011116449517486603
0.0037,-0.0011,-3.004333171173822,0.024264333078141673,0.010766411666573593
0.0038,-0.0011,-3.0328663390367177,0.025044213292632067,0.010346260809473404
0.0039,-0.0011,-3.0705461696982566,0.02578549056544347,0.009907997178142502
0.004,-0.0011,-3.094557229946785,0.026392278692343275,0.00944968465505148
0.0041,-0.0011,-3.1189304676331866,0.027109377545978832,0.00901548698353226
0.0042,-0.0011,-3.151025246905976,0.027746855658352967,0.008562348450210361
0.0043,-0.0011,-3.174766671496721,0.02826585178333718,0.008128459808118813
0.0044,-0.0011,-3.1979035981572204,0.028824245739276867,0.00767118991034097
0.0045,-0.0011,-3.221160870815305,0.029233970691762867,0.007236868583265519
0.0046,-0.0011,-3.241888921647589,0.0296292425514378,0.006803066179130332
0.0047,-0.0011,-3.261191343339738,0.030037457765720522,0.0063816038102617175
0.0048,-0.0011,-3.2788972327505115,0.03033340824458124,0.005939492115989635
0.0049,-0.0011,-3.295211881997331,0.03070566180605846,0.005506751746442572
0.005,-0.0011,-3.3089005484197864,0.03090655996870972,0.005108612505006406
0.0051,-0.0011,-3.320143257334714,0.03120471675743568,0.0047256630270792336
0.005200000000000001,-0.0011,-3.3305005682498834,0.031325477727408825,0.0043285313191200455
0.0053,-0.0011,-3.3390016747515014,0.031464888537990544,0.003948338750894627
0.0054,-0.0011,-3.346276251959237,0.03155340068571382,0.0035755630072974894
0.0055,-0.0011,-3.3500980861994507,0.03167328498920768,0.0032231018740083426
0.0056,-0.0011,-3.353351441350718,0.03169181025366653,0.002872867746759163
0.005700000000000001,-0.0011,-3.353523367753326,0.031672720053149674,0.002521353182114497
0.0058,-0.0011,-3.3525894582236355,0.03160575147572682,0.0022022645204619203
0.0059,-0.0011,-3.3514162997425085,0.03161742372678297,0.0018898676930848097
0.006,-0.0011,-3.348586630148528,0.03156205858326588,0.0015879352039052481
0.0061,-0.0011,-3.3421983837693436,0.03143540027222546,0.001297754808405962
0.0062,-0.0011,-3.333834383429128,0.031173735250644003,0.001045959727621558
0.0063,-0.0011,-3.3264487979489297,0.03108270666970855,0.000769505498242858
0.0064,-0.0011,-3.3173425695467884,0.030909059618530854,0.00048266866149261574
0.006499999999999999,-0.0011,-3.3069495750114393,0.030685749160090522,0.00023734961740712638
0.006600000000000001,-0.0011,-3.295263363367883,0.030422805897770418,-8.411562049445015e-06
0.0067,-0.0011,-3.2839483173558244,0.030267141326453473,-0.00027071442465757893
0.0068,-0.0011,-3.2732904110513212,0.029961933425928844,-0.0005197226348601824
0.0069,-0.0011,-3.259453517744328,0.029759004675278075,-0.0007753183041291867
0.006999999999999999,-0.0011,-3.244637969077391,0.02931223928796821,-0.0010198279692465242
0.007100000000000001,-0.0011,-3.2280464425957143,0.02904896137756406,-0.001292123900742645
0.0072,-0.0011,-3.2099021577629165,0.02887928048040661,-0.0015929949217702987
0.0073,-0.0011,-3.1960214270184877,0.02840671492168443,-0.001864402166775826
0.0074,-0.0011,-3.1788010706926584,0.028121330360244952,-0.002237813380420126
0.0075,-0.0011,-3.1580022979169176,0.027493304345589328,-0.0025692359231037952
0.0076,-0.0011,-3.1394496578065674,0.027223301995856864,-0.002923792058402349
0.0077,-0.0011,-3.1175172656581123,0.02665912264478805,-0.0034085855430186413
0.0078,-0.0011,-3.0948161696969887,0.026256758027895174,-0.003982805340097958
0.0079,-0.0011,-3.070113250454055,0.025993050724053897,-0.004514883097636172
0.008,-0.0011,-3.043389912002136,0.025409951156105795,-0.005134499020459353
0.0081,-0.0011,-3.0147190477963166,0.024695359539829126,-0.0058938649754213665
0.0082,-0.0011,-2.982079593921908,0.024273777182956348,-0.006778892077290617
0.0083,-0.0011,-2.9470540991054284,0.023577276568076663,-0.007744325390270795
0.0084,-0.0011,-2.9075464411469434,0.022765522533044542,-0.008893797025496425
0.0085,-0.0011,-2.866847475138058,0.021764878044053346,-0.010104004803609276
0.0086,-0.0011,-2.821224520681023,0.020848823684684697,-0.011631124846614497
0.0087,-0.0011,-2.7728491451494715,0.0197643668206158,-0.0135520223628472
0.0088,-0.0011,-2.7197480712819346,0.01839748925688722,-0.015831467920109945
0.0089,-0.0011,-2.657114612735482,0.016622585546829386,-0.018620713493362917
0.009,-0.0011,-2.5931795742754176,0.01472082926221048,-0.022186518556573567
0.0091,-0.0011,-2.5279781401212293,0.012199604238387625,-0.02659035462076147
0.0092,-0.0011,-2.454209755063533,0.00944803709452181,-0.0324122249774671
0.0093,-0.0011,-2.41675763395939,0.006207734427506307,-0.039398305527027944
0.0094,-0.0011,-2.239849918077774,0.004128221585773711,-0.04757108026555429
0.0095,-0.0011,-2.2661271024045204,-0.0017089398563040316,-0.053926113723261004
0.0096,-0.0011,-2.09479073408814,-0.004698585417700636,-0.0619913092952292
0.0097,-0.0011,-2.117967751242407,-0.0034535912862117602,-0.06425046662354446
0.0098,-0.0011,-2.2619965569388785,-0.00176925648790974,-0.055740848896607735
0.0099,-0.0011,-2.0467793385375495,-0.0024147829770823004,-0.034088968342500366
0.01,-0.0011,-2.078969351136234,0.0,0.0
0.0,-0.001,-2.622418787215026,0.0,0.0
0.0001,-0.001,-2.62027349063987,-0.0003231683008402238,0.0021697764174273024
0.0002,-0.001,-2.614332102158927,-0.0009906980868463534,0.0040266995478090845
0.0003,-0.001,-2.6072237325778853,-0.0015993162191372029,0.00555953757398405
0.0004,-0.001,-2.6047597469114088,-0.0023229946957645598,0.006807924526199165
0.0005,-0.001,-2.606305087574118,-0.002869108263335198,0.007768875119993116
0.0006,-0.001,-2.6071615405091997,-0.003219659356596083,0.008614621994757626
0.0007,-0.001,-2.6106637321113264,-0.0034616398739960117,0.009566086818057911
0.0008,-0.001,-2.6348546506945585,-0.003646898497805834,0.010037660329922128
0.0009,-0.001,-2.622582065241481,-0.0037895053520439607,0.010708921509391036
0.001,-0.001,-2.6111739582942515,-0.00338304506824191,0.011141387665327187
0.0011,-0.001,-2.618593588614984,-0.0031000217801279255,0.011870077660486075
0.0012,-0.001,-2.6117958050216386,-0.0025241167565788745,0.012341767899150674
0.0013000000000000002,-0.001,-2.6044285399697173,-0.0019315479460862523,0.012763562385007221
0.0014,-0.001,-2.59797399164675,-0.0010454753794577902,0.013175691365730295
0.0015,-0.001,-2.596578250591709,-0.0003126937551690426,0.01346283296828017
0.0016,-0.001,-2.5920690510927202,0.0005774219213223825,0.013557477195456663
0.0017,-0.001,-2.590783960458881,0.0016728137827479721,0.01403888318433099
0.0018,-0.001,-2.594814585451213,0.002837624193775555,0.013874338252129274
0.0019,-0.001,-2.604696229227585,0.003945093637659685,0.013968650804826893
0.002,-0.001,-2.6098468450264596,0.004885946627655596,0.01413471721319115
0.0021,-0.001,-2.6037152735651636,0.005926516613548963,0.013944164860556725
0.0022,-0.001,-2.6022993681399313,0.00734290613795571,0.013943822347772625
0.0023,-0.001,-2.616668651301996,0.008649469632259094,0.013605412712957857
0.0024,-0.001,-2.6525909678039308,0.009997679992963452,0.013683123680424139
0.0025,-0.001,-2.6767464944906902,0.011134246800123117,0.013485868212977549
0.0026000000000000003,-0.001,-2.69981483091395,0.01214794218785585,0.013359287201360157
0.0027,-0.001,-2.717755897144106,0.013140639671280811,0.013191835664856134
0.0028,-0.001,-2.7193835574418146,0.014241423046050836,0.012933588450650763
0.0029,-0.001,-2.7386610610964257,0.01577482561470898,0.012676484778574137
0.003,-0.001,-2.774059705647644,0.016766880022305114,0.012402986029842716
0.0031,-0.001,-2.8200340289114965,0.01806101904857857,0.012100651078411545
0.0032,-0.001,-2.858922428454979,0.01893363331535944,0.011699069874515354
0.0033000000000000004,-0.001,-2.8614632803446667,0.019885430548230183,0.011354638176962356
0.0034,-0.001,-2.8868412645054398,0.021016008853376594,0.011095663089908385
0.0034999999999999996,-0.001,-2.9236694258501332,0.022208012129823238,0.010668732430664222
0.0036,-0.001,-2.9587773220911235,0.022973653343689077,0.010286132728913043
0.0037,-0.001,-2.9918201687308374,0.023794850139701302,0.00992878806072326
0.0038,-0.001,-3.0131904919877357,0.024702248030599578,0.009525426219945874
0.0039,-0.001,-3.0463453499434716,0.025517499799623672,0.009129259933865028
0.004,-0.001,-3.0807701648386296,0.026216872717867663,0.008773939298255875
0.0041,-0.001,-3.1007884825683925,0.026883413116696397,0.0083751082223481
0.0042,-0.001,-3.1341627701103714,0.027664477081742134,0.007975745863780973
0.0043,-0.001,-3.155163718875456,0.028279323894904475,0.007534747013789162
0.0044,-0.001,-3.1819872295516154,0.028847079594863448,0.007142841531557609
0.0045,-0.001,-3.205370349097595,0.029426997409295587,0.006754755206166513
0.0046,-0.001,-3.227290447648978,0.029831772480074695,0.006345657873453841
0.0047,-0.001,-3.2469103488367854,0.030289543347106058,0.0059753280577499405
0.0048,-0.001,-3.2649369141142386,0.030718514929374354,0.005603656262646079
0.0049,-0.001,-3.280680825906509,0.031108450154266932,0.005207913823645405
0.005,-0.001,-3.2948398259336438,0.03145571757911763,0.004845256632361604
0.0051,-0.001,-3.3074087850432226,0.031748842075926466,0.004487607375474469
0.005200000000000001,-0.001,-3.3191970288416885,0.03202316182126038,0.004132449361052451
0.0053,-0.001,-3.3278401673763254,0.03225573519227532,0.0037854172680388473
0.0054,-0.001,-3.333827540170028,0.03238311572745577,0.0034624616871368227
0.0055,-0.001,-3.3393673616194164,0.032482771575067036,0.0031250650666718536
0.0056,-0.001,-3.342263114093962,0.03262202001400055,0.0028160147922980227
0.005700000000000001,-0.001,-3.3443006503828525,0.032714335687873776,0.0025106654200809735
0.0058,-0.001,-3.3446738220488017,0.03278604424444507,0.00220892108920683
0.0059,-0.001,-3.3427807850036744,0.03275678923893386,0.0019319910530355621
0.006,-0.001,-3.3395315694481704,0.03275461699593837,0.0016569894136728481
0.0061,-0.001,-3.3335450109671694,0.03272188922394181,0.0014084627028769928
0.0062,-0.001,-3.3270225463207583,0.032566258646312636,0.001143403773417581
0.0063,-0.001,-3.3200551985688795,0.032557434463425794,0.0008960688029173773
0.0064,-0.001,-3.312469680097792,0.032448530347214954,0.0006468849799560769
0.006499999999999999,-0.001,-3.3000565299092703,0.03243761346739591,0.0004208455890728612
0.006600000000000001,-0.001,-3.2890231434625457,0.03218765932154029,0.00017419766682336935
0.0067,-0.001,-3.277632139702595,0.03199959968114002,-3.5706095858844754e-05
0.0068,-0.001,-3.2676168265940544,0.03180143256616442,-0.00028658734647603535
0.0069,-0.001,-3.251646034361541,0.03153065887115989,-0.00054014350790389
0.006999999999999999,-0.001,-3.2347059125082542,0.03127122930561978,-0.0007617027258393291
0.007100000000000001,-0.001,-3.2208724553155865,0.03133327141306844,-0.0010122371961966768
0.0072,-0.001,-3.2070745634449835,0.03076715219081588,-0.0012828863196942316
0.0073,-0.001,-3.1871144929912747,0.030513827234793425,-0.0015361482521808086
0.0074,-0.001,-3.1696402024953727,0.030236353581256453,-0.001887659954441838
0.0075,-0.001,-3.1479981556001815,0.029849491195084718,-0.0022282949114174042
0.0076,-0.001,-3.1254359623792873,0.029557554434843692,-0.0026568352060314018
0.0077,-0.001,-3.104535280014311,0.029131093602470237,-0.003012735513254271
0.0078,-0.001,-3.0794236833553077,0.028814945729215526,-0.003496738869099908
0.0079,-0.001,-3.0526474945860516,0.02828394951137946,-0.004004950216281625
0.008,-0.001,-3.0233145602151574,0.02781011721169892,-0.004697125331509967
0.0081,-0.001,-2.9906641403179517,0.027337997039203022,-0.005354116851745067
0.0082,-0.001,-2.9571276251504273,0.02663123963266243,-0.006100350906104163
0.0083,-0.001,-2.916071353656177,0.02599377711587271,-0.007013722714790351
0.0084,-0.001,-2.8741825566174164,0.025211121375425728,-0.00800406115738581
0.0085,-0.001,-2.8280421055715586,0.024305122088260488,-0.0092804398313877
0.0086,-0.001,-2.7778845133739685,0.02335103645620626,-0.010562270351192275
0.0087,-0.001,-2.7225021802604625,0.0222647311059121,-0.012260216288611837
0.0088,-0.001,-2.6564237366950474,0.020884212958045163,-0.014305373502073344
0.0089,-0.001,-2.592560779185416,0.019211615521109476,-0.0168031881139597
0.009,-0.001,-2.518509306080712,0.017180837343040583,-0.019939842711501173
0.0091,-0.001,-2.443893874159411,0.01462864465116002,-0.024066276944831114
0.0092,-0.001,-2.3582716891163775,0.011902872427809541,-0.029203325685641275
0.0093,-0.001,-2.295921773700826,0.0077488815751990655,-0.0359389698816813
0.0094,-0.001,-2.1289239536135316,0.00511612510702646,-0.04326780143893941
0.0095,-0.001,-2.222386015027738,0.0003852639128654377,-0.05203315213916913
0.0096,-0.001,-1.8966655434621538,-0.0027934366177242357,-0.05903615272159029
0.0097,-0.001,-1.9348811781055644,-0.0021923976333025137,-0.06251798197854906
0.0098,-0.001,-2.1844075195778934,-0.002276787902182608,-0.059102702744900815
0.0099,-0.001,-1.9856473717928962,-0.0008258884413743895,-0.03654540903526243
0.01,-0.001,-1.8807431982825813,0.0,0.0
0.0,-0.0009,-2.5765749646800153,0.0,0.0
0.0001,-0.0009,-2.5748390659812923,-0.0005383790672553285,0.0026826042229403956
0.0002,-0.0009,-2.5695365548344684,-0.0012641670426868437,0.004884675039309235
0.0003,-0.0009,-2.5636113942171717,-0.002208727246037629,0.0063204440992911115
0.0004,-0.0009,-2.5625809160286765,-0.0030654783560260025,0.007500367663776131
0.0005,-0.0009,-2.5672565816625856,-0.0039272629961855324,0.008394974490503962
0.0006,-0.0009,-2.5775191594108957,-0.004558099375325199,0.00903636537271335
0.0007,-0.0009,-2.591152874528096,-0.005332447345732823,0.009701810979637068
0.0008,-0.0009,-2.590625625511794,-0.00530960319806216,0.01014310131638154
0.0009,-0.0009,-2.5845967609680147,-0.005219862706804988,0.010536171347005248
0.001,-0.0009,-2.5860427355694378,-0.005154050701361949,0.010910446296927362
0.0011,-0.0009,-2.596129056929271,-0.00465949928951258,0.011507659048320781
0.0012,-0.0009,-2.594181124429977,-0.004161256547544216,0.011759713446999219
0.0013000000000000002,-0.0009,-2.5892099948007083,-0.0035116397925274295,0.012031107618927506
0.0014,-0.0009,-2.5930237256547692,-0.002738562055615491,0.012299033026270532
0.0015,-0.0009,-2.5899791173415387,-0.00213368281397887,0.012545301664168682
0.0016,-0.0009,-2.5698593307328896,-0.0011772969682782915,0.012657895942346342
0.0017,-0.0009,-2.557364064961212,8.684090414634791e-05,0.012602314016124654
0.0018,-0.0009,-2.5699490058534837,0.0014258871422097386,0.012891018716136085
0.0019,-0.0009,-2.594765763549428,0.0025405503629132133,0.012964628148521931
0.002,-0.0009,-2.6083033053535867,0.0034315822078023403,0.012919837396293488
0.0021,-0.0009,-2.608773434502766,0.0043754587108437454,0.012556006334784596
0.0022,-0.0009,-2.5884333988998875,0.005912301927234992,0.01249634500702859
0.0023,-0.0009,-2.5936623300378168,0.007466122709620622,0.012583361317899087
0.0024,-0.0009,-2.6127772939399487,0.008878301887117017,0.01236781399151142
0.0025,-0.0009,-2.6422548826153616,0.010314234827491518,0.012304863316845488
0.0026000000000000003,-0.0009,-2.689981421750493,0.011528748633854889,0.012388281074400086
0.0027,-0.0009,-2.70854884629224,0.012283017825836453,0.012110061160320915
0.0028,-0.0009,-2.7030252445577285,0.01350641876808022,0.011700715684309792
0.0029,-0.0009,-2.719539408498178,0.015341074902351771,0.011454875396334791
0.003,-0.0009,-2.7638516013593657,0.016173711270969556,0.0111697943112156
0.0031,-0.0009,-2.7965040824188927,0.01710199971156212,0.010832989278344553
0.0032,-0.0009,-2.8257320253006415,0.018443789926872897,0.010861460251291784
0.0033000000000000004,-0.0009,-2.861313667126686,0.01938323080087767,0.010412772627630355
0.0034,-0.0009,-2.874874550932585,0.02037874909683209,0.009905781511472112
0.0034999999999999996,-0.0009,-2.8975189758911686,0.021722946104024796,0.00968461868523634
0.0036,-0.0009,-2.937571396653583,0.02292260262512795,0.009356599223840061
0.0037,-0.0009,-2.977354510206261,0.02372766823172054,0.009020741810622448
0.0038,-0.0009,-2.997116918180901,0.024614684670060505,0.008713040999024146
0.0039,-0.0009,-3.033652154898436,0.02553967913305515,0.008399513370842533
0.004,-0.0009,-3.063631408991971,0.02626474783631761,0.007966676305024506
0.0041,-0.0009,-3.0887520439613123,0.027166712070198714,0.007613785490752612
0.0042,-0.0009,-3.1204550545942644,0.0278891074870835,0.007266240924526194
0.0043,-0.0009,-3.1394927373169064,0.02855230913527117,0.006886851786431345
0.0044,-0.0009,-3.1687319874836595,0.029261619252039208,0.006570563147211135
0.0045,-0.0009,-3.191898366798495,0.029876204047107748,0.006195336557419356
0.0046,-0.0009,-3.2125107426903634,0.030389550291337976,0.0058412623372212456
0.0047,-0.0009,-3.2337749203246577,0.03093586317974012,0.005496729156265548
0.0048,-0.0009,-3.2516462934199084,0.03157050804551959,0.005156291013453497
0.0049,-0.0009,-3.2677879510154706,0.03191072367832747,0.004818750619829844
0.005,-0.0009,-3.2837845742104874,0.032365303399866575,0.004486873287360006
0.0051,-0.0009,-3.297034271509728,0.032677742109354056,0.004173842431952916
0.005200000000000001,-0.0009,-3.308118453012789,0.03308680902431234,0.0038603232029461028
0.0053,-0.0009,-3.3171436849694143,0.033327912182938416,0.003544759144690226
0.0054,-0.0009,-3.3243778479015833,0.033472896991584414,0.0032506267446236964
0.0055,-0.0009,-3.330338233291743,0.03384348715381848,0.0029591687543386903
0.0056,-0.0009,-3.334171704189323,0.03403129400576497,0.0026763410589113077
0.005700000000000001,-0.0009,-3.33598322002848,0.0341419765213958,0.0024252733427936007
0.0058,-0.0009,-3.335086552196107,0.03427810213528298,0.0021406060695009
0.0059,-0.0009,-3.335126327950019,0.034349040402932136,0.001895997046832105
0.006,-0.0009,-3.33220965380387,0.03433956320393627,0.0016542149532438018
0.0061,-0.0009,-3.3272234219950385,0.03448097823830851,0.0014136260660085108
0.0062,-0.0009,-3.3206630304604294,0.03451610589749835,0.0011774505913176804
0.0063,-0.0009,-3.3130258275248825,0.03448149221393326,0.0009616061377818279
0.0064,-0.0009,-3.304380464259752,0.034524621797558594,0.0007419101861683861
0.006499999999999999,-0.0009,-3.2965547638858057,0.0342951271200583,0.0005381259514858479
0.006600000000000001,-0.0009,-3.284323733761374,0.034377815608441484,0.0003116524416126053
0.0067,-0.0009,-3.2729015010390183,0.03412776687260706,9.914165550453519e-05
0.0068,-0.0009,-3.260197831554485,0.03406816749701224,-9.110862526294402e-05
0.0069,-0.0009,-3.2473260414640728,0.03389201193175592,-0.0003378860098961493
0.006999999999999999,-0.0009,-3.230943134091411,0.033943672489016835,-0.0005272439752309503
0.007100000000000001,-0.0009,-3.214031958727098,0.03380969968104543,-0.0007788640141664302
0.0072,-0.0009,-3.1994711356949246,0.03325552332616903,-0.0010516479910636755
0.0073,-0.0009,-3.178641490922783,0.03313942402410218,-0.001244124109767643
0.0074,-0.0009,-3.158470434642555,0.0328623272751855,-0.0015916507196181999
0.0075,-0.0009,-3.1391845063509685,0.032852317177501734,-0.0018559702425125233
0.0076,-0.0009,-3.114096615676282,0.03218018211393119,-0.00227318003666388
0.0077,-0.0009,-3.089806157295019,0.03214979734092264,-0.0026550996153318295
0.0078,-0.0009,-3.063668660961769,0.03149950698519096,-0.0030525999316006838
0.0079,-0.0009,-3.034979953883989,0.031117982461871443,-0.0036256376698006274
0.008,-0.0009,-3.0027036512988143,0.03079123330494579,-0.0041393191386268026
0.0081,-0.0009,-2.966853093559991,0.03018934698467219,-0.004723784633425354
0.0082,-0.0009,-2.9281947402633635,0.029584865960633807,-0.00548704329135909
0.0083,-0.0009,-2.886815267977577,0.028915625315319195,-0.0063123862000938604
0.0084,-0.0009,-2.8361463211386897,0.028192316426321612,-0.0072186434573231935
0.0085,-0.0009,-2.7841643831140357,0.027254415863435057,-0.008276180794441984
0.0086,-0.0009,-2.725501938471871,0.026341871091197358,-0.009451640734139484
0.0087,-0.0009,-2.6654024398971097,0.025173356353608584,-0.010937979899549888
0.0088,-0.0009,-2.591138795590738,0.023820140697412173,-0.012762802685422521
0.0089,-0.0009,-2.516193080991467,0.022098666075717043,-0.015013014836726788
0.009,-0.0009,-2.4363979527689326,0.02006266026804228,-0.0178264501804643
0.0091,-0.0009,-2.3451049773072516,0.017472456193823965,-0.021325162199157307
0.0092,-0.0009,-2.246593651445086,0.014580458368003877,-0.025940575307439186
0.0093,-0.0009,-2.162033307636228,0.010499051788000202,-0.03215311076004148
0.0094,-0.0009,-1.9773969397222813,0.007248245246772767,-0.03964077738902294
0.0095,-0.0009,-2.0547846851452656,0.0010150442730008375,-0.04864501987976621
0.0096,-0.0009,-1.9427426355662627,-0.00045690932064421135,-0.05768574608976005
0.0097,-0.0009,-1.7656397054235062,0.00011920478116190688,-0.06487390794095164
0.0098,-0.0009,-1.774507451671042,-0.0033294634315096314,-0.058542029247232064
0.0099,-0.0009,-1.7101894187660294,-0.0015860737998224545,-0.0379514376515212
0.01,-0.0009,-1.7333785049956225,0.0,0.0
0.0,-0.0008,-2.5232915378695084,0.0,0.0
0.0001,-0.0008,-2.5236202565232158,-0.000687436165168739,0.0033970008039472584
0.0002,-0.0008,-2.517122888579921,-0.0017726414035140086,0.005937436154554065
0.0003,-0.0008,-2.5161810251815924,-0.0030921755014352466,0.007607158735074189
0.0004,-0.0008,-2.514579618521947,-0.0042228657377857476,0.008418289201602959
0.0005,-0.0008,-2.531100305875796,-0.005134784195987479,0.009193984720469329
0.0006,-0.0008,-2.564980337949309,-0.006128226488037458,0.010055982917549559
0.0007,-0.0008,-2.555662684737189,-0.007112976996196233,0.009875322019439654
0.0008,-0.0008,-2.5802866648740963,-0.006873752044082734,0.009932965979548198
0.0009,-0.0008,-2.56953337973806,-0.006784304431979968,0.01080096803944433
0.001,-0.0008,-2.5624964471525864,-0.006883046198274296,0.01085617499330256
0.0011,-0.0008,-2.5814410701464214,-0.006171216311591346,0.010964364489219154
0.0012,-0.0008,-2.568631326410734,-0.005880741103683798,0.011220959988621913
0.0013000000000000002,-0.0008,-2.55953844011412,-0.005060879021159494,0.011382541925595277
0.0014,-0.0008,-2.6034683259170297,-0.004197734904914075,0.011551996560728202
0.0015,-0.0008,-2.5996375138318344,-0.003824899037678356,0.011527766732540023
0.0016,-0.0008,-2.5624995929417493,-0.002808847005674952,0.011414178171562175
0.0017,-0.0008,-2.550362160585217,-0.0014219589604977005,0.011582633345039
0.0018,-0.0008,-2.537661455000988,0.00029009636008810944,0.01177014884832727
0.0019,-0.0008,-2.566742471035906,0.0014374044749948245,0.011572031230208907
0.002,-0.0008,-2.5815908694792684,0.002143494216249428,0.01131151826379477
0.0021,-0.0008,-2.5813055387514363,0.003647732804260935,0.011401998741944025
0.0022,-0.0008,-2.5728874555687113,0.004886486296754375,0.01147845973917374
0.0023,-0.0008,-2.5907709053517918,0.006204190855050276,0.011306525790550977
0.0024,-0.0008,-2.5964148791785604,0.007930650777999258,0.01090762428779626
0.0025,-0.0008,-2.6233249264667933,0.009829081678115342,0.010907382216442772
0.0026000000000000003,-0.0008,-2.6647503404978883,0.010815329858504306,0.011077260800510209
0.0027,-0.0008,-2.697365821664161,0.01175356691878752,0.011011879540072177
0.0028,-0.0008,-2.683626162460052,0.013050091087907851,0.010777961177328677
0.0029,-0.0008,-2.696498853310166,0.01477088573110163,0.010271757200326748
0.003,-0.0008,-2.7595812976508682,0.015879509977006493,0.010229283959049047
0.0031,-0.0008,-2.793651084607008,0.01717159907850029,0.010008089506934164
0.0032,-0.0008,-2.7988766382784553,0.018324702130732954,0.009330604963659415
0.0033000000000000004,-0.0008,-2.824028718956336,0.01928696223459901,0.00917808462106573
0.0034,-0.0008,-2.857306411712021,0.020553416209065107,0.00884672116731428
0.0034999999999999996,-0.0008,-2.8829031885704417,0.02211021310875654,0.008263189099200905
0.0036,-0.0008,-2.9264612255184415,0.02312338679453174,0.008173186147856823
0.0037,-0.0008,-2.9632621678509996,0.024058504755833165,0.007874764963961837
0.0038,-0.0008,-2.982487584286784,0.02511847119895765,0.007802393687224428
0.0039,-0.0008,-3.009587571165172,0.025821053668611618,0.007324750366530766
0.004,-0.0008,-3.0430609458444775,0.026903777709257684,0.007009331407456687
0.0041,-0.0008,-3.081919009683093,0.027924336075460177,0.00681131846041616
0.0042,-0.0008,-3.1048287687234986,0.028649457843328154,0.006459083172237836
0.0043,-0.0008,-3.1304968366467443,0.029521156266830963,0.006188789939295954
0.0044,-0.0008,-3.1561033709363415,0.030256037215473344,0.005873761258166428
0.0045,-0.0008,-3.1792499384361648,0.030880692619972283,0.0055502481127080415
0.0046,-0.0008,-3.200572951641275,0.03157302273950156,0.005239540166748338
0.0047,-0.0008,-3.2217875287571993,0.03219035196599421,0.004939686931169381
0.0048,-0.0008,-3.24047747788148,0.03274242244980276,0.004643487266052847
0.0049,-0.0008,-3.257529477295944,0.03332672619195117,0.004350104467732045
0.005,-0.0008,-3.2731161434342657,0.033782270554503134,0.004047066892833515
0.0051,-0.0008,-3.286685578247156,0.0343666858506359,0.0037698670459986095
0.005200000000000001,-0.0008,-3.2977482868823844,0.03470275890428839,0.0035053227766945584
0.0053,-0.0008,-3.307607361990837,0.034988206771873906,0.003237570311647663
0.0054,-0.0008,-3.3155946801049168,0.035359636574515206,0.0029653141420955854
0.0055,-0.0008,-3.3220391185049545,0.0358450756105589,0.002704075335504241
0.0056,-0.0008,-3.3261875683905284,0.03590018108928277,0.0024583457474008997
0.005700000000000001,-0.0008,-3.327457878928342,0.036194893246907694,0.002239072829099738
0.0058,-0.0008,-3.3280721663142936,0.03655298400601999,0.001981859755484238
0.0059,-0.0008,-3.326998928517127,0.036715303038457985,0.0017732926770257448
0.006,-0.0008,-3.324842348183041,0.03691570843164271,0.0015666020928425805
0.0061,-0.0008,-3.3206802587702975,0.03683521742178556,0.0013487330932596701
0.0062,-0.0008,-3.3148851196971383,0.03681430425570489,0.0011492399114381778
0.0063,-0.0008,-3.3081015785273715,0.03711953870716136,0.0009482950889676316
0.0064,-0.0008,-3.2993867171401705,0.037012842720292864,0.0007570298958189318
0.006499999999999999,-0.0008,-3.2912940074642423,0.03709812488446503,0.0005421244516567303
0.006600000000000001,-0.0008,-3.2788970397038635,0.036995858330524344,0.0003600146809919323
0.0067,-0.0008,-3.268316259200051,0.03722187713772292,0.000151822698795933
0.0068,-0.0008,-3.254868777729976,0.03702498602329216,-9.544399801989477e-06
0.0069,-0.0008,-3.2394538063085765,0.03694329168839613,-0.0001938340319112353
0.006999999999999999,-0.0008,-3.2248890648102937,0.03685173372191397,-0.00041526128333292477
0.007100000000000001,-0.0008,-3.2077573047767114,0.03678821989287784,-0.0006084003502455159
0.0072,-0.0008,-3.1900797139334998,0.03653787419858195,-0.0008352479429875323
0.0073,-0.0008,-3.168982695493135,0.03642871422270687,-0.001076889056113174
0.0074,-0.0008,-3.1504078363305976,0.036332889512965656,-0.0013343316764041293
0.0075,-0.0008,-3.1274679048210228,0.036069056080111475,-0.0016342707342525175
0.0076,-0.0008,-3.1029883525466655,0.035638807898560415,-0.0019768406492991337
0.0077,-0.0008,-3.0768356932348535,0.035361011984158905,-0.002297199723932132
0.0078,-0.0008,-3.046748146325353,0.035086636238651735,-0.0027096481501700607
0.0079,-0.0008,-3.015697122608408,0.034644163684022865,-0.003163834730521595
0.008,-0.0008,-2.980703662047178,0.03433786700842217,-0.003652541207937446
0.0081,-0.0008,-2.9408483844691427,0.03367487410619271,-0.004190004298650146
0.0082,-0.0008,-2.9011525154749918,0.03303064809230277,-0.004846383208707176
0.0083,-0.0008,-2.851420602337321,0.03243921099278739,-0.005548849134715599
0.0084,-0.0008,-2.799241728347145,0.03163434896779983,-0.006419890354396636
0.0085,-0.0008,-2.7413758065503058,0.030809406112635152,-0.007367230064973151
0.0086,-0.0008,-2.67686657519253,0.029784327487399495,-0.00843140321473676
0.0087,-0.0008,-2.6096517291907735,0.028596796758425098,-0.009722715505149804
0.0088,-0.0008,-2.52715322184124,0.02716709375567646,-0.011240432780637162
0.0089,-0.0008,-2.4404138632458805,0.02549406646977383,-0.013198052126144905
0.009,-0.0008,-2.3510148892799996,0.023521943330567896,-0.015535565748466963
0.0091,-0.0008,-2.2483387898882965,0.020961201394859647,-0.018564245887039713
0.0092,-0.0008,-2.1395721541843327,0.018008317525266444,-0.022598895458541643
0.0093,-0.0008,-2.0306161009397536,0.013950249877418773,-0.027779634382572867
0.0094,-0.0008,-1.8780392726178803,0.009908533099938168,-0.035116784380765084
0.0095,-0.0008,-1.8636455632467739,0.0040625682984744066,-0.04496239703636499
0.0096,-0.0008,-1.5932134528488968,-0.00025548137942338556,-0.05498856111876386
0.0097,-0.0008,-1.3015698638732764,-0.0005043968186686529,-0.06044254185245133
0.0098,-0.0008,-1.5570117964252153,-0.0019059964006514522,-0.06036541545106466
0.0099,-0.0008,-1.5980474293548101,-0.0007852061995799808,-0.039782903630047065
0.01,-0.0008,-1.5000734327389706,0.0,0.0
0.0,-0.0007,-2.4565998345702362,0.0,0.0
0.0001,-0.0007,-2.459118087108493,-0.000977246528749466,0.004620544013398911
0.0002,-0.0007,-2.4528943861347368,-0.002454105224887963,0.007426564970865114
0.0003,-0.0007,-2.4578950740678516,-0.004156197647433301,0.009044404137339389
0.0004,-0.0007,-2.4548169451978166,-0.005828202772386157,0.009703165615464858
0.0005,-0.0007,-2.489800306475756,-0.006574842487362666,0.010383962636018396
0.0006,-0.0007,-2.5457916655148725,-0.00827879164447865,0.011245904489175796
0.0007,-0.0007,-2.5367136442455647,-0.008592963906340552,0.010921904121253573
0.0008,-0.0007,-2.5526180267594003,-0.00833704083527168,0.010151324776093361
0.0009,-0.0007,-2.593222419749252,-0.008402154655590726,0.010042207779339807
0.001,-0.0007,-2.577588268036364,-0.008310041560008467,0.01048332014699881
0.0011,-0.0007,-2.582809792808919,-0.007788862829176915,0.010579381360856925
0.0012,-0.0007,-2.57204368376541,-0.007528784012765664,0.010530134328220813
0.0013000000000000002,-0.0007,-2.5492025225371737,-0.006334153489376629,0.010745268564852079
0.0014,-0.0007,-2.565107887082957,-0.005435859213502024,0.010646499986447018
0.0015,-0.0007,-2.5574925595279256,-0.004122223213708815,0.010597447887102734
0.0016,-0.0007,-2.552717043709393,-0.003604424330029295,0.010403881606757046
0.0017,-0.0007,-2.5681405467964096,-0.002010061317464471,0.01011798124736868
0.0018,-0.0007,-2.53280763323983,-0.0005412954822282296,0.010657535875470242
0.0019,-0.0007,-2.554429022243409,0.0012940008027590413,0.010248381964925213
0.002,-0.0007,-2.5673410237499534,0.002442530870356868,0.010673752036162866
0.0021,-0.0007,-2.5630434993577818,0.0032721146703824974,0.01023776463279432
0.0022,-0.0007,-2.5847216576834304,0.004817338056163989,0.009873296858462735
0.0023,-0.0007,-2.5997804971971163,0.00672556087729658,0.009777129090750729
0.0024,-0.0007,-2.5821041177695676,0.008238992479185454,0.00901311932670972
0.0025,-0.0007,-2.6213224774108452,0.00988886899905004,0.009611911561700052
0.0026000000000000003,-0.0007,-2.659650886913542,0.010838422210372014,0.00911651638060136
0.0027,-0.0007,-2.6841999131018466,0.011407748108195632,0.009098419766423125
0.0028,-0.0007,-2.6832050993856496,0.012465506397475358,0.009823788171293812
0.0029,-0.0007,-2.684590478423659,0.01427430710165188,0.00889237375828542
0.003,-0.0007,-2.7305094780578636,0.01640449535545035,0.008477475753144515
0.0031,-0.0007,-2.7886654181944004,0.01844221594315035,0.008498213154133464
0.0032,-0.0007,-2.8082769955128226,0.01910971237439076,0.008167912469501179
0.0033000000000000004,-0.0007,-2.806797430687496,0.020123942285349854,0.008155617870350134
0.0034,-0.0007,-2.8130276674589068,0.022105872986129777,0.007783543978889439
0.0034999999999999996,-0.0007,-2.8555460991971464,0.023322157034180706,0.0073220190702581265
0.0036,-0.0007,-2.9536178181541124,0.024187202326697035,0.00725246080138394
0.0037,-0.0007,-2.9594133122610806,0.025006668610293194,0.00711920888759885
0.0038,-0.0007,-2.975760716959515,0.026473102141702953,0.0067543701535350276
0.0039,-0.0007,-2.9949151691826623,0.027226211592621542,0.0063298876479153795
0.004,-0.0007,-3.0392530743718127,0.028569965396618126,0.006176442430187947
0.0041,-0.0007,-3.0688177201936915,0.029459737131999626,0.005899881083401062
0.0042,-0.0007,-3.0917429469826363,0.030065526940095934,0.005606358612041949
0.0043,-0.0007,-3.116986941272804,0.03125273498351181,0.0053679424448281965
0.0044,-0.0007,-3.1441291553718766,0.03208964743392217,0.0050820518804597
0.0045,-0.0007,-3.1679125784351436,0.03283912519400649,0.004822378182941072
0.0046,-0.0007,-3.189973670825457,0.03346780397939245,0.004557619177666192
0.0047,-0.0007,-3.2119644063712585,0.034290605025736186,0.004291762962704333
0.0048,-0.0007,-3.2308099828480055,0.034888410362293086,0.004034040625850218
0.0049,-0.0007,-3.2475783641385543,0.03558082307074634,0.0037804558244689326
0.005,-0.0007,-3.263476694423876,0.036021083314662604,0.0035321920823247577
0.0051,-0.0007,-3.277808566257169,0.03676416218002866,0.003286938004899763
0.005200000000000001,-0.0007,-3.28906893244744,0.03730951894294318,0.0030607894107225688
0.0053,-0.0007,-3.299289259017586,0.03773291166174347,0.0028307426562444006
0.0054,-0.0007,-3.307282535146431,0.03814900703216306,0.002605576929728243
0.0055,-0.0007,-3.3134309992513162,0.03859311407479371,0.002379665199526922
0.0056,-0.0007,-3.3177668412724626,0.03877465695635751,0.0021499439097198113
0.005700000000000001,-0.0007,-3.321305023091593,0.03927331524729896,0.0019625661686418876
0.0058,-0.0007,-3.3222302315704098,0.0394664367283763,0.0017549164321515104
0.0059,-0.0007,-3.321180086477131,0.03961325050701992,0.0015665675800478835
0.006,-0.0007,-3.319572072742282,0.03987454164562872,0.0013859156481330207
0.0061,-0.0007,-3.3150704847550365,0.04005622349781667,0.0012040227651039946
0.0062,-0.0007,-3.308563850623698,0.04030645834430131,0.00101913669526369
0.0063,-0.0007,-3.303111093912489,0.04035954738174945,0.0008623948387098086
0.0064,-0.0007,-3.294101086575643,0.040696007422361624,0.0006726602937342987
0.006499999999999999,-0.0007,-3.285270345153058,0.04060802371550093,0.0005036274694276528
0.006600000000000001,-0.0007,-3.2737557593440574,0.04053162162010021,0.0003482447923356816
0.0067,-0.0007,-3.262173350341498,0.04082126387799414,0.0002213912205971328
0.0068,-0.0007,-3.2479043597556525,0.04074195997187961,3.699286698600289e-05
0.0069,-0.0007,-3.233186844593103,0.04082813498678328,-0.00015079985477256896
0.006999999999999999,-0.0007,-3.216778372180074,0.04070274848760378,-0.0003520787322033911
0.007100000000000001,-0.0007,-3.200242741026918,0.040538115056401675,-0.0005176302339811081
0.0072,-0.0007,-3.182101797259138,0.04049043865836843,-0.0006869035550454245
0.0073,-0.0007,-3.1622097478642397,0.040506583498663394,-0.0009036273912943851
0.0074,-0.0007,-3.139946277179066,0.040242592812994395,-0.0011457246084589714
0.0075,-0.0007,-3.1163884935592168,0.04005723936673031,-0.001387878372607012
0.0076,-0.0007,-3.089642241046216,0.039738613568288866,-0.0016821586771681677
0.0077,-0.0007,-3.0625447862243167,0.039370378793753186,-0.0019481298117079637
0.0078,-0.0007,-3.0298901895650308,0.03912927045998274,-0.0022894752558966767
0.0079,-0.0007,-2.9966200747975744,0.038708007990715186,-0.002720922928360135
0.008,-0.0007,-2.960182690918142,0.038356027527934086,-0.0031243816452775227
0.0081,-0.0007,-2.914614476476626,0.03780965168256192,-0.0036463938457082577
0.0082,-0.0007,-2.8702841453328287,0.03720661714303234,-0.004216161260749004
0.0083,-0.0007,-2.817645107150422,0.03653801348331838,-0.004865946816133973
0.0084,-0.0007,-2.7566644811247487,0.035715753889669404,-0.005527333012793723
0.0085,-0.0007,-2.692231351091738,0.034816790565896934,-0.006385009899685376
0.0086,-0.0007,-2.623839934031812,0.03375991924807311,-0.007302115174379055
0.0087,-0.0007,-2.5409891452425115,0.032538862681462305,-0.0084012482605735
0.0088,-0.0007,-2.460769865058227,0.031116457625103146,-0.009670650751826949
0.0089,-0.0007,-2.36354404853695,0.029452068682915777,-0.011297671557689848
0.009,-0.0007,-2.2629900616428795,0.02746811924204655,-0.013249292978827279
0.0091,-0.0007,-2.147169229161864,0.024846613932501878,-0.015812855335128287
0.0092,-0.0007,-2.0289301567201883,0.021913037569939384,-0.018971516664913236
0.0093,-0.0007,-1.9044898539185389,0.018153846042253282,-0.02374005730907569
0.0094,-0.0007,-1.7749290915282483,0.01371302457229125,-0.02981309348678537
0.0095,-0.0007,-1.6491569619737059,0.007917218324906591,-0.03929130651013435
0.0096,-0.0007,-1.413738059925532,0.002340777536210758,-0.050287901761928766
0.0097,-0.0007,-1.3017143474026716,-0.0009249693050209179,-0.0571186846193585
0.0098,-0.0007,-1.3245014811080043,-0.000627067451638031,-0.05844625329765805
0.0099,-0.0007,-1.3519145768857324,-0.0019678665469513904,-0.04305713706085299
0.01,-0.0007,-1.3083985767535433,0.0,0.0
0.0,-0.0006,-2.3707917795286324,0.0,0.0
0.0001,-0.0006,-2.374440894692996,-0.0013351283460381065,0.005823571290831276
0.0002,-0.0006,-2.3810657188113757,-0.0033443919638152424,0.00932756982885654
0.0003,-0.0006,-2.3938549694534834,-0.00565620087052134,0.0107436376493184
0.0004,-0.0006,-2.3993232669673636,-0.006925859096923232,0.011595692464653194
0.0005,-0.0006,-2.5050852980000995,-0.008056216112104088,0.011960834814896088
0.0006,-0.0006,-2.5421278353009034,-0.00952785589729787,0.010921418454162772
0.0007,-0.0006,-2.5130828608473044,-0.009998597140172776,0.011122385189921659
0.0008,-0.0006,-2.5308406606157607,-0.010580046939698549,0.010573995578732908
0.0009,-0.0006,-2.527960560011981,-0.009446687042427755,0.010073568751537304
0.001,-0.0006,-2.5829716789335535,-0.009146971491626781,0.010001824030915691
0.0011,-0.0006,-2.5799959852124887,-0.009101272836681747,0.009814654572560734
0.0012,-0.0006,-2.577567477356577,-0.007747289078380456,0.009778922941067593
0.0013000000000000002,-0.0006,-2.587910355723111,-0.0071220278002620645,0.009323775548461219
0.0014,-0.0006,-2.5514705033890914,-0.005912156675147852,0.009061554569963845
0.0015,-0.0006,-2.522936385832815,-0.004308978495713531,0.008996484508418756
0.0016,-0.0006,-2.542287347332717,-0.0021439637293006694,0.008981888065920719
0.0017,-0.0006,-2.5587871401046565,-0.0015433473646234129,0.009009853354594321
0.0018,-0.0006,-2.5505982808690715,-0.0002968781511127328,0.009201223835074275
0.0019,-0.0006,-2.5292935130652334,0.0023366408636937507,0.009063303536255937
0.002,-0.0006,-2.5558914141973466,0.0025308478154896655,0.008921264453224676
0.0021,-0.0006,-2.5601341706807657,0.004583986231722217,0.008562821621515773
0.0022,-0.0006,-2.554683878543199,0.006329047060646401,0.007695732709113154
0.0023,-0.0006,-2.5465295264180887,0.007676833626174176,0.007873556083254376
0.0024,-0.0006,-2.577508125292288,0.009252108380344393,0.008215219133908243
0.0025,-0.0006,-2.6186679012867833,0.01142408927407024,0.008397739898576197
0.0026000000000000003,-0.0006,-2.637905261263179,0.01313453960173956,0.007963218773550787
0.0027,-0.0006,-2.6543604192187793,0.013109091764221143,0.007600448295450571
0.0028,-0.0006,-2.6793984496067798,0.014342188331027073,0.007603479157976026
0.0029,-0.0006,-2.691772761956856,0.01632634027962438,0.007397039294096664
0.003,-0.0006,-2.681483287388294,0.01846364521121382,0.006983754985874589
0.0031,-0.0006,-2.7541544773142057,0.019807706815113908,0.006899885407134318
0.0032,-0.0006,-2.788158999418262,0.021609204885624393,0.006797500841281458
0.0033000000000000004,-0.0006,-2.817292523267379,0.022357029292381415,0.006433390050412838
0.0034,-0.0006,-2.828916994016696,0.02390783406823739,0.006470914031301393
0.0034999999999999996,-0.0006,-2.864370213596929,0.025566846384160583,0.006103672274796719
0.0036,-0.0006,-2.905584484781757,0.026708266041987273,0.006045232419098891
0.0037,-0.0006,-2.936456785085992,0.027417318744533615,0.005755284148120573
0.0038,-0.0006,-2.967953512344284,0.028979704849093166,0.005629154157895375
0.0039,-0.0006,-2.9962850705305777,0.030150914634344512,0.005369406630979701
0.004,-0.0006,-3.026199561298029,0.03124636920627686,0.005135519707807489
0.0041,-0.0006,-3.054939415146122,0.03223320878708145,0.00488255429409451
0.0042,-0.0006,-3.081163730362322,0.03328372454069969,0.004663619235078068
0.0043,-0.0006,-3.1080008783621906,0.034306121330446616,0.004456017278789705
0.0044,-0.0006,-3.1340549648096516,0.035263370016528316,0.0042331385016680465
0.0045,-0.0006,-3.15763014508856,0.035963110568504986,0.004004981262268485
0.0046,-0.0006,-3.1814032510405292,0.036752161170975926,0.003782203981292519
0.0047,-0.0006,-3.2014360943178954,0.037811410771631686,0.0035646908803002074
0.0048,-0.0006,-3.221326426450893,0.03832347661136308,0.003352687152098457
0.0049,-0.0006,-3.2390300403132106,0.03902600960261572,0.0031387189577286785
0.005,-0.0006,-3.255340102341618,0.03965588026345521,0.0029357912478923396
0.0051,-0.0006,-3.268659556034844,0.04029348382150267,0.0027368050585739483
0.005200000000000001,-0.0006,-3.281226459952564,0.04087600655114686,0.0025308892395676085
0.0053,-0.0006,-3.2917236129747987,0.04141755358706804,0.0023365234067225147
0.0054,-0.0006,-3.299744710814504,0.041945330389645305,0.0021623092902973043
0.0055,-0.0006,-3.3067320195266374,0.042254103997557295,0.001976261327426917
0.0056,-0.0006,-3.3111142499959794,0.04288532151370397,0.0017994632355583147
0.005700000000000001,-0.0006,-3.3146742992835843,0.04320368872949752,0.0016169414948655901
0.0058,-0.0006,-3.3152394262115696,0.043442324159542446,0.0014442045790127576
0.0059,-0.0006,-3.3146715257944024,0.04377296693430258,0.00130135296321172
0.006,-0.0006,-3.3129336054087584,0.04424313495378185,0.0011439787759597313
0.0061,-0.0006,-3.309476528232988,0.04424769612129312,0.0010236176464115641
0.0062,-0.0006,-3.3033988409971737,0.04476385206031258,0.0008535036200396859
0.0063,-0.0006,-3.2972500396527704,0.04502677177898081,0.0007006655670662141
0.0064,-0.0006,-3.2884610241366707,0.04501555216779321,0.0005670789871394209
0.006499999999999999,-0.0006,-3.2792162428966414,0.045140584584571375,0.00042910747593667405
0.006600000000000001,-0.0006,-3.2692908780333996,0.04537253203415145,0.00028237017515520023
0.0067,-0.0006,-3.2549643877094145,0.04522857671184586,0.00014110461949835685
0.0068,-0.0006,-3.2418459635302317,0.04537574332539635,1.2504236615531844e-06
0.0069,-0.0006,-3.2281378059631973,0.04539259767700969,-0.00013367771111733525
0.006999999999999999,-0.0006,-3.21071285724842,0.045497939150756006,-0.0002582707963765458
0.007100000000000001,-0.0006,-3.1935316711240347,0.04520343680276413,-0.0004326923931526587
0.0072,-0.0006,-3.1737235476156656,0.04528676477787118,-0.0006023850617922184
0.0073,-0.0006,-3.152849999440685,0.045051150280024405,-0.0007859614027980411
0.0074,-0.0006,-3.130088237448352,0.044880300546398195,-0.0009543452756723673
0.0075,-0.0006,-3.104046786027674,0.04485634086279007,-0.0012017412290429867
0.0076,-0.0006,-3.076538056368884,0.04453119448072143,-0.0013980196003185162
0.0077,-0.0006,-3.046861019381204,0.04429603131661232,-0.0016784298375954708
0.0078,-0.0006,-3.0128786509890704,0.04392972431806165,-0.0019450370908236547
0.0079,-0.0006,-2.9770871995195254,0.04357868498732709,-0.002307843412769492
0.008,-0.0006,-2.934328971194959,0.043104238194342864,-0.0026547574191941523
0.0081,-0.0006,-2.891128640571748,0.042623971118750305,-0.003093355235447847
0.0082,-0.0006,-2.8372442177214587,0.04199136524507686,-0.0035483077437939037
0.0083,-0.0006,-2.7837466763014476,0.04125215777768944,-0.004104223210250669
0.0084,-0.0006,-2.7163395970236257,0.0404376843570156,-0.004725481049234316
0.0085,-0.0006,-2.64863276122854,0.03955414241766197,-0.005400571234509951
0.0086,-0.0006,-2.5720936317402288,0.03840940419768526,-0.006185823465497373
0.0087,-0.0006,-2.4850697839637585,0.037121768768659524,-0.007104438938618622
0.0088,-0.0006,-2.385409123762237,0.035771202562884775,-0.008157942466403334
0.0089,-0.0006,-2.2840581803596094,0.034050576105985976,-0.009479085975970424
0.009,-0.0006,-2.1688864770536176,0.031963242344374,-0.011011583755838336
0.0091,-0.0006,-2.0420165586280405,0.02955213213720482,-0.01309710024485068
0.0092,-0.0006,-1.9123126763813236,0.026582271763800583,-0.01577862496758335
0.0093,-0.0006,-1.7699914276707198,0.0228562271742518,-0.019537668806104583
0.0094,-0.0006,-1.6279453283064869,0.0178846791078491,-0.025101113463826076
0.0095,-0.0006,-1.4501268681018238,0.01311503872339797,-0.0329840019143267
0.0096,-0.0006,-1.3316505818936284,0.005676607361366826,-0.04355593437617335
0.0097,-0.0006,-1.0209364533053844,-0.0005432242181770602,-0.05418745992846796
0.0098,-0.0006,-0.9007785842205871,-0.0017703486706282174,-0.05920534145055559
0.0099,-0.0006,-1.0098105722852952,-0.0009886323947379295,-0.041978293631821866
0.01,-0.0006,-0.975286526506202,0.0,0.0
0.0,-0.0005,-2.25071680420979,0.0,0.0
0.0001,-0.0005,-2.253456059136241,-0.0017647459627485964,0.0077827060891078985
0.0002,-0.0005,-2.2981980006372433,-0.00447370497603822,0.011517006979813053
0.0003,-0.0005,-2.27953966810313,-0.0074634297909444485,0.012784616768049635
0.0004,-0.0005,-2.33035148002855,-0.007589272806637336,0.012674095290146166
0.0005,-0.0005,-2.490684376248669,-0.009077435846624397,0.011950633694434163
0.0006,-0.0005,-2.523078975433475,-0.009788420471392358,0.010995796031802098
0.0007,-0.0005,-2.5180366038754336,-0.0099403158141878,0.010471473881089223
0.0008,-0.0005,-2.5609959560096227,-0.00999793574854594,0.009813980842185807
0.0009,-0.0005,-2.5438260693835995,-0.008540749772952735,0.010038404171143406
0.001,-0.0005,-2.583771260168741,-0.007979495320298957,0.009395669416997935
0.0011,-0.0005,-2.5798749905647003,-0.007635258180040578,0.00891592758185475
0.0012,-0.0005,-2.5714865048842093,-0.005791247026422619,0.008993396618737368
0.0013000000000000002,-0.0005,-2.572041764152732,-0.0047308853703638895,0.008200150025150947
0.0014,-0.0005,-2.5632306146661725,-0.00373236082570964,0.007815548827330585
0.0015,-0.0005,-2.5498064231572846,-0.002036055156249146,0.007501594981418522
0.0016,-0.0005,-2.536468193330082,-0.0002276026765516595,0.0076905948805285305
0.0017,-0.0005,-2.529259706640288,0.0011230823406617016,0.00722521767188355
0.0018,-0.0005,-2.5488436093030913,0.0033341857127980423,0.007577665781104273
0.0019,-0.0005,-2.5540726961471054,0.0043606434750595975,0.006954783897727525
0.002,-0.0005,-2.5448015780087205,0.0062597800864894505,0.006846227824732995
0.0021,-0.0005,-2.5483380827857394,0.007798497241893618,0.006796242560051376
0.0022,-0.0005,-2.540251592449739,0.00959960725750398,0.006786217675777914
0.0023,-0.0005,-2.538329552871774,0.011349331558142129,0.006945238035535953
0.0024,-0.0005,-2.581656227672467,0.013414059570240007,0.007009690156101248
0.0025,-0.0005,-2.617037730301488,0.014533369259957993,0.006941269562350763
0.0026000000000000003,-0.0005,-2.6385846348297264,0.016015507592097116,0.0064822196828810495
0.0027,-0.0005,-2.619209015182754,0.017311057398902287,0.00610729396987768
0.0028,-0.0005,-2.6679234560613043,0.01928457921684067,0.005556850259299973
0.0029,-0.0005,-2.681276004044078,0.020926635109444862,0.005614399228887315
0.003,-0.0005,-2.6948611154106734,0.022588322242176634,0.0056539201600703725
0.0031,-0.0005,-2.738890874808567,0.024162560773387794,0.005627804274181197
0.0032,-0.0005,-2.7711925602030685,0.025653424365915074,0.005306862206425452
0.0033000000000000004,-0.0005,-2.8050425079536994,0.026807035849873286,0.005265955638585392
0.0034,-0.0005,-2.823550344036491,0.028359131088587758,0.005144428236769195
0.0034999999999999996,-0.0005,-2.8613930505576652,0.02959610709863574,0.004941693981669532
0.0036,-0.0005,-2.8933417887875645,0.03098953938893136,0.004664859604350995
0.0037,-0.0005,-2.925125773059811,0.03224710603263963,0.004396154261298206
0.0038,-0.0005,-2.9540940159297664,0.03324309702540248,0.004423540541002723
0.0039,-0.0005,-2.98557799568885,0.03480063089503815,0.004240119880444519
0.004,-0.0005,-3.014061816562258,0.03573069364973208,0.004021318562327258
0.0041,-0.0005,-3.044546074941051,0.03693178877002068,0.0038416619179151203
0.0042,-0.0005,-3.0721832231797106,0.03808121506634274,0.003664441419435357
0.0043,-0.0005,-3.099551593927197,0.03903998421418396,0.0034937202934553387
0.0044,-0.0005,-3.124403708695744,0.04004229082330651,0.003311115365899841
0.0045,-0.0005,-3.149654787303028,0.04092196665422834,0.0031309870352926473
0.0046,-0.0005,-3.1720212284039127,0.04161754746536699,0.002959254882831737
0.0047,-0.0005,-3.193442427052992,0.04256900952637886,0.0027825506681815534
0.0048,-0.0005,-3.2132283411582097,0.04334337015561061,0.0026126282605517955
0.0049,-0.0005,-3.231176553064256,0.04392786237805998,0.0024431959552661375
0.005,-0.0005,-3.2474260207761563,0.044731890561586087,0.0022808910115982195
0.0051,-0.0005,-3.261633453490859,0.045346042193224405,0.002122800804954516
0.005200000000000001,-0.0005,-3.2743517851234256,0.046094914374850304,0.0019654048080912844
0.0053,-0.0005,-3.284624720897274,0.04662094182979355,0.0018098610798891657
0.0054,-0.0005,-3.29325545768276,0.04712408255359032,0.0016640629623229384
0.0055,-0.0005,-3.3001661187014713,0.04768688926588781,0.001519553182537386
0.0056,-0.0005,-3.305628257328258,0.048168098646030166,0.0013789002196010975
0.005700000000000001,-0.0005,-3.3079498135405685,0.048451115789064816,0.0012434908007314235
0.0058,-0.0005,-3.309351857650132,0.04885274243763414,0.0011217058819017894
0.0059,-0.0005,-3.3096730958872436,0.04908655136716078,0.0009883988919633189
0.006,-0.0005,-3.3080043574336364,0.0495850283754272,0.0008736903627351817
0.0061,-0.0005,-3.303650844178054,0.04975427755499228,0.0007705940008490545
0.0062,-0.0005,-3.2991178418783385,0.05001969623078363,0.0006395806992095681
0.0063,-0.0005,-3.2924827071055325,0.05022841799795737,0.0005231622235317417
0.0064,-0.0005,-3.2846804610575266,0.05041638013936452,0.0004137281166472953
0.006499999999999999,-0.0005,-3.2744306808610237,0.050466473324248765,0.00030860391697134387
0.006600000000000001,-0.0005,-3.262169282650311,0.0506388744711634,0.00017715588309444687
0.0067,-0.0005,-3.250042686628883,0.0507529399386572,8.940972707425818e-05
0.0068,-0.0005,-3.238103083908613,0.05078789648576201,-3.169032524677866e-05
0.0069,-0.0005,-3.2214518630953024,0.05092626759479577,-0.00013542576680805417
0.006999999999999999,-0.0005,-3.2044819828524442,0.050862060757726785,-0.0002603110521284902
0.007100000000000001,-0.0005,-3.1860948602052943,0.050921342448569856,-0.000387231013387508
0.0072,-0.0005,-3.1656063900489126,0.050840245275777456,-0.0005199716133650505
0.0073,-0.0005,-3.1431985101707753,0.05072160470161749,-0.0006474799400202538
0.0074,-0.0005,-3.1187256501738254,0.05057854398542194,-0.0008184065907403557
0.0075,-0.0005,-3.091759872624163,0.05038168849161078,-0.0009737210319036211
0.0076,-0.0005,-3.0628533219073155,0.05016822890106594,-0.0011877443236835586
0.0077,-0.0005,-3.0311714004791215,0.049958954148813337,-0.001381344292258183
0.0078,-0.0005,-2.9960296241728113,0.04957829612960499,-0.0016175802707842732
0.0079,-0.0005,-2.955988437243952,0.04926042225390006,-0.0018909419529556605
0.008,-0.0005,-2.912802702456039,0.04870288798970916,-0.002198165463317323
0.0081,-0.0005,-2.86327130612784,0.04829030617932631,-0.002519080084433719
0.0082,-0.0005,-2.8101224890735828,0.04754572114223574,-0.0028963866893588503
0.0083,-0.0005,-2.7483551206512886,0.04694661866413325,-0.0033327956976405373
0.0084,-0.0005,-2.6818880282072173,0.045983520878780604,-0.0038165762422618255
0.0085,-0.0005,-2.607241316453009,0.044919392909979546,-0.004369705678235673
0.0086,-0.0005,-2.5207374075521347,0.04383948898127145,-0.005026159569669027
0.0087,-0.0005,-2.428371986446946,0.04260433692789275,-0.0057546856521219596
0.0088,-0.0005,-2.3179570201445068,0.041195338307893015,-0.006567126735890569
0.0089,-0.0005,-2.208390215211562,0.03936050717037963,-0.007557331127227881
0.009,-0.0005,-2.0806029503544994,0.037468803661325684,-0.008830949677693099
0.0091,-0.0005,-1.9403328963733868,0.03489993672814404,-0.010353469452671696
0.0092,-0.0005,-1.7888661793356055,0.03186727297541809,-0.012504012607799923
0.0093,-0.0005,-1.6354979637230527,0.02850933137346518,-0.015456792349402497
0.0094,-0.0005,-1.4610031430718244,0.0235448825315241,-0.019907006866877932
0.0095,-0.0005,-1.261935266769295,0.017995567344596033,-0.026601529787214574
0.0096,-0.0005,-1.1262869690721475,0.010904949761956455,-0.03656924101950939
0.0097,-0.0005,-0.8764904133379845,0.0051214370317534605,-0.04815630644959912
0.0098,-0.0005,-0.8166547345874202,0.0026575943663218003,-0.054155780343636765
0.0099,-0.0005,-0.8811926595848566,-0.0048254481967562775,-0.044078065176714365
0.01,-0.0005,-0.645525600078169,0.0,0.0
0.0,-0.0004,-2.0966374345175773,0.0,0.0
0.0001,-0.0004,-2.0988586287950906,-0.0026386369047589455,0.010213632834876375
0.0002,-0.0004,-2.1692077546254995,-0.005709283542695365,0.013682261132761837
0.0003,-0.0004,-2.226194153380131,-0.007814662559590943,0.014527459236969742
0.0004,-0.0004,-2.292479976980027,-0.00790848264070741,0.013687415621967514
0.0005,-0.0004,-2.4355746177603246,-0.008437799779097001,0.011770961995745694
0.0006,-0.0004,-2.4720075769117007,-0.008708704630982248,0.011422257086816663
0.0007,-0.0004,-2.5291570022504346,-0.008221454506520495,0.010680907115426455
0.0008,-0.0004,-2.5681569436449108,-0.0072785374207801345,0.009362222098139408
0.0009,-0.0004,-2.5739206802213705,-0.006063621390261024,0.008974459809178907
0.001,-0.0004,-2.583293796720709,-0.004305679129047288,0.00815864744346826
0.0011,-0.0004,-2.579059325410624,-0.0028130118336662235,0.007548728288108833
0.0012,-0.0004,-2.572547182008828,-0.0012719588325271688,0.007105651158959274
0.0013000000000000002,-0.0004,-2.5696894670466346,0.00043224036504947304,0.0065805061054628675
0.0014,-0.0004,-2.5600328710903484,0.0018416767235558227,0.006353152579345215
0.0015,-0.0004,-2.553069260661441,0.0041229036837760295,0.0062742946787180945
0.0016,-0.0004,-2.544036729134699,0.005010069110055498,0.006053165508320579
0.0017,-0.0004,-2.537942355767776,0.006982690196988098,0.005793011725608546
0.0018,-0.0004,-2.5408406069872163,0.009086312788968329,0.005621982652320649
0.0019,-0.0004,-2.5424234259019705,0.010977297666371826,0.005349380853630186
0.002,-0.0004,-2.5410273577284825,0.012910538734733024,0.005311907137517369
0.0021,-0.0004,-2.5407212932629997,0.014412486403765808,0.005198800618764479
0.0022,-0.0004,-2.551606957811226,0.015944318411340027,0.005327247044218494
0.0023,-0.0004,-2.558002148464769,0.017420535844658767,0.0050698979972444175
0.0024,-0.0004,-2.581812840788229,0.019485206707429027,0.005095515714508864
0.0025,-0.0004,-2.59128077412426,0.021124375172794196,0.0047951574545541985
0.0026000000000000003,-0.0004,-2.6230847757534277,0.023228079691387474,0.004626779725446997
0.0027,-0.0004,-2.6345028454793606,0.024738967276347737,0.004588431037964569
0.0028,-0.0004,-2.659563805501709,0.0263485370463666,0.004291905800243449
0.0029,-0.0004,-2.6747660871679386,0.028054595920602568,0.004345543833766835
0.003,-0.0004,-2.699854339688537,0.02923900235266376,0.004324944667128016
0.0031,-0.0004,-2.7315979845072347,0.031024796360073242,0.004159869392210473
0.0032,-0.0004,-2.759617742763511,0.032348563590536665,0.003973319004075939
0.0033000000000000004,-0.0004,-2.7899429657915693,0.03388707527438106,0.003835625495075528
0.0034,-0.0004,-2.8227290579596347,0.035300529720286244,0.0037383641158460685
0.0034999999999999996,-0.0004,-2.861692088140998,0.03655726550167489,0.0036150404847780358
0.0036,-0.0004,-2.8871244826219074,0.03795071967410554,0.0034903845568072796
0.0037,-0.0004,-2.9157009162093575,0.0392089862801319,0.0032563123802559126
0.0038,-0.0004,-2.9467270658216913,0.04044290258841791,0.0031638909845851724
0.0039,-0.0004,-2.977758958803775,0.04172317247422963,0.003061956854347086
0.004,-0.0004,-3.0073865066979057,0.04266996698068698,0.002918104290673307
0.0041,-0.0004,-3.037405580696218,0.04384159544518048,0.002777612720193754
0.0042,-0.0004,-3.0641593717013667,0.04491547559282819,0.0026413938566775957
0.0043,-0.0004,-3.091981305973108,0.045831358194221954,0.0025104235107909247
0.0044,-0.0004,-3.1177302448021353,0.04674522034580784,0.002375778706280272
0.0045,-0.0004,-3.1419278683328966,0.04775809984840264,0.0022425535926515815
0.0046,-0.0004,-3.1648097438537484,0.048650956164730086,0.0021135759880658122
0.0047,-0.0004,-3.18657903890454,0.049405578549156615,0.0019840725400025127
0.0048,-0.0004,-3.2056401550016114,0.05011411648222913,0.0018612275256785578
0.0049,-0.0004,-3.2239600636686947,0.05092851146812351,0.0017353186145435983
0.005,-0.0004,-3.2409057898774845,0.05158057164358937,0.0016157317546815738
0.0051,-0.0004,-3.2547451366235274,0.052201669016063636,0.001495398665523058
0.005200000000000001,-0.0004,-3.2674870914407927,0.05276411392885719,0.00138525038033324
0.0053,-0.0004,-3.2784870784440576,0.05336873627914677,0.0012705505897399013
0.0054,-0.0004,-3.2874841476296575,0.053858254376895225,0.0011645786411871842
0.0055,-0.0004,-3.2945601955500683,0.05437725574217115,0.0010580941841097052
0.0056,-0.0004,-3.299462447348688,0.054810266936964586,0.0009556524977749455
0.005700000000000001,-0.0004,-3.3030480077709634,0.055196846729179384,0.0008575265989592806
0.0058,-0.0004,-3.3040051413526754,0.05560228047074817,0.0007610773066228894
0.0059,-0.0004,-3.3039177148138097,0.055908965134997636,0.0006694507593817691
0.006,-0.0004,-3.3017546344368354,0.05623088396598489,0.0005830609511681012
0.0061,-0.0004,-3.2985986472981024,0.0564749287158062,0.0004940480513367275
0.0062,-0.0004,-3.29385861690892,0.05673906907074433,0.0004066240887215838
0.0063,-0.0004,-3.2870868219045497,0.05692915835247508,0.00032672592707001097
0.0064,-0.0004,-3.2801012485877608,0.05708526817650659,0.00023510714897430438
0.006499999999999999,-0.0004,-3.268599963465497,0.05725531963077346,0.00016734096636678695
0.006600000000000001,-0.0004,-3.2584443289926117,0.05732859898361279,7.58655289509862e-05
0.0067,-0.0004,-3.244797408022296,0.05746197562628378,7.327796591622099e-07
0.0068,-0.0004,-3.230929568112707,0.05755019996628209,-8.108023984042519e-05
0.0069,-0.0004,-3.2148450190850753,0.057530093186093284,-0.0001654377977785714
0.006999999999999999,-0.0004,-3.1970295190761897,0.05753035160211071,-0.00025590384259619007
0.007100000000000001,-0.0004,-3.1772421727241573,0.05745167735956991,-0.0003475820559737219
0.0072,-0.0004,-3.156754754980539,0.05740863124307782,-0.0004543825135003175
0.0073,-0.0004,-3.1336116277713755,0.05728902436867629,-0.0005497905671239366
0.0074,-0.0004,-3.108043584975175,0.05722775596961286,-0.0006638716921348088
0.0075,-0.0004,-3.081278811351201,0.056945139277550044,-0.0007832354369610667
0.0076,-0.0004,-3.051172129265561,0.05673856549265265,-0.0009222283911546818
0.0077,-0.0004,-3.01631034518945,0.05651492047229591,-0.0010825377542983217
0.0078,-0.0004,-2.9790052072006925,0.056214441867809155,-0.0012543763255735553
0.0079,-0.0004,-2.938231637839041,0.05572336307424674,-0.0014590819107546948
0.008,-0.0004,-2.891462853911508,0.055278670130659915,-0.001676498001633965
0.0081,-0.0004,-2.839961219202926,0.054693431934401605,-0.0019394569952212249
0.0082,-0.0004,-2.7807215848039126,0.05397274257410323,-0.0022302379625461248
0.0083,-0.0004,-2.7152924747225673,0.05329365594663254,-0.002546062691131367
0.0084,-0.0004,-2.6459073018548027,0.052372093984137835,-0.0029162649957785638
0.0085,-0.0004,-2.565416767402831,0.051454048558504176,-0.003335438022410177
0.0086,-0.0004,-2.4738866063104386,0.05043544577585665,-0.003804826764666411
0.0087,-0.0004,-2.3717032779385807,0.049059565482107076,-0.004361999375423311
0.0088,-0.0004,-2.260722127365103,0.047688205282984626,-0.004986590715040887
0.0089,-0.0004,-2.130974618555884,0.04590096471390947,-0.005715966053191439
0.009,-0.0004,-1.9944811237759927,0.04387474855691989,-0.006661528458478023
0.0091,-0.0004,-1.8390782533074157,0.04152433526602119,-0.007840843355071056
0.0092,-0.0004,-1.67343893422839,0.038663561862191206,-0.009300312846998114
0.0093,-0.0004,-1.4918544121002661,0.035044162444736314,-0.011412778322261468
0.0094,-0.0004,-1.3112471988087049,0.030608985933501955,-0.014997351086313775
0.0095,-0.0004,-1.0956684285754625,0.024711178148914412,-0.020272253736013605
0.0096,-0.0004,-0.9013694306271067,0.017200216101277057,-0.02923129852456326
0.0097,-0.0004,-0.730160551081338,0.008200789327709448,-0.040306011866359445
0.0098,-0.0004,-0.5507826943787256,0.002148614336701727,-0.05182825971582011
0.0099,-0.0004,-0.33653969138792694,0.0036383061970458944,-0.04491923182516146
0.01,-0.0004,-0.22247552885213526,0.0,0.0
0.0,-0.0003,-1.788131317309609,0.0,0.0
0.0001,-0.0003,-1.8178798553618354,-0.0034840413843478593,0.01370861106549867
0.0002,-0.0003,-1.9636056323668443,-0.006131973191842809,0.01616412822578649
0.0003,-0.0003,-2.1414726488501934,-0.006687511176293836,0.015283920966939719
0.0004,-0.0003,-2.3035834663697834,-0.006044022429608175,0.013879501247793028
0.0005,-0.0003,-2.4150287909037327,-0.0055478391030145055,0.011847147013960287
0.0006,-0.0003,-2.4924406364641953,-0.003873524095539638,0.010299765420987725
0.0007,-0.0003,-2.542686264555803,-0.0012482583559563069,0.009010039328867783
0.0008,-0.0003,-2.577010573841275,0.00046605322671603865,0.008061214797319178
0.0009,-0.0003,-2.5936679319763356,0.002678497701038871,0.007094566793768566
0.001,-0.0003,-2.5934196222635237,0.00491350502405397,0.00633157961518885
0.0011,-0.0003,-2.5883713188400295,0.0068845648464213455,0.005770535513362422
0.0012,-0.0003,-2.5844149920685373,0.009111604611312513,0.005264552194345618
0.0013000000000000002,-0.0003,-2.5729544579893786,0.011037607946218601,0.004887408665288202
0.0014,-0.0003,-2.556933033980347,0.013195355275439642,0.004634557093783467
0.0015,-0.0003,-2.549006671138678,0.01493899223174907,0.004379238309380533
0.0016,-0.0003,-2.5465062681466173,0.016832561598305148,0.004148329774918556
0.0017,-0.0003,-2.541321039397372,0.018725987835925825,0.004047712301665884
0.0018,-0.0003,-2.5388985847093104,0.02048903412105273,0.0038837646527405505
0.0019,-0.0003,-2.53619498674998,0.022438636882386127,0.003514367767131594
0.002,-0.0003,-2.5345230404538763,0.02412316965605782,0.003438253020205151
0.0021,-0.0003,-2.538177190302169,0.025849861471039022,0.003499982961506549
0.0022,-0.0003,-2.5484510249910115,0.027344938706380273,0.0034769620707407797
0.0023,-0.0003,-2.564115684987835,0.029131250931137123,0.003381572004211474
0.0024,-0.0003,-2.5874714252350377,0.03070651532185333,0.0034347198131952253
0.0025,-0.0003,-2.5930106780130973,0.032657314164258426,0.003191540383337292
0.0026000000000000003,-0.0003,-2.623045896678331,0.03386843494571654,0.003008216619334884
0.0027,-0.0003,-2.6292383036253892,0.035511589134791924,0.0029822372249160398
0.0028,-0.0003,-2.65478532150585,0.03718162884432606,0.0028992827199228076
0.0029,-0.0003,-2.67888477964757,0.038677498747401784,0.002816388152549568
0.003,-0.0003,-2.6950502697611616,0.04014830994752733,0.0027466039921715552
0.0031,-0.0003,-2.7276166091620304,0.04153457196915444,0.002644409815500715
0.0032,-0.0003,-2.755313459102593,0.0428979679795186,0.0025939052047227345
0.0033000000000000004,-0.0003,-2.7867800592242853,0.044260695828503255,0.0024757436029461248
0.0034,-0.0003,-2.818036223421985,0.0454674473703727,0.002434938482115181
0.0034999999999999996,-0.0003,-2.846684564893733,0.04680445471753097,0.0022700475236557714
0.0036,-0.0003,-2.879691661512919,0.04798625350336304,0.002179844369788337
0.0037,-0.0003,-2.9107066840081193,0.049136659044110034,0.0020890949207197896
0.0038,-0.0003,-2.941534433545718,0.050237438683383706,0.002041345387355793
0.0039,-0.0003,-2.970477785725337,0.05127336479528465,0.001942195327978619
0.004,-0.0003,-3.0012442355032305,0.05239611004921373,0.0018508145256441845
0.0041,-0.0003,-3.029639391729811,0.053335668254259644,0.001761442183786019
0.0042,-0.0003,-3.0579334865164403,0.05427931316469901,0.0016703932567400518
0.0043,-0.0003,-3.085489590723169,0.05519696408150554,0.0015883224013982927
0.0044,-0.0003,-3.1116762825293494,0.056046673999063934,0.0014865783146931705
0.0045,-0.0003,-3.1353650550313152,0.05682538019854482,0.0014083493323436302
0.0046,-0.0003,-3.1589448278691754,0.05762150700000242,0.001323109137233349
0.0047,-0.0003,-3.180026823512273,0.05832496500008331,0.0012378569852186524
0.0048,-0.0003,-3.199303397511843,0.05899912046488629,0.0011534626113404113
0.0049,-0.0003,-3.2185668710656996,0.05969369117416682,0.0010688733461915805
0.005,-0.0003,-3.2347414433987747,0.060263943413383404,0.0009954443868572269
0.0051,-0.0003,-3.2490941312040946,0.06081978720732219,0.0009056667595386298
0.005200000000000001,-0.0003,-3.261829976656148,0.06133209510339996,0.0008375658958932726
0.0053,-0.0003,-3.2727339259888693,0.061879068352531354,0.0007669065612253929
0.0054,-0.0003,-3.281926122464318,0.0623001483559423,0.0006953920867278705
0.0055,-0.0003,-3.288901579888127,0.06270281335997056,0.0006281328151088873
0.0056,-0.0003,-3.2945538152674794,0.06311175125973673,0.0005626834936660043
0.005700000000000001,-0.0003,-3.297538005787736,0.06342880781650762,0.0004994363338567028
0.0058,-0.0003,-3.299612127242539,0.06372763805952941,0.0004376602068250359
0.0059,-0.0003,-3.299416585413892,0.06408503620678228,0.0003750380107876888
0.006,-0.0003,-3.297427208610214,0.06433887214478616,0.00031493447812424316
0.0061,-0.0003,-3.293224518976128,0.06448517233401917,0.0002639263997178927
0.0062,-0.0003,-3.287330195284839,0.06466551968732176,0.00021515458205095171
0.0063,-0.0003,-3.2812647187034827,0.06479290171827204,0.00016488374299069281
0.0064,-0.0003,-3.2736553029152655,0.06509248444063549,0.00010744735628182153
0.006499999999999999,-0.0003,-3.2644394236423744,0.06508023388450987,5.275334840746947e-05
0.006600000000000001,-0.0003,-3.2536398496405754,0.06514606961598189,-7.840458810027417e-06
0.0067,-0.0003,-3.2394704304177466,0.06519433774598216,-7.008752335795454e-05
0.0068,-0.0003,-3.2247987104301212,0.06518633992447327,-0.0001050980749089037
0.0069,-0.0003,-3.2092322890797216,0.06521051832455911,-0.00016079232438808526
0.006999999999999999,-0.0003,-3.1899954142697275,0.06515147595126983,-0.0002148039587154491
0.007100000000000001,-0.0003,-3.1710559052371283,0.06524997340730969,-0.00027453544724992943
0.0072,-0.0003,-3.1486102103469555,0.0650064787728907,-0.00033734497177596574
0.0073,-0.0003,-3.125036296606108,0.06499177269544006,-0.00041413935575664083
0.0074,-0.0003,-3.0987094959200268,0.06488875937902831,-0.00048387558434881357
0.0075,-0.0003,-3.0701938210732194,0.0644142701125106,-0.0005635602642590206
0.0076,-0.0003,-3.0382549098170073,0.06441959495018207,-0.0006702973532556919
0.0077,-0.0003,-3.0030055889513254,0.06391235962087882,-0.0007736715475985009
0.0078,-0.0003,-2.964238438512164,0.06364338541147994,-0.0008836000594214166
0.0079,-0.0003,-2.9204393820055365,0.06328830104292456,-0.001018090688899333
0.008,-0.0003,-2.8714060883020784,0.06283648657827522,-0.0011762508680010601
0.0081,-0.0003,-2.8180093170169522,0.062425691316696036,-0.0013425440637448295
0.0082,-0.0003,-2.7585710318171084,0.061546583038535475,-0.001534604410601127
0.0083,-0.0003,-2.689712837085835,0.060960198821831506,-0.001755443867584711
0.0084,-0.0003,-2.615316429706906,0.05994222451768449,-0.0020067258192152278
0.0085,-0.0003,-2.527359536984023,0.0589279885493774,-0.0022857241094599193
0.0086,-0.0003,-2.430154830829978,0.05797680665336813,-0.002616772504905831
0.0087,-0.0003,-2.323840824328008,0.05657844165415569,-0.0029870357397009367
0.0088,-0.0003,-2.1995886843354806,0.055183569878675044,-0.0034153152490743344
0.0089,-0.0003,-2.0694260434291216,0.05363690774131699,-0.003930876795604094
0.009,-0.0003,-1.9142246423627465,0.05189168718247072,-0.004499015812253224
0.0091,-0.0003,-1.751739690752764,0.049348148752383636,-0.005304480316883176
0.0092,-0.0003,-1.5592075747345475,0.04693848614030813,-0.006278271495017933
0.0093,-0.0003,-1.3582672604674357,0.04364986213274362,-0.007664220136225738
0.0094,-0.0003,-1.1390499720147482,0.039440984640315084,-0.010029333625289436
0.0095,-0.0003,-0.9046948909466969,0.033925384008900765,-0.013889657296785714
0.0096,-0.0003,-0.6607767119082428,0.02628859889314048,-0.02056648978383352
0.0097,-0.0003,-0.39084548036303507,0.016446011290948727,-0.03177200030282344
0.0098,-0.0003,-0.03521205803420578,0.006655686686375277,-0.04318008335524315
0.0099,-0.0003,0.025076236053793433,0.0011816932148840738,-0.04550834719726575
0.01,-0.0003,0.0008772557273841318,0.0,0.0
0.0,-0.0002,-1.3731355769267741,0.0,0.0
0.0001,-0.0002,-1.5549873420695037,-0.0029445481108647184,0.01745877556818817
0.0002,-0.0002,-1.8508172299153818,-0.004164916762407889,0.017292475784639
0.0003,-0.0002,-2.0827536116000607,-0.000831070360282013,0.014515004453102895
0.0004,-0.0002,-2.3011073973256484,0.003287870646705059,0.011553991561875884
0.0005,-0.0002,-2.4297690279848028,0.006636749286626846,0.009412538832082044
0.0006,-0.0002,-2.5143621672713152,0.010496884774214055,0.007847924195409358
0.0007,-0.0002,-2.5619870141166343,0.014172102577106174,0.006523863589737099
0.0008,-0.0002,-2.5904820344049493,0.017242098853755206,0.005393524843928521
0.0009,-0.0002,-2.59997779078851,0.020143303614088268,0.004665038828944139
0.001,-0.0002,-2.6032086258672567,0.02285684442851199,0.004020683337757313
0.0011,-0.0002,-2.595350518196047,0.02518205674647649,0.0036020759970327564
0.0012,-0.0002,-2.5884656055446555,0.02741531206363387,0.003208233141592218
0.0013000000000000002,-0.0002,-2.573599064134069,0.02955783933025613,0.0029282706077309265
0.0014,-0.0002,-2.5612093377316487,0.03143865711582836,0.0026994026288295796
0.0015,-0.0002,-2.5553128747540375,0.03342461019435696,0.0025395243177202148
0.0016,-0.0002,-2.5448829737868373,0.03546829199899846,0.002360590680506936
0.0017,-0.0002,-2.5439634927845014,0.03694006707795521,0.0022215297696548788
0.0018,-0.0002,-2.535038041731827,0.03864792546111265,0.0021442900579481425
0.0019,-0.0002,-2.5331126390429426,0.04002735009831167,0.0020569940271038083
0.002,-0.0002,-2.534715955871331,0.04170848709982675,0.0019882670557355127
0.0021,-0.0002,-2.5340314751403064,0.0432316998175669,0.001966797930624336
0.0022,-0.0002,-2.5419316062207487,0.04460165784451431,0.0019367737366219975
0.0023,-0.0002,-2.5576258368373455,0.04613292933732308,0.0018798166768091542
0.0024,-0.0002,-2.57643877100256,0.047362035874080964,0.0017760325412161174
0.0025,-0.0002,-2.590758202533257,0.04880917559818324,0.0016373779526816165
0.0026000000000000003,-0.0002,-2.6064934588542856,0.05008518870725916,0.0015954605184205642
0.0027,-0.0002,-2.620803650812989,0.05146031458249767,0.0015653716935733525
0.0028,-0.0002,-2.640509964131531,0.05271035248586219,0.0015434784652581931
0.0029,-0.0002,-2.6723972215821172,0.053762727062172826,0.0015232938404475462
0.003,-0.0002,-2.6950470978171905,0.054947986530634374,0.0014889593112337425
0.0031,-0.0002,-2.7219295592010733,0.05619517843158969,0.0013838984475870774
0.0032,-0.0002,-2.7508352682082147,0.05702652607906823,0.0013596382455987343
0.0033000000000000004,-0.0002,-2.778484299577174,0.058074180972999434,0.0013055546719343031
0.0034,-0.0002,-2.809923710813378,0.059239633603158405,0.0012733180687786625
0.0034999999999999996,-0.0002,-2.8383632128967613,0.06025830533247224,0.0012272508256888847
0.0036,-0.0002,-2.87389692042714,0.06128778458919457,0.0011500202631598495
0.0037,-0.0002,-2.9032180722929524,0.06227845781411108,0.0011163463961831187
0.0038,-0.0002,-2.9349894852511946,0.06310686239687706,0.0010343736263338462
0.0039,-0.0002,-2.9642618134457384,0.06404630284495197,0.0009927920745465288
0.004,-0.0002,-2.994281536426664,0.06466160316051155,0.0009599466610016521
0.0041,-0.0002,-3.0237990880866743,0.06538020104886075,0.0008994743493578012
0.0042,-0.0002,-3.0521762491382445,0.06605477480676435,0.0008429581832595725
0.0043,-0.0002,-3.0787680605039496,0.066968632661416,0.0008113466322197216
0.0044,-0.0002,-3.1055509149074436,0.06756648201593222,0.0007654382418285778
0.0045,-0.0002,-3.129212113164945,0.06805277787759562,0.0007169620462194625
0.0046,-0.0002,-3.1528192798504793,0.06857607747298439,0.0006635452033973548
0.0047,-0.0002,-3.1746047735470224,0.06917884716268498,0.0006191485884982267
0.0048,-0.0002,-3.195075424615568,0.06970570417187051,0.0005717291737965677
0.0049,-0.0002,-3.213243358417597,0.07027209271543132,0.0005296827420066484
0.005,-0.0002,-3.2302269611541417,0.07072304262304649,0.0004786898490614331
0.0051,-0.0002,-3.24433424136749,0.07119311504937809,0.00044598345042930947
0.005200000000000001,-0.0002,-3.257816571109016,0.07161396228589434,0.00040361275991366766
0.0053,-0.0002,-3.2688583043435617,0.07188024281855225,0.00036282032677159164
0.0054,-0.0002,-3.2777715384850055,0.0722220183326611,0.0003268420160456917
0.0055,-0.0002,-3.285029668222467,0.07251256075242149,0.00028897047703222697
0.0056,-0.0002,-3.2906192178435534,0.07282050562415797,0.00025201162769771386
0.005700000000000001,-0.0002,-3.294081259478924,0.07300065895185331,0.00022343084657948741
0.0058,-0.0002,-3.2959919851229835,0.07314848123582413,0.0001877686339502941
0.0059,-0.0002,-3.29599756519011,0.07332944739291197,0.0001644358445170549
0.006,-0.0002,-3.294398039189023,0.07348011943875112,0.00013250163079695965
0.0061,-0.0002,-3.2908126721149533,0.07367551200145496,0.00010064696686931693
0.0062,-0.0002,-3.285610762960071,0.07368123716335076,7.714933743208401e-05
0.0063,-0.0002,-3.2780648479093397,0.07391213777887565,6.348987900475925e-05
0.0064,-0.0002,-3.2703168059356975,0.07400360098424928,4.018957648963976e-05
0.006499999999999999,-0.0002,-3.2602952728407644,0.07389144490521089,-3.935411406717987e-06
0.006600000000000001,-0.0002,-3.2475282140186037,0.07409706964715775,-6.725263467382814e-05
0.0067,-0.0002,-3.235366935548105,0.07399931755539348,-6.825417310067328e-05
0.0068,-0.0002,-3.219409798291396,0.07396316159912689,-9.47699172995366e-05
0.0069,-0.0002,-3.2033320077728327,0.07401121404837156,-0.00012378161138488635
0.006999999999999999,-0.0002,-3.18460023286993,0.07393216677977378,-0.00015605696291532846
0.007100000000000001,-0.0002,-3.1638973495647766,0.07376845784354662,-0.00018896914401048018
0.0072,-0.0002,-3.141504483172659,0.07362509175423869,-0.00022544112398160162
0.0073,-0.0002,-3.117491321499939,0.07373464169901998,-0.0002647092972430598
0.0074,-0.0002,-3.090765729058434,0.07335991014340389,-0.00030555006358335085
0.0075,-0.0002,-3.0601634168715446,0.07303545562122235,-0.00034833328821279525
0.0076,-0.0002,-3.0279893916427962,0.07292133941060464,-0.00040113168557761117
0.0077,-0.0002,-2.9913727346184174,0.07272814531501363,-0.00046192831598344846
0.0078,-0.0002,-2.9516917691704503,0.07219577715255464,-0.000529424388426712
0.0079,-0.0002,-2.905922269117216,0.07208602862215423,-0.0006032145989907005
0.008,-0.0002,-2.856311592639868,0.07146430367921523,-0.0006875380937687581
0.0081,-0.0002,-2.79866612852534,0.070985762347637,-0.0007863449545892151
0.0082,-0.0002,-2.7365870242248893,0.07055331801741357,-0.0008960603207954957
0.0083,-0.0002,-2.6682914563498743,0.06970175677585995,-0.0010199911601984904
0.0084,-0.0002,-2.587784223446832,0.0690923816765969,-0.001166296194884147
0.0085,-0.0002,-2.500358535004726,0.06826275919455023,-0.0013334452023736779
0.0086,-0.0002,-2.400161407224933,0.0672026483030463,-0.0015194415075773181
0.0087,-0.0002,-2.2837868081007118,0.06602008033043005,-0.0017319475039904713
0.0088,-0.0002,-2.1598131466211545,0.06483695071774913,-0.001960439469392403
0.0089,-0.0002,-2.016767850620321,0.06329868633625722,-0.0022444784521388423
0.009,-0.0002,-1.8542117303034304,0.06172681826555629,-0.0026149963617830667
0.0091,-0.0002,-1.6712825513649767,0.05965694205866767,-0.0030611386138096985
0.0092,-0.0002,-1.4638669133463567,0.057324707535222556,-0.003622027192766956
0.0093,-0.0002,-1.2382348007926305,0.054631758623060224,-0.004394261768753823
0.0094,-0.0002,-0.9873638990876897,0.05102377262297373,-0.005663581917893795
0.0095,-0.0002,-0.698355109743012,0.04634179235496379,-0.007832383828222598
0.0096,-0.0002,-0.373383479018544,0.039025892441299476,-0.011785896486064354
0.0097,-0.0002,-0.025461073018261015,0.029487110237915677,-0.020427524120808272
0.0098,-0.0002,0.24932588682763487,0.017016810997526305,-0.030541052133385028
0.0099,-0.0002,0.4484077412582096,0.0035733579202998963,-0.0403172541854996
0.01,-0.0002,0.645018152722688,0.0,0.0
0.0,-0.0001,-0.5824915282020086,0.0,0.0
0.0001,-0.0001,-1.0085247291745592,0.009742886773220825,0.01299084473671435
0.0002,-0.0001,-1.6629034221626078,0.01552538794481356,0.010605725403598706
0.0003,-0.0001,-2.0396702704848013,0.024611990247796485,0.00826908346025192
0.0004,-0.0001,-2.296255446718219,0.03132648421744554,0.0063557531437104745
0.0005,-0.0001,-2.436735331041257,0.03667801163359284,0.00480881410934452
0.0006,-0.0001,-2.5226654836560587,0.04113746829031692,0.0037907093013369933
0.0007,-0.0001,-2.570861314654609,0.044959386727995154,0.0029585475476672078
0.0008,-0.0001,-2.594763926831837,0.04788886620648872,0.0024169341371492585
0.0009,-0.0001,-2.605388920092465,0.05054772159969778,0.001992671484650726
0.001,-0.0001,-2.6058690786993455,0.052540516299669826,0.001678721892153995
0.0011,-0.0001,-2.5981443729777975,0.05466568940811031,0.001443980996497382
0.0012,-0.0001,-2.588049257773433,0.05628585553793533,0.0012782834421846555
0.0013000000000000002,-0.0001,-2.5765692345321813,0.057482213186747615,0.001136570851174326
0.0014,-0.0001,-2.564403709234502,0.05902381035241288,0.0010357070259744056
0.0015,-0.0001,-2.556031310512978,0.06040100967673121,0.0009497381941078822
0.0016,-0.0001,-2.546101095248133,0.061564827867124264,0.0008891342853601978
0.0017,-0.0001,-2.5382240478073292,0.06258401815109949,0.0008023995322502805
0.0018,-0.0001,-2.538355163059759,0.06372035767742731,0.0007978935324109555
0.0019,-0.0001,-2.530215529138323,0.06455210206897681,0.0007933768561058357
0.002,-0.0001,-2.5324250962143378,0.06573199429259753,0.0007457352834865155
0.0021,-0.0001,-2.5399004098321867,0.06654615404583557,0.0006987474663912892
0.0022,-0.0001,-2.5453360470293047,0.06738206050523553,0.0006867705577023164
0.0023,-0.0001,-2.558307471920904,0.0683502411421072,0.0006567400093984632
0.0024,-0.0001,-2.571315054027638,0.06907376987545949,0.0006333081929477182
0.0025,-0.0001,-2.5812471936865924,0.06981991332643012,0.0006002599757362882
0.0026000000000000003,-0.0001,-2.6015704097141277,0.07094983092157642,0.0005879061988332956
0.0027,-0.0001,-2.620541401342591,0.07154338315431762,0.0005540669976416295
0.0028,-0.0001,-2.643539082838649,0.07217475571798808,0.0005289773639310544
0.0029,-0.0001,-2.667204328129191,0.07272522786890924,0.0005227930300450724
0.003,-0.0001,-2.6942107230953614,0.07369031178170497,0.0005042848147585078
0.0031,-0.0001,-2.720685297049227,0.07411569709473088,0.0004947087744710214
0.0032,-0.0001,-2.74660283521343,0.07503637288217832,0.0004848793710752541
0.0033000000000000004,-0.0001,-2.775815937300112,0.07522379826279801,0.00045693169354747644
0.0034,-0.0001,-2.8064499537563474,0.07611570941348285,0.0004381372615310131
0.0034999999999999996,-0.0001,-2.8379204954220234,0.07657100563696141,0.0004297339319795985
0.0036,-0.0001,-2.8673495548500276,0.0770148789438928,0.0004083049207627968
0.0037,-0.0001,-2.899252141049877,0.0778024732145684,0.00037646827296030716
0.0038,-0.0001,-2.9296061595452256,0.0783428006717553,0.00035362970047739007
0.0039,-0.0001,-2.96222194102032,0.07865214866597176,0.0003344044079015526
0.004,-0.0001,-2.990984302115352,0.07906627137652068,0.00032553755979459386
0.0041,-0.0001,-3.0199879862321484,0.07961213979774356,0.0003045980212317103
0.0042,-0.0001,-3.048100670493558,0.07991026739867868,0.0002850105819192376
0.0043,-0.0001,-3.0748366669811693,0.0804314272750476,0.00027135812279730957
0.0044,-0.0001,-3.102258608958243,0.08067011423743113,0.0002473445175863432
0.0045,-0.0001,-3.1269885132800246,0.08101517861086514,0.00022999014712615326
0.0046,-0.0001,-3.1499895427642537,0.08137684901387365,0.00021220635730961456
0.0047,-0.0001,-3.171769541921581,0.08176060120903905,0.0001988523403772322
0.0048,-0.0001,-3.192288889780955,0.08193642372560087,0.0001882453471075245
0.0049,-0.0001,-3.209792557676777,0.08214571999628534,0.00016393395802243385
0.005,-0.0001,-3.226727366695267,0.08236534137924018,0.0001514673446969098
0.0051,-0.0001,-3.2414008936281626,0.08264238318685613,0.00013928578379812483
0.005200000000000001,-0.0001,-3.2548719322648805,0.0827422321962523,0.00012439016776171594
0.0053,-0.0001,-3.266005413572739,0.08296680959895364,0.00010974588269059064
0.0054,-0.0001,-3.275117068691683,0.08309239093102934,9.521053618032809e-05
0.0055,-0.0001,-3.2826656762403763,0.08326824221122651,8.377204346258891e-05
0.0056,-0.0001,-3.28769677732568,0.08344182073585597,7.036519978040353e-05
0.005700000000000001,-0.0001,-3.2916859975278703,0.08344533871539399,6.156685468513319e-05
0.0058,-0.0001,-3.2937592498380557,0.08364216881881814,5.733693329314884e-05
0.0059,-0.0001,-3.29328953067725,0.08371820486535507,4.636653764673373e-05
0.006,-0.0001,-3.2921735561217598,0.08372968481690689,3.046348985387456e-05
0.0061,-0.0001,-3.2889405288558424,0.08377282696424047,1.3145121503225745e-05
0.0062,-0.0001,-3.2830198941315967,0.08380211264488512,1.0981001398932567e-05
0.0063,-0.0001,-3.2744286322156877,0.08381959716961157,8.730953000020364e-06
0.0064,-0.0001,-3.2673647193735564,0.083783862708521,-1.1827764760123224e-06
0.006499999999999999,-0.0001,-3.2568774620836405,0.08380935349804808,-2.1119944679131008e-05
0.006600000000000001,-0.0001,-3.245814995259454,0.08379703567460146,-2.518894434423403e-05
0.0067,-0.0001,-3.2319995771137346,0.0836626257254457,-3.0328276672776688e-05
0.0068,-0.0001,-3.216420803787166,0.08378486931086375,-4.899492096731985e-05
0.0069,-0.0001,-3.1993801772915926,0.08368316719321169,-5.89278496278736e-05
0.006999999999999999,-0.0001,-3.1803290128186568,0.08368184675117199,-7.236889198535272e-05
0.007100000000000001,-0.0001,-3.15958087661738,0.08352798560786355,-8.463226430096924e-05
0.0072,-0.0001,-3.1376686901680415,0.08335734896009943,-9.669583640551064e-05
0.0073,-0.0001,-3.1125007591904406,0.08334635380187823,-0.0001122728371646915
0.0074,-0.0001,-3.08437805050199,0.0830743584910722,-0.00012805325463334286
0.0075,-0.0001,-3.0546377385002934,0.08291288331243918,-0.0001443931451790819
0.0076,-0.0001,-3.0208047595974716,0.08286559762483742,-0.00016466535618705602
0.0077,-0.0001,-2.9833895204704555,0.08263241278770356,-0.00018587556809946044
0.0078,-0.0001,-2.9427792542882245,0.08237393674253063,-0.0002127910800422235
0.0079,-0.0001,-2.896897198665107,0.08202647118632034,-0.00024124780791315274
0.008,-0.0001,-2.8452486093756875,0.08173233284023239,-0.00027377650915276925
0.0081,-0.0001,-2.789603681241627,0.0813970492904241,-0.00031031095900030425
0.0082,-0.0001,-2.7259288661762033,0.08099841625504293,-0.00035467345369361687
0.0083,-0.0001,-2.6532585567085407,0.08058504550821952,-0.00040017703376624337
0.0084,-0.0001,-2.5731276827863363,0.08004830869151329,-0.0004577453049940407
0.0085,-0.0001,-2.4831603311544392,0.07935720858686922,-0.0005203661269732449
0.0086,-0.0001,-2.377570620241926,0.07870635323102573,-0.000590890823072915
0.0087,-0.0001,-2.260554467070838,0.07794177910978069,-0.0006775323542971203
0.0088,-0.0001,-2.1285938499359642,0.0770746953224259,-0.0007817854872030789
0.0089,-0.0001,-1.980041211938199,0.07609981902214948,-0.0008987311088923775
0.009,-0.0001,-1.8091392693998738,0.07486931913148086,-0.0010353615418840108
0.0091,-0.0001,-1.618709779383957,0.07357094082695091,-0.0012082048894684384
0.0092,-0.0001,-1.3995870029897468,0.0719832476407618,-0.001408085890293783
0.0093,-0.0001,-1.150416986911169,0.07008837443574209,-0.0017341650303090983
0.0094,-0.0001,-0.8799973582711973,0.06767620726298312,-0.002181125287288275
0.0095,-0.0001,-0.5502754462125264,0.06436453581219782,-0.0030265429070270495
0.0096,-0.0001,-0.1873473583501723,0.059363607843952886,-0.004678043579066696
0.0097,-0.0001,0.24886711959071073,0.05251550676120906,-0.008222290168405621
0.0098,-0.0001,0.6591747052012542,0.03749579276559958,-0.015199292282887243
0.0099,-0.0001,1.0541714218551312,0.022499664213886356,-0.022043284802885026
0.01,-0.0001,1.5156663805594912,0.0,0.0
0.0,0.0,0.0,0.1,0.0
0.0001,0.0,-0.5153014397411676,0.1,0.0
0.0002,0.0,-1.4095598421927231,0.1,0.0
0.0003,0.0,-1.985651457301982,0.1,0.0
0.0004,0.0,-2.2802491071548916,0.1,0.0
0.0005,0.0,-2.424270364801742,0.1,0.0
0.0006,0.0,-2.523936511716945,0.1,0.0
0.0007,0.0,-2.5720788485349853,0.1,0.0
0.0008,0.0,-2.5984442157387577,0.1,0.0
0.0009,0.0,-2.6051226052419523,0.1,0.0
0.001,0.0,-2.6061757991642565,0.1,0.0
0.0011,0.0,-2.599570014397342,0.1,0.0
0.0012,0.0,-2.5884242267757878,0.1,0.0
0.0013000000000000002,0.0,-2.5772840801427632,0.1,0.0
0.0014,0.0,-2.565767068974641,0.1,0.0
0.0015,0.0,-2.5569371729879973,0.1,0.0
0.0016,0.0,-2.546881923262052,0.1,0.0
0.0017,0.0,-2.541202663581362,0.1,0.0
0.0018,0.0,-2.5349743199704635,0.1,0.0
0.0019,0.0,-2.5326724701502323,0.1,0.0
0.002,0.0,-2.529708849035412,0.1,0.0
0.0021,0.0,-2.541246781581808,0.1,0.0
0.0022,0.0,-2.5551404126583708,0.1,0.0
0.0023,0.0,-2.5615205611604503,0.1,0.0
0.0024,0.0,-2.5669097406277612,0.1,0.0
0.0025,0.0,-2.586919155143678,0.1,0.0
0.0026000000000000003,0.0,-2.605455720525545,0.1,0.0
0.0027,0.0,-2.6200069541382094,0.1,0.0
0.0028,0.0,-2.64285851615198,0.1,0.0
0.0029,0.0,-2.66683893653329,0.1,0.0
0.003,0.0,-2.690585729264354,0.1,0.0
0.0031,0.0,-2.719066131360435,0.1,0.0
0.0032,0.0,-2.7451834351647397,0.1,0.0
0.0033000000000000004,0.0,-2.77619041247683,0.1,0.0
0.0034,0.0,-2.8059661637352082,0.1,0.0
0.0034999999999999996,0.0,-2.8344622983264345,0.1,0.0
0.0036,0.0,-2.8676272164281773,0.1,0.0
0.0037,0.0,-2.896841248140262,0.1,0.0
0.0038,0.0,-2.929673074998025,0.1,0.0
0.0039,0.0,-2.9592400669275514,0.1,0.0
0.004,0.0,-2.988637021160947,0.1,0.0
0.0041,0.0,-3.0188977431468587,0.1,0.0
0.0042,0.0,-3.046705202257293,0.1,0.0
0.0043,0.0,-3.073862251781624,0.1,0.0
0.0044,0.0,-3.1006701339509237,0.1,0.0
0.0045,0.0,-3.1249147312142065,0.1,0.0
0.0046,0.0,-3.14789399456883,0.1,0.0
0.0047,0.0,-3.1700553816594503,0.1,0.0
0.0048,0.0,-3.1908606869051783,0.1,0.0
0.0049,0.0,-3.2088751414400694,0.1,0.0
0.005,0.0,-3.225898838109361,0.1,0.0
0.0051,0.0,-3.2405883635759722,0.1,0.0
0.005200000000000001,0.0,-3.254124837888165,0.1,0.0
0.0053,0.0,-3.2649102001270855,0.1,0.0
0.0054,0.0,-3.2742789810375843,0.1,0.0
0.0055,0.0,-3.281699519775678,0.1,0.0
0.0056,0.0,-3.286405803079185,0.1,0.0
0.005700000000000001,0.0,-3.2908624782907854,0.1,0.0
0.0058,0.0,-3.2928122032113083,0.1,0.0
0.0059,0.0,-3.292629368252233,0.1,0.0
0.006,0.0,-3.289805777775252,0.1,0.0
0.0061,0.0,-3.285902487207704,0.1,0.0
0.0062,0.0,-3.282002837878095,0.1,0.0
0.0063,0.0,-3.2750642766623796,0.1,0.0
0.0064,0.0,-3.26354996796095,0.1,0.0
0.006499999999999999,0.0,-3.254753829564864,0.1,0.0
0.006600000000000001,0.0,-3.2453543208599394,0.1,0.0
0.0067,0.0,-3.230865612946624,0.1,0.0
0.0068,0.0,-3.214319124619155,0.1,0.0
0.0069,0.0,-3.1978187295201073,0.1,0.0
0.006999999999999999,0.0,-3.17969659711328,0.1,0.0
0.007100000000000001,0.0,-3.157737395842602,0.1,0.0
0.0072,0.0,-3.135499050311718,0.1,0.0
0.0073,0.0,-3.1104626634504426,0.1,0.0
0.0074,0.0,-3.083080421042263,0.1,0.0
0.0075,0.0,-3.051893242687301,0.1,0.0
0.0076,0.0,-3.017772701279337,0.1,0.0
0.0077,0.0,-2.9811802575859327,0.1,0.0
0.0078,0.0,-2.938805811657925,0.1,0.0
0.0079,0.0,-2.8947799918090023,0.1,0.0
0.008,0.0,-2.842929350496184,0.1,0.0
0.0081,0.0,-2.7853906849058343,0.1,0.0
0.0082,0.0,-2.721373229789504,0.1,0.0
0.0083,0.0,-2.6499570930076675,0.1,0.0
0.0084,0.0,-2.5641328283779563,0.1,0.0
0.0085,0.0,-2.473884030969623,0.1,0.0
0.0086,0.0,-2.371574829215746,0.1,0.0
0.0087,0.0,-2.252075191034652,0.1,0.0
0.0088,0.0,-2.1200111022950368,0.1,0.0
0.0089,0.0,-1.969622452095425,0.1,0.0
0.009,0.0,-1.796654334979263,0.1,0.0
0.0091,0.0,-1.6036261284905962,0.1,0.0
0.0092,0.0,-1.3784655532541552,0.1,0.0
0.0093,0.0,-1.1256382609706954,0.1,0.0
0.0094,0.0,-0.8338476225472262,0.1,0.0
0.0095,0.0,-0.49371929506127255,0.1,0.0
0.0096,0.0,-0.11134453302826651,0.1,0.0
0.0097,0.0,0.36561592065875337,0.1,0.0
0.0098,0.0,0.8764840571409225,0.1,0.0
0.0099,0.0,1.22309976013798,0.1,0.0
0.01,0.0,1.3936430133139464,0.1,0.0
