nodenumber,x-coordinate,y-coordinate,pressure,x-velocity,y-velocity
8962,0.0,-0.01,6.749210708,0.0,0.0
8963,0.0001,-0.01,6.749192067,0.0,0.0
8964,0.0002,-0.01,6.749110106,0.0,0.0
8969,0.0003,-0.01,6.748884812,0.0,0.0
8975,0.0004,-0.01,6.74847756,0.0,0.0
8982,0.0005,-0.01,6.747895559,0.0,0.0
8990,0.0006,-0.01,6.747166869,0.0,0.0
8999,0.0007,-0.01,6.746301803,0.0,0.0
9009,0.0008,-0.01,6.74535635,0.0,0.0
9020,0.0009,-0.01,6.744361485,0.0,0.0
9032,0.001,-0.01,6.743267444,0.0,0.0
9045,0.0011,-0.01,6.742157709,0.0,0.0
9059,0.0012,-0.01,6.741046314,0.0,0.0
9074,0.0013,-0.01,6.739898613,0.0,0.0
9090,0.0014,-0.01,6.738748462,0.0,0.0
9107,0.0015,-0.01,6.737600129,0.0,0.0
9125,0.0016,-0.01,6.736458654,0.0,0.0
9144,0.0017,-0.01,6.735327009,0.0,0.0
9164,0.0018,-0.01,6.734208753,0.0,0.0
9185,0.0019,-0.01,6.733107116,0.0,0.0
9207,0.002,-0.01,6.732025523,0.0,0.0
9230,0.0021,-0.01,6.730967649,0.0,0.0
9254,0.0022,-0.01,6.72993758,0.0,0.0
9279,0.0023,-0.01,6.728939889,0.0,0.0
9305,0.0024,-0.01,6.727979741,0.0,0.0
9332,0.0025,-0.01,6.727062848,0.0,0.0
9360,0.0026,-0.01,6.726195571,0.0,0.0
9389,0.0027,-0.01,6.725384684,0.0,0.0
9419,0.0028,-0.01,6.724637039,0.0,0.0
9450,0.0029,-0.01,6.723960395,0.0,0.0
9482,0.003,-0.01,6.723363183,0.0,0.0
9515,0.0031,-0.01,6.722853679,0.0,0.0
9549,0.0032,-0.01,6.722438345,0.0,0.0
9581,0.0033,-0.01,6.722118425,0.0,0.0
9613,0.0034,-0.01,6.721890263,0.0,0.0
9645,0.0035,-0.01,6.721782539,0.0,0.0
9677,0.0036,-0.01,6.721836278,0.0,0.0
9709,0.0037,-0.01,6.722032045,0.0,0.0
4,0.0038,-0.01,6.722343979,0.0,0.0
1,0.0039,-0.01,6.722784495,0.0,0.0
7,0.004,-0.01,6.723363758,0.0,0.0
12,0.0041,-0.01,6.724083805,0.0,0.0
18,0.0042,-0.01,6.724944893,0.0,0.0
25,0.0043,-0.01,6.725944223,0.0,0.0
33,0.0044,-0.01,6.727077194,0.0,0.0
42,0.0045,-0.01,6.728337722,0.0,0.0
52,0.0046,-0.01,6.729717591,0.0,0.0
63,0.0047,-0.01,6.73120668,0.0,0.0
77,0.0048,-0.01,6.732792467,0.0,0.0
91,0.0049,-0.01,6.734460549,0.0,0.0
106,0.005,-0.01,6.736194157,0.0,0.0
122,0.0051,-0.01,6.737976012,0.0,0.0
139,0.0052,-0.01,6.739786647,0.0,0.0
157,0.0053,-0.01,6.741603447,0.0,0.0
176,0.0054,-0.01,6.743404274,0.0,0.0
196,0.0055,-0.01,6.745166054,0.0,0.0
217,0.0056,-0.01,6.746864591,0.0,0.0
239,0.0057,-0.01,6.748475214,0.0,0.0
262,0.0058,-0.01,6.749973384,0.0,0.0
288,0.0059,-0.01,6.751335086,0.0,0.0
314,0.006,-0.01,6.752537152,0.0,0.0
7275,0.0061,-0.01,6.753558076,0.0,0.0
7243,0.0062,-0.01,6.754381057,0.0,0.0
7212,0.0063,-0.01,6.754996018,0.0,0.0
7181,0.0064,-0.01,6.755411266,0.0,0.0
7150,0.0065,-0.01,6.755577032,0.0,0.0
7119,0.0066,-0.01,6.755424615,0.0,0.0
7088,0.0067,-0.01,6.755003818,0.0,0.0
7058,0.0068,-0.01,6.754355318,0.0,0.0
7029,0.0069,-0.01,6.753458809,0.0,0.0
7000,0.007,-0.01,6.752311938,0.0,0.0
6972,0.0071,-0.01,6.750922092,0.0,0.0
6945,0.0072,-0.01,6.749299372,0.0,0.0
6918,0.0073,-0.01,6.747462257,0.0,0.0
6889,0.0074,-0.01,6.745422949,0.0,0.0
6861,0.0075,-0.01,6.743255672,0.0,0.0
6834,0.0076,-0.01,6.740886492,0.0,0.0
6808,0.0077,-0.01,6.738389156,0.0,0.0
6783,0.0078,-0.01,6.735853495,0.0,0.0
6759,0.0079,-0.01,6.733192118,0.0,0.0
6736,0.008,-0.01,6.730504595,0.0,0.0
6714,0.0081,-0.01,6.727821544,0.0,0.0
6693,0.0082,-0.01,6.725144151,0.0,0.0
6673,0.0083,-0.01,6.722511819,0.0,0.0
6654,0.0084,-0.01,6.719957161,0.0,0.0
6636,0.0085,-0.01,6.717508314,0.0,0.0
6619,0.0086,-0.01,6.715186952,0.0,0.0
6603,0.0087,-0.01,6.713017921,0.0,0.0
6588,0.0088,-0.01,6.71102344,0.0,0.0
6574,0.0089,-0.01,6.709222953,0.0,0.0
6561,0.009,-0.01,6.707637279,0.0,0.0
6549,0.0091,-0.01,6.706283353,0.0,0.0
6538,0.0092,-0.01,6.705175589,0.0,0.0
6528,0.0093,-0.01,6.7043228,0.0,0.0
6519,0.0094,-0.01,6.703727962,0.0,0.0
6511,0.0095,-0.01,6.703379115,0.0,0.0
6504,0.0096,-0.01,6.703266403,0.0,0.0
6498,0.0097,-0.01,6.70336123,0.0,0.0
6493,0.0098,-0.01,6.703575698,0.0,0.0
6490,0.0099,-0.01,6.703777742,0.0,0.0
6491,0.01,-0.01,6.70385674,0.0,0.0
240,0.005700029141,-0.009900172364,6.74818995,-0.001030884655,-2.533901057e-05
263,0.005800039412,-0.009900162478,6.749657737,-0.0009942556633,-2.845848132e-05
218,0.005600007125,-0.009900150892,6.74661096,-0.001063527691,-2.209068996e-05
289,0.005900044556,-0.00990013077,6.750990843,-0.0009537418889,-3.141571959e-05
197,0.005499993954,-0.009900114765,6.744945417,-0.001091854355,-1.874036397e-05
315,0.006000038471,-0.009900080366,6.752166752,-0.0009095461715,-3.418921594e-05
177,0.005399987828,-0.00990007351,6.74321766,-0.001115649382,-1.531893201e-05
7274,0.006100028725,-0.009900045921,6.753164768,-0.000861646169,-3.673160924e-05
158,0.005299987917,-0.009900043539,6.741451637,-0.001134661254,-1.185776613e-05
140,0.005199990734,-0.009900022282,6.739670123,-0.001148883836,-8.394990098e-06
7242,0.006200018875,-0.009900021721,6.753965821,-0.0008104920885,-3.895979781e-05
9021,0.0008999939131,-0.009900011088,6.744482631,-8.22369589e-07,7.211408166e-06
7211,0.006300011427,-0.009900010781,6.754554008,-0.0007565093186,-4.08056198e-05
123,0.005099994254,-0.009900009685,6.737895503,-0.001158338739,-4.971889782e-06
9010,0.0007999956501,-0.009900009467,6.74546907,7.92989392e-06,5.082158711e-06
9000,0.0006999956604,-0.00990000848,6.746396031,1.398354465e-05,2.979975459e-06
9033,0.0009999954527,-0.009900007902,6.743417044,-1.229813865e-05,9.126730403e-06
9046,0.001099994799,-0.009900007719,6.742323984,-2.664229801e-05,1.1028595e-05
9075,0.001299994471,-0.009900005147,6.740091913,-6.214142742e-05,1.44633027e-05
9060,0.001199996213,-0.009900004874,6.741220065,-4.33034919e-05,1.286808009e-05
8991,0.0005999975856,-0.009900004858,6.747226938,1.719477068e-05,9.755270654e-07
7180,0.006400006551,-0.009900004598,6.754926081,-0.0007000180209,-4.240243456e-05
107,0.004999997123,-0.009900003338,6.736149252,-0.001163106265,-1.604260351e-06
8983,0.0004999985966,-0.009900002569,6.747946275,1.77018577e-05,-1.037083084e-06
7149,0.006500003906,-0.009900002472,6.755058098,-0.0006419197813,-4.368620414e-05
9091,0.001399996388,-0.009900002145,6.738959414,-8.312924211e-05,1.59198438e-05
9108,0.001499995326,-0.009900001264,6.73782729,-0.0001060391197,1.726598979e-05
8976,0.0003999992553,-0.009900001139,6.748521605,1.557193977e-05,-2.783010772e-06
92,0.004899998826,-0.009900001044,6.734450051,-0.001163314289,1.684603315e-06
7118,0.006600002112,-0.009900001043,6.754917272,-0.0005824711535,-4.442791885e-05
8970,0.000299999558,-0.009900000705,6.748913696,1.159612289e-05,-3.866291416e-06
8965,0.0001999997107,-0.009900000441,6.749132552,6.989308083e-06,-3.94060711e-06
7087,0.006700001033,-0.009900000408,6.754520568,-0.0005218851594,-4.480845102e-05
78,0.004799999557,-0.009900000333,6.732815975,-0.001159130214,4.848872011e-06
8960,9.999981753e-05,-0.009900000247,6.749210694,2.72188934e-06,-2.715541504e-06
7057,0.006800000471,-0.009900000136,6.753880436,-0.0004611108097,-4.489412018e-05
64,0.004699999831,-0.009900000126,6.731263465,-0.001150733209,7.865652632e-06
53,0.004599999944,-0.009900000037,6.729806408,-0.001138336878,1.072003042e-05
7028,0.006900000192,-0.009900000035,6.752987593,-0.000400521198,-4.452519119e-05
6999,0.007000000075,-0.009900000009,6.751845711,-0.0003406559534,-4.372110682e-05
43,0.004499999988,-0.009900000007,6.728457162,-0.001122164623,1.339602328e-05
9710,0.003699999996,-0.009900000006,6.722340499,-0.0008890153419,2.739696671e-05
9678,0.003599999981,-0.009900000004,6.72217727,-0.0008511390804,2.823919917e-05
3,0.0038,-0.009900000004,6.722628419,-0.0009256013847,2.641575955e-05
2,0.0039,-0.009900000003,6.723049785,-0.0009606143169,2.521249031e-05
8,0.004000000001,-0.009900000002,6.723609885,-0.0009938209288,2.376321569e-05
6971,0.00710000003,-0.009900000002,6.750464668,-0.0002820714847,-4.255056368e-05
13,0.0041,-0.009900000001,6.724308951,-0.001024903686,2.209678596e-05
19,0.0042,-0.009900000001,6.725146452,-0.001053552479,2.02341758e-05
26,0.0043,-0.009900000001,6.726120144,-0.001079502559,1.816144476e-05
34,0.004399999998,-0.009900000001,6.727225715,-0.001102465136,1.587986645e-05
8961,0.0,-0.0099,6.749229336,0.0,0.0
6944,0.007200000012,-0.0099,6.748855543,-0.0002253036706,-4.104606837e-05
6537,0.0092,-0.0099,6.705253654,0.0001143935969,1.494094744e-05
6527,0.0093,-0.0099,6.704408791,9.437993147e-05,1.559950125e-05
6518,0.0094,-0.0099,6.703818125,7.392403454e-05,1.557845423e-05
6510,0.0095,-0.0099,6.703472517,5.390801626e-05,1.476521123e-05
6503,0.0096,-0.0099,6.703358368,3.569698572e-05,1.29960985e-05
6497,0.0097,-0.0099,6.70344334,2.034488975e-05,1.019749479e-05
6492,0.0098,-0.0099,6.703653075,9.033789243e-06,6.472574591e-06
6489,0.0099,-0.0099,6.7038568,2.537386451e-06,2.538744582e-06
6488,0.01,-0.0099,6.703935786,0.0,0.0
9646,0.003499999972,-0.009899999999,6.722144777,-0.0008124165422,2.888822526e-05
6602,0.0087,-0.009899999999,6.712994947,0.0001825391862,4.617664163e-06
6587,0.0088,-0.009899999999,6.711028069,0.0001750351925,7.380024903e-06
6560,0.009,-0.009899999999,6.707686036,0.0001498545491,1.19935649e-05
6548,0.0091,-0.009899999999,6.706348971,0.0001331156933,1.371053854e-05
6917,0.007300000005,-0.009899999998,6.747035753,-0.0001707723242,-3.919651325e-05
6618,0.0086,-0.009899999998,6.715132373,0.0001861650901,1.599037771e-06
6573,0.0089,-0.009899999998,6.709251202,0.0001640021617,9.859247521e-06
6888,0.007400000002,-0.009899999997,6.745019645,-0.0001191325163,-3.700888861e-05
6860,0.007500000001,-0.009899999996,6.742861884,-7.038880142e-05,-3.438869058e-05
6672,0.0083,-0.009899999995,6.722367924,0.0001711543806,-8.248807572e-06
6653,0.0084,-0.009899999995,6.719844926,0.000180721249,-4.920006019e-06
6635,0.008499999999,-0.009899999995,6.717422332,0.0001856560209,-1.60260539e-06
6833,0.007600000002,-0.009899999993,6.740518471,-2.491028191e-05,-3.164509695e-05
6692,0.008199999999,-0.009899999993,6.724965995,0.000157045628,-1.1732241e-05
6807,0.007700000001,-0.009899999992,6.738047375,1.612612098e-05,-2.865370887e-05
6713,0.008099999999,-0.009899999992,6.727620733,0.0001380396449,-1.542848317e-05
6735,0.008,-0.009899999989,6.730268765,0.0001142090287,-1.900700998e-05
6782,0.007800000001,-0.009899999987,6.735528288,5.317851737e-05,-2.540155036e-05
6758,0.0079,-0.009899999987,6.732908693,8.606139078e-05,-2.228752002e-05
9126,0.001599996546,-0.009899999978,6.736700585,-0.0001307423292,1.851986536e-05
9614,0.003399999928,-0.009899999952,6.722247106,-0.0007729084467,2.927251904e-05
9582,0.003299999908,-0.00989999985,6.722464213,-0.0007327555051,2.951800704e-05
9550,0.003199999917,-0.009899999785,6.722782236,-0.000692366939,2.965060333e-05
9516,0.003099999933,-0.009899999739,6.723199487,-0.0006518998194,2.962086291e-05
9451,0.002899999955,-0.009899999642,6.724307454,-0.0005714849963,2.915088602e-05
9145,0.001699998503,-0.009899999635,6.735582717,-0.0001571063833,1.969087823e-05
9483,0.002999999933,-0.009899999632,6.723710429,-0.00061154645,2.944705744e-05
9420,0.002799999933,-0.009899999492,6.724982489,-0.0005318752832,2.87407951e-05
9165,0.001799999033,-0.009899999478,6.734477302,-0.0001850260916,2.078977902e-05
9390,0.002699999956,-0.009899999475,6.72572748,-0.0004928487057,2.822249894e-05
9333,0.002499999876,-0.00989999944,6.727396623,-0.0004170626573,2.694855754e-05
9361,0.002599999925,-0.009899999398,6.726534563,-0.0004545390526,2.761775994e-05
9186,0.00189999913,-0.009899999254,6.733387629,-0.0002144070967,2.182569883e-05
9280,0.002299999618,-0.009899999151,6.72925962,-0.0003449726412,2.54436572e-05
9231,0.002099999347,-0.009899999147,6.731269499,-0.0002772275347,2.373431606e-05
9306,0.002399999697,-0.009899999112,6.72830703,-0.0003805129437,2.622269271e-05
9208,0.00199999904,-0.009899999085,6.732317136,-0.0002451662941,2.280565119e-05
9255,0.00219999933,-0.009899998881,6.730248813,-0.000310520837,2.461384189e-05
261,0.005700063987,-0.00980035921,6.747340907,-0.002023988633,-7.695523251e-05
287,0.005800088652,-0.009800340007,6.748717775,-0.001953929192,-8.625334205e-05
238,0.005600032836,-0.009800327364,6.745857361,-0.002086535466,-6.726030379e-05
313,0.005900092235,-0.009800269002,6.749964816,-0.00187674965,-9.506403233e-05
216,0.005500001065,-0.009800243705,6.744290663,-0.002141280539,-5.726256842e-05
340,0.006000081,-0.009800172942,6.751060988,-0.001792650948,-0.0001032794473
195,0.005399989458,-0.009800166696,6.742665033,-0.002187389349,-4.703237384e-05
7306,0.006100057623,-0.009800091658,6.751987278,-0.001701847935,-0.0001107621755
175,0.005299983247,-0.009800090425,6.741003064,-0.002224772229,-3.667410127e-05
7273,0.006200040286,-0.009800048294,6.75272531,-0.001604848617,-0.0001173502706
156,0.005199985457,-0.00980004413,6.739327086,-0.002253034513,-2.62842783e-05
9018,0.0007999837663,-0.009800023838,6.74576101,-8.03958908e-06,1.740911561e-05
9030,0.0008999845645,-0.009800022315,6.744817212,-2.75441391e-05,2.359497397e-05
7241,0.006300021503,-0.009800020852,6.753255907,-0.001502604159,-0.0001229306146
9043,0.0009999849974,-0.009800019085,6.743820631,-5.209114798e-05,2.950377905e-05
138,0.00509999058,-0.009800018296,6.737659089,-0.002272290251,-1.597211292e-05
9057,0.001099985428,-0.009800017525,6.742787224,-8.152069059e-05,3.517317735e-05
9007,0.0006999905763,-0.00980001618,6.746637272,6.206753353e-06,1.121179312e-05
9072,0.001199985676,-0.00980001216,6.741729173,-0.0001154694693,4.047166332e-05
8997,0.0005999946548,-0.009800010021,6.747411013,1.534648958e-05,5.085093532e-06
7210,0.00640001292,-0.009800009818,6.753565652,-0.001395890691,-0.0001272900783
9088,0.001299985569,-0.009800009491,6.740654711,-0.0001536580127,4.52795198e-05
9105,0.001399981546,-0.009800008034,6.739571725,-0.0001958297169,4.97211155e-05
121,0.004999994261,-0.00980000758,6.736018097,-0.002282679628,-5.823258576e-06
8988,0.000499997016,-0.009800005257,6.748086117,1.965094888e-05,-7.345025952e-07
7179,0.006500005334,-0.009800003563,6.75364745,-0.001285769035,-0.0001306291442
8980,0.0003999979058,-0.009800003031,6.748631665,1.928688757e-05,-5.669122578e-06
105,0.004899997287,-0.009800002679,6.734421772,-0.00228446082,4.072193052e-06
9123,0.001499989256,-0.009800002016,6.738485681,-0.0002417102807,5.384168627e-05
7148,0.006600003082,-0.009800001755,6.753495611,-0.001173065017,-0.0001333000511
8973,0.0002999988907,-0.009800001598,6.749005987,1.534232371e-05,-8.955885767e-06
90,0.004799998529,-0.0098000011,6.732888952,-0.002277899408,1.362617006e-05
8968,0.0001999991894,-0.009800001006,6.74921117,9.75026674e-06,-9.70305054e-06
8966,9.999953708e-05,-0.009800000525,6.749289811,3.966554309e-06,-6.986865699e-06
7117,0.006700000928,-0.00980000041,6.753102884,-0.001058661659,-0.0001348951539
76,0.004699999533,-0.009800000256,6.731434982,-0.002263319477,2.276949693e-05
9142,0.001599989394,-0.009800000228,6.737401934,-0.0002910263044,5.767594378e-05
7086,0.006800000482,-0.009800000166,6.752463268,-0.0009436071308,-0.0001351121837
62,0.0045999999,-0.009800000044,6.730072681,-0.002241078706,3.144324226e-05
7056,0.006900000149,-0.009800000037,6.751578053,-0.0008288727277,-0.0001340843908
9708,0.003599999946,-0.009800000022,6.723110745,-0.001700442708,8.531423953e-05
9740,0.003700000001,-0.009800000016,6.72322457,-0.001772751776,8.290492169e-05
9676,0.003499999924,-0.009800000013,6.723116236,-0.001626046094,8.722807096e-05
6,0.003800000001,-0.009800000013,6.723464812,-0.001842430821,7.977331621e-05
7027,0.007000000054,-0.009800000009,6.75045462,-0.0007154079009,-0.0001318585903
5,0.003900000002,-0.009800000008,6.723835934,-0.001908933748,7.595623461e-05
51,0.004499999982,-0.009800000008,6.728813821,-0.002211581224,3.959977886e-05
11,0.004000000001,-0.009800000005,6.724339679,-0.001971755884,7.147534685e-05
17,0.004100000001,-0.009800000003,6.724975887,-0.002030348269,6.634355091e-05
41,0.004399999997,-0.009800000002,6.727668002,-0.002175271009,4.719560076e-05
24,0.004200000001,-0.009800000001,6.725744134,-0.002084142268,6.058443391e-05
32,0.0043,-0.009800000001,6.72664285,-0.002132623608,5.419840072e-05
8967,0.0,-0.0098,6.749312636,0.0,0.0
6998,0.007100000016,-0.0098,6.74910307,-0.000604200917,-0.0001285029766
6536,0.0093,-0.0098,6.704684928,0.0001691605924,4.404509552e-05
6526,0.0094,-0.0098,6.704100509,0.0001343004939,4.415197833e-05
6517,0.0095,-0.0098,6.703747651,0.0001000620592,4.194443206e-05
6509,0.0096,-0.0098,6.703611703,6.831713474e-05,3.719486215e-05
6502,0.0097,-0.0098,6.703663333,4.091400228e-05,2.982783856e-05
6496,0.0098,-0.0098,6.703856637,1.996646828e-05,1.996250888e-05
6495,0.0099,-0.0098,6.704060794,6.474498881e-06,9.040307012e-06
6494,0.01,-0.0098,6.70413821,0.0,0.0
6559,0.0091,-0.009799999999,6.706566382,0.000234250712,3.826423434e-05
6547,0.0092,-0.009799999999,6.705508409,0.0002029646638,4.19779522e-05
6970,0.00720000001,-0.009799999998,6.747534598,-0.0004962153033,-0.000124084409
6572,0.008999999999,-0.009799999998,6.707852994,0.0002617888511,3.314101292e-05
6617,0.0087,-0.009799999997,6.712946569,0.0003117102989,1.113064243e-05
6943,0.007300000005,-0.009799999996,6.745765057,-0.00039230492,-0.0001186315482
6601,0.008799999999,-0.009799999996,6.711060768,0.0003013554994,1.937189163e-05
6586,0.008899999999,-0.009799999996,6.709356892,0.0002844681496,2.678474012e-05
6634,0.008599999999,-0.009799999993,6.715003897,0.0003147616235,2.216679461e-06
6916,0.007400000004,-0.009799999992,6.743811393,-0.0002933825786,-0.0001122080602
6652,0.008499999999,-0.009799999992,6.717205449,0.0003100996107,-7.214311163e-06
6887,0.007500000003,-0.009799999991,6.741702856,-0.0002000660686,-0.0001047391173
6691,0.008299999999,-0.009799999989,6.721962869,0.00027553537,-2.750905415e-05
6671,0.008399999998,-0.009799999986,6.719545934,0.0002971618766,-1.721059016e-05
6859,0.007600000004,-0.00979999998,6.739448639,-0.0001129560326,-9.655018543e-05
6832,0.007700000002,-0.00979999998,6.737068673,-3.30656065e-05,-8.776003664e-05
6734,0.008099999998,-0.009799999978,6.726993566,0.0002069395871,-4.828907002e-05
6712,0.008199999998,-0.009799999978,6.724439836,0.0002456525595,-3.782758108e-05
6781,0.0079,-0.009799999974,6.732087454,0.0001034792225,-6.88160893e-05
6757,0.007999999999,-0.009799999971,6.729543208,0.0001593216065,-5.875391651e-05
6806,0.007800000002,-0.009799999968,6.734610711,3.921567322e-05,-7.839800321e-05
9644,0.003399999812,-0.009799999893,6.723234223,-0.001549991058,8.884580031e-05
9612,0.003299999825,-0.009799999795,6.723460083,-0.001472699666,8.99690827e-05
9580,0.003199999748,-0.009799999547,6.723789518,-0.001394649893,9.04914817e-05
9547,0.00309999981,-0.009799999353,6.724215806,-0.001316254612,9.051654454e-05
9480,0.002899999907,-0.00979999918,6.725326517,-0.0011599185,8.934140936e-05
9162,0.001699996753,-0.009799999106,6.736324263,-0.0003435540272,6.125733851e-05
9513,0.002999999799,-0.009799999059,6.724730736,-0.001237895783,9.011709655e-05
9448,0.002799999903,-0.009799998965,6.725995652,-0.001082642711,8.822555805e-05
9358,0.002499999855,-0.009799998743,6.728369231,-0.0008576886359,8.317173953e-05
9417,0.002699999869,-0.009799998581,6.726730687,-0.001006342638,8.679933981e-05
9387,0.00259999987,-0.009799998578,6.727524152,-0.000931277885,8.510132441e-05
9183,0.001799996406,-0.009799998536,6.735256483,-0.0003990798878,6.461534852e-05
9205,0.001899996894,-0.009799998138,6.734201911,-0.0004574232858,6.777580877e-05
9330,0.002399999344,-0.009799998126,6.72925971,-0.0007857812905,8.103805875e-05
9303,0.002299998947,-0.009799997984,6.730189665,-0.0007157364244,7.87187977e-05
9252,0.002099998021,-0.009799997942,6.732146598,-0.0005818990036,7.357361815e-05
9228,0.001999997232,-0.009799997874,6.733164052,-0.0005184155412,7.075789381e-05
9277,0.002199998501,-0.009799997751,6.731153636,-0.0006477239434,7.622807628e-05
286,0.005700121827,-0.009700586099,6.746272428,-0.002986829232,-0.0001571606773
312,0.005800153808,-0.009700547776,6.747542031,-0.002886397429,-0.0001757965465
260,0.005600076344,-0.009700541032,6.744901756,-0.003076854632,-0.0001377207982
339,0.005900155498,-0.009700420228,6.748688296,-0.002776157216,-0.0001934533859
237,0.005500027327,-0.009700406126,6.743452554,-0.003156104127,-0.0001176627886
365,0.006000137281,-0.009700284178,6.749691672,-0.002656033855,-0.0002098432942
215,0.005400002807,-0.009700266903,6.741948381,-0.003223378851,-9.711657488e-05
194,0.005299987323,-0.009700148013,6.740410874,-0.003278189988,-7.626891316e-05
7337,0.00610009817,-0.009700142978,6.750533666,-0.002526815342,-0.0002247535551
7305,0.006200070881,-0.009700084828,6.751198811,-0.002388679835,-0.0002378898363
174,0.005199984815,-0.009700069982,6.738861324,-0.003320182372,-5.532263968e-05
9042,0.000899964105,-0.009700040288,6.745275732,-7.622578998e-05,5.234587043e-05
9029,0.0007999687761,-0.009700038555,6.746155125,-4.425972916e-05,4.005218439e-05
9056,0.0009999640936,-0.009700035085,6.744348737,-0.0001152097573,6.41842056e-05
7272,0.006300037566,-0.009700034044,6.75166988,-0.002243323292,-0.0002491890945
9071,0.001099964107,-0.009700030409,6.743385588,-0.0001609263557,7.541053651e-05
155,0.005099988586,-0.009700027878,6.737320716,-0.003349379941,-3.447728384e-05
9017,0.0006999818354,-0.009700026881,6.746970896,-1.949660486e-05,2.760746294e-05
9087,0.001199962522,-0.009700023842,6.74239369,-0.0002130068805,8.593108652e-05
7240,0.006400023099,-0.009700017727,6.751934017,-0.002091603192,-0.0002584562262
9006,0.0005999886458,-0.009700017312,6.747701208,-1.886097107e-06,1.532417419e-05
9104,0.001299964367,-0.009700016667,6.741381726,-0.0002711162561,9.570793876e-05
9122,0.001399960686,-0.009700013038,6.74035797,-0.0003348830173,0.0001047849969
137,0.004999992841,-0.009700012455,6.735806949,-0.003365969268,-1.392985545e-05
8996,0.0004999911472,-0.00970001172,6.748329305,8.932335037e-06,3.856341395e-06
8987,0.0003999947269,-0.009700006562,6.748840651,1.348538994e-05,-5.887739071e-06
7209,0.006500008833,-0.00970000549,6.751978756,-0.001934944626,-0.0002656293702
120,0.004899995921,-0.009700004156,6.73433702,-0.003370351617,6.128616854e-06
8979,0.0002999971592,-0.009700003135,6.74920587,1.275319032e-05,-1.277456711e-05
9141,0.001499980959,-0.009700002485,6.739327985,-0.0004039681004,0.0001132300066
7178,0.006600004451,-0.009700002185,6.751794526,-0.001774586036,-0.0002706250197
8974,0.0001999981077,-0.009700001848,6.749414417,8.971663618e-06,-1.525412024e-05
104,0.004799997665,-0.00970000154,6.732928275,-0.003362834536,2.554826988e-05
8971,9.999897829e-05,-0.009700000921,6.749512325,3.893676932e-06,-1.159899546e-05
7147,0.006700001312,-0.009700000619,6.751378334,-0.001611922523,-0.0002733602068
7116,0.006800000715,-0.009700000301,6.750730172,-0.00144825264,-0.000273775614
89,0.004699999457,-0.009700000258,6.731595232,-0.003343848687,4.418881728e-05
75,0.004599999761,-0.009700000079,6.730350099,-0.003313856555,6.192232821e-05
9739,0.003599999934,-0.009700000063,6.724210181,-0.002548677308,0.000174650626
9707,0.003499999838,-0.009700000062,6.724256618,-0.002441435583,0.0001791078332
7085,0.006900000146,-0.009700000047,6.749852032,-0.001284898033,-0.000271871427
9769,0.003700000001,-0.009700000035,6.724278075,-0.002652523486,0.0001690233488
10,0.003800000003,-0.009700000026,6.724463602,-0.002752264129,0.0001621646296
9,0.003900000004,-0.009700000017,6.724770439,-0.002847175627,0.0001540441952
7055,0.007000000062,-0.009700000014,6.74874959,-0.00112319231,-0.0002676661059
16,0.004000000003,-0.00970000001,6.725201046,-0.002936509595,0.0001446518027
61,0.004499999959,-0.00970000001,6.72920354,-0.003273402405,7.864668924e-05
23,0.004100000002,-0.009700000006,6.725756364,-0.003019517348,0.0001339614877
31,0.004200000001,-0.009700000004,6.726436713,-0.003095437054,0.0001219765224
50,0.004399999996,-0.009700000003,6.728164751,-0.0032230786,9.427469355e-05
40,0.0043,-0.009700000002,6.727240728,-0.003163527725,0.0001087357358
8972,0.0,-0.0097,6.749543195,0.0,0.0
7026,0.007100000012,-0.0097,6.747431314,-0.0009644518283,-0.0002611882084
6507,0.0097,-0.0097,6.703853492,5.882734801e-05,5.870339787e-05
6501,0.0098,-0.0097,6.704048669,2.991907935e-05,4.094567892e-05
6500,0.0099,-0.0097,6.704271203,1.022398171e-05,2.037239541e-05
6499,0.01,-0.0097,6.704353701,0.0,0.0
6544,0.0093,-0.009699999999,6.704931016,0.0002252617962,8.300393352e-05
6533,0.0094,-0.009699999999,6.70435155,0.0001809413344,8.367926754e-05
6523,0.009499999999,-0.009699999999,6.703986325,0.000136880008,8.011181238e-05
6514,0.009599999999,-0.009699999999,6.703826771,9.539600595e-05,7.185926579e-05
6569,0.009099999999,-0.009699999998,6.706743631,0.0003063392009,7.098175829e-05
6556,0.009199999999,-0.009699999998,6.705730965,0.0002676915257,7.860006033e-05
6997,0.007200000009,-0.009699999996,6.74590803,-0.0008099785855,-0.0002525251171
6583,0.008999999999,-0.009699999996,6.707967977,0.000339588103,6.056629981e-05
6969,0.007300000004,-0.009699999994,6.744194721,-0.0006610058824,-0.0002417923279
6631,0.008699999999,-0.009699999993,6.712817169,0.0003933132236,1.648787123e-05
6598,0.008899999998,-0.009699999993,6.709398044,0.0003659636043,4.776526609e-05
6614,0.008799999998,-0.009699999991,6.711018457,0.0003842340553,3.299085564e-05
6941,0.007400000005,-0.009699999989,6.742308555,-0.0005187114798,-0.0002291146421
6649,0.008599999998,-0.009699999986,6.714791427,0.0003919157501,-1.531893236e-06
6688,0.008399999998,-0.009699999982,6.719081013,0.0003559842223,-4.039444287e-05
6668,0.008499999998,-0.009699999982,6.716877257,0.0003795549261,-2.059438889e-05
6913,0.007500000005,-0.00969999998,6.740271524,-0.0003841611559,-0.0002145840222
6709,0.008299999997,-0.009699999973,6.72137714,0.0003205126567,-6.088806315e-05
6731,0.008199999997,-0.009699999972,6.723735075,0.0002732640561,-8.163866641e-05
6884,0.007600000006,-0.009699999959,6.738111109,-0.0002582316125,-0.0001984886648
6754,0.008099999997,-0.009699999955,6.7261656,0.0002138851693,-0.0001023281577
6778,0.007999999999,-0.009699999954,6.728609565,0.0001422746737,-0.000122954603
6856,0.007700000005,-0.009699999949,6.735838108,-0.0001418379479,-0.0001811481963
9675,0.003399999608,-0.009699999947,6.724412894,-0.002331522134,0.0001824602539
6803,0.0079,-0.009699999943,6.73105406,5.896641446e-05,-0.0001431808381
6829,0.007800000003,-0.009699999939,6.733473015,-3.58816506e-05,-0.0001626485614
9643,0.003299999623,-0.009699999743,6.72467178,-0.002219624574,0.0001847528323
9161,0.001599988104,-0.009699999682,6.738297012,-0.0004779768348,0.0001210935308
9611,0.00319999938,-0.009699999168,6.725025848,-0.002106362326,0.0001860357071
9579,0.003099999672,-0.009699999016,6.725468257,-0.001992313704,0.0001863764967
9182,0.001699990564,-0.009699998338,6.737268988,-0.0005565988031,0.0001284404215
9512,0.002899999771,-0.009699998268,6.726590513,-0.001764063311,0.0001845389009
9546,0.002999999541,-0.009699998093,6.725992116,-0.001878045044,0.000185852242
9447,0.002699999895,-0.00969999799,6.727982835,-0.001538847794,0.0001798584483
9479,0.002799999824,-0.009699997731,6.727256453,-0.001650856467,0.0001825171632
9386,0.002499999793,-0.009699997446,6.729589952,-0.001319978698,0.000172868629
9204,0.001799990698,-0.009699997378,6.736247521,-0.0006395437806,0.0001353268111
9227,0.00189999332,-0.00969999716,6.735235971,-0.0007265440314,0.0001417987111
9276,0.002099996588,-0.009699997023,6.733256862,-0.0009117110802,0.0001536211366
9329,0.002299998666,-0.009699997018,6.731362529,-0.001110180363,0.0001640156185
9357,0.002399999301,-0.009699996788,6.730458437,-0.00121379697,0.0001686509131
9416,0.002599999769,-0.009699996672,6.728762788,-0.001428442363,0.0001766246912
9251,0.001999992652,-0.009699996097,6.734237901,-0.0008173472458,0.000147890671
9302,0.002199997082,-0.009699995981,6.732296973,-0.001009405248,0.0001589997213
311,0.005700215873,-0.009600868215,6.745255098,-0.003927591908,-0.0002655418471
285,0.005600155228,-0.009600802273,6.743975845,-0.004042846665,-0.0002332407415
338,0.005800252354,-0.009600793072,6.746438325,-0.003799690969,-0.0002965201266
259,0.005500085947,-0.009600610646,6.742622626,-0.004144755657,-0.000199883667
364,0.005900250969,-0.009600605203,6.747504499,-0.003659563028,-0.0003258503305
236,0.005400042471,-0.009600408592,6.741218641,-0.004231734184,-0.0001656755521
390,0.006000216029,-0.009600400685,6.748434785,-0.003507180482,-0.0003530877401
7367,0.006100160171,-0.009600226502,6.749211495,-0.003343138716,-0.0003778373395
214,0.005300008347,-0.00960022238,6.739784817,-0.004303200139,-0.0001309228968
7336,0.006200109999,-0.009600117733,6.749818308,-0.003168274472,-0.000399728838
193,0.005199994103,-0.009600102409,6.738342379,-0.004358437017,-9.594240771e-05
9053,0.0008999360571,-0.009600059391,6.745791723,-0.0001430202269,9.536358181e-05
9039,0.000799943936,-0.009600055178,6.746619982,-9.690315154e-05,7.509576053e-05
9068,0.0009999351902,-0.009600052736,6.744917135,-0.0001978456688,0.0001149489213
7304,0.006300060886,-0.009600051771,6.750239175,-0.002984073861,-0.0004185170318
9084,0.001099928144,-0.009600047401,6.744006435,-0.0002610490125,0.0001335864852
9026,0.0006999626491,-0.009600042809,6.747389487,-5.968056348e-05,5.456487088e-05
9101,0.001199917847,-0.009600039232,6.743068425,-0.0003322411425,0.0001511242927
173,0.005099991743,-0.009600039116,6.736910183,-0.004397466256,-6.106720686e-05
9014,0.0005999760202,-0.009600028062,6.74808578,-3.133631968e-05,3.435384431e-05
9119,0.001299929087,-0.009600023685,6.742110606,-0.0004110336975,0.0001675227806
7271,0.006400035626,-0.009600023663,6.750460365,-0.002791923099,-0.0004339670933
9003,0.0004999827187,-0.009600018493,6.748693176,-1.155768756e-05,1.535904514e-05
9138,0.001399928405,-0.009600016174,6.741139458,-0.0004969452306,0.0001828063687
154,0.004999994552,-0.009600014647,6.735505814,-0.004420542168,-2.662740657e-05
8994,0.0003999888393,-0.009600010548,6.74919287,2.969307008e-07,-1.121067625e-06
9158,0.0014999357,-0.00960000907,6.74016001,-0.0005895649036,0.0001970552503
7239,0.006500014906,-0.009600008688,6.750471641,-0.002593510358,-0.0004459627
8986,0.0002999935529,-0.009600005196,6.74956495,5.267201888e-06,-1.334186112e-05
7208,0.006600007985,-0.009600003896,6.750266355,-0.002390376458,-0.0004543987997
136,0.004899996668,-0.009600003772,6.734146665,-0.004428138679,7.065441419e-06
8981,0.0001999958947,-0.009600003136,6.749790244,5.392655506e-06,-1.903750783e-05
9179,0.001599940978,-0.009600002454,6.739176756,-0.0006884653171,0.0002103557297
119,0.004799998183,-0.009600002033,6.732847874,-0.00442062339,3.975361567e-05
8977,9.999792279e-05,-0.009600001458,6.749913155,2.721126306e-06,-1.553718713e-05
7177,0.006700002434,-0.009600001047,6.749839019,-0.002184190209,-0.0004591290141
7146,0.006800001112,-0.009600000373,6.749187692,-0.001976561387,-0.0004600408813
103,0.004699999259,-0.009600000359,6.73162311,-0.004398529744,7.120462098e-05
9738,0.003499999718,-0.009600000177,6.725262882,-0.003258867682,0.0003034815774
88,0.004599999603,-0.009600000148,6.730484507,-0.004362377966,0.0001012059253
9768,0.003599999905,-0.009600000141,6.725166422,-0.003396426386,0.0002954057754
9797,0.0037,-0.009600000074,6.725176876,-0.003529297892,0.0002853628859
7115,0.006900000239,-0.009600000073,6.748315093,-0.001769140669,-0.0004571214978
9706,0.003399999438,-0.009600000071,6.725460485,-0.003117515954,0.0003096949936
15,0.003800000007,-0.009600000052,6.725299348,-0.003656568237,0.0002732533748
14,0.003900000008,-0.009600000034,6.725537468,-0.003777308682,0.0002590314863
7084,0.007000000117,-0.009600000027,6.747227028,-0.00156356081,-0.0004504020013
22,0.004000000006,-0.00960000002,6.725893429,-0.003890586628,0.0002426733045
30,0.004100000004,-0.009600000011,6.726368405,-0.003995464155,0.0002241715076
74,0.004499999943,-0.009600000006,6.729441808,-0.004312812126,0.0001295771111
39,0.004200000002,-0.009600000005,6.726962803,-0.004091010944,0.0002035504787
60,0.004399999983,-0.009600000004,6.728503272,-0.004250537285,0.0001561700167
49,0.0043,-0.009600000003,6.72767541,-0.004176326516,0.000180859756
8978,0.0,-0.0096,6.749962627,0.0,0.0
6515,0.0097,-0.0096,6.703873435,7.241975688e-05,9.539505166e-05
6508,0.0098,-0.0096,6.704098777,3.750764918e-05,6.851647091e-05
6506,0.0099,-0.0096,6.704358139,1.30965804e-05,3.582411888e-05
6505,0.01,-0.0096,6.704451602,0.0,0.0
6555,0.009299999999,-0.009599999999,6.70494247,0.0002638214395,0.0001295623519
6532,0.009499999999,-0.009599999999,6.70400531,0.0001636799367,0.0001268672553
6522,0.009599999999,-0.009599999999,6.703843419,0.0001156003715,0.0001149206246
7054,0.007100000018,-0.009599999998,6.745932162,-0.001361436242,-0.0004399616086
6543,0.009399999999,-0.009599999998,6.704371145,0.0002139835657,0.0001315314205
6568,0.009199999998,-0.009599999997,6.705722926,0.0003107188364,0.0001216786414
6582,0.009099999998,-0.009599999995,6.706704382,0.0003524977198,0.0001086165024
6597,0.008999999996,-0.009599999992,6.707888809,0.0003871351572,9.109304253e-05
6613,0.008899999997,-0.009599999991,6.709255249,0.0004129588188,6.978931722e-05
7025,0.007200000016,-0.009599999988,6.744441822,-0.001164349186,-0.0004259322746
6996,0.007300000003,-0.009599999986,6.742770583,-0.000973817845,-0.0004084847781
6630,0.008799999996,-0.009599999986,6.710798535,0.0004287358302,4.495594931e-05
6648,0.008699999997,-0.009599999983,6.712529687,0.0004327601451,1.721448665e-05
6968,0.007400000006,-0.009599999978,6.740935452,-0.0007912878581,-0.0003878284171
6687,0.008499999997,-0.009599999974,6.716394418,0.0004008612167,-4.417402072e-05
6667,0.008599999997,-0.00959999997,6.714411177,0.0004235543401,-1.257178817e-05
6730,0.008299999996,-0.009599999964,6.720711308,0.0003131061175,-0.0001107927487
6708,0.008399999996,-0.009599999962,6.718496469,0.0003643491976,-7.701937802e-05
6940,0.007500000009,-0.00959999995,6.738956372,-0.0006180919616,-0.000364198208
6753,0.008199999995,-0.009599999938,6.722995198,0.0002468805904,-0.0001452261929
6777,0.008099999997,-0.009599999932,6.725330245,0.0001656675516,-0.0001796798015
6912,0.007600000013,-0.009599999924,6.736855302,-0.0004554355076,-0.0003378932915
6802,0.007999999998,-0.009599999913,6.727688737,6.950954225e-05,-0.0002137411569
6883,0.007700000009,-0.00959999991,6.734655405,-0.0003044105866,-0.0003093427564
6828,0.007900000001,-0.009599999904,6.730044784,-4.120510965e-05,-0.000246967564
6855,0.007800000006,-0.009599999885,6.732375368,-0.0001660441997,-0.0002789416149
9674,0.003299999367,-0.009599999847,6.725753794,-0.002973232828,0.0003141094747
9642,0.003199998869,-0.009599998971,6.726136653,-0.002826839042,0.0003168010641
9609,0.00309999911,-0.009599998072,6.726602028,-0.002679103138,0.0003178787758
9201,0.001699975959,-0.009599997412,6.738193119,-0.0007932816015,0.0002227985158
9576,0.002999999248,-0.009599997292,6.727142949,-0.002530749257,0.0003174638089
9543,0.002899999438,-0.009599996379,6.727752591,-0.002382459068,0.000315681436
9476,0.002699999869,-0.009599996143,6.729150782,-0.002088534653,0.00030849823
9509,0.00279999961,-0.009599995765,6.728424134,-0.00223486138,0.0003126541393
9224,0.001799971969,-0.009599995618,6.737213193,-0.0009035651561,0.0002344533059
9248,0.001899985549,-0.009599995398,6.736239709,-0.001019030812,0.0002453950014
9354,0.002299998264,-0.009599995239,6.732482517,-0.001525951739,0.0002826595109
9326,0.002199995356,-0.009599994953,6.733393683,-0.001393106916,0.0002743082751
9299,0.002099991244,-0.009599994723,6.734326344,-0.001264118676,0.0002653062437
9383,0.002399999022,-0.009599994612,6.73159745,-0.001662308432,0.0002903226582
9413,0.002499999501,-0.0095999946,6.730743457,-0.001801800419,0.0002972371027
9444,0.002599999767,-0.009599994561,6.729925972,-0.001944026142,0.000303327002
9273,0.001999984942,-0.009599994266,6.735276331,-0.001139317403,0.0002556705428
337,0.0057003455,-0.00950120039,6.74423061,-0.004854089875,-0.0003987818052
310,0.005600264967,-0.009501093814,6.743025311,-0.004992527788,-0.0003510223607
363,0.005800377158,-0.009501065634,6.745344129,-0.004701507908,-0.0004446461105
284,0.005500177462,-0.009500850786,6.741750936,-0.005115151601,-0.0003016302482
389,0.005900374988,-0.009500824683,6.746346687,-0.004534304173,-0.0004880132116
258,0.005400107213,-0.009500575355,6.740430023,-0.005220406244,-0.000250939385
411,0.006000315943,-0.009500556594,6.747219229,-0.004352807547,-0.0005282908252
235,0.005300050492,-0.009500313254,6.739083493,-0.005307436371,-0.0001993811291
7397,0.006100236419,-0.009500305574,6.747944376,-0.00415774546,-0.0005649578211
7366,0.006200166079,-0.009500177533,6.748506809,-0.0039495446,-0.0005973612506
213,0.0052000175,-0.009500141929,6.737732487,-0.005375195855,-0.0001473931708
9067,0.0008998913096,-0.009500084474,6.746351878,-0.0002247942394,0.0001541111732
9052,0.0007998984333,-0.009500080798,6.74714453,-0.0001629250899,0.0001242537722
9083,0.0009998792662,-0.009500077985,6.745518132,-0.000296857642,0.0001829894876
7335,0.006300095355,-0.009500076802,6.748890185,-0.003730493827,-0.0006252938729
9100,0.001099859843,-0.009500069492,6.744651935,-0.0003787447951,0.00021052355
9038,0.0006999221606,-0.009500065773,6.747885198,-0.0001114839382,9.400062963e-05
192,0.005100003074,-0.009500052288,6.736394593,-0.005423656369,-9.548283083e-05
9118,0.001199864524,-0.009500051249,6.743760336,-0.0004700609233,0.0002365375436
9025,0.0005999407557,-0.009500047844,6.74856232,-7.049640622e-05,6.418576329e-05
7303,0.00640005839,-0.009500038657,6.749081967,-0.003501839376,-0.0006483434272
9137,0.001299855056,-0.009500037226,6.742849643,-0.0005702828042,0.0002609446172
9013,0.0004999630624,-0.0095000294,6.749162046,-3.970213615e-05,3.604179468e-05
172,0.005000000643,-0.009500021512,6.735086762,-0.005453093048,-4.414138931e-05
9157,0.001399864377,-0.009500020901,6.741924743,-0.0006789645404,0.0002837862049
9004,0.0003999726684,-0.009500019469,6.749670096,-1.851188743e-05,1.123662397e-05
7270,0.006500026045,-0.009500013995,6.749070663,-0.003265702797,-0.0006663284675
9178,0.001499899158,-0.009500010283,6.740989817,-0.0007956120322,0.0003051344783
8995,0.0002999858607,-0.009500009736,6.750071655,-5.875627812e-06,-7.982119266e-06
7238,0.006600014637,-0.009500006731,6.748848389,-0.003023790398,-0.0006790151523
153,0.004899999188,-0.009500005888,6.733826108,-0.005464155352,6.188851958e-06
8989,0.0001999918127,-0.009500004882,6.750347816,-2.330495441e-07,-1.878492288e-05
9200,0.001599913228,-0.009500002362,6.740049047,-0.000919697535,0.0003250889221
8984,9.999630903e-05,-0.009500002036,6.750509499,7.560699072e-07,-1.742480979e-05
7207,0.006700004504,-0.009500001575,6.748410857,-0.002778085011,-0.0006862637678
135,0.004799999272,-0.009500001323,6.732626941,-0.005457226196,5.51178017e-05
7176,0.006800002225,-0.009500000678,6.747757269,-0.002530414937,-0.0006879609851
9737,0.003399999213,-0.009500000548,6.726374532,-0.003907530848,0.0004676484373
9767,0.003499999676,-0.009500000412,6.726126194,-0.004078312798,0.0004575477441
9796,0.003599999895,-0.009500000279,6.725973778,-0.004244115809,0.0004445915847
118,0.004699999673,-0.00950000021,6.73150193,-0.005432852949,0.0001022964912
9825,0.003700000004,-0.009500000159,6.725922667,-0.004403872857,0.000428667815
21,0.003800000017,-0.009500000105,6.725977724,-0.00455650072,0.0004096819623
7145,0.006900000433,-0.009500000094,6.746889813,-0.002282701285,-0.0006840761325
20,0.003900000017,-0.009500000067,6.726142801,-0.004700904874,0.0003875835522
9705,0.0032999988,-0.009500000052,6.726712529,-0.003732811118,0.0004750198228
102,0.004599999851,-0.009500000048,6.730462645,-0.005391648567,0.0001474148653
29,0.004000000012,-0.009500000035,6.726420504,-0.004835992178,0.0003623327648
7113,0.007000000174,-0.009500000024,6.745813853,-0.00203682275,-0.0006746413741
38,0.004100000008,-0.009500000022,6.726812757,-0.004960663442,0.0003339232413
48,0.004200000006,-0.009500000013,6.727320222,-0.005073846471,0.0003024084709
59,0.004300000001,-0.009500000006,6.727942076,-0.005174508192,0.0002678658778
73,0.004399999998,-0.009500000006,6.728676078,-0.00526164526,0.0002304109467
87,0.004499999971,-0.009500000006,6.729518272,-0.0053343162,0.0001901970283
8985,0.0,-0.0095,6.750567012,0.0,0.0
6531,0.009599999999,-0.0095,6.703664039,0.0001288687499,0.0001632627954
6524,0.0097,-0.0095,6.703704328,8.148936384e-05,0.0001373557886
6516,0.0098,-0.0095,6.703960693,4.266156564e-05,0.0001006961625
6513,0.0099,-0.0095,6.704247574,1.500251459e-05,5.427661899e-05
6512,0.01,-0.0095,6.70434448,0.0,0.0
6541,0.009499999998,-0.009499999999,6.703821455,0.0001807551861,0.0001784843912
6552,0.009399999998,-0.009499999997,6.70418287,0.0002341841122,0.0001835447929
6565,0.009299999998,-0.009499999996,6.704743464,0.0002861658985,0.0001792872772
6579,0.009199999997,-0.009499999995,6.705506057,0.0003340105267,0.000166659243
6594,0.009099999996,-0.009499999993,6.706464018,0.00037532709,0.0001466319162
7082,0.007100000032,-0.009499999991,6.744537796,-0.001794652229,-0.0006597608016
6610,0.008999999993,-0.009499999985,6.707620527,0.0004076396099,0.0001200834433
6627,0.008899999993,-0.00949999998,6.708918364,0.0004294108333,8.804563247e-05
7052,0.007200000022,-0.009499999973,6.743073033,-0.001558018193,-0.0006396111011
6645,0.008799999988,-0.009499999961,6.710408864,0.0004393845165,5.123619811e-05
7022,0.00730000001,-0.00949999996,6.741434012,-0.001328684005,-0.0006144361034
6664,0.008699999991,-0.009499999954,6.712092996,0.0004349464387,1.034406272e-05
6993,0.007400000009,-0.00949999995,6.739637711,-0.001108332359,-0.0005845406429
6705,0.008499999994,-0.009499999946,6.715799442,0.000379741687,-8.044548723e-05
6684,0.00859999999,-0.009499999927,6.713880368,0.0004151105237,-3.37103254e-05
6965,0.007500000013,-0.009499999922,6.737703275,-0.0008985345974,-0.0005502851261
6750,0.008299999995,-0.009499999922,6.719986219,0.0002586183027,-0.000179212464
6727,0.00839999999,-0.009499999909,6.717843821,0.0003278100828,-0.0001292057923
6774,0.008199999994,-0.009499999872,6.722195631,0.0001719477691,-0.0002298232439
6799,0.008099999993,-0.00949999986,6.724450539,6.78668379e-05,-0.0002804120809
6937,0.007600000022,-0.00949999984,6.735651774,-0.0007007311473,-0.0005121043224
6825,0.007999999998,-0.009499999829,6.726734753,-5.346010073e-05,-0.000330371742
6880,0.00780000001,-0.009499999824,6.731288527,-0.0003462196197,-0.0004259679791
6909,0.007700000017,-0.009499999813,6.73350591,-0.0005162316207,-0.0004704859933
6852,0.007900000005,-0.009499999804,6.729023819,-0.0001916895219,-0.0003790847464
9673,0.003199998378,-0.009499999041,6.727133518,-0.00355513928,0.0004797991703
9641,0.003099998197,-0.009499997127,6.727630744,-0.003375457189,0.0004821397403
9223,0.0016999402,-0.009499996884,6.739105351,-0.001050802356,0.0003437678524
9608,0.002999998639,-0.00949999553,6.72819741,-0.003194646637,0.0004822055952
9247,0.00179995297,-0.009499995119,6.738162008,-0.001188448261,0.0003612667977
9325,0.002099987647,-0.00949999443,6.735363674,-0.001636640144,0.0004074340473
9575,0.002899999084,-0.009499994294,6.72882676,-0.003013544457,0.000480170892
9353,0.002199994475,-0.009499993947,6.734452513,-0.001796435644,0.0004208105294
9272,0.001899964556,-0.009499993133,6.737221893,-0.001332243466,0.0003776783444
9298,0.001999976519,-0.009499992738,6.736288021,-0.001481776742,0.0003930581089
9508,0.002699999677,-0.009499992628,6.730246806,-0.002653542417,0.0004704986559
9542,0.002799999129,-0.009499991941,6.7295121,-0.002832942103,0.0004762140247
9443,0.002499999883,-0.009499991876,6.731839514,-0.002301035775,0.0004544479618
9475,0.002599999872,-0.009499991549,6.731024619,-0.002476041528,0.0004631950632
9382,0.002299996925,-0.009499991181,6.733558495,-0.001960742837,0.00043315536
9412,0.002399998503,-0.009499990791,6.732685897,-0.002129101125,0.0004443977963
362,0.005700497095,-0.009401582765,6.743169998,-0.005773696775,-0.0005548563092
388,0.005800517484,-0.009401381591,6.744231579,-0.005598963684,-0.0006178969234
336,0.005600365813,-0.009401327981,6.742019082,-0.005934188069,-0.0004894125565
309,0.005500284077,-0.009401111422,6.740806663,-0.006074849131,-0.0004214177895
410,0.005900510397,-0.009401067374,6.745187723,-0.005407562954,-0.0006774943517
283,0.005400183791,-0.009400748535,6.739550957,-0.006196888122,-0.000351705488
431,0.00600042039,-0.009400707096,6.746019002,-0.005200120266,-0.0007328906892
257,0.00530010604,-0.009400415833,6.73827496,-0.00629808797,-0.000280711174
471,0.006100318541,-0.009400391935,6.746708771,-0.004977008288,-0.000783327539
7396,0.006200225086,-0.009400229021,6.747241401,-0.004738808762,-0.0008279579119
234,0.005200050893,-0.009400187376,6.736998428,-0.006377385266,-0.0002090336564
9080,0.0008997833811,-0.009400121004,6.746947561,-0.0003188971149,0.0002300280004
9064,0.0007998192267,-0.009400114,6.74771626,-0.0002398576374,0.000189165152
9097,0.0009997440809,-0.009400113786,6.746144056,-0.0004094669623,0.000269581388
7365,0.006300139482,-0.009400110475,6.74760037,-0.00448806697,-0.0008664916386
9115,0.001099757127,-0.009400096888,6.745311955,-0.000511211627,0.0003073916752
9049,0.0006998639084,-0.009400092429,6.74844124,-0.0001726394741,0.0001477215518
9134,0.001199749775,-0.009400075957,6.744457638,-0.0006235744139,0.0003431784939
9036,0.0005998941189,-0.009400067667,6.749113634,-0.0001173343754,0.0001067547626
212,0.005100019696,-0.009400067447,6.735739307,-0.006434570007,-0.000137361169
7334,0.006400089468,-0.009400062003,6.74777297,-0.004226279254,-0.0008984075587
9154,0.001299783301,-0.009400047245,6.743585271,-0.00074611103,0.0003768778468
9024,0.0004999245659,-0.009400043678,6.749722129,-7.379897841e-05,6.779218452e-05
9175,0.001399804155,-0.009400029052,6.742699046,-0.0008781887055,0.0004084688898
9015,0.0003999468838,-0.009400027841,6.750255286,-4.16024888e-05,3.289490002e-05
191,0.005000008193,-0.009400023463,6.734514811,-0.006469990299,-6.637075821e-05
7302,0.006500042396,-0.009400020618,6.747747923,-0.003955873552,-0.0009234751566
9005,0.0002999710879,-0.009400014459,6.750697004,-1.982418037e-05,4.817547106e-06
9197,0.001499844565,-0.009400013554,6.741801965,-0.001019321137,0.0004380580428
8998,0.0001999814625,-0.00940000853,6.751039267,-7.212774496e-06,-1.297464455e-05
7269,0.006600022014,-0.009400008006,6.747517892,-0.0036785787,-0.0009413359223
171,0.004900002074,-0.009400005976,6.733340435,-0.006484335305,3.341144936e-06
8992,9.999274785e-05,-0.009400003573,6.751263299,-1.591307942e-06,-1.618106731e-05
9220,0.001599872091,-0.009400002701,6.740897149,-0.001168928759,0.0004657552485
7237,0.006700007351,-0.009400002051,6.747077911,-0.003396629514,-0.0009518070999
9766,0.003399998996,-0.009400001604,6.727121768,-0.004701056993,0.0006548152164
152,0.004800000277,-0.00940000119,6.732229969,-0.006478090986,7.123815324e-05
9795,0.003499999571,-0.009400000969,6.726815557,-0.004899544978,0.0006396879097
9736,0.003299998275,-0.009400000774,6.727511867,-0.004497565641,0.0006661266348
9824,0.003599999879,-0.009400000736,6.726599414,-0.005091827543,0.000620583525
7206,0.006800003359,-0.009400000723,6.746426527,-0.003112090114,-0.0009547452187
9852,0.003700000025,-0.009400000337,6.726479207,-0.005276694924,0.0005973678041
134,0.004699999983,-0.009400000216,6.731195582,-0.006451834204,0.0001368390874
28,0.003800000041,-0.009400000203,6.726460459,-0.005452898697,0.0005699297566
27,0.003900000035,-0.009400000131,6.726547531,-0.005619219789,0.0005381739304
37,0.00400000003,-0.009400000093,6.726743566,-0.005774418642,0.0005020889908
7175,0.006900000642,-0.00940000009,6.745565726,-0.002827102835,-0.0009501043797
117,0.004599999964,-0.00940000007,6.730247851,-0.00640621571,0.000199716151
47,0.004100000018,-0.009400000046,6.72705097,-0.005917256975,0.0004617225853
7144,0.007000000296,-0.009400000023,6.744500814,-0.002543761326,-0.0009379242233
58,0.004200000012,-0.009400000021,6.727470822,-0.006046557722,0.000417134254
101,0.004499999982,-0.009400000016,6.72939564,-0.006341982037,0.0002594861017
72,0.004300000005,-0.009400000009,6.72800292,-0.006161165943,0.0003684430757
86,0.0044,-0.009400000009,6.728645672,-0.006259983007,0.0003158191129
8993,0.0,-0.0094,6.751340002,0.0,0.0
6542,0.009599999999,-0.0094,6.703275903,0.0001356259093,0.0002145381713
6534,0.0097,-0.0094,6.703326317,8.633534423e-05,0.0001824997374
6525,0.0098,-0.0094,6.703604765,4.550759737e-05,0.000135813147
6521,0.0099,-0.0094,6.703906366,1.602522899e-05,7.476332169e-05
6520,0.01,-0.0094,6.704002455,0.0,0.0
6553,0.009499999999,-0.009399999999,6.703428003,0.0001888127233,0.000232381764
6564,0.009399999996,-0.009399999997,6.703784656,0.0002426305057,0.0002368929236
6578,0.009299999994,-0.009399999993,6.704336922,0.0002938251049,0.0002291689697
6593,0.009199999996,-0.009399999992,6.705084293,0.0003395157993,0.0002104187171
6609,0.009099999995,-0.009399999991,6.706016272,0.0003771426097,0.0001818441619
6626,0.008999999991,-0.009399999982,6.707131761,0.0004042043179,0.0001446212525
7112,0.00710000008,-0.009399999968,6.743240257,-0.002264159395,-0.0009183391744
6644,0.008899999987,-0.009399999964,6.708397362,0.0004190480731,9.988861739e-05
7081,0.007200000039,-0.009399999943,6.741795442,-0.001990337272,-0.0008915746764
7051,0.007300000014,-0.009399999932,6.740180742,-0.001724273913,-0.0008579481164
6683,0.008699999982,-0.009399999921,6.711504781,0.0004042195214,-7.147960319e-06
6992,0.007500000009,-0.009399999913,6.736511262,-0.001222899725,-0.0007718022689
7021,0.007400000015,-0.009399999883,6.738413024,-0.001467867626,-0.000817862882
6663,0.008799999969,-0.009399999877,6.709867079,0.0004199102616,4.902319987e-05
6726,0.008499999982,-0.009399999869,6.715117218,0.0003205152055,-0.000132315745
6773,0.008299999988,-0.009399999819,6.719180353,0.0001619888551,-0.0002675188591
6964,0.007600000023,-0.009399999815,6.734496271,-0.0009910245383,-0.0007203310565
6704,0.008599999968,-0.009399999811,6.71324249,0.0003712604556,-6.799341757e-05
6824,0.008099999993,-0.009399999782,6.723534446,-7.465297884e-05,-0.0004057336242
6798,0.008199999989,-0.009399999752,6.72133222,5.344324982e-05,-0.0003366830735
6749,0.008399999971,-0.009399999724,6.71710113,0.0002509165677,-0.0001991119537
6851,0.007999999998,-0.009399999698,6.725765009,-0.0002220253548,-0.0004738058534
6936,0.007700000031,-0.009399999695,6.732390703,-0.0007737483313,-0.0006640869142
6879,0.007900000005,-0.009399999693,6.728001298,-0.0003881870385,-0.0005400783625
6908,0.007800000019,-0.009399999668,6.730217927,-0.0005724154404,-0.0006037617189
9704,0.003199997639,-0.009399998978,6.72797933,-0.004290212239,0.0006738011597
9244,0.00169990139,-0.009399997675,6.739987019,-0.001326512956,0.000491693366
9671,0.003099997496,-0.009399996468,6.728517332,-0.004080093109,0.000678041061
9269,0.001799923613,-0.009399994898,6.739074148,-0.00149156988,0.0005159960596
9295,0.001899945013,-0.009399992516,6.738160985,-0.001663631023,0.0005387658911
9350,0.002099986907,-0.009399992406,6.736344683,-0.002026843247,0.000579916357
9638,0.002999997036,-0.009399991879,6.729118992,-0.003868259845,0.0006790692619
9379,0.002199994566,-0.00939999183,6.735447915,-0.002217008486,0.0005983101313
9322,0.001999962441,-0.009399991069,6.737250223,-0.001842211328,0.0005600646414
9605,0.00289999801,-0.009399989584,6.729777421,-0.003655674143,0.0006771071262
9572,0.002799998669,-0.009399987586,6.730485941,-0.003443275116,0.0006723931756
9505,0.002600000029,-0.00939998702,6.732027506,-0.003022428239,0.000655620476
9409,0.002299997015,-0.009399986558,6.734563537,-0.002412229076,0.0006151983832
9472,0.002500000264,-0.009399986446,6.732848497,-0.002815537435,0.000643995704
9539,0.002699999361,-0.009399986201,6.731238044,-0.003231928113,0.0006651580294
9440,0.002399998308,-0.009399983438,6.73369556,-0.002611939539,0.0006304732528
387,0.005700614816,-0.009301893803,6.742013689,-0.006694444995,-0.0007314976991
361,0.005600503434,-0.009301732748,6.740904331,-0.006872453242,-0.0006459121986
409,0.005800644065,-0.009301716657,6.743040798,-0.006499065945,-0.0008136224248
335,0.005500372386,-0.009301350873,6.739735214,-0.007031085274,-0.0005573500948
430,0.005900623491,-0.009301313859,6.743966204,-0.006286171543,-0.0008914420213
308,0.005400259681,-0.009300936166,6.738529784,-0.007167809785,-0.0004663012854
450,0.006000509578,-0.009300858661,6.744771746,-0.006055488077,-0.0009638264705
282,0.005300162427,-0.009300526921,6.737309416,-0.007281722884,-0.0003735333222
472,0.006100389932,-0.009300515287,6.745441656,-0.005806812125,-0.001029671969
7425,0.00620028006,-0.009300287587,6.745958715,-0.005541707521,-0.001088197855
256,0.005200084725,-0.009300236613,6.736093823,-0.00737133135,-0.000279780401
9096,0.0008996171138,-0.009300161057,6.74757117,-0.0004231347079,0.000324381041
9114,0.0009995839473,-0.00930015467,6.746788301,-0.0005334019505,0.0003758638006
7395,0.006300187552,-0.009300153382,6.746307336,-0.005262125017,-0.001138773638
9079,0.0007996842933,-0.009300150729,6.748326016,-0.000325653456,0.0002712114851
9133,0.001099592829,-0.009300135748,6.745981871,-0.0006559981038,0.000425117433
9063,0.0006997418743,-0.009300124556,6.749046918,-0.0002412843419,0.0002171878757
9153,0.001199611971,-0.009300100932,6.745156536,-0.0007903617276,0.0004718365832
9050,0.0005998006732,-0.009300092643,6.749726692,-0.0001702555028,0.000163580346
7364,0.006400122116,-0.009300085537,6.746473769,-0.004970165721,-0.001180873579
233,0.005100035509,-0.009300085274,6.734901085,-0.007436227449,-0.0001859207243
9174,0.001299659162,-0.009300068998,6.744315038,-0.0009359168614,0.000515894114
9037,0.000499853824,-0.009300062637,6.750356827,-0.0001125627737,0.0001121621304
9027,0.0003998964157,-0.009300039973,6.750929024,-6.797506046e-05,6.532788312e-05
9196,0.00139970718,-0.009300039549,6.743460181,-0.001092039726,0.0005572916181
211,0.005000015928,-0.009300032153,6.733748395,-0.007476811606,-9.282860849e-05
7333,0.006500059538,-0.009300026298,6.746446432,-0.004668351193,-0.001214158011
9219,0.001499770623,-0.009300020544,6.742593859,-0.001258148195,0.0005961157925
9016,0.0002999444419,-0.009300019639,6.751427656,-3.585715011e-05,2.62466058e-05
7301,0.006600031842,-0.009300010843,6.746217754,-0.004358427756,-0.001238128248
9008,0.0001999676003,-0.009300010712,6.751835215,-1.518474109e-05,-1.051959585e-06
9243,0.00159981543,-0.009300008153,6.74171824,-0.001433612979,0.0006324947914
190,0.004900004349,-0.009300007756,6.732650227,-0.00749396716,-1.278648349e-06
9001,9.998422823e-05,-0.009300005655,6.752133732,-4.211960255e-06,-1.155713381e-05
9794,0.0033999987,-0.009300002809,6.727685009,-0.005497383201,0.0008694950115
170,0.004800001591,-0.009300002437,6.731619971,-0.007488135851,8.803402271e-05
9765,0.003299997559,-0.009300002271,6.728137135,-0.005266523999,0.0008857469654
9823,0.003499999595,-0.009300002161,6.72731175,-0.005722141631,0.0008481869745
7268,0.006700010996,-0.009300002161,6.745782378,-0.00404293246,-0.001252584493
9851,0.003599999955,-0.009300001378,6.727024056,-0.005939464915,0.0008216272653
9878,0.003700000085,-0.009300000708,6.726828064,-0.006148001106,0.0007896593842
7236,0.006800004352,-0.009300000585,6.745138711,-0.003724073711,-0.001257336285
151,0.004700000205,-0.009300000367,6.730669182,-0.007459974951,0.0001744878201
36,0.003800000088,-0.009300000357,6.726729135,-0.006346371368,0.0007521761818
35,0.003900000068,-0.009300000249,6.726732331,-0.00653323322,0.0007090813193
46,0.004000000058,-0.009300000169,6.726841759,-0.006707239593,0.000660360698
57,0.004100000043,-0.009300000094,6.727060396,-0.006867049875,0.0006060923937
133,0.00460000001,-0.009300000064,6.729807745,-0.007410138657,0.0002575192432
7205,0.006900000809,-0.009300000062,6.744288454,-0.003404194863,-0.001252321761
71,0.004200000029,-0.009300000051,6.727390204,-0.00701138271,0.0005463804585
85,0.004300000017,-0.009300000026,6.727831721,-0.007138990067,0.0004813965925
116,0.004499999998,-0.009300000015,6.729044004,-0.007339415265,0.0003366292979
100,0.004400000003,-0.00930000001,6.728383967,-0.007248699278,0.0004113787997
7173,0.007000000364,-0.009300000003,6.743236712,-0.00308557964,-0.001237581343
9002,0.0,-0.0093,6.752252321,0.0,0.0
6554,0.0096,-0.0093,6.702676222,0.0001366103304,0.0002664198819
6545,0.0097,-0.0093,6.702729551,8.745685592e-05,0.000228807016
6535,0.0098,-0.0093,6.703015083,4.630147662e-05,0.0001722093729
6530,0.0099,-0.0093,6.703320266,1.634528984e-05,9.604490672e-05
6529,0.01,-0.0093,6.703415387,0.0,0.0
6566,0.009499999999,-0.009299999999,6.702828453,0.0001888273934,0.0002859918224
6577,0.009399999997,-0.009299999998,6.703184409,0.0002405794925,0.0002887973102
6591,0.009299999991,-0.009299999992,6.703733069,0.0002883904293,0.0002762561005
6623,0.00909999999,-0.00929999998,6.705386842,0.0003605059542,0.0002111673795
6606,0.009199999986,-0.00929999998,6.704470366,0.0003292654393,0.0002498784329
6641,0.008999999983,-0.009299999959,6.706479459,0.0003796545403,0.0001616598283
6660,0.00889999998,-0.009299999953,6.707746316,0.0003845953486,0.0001026245413
7141,0.007100000078,-0.009299999946,6.741991762,-0.002770513914,-0.001213272814
7109,0.007200000067,-0.009299999877,6.740564897,-0.002461230471,-0.001179670706
7078,0.007300000034,-0.00929999985,6.738970497,-0.002159903881,-0.001137165323
6680,0.008799999948,-0.009299999829,6.709181216,0.0003733317138,3.546157842e-05
6701,0.008699999948,-0.009299999807,6.710761803,0.0003440353579,-3.8431583e-05
7048,0.007400000028,-0.009299999763,6.737225425,-0.001868628994,-0.001086258354
7018,0.007500000017,-0.009299999762,6.735348676,-0.001589384149,-0.001027555817
9268,0.001699876593,-0.00929999973,6.740834785,-0.001617937001,0.0006665927785
6723,0.008599999937,-0.009299999709,6.712474335,0.0002956160239,-0.0001178898172
6746,0.008499999954,-0.009299999671,6.714312589,0.0002271803036,-0.0002016718021
6770,0.00839999996,-0.009299999653,6.716258736,0.0001379166965,-0.0002886167671
6848,0.008099999987,-0.009299999589,6.722570725,-0.0002580415697,-0.0005566482315
6821,0.008199999973,-0.009299999557,6.720407673,-0.0001046502375,-0.0004672390673
6989,0.007600000034,-0.009299999539,6.733361166,-0.001324017785,-0.0009617645314
6961,0.007700000029,-0.009299999538,6.731285266,-0.001074221137,-0.0008896766721
9735,0.003199996491,-0.009299999529,6.728661229,-0.005030858316,0.0008971713214
6795,0.008299999961,-0.009299999528,6.718296818,2.737103713e-05,-0.0003775188832
6933,0.007800000022,-0.009299999495,6.729144351,-0.0008415145776,-0.0008121634225
6876,0.007999999998,-0.009299999414,6.724763355,-0.0004324385086,-0.0006446445096
6905,0.007900000015,-0.009299999385,6.726962421,-0.0006272191202,-0.0007301581379
9294,0.001799911153,-0.00929999543,6.739945655,-0.001810487231,0.0006985282176
9703,0.00309999601,-0.009299995305,6.729250217,-0.004791621657,0.000904019832
9321,0.001899934413,-0.009299991985,6.739052683,-0.002010755041,0.0007284171791
9349,0.001999963448,-0.009299991444,6.738157883,-0.002218223281,0.0007563232434
9378,0.002099987138,-0.009299991195,6.737263905,-0.002432325607,0.0007822631605
9670,0.002999995788,-0.009299989534,6.729897032,-0.004550000415,0.0009065679442
9408,0.002199994114,-0.009299986594,6.736373845,-0.00265248484,0.0008062089637
9637,0.002899996527,-0.009299983855,6.730594698,-0.004307113834,0.0009051017069
9439,0.002299998358,-0.009299981686,6.735490954,-0.002878114332,0.0008280696492
9604,0.002799997786,-0.00929998011,6.731336416,-0.004064016096,0.0008999138054
9571,0.00269999926,-0.00929997963,6.73211565,-0.003821700837,0.0008912972511
9538,0.002600000411,-0.009299979067,6.732926276,-0.003581121824,0.0008795474253
9471,0.002399999855,-0.009299978615,6.734619074,-0.003108563641,0.0008477052202
9504,0.002500000887,-0.009299976598,6.733762555,-0.003343154092,0.0008649394108
408,0.005700722496,-0.009202286751,6.740712072,-0.007621141825,-0.0009262663313
386,0.005600583002,-0.009202043001,6.739625484,-0.007816234151,-0.0008188151075
429,0.005800718526,-0.009201981048,6.741718535,-0.007408926746,-0.001029663541
360,0.005500444409,-0.009201594137,6.738485522,-0.007989835986,-0.0007075325555
449,0.005900693081,-0.009201544125,6.742630093,-0.007176459869,-0.001127458665
334,0.005400320141,-0.009201136951,6.737315621,-0.00813930247,-0.0005930426637
470,0.006000565338,-0.009201000635,6.743425995,-0.006924975735,-0.001218606273
307,0.005300210995,-0.009200639625,6.736136151,-0.008264358368,-0.0004763866659
493,0.006100428831,-0.009200594936,6.744091456,-0.006653568572,-0.001301623431
7452,0.006200312576,-0.009200367479,6.744609391,-0.006363544926,-0.001375446581
281,0.005200110573,-0.009200284668,6.734968208,-0.008362814342,-0.0003583781307
9111,0.000899396442,-0.009200214819,6.748211161,-0.0005356245343,0.0004383063216
9130,0.0009993577696,-0.009200212267,6.747439974,-0.0006665935669,0.000502840687
9094,0.0007994643322,-0.009200188014,6.748962023,-0.000418585954,0.0003716099393
9150,0.001099384438,-0.009200175824,6.746650953,-0.000811010838,0.0005646361164
7424,0.006300196335,-0.009200164602,6.74496171,-0.006058132306,-0.001439662936
9078,0.0006995542186,-0.009200159929,6.749688612,-0.0003159202102,0.0003036860594
9171,0.001199442222,-0.009200134548,6.74584646,-0.0009681934245,0.0006233000615
9065,0.0005996509538,-0.009200115816,6.750386245,-0.0002279995108,0.0002359676668
255,0.005100047504,-0.009200106028,6.73383057,-0.00843408333,-0.0002401229266
9193,0.001299523433,-0.009200090389,6.745027839,-0.001137501938,0.0006786962952
7394,0.006400134838,-0.009200087323,6.74513599,-0.0057383347,-0.001493253164
9051,0.0004997518727,-0.009200077179,6.751048446,-0.0001549993032,0.0001704337278
9216,0.001399606608,-0.009200059084,6.744196576,-0.00131823201,0.0007308003809
9040,0.0003998288647,-0.009200046846,6.751670332,-9.692278358e-05,0.0001097432168
232,0.00500002241,-0.009200043276,6.732739376,-0.008478749988,-0.0001227128372
9028,0.0002998968342,-0.009200026007,6.752239816,-5.344014254e-05,5.740735095e-05
9240,0.001499701613,-0.009200024952,6.743353544,-0.001509800395,0.0007797488121
7363,0.006500061207,-0.009200024587,6.745119332,-0.005407389409,-0.001535905383
9019,0.0001999368611,-0.009200014949,6.75274268,-2.400427954e-05,1.782618939e-05
7332,0.006600036557,-0.009200011343,6.74490373,-0.005067053306,-0.001567025978
210,0.004900006222,-0.009200010885,6.731708453,-0.008497858737,-7.100164698e-06
9265,0.001599781419,-0.009200009323,6.74249955,-0.00171147774,0.0008256367536
9793,0.003299996721,-0.009200007799,6.728557472,-0.00603858712,0.001132672189
9822,0.003399998421,-0.009200007226,6.728032751,-0.006295647591,0.001110446856
9011,9.997330003e-05,-0.009200006844,6.753112523,-7.234341282e-06,-3.246140956e-06
9850,0.003499999637,-0.00920000479,6.727582302,-0.006545514268,0.001081796412
189,0.004800002641,-0.00920000399,6.730750996,-0.008491803319,0.000105849624
9877,0.00360000011,-0.009200003364,6.727213297,-0.006786717874,0.001046490076
9291,0.001699839419,-0.009200002276,6.741635566,-0.001922654673,0.0008686389088
9764,0.003199995127,-0.009200001991,6.72914911,-0.005775780379,0.001148750574
7300,0.006700012009,-0.009200001573,6.744483224,-0.004720149558,-0.001586367508
68,0.003700000201,-0.009200001496,6.726932294,-0.00701780048,0.001004356595
169,0.004700000958,-0.009200001035,6.729877942,-0.008461306724,0.0002153645917
45,0.003800000216,-0.00920000087,6.726745282,-0.007237284254,0.0009552590438
7267,0.006800005553,-0.009200000508,6.743855818,-0.004368955458,-0.001593670845
44,0.003900000148,-0.009200000503,6.726658082,-0.007443694624,0.000899166606
56,0.004000000126,-0.009200000326,6.726675557,-0.007635585316,0.0008360948537
150,0.004600000297,-0.009200000249,6.729098588,-0.008407040912,0.000320738577
70,0.004100000088,-0.009200000167,6.726801358,-0.007811564251,0.0007661017502
84,0.004200000054,-0.009200000082,6.727038208,-0.00797024969,0.0006893526127
132,0.004500000094,-0.009200000068,6.728420304,-0.008329818473,0.0004213421908
7235,0.006900001467,-0.009200000047,6.743022843,-0.00401600421,-0.001588850614
99,0.004300000031,-0.009200000042,6.727387465,-0.008110328515,0.0006060848796
115,0.004400000023,-0.009200000028,6.727848759,-0.008230566967,0.0005166170016
9012,0.0,-0.0092,6.753248338,0.0,0.0
6567,0.009599999999,-0.0092,6.701860306,0.0001326103401,0.0003168426633
6546,0.0098,-0.0092,6.702182579,4.542349816e-05,0.0002084307813
6540,0.0099,-0.0092,6.702479089,1.608511514e-05,0.0001173563958
6539,0.01,-0.0092,6.702570319,0.0,0.0
6580,0.009499999998,-0.009199999999,6.70202124,0.0001818218256,0.0003370879809
6557,0.0097,-0.009199999999,6.701905444,8.541546534e-05,0.0002744595954
6592,0.009399999997,-0.009199999998,6.702383832,0.0002293162361,0.0003369126854
6607,0.009299999989,-0.009199999991,6.702936851,0.0002714448403,0.0003181218908
6622,0.009199999973,-0.009199999973,6.703674015,0.0003051431729,0.0002825813037
6640,0.009099999965,-0.009199999943,6.704588435,0.0003275709261,0.0002320821678
7204,0.007000000675,-0.00919999992,6.741989128,-0.003663736976,-0.001571939505
6659,0.00899999996,-0.009199999916,6.70567882,0.000336119599,0.000168350248
6679,0.008899999962,-0.009199999908,6.706934409,0.0003285310598,9.308829881e-05
7172,0.007100000149,-0.009199999868,6.740762754,-0.003314610495,-0.001543113737
6700,0.008799999911,-0.009199999752,6.708340805,0.0003029033041,7.973550575e-06
6722,0.008699999922,-0.009199999708,6.70989295,0.0002576039182,-8.538864115e-05
7140,0.007200000148,-0.009199999686,6.739354909,-0.002971035377,-0.001502692694
7108,0.007300000057,-0.009199999661,6.737779943,-0.002635368848,-0.001451135818
7047,0.007500000037,-0.009199999534,6.734198375,-0.001996772337,-0.001317138609
7077,0.007400000066,-0.009199999503,6.736054734,-0.002309892446,-0.001389041958
6769,0.008499999931,-0.009199999455,6.713401333,0.0001030621429,-0.0002907365838
6745,0.008599999898,-0.009199999421,6.711585382,0.0001913233492,-0.000185465759
6820,0.00829999994,-0.009199999301,6.717336634,-0.0001418595988,-0.0005109436851
6988,0.007700000042,-0.009199999281,6.730177734,-0.001415586422,-0.001147419357
6875,0.008099999975,-0.009199999174,6.721558665,-0.0004791209038,-0.0007344096583
7017,0.007600000051,-0.009199999169,6.732231877,-0.001698045981,-0.001236277989
6794,0.00839999992,-0.009199999098,6.715323783,-7.870754951e-06,-0.0003997191265
6932,0.007900000013,-0.00919999905,6.725900843,-0.00090604791,-0.0009500362966
6960,0.007800000035,-0.009199999039,6.728059392,-0.001151091437,-0.001051624766
6847,0.008199999955,-0.009199999015,6.719421567,-0.0002990089765,-0.0006229770756
6904,0.007999999993,-0.009199998934,6.723726063,-0.0006817194181,-0.0008438723932
9318,0.001799883213,-0.009199997229,6.740762593,-0.002142759553,0.0009089146928
9733,0.003099994121,-0.009199995123,6.729800223,-0.005508555843,0.001158970636
9346,0.001899926121,-0.009199994119,6.739881807,-0.002371221955,0.0009465755642
9375,0.001999963235,-0.009199991958,6.738994877,-0.002607429153,0.0009816768132
9405,0.002099989037,-0.009199989046,6.738103947,-0.002850752291,0.001014216943
9700,0.002999994024,-0.009199986236,6.730503453,-0.005238239335,0.001163666071
9436,0.002199995457,-0.009199981504,6.737211725,-0.003100539809,0.001044139737
9667,0.002899995125,-0.009199977751,6.731251603,-0.004966074485,0.001163181754
9468,0.002299999557,-0.009199972096,6.736321118,-0.003356137958,0.001071320296
9634,0.002799996448,-0.009199968255,6.732037724,-0.004693263963,0.00115788437
9601,0.002699999075,-0.009199967796,6.732855111,-0.00442087669,0.001148111409
9535,0.002500002432,-0.009199966965,6.734559602,-0.003881690415,0.001116623531
9568,0.00260000108,-0.009199966881,6.73369765,-0.004150026554,0.001134245835
9501,0.002400000989,-0.009199964282,6.73543572,-0.003616797916,0.001095567214
428,0.005700767582,-0.009102635251,6.739200774,-0.00856066249,-0.001137074298
407,0.005600648062,-0.009102411759,6.738123258,-0.008769596175,-0.001005735913
448,0.005800757317,-0.009102278525,6.740203375,-0.008333140757,-0.00126345375
385,0.005500508645,-0.009101876248,6.736997258,-0.008956277264,-0.0008698813096
469,0.005900713427,-0.009101756614,6.741116097,-0.008083951705,-0.001383118859
359,0.005400382045,-0.009101321965,6.735848094,-0.009117044164,-0.0007300998137
492,0.006000575132,-0.009101153539,6.741918927,-0.007813785643,-0.001494699014
333,0.005300240926,-0.009100748825,6.734696296,-0.009251322001,-0.0005875408469
514,0.006100433008,-0.009100666081,6.742596026,-0.007522154307,-0.001596627933
306,0.005200137344,-0.009100372766,6.733565063,-0.009356484272,-0.0004432681597
7478,0.006200301946,-0.009100357308,6.743129969,-0.007210226623,-0.001687584891
9129,0.0008990706031,-0.009100277717,6.748856016,-0.0006546987079,0.0005727308935
9149,0.0009990803929,-0.009100263167,6.748087982,-0.0008073384952,0.0006514251067
9112,0.0007991910271,-0.009100234993,6.749611033,-0.0005172472505,0.0004913984468
9170,0.001099114315,-0.009100230955,6.747308376,-0.0009743225493,0.0007266888996
7451,0.006300197608,-0.009100183373,6.743503529,-0.006880295717,-0.001766677667
9095,0.0006993385397,-0.00910017795,6.750351569,-0.0003953754683,0.0004083311539
9192,0.001199232154,-0.009100177196,6.746516949,-0.00115508044,0.0007982231042
280,0.005100059061,-0.009100132819,6.732471506,-0.009432928325,-0.000298630979
9081,0.0005994939296,-0.009100125074,6.751075551,-0.0002896028717,0.0003250340633
9215,0.001299363836,-0.009100123759,6.745713619,-0.00134876952,0.0008658074642
7423,0.006400135092,-0.009100100657,6.743701374,-0.006534776821,-0.001833151034
9066,0.0004996360534,-0.009100081067,6.751778471,-0.0002003371722,0.0002436600863
9239,0.001399497025,-0.009100078226,6.744898224,-0.001554658593,0.0009294427169
9054,0.0003997558152,-0.009100047531,6.752458373,-0.0001279013211,0.0001670955413
254,0.005000020639,-0.00910004181,6.731432654,-0.009480501222,-0.0001548815206
9264,0.001499621323,-0.009100039009,6.744070676,-0.001772041825,0.0009892422915
9041,0.0002998461771,-0.009100025768,6.753106313,-7.22952545e-05,9.912855338e-05
9290,0.001599714702,-0.009100021908,6.743230584,-0.002000148751,0.001045322949
7393,0.006500053238,-0.009100021017,6.743710081,-0.006176816554,-0.001886518086
9821,0.003299996035,-0.009100016221,6.728745218,-0.00681258438,0.001405816539
9031,0.0001999042877,-0.009100014993,6.753714062,-3.350721069e-05,4.450204467e-05
231,0.004900008119,-0.009100014768,6.730461977,-0.00950024676,-1.319631327e-05
9849,0.003399998362,-0.009100013672,6.728136084,-0.007094901635,0.001376596146
9876,0.003499999844,-0.009100009829,6.727597044,-0.007368943369,0.001339464236
9317,0.001699806844,-0.009100009023,6.742377732,-0.002238431789,0.001097910447
9792,0.003199993754,-0.009100008044,6.729416549,-0.006523588795,0.001427453884
7362,0.006600028603,-0.009100007597,6.743521366,-0.005807964441,-0.001925977643
9022,9.995712658e-05,-0.009100006689,6.754173197,-1.042358214e-05,9.291942738e-06
9902,0.003600000475,-0.009100005944,6.727135613,-0.007633147897,0.001294171207
209,0.004800003131,-0.009100004295,6.729571569,-0.009493000701,0.0001254024952
67,0.003700000505,-0.009100003071,6.726758983,-0.007885947302,0.001240515511
55,0.003800000527,-0.009100002068,6.726474293,-0.008125773829,0.001178371836
188,0.004700001299,-0.009100001531,6.728772045,-0.009459368218,0.0002599778186
7330,0.006700010349,-0.009100001275,6.743128384,-0.005431297927,-0.001951243161
54,0.003900000354,-0.009100001052,6.726288139,-0.008351068957,0.001107730873
69,0.004000000269,-0.009100000614,6.726206377,-0.008560305526,0.001028638698
9345,0.00179987851,-0.009100000452,6.741512433,-0.002486193552,0.001147141428
7298,0.006800005471,-0.009100000307,6.742528522,-0.005049303658,-0.001962012619
168,0.004600000215,-0.009100000278,6.728072044,-0.009400081134,0.000389676387
83,0.004100000166,-0.009100000268,6.726233623,-0.008752017029,0.0009412046994
98,0.004200000094,-0.009100000133,6.726373158,-0.008924759848,0.0008456394557
149,0.004500000077,-0.009100000085,6.727478229,-0.009315959423,0.000513727119
114,0.004300000056,-0.009100000071,6.726627099,-0.009077169655,0.0007422542323
131,0.004400000034,-0.009100000042,6.726995706,-0.009207963963,0.000631450799
9023,0.0,-0.0091,6.754337876,0.0,0.0
6558,0.0098,-0.0091,6.701109747,4.318852166e-05,0.0002432405177
6550,0.01,-0.0091,6.701467352,0.0,0.0
6595,0.009499999999,-0.009099999999,6.70100872,0.0001687842673,0.0003836410095
6581,0.009599999999,-0.009099999999,6.700829259,0.0001243918101,0.0003639430898
6551,0.009899999999,-0.009099999999,6.701383816,1.536102148e-05,0.0001379858957
6570,0.009699999999,-0.009099999998,6.700856002,8.075349013e-05,0.0003178220467
6608,0.009399999996,-0.009099999997,6.701387898,0.0002100542934,0.0003790631139
6624,0.009299999989,-0.009099999993,6.701955179,0.0002444480945,0.0003525234013
6639,0.009199999976,-0.009099999983,6.702702291,0.0002687885384,0.0003062053357
6657,0.009099999931,-0.009099999922,6.703621644,0.0002800733501,0.0002421540347
7265,0.006900001746,-0.009099999904,6.741722655,-0.004664621263,-0.001958149541
6676,0.008999999899,-0.009099999804,6.704711028,0.0002757060125,0.0001624622608
6697,0.00889999992,-0.009099999801,6.705961073,0.0002534004384,6.914709038e-05
7233,0.007000000935,-0.00909999974,6.740715184,-0.004279837101,-0.001939670348
7201,0.007100000284,-0.009099999685,6.739513908,-0.003897565911,-0.001906761232
6719,0.008799999857,-0.00909999964,6.707363313,0.0002112309182,-3.583928422e-05
7169,0.007200000232,-0.009099999352,6.738129832,-0.003520387175,-0.00185977881
6742,0.00869999981,-0.00909999932,6.708910055,0.0001475749997,-0.0001505444039
7137,0.007300000156,-0.009099999178,6.736577186,-0.003150833355,-0.001799245872
7074,0.007500000066,-0.009099999,6.733036078,-0.002444343362,-0.001640450919
6766,0.008599999838,-0.009099998948,6.710591451,6.113182564e-05,-0.0002730748888
6791,0.008499999869,-0.009099998779,6.712394321,-4.906877151e-05,-0.0004016139521
6817,0.008399999889,-0.0090999987,6.714303563,-0.0001836626975,-0.0005343736275
6872,0.008199999937,-0.009099998648,6.71837323,-0.0005269624824,-0.0008054890283
7105,0.007400000182,-0.00909999864,6.734872864,-0.00279136926,-0.001725855257
7014,0.007700000072,-0.009099998542,6.729051204,-0.001796355126,-0.001437736913
6844,0.008299999908,-0.009099998539,6.716302615,-0.00034296152,-0.0006695792426
7044,0.007600000077,-0.009099998507,6.731087967,-0.00211198622,-0.001544035232
6985,0.007800000049,-0.009099998493,6.726949444,-0.001499330336,-0.001322814274
6929,0.007999999981,-0.009099998413,6.722647603,-0.0009675270399,-0.001072647262
6901,0.008099999967,-0.009099998411,6.720495435,-0.0007353551288,-0.0009403985174
6957,0.007900000018,-0.009099998258,6.724806853,-0.001222577866,-0.001200632155
9763,0.003099992174,-0.009099997358,6.730142129,-0.00622933477,0.001441833085
9374,0.001899937292,-0.009099995755,6.740635209,-0.002742798463,0.001193121486
9404,0.001999960135,-0.009099991272,6.739747329,-0.003007532544,0.001235890546
9435,0.002099991639,-0.009099986056,6.738850011,-0.003279829973,0.001275441625
9732,0.002999991723,-0.009099983015,6.730914188,-0.005931266555,0.001449342921
9467,0.002200000367,-0.009099974236,6.737945778,-0.003558912087,0.001311678387
9699,0.002899992912,-0.009099967735,6.731725206,-0.005630744147,0.001450388025
9500,0.002300002844,-0.00909996191,6.737037201,-0.003844032612,0.001344420707
9666,0.002799995288,-0.009099953802,6.73256795,-0.005329065991,0.001445391168
9633,0.00269999898,-0.009099949708,6.733435564,-0.005027427245,0.001434762362
9534,0.002400004274,-0.009099948649,6.736127604,-0.004134388983,0.001373434126
9600,0.002600002278,-0.009099948116,6.734321796,-0.004727046072,0.001418954059
9567,0.002500004395,-0.009099946074,6.735220901,-0.004429035785,0.001398388155
447,0.005700761511,-0.009002914018,6.737413485,-0.009518102466,-0.001361773996
427,0.005600691027,-0.009002761638,6.736331057,-0.009738107,-0.001204653129
468,0.005800747129,-0.009002526748,6.738428049,-0.009277339453,-0.001512910055
406,0.005500548724,-0.009002144713,6.735204128,-0.009935701881,-0.001042378351
491,0.005900692492,-0.009001932523,6.739358212,-0.009013581946,-0.001656219126
384,0.005400402053,-0.009001473078,6.734061277,-0.01010594584,-0.0008754566605
513,0.006000556157,-0.009001276864,6.740184852,-0.008726893038,-0.001789985407
358,0.00530026079,-0.00900084708,6.732925572,-0.01024720731,-0.0007051394279
535,0.006100419438,-0.009000753982,6.740891639,-0.008416795705,-0.001912422135
580,0.00620029133,-0.009000407463,6.741459874,-0.008084660755,-0.002022057864
332,0.005200142873,-0.009000399686,6.731819592,-0.01035771455,-0.000532764001
9148,0.0008987459057,-0.009000333181,6.749490406,-0.0007791440004,0.0007285678848
9168,0.0009988014114,-0.009000324229,6.748718297,-0.0009541692126,0.0008223855501
9189,0.001098865485,-0.009000290367,6.747940294,-0.001144426692,0.0009120213958
9131,0.0007989255537,-0.009000256481,6.750256528,-0.0006205554396,0.000631549387
9212,0.001199043354,-0.009000227692,6.747154146,-0.001349361233,0.0009972312461
9113,0.0006990831068,-0.009000190705,6.751018304,-0.0004786066282,0.0005320084015
7477,0.006300175135,-0.009000171811,6.741870922,-0.007733057432,-0.002117906251
9236,0.001299217907,-0.009000167641,6.746358435,-0.001567922124,0.001077736147
305,0.005100062488,-0.009000149846,6.730761941,-0.01043705671,-0.0003598570956
9098,0.000599318763,-0.00900012232,6.751775698,-0.0003542287515,0.0004316827479
9261,0.001399397062,-0.009000110278,6.745551263,-0.00179937178,0.001153587165
7450,0.006400106497,-0.009000081743,6.742109994,-0.007363705204,-0.00219879829
9082,0.0004995198161,-0.009000072212,6.752526392,-0.0002479432979,0.0003327141626
9287,0.001499555406,-0.009000064439,6.744731148,-0.002042889803,0.00122488357
279,0.005000020518,-0.009000044794,6.729768367,-0.01048577562,-0.0001879227828
9069,0.0003996741235,-0.009000040062,6.753272219,-0.0001604436208,0.0002381395045
9848,0.003299995664,-0.009000031711,6.728667047,-0.007587205259,0.001704304437
9314,0.001599692009,-0.009000031498,6.743896335,-0.002297745593,0.001291803868
9875,0.003399998701,-0.009000025532,6.727960471,-0.007894044454,0.001667091043
9055,0.0002997905389,-0.009000021378,6.754003923,-9.209240615e-05,0.0001519932486
9819,0.003199992376,-0.009000021154,6.729431399,-0.007272796468,0.00173240087
7422,0.006500046374,-0.00900002056,6.742161787,-0.006980039674,-0.002264211929
9901,0.003500000642,-0.009000018608,6.727320068,-0.008191570414,0.001620379562
9342,0.001699800518,-0.009000014707,6.743045962,-0.002563201676,0.001354514497
9925,0.003600001499,-0.009000013219,6.726753996,-0.008478131944,0.00156388766
253,0.004900005099,-0.009000011428,6.728852117,-0.01050481926,-1.831875384e-05
9044,0.0001998849704,-0.009000009816,6.754722753,-4.353555772e-05,7.927089636e-05
230,0.004800003756,-0.009000006068,6.728024896,-0.01049500813,0.0001477485292
7392,0.006600022771,-0.009000005985,6.742016497,-0.006584215915,-0.002313357832
81,0.003700001169,-0.009000005896,6.726270496,-0.008752112743,0.001497433017
9371,0.001799876527,-0.009000004911,6.742179378,-0.002838565368,0.001413184294
9034,9.9945913e-05,-0.009000004475,6.755282056,-1.379282511e-05,2.636590223e-05
9790,0.003099989826,-0.009000004447,6.730245001,-0.006952318083,0.001751737781
66,0.003800001038,-0.009000003546,6.725877612,-0.009011801795,0.001420910816
65,0.003900000799,-0.009000002033,6.725582821,-0.009255613509,0.001334309984
7361,0.006700013263,-0.009000001886,6.741666724,-0.006179137614,-0.00234578498
208,0.004700000647,-0.009000001165,6.72729642,-0.010457153,0.0003091991297
82,0.004000000565,-0.009000001121,6.725393079,-0.009481964526,0.001237691158
97,0.004100000384,-0.009000000599,6.725313922,-0.009689307013,0.001131234724
187,0.004600000213,-0.009000000388,6.726674972,-0.01039190788,0.0004650142564
113,0.004200000172,-0.009000000233,6.725349473,-0.009876157607,0.001015224874
7329,0.006800006892,-0.009000000212,6.741109001,-0.005767521682,-0.002361131543
130,0.004300000106,-0.009000000121,6.725502615,-0.01004111022,0.0008900493102
167,0.00450000004,-0.00900000009,6.726166497,-0.01030014553,0.0006142850177
148,0.00440000006,-0.009000000061,6.725774978,-0.01018284543,0.0007562007345
9035,0.0,-0.009,6.755481079,0.0,0.0
6562,0.01,-0.009,6.700111324,0.0,0.0
6571,0.009799999997,-0.008999999992,6.69979988,3.986880414e-05,0.0002756631717
6563,0.009899999996,-0.008999999992,6.700039101,1.427091491e-05,0.0001573839812
6596,0.009599999996,-0.008999999991,6.699587718,0.0001126357446,0.0004061172458
6625,0.009399999988,-0.008999999967,6.700205222,0.0001839265656,0.0004133231334
6584,0.009699999991,-0.008999999967,6.699586922,7.393457035e-05,0.000357588312
6611,0.009499999989,-0.008999999959,6.699792839,0.0001506109068,0.0004238169526
6642,0.009299999948,-0.00899999993,6.700796378,0.0002086952771,0.0003774290676
6658,0.009199999938,-0.008999999891,6.701557247,0.0002216627541,0.0003185839907
6677,0.009099999903,-0.008999999874,6.702490872,0.0002197665136,0.0002391771405
6696,0.008999999829,-0.008999999732,6.703591371,0.00020038786,0.0001416811555
7297,0.006900003384,-0.008999999519,6.740343518,-0.00535206314,-0.002359197334
6718,0.008899999783,-0.008999999479,6.704849684,0.0001612193921,2.845154048e-05
7264,0.007000001304,-0.008999999328,6.73937412,-0.004935502138,-0.002339970552
7232,0.007100000588,-0.008999999267,6.738208154,-0.004520595436,-0.002303636217
6741,0.00879999976,-0.008999999154,6.70625847,0.0001003374806,-9.820551636e-05
7200,0.007200000468,-0.008999998724,6.736856342,-0.004110095414,-0.002250580379
7168,0.007300000229,-0.008999998671,6.735332703,-0.003706706321,-0.002181379443
6765,0.008699999739,-0.008999998499,6.707809214,1.614511479e-05,-0.0002360252273
6816,0.008499999782,-0.008999998111,6.711293569,-0.0002268608874,-0.0005363359323
6790,0.00859999971,-0.008999998086,6.709491637,-9.261708074e-05,-0.0003827914884
6871,0.008299999872,-0.008999997899,6.715196033,-0.0005736914456,-0.0008552652425
7104,0.007500000184,-0.008999997804,6.731839717,-0.002931746736,-0.001997843262
6843,0.008399999819,-0.008999997694,6.713200534,-0.0003871480258,-0.0006945284186
9401,0.001899940262,-0.008999997681,6.741296261,-0.003123201961,0.001467928659
6928,0.008099999923,-0.008999997613,6.719377755,-0.001024748489,-0.001176168002
6900,0.00819999989,-0.00899999761,6.717261804,-0.000786374455,-0.001016485099
7043,0.007700000106,-0.008999997597,6.727890677,-0.002215498993,-0.001761423984
6984,0.007900000036,-0.008999997343,6.723671778,-0.001575224129,-0.001483145747
6956,0.007999999985,-0.008999997218,6.721522094,-0.001288054188,-0.0013323532
7013,0.007800000096,-0.008999997201,6.725802793,-0.001884911489,-0.001626739485
7073,0.007600000176,-0.008999997164,6.729910955,-0.002565137069,-0.001885612987
7136,0.007400000362,-0.008999997012,6.733654052,-0.003313081576,-0.002096817315
9432,0.001999968544,-0.008999991103,6.740397275,-0.003416331041,0.001518759991
9464,0.002099994058,-0.008999983214,6.73948324,-0.003717306719,0.001565639816
9760,0.002999989381,-0.008999981125,6.731099537,-0.006627313987,0.001762753802
9497,0.002200004121,-0.008999967056,6.738556087,-0.004025334669,0.001608439133
9729,0.002899990738,-0.008999956303,6.73198704,-0.006299229441,0.001765904951
9531,0.002300009215,-0.008999947793,6.737618137,-0.004339586086,0.001646923533
9696,0.002799994422,-0.008999935289,6.732899907,-0.005969453682,0.001761670191
9564,0.002400010217,-0.008999931777,6.736672475,-0.004659129421,0.001680773353
9663,0.002699999589,-0.008999924178,6.733831057,-0.005639302503,0.001750536818
9597,0.002500008861,-0.008999923114,6.735722899,-0.004982973194,0.001709610404
9630,0.002600004888,-0.008999919515,6.734774009,-0.005310078449,0.001733022152
467,0.005700738215,-0.008903139323,6.735277483,-0.01049726135,-0.001598148098
446,0.005600684445,-0.008903010454,6.73417422,-0.01072662079,-0.001413472421
490,0.005800714049,-0.008902735894,6.736319964,-0.01024537798,-0.001775814388
426,0.005500549836,-0.008902322129,6.733031978,-0.01093283283,-0.001222951836
512,0.005900638338,-0.008902052404,6.737283523,-0.009969489595,-0.001944622608
405,0.005400398412,-0.008901592398,6.731883714,-0.01110979983,-0.001027014143
534,0.006000517059,-0.008901348458,6.738151602,-0.009668366412,-0.002102401753
383,0.005300264442,-0.00890091026,6.730752816,-0.0112559691,-0.0008271785065
556,0.0061003808,-0.008900757243,6.738905798,-0.009342200595,-0.002247257128
357,0.005200146029,-0.008900424247,6.72966308,-0.01136945154,-0.0006249279998
581,0.006200264185,-0.0089004217,6.739528562,-0.008991330363,-0.002377196555
9190,0.0009985955757,-0.008900380771,6.749314058,-0.001105926318,0.001016443188
9169,0.0008986173168,-0.0089003393,6.750096005,-0.0009082026907,0.0009067966083
9211,0.001098752756,-0.008900338345,6.748530546,-0.001320149988,0.00112133906
9235,0.001198941045,-0.008900281467,6.74774273,-0.001549610099,0.00122087007
9151,0.0007987597631,-0.0089002605,6.750879922,-0.0007276436895,0.0007928858684
9260,0.001299120614,-0.008900217918,6.746947126,-0.001793344366,0.001314903163
7501,0.006300151738,-0.008900172111,6.739997631,-0.008619407502,-0.002491384192
9132,0.0006989781317,-0.008900170245,6.751668656,-0.0005650530457,0.0006756944692
331,0.005100064662,-0.008900161757,6.728633655,-0.01144977908,-0.0004220241668
9286,0.001399330331,-0.008900149427,6.746140208,-0.002050631053,0.001403553738
9116,0.0005992317857,-0.008900095247,6.752465535,-0.0004213331635,0.0005567684921
9313,0.001499515546,-0.00890009035,6.745319202,-0.002320507894,0.001486906565
7475,0.006400085816,-0.008900062438,6.740297584,-0.008227952677,-0.002588426008
9874,0.003299995333,-0.00890005891,6.728286778,-0.008361023202,0.002027437575
9341,0.001599666535,-0.008900051642,6.744481076,-0.002602143335,0.001565127631
304,0.005000021666,-0.00890004847,6.727679699,-0.01149775938,-0.0002201988905
9847,0.003199990926,-0.008900047639,6.729159086,-0.008021802275,0.002062853003
9099,0.0004994629133,-0.00890004708,6.753269966,-0.000297365936,0.0004383522821
9900,0.003399999658,-0.008900045708,6.727467879,-0.008691846744,0.001981288394
9924,0.003500002422,-0.008900034245,6.726711615,-0.009012375839,0.001923953683
7448,0.006500049354,-0.008900025818,6.740412539,-0.007819972502,-0.002667468128
9085,0.0003996274976,-0.008900024363,6.754088299,-0.0001942036899,0.0003235312509
9818,0.003099987743,-0.008900024037,6.730075706,-0.007675755155,0.002087924677
9948,0.003600003536,-0.008900023142,6.726027168,-0.009320911876,0.001855160555
9370,0.001699799956,-0.008900022875,6.743623753,-0.002894860973,0.001638448267
278,0.004900004987,-0.008900011573,6.726814016,-0.01151438113,-2.099451124e-05
95,0.003700002498,-0.008900010719,6.725423818,-0.009615742754,0.001774740642
9400,0.001799882639,-0.008900009062,6.742745979,-0.003197793339,0.001706975681
9070,0.0002997642515,-0.008900009039,6.754910072,-0.0001126077749,0.000216520566
7420,0.006600024402,-0.008900008293,6.740330235,-0.007398488258,-0.002727833596
80,0.003800002131,-0.008900006311,6.724910576,-0.009895092363,0.001682568636
79,0.0039000016,-0.008900003602,6.724496022,-0.01015733778,0.001578661995
9058,0.000199863649,-0.008900002947,6.755746246,-5.393178339e-05,0.0001224621845
252,0.004800000786,-0.008900002671,6.726047589,-0.01150054769,0.0001742128609
96,0.004000001089,-0.008900001954,6.724187916,-0.01040083788,0.001463145504
229,0.004700000342,-0.008900001109,6.725389758,-0.01145703274,0.0003641673076
7389,0.006700007411,-0.008900001014,6.740042592,-0.006966187511,-0.002768870086
9047,9.993690196e-05,-0.008900000944,6.756397541,-1.73681191e-05,4.800863259e-05
112,0.004100000644,-0.008900000879,6.723992713,-0.01062400581,0.00133625506
207,0.004600000355,-0.008900000664,6.724847916,-0.01138461559,0.0005477119556
129,0.004200000353,-0.008900000406,6.723915765,-0.01082531683,0.001198341712
147,0.004300000198,-0.008900000203,6.723961007,-0.01100333097,0.001049877464
166,0.004400000102,-0.008900000088,6.724131262,-0.01115669926,0.0008914560965
186,0.004500000059,-0.008900000077,6.724427371,-0.01128417273,0.0007237911707
9048,0.0,-0.0089,6.756619569,0.0,0.0
6575,0.01,-0.0089,6.698511087,0.0,0.0
6661,0.009299999964,-0.00889999996,6.699460639,0.0001653667788,0.000391032979
6599,0.00969999999,-0.008899999959,6.698100544,6.534810413e-05,0.0003926907454
6576,0.009899999981,-0.008899999959,6.698453527,1.28939721e-05,0.0001751045933
6585,0.009799999987,-0.008899999953,6.698259351,3.568517467e-05,0.0003048811399
6628,0.009499999985,-0.008899999945,6.698387528,0.0001280680762,0.000456099385
6612,0.009599999982,-0.008899999924,6.69814037,9.796939535e-05,0.0004420853126
9431,0.001899937648,-0.008899999915,6.741846667,-0.00351028481,0.001770834971
6643,0.009399999964,-0.008899999905,6.698843152,0.0001518652589,0.0004380362033
6678,0.009199999891,-0.008899999835,6.700245867,0.000165118326,0.0003177665535
6698,0.009099999862,-0.008899999833,6.70120593,0.0001481544197,0.0002211336747
7358,0.006800004963,-0.008899999799,6.739545105,-0.006525786173,-0.002790109575
6717,0.008999999818,-0.008899999762,6.702328746,0.0001117736233,0.0001039562258
6739,0.008899999674,-0.008899999283,6.703606564,5.370197383e-05,-3.1059099e-05
7326,0.006900001726,-0.00889999893,6.738837033,-0.006080196203,-0.002791294727
7261,0.007100000768,-0.008899998494,6.736805007,-0.005184907345,-0.002733497062
6762,0.008799999593,-0.008899998426,6.705032293,-2.797809248e-05,-0.000181254791
7294,0.007000001565,-0.008899998341,6.737921416,-0.005632264895,-0.002772368578
6787,0.00869999966,-0.008899998234,6.706597441,-0.000134820377,-0.0003440153178
7229,0.007200000644,-0.008899997517,6.735498036,-0.004741041574,-0.002675086828
7197,0.007300000395,-0.008899997443,6.734014182,-0.004303543103,-0.002597755184
6813,0.008599999613,-0.008899997027,6.708291697,-0.0002680244336,-0.0005167730073
6868,0.0083999997,-0.008899996585,6.712017253,-0.0006164678655,-0.0008822043778
6840,0.008499999577,-0.008899996417,6.710103064,-0.0004284197937,-0.000696999183
6897,0.008299999753,-0.00889999604,6.714017656,-0.0008322716605,-0.0010699399
6981,0.007999999984,-0.008899995735,6.72034279,-0.001641947047,-0.001624565302
6925,0.008199999822,-0.00889999568,6.716085921,-0.001075574584,-0.001257799517
7165,0.007400000584,-0.008899995639,6.732370075,-0.003875255815,-0.00250236509
6953,0.008099999937,-0.00889999561,6.718201679,-0.001345776211,-0.001443434424
7010,0.007900000048,-0.00889999518,6.722485802,-0.001962844165,-0.001799001755
7101,0.007600000372,-0.008899995173,6.728680491,-0.003057121992,-0.002261879535
7070,0.007700000321,-0.008899995151,6.726679502,-0.002672367367,-0.002119550974
7133,0.007500000471,-0.008899995046,6.730585043,-0.003458908011,-0.002389978365
7040,0.007800000183,-0.008899994906,6.724606326,-0.002306922635,-0.00196465218
9463,0.001999971467,-0.008899991241,6.740925632,-0.003831598459,0.001830034929
9789,0.002999986827,-0.008899983632,6.73102776,-0.007324537983,0.00210315343
9496,0.002099996811,-0.00889997985,6.739983335,-0.00416098327,0.001884492065
9530,0.002200008822,-0.008899960334,6.739021218,-0.004497597154,0.001934026348
9759,0.002899988962,-0.008899944657,6.732006744,-0.006969596489,0.002109005074
9563,0.002300014282,-0.008899931417,6.738041353,-0.004840563304,0.001978361506
9728,0.002799994512,-0.008899912483,6.7330046,-0.00661241694,0.00210602211
9596,0.002400017156,-0.008899907112,6.737046569,-0.005188848018,0.00201708229
9695,0.00270000178,-0.008899892169,6.734013921,-0.006254416174,0.002094765385
9629,0.002500015468,-0.008899891014,6.736040574,-0.005541365861,0.002049734614
9662,0.00260000949,-0.008899885343,6.735027916,-0.005896964336,0.002075811809
489,0.005700708508,-0.00880329848,6.732713138,-0.01150131576,-0.00184401849
466,0.005600666382,-0.008803194678,6.731574045,-0.01173775518,-0.001629942467
511,0.005800671736,-0.008802820419,6.733797904,-0.01124114823,-0.00205022664
445,0.005500548555,-0.008802529301,6.730404448,-0.01194936387,-0.001409214635
533,0.005900595703,-0.00880215959,6.734814851,-0.01095416869,-0.002246133786
425,0.005400397555,-0.00880168205,6.729236641,-0.01213143185,-0.001182613829
555,0.006000482227,-0.008801404838,6.73574267,-0.01064077173,-0.002429821043
404,0.005300262092,-0.008800944262,6.728100087,-0.01228031811,-0.0009515121583
579,0.006100349535,-0.008800775653,6.736564533,-0.01030024853,-0.002598904064
382,0.005200147152,-0.00880044155,6.727018727,-0.01239439135,-0.0007176895371
606,0.006200248318,-0.008800441301,6.737262751,-0.009932554302,-0.002751079036
9234,0.001098723235,-0.008800391173,6.749061566,-0.001500086212,0.001355025307
9213,0.0009987015236,-0.00880036566,6.749855482,-0.001262108287,0.001234557956
9258,0.001198909123,-0.008800329701,6.748265482,-0.001754391935,0.001469524536
9191,0.0008987705188,-0.008800301059,6.750653119,-0.001041128153,0.001108167045
9283,0.001299085226,-0.008800263808,6.747462637,-0.002023534813,0.00157763952
9172,0.0007989245177,-0.008800214133,6.751459934,-0.0008381587773,0.0009763945909
660,0.006300159339,-0.008800213349,6.737812721,-0.009541592774,-0.00288536935
9310,0.001399315237,-0.008800186693,6.746647689,-0.002306824995,0.001679590116
356,0.005100068392,-0.008800176713,6.726011605,-0.01247350679,-0.000483155467
9152,0.0006990736533,-0.008800128907,6.752281469,-0.0006541392676,0.0008401021789
9338,0.001499495786,-0.008800119497,6.745816992,-0.002603078399,0.001775422084
9899,0.003299995729,-0.008800106068,6.727564673,-0.009132470414,0.00237466181
9923,0.003400002848,-0.008800093684,6.726616974,-0.009486819929,0.002318652579
9872,0.003199989809,-0.008800085672,6.728561598,-0.008768969682,0.002418245988
689,0.00640008703,-0.008800077477,6.738195863,-0.009129659675,-0.003000421431
9367,0.001599658501,-0.008800071366,6.744966134,-0.002911538293,0.001865371007
9947,0.00350000649,-0.00880006362,6.725728705,-0.009830141194,0.002249790533
9135,0.0005993014795,-0.008800059239,6.753122776,-0.0004904747504,0.0007009808227
330,0.005000024387,-0.008800052689,6.725093022,-0.01251878009,-0.0002498506485
9844,0.003099985907,-0.008800050772,6.729597874,-0.008397906621,0.002449806416
9970,0.003600007489,-0.008800039297,6.72491024,-0.01016047634,0.002167718274
9397,0.001699797189,-0.008800034439,6.744092048,-0.003231413484,0.001949656873
719,0.006500035185,-0.008800021473,6.738396031,-0.008699220663,-0.003095035931
110,0.003700005365,-0.008800019165,6.724171931,-0.01047606468,0.002072255416
9117,0.0004994894532,-0.008800017974,6.753986327,-0.000348226615,0.0005611605163
9428,0.001799883847,-0.008800014303,6.743192494,-0.003561798232,0.002028381381
303,0.004900006277,-0.008800013366,6.724275732,-0.0125310876,-1.949558704e-05
94,0.003800004301,-0.008800010997,6.723524016,-0.01077510123,0.001963294811
750,0.006600018691,-0.008800007431,6.738399757,-0.008253086072,-0.003168336435
93,0.003900003141,-0.008800006227,6.722976029,-0.01105592554,0.001840912129
277,0.004800002487,-0.008800004477,6.723569833,-0.01251144633,0.0002063580767
111,0.004000002133,-0.008800003357,6.722536688,-0.01131686824,0.001705279108
9102,0.0003996546745,-0.008800002062,6.754881885,-0.0002289296617,0.0004238221644
9460,0.001899939911,-0.008800002014,6.742265574,-0.003901988418,0.002101650322
128,0.00410000143,-0.008800001914,6.722213831,-0.01155630654,0.001556692022
7419,0.00670000907,-0.008800001688,6.738196834,-0.00779434967,-0.00321961666
146,0.004200000614,-0.00880000066,6.722014147,-0.01177269449,0.001395580324
251,0.004700000239,-0.008800000574,6.722983905,-0.01246072114,0.0004263066661
228,0.004600000258,-0.008800000407,6.722524808,-0.01237968077,0.0006390302043
165,0.004300000361,-0.00880000034,6.72194259,-0.01196454862,0.001222498597
185,0.004400000234,-0.008800000199,6.722002869,-0.01213049632,0.001038141817
206,0.004500000099,-0.008800000108,6.722197023,-0.01226926289,0.000843335469
9062,0.0,-0.0088,6.757766699,0.0,0.0
6589,0.01,-0.0088,6.696675458,0.0,0.0
6590,0.009899999935,-0.008799999891,6.696635622,1.128865072e-05,0.0001907986417
6615,0.009699999921,-0.008799999772,6.696397388,5.531023327e-05,0.0004221165592
6600,0.009799999874,-0.008799999728,6.696495584,3.078586572e-05,0.0003302053678
6681,0.009299999894,-0.008799999719,6.697949524,0.000115428921,0.0003915944611
6646,0.009499999874,-0.008799999639,6.696796224,0.0001018997625,0.000479020919
6629,0.009599999832,-0.008799999574,6.696485626,8.082167243e-05,0.0004704396832
6720,0.009099999768,-0.008799999481,6.699774376,6.648865917e-05,0.0001861270246
6763,0.008899999754,-0.008799999465,6.702238,-6.772028604e-05,-0.0001114316907
6740,0.008999999749,-0.008799999415,6.700930206,1.122169802e-05,4.730923807e-05
6662,0.00939999973,-0.008799999281,6.69730089,0.0001147903359,0.0004517070007
7388,0.006800005171,-0.008799999268,6.737781545,-0.007325859475,-0.003248299635
6699,0.00919999972,-0.008799999089,6.698776518,0.0001003283341,0.0003019355391
6786,0.008799999449,-0.008799998042,6.703690853,-0.0001722287684,-0.0002870702355
7357,0.006900002744,-0.008799997721,6.737151952,-0.006850563629,-0.003254028706
7325,0.007000001559,-0.008799997628,6.7363101,-0.006371453167,-0.003236681619
7293,0.007100001075,-0.008799997098,6.735261788,-0.005891595789,-0.003196402122
9061,9.994352889e-05,-0.008799996548,6.757510458,-2.094784659e-05,7.432731278e-05
6812,0.008699999391,-0.008799996471,6.705280309,-0.0003038034118,-0.0004766190841
6839,0.008599999496,-0.008799996221,6.706996046,-0.0004635573781,-0.0006771315248
9086,0.0002997824323,-0.008799995331,6.755799196,-0.000133677945,0.0002931536421
7260,0.007200001307,-0.008799995324,6.734016585,-0.005414073422,-0.003133590244
9073,0.0001998705068,-0.008799995282,6.756755958,-6.451437881e-05,0.0001744049463
7228,0.00730000084,-0.008799994948,6.732587652,-0.004941943584,-0.003048892642
6867,0.008499999482,-0.008799994452,6.708825872,-0.000652232579,-0.0008857092209
6924,0.008299999646,-0.008799993927,6.712767341,-0.001117323067,-0.001315629398
6896,0.008399999443,-0.00879999375,6.710755292,-0.0008701674952,-0.001099482785
6952,0.008199999809,-0.008799992818,6.714843338,-0.001393296692,-0.001531391306
7039,0.007900000273,-0.008799992777,6.721238333,-0.002384645282,-0.002149829863
9815,0.002999984907,-0.008799992643,6.73066397,-0.008021039391,0.002469910981
7132,0.007600000706,-0.00879999248,6.727375132,-0.003587801459,-0.002673975629
7196,0.007400001017,-0.008799992452,6.730991246,-0.004478250172,-0.002943242987
7009,0.008000000185,-0.008799992397,6.719102155,-0.002028240971,-0.001951049255
6980,0.00809999999,-0.008799992386,6.716962503,-0.001697308782,-0.001744068159
7100,0.007700000476,-0.008799992371,6.725400111,-0.003166586212,-0.002513436164
7164,0.007500000968,-0.008799991768,6.72924659,-0.004025922349,-0.002817797172
7069,0.007800000412,-0.008799991551,6.723346083,-0.002764776933,-0.002338039275
9493,0.001999976005,-0.008799991453,6.741310564,-0.004251221366,0.002169450599
9527,0.002099999125,-0.008799976135,6.740327464,-0.004608689242,0.002231661842
9560,0.002200012964,-0.008799950009,6.739317223,-0.00497352536,0.002288055384
9786,0.002899988572,-0.008799935277,6.731750872,-0.007639853819,0.002479051185
9593,0.002300022197,-0.008799914548,6.738281615,-0.005344770886,0.002338276304
9756,0.002799996606,-0.008799891324,6.732850034,-0.007255868892,0.002477803652
9626,0.00240002579,-0.008799881167,6.737223384,-0.005721316779,0.002381837675
9692,0.002600016165,-0.008799854605,6.735054356,-0.006485498166,0.002446710019
9725,0.002700006841,-0.008799854492,6.733953569,-0.006870657792,0.002466841838
9659,0.002500024719,-0.008799853111,6.736146097,-0.006102016493,0.002418207551
510,0.005700696034,-0.008703397204,6.72963341,-0.0125321648,-0.002097178462
488,0.00560063432,-0.008703164279,6.728438176,-0.01277507611,-0.001852100799
532,0.005800666398,-0.008702968556,6.7307807,-0.01226464608,-0.002333536433
465,0.005500537626,-0.00870259387,6.727230571,-0.0129890003,-0.001599175186
554,0.005900591995,-0.008702261569,6.731867234,-0.01196942996,-0.002558680503
444,0.005400392865,-0.008701723518,6.726033566,-0.01317289641,-0.001339986982
578,0.006000469703,-0.00870150085,6.73287548,-0.01164544725,-0.002770082217
424,0.005300255253,-0.00870095928,6.724882537,-0.01332191019,-0.001075876862
605,0.006100342031,-0.008700824297,6.733785969,-0.01129262389,-0.002965444974
403,0.005200143229,-0.008700446772,6.723802759,-0.01343424125,-0.000808852233
632,0.006200238285,-0.008700442089,6.734581326,-0.01091045145,-0.003142056619
9259,0.001098933624,-0.00870036845,6.749513105,-0.001683614617,0.001613813336
9284,0.001199009778,-0.008700350697,6.748702527,-0.001962598986,0.001743589098
9237,0.0009989272151,-0.00870033758,6.750324212,-0.001421250044,0.001476840377
9309,0.001299149933,-0.008700293091,6.747885103,-0.002257178755,0.001866211271
9214,0.0008990468347,-0.008700251304,6.751142931,-0.001176734708,0.00133291649
9337,0.0013993286,-0.008700217307,6.747054413,-0.002566313021,0.001981793043
381,0.005100078651,-0.008700209264,6.722814478,-0.01350962257,-0.0005411507189
9922,0.003299999657,-0.008700181208,6.726458129,-0.009899860003,0.002745545199
661,0.006300139539,-0.0087001792,6.735235136,-0.01050274076,-0.003298692942
9194,0.0007991694691,-0.008700165428,6.751977803,-0.0009509130994,0.001182207019
9946,0.003400009116,-0.008700158656,6.72536326,-0.0102775482,0.002678918168
9898,0.003199989763,-0.008700146202,6.727598071,-0.009512458902,0.002798078904
9366,0.001499512887,-0.008700145196,6.746204739,-0.002888963367,0.002090491604
9969,0.00350001493,-0.008700116802,6.72432501,-0.01064343106,0.00259766084
9871,0.003099983906,-0.008700097376,6.728772515,-0.009116807241,0.002836835525
690,0.006400089207,-0.008700094362,6.735729033,-0.01007091088,-0.003433513582
9396,0.001599664404,-0.008700089987,6.745331228,-0.003224110247,0.00219248762
9173,0.0006993107356,-0.008700088152,6.752835885,-0.0007451941548,0.00102564667
355,0.005000038502,-0.008700080926,6.721929003,-0.01355000234,-0.0002748924318
9991,0.003600015827,-0.008700076473,6.723354818,-0.01099552305,0.002501405465
9427,0.001699797162,-0.008700047724,6.744429657,-0.003570971908,0.002288026535
126,0.003700013745,-0.008700043997,6.722464395,-0.01133197143,0.002389950839
720,0.006500040009,-0.008700026555,6.736040629,-0.009619110851,-0.003545690265
9459,0.001799885625,-0.008700020558,6.743496902,-0.003928616398,0.002377215568
9155,0.0005994583806,-0.008700019816,6.753726138,-0.0005611054856,0.0008647192992
329,0.004900010715,-0.008700019045,6.721159124,-0.01355618511,-1.193509726e-05
109,0.003800008605,-0.008700018664,6.721665045,-0.0116509874,0.002263255628
9843,0.002999983624,-0.008700011195,6.729970854,-0.008714835341,0.002862477768
751,0.006600022923,-0.008700010964,6.736156739,-0.009149418521,-0.003633891954
108,0.003900005971,-0.008700010572,6.720967699,-0.01195073625,0.00212136615
127,0.004000003935,-0.008700005436,6.72038218,-0.01222961951,0.001964550482
9492,0.001899942218,-0.008700004339,6.742530293,-0.004296255566,0.002460118064
302,0.004800002258,-0.008700003933,6.720515299,-0.01352889339,0.0002459605266
145,0.004100002478,-0.008700002993,6.719917743,-0.0124859827,0.001793169243
164,0.004200001563,-0.008700001464,6.719582245,-0.01271825872,0.001607728707
7445,0.006700008713,-0.008700001461,6.736064926,-0.008665125936,-0.00369731304
276,0.004700000268,-0.008700000639,6.720004987,-0.01346915448,0.0004972331338
184,0.00430000069,-0.008700000598,6.719382127,-0.01292494132,0.001408871757
250,0.004600000243,-0.008700000357,6.719634086,-0.01337786438,0.0007404297689
205,0.004400000414,-0.008700000287,6.719322468,-0.01310462163,0.001197388897
227,0.004500000231,-0.00870000017,6.719406169,-0.0132559962,0.0009742179441
9077,0.0,-0.0087,6.758876638,0.0,0.0
6604,0.01,-0.0087,6.694613493,0.0,0.0
6605,0.009899999889,-0.008699999805,6.694593265,9.495322512e-06,0.0002041690626
6616,0.009799999756,-0.008699999565,6.694516153,2.528765921e-05,0.0003510829094
6647,0.009599999742,-0.008699999481,6.694663816,6.160304797e-05,0.0004904762804
6632,0.009699999686,-0.008699999424,6.694489898,4.423586214e-05,0.0004450248471
6682,0.00939999968,-0.008699999141,6.695574483,7.34487709e-05,0.0004529171185
6665,0.00949999958,-0.008699999126,6.695041659,7.254847085e-05,0.0004917719563
6721,0.009199999724,-0.008699998928,6.697157929,2.822542951e-05,0.000269411319
6764,0.008999999723,-0.00869999864,6.699401231,-0.0001001535509,-3.015138515e-05
7416,0.006800007374,-0.008699998473,6.735757974,-0.008169060315,-0.00373522163
6702,0.009299999492,-0.008699998362,6.696274149,5.970244351e-05,0.0003775038392
6743,0.009099999595,-0.008699998325,6.698201982,-2.420307041e-05,0.0001323597554
6811,0.008799999562,-0.00869999813,6.702239583,-0.0003312102306,-0.0004176981865
6788,0.008899999593,-0.008699997851,6.700749393,-0.0002018796092,-0.0002146450019
7385,0.00690000562,-0.008699995899,6.735232326,-0.007664352661,-0.003747162594
6837,0.008699999149,-0.008699995486,6.703862866,-0.0004895877846,-0.0006359367927
7354,0.007000002702,-0.008699995348,6.734488712,-0.007154114673,-0.003732926211
7322,0.007100002054,-0.008699994386,6.733531703,-0.006641548651,-0.003692605954
9076,9.995012961e-05,-0.008699993536,6.758584542,-2.456784831e-05,0.000105540546
6893,0.008499999359,-0.008699992695,6.707464502,-0.0008971394245,-0.001104621547
6864,0.008599999172,-0.008699992257,6.705608631,-0.0006780275762,-0.0008660147522
7290,0.007200002266,-0.008699991386,6.732369889,-0.006129920156,-0.003626586105
6921,0.008399999354,-0.008699990698,6.709415457,-0.001147143894,-0.001348510993
9526,0.0019999766,-0.008699990186,6.741528431,-0.00467309158,0.002536695165
9136,0.0004996090431,-0.008699989927,6.754652222,-0.0004002070281,0.0007016042993
7257,0.00730000222,-0.008699989873,6.731015674,-0.005622467231,-0.003535522239
9089,0.0001998941302,-0.008699989457,6.757724149,-7.528465677e-05,0.0002353249746
6977,0.008199999734,-0.008699989126,6.713530616,-0.001738630212,-0.001839338439
6949,0.00829999939,-0.008699989048,6.711443898,-0.001427838463,-0.001594465972
7036,0.008000000229,-0.008699988445,6.71779116,-0.002446285218,-0.002313721522
7193,0.007500001582,-0.008699988183,6.727796089,-0.004632986745,-0.003282450905
7066,0.007900000576,-0.008699987646,6.719916993,-0.002840144898,-0.002537446684
7006,0.008100000147,-0.008699987461,6.71565414,-0.002078561045,-0.002080080756
7161,0.00760000141,-0.008699987414,6.725970907,-0.004157203031,-0.00312325299
7129,0.007700001054,-0.008699987074,6.724032639,-0.003698006878,-0.002944606499
7097,0.007800000812,-0.008699986987,6.72200611,-0.003258145158,-0.002748574677
7225,0.007400002506,-0.00869998671,6.729484755,-0.00512244346,-0.003420399341
9103,0.0002998223541,-0.00869998589,6.75664423,-0.0001551614502,0.0003821900754
9120,0.0003997331553,-0.008699982194,6.755628159,-0.0002643841064,0.0005393767983
9559,0.002100004746,-0.008699972906,6.74049082,-0.005058298435,0.002606777908
9592,0.002200019471,-0.008699940498,6.739418119,-0.005450941562,0.002670091455
9814,0.00289999002,-0.008699932329,6.731183692,-0.008307938231,0.002875467731
9625,0.002300030979,-0.00869989944,6.738311773,-0.005850003852,0.002726191425
9785,0.002800001275,-0.008699869157,6.732401972,-0.007897731819,0.002876455832
9658,0.002400036922,-0.008699853618,6.73717442,-0.006254345632,0.002774536767
9755,0.002700015521,-0.008699813478,6.733617197,-0.007485874048,0.002866192573
9691,0.002500037319,-0.008699812418,6.736009551,-0.006662720165,0.002814485834
9724,0.00260002718,-0.008699806483,6.73482195,-0.007073637895,0.002845242608
531,0.005700701089,-0.008603439007,6.72594363,-0.01359062654,-0.00235536752
509,0.005600659728,-0.008603288684,6.724684841,-0.01383539789,-0.002076996305
553,0.005800663578,-0.008602997922,6.727168477,-0.01331868829,-0.002624000936
487,0.005500545112,-0.008602646304,6.72342049,-0.01405112367,-0.001790315356
577,0.005900592934,-0.008602325543,6.728346247,-0.01301656833,-0.00288019976
464,0.005400394558,-0.00860177506,6.722183722,-0.01423427541,-0.001496719607
604,0.00600045935,-0.008601569963,6.729456412,-0.01268396793,-0.003121370562
443,0.005300250714,-0.008600969007,6.721008572,-0.01438123408,-0.00119794722
631,0.006100346389,-0.008600892192,6.7304801,-0.01232029866,-0.003345029629
659,0.006200257621,-0.008600531966,6.73140011,-0.01192468323,-0.003548028742
423,0.005200133729,-0.00860043911,6.719924287,-0.0144895816,-0.0008961310535
9311,0.001199260147,-0.00860032473,6.749032528,-0.002173113636,0.002043316829
9285,0.001099231909,-0.008600323333,6.749864932,-0.001869190903,0.001897633281
9944,0.003300011625,-0.008600298935,6.724922162,-0.0106613065,0.003139762161
9968,0.003400027976,-0.008600285997,6.723660161,-0.01106202794,0.003061733165
9336,0.00129933924,-0.008600284175,6.748192877,-0.002493046145,0.002180809599
9920,0.003199998016,-0.008600274452,6.726225694,-0.01025008037,0.003201805205
9262,0.0009992661612,-0.008600268278,6.750699164,-0.001582427481,0.001743620248
9364,0.001399453396,-0.008600221356,6.747337835,-0.002827898364,0.002310326825
688,0.006300157744,-0.008600212939,6.732183737,-0.01150205984,-0.003729324343
9990,0.00350003153,-0.008600198429,6.7224512,-0.01145066212,0.002967460009
9238,0.0008993395049,-0.008600192828,6.751544754,-0.001313934304,0.001581165275
402,0.005100061411,-0.008600169953,6.718949717,-0.01455957527,-0.0005937515285
9895,0.003099982058,-0.008600163615,6.727557969,-0.009830491272,0.003248584793
9393,0.001499582965,-0.008600156267,6.746460203,-0.003176620913,0.002432107044
10011,0.003600032919,-0.008600139638,6.721309397,-0.0118245936,0.002856238935
9217,0.0007994353646,-0.008600123347,6.75241195,-0.001065059308,0.001410507859
718,0.006400102336,-0.008600107853,6.732814923,-0.01105255875,-0.003886408792
9424,0.001599699657,-0.008600099302,6.74555388,-0.003538191783,0.002546387517
380,0.005000042364,-0.008600088066,6.718099159,-0.01459230972,-0.000293162809
143,0.003700024163,-0.008600067862,6.720246731,-0.01218229247,0.002728079624
9868,0.002999983403,-0.00860006165,6.728908797,-0.009403726699,0.003280293326
9456,0.001699807381,-0.008600059132,6.74461357,-0.003911726166,0.002653377109
9195,0.0006995371556,-0.008600052475,6.753310504,-0.0008373682039,0.001232412661
125,0.003800019556,-0.008600038558,6.71927701,-0.01252152158,0.002582750159
749,0.006500049453,-0.008600033811,6.733267616,-0.01058059744,-0.004018338106
354,0.00490001614,-0.008600028311,6.717379385,-0.01458999729,3.703304707e-06
9489,0.001799891866,-0.008600026783,6.743635312,-0.004296333557,0.002753227176
124,0.003900011719,-0.008600018424,6.718411754,-0.01284074255,0.002420505401
780,0.006600026306,-0.008600011627,6.733526272,-0.01008841545,-0.00412364236
144,0.00400000876,-0.008600011348,6.717662675,-0.0131382046,0.002241595006
9523,0.001899947196,-0.008600006696,6.742615941,-0.004691094956,0.002845928095
163,0.004100004849,-0.008600005203,6.717040095,-0.01341231452,0.002046491051
328,0.004800002903,-0.008600004555,6.716801613,-0.01455307481,0.0002949090562
183,0.004200003336,-0.008600002821,6.716553236,-0.01366144662,0.001835753405
9176,0.000599644383,-0.008600002388,6.754252291,-0.000632677225,0.001048177127
7472,0.006700010698,-0.00860000152,6.733576299,-0.009579278034,-0.004201311854
204,0.004300001599,-0.008600001097,6.71621047,-0.01388409125,0.00161012743
301,0.004700000416,-0.008600000829,6.716373035,-0.01448244853,0.0005787108455
226,0.004400001039,-0.008600000609,6.716018151,-0.01407879965,0.001370497516
275,0.00460000038,-0.008600000326,6.716098317,-0.01437915989,0.0008535300187
249,0.004500000456,-0.008600000273,6.715979983,-0.01424423542,0.00111790354
9093,0.0,-0.0086,6.759918192,0.0,0.0
6620,0.01,-0.0086,6.692336125,0.0,0.0
6621,0.00989999965,-0.00859999939,6.692338035,7.530073967e-06,0.0002149712075
6633,0.009799999434,-0.008599999081,6.69232879,1.931965427e-05,0.000367152
6650,0.009699999035,-0.008599998682,6.692390433,3.208905477e-05,0.0004610584721
6685,0.009499998964,-0.008599998227,6.693065987,4.063663174e-05,0.0004931021243
6666,0.009599998583,-0.008599998088,6.692628901,4.067502516e-05,0.0005015118237
6703,0.009399998488,-0.008599997388,6.693673583,2.834633623e-05,0.0004402064462
7444,0.006800007445,-0.008599997215,6.733408276,-0.009056168693,-0.00425048178
6724,0.009299998752,-0.008599997172,6.694446156,-1.077842447e-06,0.000347303656
6767,0.009099998887,-0.008599996455,6.696494047,-0.0001230763764,5.811765522e-05
6744,0.009199998399,-0.008599996267,6.69539353,-5.045174864e-05,0.0002186205107
6814,0.008899999172,-0.008599995547,6.69914567,-0.000347859546,-0.0003426493148
6789,0.008999998562,-0.008599994785,6.697747136,-0.0002214730358,-0.0001302703979
6838,0.00879999899,-0.008599994019,6.70068255,-0.0005040050061,-0.0005751885722
7415,0.006900006405,-0.00859999325,6.733016752,-0.008522297879,-0.004270558374
9092,9.997107633e-05,-0.008599993026,6.759590634,-2.825433077e-05,0.0001417069145
6865,0.008699998937,-0.008599992614,6.702348465,-0.0006912590589,-0.0008240857181
9556,0.001999982311,-0.008599990456,6.741553376,-0.005095168499,0.002931399974
7384,0.007000006345,-0.008599989865,6.73240066,-0.007980913421,-0.004261228713
7353,0.007100004369,-0.008599989477,6.731563169,-0.007435360219,-0.004222485039
6892,0.00859999879,-0.008599987687,6.704131907,-0.0009105399663,-0.00108558747
9106,0.0001999331107,-0.00859998734,6.758623339,-8.622081913e-05,0.0003053738455
6920,0.008499998984,-0.008599985818,6.706019876,-0.001162313142,-0.001355956877
7289,0.007300003208,-0.008599985045,6.729256822,-0.006345525917,-0.004058491777
6948,0.008399999141,-0.008599984894,6.707996924,-0.001446628315,-0.001631521061
7321,0.00720000481,-0.008599984812,6.730511394,-0.00688909527,-0.004154699244
6976,0.008299999385,-0.008599984641,6.710044499,-0.001763110602,-0.00190865816
9121,0.0002998825582,-0.008599981602,6.757418225,-0.0001769407877,0.0004838359522
7035,0.008100000244,-0.008599981022,6.714268575,-0.002489037738,-0.002453604955
7256,0.007400003983,-0.008599980823,6.727814132,-0.005808151994,-0.003934912354
7005,0.008199999852,-0.008599980771,6.712142405,-0.002110987543,-0.002183841625
7096,0.007900001188,-0.00859997979,6.718507152,-0.003329083393,-0.002963802635
7192,0.007600003053,-0.008599978488,6.724440757,-0.004765439321,-0.003611214048
7224,0.007500004163,-0.008599978161,6.726201735,-0.005280351167,-0.00378526803
7160,0.007700002234,-0.008599977976,6.722554451,-0.004266622504,-0.003414738109
7128,0.007800001867,-0.008599976533,6.720567862,-0.003786913215,-0.003198100031
9156,0.0004997518246,-0.008599976411,6.755243378,-0.0004528926851,0.0008598738888
7065,0.008000000963,-0.008599976316,6.716398564,-0.002895730592,-0.002714664248
9139,0.000399827801,-0.008599975349,6.756301805,-0.0003003187817,0.0006703966081
9589,0.002100010513,-0.008599970393,6.740446637,-0.00550768736,0.003009427727
9840,0.002899992862,-0.0085999453,6.730267246,-0.008971680598,0.003297714158
9622,0.002200027553,-0.008599935185,6.739295945,-0.005927676139,0.003079669263
9655,0.002300041887,-0.008599885828,6.738102578,-0.006354088265,0.003141622931
9811,0.002800009137,-0.008599855239,6.731624014,-0.008535800093,0.003301417013
9688,0.002400049438,-0.008599828872,6.736869119,-0.006785708649,0.00319465029
9752,0.002600041435,-0.00859977577,6.734297424,-0.00765897623,0.003270733263
9782,0.002700028423,-0.008599775529,6.732969904,-0.008097847121,0.003292256583
9721,0.002500052419,-0.00859977378,6.735599009,-0.007221242081,0.003238021251
552,0.005700699989,-0.008503475759,6.721543568,-0.01467581264,-0.002616095744
530,0.005600667577,-0.008503363931,6.720204794,-0.01492055805,-0.002302559282
576,0.005800654637,-0.008503005867,6.72286215,-0.01440193617,-0.002919077651
508,0.005500554392,-0.00850270679,6.718873028,-0.01513505159,-0.001980186195
603,0.005900590151,-0.008502353136,6.724150629,-0.01409526308,-0.003208517557
486,0.005400397346,-0.008501802549,6.71758521,-0.01531540399,-0.001650473221
630,0.006000458228,-0.008501595335,6.725384755,-0.01375618528,-0.003481734365
463,0.005300249616,-0.008500980819,6.716379624,-0.01545763872,-0.001315357647
658,0.006100353359,-0.008500942964,6.72654757,-0.01338338746,-0.003735881325
687,0.006200260236,-0.008500587544,6.727619388,-0.01297641743,-0.003967668844
9967,0.003300031542,-0.008500464065,6.72290953,-0.0114148191,0.003557094203
9989,0.003400055655,-0.008500443463,6.721457719,-0.01183862608,0.003467110229
442,0.005200128798,-0.008500434977,6.715286712,-0.01555962905,-0.0009772175479
9943,0.003200006466,-0.008500417531,6.724398473,-0.01098016477,0.003629363711
10010,0.003500059267,-0.008500319286,6.720055497,-0.01224996201,0.003359160568
9919,0.003099984546,-0.008500283465,6.725910974,-0.01053664612,0.003684549233
9339,0.001199539695,-0.008500254091,6.749233679,-0.002384382101,0.002368578509
717,0.00630016468,-0.008500245583,6.728563447,-0.01254022039,-0.004175917902
9312,0.00109954509,-0.008500241596,6.75009492,-0.002055547268,0.00220648006
9365,0.001299566918,-0.00850023034,6.748363719,-0.002729560564,0.002521325648
10029,0.003600059531,-0.008500214807,6.718718992,-0.01264608986,0.003232429221
9288,0.0009995751312,-0.008500195011,6.750958389,-0.001744242715,0.002034679547
9394,0.001399613736,-0.008500194412,6.747475316,-0.003089897834,0.002665028852
422,0.00510005478,-0.00850016325,6.71432604,-0.01562162154,-0.0006387373224
9423,0.001499692355,-0.008500145944,6.746559689,-0.003464446304,0.002800118289
9894,0.002999985421,-0.008500143617,6.727435892,-0.0100855883,0.003722920871
9263,0.0008996224511,-0.008500132876,6.751835552,-0.001451806178,0.001852956462
161,0.003700047416,-0.008500123101,6.717462202,-0.0130251644,0.003086818571
748,0.006400107289,-0.008500121636,6.729363606,-0.01207452688,-0.004357707204
9455,0.001599759849,-0.008500103058,6.745609672,-0.003852063162,0.002926828454
9241,0.0007996835431,-0.0085000706,6.7527392,-0.001179821588,0.001661402733
142,0.003800036665,-0.008500067673,6.716299911,-0.01338519698,0.002922237464
9488,0.001699833528,-0.008500063859,6.744618824,-0.004251917449,0.003045449243
401,0.00500002109,-0.008500057246,6.713509196,-0.01564522204,-0.0003024155219
779,0.006500056871,-0.008500042657,6.729990658,-0.01158364952,-0.004511833461
9522,0.001799899905,-0.008500032634,6.743582215,-0.004663050686,0.003156078833
141,0.003900022349,-0.008500031457,6.715245602,-0.01372449836,0.002738927439
379,0.00490000975,-0.008500020718,6.712844902,-0.01563203318,2.955016156e-05
9218,0.0006997500799,-0.008500020708,6.753681476,-0.0009300759393,0.001460538324
162,0.004000015214,-0.008500017206,6.714312626,-0.01404131284,0.002537191659
809,0.00660003279,-0.008500015127,6.73042619,-0.01107000075,-0.004636657483
353,0.004800006263,-0.008500010344,6.712340797,-0.01558320546,0.0003551647334
9555,0.001899954526,-0.00850000908,6.742496035,-0.00508453722,0.003258699362
182,0.004100009604,-0.008500008654,6.713512685,-0.01433405695,0.002317582375
203,0.004200005593,-0.008500003786,6.712856662,-0.01460111148,0.002080754675
225,0.004300003153,-0.008500001702,6.712354213,-0.01484092736,0.001827528397
327,0.004700001334,-0.008500001413,6.712002574,-0.01549980487,0.0006725835889
7496,0.00670001499,-0.008500001229,6.730653039,-0.01053686544,-0.004730959179
248,0.004400001826,-0.00850000084,6.712012979,-0.01505203822,0.001558884507
300,0.004600000967,-0.008500000601,6.711834817,-0.01538271043,0.0009800401395
274,0.004500001031,-0.00850000043,6.711838624,-0.01523306089,0.001275956954
9110,0.0,-0.0085,6.760862194,0.0,0.0
6637,0.01,-0.0085,6.689854333,0.0,0.0
6638,0.009899998807,-0.008499998623,6.689883963,5.418798725e-06,0.0002230372571
6669,0.009699998563,-0.008499998327,6.690057809,1.872962238e-05,0.0004691195058
6651,0.009799998439,-0.008499998194,6.689929951,1.305822027e-05,0.0003778629352
6686,0.009599997701,-0.008499997427,6.690384228,1.829074529e-05,0.0005016080814
6706,0.009499997254,-0.008499996588,6.690912349,6.782553771e-06,0.0004810400954
6725,0.009399997534,-0.008499996432,6.691613208,-2.021054995e-05,0.0004122671635
7469,0.006800012392,-0.008499995153,6.730659261,-0.009987258565,-0.004793685015
6747,0.009299996924,-0.008499994936,6.692469898,-6.63945556e-05,0.0002996664742
6768,0.009199997273,-0.00849999467,6.693485057,-0.0001351211341,0.0001480276768
9109,9.998375016e-05,-0.008499994508,6.760500179,-3.199682462e-05,0.0001828677143
6792,0.009099997044,-0.008499992963,6.694654078,-0.0002294867938,-3.828523336e-05
6815,0.008999997719,-0.008499992593,6.69597202,-0.0003520608262,-0.0002548569876
9588,0.001999989191,-0.008499991107,6.741357878,-0.005515407285,0.003353144449
6841,0.008899997924,-0.008499990799,6.697430743,-0.0005049863162,-0.0004973818388
7441,0.006900008828,-0.008499989875,6.730437034,-0.009424532013,-0.004824080797
9124,0.000199965007,-0.008499989614,6.759426072,-9.725816595e-05,0.0003846241747
6894,0.008699998788,-0.008499989459,6.700739257,-0.0009081696337,-0.001043198274
9198,0.0005998132478,-0.008499988085,6.754677178,-0.0007046814947,0.001251464917
6866,0.008799997309,-0.00849998597,6.699022962,-0.0006899474337,-0.0007615867228
7412,0.007000010233,-0.008499984547,6.729983058,-0.00885202075,-0.004821704847
9140,0.0002999398218,-0.008499983306,6.758094677,-0.000198862247,0.0005981743073
6919,0.008599998504,-0.008499982844,6.702566825,-0.001160484653,-0.00133806001
9867,0.002899998119,-0.00849998111,6.728961375,-0.009628860796,0.003745284512
7381,0.007100009111,-0.008499980986,6.729298521,-0.008273247571,-0.004786446215
6946,0.008499998871,-0.00849997824,6.704491726,-0.001447185422,-0.0016419701
9159,0.00039990924,-0.008499977613,6.756877168,-0.0003364825544,0.0008169747403
9177,0.0004998685967,-0.008499976019,6.755734908,-0.0005058854708,0.00103603021
7002,0.008299999606,-0.008499974133,6.708564504,-0.00212274987,-0.002260526937
7350,0.007200009399,-0.008499973802,6.728388849,-0.007691832696,-0.004718600446
7318,0.007300007934,-0.008499972517,6.727264095,-0.007111374768,-0.004618752198
6973,0.008399999266,-0.008499972418,6.706497473,-0.001768144266,-0.001950820578
7032,0.008200000435,-0.008499972183,6.710671392,-0.002510020401,-0.002567164535
7286,0.007400007416,-0.008499969263,6.725937786,-0.006535604456,-0.00448796056
9621,0.002100016916,-0.008499968507,6.740166241,-0.005954765441,0.003439152797
7253,0.007500006152,-0.008499967849,6.724427426,-0.005968158742,-0.004327599235
7093,0.008000001779,-0.008499967796,6.714910625,-0.003376363955,-0.003155987971
7062,0.008100001299,-0.008499967036,6.712795178,-0.002928514629,-0.002866895668
7125,0.007900002531,-0.00849996678,6.716991044,-0.00385139213,-0.003430960751
7189,0.00770000523,-0.008499962473,6.720939114,-0.004872510198,-0.003925606998
7157,0.007800004268,-0.00849996138,6.719009461,-0.004351071019,-0.003688531914
7221,0.007600007151,-0.008499960726,6.722753387,-0.005412660608,-0.0041394661
9654,0.002200035352,-0.008499929395,6.738920942,-0.006401603452,0.003516316091
9687,0.002300052042,-0.00849987614,6.737623054,-0.006854821159,0.003584043903
9839,0.00280002071,-0.008499854306,6.730477669,-0.00916783602,0.003752166538
9720,0.002400062355,-0.008499810524,6.736275151,-0.007313175765,0.003641630027
9781,0.002600053542,-0.008499766141,6.73344575,-0.008239239163,0.003722616269
9810,0.002700045184,-0.008499752256,6.731974943,-0.008704280065,0.003744458616
9751,0.002500067192,-0.008499746637,6.734880779,-0.007775293181,0.003688230825
575,0.005700677514,-0.008403509216,6.716323587,-0.01578601143,-0.002876939442
551,0.005600657599,-0.008403423293,6.714890343,-0.01602845283,-0.002526295774
602,0.005800631109,-0.008403007072,6.717752188,-0.01551256635,-0.003216397727
529,0.005500556192,-0.008402763309,6.713479793,-0.0162391389,-0.002166371552
629,0.005900564278,-0.008402369246,6.71917163,-0.01520368066,-0.003541284399
507,0.005400405635,-0.008401835903,6.712132265,-0.01641414097,-0.001798820804
657,0.006000459655,-0.008401638659,6.720555099,-0.01485988598,-0.003848843041
485,0.005300251407,-0.008400993267,6.710890154,-0.01654931113,-0.001425741361
686,0.006100355329,-0.008400981257,6.721882403,-0.01448038041,-0.004135996348
9987,0.003300061994,-0.008400683553,6.72037108,-0.01215822212,0.003997339848
10009,0.003400095241,-0.008400651764,6.718704614,-0.0126050912,0.003894920373
9964,0.00320002604,-0.008400624317,6.722069885,-0.0117002223,0.004080290151
716,0.006200258038,-0.008400587336,6.723133741,-0.01406447203,-0.004399274683
10028,0.003500106209,-0.008400485817,6.717083612,-0.01303925267,0.003772809713
9940,0.003099993959,-0.008400456533,6.723786408,-0.01123307281,0.004144401522
462,0.005200128188,-0.00840043826,6.709786617,-0.01664251121,-0.00104979039
10046,0.003600101846,-0.008400335151,6.715527114,-0.01345774298,0.003630063678
747,0.006300169955,-0.008400284726,6.724273193,-0.01361580354,-0.004636799783
9916,0.002999987441,-0.008400245125,6.725508378,-0.010758242,0.004190034422
180,0.003700080434,-0.00840018463,6.714050069,-0.01385880941,0.003466628101
9368,0.001199754444,-0.008400169686,6.749282395,-0.002594802674,0.002718983346
9395,0.001299751452,-0.008400164959,6.748373781,-0.002965021847,0.002887343838
441,0.005100051659,-0.00840015924,6.708840778,-0.01669425684,-0.000673848698
9340,0.00109976323,-0.008400155227,6.750179715,-0.002241168433,0.002539954953
9425,0.001399755193,-0.008400151303,6.747442527,-0.003350624874,0.00304554322
9315,0.0009997819197,-0.008400124485,6.751078379,-0.001905472596,0.002349759149
9454,0.00149979521,-0.008400123931,6.746478318,-0.003750682828,0.003194154788
778,0.006400104444,-0.008400120437,6.725275945,-0.01313580748,-0.004846021695
160,0.003800061345,-0.008400107233,6.712670835,-0.01424006958,0.003282230712
9486,0.001599824851,-0.008400088208,6.745472888,-0.004164022387,0.003333511294
9289,0.0008998044584,-0.008400084277,6.751991938,-0.001589228509,0.002148009946
9519,0.001699894553,-0.008400054725,6.744418474,-0.004589891037,0.003463928338
808,0.006500062517,-0.008400051952,6.726114915,-0.01262723203,-0.005024939795
159,0.003900038668,-0.008400049529,6.711403316,-0.01460010864,0.003077306809
421,0.005000015948,-0.008400048885,6.708062901,-0.01670629337,-0.0003005806716
9266,0.0007998446999,-0.008400042505,6.752935551,-0.001294269564,0.001934620601
9891,0.00290000606,-0.008400040342,6.72722411,-0.01027721083,0.004217724861
9552,0.001799925781,-0.008400034549,6.743310014,-0.005026992748,0.003585386966
181,0.004000025533,-0.008400025639,6.710263188,-0.01493706474,0.002852163663
838,0.006600039962,-0.008400019874,6.72676587,-0.01209329085,-0.005171937963
400,0.004900004099,-0.008400013582,6.707460087,-0.01668032718,6.766612287e-05
202,0.004100016149,-0.008400012741,6.709263664,-0.01524938427,0.002607443838
9585,0.001899961317,-0.008400011453,6.742142481,-0.005474629961,0.003697974259
9242,0.0006998831038,-0.008400009624,6.753923916,-0.001022573584,0.001709825836
378,0.004800004322,-0.008400007918,6.707038727,-0.01661764528,0.0004287510129
224,0.004200010251,-0.00840000634,6.708417084,-0.0155354394,0.002343882174
247,0.004300005092,-0.008400002429,6.707734524,-0.01579367158,0.002062385939
352,0.004700001774,-0.00840000197,6.706802968,-0.01651946388,0.0007807254992
273,0.004400003106,-0.008400001181,6.707225605,-0.0160225714,0.001764006156
7519,0.00670002457,-0.008400000889,6.727209118,-0.01153709886,-0.005285502505
326,0.004600001442,-0.008400000649,6.706756001,-0.01638676298,0.00112170322
299,0.00450000182,-0.008400000592,6.706897711,-0.01622071486,0.001449981359
9128,0.0,-0.0084,6.76168147,0.0,0.0
6655,0.01,-0.0084,6.687167224,0.0,0.0
6656,0.009899997141,-0.008399997528,6.687227917,3.234559047e-06,0.0002282708291
9127,9.999271812e-05,-0.008399996413,6.761284527,-3.573851429e-05,0.0002290197751
6670,0.009799995703,-0.008399996066,6.687333591,6.645726521e-06,0.0003826832771
6689,0.009699995525,-0.008399995805,6.687548179,4.814049175e-06,0.0004682254026
6707,0.009599994396,-0.008399995011,6.688013753,-5.507567794e-06,0.000490504931
7495,0.006800022268,-0.008399992292,6.72742982,-0.01096169789,-0.00536434115
9143,0.0001999818143,-0.008399992245,6.760104052,-0.0001082948883,0.0004730552207
6728,0.00949998998,-0.008399991637,6.6886332,-2.926484977e-05,0.000455462958
9618,0.001999995454,-0.008399991413,6.740912848,-0.005931788502,0.003801442775
9221,0.0005999050506,-0.008399990695,6.754975473,-0.0007765346208,0.001474420361
6748,0.009399990767,-0.00839999022,6.689393757,-7.181147866e-05,0.0003681438406
6771,0.009299990557,-0.008399989835,6.690340076,-0.0001359036644,0.0002333289889
9160,0.0002999731544,-0.008399988719,6.758646904,-0.0002207835431,0.000725188928
6793,0.009199990268,-0.008399986322,6.691436414,-0.0002253556093,5.614582574e-05
9180,0.000399961811,-0.008399984745,6.757327871,-0.0003726343385,0.0009791131291
7468,0.006900016572,-0.008399984697,6.727417255,-0.01037054893,-0.005407517301
6818,0.009099990643,-0.008399984691,6.692684734,-0.0003430174024,-0.0001584913617
9199,0.000499936136,-0.00839998309,6.756101245,-0.0005588183471,0.001230040986
6869,0.008899993707,-0.00839997938,6.695606322,-0.0006728187481,-0.0006808012467
6842,0.00899999146,-0.008399979368,6.694077343,-0.0004914925397,-0.0004057369477
7440,0.007000014842,-0.008399978344,6.727165504,-0.009767075585,-0.005414417294
6895,0.008799995064,-0.008399975402,6.697262676,-0.0008886049927,-0.0009789629117
6974,0.008499999258,-0.008399969282,6.702877407,-0.001751467792,-0.00196499114
6947,0.008599998396,-0.008399969091,6.700912599,-0.001427542293,-0.001625723199
9651,0.002100023116,-0.008399968339,6.739619425,-0.006397444886,0.003895432185
6922,0.008699996667,-0.008399967724,6.699035842,-0.001139978302,-0.001295508819
7411,0.007100019048,-0.008399966878,6.726672979,-0.009154961319,-0.005384839229
7001,0.008399999449,-0.008399962742,6.704912474,-0.002111431636,-0.002308747265
7349,0.007300014116,-0.008399957023,6.724984513,-0.007919926257,-0.005217163971
7031,0.008300000582,-0.00839995539,6.706996813,-0.002506597513,-0.002652460143
7380,0.00720002025,-0.008399955252,6.72594322,-0.008537984622,-0.005318920514
7061,0.008200001801,-0.00839995509,6.709107731,-0.002935657881,-0.002991696218
7317,0.00740001303,-0.00839995401,6.723808424,-0.007304786535,-0.00508067249
7092,0.008100002933,-0.008399952004,6.711220865,-0.003396923431,-0.003322233339
7124,0.008000004181,-0.008399948983,6.71330989,-0.003888253689,-0.003639972984
7285,0.00750001432,-0.008399944459,6.722431136,-0.006696509471,-0.004910884292
7156,0.007900006005,-0.008399943877,6.715347133,-0.004407140001,-0.003941055182
7252,0.007600012644,-0.008399941139,6.720872727,-0.006098902002,-0.004709575071
7188,0.007800010235,-0.008399935897,6.717304728,-0.00495071549,-0.004221865719
7220,0.00770001322,-0.008399933371,6.719155458,-0.005515784722,-0.004479046914
9684,0.002200043678,-0.008399927303,6.738261728,-0.006870572657,0.00397947678
9864,0.002800036542,-0.00839989459,6.728923088,-0.009791394453,0.004228066432
9717,0.002300063444,-0.008399872643,6.736840644,-0.007350018538,0.004052891071
9748,0.002400077215,-0.008399804741,6.73535863,-0.007834501668,0.004114884983
9836,0.002700065406,-0.008399750191,6.730593873,-0.009302856147,0.004222237132
9778,0.002500086362,-0.008399735483,6.733819445,-0.008322621074,0.004164531567
9807,0.002600082853,-0.008399709683,6.732228869,-0.008812639375,0.004200675167
601,0.005700665713,-0.008303549829,6.710168005,-0.01691791811,-0.003135588794
574,0.005600645568,-0.00830347495,6.708625874,-0.0171558302,-0.002745839021
628,0.005800624938,-0.008303062622,6.711725984,-0.01664672971,-0.003513535747
550,0.005500549747,-0.008302794628,6.707124125,-0.0173604767,-0.002346504507
656,0.005900558742,-0.008302386087,6.7132935,-0.01633855003,-0.003876305981
528,0.005400406073,-0.008301852426,6.70570972,-0.0175276071,-0.001939363766
685,0.006000451208,-0.008301676407,6.714850159,-0.01599246603,-0.004220547271
506,0.00530025503,-0.008301003607,6.704428409,-0.01765315184,-0.001526747876
10008,0.003300114438,-0.008301002679,6.717257259,-0.01288889601,0.004460139572
715,0.006100345488,-0.008300986006,6.716368422,-0.01560877054,-0.004543349064
9986,0.003200066635,-0.008300908469,6.719191878,-0.01240786506,0.00455426133
10027,0.003400155025,-0.008300905984,6.715347041,-0.01335915746,0.004345155394
10045,0.003500169457,-0.008300695762,6.713479247,-0.01381619962,0.004208521482
9963,0.003100021229,-0.008300684171,6.721137826,-0.01191746829,0.004627796994
746,0.006200257602,-0.00830058016,6.717831883,-0.01518567085,-0.004840698832
10062,0.003600153999,-0.008300461433,6.711673247,-0.01425749616,0.004049552344
484,0.005200133427,-0.008300452694,6.70331522,-0.01773509176,-0.00111155602
9939,0.003000019377,-0.0083004077,6.72308188,-0.01141919649,0.004681040614
777,0.006300162854,-0.008300270427,6.719199396,-0.01472704597,-0.00511042586
200,0.003700121152,-0.008300258421,6.709948122,-0.01468080428,0.00386788357
461,0.005100055991,-0.00830016686,6.702387926,-0.01777434274,-0.0006968697443
9915,0.002900038061,-0.008300151426,6.725012628,-0.0109143008,0.004714447492
179,0.00380008777,-0.008300139575,6.708323746,-0.01508388944,0.003663348507
807,0.006400106829,-0.008300126439,6.720445461,-0.01423380368,-0.005349652663
9426,0.001299883969,-0.008300098822,6.748197195,-0.003198025894,0.0032784682
9457,0.001399873993,-0.008300098572,6.74721316,-0.003608603962,0.003451476645
9398,0.00119989311,-0.00830009551,6.749153093,-0.002803045724,0.003094107836
9369,0.001099903623,-0.008300084739,6.750093669,-0.002424950859,0.002897719775
9487,0.00149988865,-0.008300082927,6.746189316,-0.004033793961,0.003613848073
178,0.003900059301,-0.008300070573,6.706816442,-0.01546519346,0.003436341745
9520,0.001599895304,-0.008300067429,6.745116239,-0.004472391862,0.003765958409
9343,0.0009999163002,-0.008300067019,6.75103343,-0.002065202793,0.002688612521
837,0.006500071736,-0.008300064191,6.721536832,-0.01370918742,-0.00555624388
9551,0.001699927695,-0.008300048463,6.743985303,-0.004923586825,0.00390820068
440,0.005000017265,-0.00830004791,6.701655604,-0.01777270386,-0.0002854932291
9316,0.0008999299046,-0.008300043371,6.751988056,-0.001725485619,0.00246618877
201,0.004000038548,-0.008300035769,6.705442767,-0.01582304765,0.003187356215
9584,0.001799951223,-0.008300029648,6.742790159,-0.005386262881,0.004040644324
9292,0.0007999444979,-0.008300019847,6.752975214,-0.001407778946,0.00223005735
866,0.006600041536,-0.008300019469,6.722445387,-0.01315649854,-0.005728327662
223,0.004100024087,-0.00830001751,6.704217759,-0.0161558478,0.002917065959
420,0.004900003187,-0.008300010744,6.701123959,-0.01773192781,0.000120085033
9617,0.001899979727,-0.00830000901,6.741525476,-0.005859529805,0.004163255584
246,0.00420001418,-0.008300007548,6.703155646,-0.0164619666,0.002626284546
272,0.004300008918,-0.00830000349,6.702269751,-0.01673980142,0.00231597596
399,0.004800000797,-0.008300002618,6.700797486,-0.01765349934,0.0005176046499
9267,0.0006999575786,-0.008300002569,6.754012146,-0.001114349559,0.001980179341
298,0.004400005198,-0.008300001555,6.701571155,-0.01698782537,0.001987293859
377,0.004700001096,-0.008300001035,6.700679256,-0.0175386704,0.0009049723218
325,0.004500003021,-0.008300000761,6.70106899,-0.01720456255,0.001641549161
351,0.004600001697,-0.008300000481,6.700770273,-0.01738861721,0.001280225677
9147,0.0,-0.0083,6.762348383,0.0,0.0
6674,0.01,-0.0083,6.684273755,0.0,0.0
7538,0.006700025927,-0.008299999361,6.723149375,-0.01257839676,-0.005863998535
9146,9.999680287e-05,-0.008299998052,6.761913444,-3.941974304e-05,0.0002801189661
6675,0.009899995049,-0.008299996316,6.684363487,1.006464112e-06,0.0002305945259
9163,0.0001999933751,-0.008299995947,6.760626756,-0.0001192481282,0.0005706567485
9181,0.0002999898496,-0.00829999412,6.759046764,-0.0002425951034,0.0008648514307
6690,0.009799991146,-0.008299993848,6.684558042,-1.278402463e-07,0.0003818320147
6710,0.009699989705,-0.008299993091,6.684897295,-9.262206363e-06,0.0004589732999
9245,0.0005999679296,-0.008299993021,6.755120886,-0.0008479115975,0.001717047111
9202,0.0003999851372,-0.008299991918,6.757626387,-0.0004085546387,0.001156744841
6729,0.009599985593,-0.008299991269,6.685460706,-3.033113264e-05,0.0004684905694
9650,0.00200000238,-0.008299990614,6.740187755,-0.006342323761,0.004275741014
6751,0.009499986588,-0.00829999044,6.686164041,-6.755804706e-05,0.0004160259484
9222,0.0004999772935,-0.008299990114,6.756315553,-0.0006114181472,0.001441872394
7516,0.00680002542,-0.008299988468,6.72362991,-0.01197811143,-0.005961770566
6772,0.00939998078,-0.008299985352,6.687021002,-0.0001261734727,0.0003069449942
6796,0.009299981508,-0.008299984454,6.688061177,-0.0002094190154,0.0001470229481
6819,0.00919998081,-0.008299979422,6.689251865,-0.0003208911085,-5.846957111e-05
7492,0.006900024808,-0.008299978659,6.723872884,-0.01135914471,-0.006020465723
6845,0.009099981513,-0.008299975608,6.690589363,-0.0004634152926,-0.000304143612
9683,0.002100029418,-0.008299970755,6.738774691,-0.006833654866,0.004377681815
7465,0.007000025725,-0.008299966941,6.723869011,-0.01072508008,-0.006039283205
6870,0.008999982384,-0.008299966761,6.692065791,-0.000639512174,-0.0005847133619
6898,0.008899986051,-0.008299961564,6.693673301,-0.0008511434734,-0.00089489084
6923,0.008799991843,-0.008299961264,6.695401265,-0.001099789983,-0.001229431758
7437,0.007100026954,-0.008299955692,6.72361398,-0.01007967159,-0.00601779862
7003,0.008500000041,-0.008299953779,6.701172032,-0.002075127859,-0.002327422408
6950,0.008699994697,-0.00829995151,6.697237106,-0.001386473922,-0.001583179476
7030,0.008400001555,-0.008299949888,6.703234473,-0.002476504126,-0.00270773742
6975,0.008599997843,-0.008299946933,6.699166341,-0.001711614231,-0.001950899955
9890,0.002800063325,-0.008299937768,6.726918035,-0.01040440128,0.004728798083
7408,0.007200036377,-0.008299933906,6.723107953,-0.009426911262,-0.005956109015
9716,0.002200052344,-0.008299932327,6.737285658,-0.007332435368,0.004468539394
7059,0.008300003147,-0.00829993153,6.705331086,-0.002914688632,-0.003086877652
7089,0.008200004602,-0.008299928635,6.707437809,-0.003387990346,-0.003459847312
7377,0.007300034352,-0.008299925654,6.722357193,-0.008770780566,-0.005854558024
7121,0.008100007081,-0.008299922738,6.709528238,-0.003894432712,-0.00382201859
7346,0.007400032651,-0.008299916176,6.721371256,-0.008115500925,-0.005714192786
7314,0.007500028588,-0.008299908482,6.720164763,-0.007465258132,-0.00553643321
7153,0.008000012384,-0.008299907088,6.711574747,-0.004431579299,-0.004168930804
7185,0.007900015702,-0.008299905537,6.713549286,-0.004996460478,-0.004496231476
7249,0.007700023206,-0.008299903195,6.717167284,-0.006196417415,-0.005076763246
7282,0.00760002659,-0.008299902281,6.718756135,-0.006824202091,-0.005323177692
7217,0.007800022683,-0.008299893666,6.71542245,-0.005585963974,-0.004800096303
9747,0.002300076376,-0.008299876439,6.735721418,-0.007837490685,0.004547557006
9777,0.002400094548,-0.008299811499,6.734084461,-0.008347456623,0.00461381212
9863,0.002700091119,-0.008299794262,6.728787267,-0.009891111312,0.004724906571
9806,0.002500108934,-0.008299743193,6.732378566,-0.008860933126,0.004666312683
9835,0.002600107657,-0.008299724503,6.730610246,-0.009376092636,0.004703757719
627,0.005700664894,-0.008203575764,6.702951857,-0.01806729858,-0.00338968706
600,0.005600619193,-0.008203363588,6.70127655,-0.01829999583,-0.002959021395
655,0.005800627096,-0.008203125676,6.704657742,-0.01780052935,-0.00380820877
573,0.005500542258,-0.008202781741,6.699683607,-0.01849477351,-0.002518226853
684,0.005900556269,-0.008202423262,6.706393864,-0.01749533714,-0.004211096547
549,0.005400405466,-0.008201851618,6.698198544,-0.01865131829,-0.002069764593
714,0.00600044957,-0.008201669626,6.708144061,-0.01715006845,-0.004594717882
10026,0.00330019671,-0.008201380653,6.713514785,-0.013604639,0.00494550129
10005,0.003200138342,-0.008201265933,6.715714583,-0.01310066081,0.005051018034
10044,0.003400233689,-0.008201220016,6.711330682,-0.01409812361,0.004817710071
527,0.005300258648,-0.0082010062,6.696877328,-0.01876478411,-0.001616079548
9983,0.003100084595,-0.008200960182,6.717916945,-0.01258747438,0.005134404877
745,0.0061003418,-0.008200951701,6.709881792,-0.01676445798,-0.004955765077
10061,0.003500244199,-0.008200933897,6.709184277,-0.01457825459,0.004666457907
776,0.006200256386,-0.008200601881,6.711594626,-0.01633567553,-0.00528963596
268,0.003600210313,-0.008200598089,6.707096671,-0.01504257561,0.004491121252
9960,0.003000074807,-0.008200597357,6.720109887,-0.01206618497,0.005195676318
505,0.0052001573,-0.008200518276,6.69576226,-0.01883255523,-0.001160347419
221,0.003700163022,-0.008200339094,6.705092313,-0.01548839416,0.004290984127
806,0.006300171149,-0.00820028202,6.71322693,-0.01586921819,-0.005594488038
9936,0.002900080082,-0.008200249083,6.722281476,-0.01153802526,0.005235305585
483,0.005100069951,-0.00820018966,6.694856879,-0.01885756237,-0.000705682105
199,0.003800116996,-0.008200176837,6.703191926,-0.01591371564,0.004066051029
836,0.00640011449,-0.008200155007,6.714757048,-0.01536484021,-0.005866681275
198,0.003900078995,-0.0082000896,6.701414463,-0.01631686365,0.003816708842
9521,0.001499934148,-0.008200058711,6.745665391,-0.004311984969,0.00405846769
9490,0.001399941991,-0.008200058662,6.746760212,-0.003862237411,0.003882196658
9458,0.001299944283,-0.008200058643,6.747807324,-0.003427104334,0.00369407517
865,0.006500065346,-0.008200055015,6.716142077,-0.01482666733,-0.006104186949
9429,0.001199954408,-0.008200052892,6.748819243,-0.00300784589,0.003493402628
460,0.005000020479,-0.008200051329,6.694179017,-0.01884031477,-0.000255086212
222,0.004000053269,-0.008200047905,6.699777772,-0.01669626387,0.003543554766
9553,0.001599946811,-0.008200047589,6.744511589,-0.004775423216,0.004223562207
9399,0.001099963127,-0.008200044836,6.749810487,-0.002605763587,0.00327927554
9372,0.0009999651913,-0.008200036393,6.75079745,-0.00222240284,0.003050757834
9583,0.001699962337,-0.008200034563,6.74328986,-0.005251443104,0.004377777418
245,0.004100034194,-0.008200023394,6.698298254,-0.01705036315,0.003247366726
9344,0.0008999746776,-0.008200022498,6.751797859,-0.001859656579,0.002807034134
9615,0.001799981044,-0.008200020663,6.741992724,-0.005739062255,0.004521252512
892,0.006600038338,-0.008200017215,6.717355749,-0.01425664702,-0.006304366324
271,0.004200021406,-0.008200011747,6.696992747,-0.01737747995,0.002929001886
439,0.004900004562,-0.008200011279,6.69373155,-0.01878279411,0.0001887658512
9319,0.0007999774458,-0.008200011092,6.752831924,-0.001519627975,0.00254734482
9647,0.001900001743,-0.008200004354,6.740614389,-0.006237293595,0.004653908183
297,0.004300010142,-0.008200003801,6.695876316,-0.01767602215,0.002589524753
419,0.004800000906,-0.008200001881,6.69351596,-0.01868677235,0.0006235435025
9293,0.0006999847121,-0.008200001393,6.753919786,-0.001204868976,0.002271336316
324,0.00440000442,-0.008200001244,6.694962133,-0.0179443894,0.002230108481
350,0.004500002508,-0.00820000059,6.694261389,-0.01818107126,0.001852147818
398,0.004700000642,-0.008200000365,6.693533447,-0.01855361625,0.001047047088
376,0.00460000127,-0.008200000255,6.693783082,-0.01838461045,0.001457216308
9167,0.0,-0.0082,6.762847519,0.0,0.0
6694,0.01,-0.0082,6.681187134,0.0,0.0
9166,9.999882677e-05,-0.008199999069,6.762363211,-4.305254567e-05,0.000336231309
941,0.006700020528,-0.008199998844,6.718369331,-0.01365808709,-0.006465229773
9184,0.0001999980109,-0.00819999829,6.760964448,-0.0001299808217,0.0006773854944
9912,0.00280010633,-0.008199997536,6.724419991,-0.01100437083,0.005253779929
9203,0.0002999960603,-0.008199996784,6.75926598,-0.0002641624155,0.001017070536
9270,0.0005999871439,-0.008199996411,6.755086927,-0.0009183437236,0.001979069513
9225,0.000399993628,-0.008199995396,6.757744364,-0.0004440464743,0.001349757108
6695,0.009899991479,-0.008199995302,6.681298807,-1.216907315e-06,0.0002297470414
9246,0.0004999897157,-0.008199994556,6.756350549,-0.0006633663741,0.001671328101
9680,0.002000016927,-0.008199992025,6.739150881,-0.006745052175,0.004775395166
6711,0.009799982218,-0.008199991437,6.681565951,-7.451864321e-06,0.0003748789428
6732,0.009699977366,-0.008199989365,6.68202978,-2.400495497e-05,0.0004407273422
6752,0.0095999744,-0.008199987751,6.682703942,-5.588029611e-05,0.0004341645496
7537,0.006800026611,-0.008199986363,6.71916017,-0.01303410588,-0.006585017473
6775,0.009499966047,-0.008199983255,6.683516446,-0.0001075998441,0.0003612049723
6797,0.009399960157,-0.008199977601,6.684495428,-0.0001832887332,0.0002275580255
6822,0.009299965982,-0.008199976919,6.685637882,-0.0002868428999,3.948588365e-05
9713,0.002100035411,-0.008199975093,6.737599472,-0.007261336486,0.004885255472
7515,0.006900030069,-0.008199972006,6.719709976,-0.01238830865,-0.006662261615
6846,0.009199958291,-0.008199965892,6.686931718,-0.0004216733796,-0.0001973142658
6873,0.009099967548,-0.008199963461,6.688368047,-0.0005905937716,-0.0004769164148
7491,0.007000035142,-0.008199956554,6.72000577,-0.01172429782,-0.006695897545
6899,0.008999962726,-0.00819994033,6.689937663,-0.0007960971493,-0.0007936827568
9744,0.002200060909,-0.008199938408,6.735959034,-0.007785085469,0.004982877731
7464,0.007100047208,-0.008199933521,6.720039198,-0.01104598743,-0.006685345181
6926,0.008899971075,-0.008199931456,6.691631161,-0.001039964257,-0.001141684082
6951,0.008799977518,-0.008199913922,6.693436207,-0.001323622692,-0.00151526493
6978,0.008699989427,-0.008199911894,6.695338882,-0.00164780578,-0.001908579336
7436,0.00720005566,-0.008199910769,6.719807713,-0.01035747113,-0.006630406609
7033,0.008500002737,-0.008199907117,6.699367627,-0.002418403496,-0.00273179143
7004,0.008599997082,-0.008199904626,6.697322314,-0.002012848882,-0.002316003779
7060,0.008400007772,-0.008199898354,6.701452721,-0.002863687726,-0.003150402319
7407,0.007300057731,-0.008199891292,6.719313727,-0.009663019888,-0.006531425062
9774,0.002300089593,-0.008199888155,6.734230405,-0.008315030929,0.005067377682
7090,0.008300011033,-0.008199887537,6.703553483,-0.003347296053,-0.003566298631
7120,0.008200013867,-0.008199882309,6.705643773,-0.003867281859,-0.00397408077
7376,0.007400061924,-0.008199872876,6.718564525,-0.008967001215,-0.006389285023
7152,0.008100018991,-0.008199870874,6.707695334,-0.004421290282,-0.004368634757
7313,0.007600049985,-0.008199855727,6.716354736,-0.007588238598,-0.005981627612
7345,0.007500062608,-0.008199851853,6.717572325,-0.008273961928,-0.006205428002
7184,0.008000028881,-0.008199851255,6.70967894,-0.005006476442,-0.004745048935
7281,0.007700046895,-0.008199849781,6.714931135,-0.006914408488,-0.005720531271
7216,0.00790003467,-0.008199844322,6.711565793,-0.005619516901,-0.005098612235
9887,0.002700131491,-0.008199827491,6.72651301,-0.0104670372,0.005252189797
7248,0.007800049471,-0.008199826464,6.713325461,-0.006256866613,-0.005425150313
9803,0.002400114763,-0.008199825833,6.732416083,-0.008849817027,0.005137774713
9860,0.002600138744,-0.008199765293,6.728550051,-0.009927563699,0.005231459382
9832,0.002500139223,-0.008199762467,6.730520076,-0.009387992447,0.00519296238
654,0.005700670927,-0.008103561517,6.694544467,-0.01922860002,-0.003636825327
626,0.005600643808,-0.008103424692,6.692741644,-0.01945109734,-0.003163006814
683,0.00580062762,-0.008103111642,6.696410755,-0.01896916766,-0.004098138226
599,0.005500547503,-0.00810277508,6.691037333,-0.0196355784,-0.002679148203
713,0.005900551926,-0.008102446375,6.698340022,-0.01866871856,-0.004543261056
572,0.005400406839,-0.008101840798,6.689476669,-0.0197793778,-0.002187724218
10043,0.003300298107,-0.008101792732,6.709090362,-0.0143028018,0.005453359981
744,0.00600043726,-0.008101654938,6.700307064,-0.0183267303,-0.004968685753
10025,0.003200232395,-0.008101604879,6.711584176,-0.01377648617,0.005570743176
10060,0.003400316618,-0.008101563281,6.706599423,-0.0148192816,0.005312661032
10004,0.003100174728,-0.008101253959,6.714074247,-0.01324059568,0.005664010782
10077,0.00350030207,-0.008101174165,6.704139724,-0.01532250858,0.005146829816
548,0.005300256244,-0.008100999995,6.68811627,-0.0198784881,-0.001691490885
775,0.006100333054,-0.008100958771,6.702296446,-0.01794109542,-0.005370453865
9982,0.003000145179,-0.008100791113,6.716545041,-0.01269669402,0.005733620315
269,0.003600259387,-0.008100764529,6.701737273,-0.015809703,0.004954864186
805,0.006200249283,-0.008100565382,6.704286391,-0.01751025994,-0.005744114527
526,0.005200142016,-0.00810047742,6.686997036,-0.01993102702,-0.0011938445
243,0.003700199528,-0.00810041865,6.699417659,-0.01627842118,0.004736270065
9959,0.002900140798,-0.008100364249,6.718986315,-0.01214566374,0.005779623754
835,0.006300179739,-0.008100328137,6.706229533,-0.01703725635,-0.006086668554
504,0.005100078308,-0.008100209758,6.686132126,-0.0199386156,-0.0006982105424
220,0.003800137082,-0.008100208708,6.697207067,-0.01672627035,0.00449082848
864,0.00640010881,-0.008100136134,6.708081074,-0.01652508891,-0.006395309837
219,0.003900088384,-0.008100103229,6.695125976,-0.01715166694,0.004218996872
9935,0.002800157238,-0.008100093483,6.721387168,-0.01158863698,0.005802319463
891,0.006500070296,-0.008100062563,6.709810733,-0.01597469146,-0.006666656674
482,0.005000024602,-0.00810005398,6.685521896,-0.01990383661,-0.000207444725
244,0.004000053927,-0.008100046742,6.693192843,-0.01755320631,0.003921541269
9524,0.001399978921,-0.008100030482,6.746055272,-0.004110209907,0.004337120293
9586,0.001599980499,-0.008100027656,6.743629669,-0.005071520201,0.004705677792
9461,0.001199983415,-0.008100027151,6.748252953,-0.003208235072,0.003916431256
9554,0.001499982178,-0.008100026266,6.744877138,-0.004584048772,0.004527574499
9491,0.001299982889,-0.008100025921,6.747175798,-0.003651217569,0.00413373371
9616,0.001699986685,-0.008100024411,6.742302513,-0.005571671121,0.004871921875
270,0.004100031583,-0.00810002079,6.691427002,-0.01792923628,0.003599240136
916,0.006600044122,-0.008100020047,6.711379054,-0.01538951464,-0.006898273675
9430,0.00109999045,-0.008100017513,6.749302493,-0.002782767386,0.003684238907
9402,0.0009999921102,-0.008100013708,6.7503428,-0.002376401127,0.003435885804
459,0.004900006543,-0.008100012931,6.685175621,-0.01982777713,0.0002755184229
296,0.00420001804,-0.008100009063,6.689846624,-0.01827813712,0.003253057517
9373,0.0008999938645,-0.008100008537,6.751393874,-0.001991141062,0.003170235737
9648,0.001800001214,-0.0081000083,6.74088733,-0.006083527642,0.00502650536
9347,0.0007999952084,-0.008100003954,6.752478293,-0.00162932262,0.002886212237
438,0.00480000292,-0.008100003783,6.685090636,-0.01971249455,0.0007482592359
323,0.004300009751,-0.008100003414,6.688469033,-0.01859827514,0.002884101279
349,0.004400005943,-0.008100001498,6.687309812,-0.0188880264,0.002493624428
375,0.004500003268,-0.008100000633,6.686382475,-0.01914581908,0.002083087192
418,0.00470000084,-0.008100000476,6.685265742,-0.01955949508,0.001208515098
9320,0.0006999962068,-0.008100000378,6.753619403,-0.001293684557,0.002583006445
397,0.004600001677,-0.008100000337,6.685698293,-0.01937013003,0.001654114994
9188,0.0,-0.0081,6.763156853,0.0,0.0
6715,0.01,-0.0081,6.67790817,0.0,0.0
9187,9.999961842e-05,-0.008099999643,6.762609744,-4.673815292e-05,0.0003972205258
9206,0.0001999993427,-0.008099999376,6.761089392,-0.0001403766222,0.0007930819758
942,0.006700030577,-0.008099998867,6.712755181,-0.01477234069,-0.007087690117
9226,0.000299998866,-0.008099998848,6.759275605,-0.0002853708188,0.001181707335
9679,0.001900012587,-0.008099998784,6.739378093,-0.006605956909,0.005169204718
9296,0.0005999967588,-0.008099998385,6.754845738,-0.0009874986989,0.002260243926
9249,0.0003999981758,-0.008099998213,6.757653402,-0.0004789249682,0.001557940767
9271,0.0004999973619,-0.008099997698,6.756178146,-0.0007144111383,0.001918185918
6716,0.009899986706,-0.008099994474,6.678045175,-3.351693907e-06,0.0002255704682
9712,0.002000024713,-0.00809999235,6.737770107,-0.007137943007,0.005299687983
6733,0.009799973951,-0.008099990314,6.678395755,-1.49695744e-05,0.0003610678365
6755,0.009699961448,-0.008099986322,6.678995957,-3.963958242e-05,0.0004124717039
7555,0.006800028526,-0.008099985363,6.713911487,-0.01412635515,-0.00723279718
6776,0.009599951567,-0.008099983161,6.679786337,-8.260037099e-05,0.0003867430695
9743,0.002100040949,-0.008099980168,6.736060348,-0.007678439132,0.005417427738
6800,0.009499946868,-0.008099979554,6.680704389,-0.0001492915575,0.0002901328906
6823,0.009399935667,-0.008099970745,6.681810141,-0.0002431019587,0.0001288505005
7534,0.006900036956,-0.00809996617,6.714824892,-0.01345507251,-0.007331883638
6849,0.00929992644,-0.008099962613,6.683069169,-0.0003681654023,-9.060095433e-05
6874,0.009199933296,-0.008099957238,6.684475424,-0.0005277165258,-0.0003618102702
9773,0.002200067548,-0.008099950981,6.734247385,-0.008226358728,0.005521721182
7512,0.007000055958,-0.00809994133,6.715477773,-0.01276216837,-0.007383587091
6902,0.009099932108,-0.008099936783,6.686019294,-0.0007246795644,-0.0006785540679
6927,0.008999942437,-0.008099922696,6.687690658,-0.0009613047849,-0.001034428245
7488,0.007100063584,-0.008099916841,6.715857767,-0.01205171268,-0.007386975672
9802,0.002300098885,-0.008099907043,6.732331942,-0.008780417721,0.005611617441
7461,0.007200067071,-0.008099892443,6.715957936,-0.0113279086,-0.007341696594
6954,0.008899950121,-0.008099890854,6.689476787,-0.001239435978,-0.001423229162
6979,0.008799967744,-0.008099879119,6.691364062,-0.001560165793,-0.001838482906
9911,0.002700180397,-0.008099878154,6.72373075,-0.01102798121,0.005803324316
9831,0.002400126871,-0.008099855467,6.730316771,-0.009339209522,0.005686011963
7007,0.008699982555,-0.008099854948,6.693335503,-0.001924218665,-0.002274026046
7433,0.007300086658,-0.008099854551,6.715776175,-0.01059520705,-0.007248012529
7034,0.008599998247,-0.008099850643,6.695372629,-0.002331520058,-0.002723423884
7063,0.008500009841,-0.008099844304,6.697453442,-0.002781579136,-0.003180521135
7091,0.008400018903,-0.008099839085,6.69955372,-0.003273223394,-0.003639113438
7404,0.007400093038,-0.008099822849,6.715317331,-0.009858269805,-0.007106556352
7122,0.008300027778,-0.008099821266,6.701646544,-0.003804773482,-0.004093208299
9886,0.002600175952,-0.008099812908,6.726008186,-0.01046476308,0.005783225269
7151,0.008200036737,-0.008099803114,6.703703735,-0.00437390092,-0.004536870288
9859,0.00250016593,-0.0080997988,6.728205866,-0.009901371948,0.005743760843
7373,0.007500098029,-0.008099794529,6.714590672,-0.009121802387,-0.006918679748
7182,0.008100047586,-0.008099786936,6.705695404,-0.004977786623,-0.004964427782
7342,0.007600097312,-0.008099779428,6.713610903,-0.008390574902,-0.006686255059
7310,0.007700089085,-0.008099771428,6.712396816,-0.007669467759,-0.00641185948
7213,0.008000061299,-0.008099767893,6.707590476,-0.005613178814,-0.005370548591
7278,0.007800089791,-0.008099742919,6.710970203,-0.006963293233,-0.006098736726
7245,0.007900079406,-0.008099742361,6.709358454,-0.006276407132,-0.005750245393
682,0.005700684001,-0.008003553963,6.68481757,-0.02039407049,-0.003874407656
653,0.005600657659,-0.00800344208,6.682873977,-0.02060453079,-0.003355606765
712,0.005800639311,-0.008003083729,6.686855649,-0.02014470223,-0.004380632464
625,0.005500557089,-0.008002771314,6.681056766,-0.02077575855,-0.002826950055
743,0.005900566188,-0.008002455669,6.688997337,-0.0198515267,-0.004870293034
10059,0.003300394248,-0.008002188027,6.703929125,-0.01498058238,0.005983738385
10041,0.003200330238,-0.008002008525,6.706753894,-0.0144317611,0.006112652151
10076,0.00340039263,-0.008001909046,6.701096661,-0.015519616,0.005829987514
598,0.005400411131,-0.008001820067,6.679418607,-0.02090467136,-0.002291050616
774,0.00600044394,-0.008001675441,6.691208442,-0.01951484864,-0.005339796397
10022,0.003100268941,-0.008001531485,6.709559962,-0.01387409194,0.00621637732
10091,0.003500357351,-0.00800140588,6.698285936,-0.01604580508,0.005649612064
10001,0.003000221687,-0.008000996508,6.712341102,-0.01330786659,0.006294326802
571,0.005300258138,-0.008000981219,6.678023124,-0.02098730197,-0.001750937198
804,0.006100339653,-0.008000968767,6.693475517,-0.01913223503,-0.005785041323
294,0.003600294342,-0.008000914838,6.695531382,-0.01655575411,0.005441057273
834,0.006200250172,-0.008000585496,6.695780924,-0.01870143793,-0.006201058794
9979,0.002900204784,-0.008000513835,6.715083776,-0.01273435957,0.00634672411
266,0.003700223088,-0.008000500257,6.692860064,-0.01704722016,0.005203907186
547,0.005200135597,-0.008000435511,6.676909385,-0.021022479,-0.001210219102
242,0.003800157281,-0.008000267129,6.690303637,-0.01751756588,0.004937789879
863,0.00630015453,-0.0080002426,6.698059206,-0.01822700398,-0.00658511968
9956,0.002800205399,-0.008000169739,6.717775122,-0.01215486409,0.006374080915
525,0.005100061563,-0.008000166642,6.676092754,-0.02101148127,-0.0006724690149
241,0.003900096917,-0.008000116985,6.687880403,-0.01796563599,0.004643552098
890,0.006400098578,-0.008000114212,6.700286766,-0.01770802597,-0.00693287554
503,0.005000041718,-0.008000083126,6.675576223,-0.0209565339,-0.0001409317323
267,0.004000062107,-0.008000059051,6.685615347,-0.01838957636,0.004321659736
915,0.00650006122,-0.008000050161,6.702409295,-0.01714820115,-0.007241483973
295,0.004100031656,-0.008000021709,6.683526638,-0.01878805672,0.003973226542
9587,0.001499991658,-0.00800001779,6.7437962,-0.004848231914,0.005020202431
481,0.004900011553,-0.008000017174,6.675349026,-0.02086062194,0.0003819230867
940,0.006600041518,-0.008000017129,6.704387098,-0.01655009587,-0.007507932697
9649,0.001699998981,-0.00800001544,6.740992849,-0.005882592312,0.005389862316
9557,0.001399993569,-0.008000014912,6.74506973,-0.004351190189,0.00481553489
9619,0.001599996598,-0.008000013632,6.742440807,-0.005359085318,0.005211514019
9525,0.00129999487,-0.008000012548,6.746274663,-0.003869063883,0.004596680102
9494,0.001199996253,-0.008000010013,6.747426276,-0.003403161088,0.00436258717
322,0.00420001792,-0.008000009043,6.681636191,-0.01915932278,0.003599121658
9462,0.001099997334,-0.008000007974,6.74854213,-0.002954981458,0.004111962044
9433,0.000999997383,-0.008000006703,6.749642202,-0.002526291158,0.003843346597
458,0.004800005358,-0.008000005905,6.67541778,-0.02072467892,0.0008932341676
9403,0.0008999982009,-0.008000004168,6.750748796,-0.002119200253,0.003555226529
9681,0.001800008398,-0.008000004094,6.739442973,-0.006417826081,0.0055555381
348,0.00430000977,-0.008000003488,6.679963153,-0.01950175497,0.003200558294
9376,0.0007999986852,-0.008000001954,6.751887172,-0.001736212551,0.003246109961
374,0.004400005702,-0.008000001583,6.678525727,-0.01981369522,0.00277884279
437,0.004700001344,-0.008000000686,6.675776282,-0.02055054266,0.001390729566
396,0.004500002246,-0.008000000449,6.677340006,-0.02009352257,0.002335486413
417,0.004600001616,-0.008000000318,6.676419853,-0.02033965159,0.001872155869
9348,0.0006999991859,-0.008000000122,6.753083581,-0.00138028742,0.002914714448
9210,0.0,-0.008,6.763189867,0.0,0.0
6737,0.01,-0.008,6.674422195,0.0,0.0
9209,9.999987393e-05,-0.00799999988,6.762602204,-5.030638105e-05,0.0004627687185
9229,0.0001999997673,-0.007999999775,6.760976223,-0.0001507533132,0.000917535408
9250,0.0002999996213,-0.007999999596,6.759045246,-0.0003061200337,0.001358518593
9274,0.0003999994202,-0.007999999323,6.757326452,-0.0005130329022,0.001780971236
9323,0.000599998831,-0.007999999208,6.754369892,-0.001054973567,0.002560129166
9297,0.0004999989208,-0.00799999876,6.755770314,-0.000764247675,0.002182052564
965,0.00670003338,-0.00799999797,6.706183219,-0.01591650544,-0.007729408382
9711,0.00190001865,-0.007999997749,6.737784526,-0.006963663934,0.005708311155
6738,0.009899981954,-0.007999994327,6.674599801,-5.581958488e-06,0.0002182036625
9741,0.002000029771,-0.007999993364,6.736012406,-0.007519051574,0.005847797257
6756,0.009799961012,-0.007999989556,6.675067337,-2.234910346e-05,0.0003408961946
6779,0.00969994334,-0.007999985007,6.675794579,-5.573694842e-05,0.0003746042591
9770,0.002100046746,-0.007999984852,6.734123272,-0.008082925234,0.005973392615
7573,0.006800039431,-0.007999982245,6.707764971,-0.01525047912,-0.007903429445
6801,0.009599925081,-0.00799998017,6.676697569,-0.000110699911,0.0003261389102
6826,0.009499900144,-0.007999971915,6.677736285,-0.0001928752038,0.0002021979306
6850,0.00939988268,-0.007999961629,6.678965505,-0.0003057880077,9.734195794e-06
7554,0.006900049431,-0.007999961266,6.709104095,-0.01455551054,-0.008027889703
9799,0.002200074242,-0.007999960879,6.732115505,-0.008654173502,0.006084317435
6877,0.00929987243,-0.007999950231,6.680351784,-0.0004534939284,-0.0002445109949
9932,0.002700216894,-0.007999939607,6.720399364,-0.01157134043,0.006377637353
7533,0.007000060073,-0.007999935035,6.710177719,-0.01383532004,-0.008101098313
6903,0.009199867597,-0.007999930187,6.681880634,-0.0006392713511,-0.0005536485889
9828,0.002300106007,-0.007999929053,6.729989989,-0.009231466744,0.00617950505
7511,0.007100082259,-0.007999905985,6.71096834,-0.01309384459,-0.008121850124
6930,0.009099871466,-0.00799989323,6.683540981,-0.0008659094401,-0.0009108438441
9856,0.002400133592,-0.007999891239,6.727749524,-0.009813399617,0.006257792785
9908,0.002600198357,-0.007999869865,6.722945517,-0.01098510886,0.006358294947
6955,0.008999892321,-0.007999866751,6.685320938,-0.001135564,-0.001309123957
7487,0.007200096311,-0.007999862051,6.711463261,-0.01233571629,-0.008089594478
9883,0.002500172967,-0.007999856342,6.725398514,-0.01039858403,0.006317908459
6982,0.008899914399,-0.007999839704,6.687205658,-0.00144991583,-0.001741679696
7460,0.007300107922,-0.007999821282,6.711657278,-0.01156534263,-0.008004153284
7008,0.008799939762,-0.007999792527,6.689177585,-0.001810032744,-0.00220166178
7037,0.008699972749,-0.007999770423,6.691218336,-0.002216179408,-0.002681956804
7432,0.007400133851,-0.007999765593,6.711549334,-0.01078763824,-0.007866219841
7064,0.008600002659,-0.007999744731,6.693305457,-0.00266822051,-0.003175802547
7403,0.007500142184,-0.007999729499,6.711146691,-0.01000756018,-0.007676794987
7094,0.008500031338,-0.007999722679,6.695414434,-0.003165249754,-0.003676289118
7123,0.008400051943,-0.007999710414,6.697518305,-0.003705760796,-0.004176625372
7372,0.00760015591,-0.007999694032,6.710459878,-0.009230263218,-0.007437874058
7154,0.008300074532,-0.007999683204,6.699586968,-0.004287686668,-0.00467026071
7341,0.007700154329,-0.007999667682,6.709506012,-0.00846101362,-0.007151992362
7183,0.008200097365,-0.007999655339,6.701589841,-0.004908275013,-0.005150705223
7214,0.008100111942,-0.007999640457,6.703495403,-0.005564257561,-0.005611750362
7244,0.008000125085,-0.007999639782,6.705270976,-0.006251829197,-0.006047528668
7309,0.007800160239,-0.007999632607,6.708304981,-0.007704921091,-0.006822418468
7277,0.007900148818,-0.007999619792,6.706883594,-0.006966954106,-0.006452821926
711,0.00570070536,-0.007903536422,6.673636794,-0.0215553948,-0.004099981564
681,0.005600672131,-0.007903443141,6.671546164,-0.02175149021,-0.00353442021
742,0.00580066987,-0.007903113598,6.67586506,-0.02131778129,-0.004652947187
652,0.005500550694,-0.007902683535,6.669604586,-0.02190791702,-0.002959379956
10075,0.003300458239,-0.007902512778,6.697975824,-0.01563489166,0.00653662246
773,0.005900601879,-0.007902425439,6.678225461,-0.02103563767,-0.005189605281
10058,0.00320040206,-0.007902293668,6.701165198,-0.01506436232,0.006677342972
10090,0.003400434385,-0.007902133654,6.69476036,-0.01619637142,0.00637013414
10040,0.003100344819,-0.00790184182,6.70432961,-0.01448451302,0.006790718236
624,0.00540041656,-0.007901810275,6.667903066,-0.02201866641,-0.002377620358
803,0.006000478885,-0.007901682125,6.680706233,-0.02070666569,-0.005705517317
10105,0.003500385676,-0.007901597681,6.691563908,-0.01674462191,0.006174828402
10021,0.003000281574,-0.007901199838,6.707452292,-0.01389676178,0.006877278163
320,0.00360031379,-0.007901025569,6.688416778,-0.01727707731,0.005949729322
833,0.006100364667,-0.007900975797,6.683279063,-0.02032980517,-0.006196746094
597,0.005300267766,-0.007900972119,6.666480453,-0.02208282738,-0.001792500707
10000,0.002900248847,-0.007900627651,6.710527163,-0.01330159547,0.006936346211
862,0.006200263462,-0.007900618458,6.685935863,-0.0199018027,-0.006657839767
292,0.003700234146,-0.007900568777,6.685355263,-0.01779090339,0.005693954058
570,0.005200144731,-0.007900422229,6.665386418,-0.02209862721,-0.001207743751
265,0.003800163252,-0.007900289149,6.682411259,-0.01828381956,0.005407335305
889,0.006300165726,-0.00790025794,6.688596206,-0.01942773986,-0.007086074688
9978,0.002800238028,-0.007900238365,6.713541438,-0.01270020092,0.006968283573
546,0.005100066676,-0.007900161711,6.664636228,-0.02206733187,-0.0006270787398
264,0.003900108102,-0.007900138069,6.679608968,-0.01875429314,0.005090501269
914,0.006400105738,-0.00790012219,6.69123906,-0.01890586401,-0.007476470502
293,0.004000075692,-0.007900080689,6.676972796,-0.01920073108,0.004744196932
524,0.005000038649,-0.007900075914,6.664226886,-0.02199154767,-5.38371479e-05
939,0.006500066454,-0.007900054356,6.693804163,-0.01833972497,-0.007825823431
321,0.00410003747,-0.007900026606,6.67452145,-0.01962189564,0.00436968938
964,0.006600045913,-0.007900023342,6.696246503,-0.01773167916,-0.008130702002
502,0.004900016685,-0.007900022587,6.66414653,-0.02187410863,0.0005093441467
347,0.004200020423,-0.007900010279,6.672282212,-0.02001583914,0.003967687548
9652,0.001600002664,-0.007900006838,6.740914769,-0.005636603546,0.005740207562
480,0.004800006998,-0.007900006031,6.664395659,-0.02171638918,0.00105969241
9682,0.001700006697,-0.007900005692,6.739329851,-0.006182599656,0.005930747786
9620,0.001500000688,-0.00790000542,6.74239229,-0.005103348908,0.0055356989
9590,0.001399999828,-0.007900004608,6.743774344,-0.00458392706,0.005316660013
373,0.004300010823,-0.007900003823,6.670275931,-0.02038097466,0.003539496264
9558,0.001299999583,-0.007900003663,6.745075063,-0.004079539425,0.005082198359
9955,0.002700235859,-0.007900003345,6.716477766,-0.0120945244,0.006974404854
9528,0.0011999996,-0.007900002802,6.746311049,-0.003591540697,0.004831079943
9495,0.001099999652,-0.007900002199,6.747501408,-0.00312150199,0.004561773182
9465,0.0009999997041,-0.007900001857,6.748667967,-0.002671288618,0.004272510035
9434,0.000899999657,-0.007900001667,6.749835226,-0.00224313009,0.003961375061
395,0.004400005671,-0.007900001423,6.668523496,-0.02071562063,0.003086474063
9406,0.00079999972,-0.007900000878,6.75103101,-0.001839704217,0.00362643066
457,0.004700001885,-0.007900000874,6.664967451,-0.02152009236,0.001594774878
416,0.004500002897,-0.007900000521,6.667043957,-0.02101811023,0.002610164155
436,0.004600001885,-0.007900000335,6.665853968,-0.02128680297,0.002112291762
9714,0.00180001202,-0.007900000174,6.737627869,-0.006740281836,0.006107523114
9377,0.0006999998211,-0.007900000089,6.752284599,-0.001464174314,0.003265865242
9233,0.0,-0.0079,6.762895838,0.0,0.0
6760,0.01,-0.0079,6.670731728,0.0,0.0
9232,9.999996089e-05,-0.007899999963,6.762302808,-5.366169199e-05,0.0005331606651
9253,0.0001999999293,-0.007899999931,6.76059726,-0.0001611881169,0.001050625322
9275,0.0002999998842,-0.007899999874,6.758546186,-0.0003262876121,0.001547132561
9300,0.0003999998075,-0.007899999756,6.756736084,-0.000546177297,0.002018431878
9351,0.0005999997238,-0.007899999706,6.753631861,-0.001120373228,0.002878181596
9324,0.0004999996388,-0.007899999355,6.755099424,-0.0008125786056,0.002462437711
987,0.006700028207,-0.007899998785,6.698521765,-0.01708458926,-0.008387945519
9742,0.001900020654,-0.007899997951,6.735801386,-0.007308584283,0.006270356951
9771,0.002000032809,-0.007899994984,6.733844835,-0.007886442613,0.006418830836
6761,0.009899976756,-0.007899994888,6.670952509,-8.030614063e-06,0.0002078413644
6780,0.009799951732,-0.007899990612,6.671528922,-2.989545271e-05,0.0003143683261
9798,0.00210005095,-0.007899989241,6.731754667,-0.008472751158,0.006552253868
6804,0.009699926061,-0.007899985151,6.672377135,-7.233407401e-05,0.0003265575963
7588,0.006800042133,-0.007899981876,6.700592884,-0.01640107204,-0.008594656627
6827,0.009599899107,-0.007899979265,6.673417597,-0.0001400785926,0.0002516497145
9827,0.002200078581,-0.007899973756,6.729529176,-0.009066362695,0.006669743098
6853,0.009499867742,-0.00789997167,6.674600657,-0.0002383863345,9.666747352e-05
6878,0.009399837049,-0.007899961353,6.675961283,-0.0003714429295,-0.0001307873887
7570,0.006900053041,-0.007899959789,6.702424554,-0.01568475766,-0.008748295939
9855,0.002300110922,-0.007899950345,6.727169092,-0.009665969694,0.006770179229
6906,0.009299809981,-0.007899944754,6.677483594,-0.0005430499716,-0.0004235673024
7551,0.007000074451,-0.007899930059,6.703987944,-0.01493924501,-0.00884682814
9882,0.002400145311,-0.007899920831,6.724677182,-0.0102701918,0.006852318837
6931,0.009199805237,-0.007899916286,6.679143715,-0.0007565106106,-0.0007742235668
9931,0.002600221564,-0.007899907754,6.719321462,-0.01148632759,0.00695602588
9907,0.002500185033,-0.007899899736,6.722058652,-0.01087753909,0.006914762502
7530,0.007100095578,-0.007899890573,6.705258989,-0.01416870338,-0.008888704932
6958,0.009099807799,-0.007899875256,6.680929038,-0.001014520057,-0.001175403054
7508,0.007200124197,-0.007899835013,6.706219629,-0.01337757782,-0.008873011471
6983,0.008999828576,-0.007899819086,6.682823548,-0.001319173568,-0.001619603763
7484,0.007300147315,-0.007899778959,6.706858852,-0.01257058413,-0.0087992923
7011,0.008899865946,-0.007899771702,6.684810349,-0.001671888884,-0.002099236596
7457,0.007400181287,-0.00789971028,6.707170812,-0.01175278391,-0.008667972913
7038,0.008799917442,-0.007899703922,6.686868224,-0.00207354405,-0.002606853758
7067,0.008699969961,-0.007899655049,6.688975537,-0.002524221449,-0.003134777745
7429,0.007500201511,-0.007899654516,6.707157922,-0.01092943136,-0.008479931398
7095,0.008600023924,-0.007899610265,6.691106397,-0.00302339675,-0.003675479397
7400,0.007600216127,-0.007899604344,6.706827456,-0.01010601137,-0.00823700819
7126,0.008500073944,-0.007899578959,6.693233052,-0.003569816806,-0.004221401426
7369,0.007700229481,-0.007899556248,6.706192428,-0.009288080913,-0.007941748369
7155,0.008400116328,-0.007899552954,6.695324703,-0.004161610984,-0.004765167994
7186,0.008300152039,-0.00789952151,6.697348528,-0.004796262769,-0.00529958334
7338,0.007800234915,-0.007899511085,6.705271561,-0.008481259753,-0.00759742631
7215,0.008200182288,-0.007899486846,6.699270887,-0.005470583928,-0.005817628043
7307,0.007900235057,-0.007899482148,6.704089875,-0.007690907143,-0.007207896143
7276,0.008000219916,-0.007899471406,6.702675395,-0.006922396531,-0.006777825005
7246,0.008100209793,-0.007899467095,6.70105777,-0.006180703944,-0.006312473375
741,0.00570070939,-0.007803461732,6.660862231,-0.02270348193,-0.004311073374
710,0.005600651731,-0.007803276587,6.658606778,-0.02288409035,-0.003697207133
772,0.005800667048,-0.00780303688,6.663283481,-0.02248077975,-0.004912619844
10088,0.003300499115,-0.007802781186,6.691180269,-0.01626214232,0.007111436135
680,0.005500563277,-0.007802669162,6.656574174,-0.02302069141,-0.003074344224
10072,0.003200466127,-0.00780266822,6.694781464,-0.01566975544,0.007263023029
802,0.005900612717,-0.007802403825,6.665890289,-0.02221098616,-0.005498012861
10103,0.003400472493,-0.007802397348,6.687546851,-0.01684491537,0.006931745509
10055,0.003100392605,-0.007802094772,6.698332348,-0.01506918367,0.007386898668
651,0.005400421908,-0.007801785281,6.654806746,-0.02311227392,-0.002445541689
10118,0.003500410018,-0.007801777416,6.683919581,-0.01741497478,0.006721912685
832,0.006000478528,-0.007801683073,6.668659263,-0.02189277337,-0.006062574627
10037,0.003000321991,-0.007801371309,6.701832276,-0.01446049807,0.007481930274
345,0.003600329498,-0.007801148187,6.68033906,-0.01796923808,0.006480285177
861,0.006100376511,-0.00780098175,6.671565409,-0.02152452599,-0.006602390682
623,0.00530028142,-0.007800965999,6.653371695,-0.02315595601,-0.001814436005
10018,0.002900273152,-0.007800730948,6.705274215,-0.01384430847,0.00754756983
318,0.003700242525,-0.007800622845,6.67684251,-0.01850516459,0.006206168096
888,0.006200276864,-0.007800616619,6.674602581,-0.0211028133,-0.007111525957
596,0.005200175048,-0.00780048055,6.652323176,-0.02315008756,-0.001184948734
9997,0.002800251701,-0.007800322999,6.708646284,-0.01322171865,0.007583950377
291,0.003800166832,-0.007800311888,6.673469245,-0.0190201744,0.005899121633
913,0.006300183024,-0.007800285548,6.677688847,-0.02063176958,-0.007586735554
569,0.005100084932,-0.007800184139,6.651654514,-0.02309760059,-0.0005606449227
290,0.003900110609,-0.00780015162,6.670244837,-0.01951282385,0.005559879833
938,0.006400123871,-0.007800150768,6.680794516,-0.02011019207,-0.008022981618
545,0.00500004756,-0.007800087232,6.651375903,-0.02299991307,5.484478736e-05
319,0.004000071818,-0.007800074248,6.667193272,-0.01998170033,0.005189413898
963,0.006500079053,-0.007800069021,6.683852744,-0.01954122436,-0.008416573522
9975,0.002700244436,-0.007800061606,6.711926107,-0.01259495606,0.007592795269
346,0.004100042106,-0.007800032064,6.66433916,-0.02042529078,0.004788765129
986,0.006600054055,-0.007800027673,6.686815449,-0.01892672934,-0.008763597829
523,0.0049000184,-0.007800024873,6.651467442,-0.02286016613,0.0006588661413
372,0.004200022809,-0.007800011563,6.661709182,-0.02084190649,0.004358963831
501,0.004800008825,-0.007800007809,6.651928084,-0.02267980052,0.001248531014
394,0.004300013044,-0.007800004503,6.659328661,-0.02122982934,0.003901208207
9653,0.001500002907,-0.007800003684,6.740636329,-0.005347922362,0.00607303417
9685,0.001600005105,-0.007800002955,6.739021718,-0.005902606831,0.006290833158
9623,0.001400001318,-0.007800002366,6.742140112,-0.004807129018,0.00583956227
415,0.004400007313,-0.007800001595,6.657221033,-0.02158736255,0.003416911022
9591,0.001300000476,-0.00780000154,6.743548327,-0.004281460836,0.005589379299
9561,0.001200000185,-0.007800001338,6.744878878,-0.003772325048,0.00532105979
479,0.004700002484,-0.007800001123,6.652746386,-0.02246068495,0.001821418803
9529,0.001100000046,-0.007800000995,6.746152398,-0.003281363235,0.005032813014
9498,0.001000000035,-0.007800000748,6.747392577,-0.002810534861,0.004722529005
9466,0.000899999979,-0.00780000072,6.748625936,-0.002362191543,0.004387873083
9437,0.0007999999424,-0.007800000599,6.749882974,-0.001939167918,0.004026409136
435,0.004500004067,-0.007800000531,6.655408695,-0.02191280345,0.002907641503
9715,0.00170000755,-0.007800000522,6.737283561,-0.006470047105,0.006493573992
456,0.00460000249,-0.007800000435,6.653911447,-0.02220446401,0.002375159824
9407,0.0006999999756,-0.007800000081,6.751196193,-0.001544828582,0.003635747816
9257,0.0,-0.0078,6.762308266,0.0,0.0
6784,0.01,-0.0078,6.666828231,0.0,0.0
9256,9.999999144e-05,-0.00779999999,6.761707,-5.698310821e-05,0.0006082363798
9278,0.0001999999714,-0.007799999965,6.759920806,-0.0001711879364,0.001192087643
9301,0.0002999999594,-0.007799999941,6.75775267,-0.0003457142521,0.001747130646
9327,0.0003999999565,-0.007799999931,6.755853907,-0.0005780893523,0.002269816706
9380,0.0005999999475,-0.007799999893,6.752605176,-0.001183280116,0.003213743184
9745,0.001800013063,-0.007799999737,6.735411534,-0.007049170792,0.006681463573
9352,0.0004999998616,-0.007799999647,6.754138949,-0.0008590902702,0.002758748077
1008,0.006700026495,-0.007799999386,6.689632192,-0.01826936628,-0.009060413247
9772,0.001900021398,-0.007799998807,6.733397508,-0.00763891266,0.006854362116
9800,0.002000034065,-0.007799997191,6.731235551,-0.008238192557,0.007011795287
6785,0.00989997233,-0.007799996084,6.667059931,-1.090303363e-05,0.0001936597234
9826,0.002100052828,-0.007799993745,6.728921841,-0.008845886949,0.007153006794
6805,0.009799944497,-0.007799992139,6.667760879,-3.808786814e-05,0.000280150324
6830,0.009699912011,-0.007799987252,6.668764756,-8.950318993e-05,0.0002671101891
7605,0.006800031715,-0.007799986412,6.69225976,-0.01757152173,-0.009303699088
9853,0.002200079946,-0.007799985334,6.726454628,-0.009460818746,0.007277016941
6854,0.009599873971,-0.007799981942,6.669940209,-0.0001706355553,0.0001622067619
6881,0.009499829092,-0.007799973431,6.671287987,-0.0002859729908,-2.754794257e-05
9952,0.002600218446,-0.007799969674,6.715100115,-0.01196549862,0.007575235295
9879,0.002300113944,-0.00779996962,6.723834426,-0.01008171036,0.007382654386
6907,0.00939978018,-0.007799960445,6.672793962,-0.000440301918,-0.0002939478914
7587,0.006900058275,-0.007799959669,6.694654848,-0.01683671734,-0.009490607961
9904,0.002400144574,-0.007799955004,6.721064607,-0.01070710459,0.007468543851
9928,0.00250018643,-0.007799946181,6.718150097,-0.011335627,0.007533273586
6934,0.009299734801,-0.007799938813,6.674460668,-0.0006371565062,-0.0006292040937
7569,0.007000079173,-0.007799928155,6.696781828,-0.0160686287,-0.009618506722
6959,0.009199727277,-0.007799898724,6.676259789,-0.0008798705356,-0.001025274477
7550,0.007100115879,-0.007799874643,6.69860907,-0.015271328,-0.009685584279
6986,0.009099722252,-0.007799844181,6.678176864,-0.001171075842,-0.001474271626
7529,0.00720015042,-0.00779980928,6.700112325,-0.01444931401,-0.009690386385
7012,0.008999761983,-0.007799764052,6.68019064,-0.001512653406,-0.001967926422
7507,0.007300183692,-0.007799741999,6.701273966,-0.01360736046,-0.009632149993
7041,0.008899824549,-0.007799683304,6.682281164,-0.001905881282,-0.002498057703
7483,0.007400221498,-0.007799660244,6.702081904,-0.01275079404,-0.009511019975
7068,0.008799905699,-0.007799598284,6.684423919,-0.0023513394,-0.003056437272
7456,0.007500256958,-0.007799581634,6.702532735,-0.01188503807,-0.009327667859
7098,0.008699987048,-0.00779951206,6.686592354,-0.002848927954,-0.003634859232
7428,0.007600289302,-0.007799509723,6.702629418,-0.0110158511,-0.009083686699
7399,0.007700315984,-0.00779944322,6.702380635,-0.01014921495,-0.00878154275
7127,0.008600069073,-0.00779942609,6.688756805,-0.003397738294,-0.004225022536
7158,0.008500146694,-0.007799390957,6.690886549,-0.003995931938,-0.00481840621
7368,0.007800338842,-0.007799372927,6.701802194,-0.009291206011,-0.008424584233
7187,0.008400212133,-0.00779936453,6.692946062,-0.004641315797,-0.005407150815
7218,0.008300264582,-0.00779933075,6.694898907,-0.005330916382,-0.005983458258
7339,0.007900348022,-0.007799327,6.700917501,-0.008447639398,-0.008016684761
7308,0.008000346214,-0.007799301799,6.69975261,-0.007624370789,-0.007562720947
7279,0.008100333364,-0.00779928989,6.698338317,-0.006827067601,-0.007068316608
7247,0.00820031575,-0.007799280648,6.69670783,-0.006061010212,-0.006539724934
771,0.005700650704,-0.007703227226,6.646351634,-0.02382880372,-0.004505005656
740,0.005600628457,-0.007703151306,6.643961712,-0.02398925694,-0.003841472615
10102,0.003300514551,-0.007703000007,6.683494485,-0.01685856677,0.007707453137
801,0.005800640995,-0.007702918771,6.648988447,-0.02362209791,-0.005156790611
10087,0.003200463552,-0.007702810141,6.687536697,-0.01624600905,0.007870937411
10117,0.003400484583,-0.007702578105,6.679398788,-0.01746201245,0.007514891659
709,0.005500539869,-0.007702556702,6.641826769,-0.02410557501,-0.003169682874
831,0.005900595897,-0.007702357527,6.65185518,-0.0233671973,-0.005792719297
10071,0.003100403543,-0.007702275051,6.691522198,-0.01562478293,0.008004235926
10130,0.003500418438,-0.007701911261,6.675298634,-0.01805287602,0.00729047666
679,0.005400424549,-0.007701746916,6.640017143,-0.02417518893,-0.002493041232
860,0.006000462515,-0.00770169676,6.654935249,-0.02306219742,-0.006407937331
10054,0.003000328554,-0.007701503855,6.695438361,-0.01499585858,0.00810748227
370,0.003600333035,-0.007701235957,6.671240511,-0.01862812724,0.007032436377
887,0.006100371377,-0.007700996211,6.658198123,-0.02270574608,-0.0069986705
650,0.005300289725,-0.007700960323,6.638587775,-0.02419666445,-0.00181518101
10036,0.00290027334,-0.007700813605,6.699284067,-0.01435952959,0.00817954119
343,0.003700242839,-0.007700671496,6.667266243,-0.01918525231,0.006740013646
912,0.006200277437,-0.007700624215,6.661646086,-0.02229364563,-0.007558484966
622,0.005200190295,-0.007700517184,6.637603813,-0.02416806888,-0.001140327765
10017,0.002800248432,-0.0077003966,6.703049349,-0.01371673709,0.008220275109
317,0.003800177462,-0.007700393352,6.663424787,-0.01972134305,0.006412360425
937,0.00630019718,-0.007700340384,6.665198577,-0.0218288789,-0.008083525644
595,0.005100109462,-0.007700226951,6.637047046,-0.02409288509,-0.0004720722266
316,0.003900122284,-0.007700205073,6.659731285,-0.02023572135,0.006051011957
962,0.006400119478,-0.007700139725,6.668801916,-0.02131216135,-0.008569037431
9996,0.0027002353,-0.007700111563,6.706706453,-0.01306990112,0.008231824295
568,0.005000057254,-0.007700090327,6.636923146,-0.0239727136,0.0001860895758
344,0.004000064762,-0.007700076636,6.656215966,-0.02072667139,0.005656802202
985,0.006500069962,-0.007700056695,6.672405492,-0.02074397076,-0.009010260581
544,0.004900022309,-0.007700027139,6.637219353,-0.02380992894,0.0008311771636
371,0.004100031068,-0.00770002494,6.652912307,-0.02119236854,0.005230348584
1007,0.006600039947,-0.007700017267,6.675947129,-0.02012667256,-0.009403061379
9974,0.002600211461,-0.007700016387,6.710242578,-0.01242038015,0.008215136002
393,0.004200018344,-0.007700011255,6.649847849,-0.02163125022,0.004772844386
522,0.004800010721,-0.007700009354,6.637925971,-0.02360644997,0.001460315605
414,0.004300007121,-0.00770000258,6.64704881,-0.0220416874,0.004285697947
500,0.004700002996,-0.007700001493,6.639027739,-0.0233642063,0.002071075434
9686,0.001500003452,-0.0077000013,6.738499948,-0.005580626976,0.006631227673
434,0.004400003575,-0.007700000719,6.644542827,-0.02242192005,0.003770240497
9656,0.001400001607,-0.007700000713,6.740139206,-0.005019556749,0.006383256422
9718,0.001600004524,-0.007700000459,6.736732988,-0.00615561791,0.006862331871
9746,0.001700008303,-0.007700000435,6.734824732,-0.006743384684,0.007077262711
9624,0.001300000813,-0.007700000364,6.741667027,-0.004473689046,0.006117248165
478,0.004600001921,-0.007700000346,6.640510329,-0.02308489406,0.002661048088
9594,0.001200000428,-0.007700000339,6.743102606,-0.003944477365,0.005831568183
9499,0.0009000000754,-0.007700000235,6.747094158,-0.002475653568,0.00483382159
9532,0.00100000012,-0.007700000222,6.745789125,-0.002943201928,0.00519248363
9562,0.001100000157,-0.007700000203,6.744468101,-0.003433631179,0.005524138604
455,0.004500001812,-0.00770000016,6.642355584,-0.02277022966,0.003228097791
9775,0.001800013256,-0.007700000133,6.73276411,-0.007342822697,0.00727627665
9469,0.0008000000334,-0.007700000115,6.748416424,-0.002033980844,0.00444517539
9438,0.0007000000298,-0.007700000046,6.749791856,-0.001621735797,0.004023534268
9282,0.0,-0.0077,6.761413209,0.0,0.0
6809,0.01,-0.0077,6.662726672,0.0,0.0
9281,9.999999819e-05,-0.007699999998,6.760789116,-6.019258228e-05,0.0006875365997
9304,0.0001999999965,-0.007699999994,6.758915735,-0.0001805862455,0.001341502993
9328,0.0002999999943,-0.007699999989,6.756638335,-0.0003642562819,0.00195806477
9355,0.000399999996,-0.007699999986,6.754653156,-0.0006085269784,0.002534539669
9410,0.0006000000097,-0.007699999975,6.751263342,-0.001243277308,0.003566056094
9381,0.0004999999986,-0.007699999971,6.752862784,-0.0009034647691,0.003070308868
9801,0.001900021404,-0.007699999823,6.730542436,-0.00795286138,0.007459221258
9829,0.002000034586,-0.007699999395,6.728153357,-0.008572411941,0.007625584225
1028,0.006700021587,-0.007699998711,6.679370843,-0.01946251208,-0.00974333712
9854,0.002100054255,-0.007699997802,6.725592773,-0.00920034207,0.00777455093
6810,0.009899972307,-0.007699997764,6.662989529,-1.398267854e-05,0.0001752087864
6831,0.009799942136,-0.007699995359,6.663828875,-4.698002943e-05,0.0002380543518
9880,0.002200080336,-0.007699994423,6.722858932,-0.009835447038,0.00790505249
6857,0.009699905071,-0.007699992067,6.66497968,-0.000107504278,0.0001960589708
7619,0.00680003102,-0.007699987518,6.682624123,-0.01875395113,-0.01002733462
6882,0.009599861783,-0.007699987259,6.666276661,-0.0002025541637,5.700954983e-05
9903,0.002300113105,-0.007699985846,6.719952268,-0.01047646198,0.008015848838
6910,0.009499809118,-0.007699979709,6.6677891,-0.0003358913253,-0.00017143724
9927,0.002400145375,-0.007699976734,6.716876141,-0.01112196651,0.008105509436
9951,0.002500187046,-0.007699972247,6.713635906,-0.01177056555,0.008172538156
7602,0.006900046874,-0.007699969238,6.685657069,-0.01800423136,-0.01025159703
6935,0.00939975306,-0.007699964466,6.669455417,-0.0005125575547,-0.0004808566273
6962,0.009299700318,-0.007699936798,6.671274957,-0.0007360489606,-0.0008626890105
7584,0.007000084183,-0.007699926896,6.688424987,-0.01721687275,-0.01041327404
6987,0.009199664,-0.007699889977,6.673221398,-0.001009700817,-0.001308363179
7566,0.007100120906,-0.007699872052,6.690889773,-0.01639586309,-0.010509784
7015,0.009099660394,-0.007699814766,6.675275472,-0.001335942488,-0.00180913787
7547,0.007200165375,-0.00769980273,6.693018871,-0.01554561781,-0.01053933246
7042,0.008999697229,-0.007699712429,6.677412452,-0.001716565084,-0.002356153549
7526,0.007300212184,-0.007699710963,6.694785686,-0.01467120324,-0.01050087701
7504,0.007400263469,-0.007699611396,6.696172691,-0.01377780785,-0.01039395848
7071,0.008899779872,-0.007699593967,6.679606892,-0.002152548687,-0.002940403801
7480,0.007500315117,-0.007699518686,6.697169649,-0.01287107536,-0.01021894535
7099,0.00879990237,-0.007699470946,6.681830013,-0.002644135989,-0.003552838694
7453,0.007600360803,-0.007699428221,6.697772776,-0.01195718875,-0.009977277812
7130,0.008700019964,-0.007699367188,6.684051596,-0.003190930228,-0.004184531522
7426,0.007700396783,-0.007699349221,6.697986469,-0.0110424115,-0.009671190262
7159,0.008600134213,-0.00769926237,6.686236634,-0.003791667258,-0.004826505761
7398,0.007800438435,-0.007699255938,6.697821872,-0.01013328372,-0.009304088245
7190,0.008500241803,-0.007699180322,6.688349113,-0.00444415199,-0.005469625655
7370,0.007900462068,-0.007699179539,6.69729927,-0.009236206995,-0.008879908262
7219,0.008400324836,-0.00769916341,6.69035144,-0.005145366093,-0.006104817588
7311,0.008100459767,-0.007699125298,6.695286058,-0.007503211292,-0.007880809173
7250,0.00830040532,-0.007699119719,6.692200684,-0.005891958299,-0.006723958342
7280,0.008200447406,-0.007699115266,6.693859028,-0.006679527479,-0.007318520099
7340,0.008000488255,-0.007699095626,6.696442169,-0.008357576448,-0.00840378843
800,0.005700672875,-0.007603344827,6.630073382,-0.02491381184,-0.004679522942
770,0.005600650418,-0.007603196364,6.627526583,-0.02505413941,-0.003965481428
10114,0.003300504647,-0.007603127496,6.674870053,-0.01742052443,0.008324042073
10099,0.003200456953,-0.007602923119,6.679398626,-0.01678860024,0.008498861237
830,0.005800614142,-0.007602835407,6.63287295,-0.0247290914,-0.005382801892
10128,0.00340047338,-0.007602696591,6.670270228,-0.01804341998,0.008118608642
739,0.005500553262,-0.007602543716,6.625287868,-0.02514909527,-0.003243943425
10084,0.003100395882,-0.007602404744,6.683858863,-0.01614784634,0.00864159081
859,0.005900555802,-0.00760228804,6.635997013,-0.0244924879,-0.006070805652
10141,0.003500383916,-0.007601939606,6.665648812,-0.01865415996,0.007880116847
708,0.005400419291,-0.007601704273,6.623434609,-0.0251962892,-0.002518567155
886,0.0060004531,-0.007601643665,6.639395297,-0.02420407532,-0.00673885942
10068,0.003000320809,-0.007601595165,6.688230466,-0.01549972993,0.008752900143
10152,0.003600315074,-0.007601288231,6.661073462,-0.01924906457,0.007605413361
911,0.006100360038,-0.007601043818,6.643048859,-0.02386154589,-0.007382194536
678,0.005300285287,-0.007600947532,6.622031016,-0.02519428388,-0.001793427177
10051,0.002900260018,-0.007600873265,6.692518437,-0.01484428246,0.008831195878
368,0.003700233291,-0.007600698324,6.656574356,-0.01982635006,0.007294807442
936,0.006200269395,-0.007600637909,6.646930445,-0.02346288223,-0.007995171206
649,0.005200186418,-0.007600498775,6.621129346,-0.0251424282,-0.001072792983
10033,0.002800230932,-0.007600416783,6.696711286,-0.01418258157,0.008876431119
342,0.003800165677,-0.007600408385,6.65221325,-0.02038283983,0.00694704919
961,0.006300175296,-0.007600295766,6.650967496,-0.02300952996,-0.008573123753
621,0.005100104289,-0.007600208993,6.620712262,-0.02504383174,-0.0003602600533
341,0.003900098287,-0.007600180532,6.648001993,-0.0209180571,0.006563962204
984,0.006400114089,-0.007600152352,6.655126689,-0.02249999193,-0.009110477237
10014,0.002700213395,-0.007600146242,6.700782888,-0.01351668907,0.008890403555
594,0.005000059344,-0.007600093568,6.620784457,-0.02490009563,0.0003405026766
369,0.004000062677,-0.00760009218,6.643984676,-0.02142978714,0.006145656437
1006,0.006500083662,-0.007600066012,6.659325967,-0.02193658166,-0.00960279001
9993,0.002600202176,-0.007600036946,6.704713626,-0.01284843913,0.008874647637
567,0.004900028938,-0.007600035384,6.621321793,-0.02471396346,0.001026617431
392,0.004100027307,-0.007600025954,6.64018391,-0.02191682532,0.005693676256
1027,0.00660003942,-0.007600018206,6.663500881,-0.02132087383,-0.01004502375
543,0.004800013157,-0.007600011853,6.62231156,-0.02448733193,0.001695223806
413,0.004200015142,-0.007600010045,6.636637165,-0.02237727693,0.005208785806
433,0.004300007849,-0.007600003563,6.6333731,-0.02280955449,0.004692443295
9971,0.002500174371,-0.00760000344,6.708484171,-0.01217971128,0.008831210368
521,0.004700003586,-0.007600002077,6.623736741,-0.02422205537,0.002343771777
9881,0.002100054962,-0.007600001634,6.721736989,-0.009534142428,0.008415677086
9857,0.002000036718,-0.007600001374,6.724568236,-0.008887253215,0.008258999425
454,0.004400003849,-0.007600001101,6.630422771,-0.02321190767,0.004146069314
9830,0.001900022398,-0.007600000921,6.727206704,-0.008248683622,0.008083740749
499,0.004600002031,-0.007600000648,6.625578867,-0.02391989288,0.002969834606
9689,0.00140000224,-0.007600000583,6.737744638,-0.005219975553,0.006946591074
9776,0.001700009299,-0.007600000559,6.731924897,-0.007001077946,0.007680658987
9804,0.001800012964,-0.007600000553,6.72965668,-0.007619587768,0.007890777603
9905,0.002200078913,-0.007600000531,6.718710981,-0.01018815921,0.008552645076
9749,0.001600004699,-0.007600000255,6.734020694,-0.006394208277,0.007453531197
9719,0.001500002898,-0.007600000253,6.735955778,-0.005800116005,0.007209105985
9657,0.00130000103,-0.00760000016,6.739404565,-0.00465508922,0.006664671837
477,0.004500001049,-0.007600000114,6.627815694,-0.02358259902,0.003571274157
9627,0.00120000054,-0.007600000091,6.740955998,-0.004106966856,0.006361489638
9565,0.001000000143,-0.007600000086,6.743831907,-0.003068465851,0.005681326307
9533,0.0009000000666,-0.007600000078,6.745214544,-0.002582796792,0.005298212191
9595,0.001100000257,-0.007600000042,6.742422597,-0.003577380038,0.006034662994
9502,0.0008000000415,-0.007600000035,6.74660677,-0.002123526158,0.004881762203
9470,0.0007000000336,-0.007600000018,6.748046848,-0.001694384336,0.004428308423
9308,0.0,-0.0076,6.760163235,0.0,0.0
6835,0.01,-0.0076,6.658423092,0.0,0.0
9307,9.999999959e-05,-0.007599999999,6.759512282,-6.315953961e-05,0.0007710259238
9331,0.0001999999995,-0.007599999999,6.75755514,-0.0001894133423,0.001498510228
9356,0.0002999999999,-0.007599999998,6.755176983,-0.00038179746,0.002179398601
9384,0.0004000000014,-0.007599999997,6.753108703,-0.0006372815187,0.002811926469
9411,0.0005000000064,-0.007599999994,6.751245593,-0.0009453938107,0.003396340861
9441,0.0006000000212,-0.007599999991,6.749581031,-0.00129995986,0.003934257477
6836,0.009899972621,-0.007599999577,6.658741359,-1.675484191e-05,0.0001534774472
1047,0.006700019664,-0.00759999912,6.667593228,-0.02065437485,-0.01043271668
6858,0.009799942553,-0.007599999031,6.659700088,-5.614389817e-05,0.0001890431226
9926,0.002300106468,-0.007599998093,6.71549087,-0.0108480132,0.008668564434
6885,0.009699905027,-0.007599997494,6.660994476,-0.0001267094216,0.0001136229893
9949,0.002400138646,-0.00759999491,6.712079783,-0.01151235817,0.008761962788
6911,0.009599863682,-0.007599994356,6.662436844,-0.0002360554662,-6.429452572e-05
7632,0.00680002287,-0.007599991704,6.67154185,-0.01993939997,-0.01076155439
6938,0.009499815749,-0.007599987623,6.664102078,-0.0003884061897,-0.0003359560398
7616,0.006900040384,-0.007599976111,6.675288014,-0.01917890493,-0.01102761259
6963,0.009399763894,-0.007599972112,6.665936993,-0.0005885201888,-0.0006927435433
7599,0.007000073419,-0.007599939275,6.678778295,-0.01837625585,-0.01122743613
6990,0.009299734421,-0.007599938045,6.667917195,-0.0008400390158,-0.00112539584
7016,0.009199702433,-0.007599885253,6.670017481,-0.00114621927,-0.001624808965
7581,0.007100117323,-0.007599879194,6.681965025,-0.01753530827,-0.01135803263
7045,0.009099691133,-0.007599798116,6.67221325,-0.001509404631,-0.002181523879
7563,0.007200167925,-0.007599797286,6.684806831,-0.01666044835,-0.01141703592
7544,0.007300225769,-0.007599694644,6.687269159,-0.01575657988,-0.01140282433
7072,0.008999724809,-0.007599673978,6.674474914,-0.001931146932,-0.002785852628
7523,0.007400290461,-0.007599573147,6.689324873,-0.01482912426,-0.01131459284
7102,0.00889982721,-0.007599531971,6.676771427,-0.002412052026,-0.003427824187
7502,0.00750034334,-0.007599481968,6.690958237,-0.01388365885,-0.01115200646
7479,0.007600398863,-0.007599378427,6.692155519,-0.01292683194,-0.01091651063
7131,0.00879993807,-0.007599358526,6.679069026,-0.002952380264,-0.004098056516
7454,0.007700436322,-0.00759930602,6.692917092,-0.01196507333,-0.01060982319
7427,0.007800454278,-0.007599248043,6.693248933,-0.01100545764,-0.01023523895
7162,0.008700075281,-0.007599245233,6.681332464,-0.003550794744,-0.004785992451
7401,0.007900506333,-0.007599132436,6.693162329,-0.01005506309,-0.009797344887
7191,0.008600215813,-0.007599093414,6.683519508,-0.004205944429,-0.005482449564
7222,0.008500315822,-0.007599062504,6.685593558,-0.004914782189,-0.006176799532
7312,0.00820050575,-0.007599046551,6.690675987,-0.007326226429,-0.008155471823
7283,0.008300485258,-0.007599019207,6.689214886,-0.006479474469,-0.007522447782
7251,0.008400421237,-0.00759900954,6.687505712,-0.005674078118,-0.006860025733
7371,0.008000566419,-0.007599007323,6.69268205,-0.009120626115,-0.009300852284
7343,0.008100552608,-0.007599006375,6.691843112,-0.008208719639,-0.008751038069
829,0.005700625404,-0.007503158741,6.611815331,-0.02595369513,-0.004832558898
10127,0.003300480847,-0.007503157657,6.665266307,-0.01794411355,0.008960079911
799,0.005600614367,-0.007503061093,6.609142928,-0.0260705397,-0.004067046552
10113,0.0032004459,-0.007502959425,6.670326039,-0.01729406845,0.009145926031
858,0.005800600154,-0.007502828753,6.614840271,-0.02578897735,-0.005588190846
10140,0.003400449721,-0.007502781868,6.660123216,-0.01858481239,0.00874156
769,0.005500538887,-0.007502503976,6.606844426,-0.02614084811,-0.003295264645
10098,0.003100387456,-0.007502479814,6.675305151,-0.0166350092,0.009297793514
885,0.005900543861,-0.007502258486,6.618217134,-0.02557356226,-0.006329612898
10151,0.00350037175,-0.007502018574,6.654940725,-0.01921380375,0.008488616184
738,0.00540040807,-0.007501695914,6.604979956,-0.02616365674,-0.002520912271
10083,0.003000313568,-0.007501661168,6.680174105,-0.01596885799,0.009416845143
910,0.006000436634,-0.007501653102,6.621944628,-0.02530449716,-0.007051661828
10162,0.003600301696,-0.007501309896,6.649793954,-0.01982740817,0.008198002443
935,0.006100339666,-0.007500966241,6.625972228,-0.02498127549,-0.007750023433
707,0.005300277974,-0.007500938258,6.603622807,-0.0261374939,-0.001748307222
10067,0.002900244055,-0.007500916004,6.684943371,-0.01529553355,0.009501233843
10172,0.003700220837,-0.007500704081,6.644724178,-0.0204234357,0.007869432631
960,0.006200245661,-0.007500586911,6.630318307,-0.02459901313,-0.008418045473
677,0.00520017959,-0.00750048095,6.602831757,-0.0260617294,-0.0009817971336
10050,0.002800210972,-0.007500472138,6.689604525,-0.01461602577,0.009550556769
367,0.003800160776,-0.007500419191,6.63979704,-0.0209989942,0.007501710138
983,0.006300154025,-0.007500279344,6.634883605,-0.02415983691,-0.009051052878
648,0.005100097739,-0.007500207307,6.602589558,-0.02593920628,-0.0002250441929
366,0.003900106222,-0.00750019451,6.635022121,-0.0215536297,0.00709684412
10032,0.002700186627,-0.007500168205,6.694123332,-0.01393262916,0.009567226467
1005,0.006400099861,-0.007500151759,6.639629425,-0.02366224077,-0.009643255288
391,0.004000069605,-0.007500103189,6.630449593,-0.02208511678,0.006655030004
620,0.005000057304,-0.007500099657,6.602891316,-0.02577193198,0.0005182329979
10013,0.002600175387,-0.007500057028,6.698484004,-0.01324688507,0.009552294732
1026,0.006500041262,-0.007500036876,6.644463357,-0.02310862462,-0.01018976288
412,0.004100037363,-0.007500035797,6.626104119,-0.0225922495,0.006177741759
593,0.004900023779,-0.007500031267,6.603705435,-0.02556268542,0.001245289446
9992,0.002500154682,-0.007500024704,6.702663533,-0.0125607365,0.009508077268
566,0.004800016999,-0.007500018088,6.605021627,-0.02531311899,0.001953021809
1046,0.006600026496,-0.007500013829,6.649333018,-0.02249849931,-0.01068499985
432,0.004200022777,-0.007500013774,6.622026173,-0.02307315109,0.005665810229
9972,0.002400124066,-0.007500012026,6.706645895,-0.01187597159,0.009436565418
9950,0.002300095888,-0.007500007559,6.710420952,-0.01119420192,0.009339472234
9929,0.002200071639,-0.007500006328,6.713982248,-0.0105168712,0.009218448756
453,0.004300013313,-0.007500004984,6.618248639,-0.02352620594,0.005120631939
9906,0.002100052371,-0.007500004931,6.717326272,-0.009845340456,0.009075062286
9884,0.002000034029,-0.007500003392,6.720452543,-0.009180853932,0.00891071282
542,0.004700004292,-0.007500002763,6.606812265,-0.02502533664,0.002639127431
6914,0.00969991531,-0.007500002323,6.656757167,-0.000146769872,1.870568869e-05
9858,0.001900021585,-0.007500001963,6.723362942,-0.008524649494,0.008726609083
6886,0.009799946953,-0.007500001952,6.655290142,-6.55322743e-05,0.0001318280869
6939,0.009599879744,-0.007500001743,6.65838996,-0.0002712589751,-0.0002024982673
6863,0.009899973729,-0.007500001346,6.654242413,-1.958869397e-05,0.0001281517025
9833,0.001800015437,-0.007500001299,6.726062102,-0.007877878263,0.008523674915
476,0.004400004892,-0.00750000116,6.614806216,-0.02394967742,0.004543676546
520,0.004600002053,-0.007500000682,6.609058258,-0.02470098386,0.003301005907
9805,0.001700007832,-0.007500000673,6.728557356,-0.007241606242,0.00830247464
9779,0.001600004567,-0.007500000342,6.730858344,-0.006616974458,0.008063171272
9750,0.001500002825,-0.007500000212,6.732977608,-0.006005097475,0.007805420992
9722,0.001400001922,-0.00750000018,6.734930475,-0.00540717964,0.007528335712
498,0.004500001055,-0.007500000139,6.611732432,-0.02434184869,0.003936533149
9690,0.001300000918,-0.007500000075,6.736735294,-0.004824559137,0.007230434861
9660,0.001200000595,-0.007500000051,6.738413734,-0.004258790837,0.006909626928
9628,0.001100000283,-0.007500000016,6.739990954,-0.003711706467,0.006563206879
9598,0.001000000172,-0.007500000015,6.741496321,-0.003185526507,0.006187897022
9566,0.0009000000692,-0.007500000007,6.742962673,-0.002682928906,0.005779916707
9503,0.0007000000231,-0.007500000006,6.745936318,-0.001762270119,0.004849059258
9536,0.0008000000292,-0.007500000003,6.744429151,-0.002207206738,0.005335099099
9335,0.0,-0.0075,6.758529126,0.0,0.0
9334,0.0001,-0.0075,6.757851301,-6.588826092e-05,0.0008584251265
9359,0.0002000000002,-0.0075,6.755815981,-0.0001976178335,0.001662678514
9385,0.0003000000007,-0.0075,6.753344319,-0.0003981893137,0.002410517019
9414,0.0004000000021,-0.0075,6.751196547,-0.0006641436969,0.00310121235
6862,0.01,-0.0075,6.653897958,0.0,0.0
9442,0.0005000000065,-0.007499999999,6.749263303,-0.0009845732646,0.003735970892
9473,0.0006000000216,-0.007499999998,6.747534157,-0.001352925273,0.004317396571
1067,0.006700011892,-0.007499999428,6.654156261,-0.02183431024,-0.01112399009
6966,0.009499839183,-0.007499997474,6.660223451,-0.0004436795964,-0.000522201253
7646,0.006800017279,-0.007499994304,6.658868919,-0.02111768483,-0.01150189694
6991,0.009399798277,-0.007499983689,6.662231521,-0.0006685730135,-0.0009310168611
7631,0.00690003321,-0.007499981514,6.663403717,-0.02035122206,-0.0118142069
7019,0.009299761984,-0.007499953494,6.664380675,-0.0009497411575,-0.001419233482
7615,0.007000063643,-0.007499947385,6.667697848,-0.0195379892,-0.01205688733
7046,0.009199740731,-0.007499895511,6.666640319,-0.001290234597,-0.001976883795
7598,0.007100103019,-0.007499892164,6.671694154,-0.0186815976,-0.01222631934
7580,0.0072001562,-0.007499804709,6.67534022,-0.0177863362,-0.01231965734
7075,0.009099747773,-0.007499797973,6.668980112,-0.001692266476,-0.002593750646
7562,0.007300211256,-0.007499703539,6.678592907,-0.01685693887,-0.01233453052
7103,0.008999794358,-0.00749965765,6.671365437,-0.002157202217,-0.003259383309
7543,0.00740028573,-0.007499562527,6.681413201,-0.01589897311,-0.01226984686
7134,0.00889988388,-0.007499495003,6.673759682,-0.002685454525,-0.003963069515
7524,0.007500338657,-0.007499458629,6.683778243,-0.01491802126,-0.01212451704
7503,0.007600367815,-0.007499385154,6.685667549,-0.01392075232,-0.01189928257
7163,0.008800001855,-0.007499324334,6.676122594,-0.003276596291,-0.004694079577
7481,0.007700401872,-0.007499313001,6.687069598,-0.01291415895,-0.01159612993
7455,0.007800452046,-0.007499219549,6.68798345,-0.01190560574,-0.01121812181
7194,0.008700129167,-0.007499159122,6.678411073,-0.003929275486,-0.005441631195
7430,0.007900502542,-0.007499123586,6.688419534,-0.01090252757,-0.01076913066
7315,0.008300456044,-0.007499049421,6.685893331,-0.007093704742,-0.008380543216
7223,0.008600255213,-0.007499038549,6.680580195,-0.004641036489,-0.006194677352
7402,0.008000542249,-0.007499026864,6.688396767,-0.009912552649,-0.01025434206
7344,0.008200515843,-0.007499026114,6.687098854,-0.008000807314,-0.009051964802
7374,0.008100543483,-0.007499008102,6.687946048,-0.008942802407,-0.009679402697
7284,0.008400429728,-0.00749898259,6.684370021,-0.006227814728,-0.007674448283
7254,0.008500359379,-0.007498971509,6.68258258,-0.005408638121,-0.006942511644
857,0.005700629577,-0.007403175439,6.591593195,-0.02693034789,-0.004962134578
10124,0.003200447451,-0.007403106784,6.660304104,-0.01775790668,0.009809434341
828,0.00560060993,-0.007403074089,6.588801718,-0.02702269179,-0.004144796381
10137,0.003300430329,-0.007402963025,6.654635247,-0.01842578085,0.009615046611
884,0.005800586486,-0.007402776923,6.594784481,-0.02679028925,-0.005770752117
10149,0.003400410608,-0.007402713733,6.64891218,-0.01908251856,0.009383105271
10110,0.003100384596,-0.007402525496,6.665831429,-0.01708269903,0.009971220523
798,0.005500520279,-0.007402480731,6.58643833,-0.02706835573,-0.003322483349
909,0.005900528368,-0.007402224734,6.598415922,-0.02659804674,-0.006566320596
10161,0.003500364881,-0.007402067838,6.643134255,-0.01972767973,0.009115061794
10095,0.003000314952,-0.007401683577,6.671237017,-0.01640010731,0.01009799671
768,0.005400391966,-0.007401669623,6.584580402,-0.02706609206,-0.002499163805
934,0.006000426838,-0.007401547025,6.602453313,-0.02635228221,-0.00734386591
10171,0.003600282579,-0.007401321891,6.637369485,-0.02035816545,0.008808692245
959,0.006100329995,-0.007401005477,6.606906607,-0.02604906031,-0.008097930571
10080,0.002900228668,-0.007400937985,6.676529176,-0.01571025999,0.01018823675
737,0.00530026639,-0.007400930453,6.583302184,-0.02701492562,-0.001679223655
10179,0.003700203862,-0.007400697356,6.631680909,-0.02097133339,0.008462424155
982,0.006200232788,-0.007400575355,6.611717412,-0.02568764444,-0.008822997754
706,0.005200178418,-0.007400512178,6.582663997,-0.02691455656,-0.0008671901314
10064,0.002800187175,-0.007400473883,6.681694373,-0.01501457413,0.01024180136
10186,0.00380014875,-0.0074004281,6.626141759,-0.02156429157,0.008074954449
1004,0.006300155712,-0.007400289445,6.616834499,-0.02526676661,-0.009513336192
676,0.005100099514,-0.00740022313,6.582626438,-0.02676840666,-6.650279954e-05
10047,0.002700154161,-0.007400177499,6.686699826,-0.01431501089,0.01026084236
10192,0.003900085687,-0.00740016721,6.620750243,-0.02213684365,0.007648923995
1025,0.006400108573,-0.007400165206,6.622197329,-0.02478563419,-0.01016297809
10197,0.004000062332,-0.007400099152,6.615575191,-0.02268644002,0.007183720046
647,0.005000050535,-0.007400089802,6.583189496,-0.02657813689,0.0007191036923
10030,0.002600140569,-0.007400074354,6.691525995,-0.01361325114,0.01024664108
1045,0.006500053188,-0.007400047495,6.627709492,-0.02424600167,-0.01076657511
619,0.004900027204,-0.007400037266,6.584325737,-0.02634612882,0.00148656344
10012,0.002500124894,-0.007400036654,6.696147179,-0.01291122094,0.0102016834
9994,0.002400104952,-0.007400024125,6.70054763,-0.01221059091,0.01012789606
452,0.004100023674,-0.007400023505,6.610632617,-0.02321211601,0.006681538271
1066,0.006600035208,-0.00740001673,6.633315625,-0.02364698815,-0.01131816362
9973,0.002300083038,-0.007400015201,6.704716315,-0.0115129154,0.01002712013
592,0.004800012713,-0.007400012249,6.5860072,-0.02607450588,0.002233189997
9953,0.002200063095,-0.007400010231,6.708646656,-0.01081962168,0.009901037643
451,0.004200012539,-0.007400008356,6.60597524,-0.02371191519,0.00614282252
9930,0.002100047406,-0.00740000776,6.712335019,-0.01013206263,0.009751273149
9909,0.002000036187,-0.007400005319,6.715780651,-0.009451511524,0.009579318113
6967,0.009599908656,-0.007400005299,6.654117611,-0.0003083550517,-0.0003589187497
6942,0.00969993283,-0.007400004706,6.652295793,-0.0001675246369,-9.000769104e-05
6915,0.009799956623,-0.007400004241,6.650681546,-7.485177888e-05,6.528410547e-05
565,0.004700004954,-0.007400003595,6.588209886,-0.02576506795,0.002956344516
9885,0.001900022961,-0.007400003282,6.718985964,-0.008779125879,0.009386419611
475,0.004300006483,-0.007400002803,6.601635689,-0.02418427971,0.0055691366
6891,0.009899978621,-0.007400002437,6.649483701,-2.233331886e-05,9.820720082e-05
6994,0.009499882151,-0.007400002347,6.656141792,-0.0005019499891,-0.0007314347297
9861,0.001800013972,-0.007400001759,6.721955659,-0.008116099297,0.009173559305
497,0.004400004136,-0.007400001047,6.597652888,-0.02462749515,0.004961922867
541,0.004600002658,-0.007400001042,6.590905818,-0.02541960339,0.003653616941
9834,0.001700008057,-0.007400000997,6.724697393,-0.007463542628,0.008941332189
9808,0.001600004619,-0.007400000513,6.727221513,-0.006822567482,0.008689883695
9780,0.001500002725,-0.007400000267,6.729541233,-0.006194316021,0.008418821372
9753,0.001400001681,-0.007400000153,6.73167275,-0.005580015816,0.008127150212
9723,0.001300001164,-0.007400000115,6.733635454,-0.004981041161,0.007813217652
519,0.004500001404,-0.007400000091,6.594064547,-0.02503983787,0.004322823541
9693,0.001200000639,-0.00740000005,6.735452269,-0.004398984183,0.007474678808
9661,0.001100000326,-0.007400000024,6.737149842,-0.003835741699,0.007108491445
9631,0.001000000172,-0.007400000013,6.738759255,-0.003293611026,0.006710942893
9599,0.0009000001188,-0.00740000001,6.740315507,-0.002775373548,0.006277714271
9537,0.0007000000215,-0.007400000003,6.743437236,-0.001824914251,0.005284640531
9506,0.0006000000154,-0.007400000002,6.745100245,-0.001401784536,0.004714416332
9569,0.0008000000393,-0.007400000002,6.741860236,-0.002284447972,0.005803991475
9363,0.0,-0.0074,6.756484439,0.0,0.0
9362,0.0001000000001,-0.0074,6.75578238,-6.842500907e-05,0.0009494024854
9388,0.0002000000003,-0.0074,6.75367534,-0.0002051863467,0.001833440336
9415,0.0003000000009,-0.0074,6.751116697,-0.0004132771699,0.002650714092
9445,0.0004000000034,-0.0074,6.748893891,-0.0006889048544,0.003401555252
9474,0.0005000000106,-0.0074,6.746893177,-0.001020700989,0.00408824417
6890,0.01,-0.0074,6.649047649,0.0,0.0
1085,0.006700010066,-0.007399999953,6.638924722,-0.02299047324,-0.01181216937
7658,0.006800015507,-0.007399994807,6.644466159,-0.02227755227,-0.01224328684
7020,0.009399860304,-0.007399988253,6.658329615,-0.0007530865872,-0.00119715912
7645,0.006900024341,-0.007399986105,6.649862932,-0.02151052312,-0.01260630148
7049,0.009299842276,-0.007399960034,6.660653399,-0.001065475284,-0.001745677576
7630,0.007000049034,-0.007399956037,6.655041794,-0.02069206691,-0.01289660602
7614,0.007100079208,-0.007399912414,6.659935777,-0.01982543611,-0.01310983549
7076,0.009199845825,-0.007399901642,6.663075929,-0.001442079209,-0.002366175699
7597,0.007200126106,-0.007399826967,6.6644795,-0.01891481046,-0.01324263704
7106,0.009099867927,-0.007399807927,6.665561221,-0.001884972453,-0.003047652809
7579,0.007300178632,-0.007399723792,6.668619596,-0.01796467999,-0.0132919195
7135,0.008999906426,-0.007399679906,6.668068337,-0.002395317468,-0.003778815712
7561,0.007400232751,-0.007399602552,6.672307523,-0.01698046362,-0.01325571135
7166,0.008899976163,-0.007399533665,6.670553302,-0.002973129942,-0.004547917875
7545,0.007500288204,-0.007399476081,6.67550532,-0.01596806745,-0.01313292178
7525,0.007600324715,-0.007399407468,6.67818802,-0.01493371381,-0.01292305908
7505,0.007700345772,-0.007399370873,6.68033355,-0.01388490413,-0.01262770891
7195,0.008800062165,-0.007399370157,6.672968271,-0.003617589983,-0.005343327231
7482,0.007800383855,-0.007399271114,6.681927892,-0.01282986564,-0.01225035975
7226,0.008700157053,-0.007399220812,6.675263066,-0.00432668207,-0.006153048901
7458,0.007900415146,-0.007399201911,6.682980216,-0.01177587616,-0.01179394024
7375,0.008200423209,-0.007399140768,6.683066397,-0.008702363429,-0.0100082148
7431,0.008000442055,-0.00739913293,6.683502144,-0.01073132157,-0.01126386687
7347,0.008300390099,-0.007399128828,6.682176289,-0.00773417581,-0.009299581277
7405,0.008100438302,-0.007399117729,6.683520427,-0.009704165197,-0.01066609535
7255,0.008600250493,-0.007399099738,6.677384929,-0.00509740901,-0.006965200731
7316,0.008400362815,-0.007399070316,6.680896244,-0.006806547286,-0.008549589107
7287,0.008500308929,-0.007399069258,6.679281836,-0.005925688409,-0.007767791491
883,0.005700620831,-0.00730319434,6.569314081,-0.02783332367,-0.005066474971
856,0.00560060282,-0.007303104169,6.566428615,-0.02789963491,-0.004197444232
10148,0.003300424617,-0.007303098774,6.643010022,-0.01885949654,0.01028346697
908,0.005800567443,-0.007302745646,6.572657045,-0.02771942009,-0.0059281719
10136,0.003200389389,-0.007302696781,6.649240751,-0.01817878881,0.01049239489
10123,0.00310038646,-0.007302485187,6.655406958,-0.0174876741,0.01066063848
827,0.005500506134,-0.007302478742,6.564025723,-0.02791954965,-0.003324814797
10160,0.003400359525,-0.007302450073,6.636603134,-0.0195323489,0.01004189427
933,0.005900496452,-0.007302185068,6.576525425,-0.02755281383,-0.006778218015
10170,0.003500329201,-0.007302042816,6.630202476,-0.02019129862,0.009758140817
10109,0.003000304603,-0.007301660695,6.661395547,-0.01679008435,0.01079475881
797,0.005400374735,-0.007301649198,6.562199566,-0.02789167834,-0.002452790032
958,0.006000407704,-0.007301531158,6.580885324,-0.02733195238,-0.007611715278
10178,0.003600251484,-0.007301347541,6.623781733,-0.02083641763,0.009435615862
10094,0.002900224614,-0.007300939923,6.667251831,-0.01608551043,0.01089056112
767,0.005300249277,-0.007300921349,6.561031795,-0.02781529879,-0.001585928829
981,0.006100302157,-0.007300874674,6.585712078,-0.0270545349,-0.008423230602
10185,0.003700186261,-0.007300755195,6.617431384,-0.02146461299,0.009071542791
1003,0.006200229208,-0.007300579565,6.59103547,-0.02671556788,-0.009206279575
736,0.005200165918,-0.00730048747,6.560570919,-0.02769086246,-0.0007288021882
10079,0.002800167903,-0.007300469544,6.672960729,-0.0153752542,0.0109482155
10191,0.003800122263,-0.007300347841,6.611208984,-0.02207371615,0.008665587696
705,0.00510010556,-0.007300259822,6.56079349,-0.0275209444,0.0001149877012
1024,0.006300133193,-0.007300219751,6.596698728,-0.02631816747,-0.009955844292
10063,0.002700121197,-0.007300184232,6.678490028,-0.01466118856,0.01096956343
10196,0.003900076047,-0.00730015217,6.605166335,-0.02266186576,0.008217997197
1044,0.00640010119,-0.0073001465,6.602715097,-0.02585747089,-0.01066497727
10200,0.004000054654,-0.007300096706,6.599339889,-0.02322765694,0.007729830086
675,0.005000047583,-0.007300089858,6.561655081,-0.02730841898,0.000942365666
10048,0.002600105663,-0.00730008385,6.683816195,-0.01394513061,0.01095611615
10031,0.002500096127,-0.007300051368,6.688912859,-0.01322887199,0.01091035302
1065,0.006500040756,-0.007300033049,6.608938276,-0.02533666999,-0.01132820979
646,0.00490002145,-0.007300030084,6.563151319,-0.02705475091,0.001749771374
10015,0.002400082012,-0.007300029415,6.693762304,-0.01251403801,0.01083438149
474,0.004100027561,-0.007300028908,6.593754186,-0.02376994326,0.007202938286
9995,0.002300067565,-0.007300019553,6.698354445,-0.01180210177,0.01072994283
618,0.004800015913,-0.007300017674,6.565246962,-0.02676209878,0.002534502288
1084,0.006600024358,-0.007300013027,6.615325316,-0.02475377774,-0.011939142
9976,0.002200053313,-0.007300013018,6.702681867,-0.01109447934,0.01059884439
473,0.004200015625,-0.007300010117,6.588465814,-0.02428677141,0.006637912827
9954,0.002100041308,-0.007300009339,6.706740845,-0.01039250798,0.01044276829
9933,0.002000030858,-0.007300006331,6.710530671,-0.009697446145,0.01026326494
6995,0.009599940223,-0.007300005664,6.64961936,-0.0003475877422,-0.0005346880659
3937,0.009699954348,-0.007300005535,6.64761562,-0.0001894127712,-0.0002127881818
3938,0.009799969204,-0.007300004789,6.645852864,-8.455077873e-05,-9.960064472e-06
9910,0.001900019829,-0.007300003854,6.714053743,-0.009010478454,0.01006164771
7023,0.009499927863,-0.007300003674,6.651843846,-0.0005636173054,-0.0009650834233
496,0.004300008372,-0.007300003097,6.583512038,-0.02477659736,0.006036185955
3947,0.009899984483,-0.007300002864,6.644497874,-2.536132698e-05,6.36485255e-05
591,0.00470000384,-0.007300002532,6.567904838,-0.0264324175,0.003294231212
9888,0.00180001179,-0.007300002134,6.71731517,-0.008332780917,0.00983893423
9862,0.001700007086,-0.007300001107,6.720323007,-0.007665479917,0.009595743089
564,0.004600003018,-0.007300000936,6.571096777,-0.02606733263,0.004026320109
518,0.004400004554,-0.007300000767,6.578938903,-0.02523775277,0.005399213782
9837,0.001600004828,-0.00730000067,6.72308822,-0.007009694127,0.00933220183
9809,0.001500003068,-0.007300000419,6.725624759,-0.006366575908,0.009047858501
1104,0.006700009209,-0.007300000243,6.621774502,-0.02411026138,-0.01249176497
9783,0.001400001643,-0.007300000179,6.727949677,-0.005737379833,0.008741604436
9754,0.0013000011,-0.007300000128,6.730083403,-0.005123517942,0.008411604694
9726,0.001200000522,-0.007300000052,6.732050103,-0.004526623729,0.008055249906
9694,0.001100000267,-0.007300000023,6.733877931,-0.003948654045,0.007669142811
9664,0.001000000179,-0.007300000013,6.735599496,-0.003391979852,0.0072491152
9632,0.0009000000789,-0.007300000005,6.737251896,-0.002859481388,0.00679028308
9602,0.0008000000467,-0.007300000002,6.738879961,-0.002354696212,0.006287158402
9392,0.0,-0.0073,6.754006159,0.0,0.0
9391,0.0001000000001,-0.0073,6.753282808,-7.075098221e-05,0.001043655047
9418,0.0002000000004,-0.0073,6.751110404,-0.0002120725965,0.002010223482
9446,0.0003000000006,-0.0073,6.74847171,-0.0004269513556,0.002899212495
9477,0.000400000002,-0.0073,6.74617939,-0.0007113678453,0.003712034346
9507,0.000500000003,-0.0073,6.744114259,-0.001053498531,0.004452107172
9540,0.0006000000065,-0.0073,6.742258701,-0.001446172619,0.005124164835
9570,0.0007000000167,-0.0073,6.740529908,-0.001881857753,0.005733829676
3954,0.01,-0.0073,6.643975338,0.0,0.0
540,0.004500001689,-0.007299999862,6.574787447,-0.02566854928,0.004728663712
1143,0.006800011,-0.007299996229,6.628204402,-0.02340681285,-0.01298006993
7050,0.009399918992,-0.007299994817,6.654221454,-0.0008425350169,-0.00149288476
1165,0.006900015467,-0.007299989752,6.63453187,-0.02264511971,-0.01339823288
7079,0.00929991678,-0.007299970476,6.65672594,-0.001187905129,-0.002106796705
7642,0.007000031203,-0.007299968702,6.640673737,-0.02182737612,-0.01374091734
7627,0.007100052723,-0.00729992797,6.646550035,-0.02095653565,-0.01400316121
7107,0.009199925826,-0.007299921452,6.659314692,-0.001602642317,-0.002795165505
7611,0.007200084109,-0.007299860006,6.652085715,-0.02003626227,-0.01418067627
7138,0.009099947564,-0.007299840813,6.661944924,-0.002088587532,-0.003546011952
7595,0.00730012711,-0.007299763395,6.65721243,-0.01907095153,-0.01426986963
7167,0.008999981272,-0.007299728479,6.664567768,-0.00264657969,-0.004347015994
7578,0.007400169883,-0.007299659233,6.661871488,-0.01806568644,-0.01426781335
7198,0.008900032536,-0.007299596325,6.667131317,-0.003276268142,-0.005185448404
7564,0.007500208979,-0.007299540861,6.666010455,-0.01702655253,-0.01417291144
7546,0.00760023892,-0.007299479369,6.669594216,-0.01595958186,-0.01398391426
7227,0.008800089991,-0.007299469767,6.669580264,-0.003976213415,-0.006048391141
7527,0.007700259242,-0.007299458579,6.672589856,-0.01487239644,-0.01370174343
7506,0.007800287605,-0.007299373516,6.674971523,-0.0137737983,-0.01332963747
7258,0.008700149371,-0.0072993495,6.671855134,-0.004743844262,-0.006922910399
7485,0.007900312802,-0.007299325876,6.67674185,-0.01267129035,-0.01287006146
7406,0.008200312445,-0.007299270579,6.678501418,-0.009429583599,-0.01102492086
7378,0.008300291054,-0.007299256427,6.678001069,-0.008400038166,-0.01028023035
7459,0.008000330338,-0.007299252524,6.67790339,-0.01157418483,-0.01232868594
7288,0.008600204984,-0.007299248135,6.673895171,-0.005575428702,-0.007796029933
7434,0.008100335675,-0.007299235211,6.678480208,-0.01049061221,-0.01171101325
7348,0.008400277402,-0.007299185248,6.677027048,-0.007409927479,-0.009486935171
7319,0.008500250053,-0.007299180778,6.675639042,-0.006466123254,-0.008654932452
907,0.005700623518,-0.007203223838,6.54495549,-0.02865013831,-0.005144290543
882,0.005600573329,-0.007203022047,6.541970539,-0.02869033318,-0.00422375312
10145,0.003200410454,-0.007202835734,6.637234941,-0.01854947331,0.01118510649
932,0.005800584505,-0.00720282311,6.548451206,-0.02856289658,-0.006058848892
10157,0.003300390224,-0.007202822457,6.63029365,-0.01924412549,0.01096852574
10168,0.003400347789,-0.00720254861,6.623249948,-0.01992820372,0.01071209585
855,0.005500491467,-0.007202474498,6.539584819,-0.02868294063,-0.003301603044
10133,0.003100386558,-0.007202386683,6.644018274,-0.0178463608,0.01136400417
957,0.005900505839,-0.007202189229,6.552522649,-0.02842425826,-0.006963367024
10177,0.003500294859,-0.007201981436,6.616133053,-0.02060027745,0.01041551985
826,0.005400363986,-0.007201664496,6.537832929,-0.02862889076,-0.002381707485
10120,0.003000312034,-0.007201637148,6.65063635,-0.01713570199,0.01150492601
980,0.006000399179,-0.007201500013,6.5571774,-0.0282312468,-0.007852845684
10184,0.003600224065,-0.007201289898,6.609003916,-0.02125807614,0.0100773097
796,0.005300238292,-0.007200915382,6.536804106,-0.02852767494,-0.00146871205
10106,0.002900221547,-0.007200914646,6.657094448,-0.01641831305,0.01160642776
1002,0.006100303637,-0.007200872709,6.562401926,-0.02798099514,-0.008721974911
10190,0.003700162493,-0.007200722348,6.601944113,-0.02189909324,0.009695701906
1023,0.006200226508,-0.007200586078,6.568210929,-0.02766931706,-0.009564073978
10092,0.002800150694,-0.007200449322,6.663385883,-0.01569535795,0.01166805469
766,0.005200140008,-0.007200440805,6.536551764,-0.02837977326,-0.0005671198303
10195,0.003800113969,-0.007200374044,6.595017696,-0.022521257,0.009270227294
1043,0.006300147168,-0.007200247536,6.574447516,-0.02729816478,-0.01037395816
735,0.005100087052,-0.007200220275,6.537063455,-0.02818733105,0.0003190809954
10078,0.002700103278,-0.007200189058,6.66947606,-0.01496872639,0.01169159437
10199,0.003900070014,-0.007200146983,6.58826044,-0.02312314394,0.008801996471
1064,0.006400106441,-0.007200146163,6.581113753,-0.02686327844,-0.01114446301
704,0.005000059894,-0.007200119467,6.538289991,-0.02795302799,0.001186813864
10065,0.002600079191,-0.007200087707,6.675336885,-0.01424018781,0.01167894307
10201,0.004000045339,-0.007200082943,6.581731156,-0.0237029453,0.008291348136
1083,0.006500059127,-0.00720004573,6.588074664,-0.02636604586,-0.01186960606
10049,0.002500066799,-0.007200044171,6.680941052,-0.01351151339,0.01163251858
674,0.004900021683,-0.007200031079,6.540184141,-0.02767916268,0.002033475517
10034,0.002400062614,-0.00720003095,6.686271813,-0.01278425516,0.01155428512
495,0.004100021764,-0.007200024417,6.57545572,-0.02425954529,0.00774015607
10016,0.002300052102,-0.007200019446,6.691316994,-0.0120598137,0.01144625008
9998,0.002200043379,-0.007200013568,6.696069434,-0.01133961033,0.01131019663
1103,0.006600027062,-0.007200012801,6.595267426,-0.0258049912,-0.01254258417
494,0.004200013477,-0.007200011424,6.569490142,-0.02479113366,0.007149160686
645,0.004800010384,-0.007200010595,6.542732593,-0.02736715334,0.002855687206
9977,0.002100034468,-0.007200009543,6.700525215,-0.0106249507,0.0111478878
9957,0.002000026728,-0.007200006833,6.704683664,-0.009917096438,0.01096092488
7024,0.009599967552,-0.007200005131,6.644896195,-0.0003893389487,-0.0007308978141
3926,0.009699972098,-0.007200004882,6.642684116,-0.0002130192721,-0.0003504512621
3925,0.009799980818,-0.007200004551,6.640724101,-9.551994662e-05,-9.485013368e-05
9934,0.001900018084,-0.007200004541,6.708547325,-0.009217230469,0.01075067857
617,0.00470000408,-0.007200002847,6.545893498,-0.02701890533,0.003651102571
3939,0.009899989937,-0.007200002837,6.639282473,-2.904572352e-05,2.463703066e-05
9913,0.001800011821,-0.007200002809,6.71212163,-0.008526528126,0.01051820351
7053,0.009499962814,-0.007200002096,6.647321846,-0.0006291600894,-0.001224646897
9889,0.001700006677,-0.007200001379,6.715415151,-0.007846110573,0.01026412851
517,0.004300004741,-0.007200001115,6.56387561,-0.02529621115,0.006519870869
9865,0.001600004388,-0.007200000802,6.718439411,-0.007177123938,0.009988562428
590,0.0046000022,-0.007200000512,6.54962749,-0.02663607747,0.00441734043
9838,0.00150000272,-0.00720000044,6.721209101,-0.006520735534,0.009690988584
9812,0.001400001928,-0.007200000275,6.723742151,-0.005878226412,0.009370175649
9784,0.001300000924,-0.007200000126,6.726060059,-0.005251031919,0.009024092265
9757,0.001200000643,-0.007200000088,6.728188183,-0.004640840055,0.008649857041
1123,0.006700008682,-0.007200000051,6.60259686,-0.02518036643,-0.01315698345
9727,0.00110000032,-0.007200000037,6.730156193,-0.004049659279,0.008243699146
9697,0.001000000174,-0.007200000018,6.73199817,-0.003479932791,0.007800975411
9665,0.0009000000821,-0.007200000008,6.733753546,-0.002934641067,0.007316214153
9635,0.0008000000433,-0.007200000003,6.735469836,-0.002417427551,0.006783239252
9603,0.00070000002,-0.007200000002,6.737195372,-0.001932663736,0.006195325306
9422,0.0,-0.0072,6.751074752,0.0,0.0
9421,0.0001000000001,-0.0072,6.750332376,-7.28190382e-05,0.001140878032
9449,0.0002000000003,-0.0072,6.748101035,-0.0002181970268,0.002192441583
9478,0.0003000000008,-0.0072,6.745390009,-0.0004391076942,0.003155175773
9510,0.0004000000016,-0.0072,6.74303405,-0.0007313501768,0.004031637835
9541,0.000500000003,-0.0072,6.740907918,-0.001082704866,0.004826418404
9573,0.0006000000087,-0.0072,6.738990833,-0.001485739098,0.005545408601
3948,0.01,-0.0072,6.638762843,0.0,0.0
539,0.004400002382,-0.007199999628,6.558665347,-0.02577312593,0.005853655223
563,0.004500001323,-0.007199999465,6.553899662,-0.0262202692,0.005152214649
1144,0.006800007779,-0.007199996798,6.609969215,-0.02449248479,-0.01370623431
7080,0.009399963466,-0.007199994121,6.64989616,-0.0009374126227,-0.001819979663
1166,0.006900008837,-0.007199991764,6.617289652,-0.02374246668,-0.01418381646
7655,0.007000016523,-0.007199975508,6.624465841,-0.02293197725,-0.0145836565
7110,0.009299966301,-0.007199972983,6.652586004,-0.001317635469,-0.002504690022
7641,0.00710002462,-0.007199950356,6.631407388,-0.02206339257,-0.01489995992
7139,0.009199978154,-0.007199934929,6.655342119,-0.001772551475,-0.003266091166
7626,0.007200044393,-0.007199895193,6.638024644,-0.02114001065,-0.01512776912
7170,0.00909999709,-0.007199873637,6.658113763,-0.002303736831,-0.004091134859
7612,0.007300075675,-0.007199823717,6.644237837,-0.0201657068,-0.01526250201
7199,0.009000020567,-0.00719978484,6.660843296,-0.002911656624,-0.004966398611
7596,0.007400102425,-0.007199732498,6.649971541,-0.01914559483,-0.01530062547
7230,0.008900052664,-0.007199688893,6.663469938,-0.00359543068,-0.005877909549
7582,0.007500127757,-0.007199649712,6.655163556,-0.01808514334,-0.01523936766
7565,0.007600149138,-0.007199597927,6.659759877,-0.01699083004,-0.01507719749
7259,0.008800084466,-0.007199589328,6.665928298,-0.004353051455,-0.006811666125
7548,0.007700169721,-0.007199563557,6.663716171,-0.01587026586,-0.01481432092
7528,0.007800188245,-0.007199513926,6.666999507,-0.01473197675,-0.01445266811
7291,0.008700115471,-0.007199507326,6.668150445,-0.005181115733,-0.007753345768
7509,0.007900201578,-0.007199466649,6.669595958,-0.01358458696,-0.01399517045
7320,0.008600144059,-0.007199431012,6.670066032,-0.006075129927,-0.008688971507
7486,0.008000212826,-0.007199430116,6.671504925,-0.01243718096,-0.0134463956
7435,0.008200208491,-0.007199424289,6.673325257,-0.01018015179,-0.01210133558
7462,0.008100215961,-0.007199421764,6.672739831,-0.01129913735,-0.01281244476
7409,0.008300193959,-0.007199407518,6.673297142,-0.009089751968,-0.01132260991
7351,0.008500164633,-0.007199383963,6.671606442,-0.007029308358,-0.009604563218
7379,0.008400178177,-0.00719937694,6.672704443,-0.008036783892,-0.01048666388
931,0.005700632363,-0.007103244509,6.518520931,-0.02936907729,-0.005194549347
906,0.005600596293,-0.007103103354,6.515512434,-0.02938118848,-0.004223796988
956,0.005800596229,-0.007102874775,6.522136839,-0.02930976006,-0.00616116136
10167,0.003300375301,-0.007102677268,6.616542046,-0.01957408289,0.01166422584
10156,0.003200394478,-0.007102603207,6.624178726,-0.01886931729,0.0118919511
881,0.005500493298,-0.007102496201,6.513141811,-0.02934729631,-0.003252879042
10176,0.003400322742,-0.007102416342,6.608775694,-0.02026834278,0.01139555224
10144,0.003100378714,-0.007102224287,6.631656496,-0.018155479,0.01207925124
979,0.005900515315,-0.007102197384,6.526391005,-0.02920026019,-0.00711954687
10183,0.003500259292,-0.007101874609,6.600921444,-0.02095046536,0.01108499262
854,0.005400358318,-0.007101656414,6.511486865,-0.02926754545,-0.002286103863
1001,0.006000415216,-0.007101541054,6.531338044,-0.0290364794,-0.008064716265
10132,0.003000311769,-0.007101532366,6.638943003,-0.01743404386,0.01222704598
10189,0.003600196356,-0.007101265048,6.593052732,-0.02161824524,0.01073072835
825,0.005300229618,-0.007100905166,6.51063991,-0.0291418671,-0.001328113057
10119,0.002900230138,-0.007100874476,6.646048035,-0.01670591468,0.01233372434
1022,0.00610031433,-0.007100863761,6.536924391,-0.02881664865,-0.008991460027
642,0.003700143769,-0.007100711104,6.585237152,-0.02226967065,0.01033181357
1042,0.006200240379,-0.007100566493,6.543205546,-0.02853557117,-0.009893058958
10107,0.002800156796,-0.007100436519,6.652960665,-0.0159723745,0.01239916085
613,0.003800102172,-0.007100414703,6.577561536,-0.02290240431,0.009887101049
795,0.005200124389,-0.00710041015,6.510640108,-0.02897124056,-0.0003833025747
1063,0.006300166355,-0.007100302726,6.550026022,-0.02819402488,-0.01076373252
10093,0.002700105969,-0.007100219408,6.659649567,-0.01523517985,0.01242478654
765,0.00510006093,-0.007100166694,6.511472063,-0.02875766494,0.0005443700746
587,0.003900062848,-0.007100152526,6.570041815,-0.02351545779,0.009398511481
1082,0.006400098099,-0.007100134271,6.557333825,-0.02778965858,-0.01159674624
734,0.005000048477,-0.007100101772,6.513098155,-0.02850334576,0.001451499612
10081,0.00260006819,-0.007100090444,6.666076629,-0.01449619806,0.01241317533
559,0.004000043808,-0.007100081324,6.562761995,-0.02410671975,0.008865664014
10066,0.002500049272,-0.00710003903,6.672220813,-0.01375704003,0.01236613228
703,0.004900022944,-0.00710003593,6.515446312,-0.02821077816,0.002336003563
516,0.004100023443,-0.007100029826,6.555748153,-0.02467507555,0.008290561695
1102,0.006500040852,-0.007100028048,6.565041536,-0.02732121176,-0.01238543991
10052,0.002400045159,-0.007100025585,6.678063251,-0.01301925141,0.01228577451
10035,0.002300038925,-0.007100017682,6.683590806,-0.01228420027,0.01217419862
515,0.004200015648,-0.007100013298,6.549057358,-0.02521889919,0.007674099753
673,0.004800010822,-0.007100012322,6.518490641,-0.02788132482,0.003194691477
10019,0.002200031435,-0.007100011759,6.688795712,-0.01155326046,0.01203329364
1122,0.006600022904,-0.007100008034,6.573070404,-0.02678699718,-0.013122804
9999,0.002100024389,-0.007100007976,6.693674037,-0.01082774477,0.01186485798
9980,0.002000018612,-0.007100006076,6.698225209,-0.01010890469,0.01167054706
9958,0.001900014043,-0.007100004467,6.702451839,-0.00939793584,0.01145178967
3902,0.009699987113,-0.007100004128,6.63750144,-0.0002384946498,-0.0005041332332
3901,0.009599986184,-0.007100003546,6.639937114,-0.0004339197393,-0.0009486967188
3914,0.009799989569,-0.007100003523,6.635347462,-0.0001072028969,-0.0001903580424
9937,0.001800009572,-0.00710000298,6.706359868,-0.008695985014,0.01120966588
3927,0.00989999434,-0.00710000231,6.633780021,-3.251006359e-05,-1.88304016e-05
644,0.00470000275,-0.007100001841,6.522201416,-0.02751662869,0.004025034001
9914,0.001700006336,-0.00710000169,6.709958285,-0.008004196165,0.0109448156
7083,0.009499986605,-0.007100001312,6.642566954,-0.0006989328715,-0.001511585477
9892,0.001600004079,-0.00710000096,6.713259293,-0.007323714418,0.01065731724
538,0.004300004036,-0.007100000438,6.5427379,-0.02573666759,0.007017770405
616,0.00460000236,-0.007100000391,6.526528898,-0.02711834443,0.004824570367
9866,0.001500002119,-0.007100000368,6.716278294,-0.006655735471,0.0103465839
9841,0.001400001434,-0.007100000249,6.719034101,-0.006001570304,0.0100112532
9813,0.001300000718,-0.007100000122,6.721549242,-0.005362687126,0.009649092211
9787,0.0012000004,-0.007100000065,6.723850274,-0.004740814921,0.009256930166
9758,0.001100000272,-0.007100000037,6.725968308,-0.004138021948,0.008830613778
9730,0.001000000167,-0.007100000025,6.727939178,-0.003556817042,0.008365005683
9698,0.0009000000722,-0.007100000009,6.729804895,-0.003000275638,0.007854031299
9668,0.000800000036,-0.007100000004,6.731614028,-0.002472148679,0.007290797846
9636,0.0007000000142,-0.007100000001,6.733417416,-0.001976925905,0.006667735037
9453,0.0,-0.0071,6.74767279,0.0,0.0
9452,0.0001000000001,-0.0071,6.746913589,-7.460339464e-05,0.001240696562
9481,0.0002000000002,-0.0071,6.744630327,-0.0002234896542,0.002379426544
9511,0.0003000000005,-0.0071,6.741855245,-0.0004496319023,0.003417702348
9544,0.0004000000015,-0.0071,6.739441534,-0.0007486775394,0.004359279894
9574,0.0005000000023,-0.0071,6.737257949,-0.001108070474,0.005209960255
9606,0.0006000000055,-0.0071,6.735280515,-0.001520156453,0.005976828172
3940,0.01,-0.0071,6.633205261,0.0,0.0
1142,0.00670000927,-0.007099999416,6.581311864,-0.02618705602,-0.01380181697
562,0.004400002247,-0.007099999086,6.53684515,-0.02622684038,0.006322901701
589,0.004500001159,-0.007099999064,6.531423341,-0.02668789983,0.005591223487
1164,0.006800007121,-0.007099995876,6.589667965,-0.02552104857,-0.01441541534
7111,0.009399989005,-0.007099995089,6.645343207,-0.00103816132,-0.002180200711
1185,0.006900005087,-0.007099992533,6.598033972,-0.02478937382,-0.01495642048
1221,0.007000006137,-0.007099984159,6.606308412,-0.02399302621,-0.01541796672
7142,0.00929999438,-0.007099982185,6.648221006,-0.001455129454,-0.002941275999
7653,0.007100008529,-0.00709996773,6.614388868,-0.02313380701,-0.01579351613
7171,0.009200003343,-0.00709995581,6.651143312,-0.001952323106,-0.003781057027
7640,0.007200015987,-0.007099930915,6.622173054,-0.02221442235,-0.01607713857
7202,0.009100014744,-0.007099905013,6.654049317,-0.0025309933,-0.004685324021
7628,0.007300031717,-0.007099872752,6.629564894,-0.02123839429,-0.01626348975
7231,0.009000031556,-0.007099846037,6.65687233,-0.003191037292,-0.00563920523
7613,0.007400049918,-0.007099805394,6.636477406,-0.02021015698,-0.01634794212
7262,0.008900049065,-0.00709977518,6.659540448,-0.00393107663,-0.006627634595
7600,0.007500065188,-0.007099746231,6.642830301,-0.01913509023,-0.0163268791
7292,0.008800065928,-0.007099707066,6.661978226,-0.004748289622,-0.007635137442
7583,0.007600083319,-0.00709970665,6.64855366,-0.01801953732,-0.01619797833
7567,0.007700090788,-0.007099685909,6.653589552,-0.01687113078,-0.01596049794
7323,0.008700080901,-0.007099650199,6.664107194,-0.005638475093,-0.008646188782
7549,0.0078001046,-0.007099650076,6.657890961,-0.01569833757,-0.01561562075
7531,0.007900116832,-0.00709961194,6.661431073,-0.01451018408,-0.01516573738
7489,0.008100114606,-0.007099602753,6.666201231,-0.01212646116,-0.01396899827
7463,0.008200111046,-0.0070995974,6.667452967,-0.01095141193,-0.01323629946
7510,0.008000119057,-0.007099592309,6.664199525,-0.01331624127,-0.01461490125
7352,0.008600098504,-0.007099586776,6.665847059,-0.00659618613,-0.009645589699
7438,0.008300108013,-0.007099575507,6.667989314,-0.009801299354,-0.01242622635
7382,0.008500105512,-0.007099559687,6.667122573,-0.00761460374,-0.01061810363
7410,0.008400108173,-0.007099555274,6.667859165,-0.008685902131,-0.01154946894
955,0.005700638921,-0.00700326934,6.490055006,-0.02997909646,-0.005216522366
930,0.00560060791,-0.007003153881,6.487050764,-0.02996319242,-0.004196878685
978,0.005800598741,-0.007002833649,6.493731656,-0.02994898419,-0.006233907514
905,0.005500505079,-0.007002529016,6.484745051,-0.02990263037,-0.003178820875
10175,0.003300328678,-0.007002300628,6.601715228,-0.01984676209,0.01237082338
10164,0.003200353707,-0.007002250583,6.610102566,-0.01913404779,0.01260888154
1000,0.005900538116,-0.00700221248,6.498165193,-0.02986901912,-0.007245204311
10182,0.00340028589,-0.007002211198,6.593207736,-0.0205484151,0.01208876691
10153,0.003100361854,-0.007002006353,6.618323074,-0.01841195112,0.01280405862
10188,0.003500222776,-0.007001738683,6.584581378,-0.02123794203,0.01176394835
880,0.005400365319,-0.007001679402,6.483229524,-0.02979765124,-0.002166729787
1021,0.006000422569,-0.007001480476,6.503344182,-0.02973688824,-0.008245175786
10142,0.003000307804,-0.007001400589,6.626320936,-0.01768212029,0.01295849272
10194,0.003600162813,-0.007001192724,6.575929464,-0.02191313778,0.01139382813
853,0.005300231527,-0.007000900387,6.482591976,-0.0296486091,-0.001165245005
1041,0.006100322377,-0.007000853721,6.509295401,-0.02954889711,-0.009228784596
10131,0.002900233519,-0.007000811289,6.634111592,-0.01694560453,0.01307032326
641,0.003700118449,-0.007000686775,6.567321834,-0.02257215625,0.01097750168
1062,0.00620023786,-0.007000527725,6.516023202,-0.02930140571,-0.01018952226
10121,0.002800169299,-0.007000454248,6.641686872,-0.0162037262,0.01313920782
614,0.003800080375,-0.007000412291,6.558849723,-0.02321281644,0.01051393642
824,0.005200121215,-0.007000393084,6.48288616,-0.02945649501,-0.0001787965056
10108,0.002700114233,-0.007000230649,6.649003679,-0.0154583086,0.01316735356
1081,0.00630014689,-0.007000216773,6.523383023,-0.02899405393,-0.01112138769
586,0.003900049322,-0.007000148625,6.55052982,-0.0238341055,0.01000500707
794,0.005100052977,-0.00700014412,6.484083451,-0.02922329854,0.0007888340679
1101,0.006400104262,-0.00700013145,6.531367673,-0.02862281124,-0.01201739273
10096,0.002600075088,-0.007000109115,6.656032178,-0.0147110405,0.0131566186
764,0.005000034951,-0.007000081484,6.486147001,-0.02895100744,0.001734356284
560,0.004000029044,-0.007000056434,6.542454693,-0.02443399583,0.009450380276
10082,0.002500044288,-0.00700004386,6.66274707,-0.01396347401,0.01310911146
733,0.004900018222,-0.007000029747,6.488996122,-0.02864191739,0.002655525317
1121,0.006500045206,-0.007000025653,6.539823926,-0.02818772436,-0.01287076191
537,0.004100017431,-0.007000023169,6.534661675,-0.02501126289,0.008851644709
10069,0.002400033492,-0.00700002254,6.66913035,-0.01321718605,0.01302680253
10053,0.00230002582,-0.007000014518,6.675168279,-0.01247351693,0.01291183772
10038,0.002200024551,-0.007000011571,6.680852073,-0.0117338573,0.01276620662
702,0.004800008312,-0.007000009766,6.492582438,-0.02829731013,0.003549442319
536,0.004200009717,-0.007000006884,6.527201842,-0.02556444614,0.008210160789
10020,0.002100014859,-0.007000006298,6.686177936,-0.01099940293,0.01259179594
10002,0.002000013854,-0.007000005171,6.691145038,-0.0102715096,0.01239029292
1141,0.006600023517,-0.007000004577,6.548695421,-0.02768586944,-0.01367416701
9981,0.001900010604,-0.007000004018,6.695756556,-0.009551296793,0.01216316956
9961,0.001800008593,-0.007000002952,6.700018585,-0.008839947841,0.01191154166
3889,0.009699994138,-0.007000002444,6.632067548,-0.0002656315068,-0.0006748073753
3903,0.009799995376,-0.007000002409,6.629702052,-0.0001196915356,-0.0002967042345
672,0.004700002688,-0.007000001978,6.496880885,-0.02791861436,0.004413608813
9938,0.001700005602,-0.007000001896,6.703940753,-0.008138591797,0.01163604495
3915,0.009899997145,-0.007000001642,6.627919019,-3.602511561e-05,-6.771770437e-05
3890,0.009599994384,-0.007000001546,6.634723583,-0.0004815230425,-0.00118938974
9917,0.001600003648,-0.007000001056,6.707535798,-0.00744840422,0.01133673252
9893,0.001500002071,-0.007000000489,6.710819916,-0.006770600427,0.01101293528
9869,0.001400001027,-0.007000000219,6.713812819,-0.00610651392,0.01066315129
9842,0.001300000574,-0.007000000124,6.716538038,-0.005457657107,0.01028493788
9816,0.001200000386,-0.007000000076,6.719023329,-0.004825800022,0.009874824557
9788,0.00110000022,-0.007000000039,6.721301118,-0.004213065952,0.009428262393
9761,0.001000000114,-0.007000000021,6.723409063,-0.003622034173,0.008939609498
9731,0.0009000000748,-0.007000000013,6.725391204,-0.00305586007,0.008402171215
9701,0.0008000000334,-0.007000000005,6.727297786,-0.002518402771,0.007808306952
9669,0.0007000000178,-0.007000000002,6.729182551,-0.002014263521,0.007149585401
9639,0.0006000000084,-0.007000000001,6.731114387,-0.001549120786,0.006417028112
9485,0.0,-0.007,6.743785116,0.0,0.0
9484,0.0001000000001,-0.007,6.743011566,-7.608521056e-05,0.001342718642
9514,0.0002000000003,-0.007,6.74068406,-0.0002278943282,0.002570472848
9545,0.0003000000006,-0.007,6.737853686,-0.0004584177376,0.003685840106
9577,0.0004000000015,-0.007,6.73538825,-0.0007631848104,0.004693814786
9607,0.000500000003,-0.007,6.73315085,-0.001129363484,0.005601442141
3928,0.01,-0.007,6.627227613,0.0,0.0
561,0.004300004598,-0.006999999889,6.520133047,-0.02609208962,0.007527225644
643,0.004600001173,-0.006999999724,6.501837845,-0.02750741698,0.005245575302
7114,0.009499995811,-0.006999999429,6.637567585,-0.0007731757632,-0.001827503497
615,0.004500000355,-0.006999998169,6.507395151,-0.02706499577,0.006043157876
588,0.004400001423,-0.006999997805,6.513512508,-0.02659273963,0.006804337116
1163,0.006700012505,-0.006999997593,6.557866145,-0.02711651543,-0.01442013135
1184,0.00680000794,-0.006999994166,6.56723341,-0.02647876979,-0.01510101907
7143,0.009399997103,-0.006999992535,6.640550052,-0.001145147307,-0.002575400706
1203,0.006900004696,-0.006999991417,6.576686677,-0.02577228555,-0.01570910294
1222,0.007000003862,-0.006999986171,6.586110952,-0.024997325,-0.01623672467
7174,0.00930000221,-0.006999986061,6.643616876,-0.001600823228,-0.003418652561
7664,0.007100004509,-0.006999972016,6.595393313,-0.02415501659,-0.0166765242
7203,0.009200008645,-0.006999965655,6.646701002,-0.002142415351,-0.004342298618
7654,0.007200005021,-0.006999952293,6.604420645,-0.02324728923,-0.01702150361
7234,0.00910001738,-0.006999931485,6.64973131,-0.002770711097,-0.005330705032
7643,0.007300012074,-0.006999913077,6.613079924,-0.02227714677,-0.017265456
7263,0.009000027135,-0.00699989011,6.652629575,-0.003485071286,-0.006367676085
7629,0.007400017948,-0.006999876773,6.621269087,-0.02124840838,-0.01740260497
7295,0.008900036767,-0.0069998393,6.655312259,-0.004283378357,-0.007436661722
7617,0.007500031038,-0.00699982973,6.628887483,-0.02016620878,-0.01742860638
7324,0.008800045235,-0.006999797752,6.657692686,-0.005161935079,-0.008520689402
7601,0.007600045033,-0.006999794644,6.635850433,-0.01903659357,-0.01733997902
7585,0.007700046215,-0.006999786267,6.642084474,-0.01786688819,-0.01713480939
7355,0.008700049501,-0.00699976774,6.659681278,-0.006115609905,-0.009602893332
7568,0.007800056169,-0.00699975963,6.647525085,-0.01666563305,-0.01681350732
7513,0.008100052181,-0.00699974972,6.658763949,-0.01296826359,-0.01517806578
7490,0.008200052255,-0.006999742752,6.660792454,-0.01173992641,-0.01442811929
7532,0.008000059603,-0.006999731191,6.655879734,-0.01420605114,-0.01583060377
7383,0.008600053797,-0.006999730861,6.661187608,-0.007137904891,-0.01066677312
7552,0.007900062643,-0.00699972593,6.652130427,-0.01544211968,-0.01637772967
7466,0.008300055274,-0.006999717873,6.661995426,-0.01053210769,-0.01359018526
7439,0.008400060466,-0.006999696093,6.662419887,-0.009355603495,-0.0126752727
7413,0.008500060835,-0.006999690595,6.662126244,-0.00822095444,-0.01169615514
977,0.005700643315,-0.006903277638,6.459637482,-0.03047054655,-0.005209864966
954,0.005600614892,-0.006903176455,6.456663127,-0.03042698441,-0.004143203185
999,0.005800607494,-0.006902864964,6.463364019,-0.03046926548,-0.006276362229
929,0.005500512593,-0.006902544579,6.454459525,-0.03034024152,-0.003080047001
1020,0.005900545175,-0.006902215128,6.467913134,-0.03042007134,-0.007338925069
10181,0.003300282331,-0.006902049526,6.585881217,-0.02005829478,0.01308310215
10187,0.003400243138,-0.006901948589,6.576568078,-0.02076507522,0.01278893923
10174,0.003200290753,-0.006901910956,6.595040213,-0.01934037906,0.01333238197
10163,0.003100333129,-0.006901752118,6.604033394,-0.01861294228,0.01353579697
904,0.005400372189,-0.006901673077,6.453124595,-0.03021108202,-0.002024648884
10193,0.003500185163,-0.006901560041,6.567134502,-0.02145927672,0.01244973192
1040,0.006000438453,-0.006901499239,6.473314138,-0.03032005543,-0.008392362944
10154,0.003000290025,-0.006901249942,6.612782624,-0.01787729796,0.0136967831
10198,0.003600124663,-0.006901091446,6.557664566,-0.0221390419,0.01206370385
879,0.005300238606,-0.006900897494,6.45274368,-0.03003989269,-0.000981547931
1061,0.006100336665,-0.006900847415,6.479576828,-0.03016612937,-0.009431700412
10143,0.002900228492,-0.006900764303,6.621298753,-0.01713490949,0.01381357192
670,0.003700085291,-0.006900650381,6.548230353,-0.02280273958,0.01162994164
1080,0.00620025398,-0.006900516105,6.486731036,-0.02995432925,-0.0104507117
10134,0.002800163241,-0.006900408901,6.629562046,-0.0163872265,0.01388660116
852,0.00520012514,-0.006900389771,6.453388929,-0.02982790302,4.483940094e-05
639,0.003800056445,-0.00690033387,6.538909808,-0.02344855261,0.01114803794
1100,0.006300172329,-0.00690023591,6.49462896,-0.02968347174,-0.01144321601
10122,0.00270010957,-0.006900203035,6.637541399,-0.01563592779,0.01391720355
823,0.005100053401,-0.006900138887,6.455008774,-0.02957716188,0.001050717797
611,0.003900033373,-0.006900134236,6.529764239,-0.02407491404,0.01061856538
1120,0.0064001152,-0.006900126022,6.503237865,-0.02935005057,-0.01240219348
10111,0.002600075193,-0.006900109369,6.645204158,-0.01488268074,0.01390732756
793,0.005000034733,-0.006900072345,6.457538117,-0.02928924,0.002032986883
584,0.004000022038,-0.00690006786,6.520863631,-0.02468032532,0.01004210598
10097,0.002500042053,-0.006900042338,6.652519854,-0.01412897963,0.01385942436
1140,0.006500050226,-0.006900020379,6.512427681,-0.02895272002,-0.01332068592
763,0.004900011118,-0.006900018326,6.46091192,-0.02896600597,0.002989630276
10085,0.002400024028,-0.006900016911,6.659472434,-0.01337635933,0.01377530164
558,0.004100009438,-0.006900013673,6.512245434,-0.02526349473,0.009420377972
732,0.004800008223,-0.006900010752,6.46508049,-0.02860879563,0.003917423175
10070,0.002300015151,-0.006900008171,6.666047329,-0.01262620853,0.01365712713
10056,0.002200013983,-0.006900007151,6.672235525,-0.01187987484,0.01350694987
10039,0.00210000917,-0.006900004471,6.67803268,-0.01113857477,0.01332673294
10023,0.002000006763,-0.006900003225,6.683438308,-0.0104035877,0.01311821896
10003,0.001900006125,-0.00690000269,6.688455584,-0.009676104455,0.01288291513
557,0.004200005262,-0.006900002316,6.503979343,-0.02582296888,0.008754265257
9984,0.001800004967,-0.006900002125,6.693091192,-0.008957274067,0.01262195492
9962,0.001700003629,-0.006900001383,6.697355153,-0.008248254884,0.012335979
3891,0.009799998173,-0.006900001365,6.623748382,-0.0001338086297,-0.0004149956454
3876,0.009699998038,-0.006900001132,6.626373215,-0.0002946291979,-0.0008634225089
3904,0.009899998792,-0.006900000998,6.621770602,-4.062770983e-05,-0.000123234087
701,0.004700001008,-0.006900000772,6.46999783,-0.02821883291,0.00481425061
9941,0.00160000209,-0.00690000069,6.701260935,-0.007550224799,0.01202499686
9918,0.001500001556,-0.006900000482,6.704825456,-0.006864434606,0.01168825673
9896,0.001400000733,-0.006900000189,6.70806934,-0.006192238537,0.01132410923
3863,0.009599998296,-0.006900000176,6.629244764,-0.0005323626012,-0.001454348395
9870,0.001300000363,-0.00690000008,6.711017127,-0.005535191005,0.01092989043
9845,0.00120000026,-0.006900000062,6.713697787,-0.004895111018,0.01050182168
9817,0.001100000167,-0.006900000039,6.716144834,-0.004274176628,0.0100349479
9791,0.001000000074,-0.006900000013,6.718397541,-0.003675037869,0.009523109208
9762,0.0009000000522,-0.00690000001,6.72050217,-0.003100920521,0.00895897393
9734,0.0008000000332,-0.006900000006,6.722511133,-0.002555782239,0.008334148397
9702,0.0007000000185,-0.006900000003,6.724480552,-0.002044332192,0.007639327194
9672,0.0006000000066,-0.006900000001,6.726481984,-0.001572356161,0.006864541438
9518,0.0,-0.0069,6.739399838,0.0,0.0
9517,0.0001000000001,-0.0069,6.738614579,-7.724700281e-05,0.001446526065
9548,0.0002000000002,-0.0069,6.736250968,-0.0002313631493,0.002764826977
9578,0.0003000000005,-0.0069,6.73337449,-0.0004653713566,0.003958576433
9610,0.0004000000015,-0.0069,6.730863559,-0.0007747208499,0.005034033565
9640,0.0005000000025,-0.0069,6.728576108,-0.001146372467,0.005999506446
3916,0.01,-0.0069,6.621043911,0.0,0.0
1162,0.006600027053,-0.006899999743,6.522135955,-0.02848825785,-0.01419121181
671,0.004600000531,-0.00689999915,6.47561693,-0.02779748881,0.005677564761
3847,0.009499998824,-0.00689999776,6.632312054,-0.0008520984175,-0.002174001795
640,0.004499999386,-0.006899997331,6.481881385,-0.0273459663,0.006505192455
585,0.004300001379,-0.006899996255,6.496122232,-0.02635742368,0.008045334183
612,0.004399999812,-0.006899996128,6.488736213,-0.02686551787,0.007295072616
3831,0.009400000656,-0.006899993651,6.635503686,-0.001258615441,-0.003007356489
1183,0.006700015832,-0.00689999345,6.532240301,-0.02795522107,-0.01500586721
1202,0.006800010515,-0.006899990608,6.542631974,-0.02735202843,-0.01575647783
3812,0.00930000322,-0.006899988926,6.638758902,-0.001754992441,-0.003938767252
1220,0.006900007603,-0.00689998802,6.553198276,-0.02667759215,-0.01643476706
1239,0.007000005647,-0.006899984443,6.563812523,-0.02593140034,-0.01703237812
3811,0.009200007193,-0.006899978133,6.641998021,-0.002343080406,-0.004951796146
7672,0.007100004363,-0.006899977736,6.574347945,-0.02511373473,-0.01754103668
7665,0.007200003225,-0.006899966089,6.584680502,-0.02422579367,-0.01795282409
7266,0.009100012237,-0.00689995806,6.645138558,-0.003023130818,-0.006029342707
7656,0.007300004146,-0.006899948397,6.594684396,-0.02326975432,-0.0182603478
7296,0.009000018211,-0.006899931073,6.648089183,-0.003793824719,-0.00715366532
7644,0.007400007389,-0.00689992314,6.60423635,-0.02224892613,-0.01845695946
7633,0.007500012715,-0.006899897311,6.613221294,-0.0211677574,-0.01853692215
7327,0.008900024508,-0.006899889298,6.650753291,-0.004652224655,-0.008306675213
7356,0.008800026186,-0.006899877551,6.653033044,-0.005593585136,-0.009469620396
7618,0.007600017229,-0.006899876965,6.621534177,-0.02003197633,-0.01849575421
7603,0.007700019353,-0.006899875115,6.629083031,-0.01884848332,-0.01833039095
7586,0.007800022039,-0.0068998617,6.635785545,-0.01762576168,-0.01804002247
7386,0.008700027989,-0.006899852478,6.654824813,-0.006611798654,-0.01062447111
7535,0.008100023853,-0.006899849194,6.650324536,-0.01381955473,-0.01643613446
7514,0.0082000226,-0.006899848219,6.653248838,-0.01254169182,-0.01567418382
7553,0.008000025947,-0.006899845064,6.646436104,-0.01510058125,-0.01708897534
7493,0.008300022573,-0.006899840958,6.655230981,-0.01127896141,-0.01481256869
7571,0.007900029429,-0.006899831619,6.641581472,-0.0163731372,-0.01762549259
7414,0.008600029548,-0.006899827297,6.656029408,-0.007699095236,-0.01175309731
7467,0.008400027772,-0.006899815538,6.656311904,-0.01004335849,-0.01386287469
7442,0.008500030923,-0.00689979691,6.656552542,-0.00884644858,-0.01283820825
998,0.005700641897,-0.006803247159,6.427346048,-0.03083505135,-0.005175066502
976,0.00560061604,-0.006803161875,6.424445791,-0.03076447797,-0.004063743485
1019,0.005800611178,-0.00680289019,6.431103487,-0.03086244841,-0.006288244852
953,0.005500516883,-0.006802534961,6.422411741,-0.03065265402,-0.002957571869
1039,0.005900538289,-0.006802209391,6.43575799,-0.03084422644,-0.007399746598
4745,0.003300248558,-0.006801787558,6.569048605,-0.02020651518,0.01379916298
10180,0.003200288869,-0.00680174614,6.579037861,-0.01948624028,0.01405833452
4744,0.003400212098,-0.006801683299,6.558897261,-0.02091549482,0.01349276193
928,0.005400377554,-0.006801653353,6.421332317,-0.03050088419,-0.001861092529
1060,0.006000436502,-0.006801500989,6.441341303,-0.03077699522,-0.008504829254
10173,0.003100290345,-0.006801483544,6.588814315,-0.01875600076,0.0142716477
4778,0.003500144782,-0.006801347446,6.548620362,-0.02161144893,0.01313937844
10165,0.003000262017,-0.006801089423,6.598349304,-0.01801736028,0.01443926858
4807,0.003600094162,-0.006800952903,6.538298413,-0.02229294225,0.01273738792
903,0.005300244956,-0.006800894591,6.421258678,-0.03030946858,-0.0007787473664
1079,0.006100341538,-0.006800850821,6.447870918,-0.03065807352,-0.009598353558
10155,0.002900216055,-0.006800703566,6.607623552,-0.01727182403,0.01456118609
699,0.003700059936,-0.006800616455,6.528012929,-0.02295827285,0.01228595064
1099,0.00620025472,-0.00680049884,6.455406383,-0.03048387211,-0.01067404221
10146,0.002800160876,-0.006800402538,6.616611696,-0.01652089663,0.0146381262
878,0.005200131666,-0.006800396691,6.422283812,-0.03007967293,0.0002854851124
668,0.00380003656,-0.006800338726,6.517826582,-0.02360592936,0.0117852973
1119,0.006300164269,-0.006800208909,6.46379532,-0.03025240866,-0.01172588809
10135,0.002700109024,-0.006800206592,6.625282107,-0.01576621468,0.01467143112
851,0.005100056985,-0.006800144164,6.424347128,-0.02981358071,0.00132783867
10125,0.002600073453,-0.00680010919,6.633604453,-0.01500940545,0.01466285169
637,0.003900017595,-0.00680010595,6.50780168,-0.02423438097,0.01123606683
1139,0.006400105296,-0.006800080885,6.47299616,-0.0299599395,-0.01274716694
822,0.005000031462,-0.006800067898,6.427371076,-0.02951244856,0.002345180591
609,0.004000009957,-0.006800064309,6.498041851,-0.0248421214,0.01063805351
10112,0.002500046176,-0.006800054226,6.641549243,-0.0142519589,0.01461466319
10100,0.002400026518,-0.006800020937,6.649096441,-0.01349533354,0.0145289825
792,0.004900009903,-0.006800015362,6.431296829,-0.02917770156,0.003335555273
583,0.004100003096,-0.006800011459,6.488569394,-0.02542796586,0.009993512376
1161,0.006500053404,-0.006800009053,6.482904097,-0.02960406034,-0.01373065043
10086,0.002300013842,-0.00680000775,6.656232986,-0.01274091584,0.01440785182
10073,0.002200008429,-0.006800004151,6.662949093,-0.01199005961,0.01425338668
762,0.004800002472,-0.006800003808,6.436077654,-0.02881064136,0.004295972161
10057,0.00210000751,-0.006800003626,6.669239927,-0.01124403865,0.01406759738
10042,0.00200000512,-0.006800002423,6.675105117,-0.01050405158,0.01385230445
10024,0.001900003467,-0.00680000177,6.680548048,-0.009771313419,0.01360904152
10006,0.001800003005,-0.006800001401,6.685575694,-0.00904700166,0.01333896487
9985,0.001700002777,-0.006800001212,6.690198662,-0.0083322792,0.01304270547
9965,0.001600001971,-0.006800000792,6.69443106,-0.007628338463,0.01272023146
3877,0.009799999117,-0.006800000645,6.617510983,-0.0001489209317,-0.0005458965627
3892,0.009899999462,-0.006800000517,6.615372687,-4.579722205e-05,-0.0001847848279
731,0.004700000449,-0.0068000005,6.441655759,-0.0284123352,0.00522408579
9942,0.001500001068,-0.006800000414,6.698290584,-0.006936451491,0.01237069706
3864,0.009699999103,-0.006800000315,6.620391187,-0.0003255991837,-0.001070956742
9921,0.00140000078,-0.006800000241,6.701798728,-0.006258018907,0.01199230073
9897,0.001300000391,-0.006800000115,6.704981047,-0.00559462561,0.01158214721
9873,0.001200000198,-0.006800000049,6.707867717,-0.004948144261,0.01113614137
9846,0.001100000158,-0.006800000042,6.710493218,-0.004320808245,0.01064890981
9820,0.001000000066,-0.006800000017,6.712898561,-0.003715341856,0.01011376066
4031,0.0009000000347,-0.006800000008,6.715132263,-0.003135034712,0.009522729476
4021,0.000800000029,-0.006800000006,6.717248015,-0.002583927599,0.008866660897
4012,0.0007000000141,-0.006800000003,6.719304375,-0.002066830939,0.008135352943
4004,0.0006000000095,-0.006800000002,6.721376046,-0.001589619265,0.007317839029
3997,0.0005000000032,-0.006800000001,6.723526398,-0.001158911436,0.006402735663
3978,0.0,-0.0068,6.734508309,0.0,0.0
3979,0.0001,-0.0068,6.733714088,-7.807370347e-05,0.001551681535
3982,0.0002000000002,-0.0068,6.731322879,-0.000233853431,0.002961703766
3986,0.0003000000005,-0.0068,6.728409871,-0.0004704104314,0.004234854796
3991,0.0004000000014,-0.0068,6.725859938,-0.0007831540985,0.00537867233
3905,0.01,-0.0068,6.614633655,0.0,0.0
3848,0.009599998968,-0.00679999918,6.623490514,-0.0005864370816,-0.001744965962
700,0.004599999362,-0.006799998663,6.447975124,-0.02798389498,0.006117581911
582,0.004200000267,-0.006799998187,6.479463267,-0.02599051067,0.009303288943
3832,0.009499999485,-0.006799997263,6.626788343,-0.0009358707859,-0.002552751735
669,0.00449999835,-0.006799996799,6.454977908,-0.02752638874,0.006974242511
638,0.004399997978,-0.006799994542,6.462602326,-0.02704090531,0.007791995745
3813,0.009400000287,-0.006799994278,6.630191506,-0.001378790961,-0.00347801251
610,0.00429999805,-0.006799992539,6.470785411,-0.02652856363,0.008568936214
1182,0.006600034348,-0.00679999183,6.493429985,-0.02918160941,-0.01466874536
3791,0.009300001474,-0.006799990607,6.633632022,-0.001917870924,-0.004503656414
1201,0.006700024337,-0.006799986001,6.504459091,-0.02869024436,-0.01555318099
1219,0.006800020114,-0.006799982989,6.515874106,-0.02812763661,-0.01637534786
3792,0.009200004045,-0.006799981231,6.637015704,-0.002554535588,-0.005611690993
1238,0.006900020596,-0.006799978218,6.527556679,-0.02749195839,-0.01712643727
1255,0.007000019438,-0.006799974274,6.539379903,-0.02678187898,-0.0177974248
7679,0.007100017144,-0.006799971103,6.551204062,-0.02599676612,-0.01837920209
7673,0.007200011527,-0.006799969486,6.562890948,-0.02513692956,-0.01886280245
7299,0.009100007668,-0.006799967044,6.640247708,-0.003288375467,-0.00678333231
7666,0.0073000111,-0.006799960542,6.57430044,-0.02420369826,-0.01923984754
7328,0.00900001065,-0.006799951867,6.643222502,-0.004117274082,-0.007999114856
7657,0.007400012429,-0.006799946729,6.58529228,-0.02319957058,-0.01950243928
7647,0.007500014938,-0.006799929821,6.595732552,-0.02212832449,-0.01964361641
7359,0.008900015856,-0.006799920926,6.645828971,-0.005037312639,-0.009239227184
7387,0.008800015154,-0.00679991811,6.647955859,-0.006042661759,-0.01048324256
7634,0.007600019149,-0.006799915645,6.605496624,-0.02099503831,-0.01965757622
7620,0.007700018595,-0.006799915052,6.61447162,-0.01980623106,-0.01953995878
7536,0.008200014731,-0.006799911153,6.644725409,-0.01335184463,-0.0169708243
7604,0.007800018988,-0.0067999082,6.622556107,-0.01856996225,-0.01928856121
7517,0.008300014498,-0.006799904536,6.647605136,-0.01203807827,-0.01609102618
7417,0.008700018332,-0.006799900647,6.649486926,-0.007125935795,-0.01171147805
7494,0.008400015155,-0.006799897165,6.649455321,-0.01074606759,-0.0151105484
7589,0.007900021646,-0.006799891793,6.629669739,-0.01729550489,-0.01890303909
7572,0.008000026282,-0.006799890072,6.635756649,-0.01599311302,-0.01838492772
7443,0.008600019194,-0.006799885605,6.650312817,-0.008278092874,-0.01290436974
7556,0.008100027693,-0.006799878168,6.64077756,-0.01467456887,-0.01773882347
7470,0.008500019498,-0.006799870919,6.650331448,-0.009488721833,-0.01404332261
997,0.005600596281,-0.006703115595,6.390652599,-0.0309697974,-0.00395935489
1018,0.005700616652,-0.006703108799,6.393322877,-0.0310655839,-0.005112282485
1038,0.005800585852,-0.00670276166,6.397002059,-0.0311210885,-0.006269790635
975,0.005500514405,-0.006702502322,6.388816551,-0.0308350007,-0.00281327795
1059,0.005900537415,-0.006702197541,6.401781058,-0.03113360598,-0.007428073738
952,0.005400380528,-0.00670164624,6.388010101,-0.03066224946,-0.001678108549
4676,0.003300206525,-0.006701512525,6.551262482,-0.02028907809,0.01451618798
1078,0.006000443892,-0.006701503622,6.40755698,-0.03109983745,-0.008582345063
4646,0.003200225146,-0.006701392277,6.562088117,-0.019569195,0.01478682334
4710,0.003400144389,-0.006701350095,6.540236446,-0.0209970893,0.01419787556
4615,0.003100239369,-0.006701208775,6.572701486,-0.01883917803,0.01500877109
4742,0.003500091697,-0.006701121071,6.529096451,-0.02169194181,0.01382973745
4614,0.003000224306,-0.006700918414,6.58305188,-0.01810043501,0.01518326633
927,0.005300250398,-0.006700892205,6.388275894,-0.03045264601,-0.0005587420414
1098,0.006100353744,-0.006700851285,6.414363743,-0.03101632352,-0.009727390094
4776,0.003600055245,-0.006700821794,6.517898869,-0.02237216694,0.01341153572
10166,0.002900189032,-0.006700616213,6.593112034,-0.01735453403,0.01531065623
729,0.00370003326,-0.006700529097,6.506721737,-0.02303617629,0.01294275909
1118,0.006200266684,-0.006700479188,6.422216705,-0.03088060702,-0.01085735346
902,0.00520014161,-0.006700409435,6.389699268,-0.03020739142,0.000540969918
10158,0.002800141822,-0.006700347468,6.602850317,-0.01660304671,0.01539190436
697,0.003800016461,-0.006700338632,6.495652365,-0.02368250262,0.01242307769
1138,0.006300190394,-0.006700207257,6.431039167,-0.03069044525,-0.01196708006
10147,0.002700099404,-0.00670018933,6.612241861,-0.01584759343,0.01542794697
877,0.005100067345,-0.006700156693,6.392223648,-0.02992826785,0.001617656819
10138,0.002600064219,-0.006700097266,6.621250591,-0.01508972027,0.01542085685
666,0.003899999649,-0.006700073639,6.484721147,-0.02430973328,0.01185422933
1160,0.006400125513,-0.006700070856,6.440778259,-0.03044154024,-0.01304921546
850,0.005000033952,-0.006700061579,6.39578258,-0.029616486,0.00266826437
10126,0.00250003921,-0.006700045832,6.629848657,-0.0143309488,0.01537271348
635,0.003999997759,-0.006700035543,6.474070502,-0.02491656855,0.01123501709
10115,0.002400022027,-0.006700017743,6.638015458,-0.01357270426,0.01528565387
821,0.004900011185,-0.00670001589,6.400300939,-0.02927312091,0.003690579497
10101,0.002300011642,-0.00670000624,6.645736614,-0.01281636949,0.01516180768
791,0.004800002525,-0.006700003059,6.405723019,-0.02889920917,0.004681938807
608,0.004099996192,-0.006700002916,6.463720444,-0.02550177199,0.01056788136
10089,0.002200006377,-0.006700002517,6.653002262,-0.01206327588,0.01500332462
10074,0.002100004872,-0.006700001999,6.65980743,-0.0113147061,0.01481225103
4258,0.002000003515,-0.006700001606,6.666151655,-0.01057187935,0.01459045089
4235,0.001900002322,-0.006700001114,6.672038508,-0.009836003699,0.01433949721
10007,0.001700001292,-0.006700000711,6.682473398,-0.008389857711,0.0137542485
4234,0.001800001367,-0.006700000687,6.677475395,-0.009108265896,0.01406055656
9988,0.001600001067,-0.006700000502,6.687047259,-0.007681993092,0.01342049319
3878,0.009899999592,-0.00670000024,6.608628337,-5.078121489e-05,-0.0002525580444
9966,0.001500000503,-0.006700000208,6.691215455,-0.006985968962,0.01305834467
3865,0.009799999382,-0.006700000205,6.610970434,-0.0001643944781,-0.0006900374837
9945,0.001400000279,-0.00670000011,6.695000361,-0.006303222379,0.01266583925
4091,0.001300000214,-0.006700000082,6.698428464,-0.005635385319,0.01223984667
4077,0.001200000103,-0.006700000029,6.701531075,-0.004984378839,0.01177594576
4064,0.001100000088,-0.006700000026,6.704343959,-0.00435249178,0.01126833483
4052,0.001000000045,-0.006700000012,6.706910443,-0.003742524669,0.01070978782
4032,0.000900000018,-0.006700000005,6.709278972,-0.003157836345,0.01009169863
4013,0.0007000000062,-0.006700000002,6.713650471,-0.002081501647,0.008636000586
4022,0.0008000000082,-0.006700000002,6.711504753,-0.002602530601,0.009404134339
4005,0.0006000000027,-0.006700000001,6.715792866,-0.00160070308,0.007775337168
3981,0.0,-0.0067,6.729105434,0.0,0.0
3980,0.0001,-0.0067,6.7283051,-7.85528594e-05,0.001657728805
3983,0.0002000000001,-0.0067,6.725895104,-0.0002353290271,0.003160284322
3987,0.0003000000002,-0.0067,6.72295547,-0.0004734650124,0.0045135752
3992,0.0004000000006,-0.0067,6.720373274,-0.000788373008,0.005726418235
3998,0.0005000000018,-0.0067,6.717997818,-0.001166822537,0.006809659666
3893,0.01,-0.0067,6.607818292,0.0,0.0
761,0.004699999735,-0.00669999984,6.411987393,-0.02849562622,0.005640009486
3849,0.009699999224,-0.006699999823,6.61410505,-0.0003583917834,-0.001298731367
3833,0.00959999914,-0.006699999074,6.617450431,-0.0006437362548,-0.002062775689
730,0.004599998764,-0.006699998419,6.419033166,-0.02806325819,0.006562481243
3814,0.009499999013,-0.006699997528,6.620985299,-0.001024618113,-0.002965542557
698,0.004499997595,-0.006699996362,6.42679852,-0.0276029855,0.007447138224
1181,0.006500071326,-0.006699995951,6.45135028,-0.03013079095,-0.01409681012
3793,0.009399999068,-0.00669999523,6.624601334,-0.00150582431,-0.003989298966
667,0.004399996488,-0.006699993415,6.435218075,-0.02711572171,0.008291878992
607,0.004199995969,-0.006699993227,6.453748569,-0.02606408181,0.009853957278
3773,0.009299999566,-0.006699990989,6.628221182,-0.002089604677,-0.005115343594
636,0.004299995467,-0.006699989419,6.444224117,-0.02660242232,0.009094762519
3772,0.009200001186,-0.006699983161,6.631735822,-0.002776843449,-0.006323942503
1200,0.006600056063,-0.00669997994,6.462658039,-0.02975447884,-0.01510214409
7331,0.009100002674,-0.006699974689,6.635036187,-0.003566366366,-0.007594464374
1218,0.006700050204,-0.00669997234,6.474584329,-0.02930965819,-0.01605671125
1237,0.006800041243,-0.00669997059,6.487002247,-0.02879330487,-0.01695146511
1254,0.006900040638,-0.006699966772,6.499791068,-0.02820281306,-0.0177772118
1270,0.007000040663,-0.006699963901,6.512826285,-0.02753592627,-0.01852428149
7680,0.007200036324,-0.006699962313,6.539026354,-0.02596771867,-0.01974293641
7360,0.009000005027,-0.006699961972,6.638000597,-0.004455121019,-0.008905573876
7685,0.00710004176,-0.006699961938,6.525955687,-0.02679108861,-0.01918284768
7674,0.007300034189,-0.006699958891,6.55188546,-0.02506611621,-0.02019501773
7390,0.008900007014,-0.006699952119,6.640503919,-0.005438026683,-0.0102354071
7667,0.007400034783,-0.006699951251,6.564377008,-0.02408785034,-0.02052998374
7418,0.008800009218,-0.006699947636,6.642418033,-0.006508062713,-0.01156197648
7635,0.007700030329,-0.006699945178,6.598159344,-0.02072931752,-0.02075450404
7621,0.007800027644,-0.006699944519,6.607739977,-0.01948829776,-0.02055055272
7648,0.007600035698,-0.006699939688,6.587654513,-0.02191432711,-0.02081623513
7446,0.008700012826,-0.00669993855,6.643615726,-0.007656425454,-0.01286369185
7557,0.008200029731,-0.006699936427,6.635125861,-0.01416457778,-0.01831320978
7659,0.007500041241,-0.006699935334,6.576347633,-0.02303581989,-0.02073956439
7606,0.007900029686,-0.006699933488,6.616293543,-0.01820028774,-0.02020264806
7539,0.008300025253,-0.006699933022,6.639029915,-0.01280459059,-0.01742156704
7574,0.008100037516,-0.006699932441,6.630029514,-0.01552605093,-0.0190793185
7471,0.008600017205,-0.006699927668,6.643976447,-0.008872637049,-0.014119564
7518,0.008400021903,-0.006699926351,6.641767835,-0.0114600266,-0.01641576735
7590,0.008000041483,-0.006699924345,6.623741919,-0.01687555841,-0.01971119452
7497,0.008500019956,-0.006699918203,6.643391336,-0.01014485596,-0.0153097492
1037,0.005700594996,-0.006603030173,6.357956195,-0.0311589916,-0.005024053222
1017,0.005600561105,-0.006602925778,6.355420913,-0.03103990416,-0.00383158766
1058,0.005800556467,-0.006602616812,6.361502632,-0.03124014614,-0.006222044782
996,0.005500494808,-0.006602424815,6.353824067,-0.03088384687,-0.002648482662
1077,0.005900535121,-0.006602154636,6.366155043,-0.03128212537,-0.007423078023
974,0.005400375918,-0.006601622077,6.353301832,-0.0306919547,-0.001477593396
1097,0.006000444861,-0.006601509477,6.372131263,-0.03128204596,-0.008623550454
4643,0.003300132178,-0.006601156249,6.532569293,-0.02030411417,0.01523172959
4612,0.003200174133,-0.0066011239,6.544279993,-0.01958787129,0.01551274498
4675,0.003400083259,-0.006601060371,6.52066394,-0.02100832465,0.01490028014
4582,0.003100186603,-0.006600958699,6.55574602,-0.01886097718,0.0157440714
1117,0.006100365498,-0.006600913867,6.379239843,-0.03123379284,-0.009818504071
4708,0.003500043481,-0.006600884235,6.50862856,-0.02169908633,0.0145175882
951,0.00530025149,-0.006600882312,6.353946014,-0.03046623674,-0.0003237373916
4552,0.003000181547,-0.006600754015,6.566934646,-0.0181250711,0.01592586192
4740,0.003600013572,-0.006600666099,6.496531732,-0.02237494842,0.01408318495
4551,0.002900158245,-0.006600536859,6.577805737,-0.01738168597,0.01605900528
1137,0.006200281803,-0.006600459455,6.387223866,-0.03113761593,-0.01100035299
926,0.005200145556,-0.006600406882,6.355809824,-0.030208026,0.0008090734659
4774,0.003699995726,-0.006600400847,6.484438455,-0.02303444208,0.0135971552
10169,0.00280012859,-0.006600322349,6.588320251,-0.01663244523,0.01614469853
727,0.003799992404,-0.00660022853,6.472448847,-0.0236763288,0.01305886358
901,0.005100093548,-0.006600215417,6.358856819,-0.02991873178,0.001917268283
10159,0.002700096828,-0.006600186897,6.59845386,-0.01587890001,0.01618391881
1159,0.006300197648,-0.006600165024,6.396444974,-0.03099086273,-0.01216466769
10150,0.002600065726,-0.0066000982,6.608170747,-0.01512256177,0.01617866672
876,0.005000046499,-0.006600083221,6.362966367,-0.02959909521,0.002999099063
10139,0.002500039833,-0.006600045423,6.617443453,-0.01436494431,0.01613094196
695,0.003899988591,-0.006600044554,6.460615635,-0.02429912262,0.0124697039
1180,0.006400150087,-0.006600042008,6.406700447,-0.03078717562,-0.01330575263
10129,0.00240002421,-0.006600021543,6.626250836,-0.01360751285,0.01604285117
849,0.004900015495,-0.00660001938,6.368091864,-0.02925004925,0.004051648634
664,0.003999989843,-0.006600019327,6.449056413,-0.02490173961,0.01182944074
10116,0.002300013941,-0.006600008315,6.634576603,-0.01285161989,0.01591665357
820,0.004800003856,-0.006600003936,6.374174034,-0.02887234288,0.005072325397
10104,0.002200006596,-0.006600002749,6.642411139,-0.01209858849,0.01575450002
4255,0.00210000427,-0.006600001508,6.649749045,-0.0113497293,0.01555848001
4231,0.002000002905,-0.006600001216,6.656589832,-0.01060626484,0.01533050063
4210,0.001900002425,-0.006600000942,6.662937172,-0.009869413875,0.01507216959
790,0.004700000832,-0.006600000552,6.381143262,-0.02846661469,0.006058885339
4190,0.001800001065,-0.00660000053,6.668798901,-0.009140365571,0.01478466109
4171,0.001700000798,-0.006600000392,6.674186526,-0.008420342546,0.01446858047
4153,0.001600000672,-0.006600000373,6.679115465,-0.007710585888,0.01412378878
4136,0.001500000393,-0.0066000002,6.683604913,-0.007012425305,0.01374923711
4120,0.001400000309,-0.006600000117,6.687678094,-0.006327335746,0.01334279272
3866,0.009899999663,-0.00660000009,6.601563407,-5.592718803e-05,-0.0003275425514
4092,0.001300000137,-0.006600000052,6.691362457,-0.005656996521,0.01290108023
4078,0.001200000115,-0.006600000038,6.694690223,-0.005003384066,0.01241934957
4065,0.001100000051,-0.006600000017,6.697698645,-0.004368845755,0.01189136719
4053,0.00100000004,-0.006600000012,6.700432743,-0.003756245328,0.01130936661
4042,0.0009000000107,-0.006600000003,6.702941275,-0.003169019377,0.01066407901
4033,0.0008000000058,-0.006600000002,6.705281579,-0.002611332217,0.009944799601
4014,0.0006000000019,-0.006600000001,6.709732356,-0.001605438876,0.008235406636
4023,0.0007000000033,-0.006600000001,6.707519082,-0.002088132169,0.009139559658
3985,0.0,-0.0066,6.723189791,0.0,0.0
3984,0.0001,-0.0066,6.722386271,-7.867448144e-05,0.00176419697
3988,0.0002000000001,-0.0066,6.719966543,-0.0002357609617,0.003359723663
3993,0.0003000000002,-0.0066,6.717010478,-0.0004744789285,0.004793603181
3999,0.0004000000006,-0.0066,6.714402992,-0.0007902875862,0.006075918233
4006,0.0005000000016,-0.0066,6.711990016,-0.001169977792,0.007218764636
3879,0.01,-0.0066,6.600671647,0.0,0.0
3850,0.009799999425,-0.006599999991,6.604118447,-0.0001807270198,-0.0008484740706
3834,0.009699999137,-0.006599999647,6.607513917,-0.000393172384,-0.001548115905
3815,0.009599998769,-0.006599999008,6.611116368,-0.0007044343052,-0.00240939093
760,0.00459999885,-0.006599998606,6.38893401,-0.02803351259,0.007009066647
3794,0.00949999836,-0.006599997494,6.614892881,-0.001118475981,-0.003414190313
728,0.004499997204,-0.006599996381,6.397480533,-0.02757372393,0.007920620674
3774,0.00939999794,-0.006599995014,6.618720958,-0.001639834815,-0.004543163155
696,0.004399995562,-0.006599992797,6.406713475,-0.02708797055,0.008791424117
3753,0.009299997745,-0.006599990586,6.622511462,-0.002270256672,-0.005775809262
634,0.004099990468,-0.0065999891,6.437805342,-0.02548296817,0.01114014761
665,0.004299993642,-0.006599986295,6.416560543,-0.02657702513,0.009619499201
633,0.004199991823,-0.006599984554,6.426949337,-0.02604171704,0.01040296785
3731,0.009199998707,-0.006599982947,6.62613936,-0.003009956861,-0.007090459688
1199,0.006500107144,-0.006599980837,6.417905173,-0.0305240297,-0.01441584931
3732,0.009099999725,-0.006599974277,6.629479441,-0.003856865374,-0.008464451343
1217,0.006600096027,-0.006599963869,6.429945531,-0.03019718899,-0.01548732209
7391,0.009000003687,-0.00659996235,6.632392976,-0.004806821228,-0.009874328679
1236,0.006700095595,-0.006599953907,6.442721283,-0.0298031004,-0.01651152427
7421,0.008900007464,-0.006599952862,6.634738368,-0.005853489779,-0.01129620238
1253,0.006800096727,-0.006599949926,6.456107145,-0.02933799954,-0.01747927073
7686,0.007200089351,-0.006599948347,6.513099771,-0.026705567,-0.02058473977
1269,0.00690009053,-0.006599948321,6.46998036,-0.02879853565,-0.01838075299
7690,0.00710008861,-0.006599947644,6.49863448,-0.02748437627,-0.01994413856
7447,0.008800012082,-0.006599947256,6.63637217,-0.006988435918,-0.01270612361
1283,0.007000094648,-0.006599946956,6.48420852,-0.02818144846,-0.01920593816
7681,0.007300089975,-0.006599946086,6.527431804,-0.02584433969,-0.02111692628
7636,0.007800071771,-0.006599942863,6.591249592,-0.02037041093,-0.02181735653
7675,0.007400081704,-0.006599942766,6.541462252,-0.02490126478,-0.02153023292
7622,0.007900070314,-0.006599942229,6.601360089,-0.01907793642,-0.02151607665
7591,0.008100071728,-0.006599941942,6.617978445,-0.01636683901,-0.02045164059
7607,0.008000072268,-0.006599940458,6.610295745,-0.01773946507,-0.02106021995
7649,0.007700077046,-0.006599939864,6.580068494,-0.02160665741,-0.02196500354
7473,0.008700021608,-0.00659993792,6.637154226,-0.008201287812,-0.01408065142
7558,0.008300058199,-0.006599936185,6.629417503,-0.01357290116,-0.01879928433
7575,0.008200070409,-0.00659993538,6.624357956,-0.01497325722,-0.01969537469
7668,0.007500089252,-0.006599933401,6.555022245,-0.02387800696,-0.02181506417
7540,0.008400048084,-0.006599932244,6.633169519,-0.0121805358,-0.01777449333
7498,0.008600032486,-0.006599929784,6.636954281,-0.009480019788,-0.01539727609
7520,0.008500039572,-0.006599928994,6.635657875,-0.01081125384,-0.01663493333
7660,0.007600096545,-0.006599928877,6.567944332,-0.02277803642,-0.02196248334
1057,0.005700571903,-0.006502838436,6.321284706,-0.03111404945,-0.004911680366
1036,0.005600544322,-0.006502770555,6.318912667,-0.0309724422,-0.003682902238
1076,0.00580057597,-0.006502639833,6.324818403,-0.03121995709,-0.006148072685
1016,0.005500480647,-0.006502337289,6.317624992,-0.0307968412,-0.0024652788
1096,0.005900541626,-0.006502098516,6.329328493,-0.03128953868,-0.007388832004
995,0.005400371017,-0.006501570248,6.31745174,-0.03058837422,-0.001261681504
1116,0.006000465567,-0.00650143803,6.335279314,-0.0313213665,-0.008630274822
973,0.005300251888,-0.006500862416,6.31851039,-0.0303492078,-7.63832959e-05
1136,0.006100383187,-0.006500841671,6.342542704,-0.03130885142,-0.009869099215
4609,0.003300076952,-0.006500818424,6.513049553,-0.02025080335,0.01594187442
4579,0.003200114678,-0.006500812691,6.52565594,-0.01954107992,0.01623409383
4641,0.003400046163,-0.006500779989,6.500246053,-0.02094826046,0.01559705954
4548,0.003100136698,-0.006500734852,6.538005628,-0.01882040069,0.01647461248
4672,0.003500013111,-0.006500661125,6.487300763,-0.02163185514,0.01519956082
4519,0.003000140943,-0.006500586413,6.550047581,-0.0180902854,0.01666428012
4705,0.003599996578,-0.006500516406,6.474287709,-0.0223003435,0.01474879479
1158,0.006200311391,-0.006500454997,6.350764372,-0.03125135453,-0.01110048598
950,0.005200160789,-0.006500442724,6.320857684,-0.03008083023,0.001086591161
4490,0.00290012924,-0.006500429669,6.561745715,-0.01735230918,0.01680373331
4737,0.003699981028,-0.00650034985,6.461280523,-0.02295223973,0.01424493859
4460,0.002800106774,-0.006500265475,6.573056905,-0.01660803265,0.01689429173
925,0.005100097364,-0.006500219016,6.324417493,-0.02978407204,0.002224581481
758,0.003799980839,-0.006500190196,6.448357327,-0.02358641258,0.01368810847
4431,0.002700081055,-0.006500153168,6.583952436,-0.01585905512,0.01693707621
1179,0.006300236416,-0.006500133471,6.360263413,-0.03114737181,-0.01231790951
4403,0.002600058018,-0.006500085819,6.594398346,-0.01510690097,0.0169339195
900,0.005000045983,-0.006500080505,6.329102902,-0.0294595011,0.003335283397
4376,0.002500042367,-0.006500049905,6.604365353,-0.01435306729,0.01688688082
875,0.004900018022,-0.006500024095,6.334858455,-0.02910781013,0.004415875293
4350,0.002400026307,-0.006500022868,6.613830369,-0.0135989136,0.01679821384
725,0.003899980144,-0.006500019889,6.435594049,-0.02420150457,0.01307919612
1198,0.006400198651,-0.006500015184,6.370983896,-0.03099032785,-0.01351534933
4325,0.002300013327,-0.006500007338,6.622778182,-0.01284585779,0.01667006288
848,0.004800005309,-0.006500005269,6.341612264,-0.02872939643,0.005464068105
4301,0.002200006933,-0.006500002835,6.631198365,-0.01209526982,0.01650461515
4256,0.002100003473,-0.006500000992,6.639085046,-0.01134842156,0.01630403349
819,0.004700000725,-0.006500000505,6.349296583,-0.02832463776,0.006477580555
4232,0.002000001753,-0.006500000465,6.646437665,-0.01060656695,0.01607025181
4211,0.001900001009,-0.006500000327,6.653260079,-0.009870933756,0.01580490155
4191,0.00180000076,-0.006500000285,6.659560348,-0.009142739673,0.01550916712
4172,0.001700000415,-0.006500000153,6.665350552,-0.00842321336,0.01518362769
4154,0.001600000243,-0.006500000095,6.670646666,-0.00771363549,0.01482808331
4137,0.001500000218,-0.00650000009,6.675468623,-0.007015375179,0.0144413719
4121,0.001400000109,-0.00650000004,6.679840449,-0.006329947096,0.01402118571
4106,0.001300000085,-0.006500000027,6.683790571,-0.005659086447,0.01356389904
4093,0.001200000059,-0.00650000002,6.687351793,-0.005004821648,0.01306442307
3851,0.009899999742,-0.006500000019,6.594171761,-6.14389179e-05,-0.0004100334996
4079,0.001100000024,-0.006500000007,6.690562421,-0.004369570441,0.01251608518
4066,0.001000000011,-0.006500000004,6.693469633,-0.003756243369,0.01191058359
4054,0.0009000000077,-0.006500000002,6.696123551,-0.003168351906,0.01123799565
4043,0.0008000000026,-0.006500000001,6.6985827,-0.002610130494,0.01048684123
3990,0.0,-0.0065,6.716763759,0.0,0.0
3989,0.0001,-0.0065,6.715960041,-7.843133124e-05,0.001870603475
3994,0.0002,-0.0065,6.713539837,-0.00023512801,0.003559156042
4000,0.0003000000001,-0.0065,6.710577773,-0.0004734106057,0.005073776786
4007,0.0004000000002,-0.0065,6.707952186,-0.0007888305149,0.006425787033
4015,0.0005000000003,-0.0065,6.705506305,-0.001168280418,0.007628501148
4024,0.0006000000007,-0.0065,6.703198071,-0.001603697114,0.008696380118
4034,0.000700000001,-0.0065,6.700913982,-0.002086558854,0.009644279053
3867,0.01,-0.0065,6.59319897,0.0,0.0
3835,0.00979999951,-0.006499999928,6.596945917,-0.0001981531782,-0.001022062492
3816,0.009699999173,-0.006499999673,6.600614109,-0.0004300911098,-0.001820336995
3795,0.00959999861,-0.006499999061,6.604481311,-0.00076868146,-0.002786372331
789,0.004599999054,-0.006499998754,6.357842702,-0.02789397262,0.007454116266
3775,0.009499997822,-0.006499997873,6.608502434,-0.00121755113,-0.003900476041
759,0.004499997223,-0.006499996711,6.367180829,-0.02743787854,0.008391426825
3754,0.009399996974,-0.00649999548,6.612539149,-0.001780877638,-0.005141491023
726,0.004399995258,-0.006499992483,6.377237486,-0.02695687962,0.009287347215
3733,0.009299996505,-0.006499990752,6.61648834,-0.002459780139,-0.006486920386
694,0.004299992792,-0.006499985224,6.387936301,-0.02645155414,0.01013983629
3709,0.009199996982,-0.006499982705,6.620207367,-0.003253666176,-0.007912951147
693,0.003999984348,-0.006499978505,6.423105856,-0.02479662652,0.01241823729
662,0.004199989947,-0.006499975121,6.39919884,-0.02592254791,0.01094698333
3685,0.009099999256,-0.006499971643,6.623553055,-0.0041594048,-0.009394661478
663,0.004099986867,-0.006499968373,6.410947847,-0.02537062622,0.011707002
1216,0.006500176538,-0.006499963976,6.382754471,-0.03077660241,-0.01468547992
3684,0.009000004205,-0.006499959441,6.626368577,-0.005171586378,-0.01090630789
7449,0.008900012028,-0.006499946582,6.628494384,-0.006282418469,-0.01242177532
1235,0.006600168765,-0.006499943436,6.395472632,-0.03050188243,-0.01582110806
7623,0.008000144002,-0.006499939459,6.595337957,-0.01857538983,-0.02242327433
7608,0.00810014249,-0.006499938402,6.604542423,-0.0171883315,-0.021847508
7474,0.00880002385,-0.006499936297,6.629771495,-0.007481876139,-0.01391501217
7637,0.007900146875,-0.006499936059,6.584797291,-0.01991830646,-0.02283387465
7691,0.007200170163,-0.006499933615,6.485160664,-0.02733885978,-0.021379895
7687,0.007300167969,-0.006499932416,6.500970231,-0.02652654735,-0.02199651163
1252,0.006700170355,-0.006499931106,6.409035237,-0.03016191383,-0.01691356729
7694,0.007100172302,-0.006499930385,6.469317017,-0.02806532734,-0.02065567883
7592,0.008200135628,-0.006499930049,6.612337058,-0.01577055283,-0.02111019556
7650,0.007800161332,-0.006499929289,6.573025946,-0.02120527778,-0.02307899139
7499,0.008700038669,-0.006499928213,6.63004749,-0.008757939709,-0.01536070705
1268,0.006800172508,-0.006499927875,6.423335834,-0.02975237095,-0.01795358523
7698,0.00700017378,-0.006499927846,6.453624978,-0.02870778613,-0.01983558679
7703,0.006900173698,-0.006499926734,6.438246267,-0.02926898312,-0.01893114788
7576,0.008300115463,-0.006499926661,6.618684328,-0.01433673104,-0.02021821021
7682,0.007400168606,-0.006499926383,6.516558619,-0.02562767139,-0.02249379506
7559,0.008400095306,-0.006499924279,6.623581078,-0.01290235733,-0.01918192524
7661,0.007700165629,-0.006499923868,6.560153753,-0.02242670877,-0.02316128632
7521,0.008600056605,-0.006499922144,6.629182778,-0.01009687517,-0.01673482315
7541,0.00850007586,-0.006499921644,6.627058777,-0.01148364248,-0.01801515234
7676,0.007500169258,-0.006499920753,6.53174286,-0.02464292119,-0.02286043224
7669,0.007600168803,-0.006499920424,6.546335734,-0.02357457182,-0.02308597109
1075,0.00570060189,-0.006402838783,6.283604276,-0.03092921786,-0.00477643872
1056,0.005600560021,-0.006402743832,6.281470609,-0.03076726179,-0.003515159556
1095,0.005800593987,-0.006402553544,6.286927908,-0.03105888484,-0.006047166506
1035,0.005500489819,-0.006402262369,6.280494286,-0.0305744604,-0.002266522401
1115,0.005900567248,-0.006402072741,6.291483191,-0.03115529785,-0.007324910957
1015,0.00540037635,-0.00640152139,6.280705095,-0.03035208452,-0.001033250164
1135,0.006000485625,-0.006401454444,6.297353168,-0.03121677606,-0.00860428218
994,0.005300256782,-0.006400849651,6.282204142,-0.0301023077,0.0001805785003
1157,0.006100421752,-0.006400799676,6.304622947,-0.0312389066,-0.009883558158
4580,0.003200070514,-0.006400560262,6.506306447,-0.0194284761,0.01694711559
4610,0.00330004037,-0.006400555896,6.492795491,-0.02012872292,0.01664319174
4642,0.00340002084,-0.006400545901,6.479078602,-0.02081638595,0.01628491617
4549,0.003100095395,-0.006400525318,6.519545761,-0.01871693696,0.01719756979
972,0.005200172128,-0.006400468974,6.285048794,-0.02982665064,0.001371100552
4673,0.003499989357,-0.006400460682,6.465209911,-0.02148975951,0.01587252402
1178,0.006200369345,-0.006400449271,6.313159348,-0.03121971067,-0.0111600184
4520,0.003000106199,-0.006400435857,6.532455986,-0.017995528,0.01739552569
4706,0.003599974986,-0.00640034907,6.451265023,-0.02214775237,0.01540550838
4491,0.002900100679,-0.006400331174,6.544994751,-0.01726578649,0.0175417978
4461,0.002800088851,-0.006400229707,6.557118967,-0.01652931296,0.01763757642
949,0.005100095924,-0.006400204473,6.28912886,-0.02952520632,0.002536401581
4738,0.003699972042,-0.006400189352,6.437313956,-0.02278896158,0.01488423594
4432,0.002700069164,-0.006400131231,6.568789495,-0.01578759847,0.01768444942
924,0.005000065855,-0.006400117237,6.294420523,-0.02919886594,0.003673180382
1197,0.006300307685,-0.006400114424,6.322896695,-0.03115722341,-0.01242633018
787,0.003799970029,-0.006400096085,6.423465131,-0.02341237641,0.01430850175
4404,0.002600051975,-0.006400075736,6.579977761,-0.01504224344,0.01768392018
4377,0.00250004091,-0.006400050264,6.590653191,-0.01429471914,0.01763807567
899,0.00490002517,-0.006400030949,6.300807772,-0.02884735672,0.004780099207
4351,0.002400027165,-0.006400026653,6.600790635,-0.01354636557,0.01754924475
4326,0.002300015606,-0.006400010236,6.610374217,-0.01279861771,0.01741959248
874,0.004800008011,-0.006400006881,6.308238349,-0.02847124999,0.005854088668
4302,0.002200008133,-0.006400003843,6.61939346,-0.01205283972,0.01725132099
4279,0.002100004502,-0.006400001536,6.627842058,-0.01131033696,0.01704661965
847,0.004700001619,-0.006400000846,6.316639681,-0.02807048874,0.006892995469
4257,0.002000002082,-0.00640000053,6.635719253,-0.01057236424,0.016807464
4233,0.001900000972,-0.006400000192,6.64302894,-0.009840173128,0.01653550575
4212,0.001800000572,-0.006400000125,6.649779451,-0.009115002667,0.01623193001
4192,0.001700000406,-0.006400000095,6.655983284,-0.00839811056,0.01589728766
4173,0.001600000282,-0.006400000065,6.661656991,-0.007690808736,0.01553131018
4155,0.001500000133,-0.006400000028,6.66682119,-0.006994507746,0.01513271584
4138,0.0014000001,-0.006400000027,6.671500639,-0.006310772641,0.01469901517
4122,0.001300000055,-0.006400000016,6.67572469,-0.005641392559,0.01422632517
4107,0.001200000035,-0.006400000011,6.679526923,-0.004988451011,0.01370921054
4094,0.001100000014,-0.006400000005,6.682947591,-0.004354443374,0.01314055627
4080,0.00100000001,-0.006400000003,6.686033738,-0.003742334165,0.01251153503
4067,0.0009000000051,-0.006400000002,6.688836055,-0.003155684695,0.0118115733
4055,0.0008000000023,-0.006400000001,6.691416358,-0.002598793998,0.01102842061
3996,0.0,-0.0064,6.709833589,0.0,0.0
3995,0.0001,-0.0064,6.709032708,-7.781906326e-05,0.001976458005
4001,0.0002,-0.0064,6.706621424,-0.0002334171538,0.003757701558
4008,0.0003,-0.0064,6.703663978,-0.000470233942,0.005352914771
4016,0.0004000000002,-0.0064,6.701027676,-0.0007839585962,0.006774616039
4025,0.0005000000002,-0.0064,6.698553738,-0.001161667054,0.008037293348
4035,0.0006000000004,-0.0064,6.696197327,-0.001595391631,0.009156561522
4044,0.0007000000009,-0.0064,6.693842745,-0.002076672381,0.0101483777
3852,0.01,-0.0064,6.585394099,0.0,0.0
3836,0.009899999799,-0.006399999998,6.586448291,-6.736083958e-05,-0.000500533877
3817,0.009799999571,-0.006399999922,6.589450015,-0.0002167365788,-0.00121173312
3796,0.009699999247,-0.006399999735,6.593402754,-0.0004692379379,-0.002116660349
3776,0.009599998748,-0.006399999094,6.597540463,-0.0008365695874,-0.003195275558
818,0.004599999542,-0.006399999029,6.32594423,-0.02764531908,0.007894522442
1215,0.006400283137,-0.00639999878,6.333932942,-0.03104657711,-0.01367642574
756,0.003899975987,-0.006399998738,6.409781732,-0.02401678081,0.01367950013
3755,0.009499998074,-0.006399997792,6.601806949,-0.001321892529,-0.004426138793
788,0.004499997643,-0.006399996609,6.336075847,-0.02719603079,0.008856406871
3734,0.009399997256,-0.006399995128,6.606045742,-0.001928922411,-0.005786086859
757,0.004399995676,-0.006399992313,6.346956692,-0.02672292116,0.009776455746
3710,0.009299997874,-0.0063999895,6.610137772,-0.00265800164,-0.00725039547
724,0.004299992977,-0.006399983511,6.35850759,-0.02622635221,0.01065257066
3686,0.009199999217,-0.006399980434,6.613920858,-0.003507578621,-0.008792887108
723,0.003999982382,-0.006399979565,6.3963698,-0.02460130039,0.01299779167
691,0.0041999894,-0.00639996973,6.370646761,-0.02570679465,0.01148275527
3658,0.009100003152,-0.006399967264,6.61723223,-0.004473294402,-0.01038616021
1234,0.006500276229,-0.006399958181,6.346131481,-0.03088336877,-0.01490387138
692,0.004099985666,-0.006399955188,6.383292194,-0.02516485868,0.01226512983
3659,0.009000015669,-0.006399952241,6.619895207,-0.005548248041,-0.01200190387
7624,0.008100231335,-0.006399934792,6.589648499,-0.01798202912,-0.02325815575
7476,0.008900024647,-0.006399934614,6.621732107,-0.006723170402,-0.01361183036
7638,0.008000247984,-0.006399931702,6.578803972,-0.01937386971,-0.02379085495
1251,0.006600277684,-0.006399931324,6.359452542,-0.03066272884,-0.01610105633
7609,0.008200213615,-0.006399925388,6.59898556,-0.01654887662,-0.02254987054
7651,0.007900263429,-0.006399924914,6.566553483,-0.02071106168,-0.02414598903
7500,0.008800045184,-0.006399922611,6.62256826,-0.007986105061,-0.01518740574
7695,0.007200298754,-0.00639991842,6.455309243,-0.0278570916,-0.0221208223
7692,0.007300292799,-0.006399917149,6.472570373,-0.02710168077,-0.02282537174
7662,0.007800278929,-0.006399915108,6.55303046,-0.02198227232,-0.02432515608
7593,0.008300188219,-0.006399913847,6.606752855,-0.01508939372,-0.02167150425
7699,0.007100305493,-0.00639991238,6.438132512,-0.02852411876,-0.02131064206
7688,0.007400293462,-0.006399911651,6.489715246,-0.02625584466,-0.02341135191
7670,0.007700288938,-0.006399911566,6.538396906,-0.02317830781,-0.02433293672
7522,0.008700069444,-0.006399911166,6.62223891,-0.009323321891,-0.01670159467
7577,0.008400153567,-0.006399910876,6.612927127,-0.01361983396,-0.02063239538
1267,0.006700290925,-0.006399910017,6.373729245,-0.03037942147,-0.01725968295
7704,0.007000307801,-0.006399908313,6.421223352,-0.02910576533,-0.02040738601
7560,0.008500123018,-0.006399907536,6.617523687,-0.01215727023,-0.01944584804
1282,0.006800298611,-0.006399907347,6.388873391,-0.03002882681,-0.01837049769
7542,0.00860009462,-0.006399905364,6.620597439,-0.01071930577,-0.01812883751
7709,0.006900306166,-0.006399904928,6.404749085,-0.02960584651,-0.01942342285
7677,0.007600295322,-0.006399903654,6.522832774,-0.02429220152,-0.02417675763
7683,0.007500296673,-0.0063999015,6.506536521,-0.02531901385,-0.02386591187
1094,0.005700631498,-0.006302788707,6.245251321,-0.0306062189,-0.004620700337
1074,0.005600568031,-0.006302543039,6.243318849,-0.03042610172,-0.003330291725
1114,0.005800617473,-0.006302532691,6.248373257,-0.03075688974,-0.005921360685
1055,0.005500506082,-0.006302184891,6.242715159,-0.03021941541,-0.002054594682
1134,0.005900591639,-0.006302015765,6.25279129,-0.0308775732,-0.00723075466
1034,0.005400388472,-0.006301493218,6.243330484,-0.02998592207,-0.0007950023976
1156,0.006000511508,-0.006301385036,6.258575023,-0.03096675721,-0.008545591414
1014,0.005300266105,-0.006300841207,6.245280998,-0.02972830458,0.0004443412568
1177,0.006100461828,-0.006300817233,6.265790872,-0.03102194504,-0.009863550794
993,0.005200176396,-0.006300445596,6.248616563,-0.02944800364,0.001659892606
1196,0.006200414258,-0.006300351501,6.274404371,-0.03104082419,-0.01118006281
4611,0.003200034897,-0.006300348321,6.486314227,-0.0192500535,0.01764904046
4644,0.003300017452,-0.006300340476,6.471893928,-0.01993796573,0.01733293963
4581,0.003100054779,-0.006300335745,6.500446736,-0.01855047273,0.01791004359
4674,0.003400000324,-0.006300318283,6.457252258,-0.02061278673,0.01696115518
4550,0.003000075218,-0.006300317378,6.514234979,-0.01784069974,0.01811667479
4707,0.003499987397,-0.006300298526,6.442462794,-0.02127321657,0.01653329196
4521,0.002900076364,-0.006300250552,6.527620436,-0.01712199336,0.01827036203
971,0.005100108717,-0.006300222927,6.253253339,-0.029145061,0.002849453861
4739,0.003599980176,-0.006300221543,6.427584997,-0.02191783032,0.0160497555
4492,0.002800071002,-0.006300180506,6.540562318,-0.01639602516,0.01837210315
4462,0.002700058873,-0.006300119862,6.553021191,-0.01566429975,0.01842340191
4773,0.003699975214,-0.006300109571,6.412702798,-0.02254538952,0.01551072793
948,0.00500006493,-0.00630010591,6.259123496,-0.0288194656,0.004010700126
1214,0.006300382789,-0.006300102084,6.28444445,-0.03102022674,-0.01249025445
4433,0.002600041726,-0.006300063234,6.564960349,-0.01492829851,0.01842611713
816,0.003799973854,-0.006300062406,6.397925965,-0.02315512209,0.01491616649
923,0.004900033643,-0.006300040517,6.266151863,-0.02847117649,0.005141502896
4405,0.002500032498,-0.00630003722,6.576353016,-0.01418961159,0.01838206668
4378,0.002400021059,-0.006300018608,6.58717343,-0.01344956054,0.01829357542
4352,0.002300013945,-0.00630001002,6.597403961,-0.0127095927,0.01816287275
898,0.00480001107,-0.006300008298,6.27425729,-0.02810017424,0.006239467456
4327,0.002200007426,-0.006300003346,6.607032509,-0.01197102688,0.01799227323
4303,0.002100004678,-0.006300001817,6.616053185,-0.01123521237,0.01778393829
873,0.004700002875,-0.006300001349,6.283372836,-0.02770630824,0.007302114992
4280,0.00200000227,-0.006300000607,6.624464841,-0.01050340989,0.0175398855
4259,0.001900001099,-0.006300000173,6.632271432,-0.009776897926,0.01726177547
4236,0.001800000638,-0.006300000091,6.639481493,-0.009056941168,0.01695078808
4213,0.001700000302,-0.006300000042,6.646107898,-0.008344828126,0.01660743881
4193,0.001600000192,-0.006300000032,6.652167703,-0.007641911301,0.01623138438
4174,0.001500000136,-0.006300000026,6.657682153,-0.006949645948,0.01582121675
4156,0.001400000084,-0.006300000015,6.662676713,-0.006269648541,0.01537425696
4139,0.001300000052,-0.00630000001,6.667181425,-0.005603766655,0.01488636152
4123,0.001200000032,-0.006300000008,6.671231036,-0.004954144658,0.01435174713
4095,0.001000000005,-0.006300000002,6.678136885,-0.003714407687,0.01311032584
3818,0.009899999872,-0.006300000002,6.578388736,-7.368715535e-05,-0.0005995402063
4081,0.0009000000034,-0.006300000001,6.681090913,-0.003130930757,0.01238292773
4108,0.001100000006,-0.006300000001,6.674867593,-0.004323346495,0.01376285922
4003,0.0,-0.0063,6.702409446,0.0,0.0
4002,0.0001,-0.0063,6.701614464,-7.683637311e-05,0.002081266307
4009,0.0002,-0.0063,6.699221578,-0.0002306239639,0.003954472659
4017,0.0003,-0.0063,6.696279493,-0.0004649390045,0.005629824838
4026,0.0004000000001,-0.0063,6.693640039,-0.0007756538881,0.007120982608
4036,0.0005000000001,-0.0063,6.691143132,-0.001150109465,0.008443548877
4045,0.0006000000002,-0.0063,6.688741272,-0.001580482062,0.009614236648
4056,0.0007000000004,-0.0063,6.686316996,-0.002058419129,0.01065005623
4068,0.0008000000012,-0.0063,6.683794747,-0.002577253864,0.0115676831
3837,0.01,-0.0063,6.577250697,0.0,0.0
3797,0.009799999729,-0.006299999959,6.581628351,-0.0002364812644,-0.001418407517
3777,0.009699999519,-0.006299999793,6.585877099,-0.0005106432583,-0.00243835255
3756,0.00959999922,-0.006299999354,6.590290298,-0.0009081222626,-0.003637629361
846,0.00460000068,-0.00629999928,6.293431434,-0.02728955114,0.00832721022
3735,0.009499998886,-0.006299998122,6.594800968,-0.001431477136,-0.004992854674
817,0.00449999858,-0.006299997096,6.304353476,-0.02685001721,0.009312498555
3711,0.009399998783,-0.006299995311,6.599232165,-0.002083842373,-0.006478631903
786,0.004399996881,-0.006299992659,6.316051079,-0.02638775324,0.01025571722
3687,0.009299999479,-0.006299989546,6.60344722,-0.002864639304,-0.008067793409
785,0.003899979287,-0.006299989306,6.383314763,-0.02374576768,0.01426747017
1233,0.006400367542,-0.006299988584,6.295773026,-0.03095551962,-0.0137888805
755,0.004299994558,-0.006299982677,6.328446437,-0.02590289139,0.01115466112
3660,0.009200002022,-0.006299979191,6.607262114,-0.003771167538,-0.009731517213
721,0.004199991287,-0.006299965136,6.341455279,-0.02539575096,0.01200723797
3632,0.009100008434,-0.006299963141,6.610492906,-0.004797656514,-0.01143969551
754,0.003999982791,-0.006299959678,6.368975654,-0.02431658834,0.01356539803
1250,0.006500361969,-0.006299951683,6.308359786,-0.03084273061,-0.01506944533
722,0.004099986916,-0.006299944879,6.354990864,-0.02486678082,0.0128114821
3604,0.009000020927,-0.006299943211,6.612941951,-0.005935625605,-0.01316139928
7639,0.008100322643,-0.006299927131,6.573238051,-0.01873923073,-0.02467417988
3573,0.008900040896,-0.006299925447,6.614412929,-0.007173817205,-0.01486549846
1266,0.006600379174,-0.006299924286,6.32215074,-0.03067647301,-0.01632476792
7652,0.008000349902,-0.006299923887,6.560646403,-0.02012566016,-0.02515289457
7625,0.008200292146,-0.006299919017,6.584237833,-0.01730030334,-0.02400577115
7663,0.007900380038,-0.006299913453,6.546595689,-0.02144648382,-0.02544200014
1281,0.006700387495,-0.006299911208,6.33703173,-0.03045155397,-0.0175465365
7610,0.008300238104,-0.006299909928,6.593553304,-0.01582416485,-0.0231515764
3542,0.008800063959,-0.006299906761,6.614715261,-0.008498644732,-0.01652163381
7700,0.00720042801,-0.00629990657,6.423687924,-0.02825181279,-0.02280001818
7696,0.007300417427,-0.006299906459,6.44234846,-0.02756057253,-0.02359517411
7705,0.00710044381,-0.006299900761,6.405238249,-0.02885303585,-0.02190236187
7671,0.007800407964,-0.006299900582,6.531251203,-0.02269103319,-0.02554527817
7693,0.0074004151,-0.006299900247,6.461014222,-0.02677603501,-0.02427379749
3511,0.008700093512,-0.006299899977,6.613674478,-0.009894207235,-0.01810044339
7594,0.008400205967,-0.00629989372,6.601137622,-0.01432696769,-0.02211941457
7689,0.007500421016,-0.006299892196,6.479460926,-0.02589619091,-0.02482158585
7678,0.007700426428,-0.006299891113,6.514804762,-0.02385104638,-0.02546962687
7710,0.007000455077,-0.006299890412,6.387180833,-0.02936850835,-0.02091571587
1296,0.006800424395,-0.006299890348,6.352929374,-0.03016240228,-0.01872613622
3479,0.008500162912,-0.006299890328,6.606985535,-0.01282711696,-0.02092175439
7684,0.007600426791,-0.006299888856,6.497466666,-0.02492067709,-0.02522453409
7714,0.006900448068,-0.006299885079,6.369690449,-0.02980316074,-0.01985293225
3480,0.008600127883,-0.006299884467,6.611136585,-0.01134322789,-0.01957530193
1113,0.005700597247,-0.006202593517,6.206425926,-0.03014875586,-0.004446078137
1133,0.005800596229,-0.006202372545,6.209327292,-0.03031778905,-0.005773322547
1093,0.005600529298,-0.006202321802,6.204772614,-0.0299534864,-0.003130625506
1073,0.005500507378,-0.00620209074,6.204563772,-0.02973606999,-0.001831905851
1155,0.005900581913,-0.006201932284,6.213598161,-0.03046054124,-0.007111089371
1054,0.005400395592,-0.006201446585,6.205596434,-0.02949436678,-0.0005494646081
1176,0.006000522877,-0.006201303549,6.219239687,-0.03057550458,-0.008456310257
1033,0.005300277773,-0.006200835958,6.208011431,-0.02923181599,0.0007122007477
1195,0.006100477779,-0.006200702006,6.226339098,-0.03066143489,-0.009806980178
1013,0.00520018655,-0.006200470539,6.211855545,-0.0289497559,0.001949818844
1213,0.006200437752,-0.006200321375,6.234990036,-0.03071641307,-0.01115962235
4613,0.003100030791,-0.006200213638,6.480803183,-0.01832168086,0.01860887672
4645,0.00320001888,-0.006200208483,6.4657783,-0.01900655732,0.0183368007
4677,0.003300009167,-0.006200208231,6.450453614,-0.01967934638,0.01800802358
992,0.005100104561,-0.006200203033,6.217021901,-0.02864753389,0.003161649811
4583,0.00300004401,-0.006200199149,6.495460353,-0.01762606704,0.01882520955
4709,0.003399998041,-0.006200193608,6.434894692,-0.02033860343,0.01762219599
4741,0.003499988307,-0.006200180025,6.419178861,-0.02098308769,0.01717901237
4553,0.002900054139,-0.006200179218,6.509696575,-0.016921172,0.01898678365
1232,0.006300406601,-0.006200137959,6.245154326,-0.03073670582,-0.01250984825
4775,0.003599982376,-0.006200137395,6.40337607,-0.02161152192,0.01667875418
4522,0.002800051306,-0.006200126099,6.523457673,-0.01620833577,0.01909515061
970,0.005000072607,-0.006200113245,6.223484316,-0.02832573628,0.004344602221
4493,0.002700045997,-0.006200095716,6.536708225,-0.01548922982,0.019151498
4463,0.002600037494,-0.006200063546,6.549406323,-0.0147652579,0.01915784023
947,0.004900031527,-0.006200034284,6.231127104,-0.02798313914,0.005497506478
4434,0.002500025932,-0.006200031911,6.561521349,-0.01403788626,0.01911619188
4406,0.002400019335,-0.006200018423,6.573030433,-0.01330863,0.01902861502
922,0.004800020074,-0.006200016431,6.239900402,-0.02762003206,0.006617289652
4805,0.003699981269,-0.006200015618,6.387557501,-0.02222253875,0.01612213904
4379,0.002300013404,-0.006200011359,6.583913773,-0.01257883357,0.01889747241
1249,0.006400404953,-0.006200009385,6.256725605,-0.03071771051,-0.01385274935
4353,0.002200009283,-0.006200005584,6.594158237,-0.01184986228,0.01872509621
897,0.004700005496,-0.006200002425,6.249717426,-0.02723569065,0.007702119622
4328,0.002100003834,-0.006200001512,6.603757669,-0.01112302767,0.01851368832
4304,0.00200000244,-0.006200000798,6.612710611,-0.01039967785,0.01826526114
4281,0.00190000124,-0.006200000279,6.621020925,-0.009681073889,0.01798150132
4260,0.00180000062,-0.006200000099,6.628697275,-0.008968515649,0.01766357473
4237,0.001700000324,-0.006200000044,6.635752834,-0.008263328652,0.01731195478
4214,0.00160000017,-0.006200000028,6.642205127,-0.007566905393,0.01692621519
4194,0.001500000098,-0.006200000017,6.648075944,-0.006880750747,0.01650481483
4175,0.001400000062,-0.006200000015,6.653391465,-0.006206539196,0.01604487883
4157,0.001300000049,-0.006200000011,6.658182052,-0.005546177461,0.01554199665
3798,0.009899999972,-0.006200000011,6.569994068,-8.041256258e-05,-0.0007075813417
4140,0.001200000015,-0.006200000004,6.662483236,-0.004901882441,0.01499003169
4096,0.0009000000013,-0.006200000001,6.672904755,-0.003094072953,0.01295013793
4109,0.001000000003,-0.006200000001,6.669794888,-0.003672443747,0.01370498675
4124,0.001100000005,-0.006200000001,6.666338637,-0.004276267634,0.01438099885
4011,0.0,-0.0062,6.694505386,0.0,0.0
4010,0.0001,-0.0062,6.693719374,-7.548509066e-05,0.002184534277
4018,0.0002,-0.0062,6.691354389,-0.0002267528729,0.004148581067
4027,0.0003,-0.0062,6.688438477,-0.0004575325472,0.005903312356
4037,0.0004,-0.0062,6.685803587,-0.0007639245019,0.007463459803
4046,0.0005000000001,-0.0062,6.683289058,-0.001133615471,0.00884566915
4057,0.0006000000002,-0.0062,6.68084485,-0.001558974338,0.01006768344
4069,0.0007000000007,-0.0062,6.678352207,-0.002031800952,0.01114750583
4082,0.000800000001,-0.0062,6.675733938,-0.002545506238,0.01210275896
3819,0.01,-0.0062,6.568769322,0.0,0.0
3778,0.009799999964,-0.006199999962,6.573481692,-0.0002573846968,-0.001643035294
3757,0.00970000003,-0.006199999745,6.578036952,-0.0005543066,-0.002786690436
872,0.004600002188,-0.006199999629,6.26051245,-0.02683003065,0.00874941489
3736,0.009600000116,-0.006199999224,6.582729383,-0.000983311518,-0.004114934831
3712,0.009500000865,-0.006199997559,6.587480725,-0.001546205688,-0.005602218369
845,0.004499999915,-0.006199997348,6.272204995,-0.026402893,0.009756936274
3688,0.0094000021,-0.006199994113,6.592091274,-0.002245409034,-0.007220673074
815,0.004399998835,-0.006199991769,6.284703329,-0.02595412676,0.01072230562
3661,0.009300004608,-0.006199987688,6.596404905,-0.003079238913,-0.008940404851
4834,0.003799981414,-0.006199983082,6.371853485,-0.02281574014,0.01550887726
784,0.004299997412,-0.006199982326,6.29792998,-0.02548368343,0.0116432278
3633,0.009200009291,-0.006199976833,6.600213888,-0.004043669843,-0.01072969828
1265,0.006500393715,-0.006199969408,6.26966257,-0.03065496309,-0.01518175686
752,0.004199994214,-0.006199962293,6.311796252,-0.02499170437,0.01251755904
3605,0.009100017542,-0.006199959867,6.603311577,-0.005131329488,-0.01255550964
783,0.003999985945,-0.006199950477,6.341087832,-0.02394441084,0.01411800997
1280,0.006600381201,-0.006199944545,6.283862194,-0.03054309876,-0.01649050793
3574,0.009000032523,-0.006199939014,6.605478333,-0.00633190323,-0.01438399931
753,0.004099991184,-0.006199937014,6.326207578,-0.02447845974,0.01334320135
3306,0.008100358337,-0.006199923911,6.555268148,-0.01945163295,-0.02608549244
3280,0.008000388604,-0.006199921279,6.540836487,-0.02082195403,-0.02649880423
814,0.003899985233,-0.006199920776,6.356321557,-0.02338980306,0.01484063399
3543,0.008900052232,-0.006199916976,6.606498592,-0.007632202395,-0.01618145801
3332,0.00820032617,-0.006199916893,6.568041023,-0.01801708139,-0.02546854181
1295,0.006700430007,-0.006199916699,6.299248182,-0.03037680278,-0.01777219324
3254,0.007900438032,-0.006199910352,6.524915371,-0.022115313,-0.02671098975
7697,0.007400453743,-0.00619990954,6.430571254,-0.02718015737,-0.02507207017
7701,0.00730047341,-0.00619990864,6.410449555,-0.02789581103,-0.02429787577
7706,0.007200494305,-0.006199906375,6.390464903,-0.02851638804,-0.02341039633
3360,0.008300274638,-0.006199904006,6.579028131,-0.0165334424,-0.02464978767
3228,0.007800474073,-0.006199899753,6.507700544,-0.02332225966,-0.02672837897
7711,0.00710051725,-0.006199898939,6.37082174,-0.02904644804,-0.02242478512
3176,0.007500469206,-0.006199898719,6.450604688,-0.02636578774,-0.0257177674
1307,0.006800461529,-0.006199898651,6.315766901,-0.03015040172,-0.01901700227
3175,0.007600470515,-0.006199895852,6.470298964,-0.02545105772,-0.02621881182
3512,0.008800078747,-0.006199894623,6.606167299,-0.009016475835,-0.01791503017
3202,0.00770049688,-0.006199892177,6.489416596,-0.02443559855,-0.0265604024
3389,0.00840022742,-0.006199889298,6.588152532,-0.01501738386,-0.02363539546
7715,0.007000540769,-0.006199887189,6.351711694,-0.02949135943,-0.02135547577
7718,0.00690050986,-0.006199887022,6.333308351,-0.02985730749,-0.02021534309
3481,0.008700111946,-0.006199879651,6.604300471,-0.0104668283,-0.01955360835
3419,0.008500183744,-0.006199879525,6.595384274,-0.01348760754,-0.0224364715
3448,0.008600142957,-0.006199879269,6.600744161,-0.01196397433,-0.02106898613
1132,0.005700569681,-0.006102438252,6.167465712,-0.0295636304,-0.004256220957
1112,0.005600531064,-0.006102283189,6.166178507,-0.02935691487,-0.002920319796
1154,0.005800552203,-0.006102176058,6.170077331,-0.02974782915,-0.005605432108
1092,0.005500481356,-0.006101964434,6.166301656,-0.02913028661,-0.001600838873
1175,0.005900536071,-0.006101816182,6.174156969,-0.02991047063,-0.006967160489
1072,0.005400390159,-0.006101386169,6.167769618,-0.02888343104,-0.0002991115979
1194,0.00600049246,-0.006101244853,6.179664724,-0.03004934056,-0.008338588482
1053,0.005300286427,-0.006100827148,6.170656061,-0.02861876713,0.0009816735096
1212,0.006100444605,-0.006100686434,6.186690573,-0.03016364328,-0.009717683496
1032,0.005200194453,-0.00610046008,6.174992914,-0.0283374001,0.002238649502
1231,0.006200411748,-0.006100320803,6.195302476,-0.03025185192,-0.01110168095
1012,0.005100110362,-0.006100207645,6.180698506,-0.02803874392,0.003469881873
1248,0.006300378346,-0.006100155338,6.205484097,-0.03031068653,-0.01248659389
4678,0.003200010178,-0.006100128355,6.44480041,-0.01869901422,0.01900783291
4647,0.003100016986,-0.006100126228,6.460705277,-0.01803142166,0.0192916449
4616,0.003000020544,-0.00610009991,6.476223348,-0.01735251786,0.01951833052
4711,0.003300001652,-0.006100098957,6.428573255,-0.01935389246,0.01866619923
4584,0.002900027256,-0.006100097298,6.491303001,-0.01666390531,0.01968859036
991,0.005000066556,-0.006100094312,6.18772436,-0.02772283605,0.004672644292
4743,0.003399995894,-0.006100086499,6.412106242,-0.01999494526,0.01826598106
4554,0.002800032335,-0.006100085301,6.505884691,-0.01596688454,0.01980399318
4777,0.003499990332,-0.006100073272,6.395474331,-0.02062085992,0.01780719303
4523,0.002700030264,-0.006100066837,6.519923141,-0.01526288413,0.01986612643
4806,0.003599985834,-0.006100053171,6.37875812,-0.02123049593,0.01729006767
4494,0.002600024177,-0.006100041156,6.533378059,-0.0145533765,0.01987683496
1264,0.00640037676,-0.006100039682,6.217159421,-0.03033544368,-0.01386841242
969,0.004900036416,-0.006100039538,6.195982377,-0.02738868559,0.005845194986
4464,0.002500016941,-0.006100021808,6.546218256,-0.01383986452,0.01983807346
946,0.004800019871,-0.006100016682,6.205398726,-0.02703574279,0.0069852426
4435,0.002400011967,-0.006100012721,6.558417777,-0.0131238016,0.01975202877
4407,0.002300009808,-0.006100007738,6.569955879,-0.0124065758,0.01962105632
4380,0.002200006649,-0.006100003855,6.580819269,-0.01168952607,0.01944749584
921,0.004700008134,-0.006100003798,6.215898209,-0.0266633779,0.00809055411
4835,0.003699986247,-0.006100002179,6.362040658,-0.02182271366,0.01671528227
4354,0.002100003698,-0.006100001723,6.59100071,-0.01097400644,0.019233582
4329,0.002000001883,-0.006100000592,6.600498471,-0.01026134621,0.0189813536
4305,0.001900001143,-0.006100000297,6.609316289,-0.009552860879,0.01869248768
4282,0.001800000466,-0.006100000082,6.617462892,-0.008849869018,0.01836813399
4261,0.001700000201,-0.006100000031,6.624951669,-0.008153738007,0.01800871579
4238,0.001600000089,-0.006100000013,6.631800528,-0.007465904995,0.01761371661
4195,0.001400000026,-0.006100000007,6.643672036,-0.006121539527,0.01670885085
4215,0.001500000043,-0.006100000007,6.638031712,-0.006787926912,0.01718145388
4141,0.001100000006,-0.006100000002,6.657387002,-0.004213287351,0.01499300076
4158,0.001200000007,-0.006100000002,6.653309561,-0.004831735435,0.01562207334
4176,0.001300000008,-0.006100000002,6.648752298,-0.005468709052,0.01619122107
3779,0.009900000129,-0.006100000001,6.561268578,-8.75330456e-05,-0.000825180098
4020,0.0,-0.0061,6.686139295,0.0,0.0
4019,0.0001,-0.0061,6.685365315,-7.377023541e-05,0.002285772103
4028,0.0002,-0.0061,6.683037696,-0.0002218173325,0.004339144802
4038,0.0003,-0.0061,6.680158772,-0.0004480383221,0.00617218923
4047,0.0004,-0.0061,6.677536299,-0.0007488050703,0.007800626284
4058,0.0005000000001,-0.0061,6.675009761,-0.001112229603,0.009242059648
4070,0.0006000000001,-0.0061,6.672526703,-0.001530921389,0.01051518207
4083,0.0007000000003,-0.0061,6.669967535,-0.001996876947,0.01163891815
4097,0.0008000000005,-0.0061,6.667253608,-0.002503616381,0.01263177744
4110,0.0009000000005,-0.0061,6.664298416,-0.003045183488,0.01351128862
4125,0.001000000001,-0.0061,6.661031513,-0.003616529136,0.01429356685
3799,0.01,-0.0061,6.55995417,0.0,0.0
3758,0.009800000269,-0.006099999952,6.565013831,-0.00027943753,-0.001886560122
896,0.00460000353,-0.00609999979,6.227405668,-0.02627120273,0.009158663788
3737,0.009700000589,-0.006099999735,6.569885012,-0.0006002027789,-0.003162931621
3713,0.009600001249,-0.006099999089,6.574858909,-0.001062063456,-0.004628636146
3689,0.00950000254,-0.006099997457,6.579845055,-0.001665916334,-0.006255730981
871,0.004500001366,-0.006099997202,6.239840286,-0.02585882679,0.01018718054
3662,0.009400005329,-0.006099993369,6.584618423,-0.00241330286,-0.008013589896
844,0.004400001176,-0.006099992302,6.253115659,-0.0254259423,0.01117364747
3634,0.009300009254,-0.006099986575,6.58900168,-0.003301255166,-0.00986932348
813,0.004300000725,-0.006099981028,6.267147471,-0.02497231759,0.01211572967
3606,0.009200014571,-0.006099976327,6.592761448,-0.004324227009,-0.01178804784
1279,0.006500386085,-0.006099970153,6.230289034,-0.03032153652,-0.01524165107
781,0.004199999102,-0.006099962208,6.281845246,-0.02449793795,0.01301113864
3575,0.009100023837,-0.006099959774,6.595666903,-0.005473016502,-0.013733506
782,0.004099996919,-0.006099937659,6.297110169,-0.02400285623,0.01385764159
1294,0.006600406107,-0.00609993714,6.244826507,-0.03026365524,-0.01660008017
3544,0.009000037967,-0.006099936905,6.59747559,-0.006735318732,-0.01566884862
1306,0.006700400889,-0.0060999292,6.26064911,-0.03015611581,-0.01793603317
3281,0.008100335421,-0.006099926092,6.535724015,-0.02011028209,-0.02748118595
3255,0.008000375381,-0.00609992343,6.519380903,-0.02145325138,-0.02781737793
3307,0.008200289126,-0.006099921306,6.55036188,-0.01869114669,-0.02692797201
7702,0.007400426124,-0.006099919243,6.398553021,-0.02746110721,-0.02579882656
7707,0.007300439607,-0.006099918543,6.377061222,-0.02810147118,-0.02492674974
4862,0.003799990734,-0.006099917738,6.345410051,-0.02239656694,0.01608366065
3229,0.007900409962,-0.006099917298,6.501536401,-0.02270838465,-0.02794179194
7712,0.007200461184,-0.006099915224,6.355844916,-0.02864598838,-0.02394615769
3149,0.007500432032,-0.006099914469,6.420101107,-0.02671997233,-0.02654573273
812,0.003999994329,-0.006099914342,6.312856106,-0.02348727749,0.01465314469
3513,0.00890005685,-0.006099912602,6.597953282,-0.008095744722,-0.01755750937
1316,0.006800426858,-0.006099912477,6.277707101,-0.02999279846,-0.01924196292
3333,0.008300243385,-0.006099910687,6.563132753,-0.01721020421,-0.02615686645
3203,0.007800438015,-0.00609991063,6.482425275,-0.02386699706,-0.02786355058
7716,0.007100483334,-0.006099907176,6.335116067,-0.02910064807,-0.02287313788
3150,0.007600452855,-0.006099907118,6.441443145,-0.02587454339,-0.02715021226
3177,0.007700453833,-0.006099906517,6.462304892,-0.02492338151,-0.02759485498
843,0.003899993146,-0.006099897647,6.328986374,-0.02295165727,0.01539575084
3361,0.008400202029,-0.006099897617,6.573921954,-0.01568441444,-0.02517196998
7719,0.007000503293,-0.006099896933,6.315062661,-0.02947181084,-0.02172266157
3482,0.008800080088,-0.006099894038,6.59688232,-0.009536326783,-0.01936422115
7721,0.006900504663,-0.006099892524,6.295893505,-0.02976676809,-0.02050838738
3390,0.008500166674,-0.00609988557,6.58266832,-0.01413293236,-0.02398272602
3449,0.008700107,-0.006099880531,6.594071278,-0.01103705515,-0.02105619942
3420,0.008600135792,-0.006099876193,6.589367338,-0.01257657418,-0.02260408775
1153,0.005700521107,-0.006002250422,6.128656856,-0.02885829531,-0.00405369767
1131,0.005600493701,-0.006002128425,6.127718393,-0.02864246049,-0.00270062356
1174,0.005800480548,-0.006001981962,6.130972841,-0.02905512927,-0.005420843244
1111,0.005500437205,-0.006001770981,6.128200705,-0.02840948529,-0.001364138091
1193,0.005900465575,-0.006001675161,6.134821648,-0.02923489443,-0.006802260495
1091,0.005400373831,-0.006001309943,6.1301228,-0.02816061519,-4.653843724e-05
1211,0.006000408193,-0.006001181372,6.140153824,-0.02939508697,-0.00819486185
1071,0.005300289838,-0.006000805269,6.133476322,-0.02789646261,0.0012503192
1230,0.006100359352,-0.006000753848,6.147078039,-0.02953578053,-0.009597563313
1052,0.005200206718,-0.006000474956,6.138307796,-0.02761848918,0.002523698587
1247,0.006200335653,-0.006000350955,6.155580274,-0.02965429051,-0.01100796671
1031,0.00510013224,-0.006000235425,6.144532862,-0.02732572706,0.003771711789
1263,0.006300313444,-0.006000185245,6.165732587,-0.02974895803,-0.01242288908
1011,0.005000074888,-0.006000105067,6.152102836,-0.02701788612,0.004992056864
4679,0.003100008702,-0.006000070667,6.44025532,-0.01768106994,0.01995585098
4648,0.003000011858,-0.00600006769,6.456628019,-0.01702150743,0.02019317259
4746,0.003299999592,-0.006000064262,6.40637952,-0.01896360144,0.01930460155
4585,0.002800019672,-0.00600006048,6.487926614,-0.01567269064,0.02049611803
4617,0.002900015282,-0.006000058018,6.472536207,-0.01635155971,0.02037286677
4712,0.00320000342,-0.006000056351,6.423479624,-0.01832881228,0.01965997526
1278,0.006400308207,-0.006000049949,6.177432537,-0.02981472512,-0.01383852228
4779,0.003399996118,-0.006000049185,6.389021996,-0.01958399669,0.01888966683
4555,0.002700021189,-0.006000046934,6.502744873,-0.01498621355,0.02056471574
4808,0.003499993217,-0.006000039361,6.371494894,-0.02018895479,0.0184149711
4524,0.002600018004,-0.006000034199,6.516952135,-0.0142936037,0.02058039112
990,0.004900032357,-0.006000033795,6.160940411,-0.02669397152,0.006182661931
4495,0.00250001243,-0.006000017216,6.53051208,-0.01359629279,0.02054524048
968,0.004800021801,-0.006000016998,6.170976757,-0.02635340132,0.00734099894
4836,0.003599990725,-0.006000012353,6.353881552,-0.0207773208,0.01788095004
4465,0.002400009651,-0.006000010049,6.543398458,-0.01289577196,0.02046140156
4436,0.002300006719,-0.006000005766,6.555589447,-0.01219339704,0.02033125496
4408,0.0022000048,-0.006000003359,6.567070349,-0.01149055015,0.02015715721
945,0.004700006749,-0.006000002669,6.182127914,-0.02599503468,0.008465251126
4381,0.002100003331,-0.006000001774,6.577833125,-0.01078857886,0.01994137537
4355,0.002000001976,-0.006000000857,6.587875741,-0.01008882125,0.01968595325
4330,0.001900000971,-0.006000000292,6.597201633,-0.009392617956,0.01939256575
4306,0.001800000446,-0.00600000011,6.60581949,-0.008701328081,0.01906233393
920,0.004600005337,-0.006000000097,6.19431935,-0.02561841729,0.009552685967
4283,0.00170000029,-0.006000000057,6.613742844,-0.008016354497,0.01869562429
4262,0.001600000111,-0.006000000023,6.620989896,-0.007339181172,0.01829182122
4239,0.001500000046,-0.006000000008,6.627583267,-0.006671422805,0.01784909386
4216,0.001400000021,-0.006000000004,6.633550148,-0.006014877003,0.01736415889
4196,0.001300000013,-0.006000000003,6.638922119,-0.005371576113,0.01683205175
4159,0.001100000002,-0.006000000001,6.648038581,-0.004134577496,0.01559694477
4177,0.001200000004,-0.006000000001,6.643737791,-0.004743895732,0.01624592738
4030,0.0,-0.006,6.677332777,0.0,0.0
4029,0.0001,-0.006,6.676573861,-7.170002861e-05,0.002384498475
4039,0.0002,-0.006,6.674292969,-0.0002158398649,0.004525295332
4048,0.0003,-0.006,6.671461794,-0.0004364972125,0.006435282928
4059,0.0004,-0.006,6.668859695,-0.0007303570034,0.008131076405
4071,0.0005000000001,-0.006,6.666327032,-0.001086033614,0.009631140469
4084,0.0006000000002,-0.006,6.663809049,-0.001496424226,0.01095502567
4098,0.0007000000002,-0.006,6.661185781,-0.001953765872,0.01212249612
4111,0.0008000000002,-0.006,6.658377334,-0.002451720036,0.01315287888
4126,0.0009000000003,-0.006,6.655296476,-0.002984413925,0.01406448155
4142,0.001000000001,-0.006,6.651872087,-0.003546829042,0.01487415217
3780,0.01,-0.006,6.550813624,0.0,0.0
3759,0.009900000218,-0.005999999982,6.552220513,-9.504480019e-05,-0.0009528613851
3738,0.009800000606,-0.005999999859,6.556232275,-0.0003026240603,-0.002149915575
3714,0.009700001234,-0.005999999507,6.561427436,-0.0006482839978,-0.003568296421
3690,0.009600002336,-0.005999998581,6.566683139,-0.001144263029,-0.005180105466
895,0.004500002461,-0.0059999971,6.207468633,-0.025222868,0.01060098332
3663,0.009500004375,-0.005999996689,6.57189533,-0.001790369497,-0.00695474376
3635,0.009400007072,-0.005999993158,6.576811391,-0.002587105411,-0.008858559573
869,0.004400002901,-0.005999992345,6.221490308,-0.02480794173,0.01160755267
1293,0.00650031489,-0.005999989547,6.190668885,-0.02984742688,-0.01525026062
3607,0.009300011098,-0.005999987439,6.581230628,-0.003529998605,-0.01085533077
841,0.004300003967,-0.005999983282,6.236295363,-0.02437325015,0.01256993392
3576,0.009200016926,-0.005999978752,6.58489205,-0.004611757021,-0.01290670248
4863,0.003699990611,-0.005999970497,6.336272206,-0.02134815881,0.01728825456
810,0.004200003528,-0.005999965298,6.251789963,-0.02391855337,0.01348571961
3545,0.009100025783,-0.005999963448,6.587539649,-0.0058211545,-0.01497300361
1305,0.00660032718,-0.005999955171,6.205388136,-0.02984172172,-0.01665256116
3514,0.009000037485,-0.005999944223,6.588908238,-0.007143659867,-0.01701411434
811,0.004100002018,-0.005999940629,6.26787759,-0.02344375615,0.01435253753
1315,0.006700349221,-0.005999937205,6.221524642,-0.0297918469,-0.0180389684
3256,0.00810025023,-0.005999935179,6.514618363,-0.02070649386,-0.02884995374
7708,0.007400332455,-0.005999934261,6.365180165,-0.02761365093,-0.02644741362
3230,0.008000279268,-0.005999934236,6.496312049,-0.02201105783,-0.02909728607
7713,0.007300341001,-0.005999932266,6.342422875,-0.02817332112,-0.02547650983
3282,0.008200214451,-0.005999932189,6.531197843,-0.01931365323,-0.02837289369
3124,0.007500333486,-0.005999931758,6.388134033,-0.02695229749,-0.02729798181
3204,0.007900308951,-0.005999931414,6.476523763,-0.02321674976,-0.02912329285
7717,0.007200352962,-0.005999929002,6.320091079,-0.02863760843,-0.0244032373
3151,0.007700334322,-0.005999928024,6.433596599,-0.02530608951,-0.02856324521
3178,0.007800323638,-0.005999927957,6.455521566,-0.02431650746,-0.02894022681
3123,0.007600338683,-0.00599992789,6.411035834,-0.02618424261,-0.02800962806
1324,0.006800362849,-0.005999927111,6.239020094,-0.02969128314,-0.01940120561
4889,0.003799993006,-0.005999926919,6.318762492,-0.02190073337,0.01663776143
3308,0.008300182241,-0.005999924733,6.545848142,-0.01784611523,-0.02766227098
3483,0.00890005216,-0.005999922714,6.588745428,-0.008561542441,-0.01899061956
7720,0.007100374217,-0.005999922065,6.298412714,-0.0290138078,-0.02324452732
842,0.004000000359,-0.005999916185,6.284467677,-0.02294895732,0.01516817571
7722,0.007000383435,-0.005999915808,6.277566809,-0.02930953889,-0.02201562102
3334,0.008400152835,-0.005999915616,6.558414461,-0.01632062467,-0.02671956833
7723,0.006900388832,-0.005999914187,6.257738149,-0.0295327669,-0.02073050097
3450,0.008800068055,-0.005999907435,6.586822711,-0.01005450272,-0.02086491997
3362,0.008500126237,-0.005999903751,6.568798495,-0.01475660539,-0.0255521587
3421,0.008700086062,-0.005999897083,6.582945311,-0.01160027301,-0.02260255729
3391,0.008600105017,-0.005999896102,6.576966232,-0.01317549652,-0.02417333234
870,0.003899998025,-0.005999895114,6.301458509,-0.02243442732,0.01593060879
1173,0.005700437926,-0.005901949305,6.090252825,-0.02804115203,-0.003840623839
1152,0.005600445247,-0.005901891309,6.08968128,-0.02781922762,-0.002474410497
1192,0.005800437814,-0.005901879116,6.092338865,-0.02824985721,-0.005223118711
1130,0.005500430994,-0.005901712839,6.090605486,-0.02758432092,-0.001125464619
1210,0.005900383787,-0.005901519523,6.095892262,-0.0284430732,-0.006619288402
1110,0.005400358972,-0.005901223829,6.092921951,-0.02733465898,0.0002057234736
1229,0.006000324168,-0.005901083303,6.101012343,-0.02862172179,-0.008028787507
1090,0.005300278357,-0.0059007613,6.096726001,-0.02707326071,0.001516026975
1246,0.006100277027,-0.005900693829,6.107757713,-0.02878536123,-0.009450387267
1070,0.005200194707,-0.005900437786,6.102023639,-0.02680056198,0.002803391375
1262,0.006200246126,-0.005900370291,6.116140158,-0.02893195107,-0.01088213478
1051,0.005100125737,-0.005900220057,6.108749194,-0.02651576132,0.00406581726
1277,0.006300235934,-0.005900213579,6.126197218,-0.02905951888,-0.01232178898
1030,0.005000071291,-0.005900095067,6.116843794,-0.02621807183,0.005301299728
1292,0.006400218458,-0.005900062021,6.137849667,-0.02916334259,-0.01376569285
1010,0.00490003853,-0.005900041143,6.126240235,-0.02590651809,0.006507627655
4713,0.003100003583,-0.005900036003,6.419559162,-0.01727240682,0.02059921751
4780,0.003299998895,-0.005900032612,6.383978734,-0.01851042554,0.01992139161
4747,0.00320000105,-0.005900029952,6.401938225,-0.01789813883,0.02029063405
4649,0.002900006498,-0.005900028795,6.453487187,-0.01598545417,0.0210374893
4680,0.003000004537,-0.00590002773,6.436763174,-0.01663436391,0.02084790343
4809,0.003399996172,-0.005900021265,6.365756624,-0.01910797146,0.01949135358
4618,0.002800005855,-0.005900019418,6.469668007,-0.0153269282,0.02116938556
4586,0.00270000617,-0.005900017383,6.485255674,-0.01466027344,0.02124504418
4556,0.002600008557,-0.005900017147,6.500204137,-0.01398687974,0.02126634876
4525,0.002500007297,-0.005900010461,6.514475539,-0.01330809219,0.02123542792
989,0.004800012542,-0.005900008798,6.136857437,-0.02557983545,0.007682815029
4496,0.002400005929,-0.005900006784,6.528041218,-0.01262537052,0.0211544633
4837,0.003499994809,-0.005900005438,6.347357449,-0.01968974507,0.01900053493
4466,0.002300004314,-0.005900004085,6.540878322,-0.01194009768,0.02102581946
967,0.004700006821,-0.005900002731,6.148625601,-0.0252372931,0.008824255189
1304,0.00650022203,-0.005900002528,6.151114559,-0.02923986901,-0.01521051218
4437,0.002200002223,-0.005900001649,6.552971179,-0.01125364736,0.02085186768
4409,0.002100001326,-0.005900000801,6.564310911,-0.01056739648,0.02063487718
4382,0.002000001103,-0.005900000568,6.574894782,-0.009882694727,0.02037690301
4356,0.001900000463,-0.005900000159,6.584725954,-0.009200895709,0.0200796088
4331,0.001800000241,-0.005900000071,6.593812964,-0.008523396089,0.01974407948
4307,0.001700000099,-0.00590000003,6.602169412,-0.007851638053,0.01937061409
4284,0.00160000007,-0.005900000018,6.609813652,-0.007187158049,0.01895849062
4263,0.001500000054,-0.005900000013,6.616768677,-0.00653162929,0.01850572026
4240,0.00140000001,-0.005900000002,6.623061608,-0.005886911974,0.01800880503
4197,0.001200000003,-0.005900000001,6.633797478,-0.004638675794,0.01685960896
4217,0.001300000004,-0.005900000001,6.628724496,-0.0052551174,0.0174624955
4041,0.0,-0.0059,6.668110981,0.0,0.0
4040,0.0001,-0.0059,6.667370114,-6.928586498e-05,0.002480244773
4049,0.0002,-0.0059,6.665145144,-0.0002088520044,0.004706184724
4060,0.0003,-0.0059,6.662372354,-0.0004229671696,0.006691445568
4072,0.0004,-0.0059,6.659798671,-0.0007086684584,0.008453430428
4085,0.0005,-0.0059,6.657266034,-0.001055146531,0.01001135711
4099,0.0006,-0.0059,6.654717511,-0.001455632004,0.01138553138
4112,0.0007000000001,-0.0059,6.652033219,-0.001902645669,0.0125964652
4127,0.0008000000001,-0.0059,6.649132274,-0.002390021806,0.01366422483
4143,0.0009000000001,-0.0059,6.645927081,-0.002911993745,0.01460783409
4160,0.001,-0.0059,6.642345589,-0.003463589684,0.01544482227
4178,0.001100000001,-0.0059,6.638321942,-0.004040409705,0.01619087276
3760,0.01,-0.0059,6.54136027,0.0,0.0
3739,0.009900000255,-0.005899999956,6.542862222,-0.0001029420925,-0.001091141741
944,0.004600004115,-0.005899999827,6.1614634,-0.02487787797,0.009929685773
3715,0.009800000846,-0.005899999759,6.547148524,-0.0003269200349,-0.002434011779
3691,0.00970000151,-0.005899999423,6.55267429,-0.0006984818107,-0.004003954998
3664,0.00960000265,-0.00589999856,6.558210038,-0.001229755359,-0.005770615199
919,0.004500002601,-0.005899997445,6.17528987,-0.02450084973,0.01099653022
3636,0.009500004388,-0.005899996828,6.563636592,-0.001919272301,-0.007700467461
3608,0.009400006785,-0.005899993795,6.568671041,-0.002766293497,-0.009756496404
893,0.004400003554,-0.005899993167,6.190018591,-0.02410557736,0.01202214728
4864,0.003599993377,-0.005899990557,6.328878527,-0.02025483564,0.01844936353
3577,0.009300010142,-0.005899988926,6.573087494,-0.003764630806,-0.011898847
867,0.004300005092,-0.005899986295,6.205559212,-0.02369153518,0.01300393568
3546,0.009200014164,-0.005899983008,6.576595786,-0.00490502764,-0.01408539839
839,0.004200006283,-0.005899971084,6.221815597,-0.02325830014,0.01393935209
3515,0.009100021183,-0.005899970868,6.578913787,-0.006173982022,-0.01627277994
1314,0.00660023371,-0.005899966467,6.16593133,-0.02928369688,-0.0166512231
4890,0.003699993447,-0.005899962587,6.310409858,-0.02080229758,0.01783867354
3484,0.009000030548,-0.005899954598,6.579753585,-0.007554531816,-0.01841747977
1323,0.006700249959,-0.005899950784,6.18225396,-0.02928911805,-0.01808193695
3057,0.007400219833,-0.005899950255,6.33070522,-0.02763441056,-0.02701272769
3231,0.008100154535,-0.005899949901,6.492004773,-0.02123133601,-0.03018020183
3035,0.007300217981,-0.005899949891,6.306806484,-0.02810928535,-0.0259433205
3079,0.007500218822,-0.005899949596,6.354951863,-0.02705814398,-0.02796821859
3205,0.008000175832,-0.005899948912,6.471715339,-0.02248629135,-0.03032722127
840,0.004100007486,-0.005899948696,6.238690525,-0.02280563637,0.01482590323
3257,0.008200132685,-0.005899948307,6.510574888,-0.01987608443,-0.02979188332
3179,0.007900192916,-0.005899947666,6.449990445,-0.02363194008,-0.03024483381
3101,0.007600228289,-0.005899946342,6.379305051,-0.02637383658,-0.02878994505
3152,0.007800206824,-0.005899945948,6.427137885,-0.02466275691,-0.02994867265
3125,0.007700217905,-0.005899945668,6.403472328,-0.02557648715,-0.02945701001
3013,0.007200233399,-0.00589994497,6.28352165,-0.0284905497,-0.02477929527
3283,0.008300111859,-0.005899942882,6.527178343,-0.0184331667,-0.02915507124
1331,0.006800256727,-0.005899941358,6.200020317,-0.02924960687,-0.01949532404
2991,0.007100243129,-0.005899940083,6.261039201,-0.02878682175,-0.02353775109
3451,0.00890004033,-0.005899936319,6.578846636,-0.00902645558,-0.02047719893
2969,0.007000262745,-0.005899935505,6.239528669,-0.02900640334,-0.0222345334
3309,0.00840009412,-0.005899935416,6.541617065,-0.01691867937,-0.02826810227
2948,0.006900259435,-0.005899935083,6.21914906,-0.02915792218,-0.02088294773
4917,0.003799996807,-0.005899930719,6.292047376,-0.02133149259,0.01716948268
868,0.004000005387,-0.005899926682,6.256087072,-0.0223334872,0.01566124635
3335,0.00850007964,-0.005899925955,6.553751147,-0.01535194457,-0.02713562348
3422,0.008800050309,-0.005899922955,6.575956389,-0.01056698206,-0.02241207662
894,0.003900001158,-0.00589992021,6.273906369,-0.0218420318,0.01644310104
3363,0.008600068532,-0.005899918305,6.563509258,-0.0137549227,-0.02576893483
3392,0.008700059297,-0.005899916487,6.570889284,-0.01215157878,-0.02418621214
1191,0.005700381738,-0.005801766494,6.052618765,-0.02712455558,-0.003620989758
1209,0.005800343163,-0.005801651629,6.054371413,-0.02734040293,-0.005013511233
1172,0.005600369426,-0.005801628941,6.052358821,-0.02689758256,-0.002244052107
1151,0.005500396457,-0.00580153877,6.05368156,-0.02666246524,-0.0008856453769
1228,0.005900289796,-0.005801324889,6.057648201,-0.02754509607,-0.00642111555
1129,0.005400345356,-0.005801126471,6.056417772,-0.02641516037,0.0004555242264
1245,0.006000242002,-0.005800978374,6.062543276,-0.02773975017,-0.007843436342
1109,0.005300265267,-0.005800698246,6.060649965,-0.02615846239,0.001776630703
1261,0.006100206953,-0.005800666342,6.069089865,-0.02792368689,-0.00927952063
1089,0.005200193247,-0.00580042788,6.066405101,-0.02589331506,0.003075228232
1276,0.006200182182,-0.005800393506,6.077296345,-0.02809507102,-0.01072789884
1069,0.005100121175,-0.00580020691,6.073593791,-0.02561790355,0.004349972367
1291,0.006300148771,-0.005800184077,6.087173223,-0.02825164883,-0.01218652786
1050,0.00500006962,-0.00580009581,6.082182985,-0.02533198833,0.00559848388
1303,0.006400137294,-0.005800069283,6.098730535,-0.02839060959,-0.01365356006
1029,0.00490003115,-0.005800031245,6.09209376,-0.02503395997,0.006818906439
4714,0.003000003248,-0.005800020783,6.416742041,-0.01619329307,0.02148005659
4781,0.00319999995,-0.005800020039,6.380288628,-0.01740929284,0.020897874
1009,0.004800020548,-0.005800017289,6.103261203,-0.02472292429,0.008008749647
4748,0.003100001356,-0.005800016463,6.398727854,-0.01680762372,0.02121961797
4650,0.002800004308,-0.00580001604,6.451210539,-0.01493154983,0.02182119885
4681,0.002900003425,-0.005800015591,6.434256381,-0.01556747096,0.02168020583
4810,0.003299998391,-0.005800014474,6.361496229,-0.01799702963,0.02051439552
1313,0.006500137924,-0.005800010724,6.111940141,-0.02850768022,-0.01512573173
4619,0.002700003205,-0.00580000985,6.467546825,-0.01428681096,0.02190466567
4557,0.002500004899,-0.005800008567,6.498187431,-0.01297656849,0.02190638042
4838,0.003399997005,-0.005800008529,6.342438383,-0.01856979729,0.02006894846
4587,0.002600002981,-0.005800007683,6.483219167,-0.01363468855,0.0219323664
4526,0.00240000323,-0.005800004738,6.512419405,-0.01231377118,0.02182900994
4497,0.00230000294,-0.005800003379,6.525891413,-0.01164773493,0.02170257218
988,0.00470000595,-0.005800002062,6.115601827,-0.02439733426,0.009166094586
4467,0.002200002122,-0.005800001884,6.53858642,-0.01097981094,0.02152946172
4438,0.002100001143,-0.005800000728,6.55049455,-0.01031137026,0.02131195788
4865,0.003499995567,-0.005800000569,6.323206794,-0.01912658103,0.01956173552
4410,0.002000000682,-0.005800000452,6.561612415,-0.009643787694,0.02105210416
4383,0.001900000536,-0.005800000246,6.571942609,-0.008978444619,0.02075154708
4357,0.001800000208,-0.005800000078,6.581493491,-0.008316759137,0.02041132728
4332,0.001700000048,-0.005800000016,6.590278584,-0.007660220376,0.02003166751
4308,0.001600000047,-0.005800000015,6.598316303,-0.00701041537,0.01961172912
4285,0.001500000033,-0.005800000009,6.605629837,-0.006369077953,0.01914935889
4264,0.001400000009,-0.005800000003,6.612246496,-0.005738130554,0.01864083473
4241,0.001300000006,-0.005800000002,6.618199873,-0.005119772735,0.01808061704
4218,0.001200000002,-0.005800000001,6.623528243,-0.004516495662,0.01746119153
4051,0.0,-0.0058,6.658502397,0.0,0.0
4050,0.0001,-0.0058,6.657782496,-6.654224384e-05,0.002572559214
4061,0.0002,-0.0058,6.655622413,-0.0002008941313,0.004880992739
4073,0.0003,-0.0058,6.652918454,-0.0004075229522,0.006939562953
4086,0.0004,-0.0058,6.650381274,-0.0006838540123,0.008766344722
4100,0.0005,-0.0058,6.647855082,-0.001019724264,0.01038119123
4113,0.0006,-0.0058,6.645280887,-0.001408741558,0.01180505127
4128,0.0007,-0.0058,6.642539332,-0.001843752601,0.01305908398
4144,0.0008,-0.0058,6.639548784,-0.002318794919,0.01416400807
4161,0.0009000000001,-0.0058,6.636221505,-0.002828232942,0.01513949243
4179,0.001,-0.0058,6.63248484,-0.003367157447,0.01600368869
4198,0.001100000001,-0.0058,6.628273014,-0.003931178264,0.01677286875
3740,0.01,-0.0058,6.531611362,0.0,0.0
3716,0.00990000016,-0.005799999953,6.533210641,-0.0001112166571,-0.001240528759
966,0.00460000357,-0.005799999946,6.129043731,-0.02405644635,0.01028811354
3692,0.00980000045,-0.005799999825,6.537778557,-0.000352292763,-0.002739732791
3665,0.009700001024,-0.0057999995,6.543639864,-0.0007507055079,-0.00447100974
3637,0.009600001703,-0.005799998889,6.549451508,-0.001318344629,-0.00640131868
943,0.004500001907,-0.005799998083,6.14350362,-0.02369924131,0.01137230043
3609,0.009500002661,-0.005799997791,6.555077463,-0.00205225486,-0.008493896978
3578,0.009400004629,-0.005799995547,6.560201856,-0.002950242976,-0.01070802056
917,0.004400003,-0.005799995036,6.158894604,-0.02332494854,0.01241590083
3547,0.009300006755,-0.005799992312,6.564571839,-0.004004174608,-0.0129998753
4891,0.003599994796,-0.005799990001,6.303895743,-0.01966653064,0.01899334759
918,0.004300004445,-0.005799989989,6.175125765,-0.0229328931,0.01341619615
3516,0.00920000965,-0.005799987793,6.567866333,-0.00520257915,-0.01532326762
1322,0.006600142404,-0.005799980568,6.126767928,-0.02859792204,-0.01659894482
5049,0.004200006284,-0.005799978821,6.192100253,-0.02252251616,0.01437048814
3485,0.009100015114,-0.005799978348,6.569777117,-0.006529460246,-0.01763090605
4918,0.003699995266,-0.005799971029,6.284602349,-0.02018884979,0.01836469076
3452,0.009000020518,-0.005799967599,6.569994582,-0.007965240052,-0.01987577066
1330,0.006700148683,-0.005799966852,6.143174059,-0.02865570922,-0.01806811712
3014,0.007300126563,-0.005799965593,6.270542662,-0.02790974142,-0.02632521801
3058,0.007500123434,-0.005799964841,6.320813568,-0.02703501434,-0.02855132526
3206,0.00810008044,-0.00579996484,6.467968392,-0.02167693888,-0.0314607012
3080,0.007600113096,-0.005799964491,6.346478308,-0.02643988602,-0.02948438405
3232,0.00820007105,-0.00579996369,6.488549485,-0.02037052889,-0.03117354019
3036,0.007400134647,-0.005799963683,6.295413426,-0.02752219588,-0.02749125103
3153,0.007900103564,-0.005799963301,6.422086602,-0.02394697301,-0.03129649266
3102,0.007700112743,-0.005799963063,6.37213266,-0.025729845,-0.03026824541
3180,0.008000097578,-0.005799962861,6.445706396,-0.02287144766,-0.03149648344
3126,0.0078001091,-0.005799962823,6.397451214,-0.02489982727,-0.03087990055
5023,0.004100006839,-0.00579996274,6.209719435,-0.02209343943,0.01527615458
2992,0.007200126683,-0.005799962382,6.246446742,-0.02820674288,-0.02507318675
3258,0.0083000616,-0.005799959868,6.507155808,-0.01896354258,-0.03062398163
1336,0.006800142774,-0.005799959325,6.161102195,-0.02867461983,-0.01952668689
2970,0.007100134038,-0.005799956958,6.223294219,-0.0284225615,-0.02375285667
3284,0.008400052898,-0.005799954398,6.523542025,-0.01747113482,-0.02980674632
3423,0.008900028351,-0.00579995416,6.568236221,-0.009486979719,-0.02201261011
2928,0.006900163493,-0.005799953935,6.180494855,-0.02864745141,-0.02096740186
2949,0.007000153076,-0.005799952944,6.201256898,-0.02856634631,-0.02237987247
4945,0.003799997888,-0.005799951471,6.265429565,-0.02069299279,0.01767694128
3310,0.008500046631,-0.005799948144,6.537522207,-0.01591217173,-0.02872320097
4997,0.004000004757,-0.005799948071,6.227882751,-0.0216454767,0.01613067205
3393,0.008800034874,-0.00579994357,6.564261301,-0.01106942425,-0.02399957073
4971,0.003900001517,-0.005799943244,6.246487674,-0.02117862519,0.01693164703
3336,0.008600042598,-0.005799942622,6.548982121,-0.01430879207,-0.02738202808
3364,0.008700038406,-0.005799940288,6.557882838,-0.01268575727,-0.02579960698
1190,0.005600343126,-0.005701532127,6.016063679,-0.02589035523,-0.002013285636
1208,0.005700299096,-0.005701497221,6.015925536,-0.02611753663,-0.003396075286
1227,0.005800250847,-0.005701386159,6.017363071,-0.0263385648,-0.004795543959
1171,0.005500343035,-0.005701343145,6.017702928,-0.02565506221,-0.0006470189391
1244,0.00590020203,-0.005701133869,6.020371531,-0.0265526011,-0.006210904847
1150,0.005400300011,-0.005700993971,6.020834113,-0.02541192089,0.0007015698857
1260,0.006000161292,-0.005700854292,6.025014773,-0.02676032951,-0.007641865018
1128,0.005300238616,-0.005700631251,6.025480495,-0.02516195262,0.002030596344
1275,0.006100134321,-0.005700599514,6.031326371,-0.02696140712,-0.009087932298
1108,0.005200176633,-0.005700381793,6.031652087,-0.02490555359,0.003338178074
1290,0.006200101999,-0.005700345646,6.039305203,-0.02715404685,-0.01054791646
1088,0.005100119032,-0.005700201206,6.039284338,-0.02464132348,0.004622737328
1302,0.006300077738,-0.005700148834,6.048981633,-0.02733673516,-0.01202096602
1068,0.005000060181,-0.005700079762,6.048323572,-0.02436810713,0.005882495426
1312,0.006400063815,-0.005700051259,6.06037333,-0.02750710671,-0.01350557853
1048,0.004900034836,-0.005700035475,6.058716534,-0.02408502859,0.007114879032
1049,0.004800019415,-0.005700015796,6.070385008,-0.02379037162,0.008318031978
4749,0.003000001098,-0.005700008266,6.396667046,-0.01570043542,0.02208788528
1321,0.006500058692,-0.005700008248,6.07345783,-0.02766115559,-0.01499938409
4715,0.002900001517,-0.005700007276,6.414945754,-0.01509969587,0.02229905743
4682,0.002800001843,-0.005700007224,6.432646235,-0.01448829086,0.02244979469
4651,0.002700001841,-0.005700005572,6.44970894,-0.0138675118,0.0225416326
4782,0.003100000277,-0.005700005479,6.377874086,-0.01628923438,0.02181512525
4811,0.003199999581,-0.005700005083,6.358644319,-0.01686494871,0.02147991214
4839,0.003299998635,-0.005700004544,6.339057592,-0.01742645341,0.02108179719
5181,0.004700006624,-0.005700002764,6.083255476,-0.02348282324,0.00948960743
4620,0.002600001125,-0.005700002702,6.466083796,-0.01323868755,0.02257637837
4588,0.002500001033,-0.00570000175,6.481728877,-0.01260318956,0.02255607238
4558,0.002400001037,-0.005700001675,6.496610135,-0.01196236879,0.02248297302
4866,0.003399997684,-0.005700001506,6.319202603,-0.01797273051,0.02062072574
4527,0.002300001095,-0.005700001409,6.510701482,-0.01131758375,0.0223594532
4498,0.00220000091,-0.005700000944,6.523984693,-0.01067019655,0.0221878953
4468,0.0021000006,-0.005700000467,6.536448761,-0.0100215765,0.02197057893
4439,0.002000000271,-0.005700000139,6.548089485,-0.009373103833,0.02170953642
4411,0.001900000133,-0.005700000053,6.558908955,-0.008726185264,0.02140637935
4384,0.001800000093,-0.005700000036,6.568915118,-0.008082271978,0.02106209631
5164,0.004600003147,-0.00570000003,6.097254203,-0.02316138009,0.01062686822
4358,0.001700000032,-0.005700000009,6.578121346,-0.007442891012,0.02067682306
4333,0.001600000012,-0.005700000003,6.586546051,-0.006809683094,0.02024959368
4309,0.001500000006,-0.005700000002,6.594212201,-0.006184442592,0.01977808235
4242,0.001200000002,-0.005700000001,6.612967326,-0.004377867999,0.01804882456
4265,0.001300000002,-0.005700000001,6.607387251,-0.004966112976,0.01868453965
4286,0.001400000004,-0.005700000001,6.601147468,-0.005569162901,0.0192583353
4063,0.0,-0.0057,6.648538594,0.0,0.0
4062,0.0001,-0.0057,6.647842486,-6.348666076e-05,0.002661010886
4074,0.0002,-0.0057,6.645755958,-0.0001920151988,0.005048933784
4087,0.0003,-0.0057,6.643131019,-0.0003902556746,0.007178563486
4101,0.0004,-0.0057,6.640638449,-0.0006560540531,0.009068521862
4114,0.0005,-0.0057,6.638125375,-0.0009799588598,0.01073917134
4129,0.0006,-0.0057,6.635530875,-0.001355996641,0.0122119832
4145,0.0007,-0.0057,6.632736533,-0.001777380707,0.01350865487
4162,0.0008,-0.0057,6.629660198,-0.002238381801,0.01465046327
4180,0.0009,-0.0057,6.626214234,-0.002733521368,0.0156576443
4199,0.001,-0.0057,6.622325829,-0.003257968235,0.01654891131
4219,0.0011,-0.0057,6.617929115,-0.003807361596,0.01734108215
3717,0.01,-0.0057,6.521589198,0.0,0.0
3693,0.009900000097,-0.005699999964,6.523287679,-0.0001198568311,-0.001401511579
3666,0.009800000224,-0.005699999905,6.528143093,-0.000378695438,-0.003067899731
3638,0.009700000445,-0.005699999748,6.534343059,-0.0008048369361,-0.004970458319
3610,0.009600000791,-0.005699999444,6.540423818,-0.001409783255,-0.007073188583
3579,0.009500001377,-0.005699998826,6.546230713,-0.002188866777,-0.009335762944
5146,0.004500001405,-0.00569999865,6.11229933,-0.02282492921,0.01172716901
3548,0.009400002312,-0.005699997652,6.551412417,-0.003138225094,-0.01171341204
5125,0.004400001747,-0.005699996934,6.128303996,-0.02247256086,0.01278767038
4892,0.003499996953,-0.005699995962,6.299176465,-0.01850287723,0.02009702572
3517,0.009300003744,-0.005699995579,6.555687235,-0.004247511634,-0.01415797799
5102,0.004300002963,-0.005699993347,6.145176482,-0.02210346759,0.01380552158
3486,0.009200005771,-0.005699991931,6.558702152,-0.005502809373,-0.0166189271
1329,0.006600061475,-0.005699989287,6.088209866,-0.0277942026,-0.01649921427
4919,0.003599996774,-0.005699988591,6.27907336,-0.01901611684,0.01951137149
3453,0.00910000842,-0.005699986709,6.560123379,-0.00688541371,-0.01904484841
5077,0.00420000423,-0.00569998626,6.162819868,-0.02171697695,0.01477788462
2993,0.007300052476,-0.005699980929,6.233932351,-0.02757756279,-0.02662073487
3015,0.007400053356,-0.005699980041,6.25961162,-0.0272785875,-0.02788024469
3424,0.009000011853,-0.005699978667,6.5596205,-0.00837290042,-0.02138512381
1335,0.006700065577,-0.005699978657,6.104598604,-0.02790084389,-0.01800079889
2971,0.007200053432,-0.005699978009,6.209171665,-0.02778995259,-0.02528499456
3037,0.007500053102,-0.005699977973,6.285997148,-0.02688282404,-0.02904350299
4946,0.003699997508,-0.005699977672,6.25899644,-0.01951180408,0.01886480054
3059,0.007600052832,-0.005699976935,6.312826372,-0.02638055727,-0.03008830874
3181,0.008100039026,-0.005699976632,6.442625337,-0.02203670629,-0.03268066706
3154,0.008000043587,-0.005699976475,6.418432133,-0.02316066626,-0.03259496614
3081,0.007700052547,-0.005699976149,6.339817039,-0.0257631536,-0.03099077091
3207,0.008200034863,-0.00569997607,6.465206677,-0.02079011112,-0.03250666273
3127,0.007900048479,-0.005699975884,6.392990234,-0.02415674548,-0.03226920272
3103,0.007800051189,-0.00569997568,6.366660129,-0.02502354423,-0.0317261679
5050,0.0041000046,-0.005699975007,6.18113333,-0.02131256941,0.01570198623
3233,0.008300031345,-0.005699973463,6.485837608,-0.01943036058,-0.03205777957
2950,0.007100058785,-0.005699972758,6.185514262,-0.02792600899,-0.02389078434
2891,0.006800067828,-0.005699972561,6.122585718,-0.02797488093,-0.01949865153
3394,0.008900015543,-0.005699970383,6.556901324,-0.009939575988,-0.02359169009
2909,0.0069000706,-0.00569996972,6.142118497,-0.02800922004,-0.02098582634
3285,0.008500022963,-0.005699968374,6.520126818,-0.01643102127,-0.03030469613
2929,0.007000067091,-0.005699968268,6.163123956,-0.02799587254,-0.02245345392
3259,0.008400029814,-0.005699967851,6.504223099,-0.01797127714,-0.031324627
4972,0.003799999067,-0.00569996671,6.239054668,-0.01998949123,0.01815871021
5024,0.004000003568,-0.005699965253,6.200014327,-0.02088993334,0.01657513921
3311,0.008600020115,-0.005699965152,6.533385516,-0.0148314538,-0.02900346687
3365,0.008800020158,-0.005699962849,6.55172481,-0.01155753615,-0.02562080071
4998,0.003900001255,-0.00569996099,6.219357288,-0.02044890482,0.01739482024
3337,0.00870002286,-0.005699959108,6.54391715,-0.01319775669,-0.02743478745
1207,0.005600245825,-0.005601216215,5.98087664,-0.02480437711,-0.001781490831
1226,0.005700211501,-0.005601182645,5.980416718,-0.02503167824,-0.003168416004
1189,0.005500279948,-0.005601137609,5.982888017,-0.02457293945,-0.0004114941171
1243,0.005800168383,-0.005601094064,5.98155248,-0.02525595892,-0.004571819911
1259,0.005900131864,-0.005600923034,5.984293175,-0.02547709428,-0.005991508832
1170,0.005400256454,-0.005600860692,5.98639232,-0.02433567613,0.0009417822174
1274,0.006000100528,-0.005600727248,5.988679944,-0.02569547979,-0.007427314573
1149,0.005300213886,-0.005600565823,5.991423999,-0.02409385272,0.002276377986
1289,0.00610007698,-0.005600528779,5.994735995,-0.02591078009,-0.00887911177
1127,0.005200160509,-0.005600352757,5.997983282,-0.02384749611,0.003590743861
1301,0.006200053653,-0.005600308886,6.002466266,-0.02612160867,-0.0103464494
1107,0.005100105779,-0.005600173969,6.006009066,-0.02359500459,0.004883342867
1311,0.006300041087,-0.005600154193,6.011914664,-0.02632721502,-0.01182913607
1086,0.00500006679,-0.005600086706,6.015469988,-0.02333583508,0.006152009038
1320,0.006400029343,-0.005600053277,6.023081867,-0.02652505403,-0.0133260908
1087,0.004900023974,-0.005600020935,6.026290858,-0.02306791655,0.007395109814
5211,0.00480002035,-0.005600014942,6.038418585,-0.02279052419,0.008609707759
1328,0.006500027371,-0.00560001356,6.035973186,-0.02671204637,-0.01483601042
4750,0.002900000819,-0.00560000467,6.395660233,-0.01458457423,0.02289218843
4783,0.003000000383,-0.005600003754,6.37664931,-0.01515851885,0.02266949711
5196,0.004700008161,-0.005600003491,6.05177064,-0.02250160278,0.009794049819
4812,0.003099999977,-0.005600003307,6.357113897,-0.01572013399,0.02238400116
4716,0.002800000806,-0.00560000281,6.414076848,-0.01399946413,0.02305322278
4840,0.003199999658,-0.005600002442,6.337132091,-0.01626831542,0.02203496029
4683,0.002700000865,-0.005600002043,6.431837005,-0.01340444659,0.02315404909
4652,0.002600000833,-0.005600001566,6.448888408,-0.01280079062,0.02319645425
4867,0.003299999325,-0.005600001506,6.316789714,-0.01680203477,0.02162199573
4621,0.002500000588,-0.005600001019,6.465186245,-0.01218980667,0.02318248319
4559,0.002300000582,-0.005600000943,6.495384906,-0.01095118112,0.02299448857
4589,0.002400000437,-0.005600000768,6.480694365,-0.01157282331,0.02311437487
5178,0.004600003835,-0.005600000639,6.066276432,-0.02220017928,0.01094519014
4528,0.00220000043,-0.005600000585,6.509238016,-0.01032622231,0.02282520645
4499,0.002100000398,-0.005600000421,6.522241514,-0.009699315526,0.02260879423
4893,0.003399998305,-0.005600000375,6.296180872,-0.01732036394,0.02114516526
4469,0.002000000268,-0.005600000209,6.534390247,-0.009071843905,0.02234726361
4440,0.001900000132,-0.005600000062,6.545685638,-0.008445231084,0.02204218495
4412,0.001800000068,-0.00560000003,6.556135186,-0.007820959286,0.02169448031
4385,0.001700000049,-0.005600000016,6.565751944,-0.007200596625,0.02130418801
4359,0.001600000015,-0.005600000005,6.574554217,-0.006585836292,0.02087020514
4310,0.001400000002,-0.005600000001,6.589811997,-0.005380755829,0.01985944545
4334,0.001500000003,-0.005600000001,6.582564736,-0.005978530243,0.02039002161
4076,0.0,-0.0056,6.638253919,0.0,0.0
4075,0.0001,-0.0056,6.637584324,-6.013946212e-05,0.002745193615
4088,0.0002,-0.0056,6.63557966,-0.0001822723578,0.005209263633
4102,0.0003,-0.0056,6.633043604,-0.0003712721717,0.007407426856
4115,0.0004,-0.0056,6.630603725,-0.0006254338928,0.009358720551
4130,0.0005,-0.0056,6.628110688,-0.0009360774124,0.01108388343
4146,0.0006,-0.0056,6.625501753,-0.001297686702,0.01260478166
4163,0.0007,-0.0056,6.622659844,-0.001703880423,0.01394353507
4181,0.0008,-0.0056,6.619502517,-0.002149192077,0.01512187788
4200,0.0009,-0.0056,6.615942515,-0.002628325075,0.01616052851
4220,0.001,-0.0056,6.611907126,-0.003136543504,0.01707869557
4243,0.0011,-0.0056,6.607330163,-0.003669526871,0.01789368785
4266,0.001200000001,-0.0056,6.602154941,-0.004223425695,0.01862064574
4287,0.001300000001,-0.0056,6.596329976,-0.004794838379,0.01927239376
3694,0.01,-0.0056,6.511321603,0.0,0.0
3667,0.009900000041,-0.005599999977,6.513120724,-0.0001288480297,-0.001574562069
3639,0.009800000119,-0.005599999935,6.518268262,-0.0004060732706,-0.003419292332
3611,0.009700000288,-0.005599999822,6.524807965,-0.0008607359882,-0.005503198382
3580,0.009600000499,-0.005599999616,6.531148325,-0.001503788566,-0.007787044499
5161,0.004500001077,-0.005599999241,6.081855561,-0.02188504425,0.01206038091
3549,0.009500000846,-0.005599999192,6.537114222,-0.002328611178,-0.0102265845
3518,0.009400001347,-0.005599998476,6.542316287,-0.003329428258,-0.01277261698
5144,0.00440000116,-0.005599998165,6.098421511,-0.0215551844,0.0131366665
3487,0.009300002113,-0.005599997149,6.546442617,-0.004493432057,-0.01537230544
4920,0.003499998492,-0.005599996982,6.275400998,-0.01782248986,0.02060491667
5124,0.004300001745,-0.005599996009,6.115882685,-0.02120967669,0.0141710852
1334,0.006600031841,-0.005599995974,6.050568384,-0.02688379136,-0.01635654509
3454,0.009200003111,-0.005599994993,6.549107615,-0.005804005949,-0.01797047596
4947,0.003599998107,-0.005599992196,6.254550124,-0.01830773894,0.02000204173
3425,0.009100004228,-0.005599991958,6.549952546,-0.00723950916,-0.02051144524
5103,0.0042000026,-0.005599990885,6.134141449,-0.02084773455,0.01516065505
2994,0.007400023052,-0.00559998809,6.223612355,-0.02690681495,-0.0281792246
2972,0.007300025751,-0.005599987674,6.197287997,-0.02711721211,-0.02683032099
3395,0.0090000064,-0.005599986547,6.548628911,-0.008774510526,-0.02294097227
2951,0.007200025467,-0.005599986138,6.172046389,-0.02724614417,-0.02541596844
4973,0.003699998454,-0.005599985932,6.233738145,-0.01877560655,0.01933774244
2859,0.006700037077,-0.005599985685,6.066847136,-0.02703521088,-0.01788435408
5078,0.004100002693,-0.005599985552,6.15309694,-0.02046875136,0.01610243994
3128,0.008000022822,-0.00559998468,6.390071828,-0.02334937821,-0.03361350204
3060,0.007700028067,-0.005599984472,6.306810284,-0.02567565248,-0.0316194047
3182,0.008200017978,-0.005599984442,6.440660865,-0.02112902566,-0.03378040932
3104,0.007900024106,-0.00559998423,6.36290451,-0.02425779745,-0.03315495106
3038,0.007600028612,-0.005599984167,6.278643815,-0.02619662672,-0.03059776229
3155,0.008100020686,-0.005599984086,6.416120685,-0.02230544907,-0.03382992546
3016,0.007500031721,-0.005599984064,6.250815514,-0.02660359889,-0.02944271863
3208,0.008300014656,-0.005599983356,6.463308989,-0.01982751274,-0.03344531271
2930,0.007100027778,-0.005599982665,6.148059482,-0.02730473492,-0.0239537448
3082,0.007800027795,-0.005599982452,6.335015043,-0.02503172529,-0.03248097843
3366,0.008900007383,-0.005599982401,6.544839387,-0.01038048207,-0.02520835903
2875,0.006800034106,-0.005599981825,6.084783516,-0.02716042273,-0.01941482763
2892,0.006900033633,-0.005599980231,6.104339181,-0.02725252091,-0.02094213263
3260,0.008500011758,-0.005599979677,6.501602777,-0.01690243096,-0.03186950527
3286,0.008600009315,-0.005599978967,6.51673984,-0.01531716675,-0.03062338598
2910,0.007000037247,-0.005599978956,6.125457765,-0.02730358246,-0.0224584922
4999,0.003799999409,-0.005599977996,6.213074654,-0.01922572244,0.01861360257
3234,0.008400016167,-0.005599977937,6.483719662,-0.01841298107,-0.03281066025
5051,0.004000002043,-0.005599977039,6.172642549,-0.02007222875,0.01699362269
3338,0.008800010131,-0.005599976412,6.538344826,-0.01202685579,-0.02726833161
5025,0.003900000663,-0.005599975342,6.192672332,-0.01965794102,0.01783149498
3312,0.008700011387,-0.005599973664,6.528997351,-0.013682499,-0.02908302391
1225,0.00560017503,-0.005500970185,5.947095883,-0.02365384757,-0.001552288666
1242,0.005700139604,-0.005500918602,5.946326916,-0.02387937743,-0.002940420241
1206,0.005500204925,-0.005500901552,5.949420369,-0.02342653112,-0.0001803571636
1258,0.005800099011,-0.005500845721,5.947170012,-0.02410496665,-0.004344728248
1273,0.005900070505,-0.005500725771,5.949635764,-0.02433074823,-0.00576535953
1188,0.005400208131,-0.005500720068,5.953275965,-0.02319666139,0.001175093642
1288,0.006000055686,-0.005500602776,5.953758263,-0.02455728936,-0.007202549924
1169,0.005300178986,-0.005500500769,5.958662042,-0.02296408682,0.002513140313
1300,0.00610003401,-0.00550043376,5.95953757,-0.024783744,-0.008656128195
1148,0.005200140937,-0.005500309362,5.965567086,-0.02272842197,0.003832215631
1310,0.006200020199,-0.00550026595,5.967005221,-0.02500987113,-0.01012662928
1126,0.005100099203,-0.005500163598,5.973955736,-0.02248865166,0.005130763959
1319,0.006300015206,-0.005500144294,5.976190722,-0.02523488536,-0.01161425118
1105,0.005000063501,-0.005500086506,5.983788779,-0.02224371924,0.006406851952
1327,0.006400008026,-0.00550004292,5.987093094,-0.02545645701,-0.01311856272
1106,0.004900029107,-0.005500024571,5.994997621,-0.02199165772,0.007658624215
5223,0.004800015891,-0.005500011554,6.007532329,-0.02173155402,0.008883436708
1333,0.006500007034,-0.005500010351,5.999738229,-0.02567240143,-0.01463913637
5210,0.004700004801,-0.005500001759,6.021315941,-0.02146151402,0.01007909102
5195,0.004600004293,-0.005500000954,6.036277111,-0.02118037448,0.01124270375
4717,0.002700000368,-0.005500000766,6.414027733,-0.01289994289,0.02374015131
4751,0.002800000242,-0.005500000739,6.39560241,-0.01346756069,0.02362978244
4868,0.003199999724,-0.005500000715,6.315872216,-0.01562267669,0.02256164545
4784,0.002900000103,-0.005500000712,6.376504569,-0.01402477765,0.02345798378
4813,0.003000000024,-0.005500000709,6.356800224,-0.01457043019,0.02322333769
4841,0.003099999912,-0.005500000679,6.336562627,-0.01510340339,0.02292478302
4684,0.002600000363,-0.005500000569,6.43172473,-0.01232312903,0.02379083388
4653,0.002500000301,-0.005500000441,6.448646631,-0.01173837876,0.02378384278
4894,0.003299999587,-0.005500000207,6.294819037,-0.01612730106,0.02213366039
4622,0.002400000122,-0.005500000173,6.464755018,-0.01114697641,0.02372140359
4529,0.002100000132,-0.005500000157,6.50794347,-0.009346064912,0.02322476729
4590,0.002300000079,-0.005500000131,6.480020301,-0.01055023438,0.02360585515
4560,0.002200000076,-0.005500000124,6.494420975,-0.009949479454,0.02343956022
4500,0.002000000124,-0.005500000093,6.520581619,-0.008741376925,0.02296345298
4470,0.001900000082,-0.005500000041,6.53233608,-0.008136853072,0.02265713489
4441,0.001800000027,-0.00550000001,6.543213777,-0.007534002075,0.02230665731
4413,0.00170000001,-0.005500000003,6.553227376,-0.006934432882,0.02191194807
4386,0.001600000006,-0.005500000002,6.562394761,-0.006339889399,0.02147175734
4090,0.0,-0.0055,6.627685163,0.0,0.0
4089,0.0001,-0.0055,6.627044671,-5.652366489e-05,0.002824729647
4103,0.0002,-0.0055,6.625129756,-0.0001717304873,0.00536128586
4116,0.0003,-0.0055,6.622692053,-0.0003506941921,0.007625192415
4131,0.0004,-0.0055,6.620312883,-0.0005921826226,0.009635765254
4147,0.0005,-0.0055,6.617847025,-0.0008883406343,0.01141398126
4164,0.0006,-0.0055,6.61523003,-0.00123414518,0.01298196833
4182,0.0007,-0.0055,6.612346536,-0.001623656687,0.01436214712
4201,0.0008,-0.0055,6.609114016,-0.002051700104,0.01557660235
4221,0.0009,-0.0055,6.605445841,-0.002513185061,0.01664644493
4244,0.001,-0.0055,6.601269538,-0.003003490856,0.01759130593
4267,0.0011,-0.0055,6.596519121,-0.003518349431,0.01842892734
4288,0.0012,-0.0055,6.59113821,-0.004053914742,0.01917488166
4311,0.001300000001,-0.0055,6.585076611,-0.004606743147,0.01984240778
4335,0.001400000001,-0.0055,6.578288764,-0.00517376849,0.02044238768
4360,0.001500000002,-0.0055,6.570738644,-0.005752284204,0.02098337964
3668,0.01,-0.0055,6.500842393,0.0,0.0
3640,0.00990000002,-0.005499999988,6.502743116,-0.0001381722628,-0.001760127214
3612,0.009800000044,-0.005499999975,6.508186051,-0.0004343614464,-0.003794629338
3581,0.009700000116,-0.005499999928,6.515064501,-0.0009182460288,-0.00607002931
3550,0.009600000215,-0.00549999984,6.521652183,-0.001600049322,-0.008543542455
3519,0.009500000408,-0.005499999606,6.527751671,-0.002470944112,-0.01116662581
1337,0.006600010286,-0.005499999599,6.01411067,-0.02587865753,-0.01617449868
5177,0.004500001161,-0.005499999549,6.052337062,-0.02088678791,0.01237153111
4921,0.003399999556,-0.005499999459,6.273499368,-0.01661647177,0.02164100566
3488,0.009400000716,-0.005499999074,6.532933125,-0.003522988646,-0.013885253
5162,0.004400000787,-0.005499998925,6.069410149,-0.02057968647,0.01346245906
4948,0.003499999335,-0.005499998325,6.252012526,-0.01708948129,0.02108423352
3455,0.009300001095,-0.005499998296,6.536853337,-0.004740648972,-0.0166415559
5145,0.004300000976,-0.005499997511,6.087404952,-0.02025805192,0.01451240495
3426,0.009200001549,-0.005499997112,6.539093972,-0.006104361006,-0.01937546403
4974,0.00359999915,-0.005499996175,6.230465402,-0.01754575542,0.02046427879
5126,0.004200001228,-0.00549999551,6.106224236,-0.0199210182,0.01551824662
3396,0.009100002042,-0.005499995503,6.539272997,-0.007589337682,-0.02202690021
2952,0.007300008253,-0.005499994256,6.160947239,-0.02653547676,-0.0269548855
5000,0.003699999185,-0.005499993367,6.20896966,-0.01798490713,0.01978252175
3367,0.009000002653,-0.005499993336,6.537027341,-0.009167013712,-0.02453807939
2931,0.007200008626,-0.005499993262,6.13540063,-0.02658349967,-0.02546799213
5104,0.004100001333,-0.005499992777,6.125765447,-0.01956785354,0.01647690271
3129,0.008100006654,-0.005499992628,6.388630578,-0.02247933263,-0.03489895415
3039,0.00770000861,-0.005499992623,6.273389139,-0.02546863907,-0.03214977777
2995,0.007500010751,-0.005499992503,6.215559094,-0.02620136263,-0.02974740609
3105,0.008000007852,-0.005499992425,6.360830281,-0.02343479939,-0.03454364205
3156,0.008200006071,-0.005499992365,6.415055833,-0.02138260213,-0.03498441998
2973,0.007400011095,-0.005499992272,6.187727815,-0.02641213938,-0.02838806051
2844,0.006700016476,-0.005499991702,6.030198366,-0.026070505,-0.01772232134
3083,0.007900010704,-0.005499990822,6.332066016,-0.02424853778,-0.0339467583
2911,0.007100010942,-0.005499990518,6.111232669,-0.02656785172,-0.02394429978
3061,0.007800011451,-0.005499990451,6.302782798,-0.02492421778,-0.03313865673
3017,0.007600013126,-0.005499990366,6.244209104,-0.02589077983,-0.03100998144
3339,0.008900003323,-0.005499990304,6.532060673,-0.01080593662,-0.02685590368
3235,0.008500004301,-0.00549998998,6.48201205,-0.01732086887,-0.03340669807
3183,0.008300006715,-0.005499989698,6.439684551,-0.02014969232,-0.03477567572
5026,0.003799999572,-0.005499989365,6.187637208,-0.01840667333,0.01904069978
5079,0.004000001008,-0.00549998893,6.145921502,-0.01919797542,0.01738539165
2860,0.006800015357,-0.005499988786,6.047987891,-0.0262424782,-0.01927900538
3209,0.008400005563,-0.005499988725,6.462118344,-0.01879069059,-0.03425371404
2893,0.007000013796,-0.005499988368,6.088555787,-0.0264993906,-0.02239779876
3261,0.008600004083,-0.005499987857,6.499087043,-0.01576063514,-0.03223153258
3313,0.00880000402,-0.00549998758,6.524143766,-0.01247296451,-0.02893401526
2876,0.006900016934,-0.005499986868,6.067454124,-0.02638799292,-0.02083977523
5052,0.003900000395,-0.005499986384,6.16658267,-0.01881098864,0.01824087147
3287,0.008700005065,-0.005499984112,6.513156028,-0.01413501978,-0.03073498613
1241,0.00560011117,-0.0054007088,5.914857492,-0.02244850594,-0.0013266381
1257,0.005700082562,-0.005400688206,5.913817882,-0.02267155869,-0.002713711999
1224,0.005500140548,-0.005400671464,5.91747483,-0.02222664629,4.486631662e-05
1272,0.005800054487,-0.005400638275,5.914387249,-0.02289699277,-0.004116378242
1287,0.005900037808,-0.005400574239,5.916588937,-0.02312564851,-0.005535076957
1205,0.005400153905,-0.005400570082,5.921644004,-0.02200485972,0.001400666456
1299,0.006000024581,-0.005400473327,5.920432144,-0.02335753098,-0.006970098007
1187,0.005300145018,-0.005400418414,5.92734494,-0.02178214322,0.002740128946
1309,0.006100013384,-0.005400359522,5.925940137,-0.02359291797,-0.008422100401
1168,0.005200119308,-0.00540026895,5.934563957,-0.02155785617,0.004062051944
1318,0.00620000599,-0.005400229267,5.933127767,-0.02383128797,-0.009891794837
1326,0.006300004004,-0.005400153175,5.942032715,-0.02407256825,-0.01138002756
1147,0.005100087609,-0.005400149571,5.943272157,-0.02133101533,0.005364852815
1124,0.0050000612,-0.00540008452,5.953433255,-0.02110051572,0.006646621718
2788,0.006399998247,-0.005400044225,5.952636859,-0.02431410181,-0.01288691025
1125,0.004900029095,-0.00540002578,5.964984374,-0.02086434559,0.007905570886
2802,0.006499999535,-0.005400011981,5.964990854,-0.02455491969,-0.0144129768
5231,0.00480001542,-0.005400010297,5.977878022,-0.02062157897,0.009138982192
5220,0.00470000511,-0.005400002032,5.992042493,-0.0203703626,0.01034453888
2816,0.006600001299,-0.005400001127,5.979082668,-0.02479130085,-0.01595752955
5208,0.004600002184,-0.005400000489,6.007406927,-0.02010938051,0.01151936616
4718,0.002600000222,-0.005400000448,6.414685097,-0.01180806552,0.02435789204
4814,0.002900000038,-0.005400000284,6.357586839,-0.01342326039,0.02399496683
4685,0.002500000127,-0.005400000269,6.432198628,-0.01125110439,0.02435849565
4785,0.002800000067,-0.005400000268,6.377324902,-0.01289531109,0.02417796527
4869,0.003099999944,-0.005400000253,6.316334254,-0.01444235662,0.02343614105
4895,0.003199999869,-0.005400000202,6.29497977,-0.01493155488,0.02305873897
4654,0.002400000115,-0.005400000182,6.44887664,-0.01068688089,0.02430237473
4752,0.002700000086,-0.005400000178,6.396377228,-0.01235653095,0.02429837676
4842,0.003000000002,-0.005400000145,6.337231488,-0.01393928305,0.02374802149
4623,0.002300000055,-0.005400000077,6.464688228,-0.01011666085,0.02419184458
4530,0.002000000072,-0.005400000076,6.506732608,-0.008383244607,0.02355637591
4922,0.003299999756,-0.005400000064,6.273264635,-0.01540604201,0.02261568023
4591,0.002200000029,-0.005400000053,6.479610065,-0.009541748381,0.02402924015
4561,0.002100000028,-0.005400000052,6.493627303,-0.008963481757,0.0238167736
4501,0.001900000035,-0.005400000031,6.518925793,-0.007802483545,0.0232495
4471,0.001800000031,-0.005400000017,6.530213109,-0.007222732203,0.02289689862
4442,0.001700000008,-0.005400000004,6.54060674,-0.006645637635,0.02249837673
4387,0.001500000002,-0.005400000001,6.55878763,-0.005506774589,0.02155642779
4414,0.001600000004,-0.005400000001,6.550123933,-0.00607299074,0.02205252388
4105,0.0,-0.0054,6.616871188,0.0,0.0
4104,0.0001,-0.0054,6.616262241,-5.266474513e-05,0.002899273067
4117,0.0002,-0.0054,6.614444478,-0.0001604616376,0.005504357907
4132,0.0003,-0.0054,6.612114135,-0.0003286574326,0.007830967168
4148,0.0004,-0.0054,6.609803583,-0.0005565117283,0.009898555482
4165,0.0005,-0.0054,6.60737224,-0.0008370411059,0.01172819641
4183,0.0006,-0.0054,6.604754056,-0.001165747433,0.01334214256
4202,0.0007,-0.0054,6.601835729,-0.001537166635,0.01476298934
4222,0.0008,-0.0054,6.598534836,-0.001946442598,0.01601306037
4245,0.0009,-0.0054,6.594765609,-0.002388715223,0.01711376426
4268,0.001,-0.0054,6.590455981,-0.00285949893,0.01808507706
4289,0.0011,-0.0054,6.585540483,-0.003354591633,0.01894511535
4312,0.0012,-0.0054,6.579962795,-0.003870162842,0.0197098394
4336,0.0013,-0.0054,6.573673434,-0.004402733049,0.02039286962
4361,0.001400000001,-0.0054,6.566627253,-0.004949196334,0.02100543261
3641,0.01,-0.0054,6.490191813,0.0,0.0
3613,0.009900000009,-0.005399999993,6.492194588,-0.0001478086524,-0.001958626182
3582,0.009800000029,-0.00539999998,6.497934725,-0.0004634855765,-0.004194557091
3551,0.00970000005,-0.005399999957,6.505148703,-0.0009771887422,-0.006671613855
3520,0.009600000105,-0.005399999898,6.511968561,-0.001698217647,-0.009343127434
5194,0.004500000949,-0.005399999821,6.02389386,-0.01983728202,0.01266054219
3489,0.009500000205,-0.005399999757,6.518172774,-0.002615269558,-0.01215585792
4949,0.003399999707,-0.005399999633,6.251284989,-0.01586509207,0.02210723565
3456,0.009400000389,-0.005399999443,6.523288856,-0.003717973565,-0.01505054779
5179,0.004400001102,-0.005399999116,6.041418858,-0.01955288633,0.01376492651
4975,0.003499999657,-0.005399999079,6.229142901,-0.01630811876,0.02153406605
3427,0.009300000547,-0.005399999017,6.526941521,-0.004987799439,-0.01796395442
5163,0.004300000563,-0.005399998522,6.059891535,-0.01925511812,0.01482931307
3397,0.009200000732,-0.005399998391,6.528680279,-0.006401995555,-0.02083088649
5001,0.003599999512,-0.005399997956,6.206952295,-0.01673467896,0.02089729599
3368,0.009100000891,-0.005399997607,6.528102224,-0.007932437717,-0.02358681894
5147,0.004200000704,-0.00539999734,6.079214129,-0.01894302564,0.01585043212
5027,0.003699999572,-0.005399997267,6.184826341,-0.01714448257,0.02019844911
2932,0.007300003531,-0.005399996625,6.125229325,-0.02584074783,-0.02699706595
3340,0.009000001308,-0.005399996192,6.524834255,-0.009547308689,-0.02617057006
5127,0.004100000651,-0.005399996062,6.099283942,-0.01861579519,0.01682506449
3106,0.008100002502,-0.005399996055,6.360358629,-0.02255560649,-0.03587934997
2912,0.007200003751,-0.005399996038,6.09953522,-0.02581137157,-0.02544439755
3018,0.007700003431,-0.005399995951,6.239829347,-0.02514483101,-0.03257963187
2996,0.007600003461,-0.005399995876,6.20982189,-0.02546704891,-0.0313241136
2974,0.007500003979,-0.005399995871,6.180554283,-0.02568156738,-0.02995817984
2830,0.00670000623,-0.00539999568,5.994909867,-0.025019026,-0.01751927294
3130,0.008200002575,-0.005399995579,6.388568647,-0.02154713052,-0.03610913815
5053,0.00379999969,-0.005399995496,6.16287982,-0.01753737541,0.01943942682
3084,0.008000004055,-0.005399995334,6.330919558,-0.02341540283,-0.03537843544
2953,0.007400004633,-0.005399995245,6.152289611,-0.02580171533,-0.0285081803
3157,0.008300002256,-0.005399995004,6.415107828,-0.02039253414,-0.03603842939
3314,0.008900001409,-0.005399994856,6.518587961,-0.01121222903,-0.02852697013
2894,0.007100004686,-0.00539999466,6.075332518,-0.02572555737,-0.02386631756
3210,0.008500001608,-0.00539999436,6.461440276,-0.0176812541,-0.03490539612
3184,0.008400002109,-0.005399994121,6.43953261,-0.01909947839,-0.03564295899
5105,0.004000000525,-0.005399994067,6.119992823,-0.01827274952,0.01775007265
3062,0.007900006021,-0.005399993677,6.300727348,-0.02412888304,-0.03463924992
3040,0.0078000058,-0.005399993519,6.27024397,-0.02470239475,-0.03369533823
2845,0.006800006597,-0.005399993368,6.012468198,-0.02523304974,-0.01909569303
2877,0.007000005874,-0.00539999334,6.05271404,-0.02559425006,-0.02227582287
5080,0.003900000055,-0.005399993245,6.141229538,-0.01791338972,0.01862246053
3236,0.008600001753,-0.005399992967,6.480491234,-0.01615686726,-0.03381733934
3288,0.008800001839,-0.005399992886,6.509154407,-0.01289159644,-0.0306091428
2861,0.0069000072,-0.005399992085,6.031744785,-0.02542722478,-0.0206830683
3262,0.008700002471,-0.00539999035,6.496441294,-0.01455062122,-0.03238083632
1256,0.005600062899,-0.005300487772,5.884314804,-0.02119921312,-0.001105722706
1240,0.005500089184,-0.00530047936,5.887194572,-0.02098351662,0.0002633600378
1271,0.005700039742,-0.00530047647,5.883022419,-0.02141855314,-0.002489481994
1286,0.005800024326,-0.005300452644,5.883339069,-0.02164262393,-0.003888145389
1298,0.005900011572,-0.005300430197,5.885285637,-0.02187241857,-0.00530216579
1223,0.005400105808,-0.005300425686,5.891633369,-0.02076995147,0.001617779
1308,0.006000003248,-0.005300346989,5.888857839,-0.02210768609,-0.006732186113
1204,0.005300109248,-0.005300336776,5.897610724,-0.02055737533,0.002956992083
1317,0.006099996399,-0.005300270422,5.89409079,-0.02234952144,-0.008179310969
1186,0.005200104126,-0.005300239762,5.905106842,-0.02034477068,0.004279944405
1325,0.006199990398,-0.005300176088,5.900992726,-0.02259746873,-0.009644606805
1167,0.005100073112,-0.005300128096,5.914088441,-0.02013060721,0.00558554833
1332,0.006299990999,-0.005300108766,5.90959229,-0.02285152471,-0.01112944884
1145,0.005000046269,-0.005300058515,5.924529981,-0.0199141908,0.006871602557
2775,0.006399993194,-0.005300033436,5.9198918,-0.02311006441,-0.01263476089
1146,0.004900028473,-0.005300027472,5.936383078,-0.01969400644,0.008136023434
5238,0.004800016595,-0.005300011593,5.949588131,-0.0194683076,0.009376556864
2789,0.006499995907,-0.005300009801,5.931926093,-0.02337198624,-0.01416151547
5230,0.004700005338,-0.005300002399,5.964083016,-0.01923555225,0.01059065353
2803,0.006599998277,-0.0053000023,5.945695761,-0.02363428686,-0.01570999056
5221,0.004600003227,-0.005300000933,5.979798777,-0.01899439926,0.01177532192
5209,0.004500001323,-0.005300000131,5.996659624,-0.01874343324,0.01292760325
4753,0.002600000024,-0.005300000055,6.397862556,-0.01125814294,0.02489619053
4843,0.002900000002,-0.005300000041,6.339010897,-0.01278305896,0.02450189182
4686,0.00240000002,-0.005300000036,6.433143879,-0.01019474594,0.02485575832
4719,0.002500000014,-0.005300000029,6.415930333,-0.01073035763,0.02490494974
4786,0.002700000009,-0.005300000024,6.378983488,-0.01177693172,0.02482733426
4655,0.002300000016,-0.005300000022,6.449469869,-0.00965252869,0.02475089774
4815,0.002800000003,-0.005300000019,6.359346008,-0.01228559468,0.02469644818
4870,0.002999999991,-0.005300000013,6.318049155,-0.01326832284,0.02424237652
4624,0.002200000006,-0.005300000008,6.464882754,-0.009104967305,0.02459266113
4562,0.002000000005,-0.005300000007,6.492913524,-0.007999136035,0.02412441967
4592,0.002100000003,-0.005300000006,6.479366818,-0.008553376368,0.02438321209
4502,0.001800000004,-0.005300000003,6.517196896,-0.006888619772,0.02346357549
4531,0.001900000003,-0.005300000003,6.505521713,-0.007443699455,0.02381765808
4896,0.003099999987,-0.005300000003,6.296540155,-0.01374046668,0.02391699279
4472,0.001700000003,-0.005300000002,6.527950551,-0.006335579221,0.02306184099
4119,0.0,-0.0053,6.605852531,0.0,0.0
4118,0.0001,-0.0053,6.605277403,-4.859039821e-05,0.002968512941
4133,0.0002,-0.0053,6.603563648,-0.0001485443967,0.005637896713
4149,0.0003,-0.0053,6.601349144,-0.0003053104298,0.008023933292
4166,0.0004,-0.0053,6.599114961,-0.0005186534911,0.01014607463
4184,0.0005,-0.0053,6.596725638,-0.0007825012298,0.01202534798
4203,0.0006,-0.0053,6.594113612,-0.001092908317,0.01368399136
4223,0.0007,-0.0053,6.591167966,-0.00144491687,0.01514464591
4246,0.0008,-0.0053,6.587806553,-0.001834015693,0.0164297589
4269,0.0009,-0.0053,6.58394468,-0.002255598652,0.0175609378
4290,0.001,-0.0053,6.579510866,-0.002705334728,0.01855842207
4313,0.0011,-0.0053,6.574440298,-0.003179104055,0.01944063905
4337,0.0012,-0.0053,6.568676931,-0.003673101453,0.02022388648
4362,0.0013,-0.0053,6.562171869,-0.004183829827,0.02092213394
4388,0.0014,-0.0053,6.554881716,-0.004708136897,0.02154694442
4415,0.0015,-0.0053,6.546767658,-0.005243177657,0.02210753583
4443,0.001600000001,-0.0053,6.537799491,-0.005786414745,0.02261086849
3614,0.01,-0.0053,6.479416987,0.0,0.0
3583,0.009900000004,-0.005299999997,6.481521722,-0.0001577334975,-0.002170445347
3552,0.009800000009,-0.005299999993,6.487559332,-0.0004933632674,-0.004619645773
4923,0.003199999975,-0.005299999986,6.274573813,-0.01419864648,0.02352525196
3521,0.009700000018,-0.005299999984,6.495103341,-0.001037370049,-0.007308480434
3490,0.009600000036,-0.005299999961,6.502137392,-0.00179792016,-0.01018603742
4950,0.003299999956,-0.005299999944,6.252246204,-0.01464214965,0.0230671434
3457,0.009500000067,-0.00529999991,6.508414154,-0.00276095497,-0.0131939578
4976,0.003399999926,-0.005299999856,6.22965719,-0.01507036177,0.02254304082
3428,0.00940000011,-0.005299999811,6.513416609,-0.003913404516,-0.01626734455
5002,0.003499999892,-0.005299999712,6.206916247,-0.01548279705,0.02195373843
5197,0.00440000063,-0.005299999709,6.014582333,-0.01848143062,0.01404424578
3398,0.009300000159,-0.005299999656,6.516737137,-0.005233470396,-0.01933724888
3369,0.009200000214,-0.005299999449,6.517894455,-0.006694985889,-0.0223331816
5180,0.004300000367,-0.005299999351,6.033476849,-0.01820725808,0.01512192159
5028,0.003599999805,-0.00529999929,6.184137761,-0.01587913974,0.02130052394
3341,0.009100000289,-0.005299999133,6.516468106,-0.008266319459,-0.02518618573
5054,0.003699999797,-0.005299999037,6.161437461,-0.01625919907,0.02058507207
5165,0.004200000283,-0.005299998973,6.05324617,-0.01791989987,0.01615725359
3315,0.009000000376,-0.00529999862,6.512080853,-0.009912340224,-0.02783192522
2817,0.006700000292,-0.005299998579,5.961206065,-0.02389330223,-0.01727981755
5148,0.004100000249,-0.005299998549,6.073787142,-0.01761846677,0.01714688064
3085,0.008100000644,-0.005299998542,6.331525033,-0.02253294706,-0.03676379292
5081,0.003799999826,-0.005299998482,6.138933649,-0.01662294676,0.01980943838
3107,0.008200000533,-0.005299998414,6.361398713,-0.02162024599,-0.03714585942
3019,0.007800000722,-0.005299998377,6.237682037,-0.02436930966,-0.03414835714
3063,0.008000000873,-0.005299998231,6.300616481,-0.02329128894,-0.03611233204
2913,0.007300001295,-0.005299998156,6.090428321,-0.02504259669,-0.02696034682
3289,0.008900000468,-0.005299998023,6.504458025,-0.01159575477,-0.03021362157
2975,0.007600001237,-0.005299997953,6.175805407,-0.02493117354,-0.03154069844
5128,0.004000000196,-0.005299997892,6.094991099,-0.01730220426,0.01808751899
2997,0.007700001284,-0.005299997878,6.20642366,-0.02470849294,-0.03290797725
3185,0.008500000392,-0.00529999785,6.439999645,-0.01797918809,-0.0363547895
2954,0.007500001457,-0.005299997796,6.146123259,-0.02505161342,-0.0300766904
3158,0.008400000581,-0.005299997773,6.416102045,-0.0193353815,-0.03696791114
2895,0.007200001763,-0.00529999764,6.064739249,-0.02494019358,-0.02534930966
3041,0.00790000116,-0.005299997591,6.269197789,-0.02390054857,-0.03522835438
5106,0.003899999997,-0.00529999749,6.116745253,-0.01697051212,0.01897602269
2933,0.00740000183,-0.005299997223,6.117603058,-0.02508411404,-0.02854239214
3211,0.008600000384,-0.005299997159,6.461039041,-0.01650131312,-0.03537012197
2878,0.00710000192,-0.005299997128,6.040638856,-0.02478901013,-0.02372435324
3131,0.008300000861,-0.005299997062,6.389748553,-0.02055269908,-0.0372238548
3263,0.008800000579,-0.005299997051,6.493419923,-0.01327869682,-0.03228453242
2862,0.00700000237,-0.005299996356,6.018198519,-0.0245998884,-0.02209727085
2831,0.006800002695,-0.005299995782,5.978462722,-0.02414452263,-0.01886968297
3237,0.008700000661,-0.005299995735,6.478913537,-0.01492490129,-0.03401045032
2846,0.006900003052,-0.005299995397,5.997464208,-0.02438233586,-0.0204769289
1285,0.005600037009,-0.005200325668,5.855580938,-0.01991566646,-0.0008904029606
2697,0.005500056013,-0.005200322692,5.858685532,-0.01970625136,0.000474586779
1284,0.005700020821,-0.005200320005,5.854061404,-0.02013059027,-0.002268939196
2723,0.005900000941,-0.005200308757,5.855847962,-0.02058162794,-0.005068399209
1297,0.005800008469,-0.00520030815,5.854143858,-0.02035216739,-0.003661353057
2691,0.005400070342,-0.005200307497,5.863356654,-0.01950101378,0.00182605099
2730,0.005999994554,-0.005200275954,5.859172999,-0.02081911744,-0.006490949325
2686,0.005300074596,-0.005200251971,5.869565413,-0.01929823002,0.003163635443
2737,0.006099993156,-0.005200211771,5.86413244,-0.02106514697,-0.007930362482
2682,0.005200072872,-0.005200184037,5.877294366,-0.01909686457,0.004486353461
2745,0.006199989972,-0.005200146248,5.870749239,-0.0213202447,-0.00938814061
2678,0.005100051173,-0.00520011308,5.88651751,-0.01889554431,0.005793085126
2754,0.00629998946,-0.005200097421,5.879042849,-0.02158442065,-0.01086606076
2679,0.005000035685,-0.00520005062,5.897199267,-0.01869298542,0.007081793117
2764,0.006399990942,-0.005200032766,5.889018035,-0.02185647328,-0.01236568979
5246,0.004900016892,-0.005200016254,5.909302684,-0.01848792243,0.008350525774
2776,0.006499994581,-0.005200011431,5.900710208,-0.0221357845,-0.01388870691
5242,0.004800008673,-0.005200006566,5.922774411,-0.01827885299,0.009596746007
2790,0.006599997042,-0.005200003546,5.914125753,-0.02241989239,-0.01543616696
5237,0.004700005553,-0.005200002861,5.937551851,-0.01806409596,0.01081789127
5232,0.004600002903,-0.005200001215,5.953568999,-0.01784219798,0.01201108509
5222,0.004500001279,-0.005200000373,5.970751917,-0.0176118094,0.01317316601
2804,0.006699998782,-0.005200000043,5.929276683,-0.02270571769,-0.01700865132
4754,0.002500000008,-0.005200000022,6.39993109,-0.01017867305,0.02542186463
4844,0.002800000003,-0.00520000002,6.341763892,-0.01164142104,0.02518407291
4816,0.002700000004,-0.005200000018,6.361942482,-0.01116398607,0.02532580006
4687,0.002300000008,-0.005200000015,6.434445938,-0.0091600589,0.02528159588
4720,0.002400000007,-0.005200000015,6.417641603,-0.009672950591,0.02538017298
4871,0.002899999998,-0.005200000012,6.320878245,-0.01210737499,0.02497768419
4897,0.002999999994,-0.005200000009,6.299358849,-0.01256094503,0.02470541851
4656,0.002200000004,-0.005200000007,6.4503167,-0.008641216551,0.02512837218
4787,0.002600000003,-0.005200000007,6.381349854,-0.01067605354,0.02540444038
4563,0.001900000002,-0.005200000003,6.492191598,-0.007062210174,0.02436009963
4625,0.002100000002,-0.005200000003,6.465236314,-0.008117700835,0.02492260647
4593,0.002000000001,-0.005200000002,6.479195365,-0.007590879394,0.02466608915
4503,0.001700000001,-0.005200000001,6.515320435,-0.006005749273,0.02360080899
4135,0.0,-0.0052,6.594670984,0.0,0.0
4134,0.0001,-0.0052,6.594131761,-4.433027635e-05,0.003032176136
4150,0.0002,-0.0052,6.592528272,-0.0001360631948,0.005761383872
4167,0.0003,-0.0052,6.590437491,-0.0002808133307,0.008203355122
4185,0.0004,-0.0052,6.588287222,-0.0004788591992,0.01037739833
4204,0.0005,-0.0052,6.585947543,-0.0007250709288,0.0123043518
4224,0.0006,-0.0052,6.583349479,-0.001016079437,0.01400629914
4247,0.0007,-0.0052,6.580384774,-0.001347460297,0.01550579677
4270,0.0008,-0.0052,6.576971722,-0.00171507139,0.0168252979
4291,0.0009,-0.0052,6.573026889,-0.002114583468,0.01798650699
4314,0.001,-0.0052,6.568479533,-0.002541839463,0.01900984197
4338,0.0011,-0.0052,6.563265616,-0.00299281911,0.01991397326
4363,0.0012,-0.0052,6.557329701,-0.00346375372,0.0207154855
4389,0.0013,-0.0052,6.550623299,-0.003951143135,0.02142866175
4416,0.0014,-0.0052,6.543104316,-0.004451786286,0.02206538422
4444,0.0015,-0.0052,6.534733509,-0.004962792101,0.02263515973
4473,0.0016,-0.0052,6.525480418,-0.005481558964,0.02314524785
4532,0.0018,-0.0052,6.504229766,-0.006533263286,0.02400516685
3585,0.01,-0.0052,6.468572333,0.0,0.0
3553,0.009900000002,-0.005199999998,6.470778377,-0.0001679206235,-0.002395935002
4924,0.003099999995,-0.005199999997,6.277288816,-0.01300131138,0.0243664442
3522,0.009800000005,-0.005199999996,6.477112138,-0.0005239045834,-0.005070379373
4951,0.003199999991,-0.005199999991,6.254763417,-0.01342774602,0.02396041049
3491,0.009700000008,-0.005199999991,6.484978372,-0.001098581603,-0.007981010454
4977,0.003299999984,-0.005199999978,6.231877715,-0.01383962868,0.02348739135
3458,0.00960000002,-0.005199999974,6.492205839,-0.001898760715,-0.01107228775
5003,0.003399999976,-0.005199999955,6.208734779,-0.01423647103,0.02294786255
5212,0.004400000651,-0.005199999951,5.98901888,-0.01737166935,0.01430080832
3429,0.009500000029,-0.005199999949,6.498519856,-0.002907337155,-0.01428029538
3399,0.00940000004,-0.00519999991,6.50335736,-0.004108265861,-0.01753408758
5029,0.003499999943,-0.00519999985,6.185450688,-0.01461792029,0.02234280254
3370,0.009300000072,-0.005199999817,6.506278746,-0.005476214623,-0.0207587109
5055,0.003599999941,-0.0051999998,6.162140845,-0.01498375628,0.02167362971
3342,0.009200000082,-0.005199999745,6.506774147,-0.006981389712,-0.02387825593
5198,0.004300000517,-0.00519999963,6.008280657,-0.01712060525,0.01539057974
3316,0.009100000128,-0.005199999567,6.504409721,-0.008588511891,-0.02681943508
5082,0.00369999991,-0.005199999531,6.138923707,-0.01533390206,0.02094216914
5182,0.004200000276,-0.005199999448,6.028440828,-0.01685755231,0.01643899175
5149,0.004000000027,-0.005199999423,6.071037725,-0.01629181428,0.01839784016
5107,0.003799999925,-0.005199999342,6.115920226,-0.01566844545,0.02015062927
5166,0.004100000127,-0.005199999309,6.049396185,-0.01658156216,0.01744255193
3290,0.009000000184,-0.005199999286,6.49881094,-0.01025910876,-0.02951510697
3086,0.008200000153,-0.005199999272,6.333775953,-0.02160073006,-0.03808684033
3064,0.00810000027,-0.005199999205,6.302388665,-0.02241153014,-0.03754622306
3042,0.00800000034,-0.005199999067,6.270215802,-0.02306417838,-0.03674091351
3264,0.008900000196,-0.005199999059,6.489724254,-0.01195305644,-0.03190747306
2879,0.007200000507,-0.005199999053,6.03127849,-0.02398113561,-0.02518765381
2896,0.00730000048,-0.005199999032,6.056821891,-0.02415147041,-0.02684923939
2998,0.007800000402,-0.005199999027,6.205366189,-0.02392906792,-0.03449666748
5129,0.003899999976,-0.005199999011,6.093251467,-0.01598761755,0.01930156815
2976,0.00770000041,-0.005199999005,6.173494051,-0.02416542463,-0.03313528112
2955,0.007600000456,-0.005199998978,6.142473821,-0.02429064679,-0.03166152984
3132,0.008400000172,-0.005199998926,6.391993541,-0.01949532549,-0.03821871781
2934,0.007500000553,-0.005199998849,6.112557335,-0.02432010847,-0.03010589632
3159,0.008500000151,-0.0051999988,6.417827429,-0.01821103008,-0.03774446101
3108,0.008300000217,-0.005199998769,6.363807039,-0.02062798885,-0.03832299805
3020,0.00790000041,-0.005199998761,6.237749161,-0.02356646312,-0.03571119131
2863,0.007100000658,-0.005199998547,6.007402468,-0.02376991665,-0.02352356489
3186,0.008600000115,-0.005199998505,6.440839897,-0.01679000146,-0.03687934721
2914,0.007400000705,-0.005199998439,6.083953349,-0.02426890389,-0.02849453312
3238,0.008800000255,-0.005199998421,6.477008491,-0.01363043206,-0.03395072504
2818,0.006799999909,-0.005199998227,5.946175895,-0.02298931445,-0.01860589721
2847,0.007000000665,-0.005199998173,5.985244251,-0.02352838727,-0.02186735289
3212,0.008700000295,-0.005199997584,6.460659218,-0.01525382019,-0.0356136398
2832,0.006900001036,-0.005199997144,5.964831472,-0.02326562872,-0.02022647288
2696,0.005400040379,-0.005100199168,5.83689112,-0.01820578519,0.002025654039
2707,0.005600017977,-0.005100189972,5.828726564,-0.01860594655,-0.0006807554243
2724,0.005899995904,-0.005100189038,5.82835635,-0.01926241304,-0.004834847413
2712,0.005700007531,-0.005100188058,5.827006778,-0.01881605549,-0.002052392023
2702,0.005500029061,-0.005100186011,5.832024155,-0.01840286769,0.0006786009199
2717,0.005800000176,-0.005100182023,5.826878033,-0.0190344335,-0.003436788718
2731,0.005999991544,-0.005100180696,5.831444005,-0.01950054312,-0.006247707492
2690,0.005300047193,-0.005100177926,5.843295722,-0.01801260073,0.003360155932
2738,0.00609998807,-0.005100134655,5.836145301,-0.01974922147,-0.007676903534
2685,0.005200043993,-0.00510010461,5.851211817,-0.01782166238,0.004681372108
2746,0.006199988416,-0.005100099177,5.842486078,-0.02000949862,-0.009124466339
2755,0.006299987376,-0.005100073607,5.850478782,-0.02028144217,-0.01059241223
2680,0.005100033881,-0.005100068525,5.86063526,-0.01763264807,0.005987833271
2681,0.005000020101,-0.00510002903,5.871522142,-0.01744354529,0.007277914803
2765,0.006399991602,-0.005100022731,5.860128381,-0.02056420173,-0.01208292443
5250,0.004900009771,-0.005100009819,5.883837375,-0.01725319163,0.008549440013
2777,0.006499995055,-0.005100007967,5.871469656,-0.02085762704,-0.01359823419
5247,0.004800007243,-0.005100005967,5.897531165,-0.01706004743,0.009799970987
2791,0.006599996801,-0.005100003476,5.884513323,-0.0211597981,-0.01514019426
5243,0.004700003872,-0.005100002559,5.912545203,-0.01686247385,0.01102693233
5239,0.004600002717,-0.005100001455,5.928816003,-0.01665910317,0.01222729105
2805,0.006699998402,-0.005100000614,5.899275827,-0.02146819364,-0.01671029154
5233,0.004500001186,-0.005100000388,5.946271624,-0.01644856011,0.01339786016
5224,0.004400000864,-0.005100000114,5.964831832,-0.01622958509,0.0145352132
4788,0.002500000001,-0.005100000002,6.384288432,-0.009598683403,0.0259080583
4817,0.0026,-0.005100000002,6.365236626,-0.01006457599,0.02588151471
4688,0.0022,-0.005100000001,6.435988843,-0.008152701678,0.02563506036
4721,0.0023,-0.005100000001,6.419697304,-0.008641604682,0.02578266185
4755,0.0024,-0.005100000001,6.402454341,-0.00912399072,0.02587438495
4152,0.0,-0.0051,6.583369165,0.0,0.0
4151,0.0001,-0.0051,6.582867726,-3.991570432e-05,0.003090029806
4168,0.0002,-0.0051,6.581380106,-0.0001231075503,0.005874370251
4186,0.0003,-0.0051,6.579420273,-0.0002553365588,0.008368585542
4205,0.0004,-0.0051,6.577361197,-0.0004373972006,0.01059170218
4225,0.0005,-0.0051,6.575078869,-0.000665125129,0.01256422907
4248,0.0006,-0.0051,6.572502986,-0.0009357461353,0.01430795694
4271,0.0007,-0.0051,6.569528206,-0.001245392673,0.01584522697
4292,0.0008,-0.0051,6.566073406,-0.001590313755,0.01719837958
4315,0.0009,-0.0051,6.562056575,-0.00196647883,0.01838911215
4339,0.001,-0.0051,6.557407842,-0.002369924249,0.0194379335
4364,0.0011,-0.0051,6.552064076,-0.0027967465,0.02036368628
4390,0.0012,-0.0051,6.545970591,-0.003243227232,0.02118318858
4417,0.0013,-0.0051,6.539079296,-0.003705872259,0.0219109958
4445,0.0014,-0.0051,6.531348804,-0.004181449739,0.02255928446
4474,0.0015,-0.0051,6.522742152,-0.004667020393,0.023137847
4504,0.0016,-0.0051,6.51322661,-0.005159918985,0.02365422504
4533,0.0017,-0.0051,6.502778157,-0.005657753261,0.02411384771
4564,0.0018,-0.0051,6.491376305,-0.006158376027,0.02452025852
4594,0.0019,-0.0051,6.479003216,-0.006659845534,0.02487542957
4626,0.002,-0.0051,6.465649013,-0.007160423999,0.02518001017
4657,0.0021,-0.0051,6.45130969,-0.007658527096,0.02543360864
4845,0.0027,-0.0051,6.345346226,-0.01052063972,0.02579271687
4872,0.0028,-0.0051,6.324674373,-0.01096591071,0.02563985822
4898,0.0029,-0.0051,6.303287536,-0.01139950352,0.02542143901
3584,0.01,-0.0051,6.457719966,0.0,0.0
4925,0.002999999999,-0.005099999999,6.281261523,-0.01182061979,0.02513631996
4952,0.003099999998,-0.005099999999,6.258685991,-0.01222854271,0.0247837865
3523,0.009800000001,-0.005099999999,6.466653074,-0.0005550139684,-0.005547152866
3554,0.009900000001,-0.005099999999,6.460026096,-0.0001783417928,-0.002635406262
4978,0.003199999997,-0.005099999997,6.23565418,-0.01262266761,0.0243636015
5004,0.003299999995,-0.005099999994,6.212263587,-0.01300248792,0.02387591611
3492,0.009700000005,-0.005099999994,6.474831428,-0.001160604474,-0.008689432318
3459,0.009600000007,-0.00509999999,6.482228874,-0.002000328055,-0.01200166705
5030,0.003399999993,-0.005099999988,6.188625666,-0.01336763331,0.02332134122
3430,0.009500000013,-0.005099999974,6.488542039,-0.003053735307,-0.01541393216
5056,0.00349999999,-0.005099999971,6.164855991,-0.01371787551,0.02270101003
5083,0.003599999986,-0.005099999954,6.141072396,-0.01405310213,0.02201647745
3400,0.00940000002,-0.005099999946,6.493160772,-0.004301528192,-0.01884883352
5108,0.003699999983,-0.005099999908,6.117396423,-0.01437335529,0.02126971565
3371,0.009300000033,-0.005099999903,6.495614491,-0.005714581925,-0.02222515122
5213,0.004300000384,-0.005099999884,5.984408433,-0.01600097383,0.01563583515
3317,0.009100000034,-0.005099999876,6.491978741,-0.00889660235,-0.0284804731
5130,0.003799999985,-0.005099999864,6.09395108,-0.01467882195,0.02046308596
3343,0.009200000042,-0.005099999846,6.495367898,-0.007259284914,-0.02546150367
5167,0.004000000021,-0.005099999841,6.048242774,-0.01524687513,0.01868134113
5199,0.004200000173,-0.005099999825,6.004905442,-0.0157616306,0.01669612281
5183,0.004100000068,-0.00509999982,6.026219978,-0.01551055692,0.01771247449
5150,0.003899999996,-0.005099999811,6.070859335,-0.01496983588,0.01959929369
3065,0.008100000038,-0.005099999801,6.273199696,-0.02219304912,-0.03822228204
2977,0.007700000081,-0.005099999733,6.141347604,-0.02352302683,-0.03326346193
2999,0.007800000057,-0.005099999729,6.173616487,-0.02338738213,-0.03474078177
3087,0.008200000035,-0.005099999704,6.305892395,-0.0214887672,-0.0389259595
3133,0.008400000022,-0.005099999702,6.36739926,-0.01957724747,-0.03938632426
3043,0.008000000082,-0.005099999701,6.239968613,-0.02273700216,-0.03726127336
3109,0.008300000033,-0.005099999693,6.337492001,-0.02061732971,-0.03932811878
3021,0.007900000058,-0.005099999672,6.206622644,-0.02313061823,-0.03608652266
3160,0.008500000008,-0.005099999662,6.39508548,-0.01837396378,-0.03906446435
2956,0.007600000135,-0.005099999655,6.110106951,-0.02355395707,-0.03168968473
3291,0.009000000074,-0.005099999653,6.485083239,-0.01058474972,-0.0312125898
3265,0.008900000072,-0.005099999571,6.474456257,-0.01228089654,-0.03359971836
3187,0.008600000002,-0.00509999951,6.420027081,-0.01701964152,-0.03833467325
2880,0.007200000185,-0.005099999497,5.999388296,-0.02294574228,-0.0249649147
2897,0.007300000184,-0.005099999482,6.024662022,-0.02317840632,-0.02666896077
2819,0.006799999182,-0.005099999474,5.91577648,-0.02177948984,-0.01830928938
3239,0.008800000071,-0.005099999443,6.460003629,-0.01394329792,-0.03559795513
2935,0.007500000211,-0.005099999427,6.080132385,-0.02349650297,-0.03004982333
2864,0.007100000173,-0.005099999311,5.9758417,-0.02268017353,-0.02326949022
2833,0.006899999755,-0.005099999204,5.9340316,-0.02208925678,-0.01993693037
2848,0.007000000045,-0.005099999165,5.954052487,-0.02239183088,-0.02159151823
2915,0.007400000272,-0.00509999916,6.051606633,-0.02336642286,-0.02836935002
3213,0.008700000051,-0.005099999066,6.441783286,-0.01553383766,-0.03718013114
2716,0.005700003741,-0.005000118951,5.801925592,-0.01748324625,-0.001840334023
2711,0.005600008955,-0.005000117353,5.803818079,-0.01727806684,-0.0004770204617
2722,0.005799998642,-0.005000114253,5.801610209,-0.01769801211,-0.003215151979
2736,0.00599999146,-0.005000109584,5.805748264,-0.0181612732,-0.006003786918
2706,0.005500013813,-0.005000107502,5.807277956,-0.01708115905,0.0008753401542
2701,0.005400019343,-0.005000105312,5.812298029,-0.01689137161,0.002216795381
2695,0.005300025313,-0.005000105214,5.818861497,-0.01670719762,0.003546997574
2744,0.006099989472,-0.00500010467,5.810215138,-0.01841165568,-0.007420834044
2729,0.005899994162,-0.005000103194,5.802880093,-0.01792355844,-0.004602470861
2689,0.005200029846,-0.005000083587,5.826943349,-0.01652688731,0.004865207382
2753,0.006199988903,-0.005000067483,5.816285449,-0.01867505011,-0.008855723221
2763,0.006299990191,-0.005000057864,5.823985459,-0.01895262864,-0.01031107498
2683,0.005100021171,-0.005000040108,5.836520979,-0.01634895695,0.006170334539
2774,0.006399992438,-0.005000022839,5.833314837,-0.01924363079,-0.01178937653
2684,0.005000010967,-0.005000015954,5.847572783,-0.01617248886,0.007460489503
5253,0.004900008046,-0.00500000914,5.860059655,-0.01599600529,0.008733516944
2787,0.006499995187,-0.005000008869,5.844302975,-0.01954814331,-0.013293466
5251,0.004800004204,-0.005000003598,5.873933652,-0.01581783701,0.009987136247
2801,0.006599997389,-0.005000003223,5.856965737,-0.01986488612,-0.01482592365
5248,0.004700003269,-0.005000002231,5.889141635,-0.015636612,0.01121854397
5244,0.004600002332,-0.005000001263,5.905621722,-0.01545089582,0.01242474595
2815,0.006699998203,-0.005000001251,5.871323058,-0.02019192861,-0.0163890453
5240,0.004500001462,-0.005000000598,5.923303827,-0.01525935561,0.01360245999
2829,0.006799998934,-0.005000000192,5.887397859,-0.02052651049,-0.0179845999
5234,0.004400000669,-0.005000000147,5.942109277,-0.01506071858,0.01474820893
5225,0.004300000549,-0.005000000042,5.96195078,-0.014853781,0.01585837557
4789,0.0024,-0.005000000001,6.387663852,-0.00855044277,0.02633730313
4818,0.0025,-0.005000000001,6.369086282,-0.008993112201,0.02636249687
4846,0.0026,-0.005000000001,6.349610286,-0.009426590136,0.0263264448
4170,0.0,-0.005,6.57199007,0.0,0.0
4169,0.0001,-0.005,6.571528069,-3.537938597e-05,0.003141883475
4187,0.0002,-0.005,6.570161219,-0.0001097712957,0.005976480039
4206,0.0003,-0.005,6.568338839,-0.0002290594183,0.008519071754
4226,0.0004,-0.005,6.566377915,-0.0003945508433,0.0107882689
4249,0.0005,-0.005,6.564160674,-0.0006030610791,0.01280411462
4272,0.0006,-0.005,6.561615567,-0.0008524242453,0.01458797121
4293,0.0007,-0.005,6.558640383,-0.001139348895,0.01616183578
4316,0.0008,-0.005,6.555154707,-0.001460494764,0.01754781741
4340,0.0009,-0.005,6.551078093,-0.001812150411,0.01876750135
4365,0.001,-0.005,6.546341645,-0.002190564774,0.01984139772
4391,0.0011,-0.005,6.540883252,-0.002591968313,0.02078844825
4418,0.0012,-0.005,6.534649042,-0.003012708828,0.02162564755
4446,0.0013,-0.005,6.527591658,-0.003449308265,0.02236778164
4475,0.0014,-0.005,6.519670248,-0.003898519606,0.0230272933
4505,0.0015,-0.005,6.51084947,-0.004357352023,0.0236142573
4534,0.0016,-0.005,6.501096379,-0.004823095855,0.02413647123
4565,0.0017,-0.005,6.490386307,-0.005293302843,0.02459964103
4595,0.0018,-0.005,6.478701134,-0.005765774333,0.02500755618
4627,0.0019,-0.005,6.466023876,-0.006238540384,0.025362373
4658,0.002,-0.005,6.452344433,-0.006709825153,0.02566493375
4689,0.0021,-0.005,6.437660147,-0.00717803937,0.02591500363
4722,0.0022,-0.005,6.421975837,-0.007641742643,0.02611154316
4756,0.0023,-0.005,6.405303628,-0.008099613872,0.02625295527
4873,0.0027,-0.005,6.329285222,-0.009849927878,0.02622718506
4899,0.0028,-0.005,6.308170295,-0.01026225587,0.02606298949
4926,0.0029,-0.005,6.286334226,-0.01066279912,0.02583243904
4953,0.003,-0.005,6.263857638,-0.01105085407,0.02553447546
3603,0.01,-0.005,6.446930058,0.0,0.0
4979,0.003099999999,-0.004999999999,6.240831095,-0.01142583051,0.02516852398
5005,0.003199999999,-0.004999999999,6.217346488,-0.0117872422,0.02473441806
5031,0.003299999999,-0.004999999999,6.193508163,-0.01213470862,0.02423240623
3541,0.009800000001,-0.004999999999,6.456250135,-0.0005865917203,-0.006050267398
3572,0.0099,-0.004999999999,6.449334486,-0.0001889672046,-0.002889128801
3510,0.009700000001,-0.004999999998,6.46472827,-0.001223213093,-0.009433817692
5057,0.003399999997,-0.004999999995,6.169431997,-0.01246799165,0.02366327697
5084,0.003499999997,-0.004999999994,6.145233839,-0.01278696395,0.02302827929
3478,0.009600000003,-0.004999999994,6.472269768,-0.002102202462,-0.01297373301
3447,0.009500000005,-0.004999999988,6.47854152,-0.003199461628,-0.01659362034
5109,0.003599999994,-0.004999999977,6.121034159,-0.01309163695,0.02232910314
3418,0.009400000009,-0.004999999974,6.482885777,-0.004492162062,-0.02020925416
3388,0.00930000001,-0.00499999997,6.484802727,-0.005947138279,-0.02373293642
5131,0.003699999994,-0.00499999996,6.096956763,-0.01338216279,0.02156786415
5214,0.004200000218,-0.004999999948,5.982733271,-0.01463742015,0.01692927817
5151,0.003799999998,-0.004999999942,6.073126554,-0.0136588299,0.02074706613
5184,0.004000000027,-0.004999999938,6.026704128,-0.01417242798,0.0189384766
3331,0.009100000017,-0.004999999929,6.479240301,-0.009188272928,-0.03016275505
5168,0.003900000008,-0.004999999928,6.049668084,-0.01392206501,0.01986955691
3056,0.008000000014,-0.004999999927,6.210140006,-0.02231361915,-0.03767189511
5200,0.004100000092,-0.004999999924,6.004354177,-0.0144106106,0.0179571995
3359,0.009200000022,-0.004999999911,6.483735893,-0.007526797393,-0.02707784636
3078,0.008100000014,-0.004999999896,6.24427137,-0.02188043857,-0.03878894553
3305,0.009000000025,-0.004999999895,6.470972645,-0.01088657319,-0.03291646761
3100,0.008200000007,-0.004999999882,6.278085285,-0.02128578703,-0.03965855917
2990,0.007700000034,-0.004999999865,6.110249637,-0.02278955423,-0.03329561772
3034,0.007900000022,-0.00499999986,6.176140784,-0.02259863856,-0.03635475498
3122,0.008300000009,-0.004999999851,6.311053335,-0.02052054072,-0.04023240131
3012,0.007800000026,-0.004999999834,6.142731516,-0.02275151287,-0.03488252703
3174,0.0085,-0.004999999813,6.371956473,-0.01846603529,-0.04030559994
2968,0.007600000062,-0.004999999812,6.078969847,-0.02273030026,-0.03162930153
3148,0.008400000006,-0.004999999811,6.342533116,-0.01958009718,-0.04046253547
3279,0.00890000003,-0.004999999801,6.458739001,-0.01257628735,-0.03528130082
2843,0.006899999543,-0.004999999746,5.90521302,-0.02086485501,-0.01961346474
2890,0.007200000043,-0.004999999733,5.969270568,-0.02184561347,-0.02468688497
2947,0.007500000073,-0.004999999729,6.049102799,-0.02259089634,-0.02991339251
3201,0.008599999999,-0.004999999727,6.398757158,-0.01718768574,-0.0397262325
3253,0.008800000032,-0.004999999713,6.442507483,-0.01421416924,-0.03721645945
2908,0.007300000072,-0.004999999689,5.994169021,-0.02213468656,-0.02642522957
2874,0.007099999996,-0.004999999687,5.946140008,-0.02153152856,-0.02296783623
2858,0.00699999983,-0.004999999626,5.9247889,-0.02120197962,-0.02127524599
2927,0.007400000103,-0.004999999551,6.020801245,-0.02238745883,-0.02817227876
3227,0.00870000002,-0.004999999538,6.422415413,-0.01576201021,-0.03869990583
2715,0.005600003603,-0.00490006527,5.780879442,-0.01593792578,-0.0002789178752
2728,0.005799998579,-0.004900063454,5.778364013,-0.0163493014,-0.002996629181
2721,0.005700000909,-0.004900060613,5.778838877,-0.01613815894,-0.001632644195
2743,0.00599999346,-0.004900059672,5.782122769,-0.01680882602,-0.005760119207
2735,0.005899996466,-0.004900059054,5.779456367,-0.01657241531,-0.004371930874
2710,0.005500006186,-0.004900058019,5.784475605,-0.01574700948,0.001065209978
2752,0.006099993059,-0.004900055676,5.786365563,-0.01705944461,-0.00716321864
2705,0.00540000811,-0.004900053975,5.789622882,-0.01556423682,0.002399859038
2762,0.006199991395,-0.004900052552,5.792192555,-0.01732516597,-0.00858358832
2699,0.005300010881,-0.004900049271,5.796308512,-0.01538814304,0.003724682186
2692,0.005200014282,-0.004900044744,5.804516172,-0.01521731046,0.005038890626
2773,0.006299992041,-0.004900034541,5.799609144,-0.01760638509,-0.01002399898
2687,0.005100012618,-0.004900029827,5.814222851,-0.0150501613,0.006341344993
2786,0.006399993455,-0.00490001676,5.808630219,-0.0179035719,-0.01148751589
2688,0.005000009306,-0.004900015358,5.825403249,-0.01488541373,0.007630317083
5255,0.004900006814,-0.004900008764,5.838023965,-0.01472173959,0.008903698739
2800,0.006499997161,-0.004900004392,5.819273173,-0.01821664913,-0.01297739212
5254,0.004800004048,-0.004900003699,5.852041085,-0.01455765252,0.01015907611
2814,0.006599998381,-0.004900001975,5.831557743,-0.01854499241,-0.0144968242
5252,0.004700001895,-0.004900001232,5.867403848,-0.01439178807,0.0113936569
2828,0.006699998594,-0.004900001212,5.84550459,-0.01888715669,-0.01604889589
5249,0.004600001465,-0.004900000769,5.884052453,-0.01422278988,0.0126043517
2842,0.006799999013,-0.004900000481,5.861139476,-0.01924098174,-0.01763630088
5245,0.00450000107,-0.004900000464,5.901918393,-0.01404932479,0.01378785462
5241,0.004400000669,-0.004900000224,5.920924496,-0.01387012954,0.01494063416
5235,0.00430000043,-0.00490000007,5.940984649,-0.01368400448,0.01605900388
2857,0.006899999411,-0.004900000058,5.878490133,-0.01960335226,-0.01926100793
5226,0.004200000141,-0.004900000001,5.962004485,-0.01348982771,0.01713918755
4189,0.0,-0.0049,6.560576641,0.0,0.0
4188,0.0001,-0.0049,6.560155489,-3.075508005e-05,0.003187590834
4207,0.0002,-0.0049,6.558913554,-9.615174271e-05,0.006067414217
4227,0.0003,-0.0049,6.557234352,-0.0002021686277,0.008654360297
4250,0.0004,-0.0049,6.55537816,-0.0003506163319,0.01096649475
4273,0.0005,-0.0049,6.553233712,-0.0005392955653,0.01302326428
4294,0.0006,-0.0049,6.550728297,-0.0007666567228,0.01484547194
4317,0.0007,-0.0049,6.547763025,-0.001029999121,0.01645464513
4341,0.0008,-0.0049,6.544258288,-0.001326409985,0.01787254457
4366,0.0009,-0.0049,6.540135326,-0.001652515698,0.01912053843
4392,0.001,-0.0049,6.5353263,-0.002004796298,0.02021904753
4419,0.0011,-0.0049,6.529770197,-0.002379633712,0.02118703762
4447,0.0012,-0.0049,6.523414035,-0.002773457678,0.0220416206
4476,0.0013,-0.0049,6.516211308,-0.003182819357,0.02279777006
4506,0.0014,-0.0049,6.508121642,-0.003604465334,0.02346816345
4535,0.0015,-0.0049,6.499110478,-0.004035371479,0.02406313965
4566,0.0016,-0.0049,6.489147486,-0.00447278009,0.02459075706
4596,0.0017,-0.0049,6.478205478,-0.004914192814,0.02505697944
4628,0.0018,-0.0049,6.466267013,-0.005357375058,0.02546585725
4659,0.0019,-0.0049,6.453319129,-0.005800323342,0.02581976557
4690,0.002,-0.0049,6.439350521,-0.006241232403,0.02611973415
4723,0.0021,-0.0049,6.424359605,-0.006678512834,0.02636570035
4757,0.0022,-0.0049,6.408352226,-0.007110735374,0.02655676926
4790,0.0023,-0.0049,6.391341417,-0.007536607548,0.02669147038
4819,0.0024,-0.0049,6.373349152,-0.007954967682,0.02676797455
4847,0.0025,-0.0049,6.354406707,-0.008364761722,0.02678428649
4874,0.0026,-0.0049,6.334555209,-0.008765036114,0.0267384047
4900,0.0027,-0.0049,6.31384589,-0.009154929762,0.02662845335
4927,0.0028,-0.0049,6.292339374,-0.009533678132,0.0264527903
4954,0.0029,-0.0049,6.270106698,-0.009900613544,0.02621008032
4980,0.003,-0.0049,6.247235305,-0.01025515659,0.02589940536
5006,0.0031,-0.0049,6.2238117,-0.01059682566,0.02552026942
5032,0.0032,-0.0049,6.199930249,-0.01092526172,0.02507256706
5058,0.0033,-0.0049,6.175703982,-0.0112402299,0.02455671028
3571,0.0098,-0.0049,6.445979764,-0.0006185359839,-0.006579929009
3602,0.0099,-0.0049,6.438781537,-0.0001997660683,-0.003157329238
3631,0.01,-0.0049,6.436281154,0.0,0.0
5085,0.0034,-0.004899999999,6.151246881,-0.01154160142,0.02397362181
5110,0.0035,-0.004899999999,6.126677324,-0.01182937017,0.02332466987
3509,0.009600000001,-0.004899999999,6.462400586,-0.002203964316,-0.01398781494
3540,0.009700000001,-0.004899999999,6.45474322,-0.001286179709,-0.0102140805
5132,0.0036,-0.004899999997,6.102118437,-0.01210366584,0.02261167694
3477,0.009500000001,-0.004899999997,6.468588334,-0.003343834348,-0.01781780957
3446,0.009400000002,-0.004899999995,6.472601196,-0.004679156778,-0.02161265219
5152,0.0037,-0.004899999994,6.077695895,-0.012364747,0.02183689274
5201,0.004000000033,-0.004899999993,6.006507226,-0.01307320792,0.01916981646
5215,0.004100000103,-0.004899999992,5.983881787,-0.01328654974,0.01817737831
3417,0.009300000003,-0.004899999992,6.473912735,-0.006172493502,-0.02527801863
5169,0.003800000003,-0.004899999991,6.053536259,-0.01261300113,0.02100295447
5185,0.003900000012,-0.004899999989,6.02976544,-0.01284894269,0.02011284029
3077,0.008000000002,-0.004899999986,6.181019414,-0.02179926974,-0.03797260884
3099,0.0081,-0.004899999983,6.215847735,-0.02147704402,-0.03924392084
3387,0.009200000004,-0.004899999983,6.471950487,-0.00778213537,-0.02872177718
3055,0.007900000003,-0.004899999978,6.146592889,-0.02197740117,-0.03651744778
3121,0.0082,-0.004899999977,6.250576107,-0.02099433166,-0.040280662
3358,0.009100000007,-0.004899999977,6.466273352,-0.009461345735,-0.03185934536
3033,0.007800000004,-0.004899999972,6.112967137,-0.0220293583,-0.0349248936
3011,0.007700000007,-0.00489999997,6.080456383,-0.02197386077,-0.03323590041
3147,0.0083,-0.00489999997,6.284697505,-0.02033910495,-0.0410304272
3173,0.0084,-0.004899999964,6.31760879,-0.01950382464,-0.04144027103
3200,0.008499999998,-0.004899999959,6.348644024,-0.01848623542,-0.04145946867
2989,0.007600000012,-0.004899999955,6.049306041,-0.02182943874,-0.03148540074
3330,0.009000000012,-0.004899999949,6.456569879,-0.01116211309,-0.03461854667
2967,0.007500000015,-0.004899999928,6.019694475,-0.02161372691,-0.0297022011
3226,0.008599999997,-0.004899999928,6.377205809,-0.017292293,-0.04104471221
2907,0.007199999979,-0.004899999926,5.941092541,-0.02069207506,-0.02435950391
2873,0.006999999777,-0.004899999923,5.897584101,-0.01996999376,-0.02092389888
2889,0.007099999924,-0.004899999918,5.918445751,-0.02033528469,-0.02262430889
3304,0.008900000015,-0.004899999909,6.442674327,-0.01283652014,-0.03694317567
2946,0.007400000009,-0.00489999989,5.991743724,-0.02134292891,-0.02790923829
2926,0.007299999998,-0.004899999883,5.965529699,-0.021031516,-0.02612406858
3278,0.008800000015,-0.004899999861,6.424641882,-0.01444042195,-0.03879667873
3252,0.008700000005,-0.004899999775,6.402707067,-0.01593606711,-0.0401632388
2742,0.005899997706,-0.004800039403,5.758094879,-0.01521482172,-0.004143436665
2727,0.005699999732,-0.004800037711,5.757767535,-0.01478673415,-0.001429243844
2751,0.005999996382,-0.004800036562,5.760583949,-0.01544963855,-0.0055172973
2734,0.005799998545,-0.004800034646,5.757155281,-0.0149941944,-0.002781287642
2720,0.005600000979,-0.00480003279,5.759927247,-0.01459092676,-8.611172705e-05
2761,0.006099995066,-0.004800032536,5.764625123,-0.01569986736,-0.006905027511
2772,0.006199994218,-0.004800031339,5.770222546,-0.01596656154,-0.008309237573
2714,0.005500002175,-0.004800029282,5.763633808,-0.01440556039,0.001248752561
2785,0.006299993697,-0.004800028611,5.777381051,-0.01625046442,-0.009732928262
2709,0.005400003016,-0.004800026346,5.768882222,-0.01422925625,0.002575527297
2704,0.005300003955,-0.004800023254,5.775663778,-0.01406062418,0.003893893022
2698,0.005200004764,-0.004800019895,5.783965173,-0.01389827382,0.005203065233
2799,0.006399993755,-0.004800017481,5.786108352,-0.01655201987,-0.01117946045
2693,0.005100004839,-0.004800014176,5.793767404,-0.01374079361,0.006501817811
2694,0.005000006297,-0.004800013636,5.805046841,-0.01358690883,0.007788444876
5257,0.004900004565,-0.004800006762,5.817769552,-0.01343509533,0.009060944884
2813,0.00649999738,-0.004800004732,5.796419921,-0.01687152027,-0.01265254567
5256,0.004800003286,-0.004800003743,5.83189684,-0.01328414421,0.01031679473
2827,0.006599998765,-0.004800001532,5.808335567,-0.01720883421,-0.01415593535
2605,0.004700001692,-0.004800001432,5.847379481,-0.01313268305,0.01155320442
2841,0.00669999925,-0.004800000714,5.821876364,-0.01756302071,-0.01569340421
2587,0.004600000951,-0.004800000599,5.864159778,-0.01297941505,0.01276705304
2856,0.006799999308,-0.004800000477,5.837069053,-0.01793247848,-0.01726848307
2570,0.004500000864,-0.004800000459,5.882170938,-0.01282305982,0.01395497404
2872,0.006899999462,-0.004800000222,5.853944271,-0.01831472586,-0.01888417464
2550,0.004400000362,-0.004800000156,5.901337215,-0.01266237298,0.01511339524
2531,0.004300000332,-0.004800000111,5.921573449,-0.01249617867,0.01623855989
2530,0.004200000106,-0.004800000032,5.942786006,-0.0123233497,0.01732663294
5227,0.004100000073,-0.004800000013,5.964873071,-0.01214282179,0.01837373373
5216,0.00400000005,-0.004800000006,5.987725469,-0.01195360786,0.0193760118
2888,0.006999999779,-0.004800000005,5.872534745,-0.01870619994,-0.0205425809
5202,0.003900000017,-0.004800000001,6.011227681,-0.01175480567,0.02032970835
4209,0.0,-0.0048,6.549171312,0.0,0.0
4208,0.0001,-0.0048,6.548792158,-2.607731489e-05,0.003227050882
4228,0.0002,-0.0048,6.547678498,-8.234896845e-05,0.006146953382
4251,0.0003,-0.0048,6.546147369,-0.0001748569369,0.008774101608
4274,0.0004,-0.0048,6.544402044,-0.0003059006075,0.0111258955
4295,0.0005,-0.0048,6.542338009,-0.0004742620964,0.01322106202
4318,0.0006,-0.0048,6.539881467,-0.0006790101968,0.01507972057
4342,0.0007,-0.0048,6.536937009,-0.0009180447937,0.0167228079
4367,0.0008,-0.0048,6.533425923,-0.001188894141,0.01817162229
4393,0.0009,-0.0048,6.529271223,-0.001488539134,0.01944721118
4420,0.001,-0.0048,6.524406189,-0.001813708443,0.02056981524
4448,0.0011,-0.0048,6.518770957,-0.002160952937,0.02155834802
4477,0.0012,-0.0048,6.512313481,-0.00252680031,0.02242997768
4507,0.0013,-0.0048,6.504988136,-0.002907845947,0.02319981943
4536,0.0014,-0.0048,6.496755297,-0.00330083988,0.02388075281
4567,0.0015,-0.0048,6.487580942,-0.003702739574,0.02448335964
4597,0.0016,-0.0048,6.477436427,-0.00411074007,0.02501596411
4629,0.0017,-0.0048,6.466295235,-0.004522311224,0.02548477121
4660,0.0018,-0.0048,6.454138016,-0.00493517584,0.02589410179
4691,0.0019,-0.0048,6.44095404,-0.00534729809,0.02624657654
4724,0.002,-0.0048,6.426734621,-0.005756869615,0.02654340793
4758,0.0021,-0.0048,6.411477538,-0.006162286878,0.02678473005
4791,0.0022,-0.0048,6.395189477,-0.006562140656,0.02696981519
4820,0.0023,-0.0048,6.377884841,-0.006955176339,0.02709733262
4848,0.0024,-0.0048,6.359586876,-0.007340283551,0.02716557819
4875,0.0025,-0.0048,6.340328292,-0.007716477443,0.02717266801
4901,0.0026,-0.0048,6.32015174,-0.008082888493,0.02711670378
4928,0.0027,-0.0048,6.299110073,-0.008438752153,0.02699591001
4955,0.0028,-0.0048,6.277265935,-0.008783419731,0.02680873752
4981,0.0029,-0.0048,6.254695246,-0.009116310646,0.026553946
5007,0.003,-0.0048,6.231481862,-0.009436992762,0.02623075169
5033,0.0031,-0.0048,6.207713922,-0.009745120489,0.02583873302
5059,0.0032,-0.0048,6.183494916,-0.01004044495,0.02537788691
5086,0.0033,-0.0048,6.158937133,-0.01032287366,0.02484877875
5111,0.0034,-0.0048,6.134155307,-0.0105923919,0.02425243547
5133,0.0035,-0.0048,6.109270553,-0.01084912166,0.0235903499
5153,0.0036,-0.0048,6.08440793,-0.01109330509,0.02286447175
3570,0.0097,-0.0048,6.444959638,-0.001349279746,-0.0110299786
3601,0.0098,-0.0048,6.435927196,-0.0006507449948,-0.007136247692
3630,0.0099,-0.0048,6.428453927,-0.0002107073815,-0.003440190261
3657,0.01,-0.0048,6.425860493,0.0,0.0
5170,0.003700000002,-0.004799999999,6.059694752,-0.01132530611,0.02207717597
5186,0.003800000006,-0.004799999999,6.035258982,-0.01154560718,0.0212312226
3508,0.0095,-0.004799999999,6.458762241,-0.003486190758,-0.01908465814
3539,0.0096,-0.004799999999,6.452702684,-0.002305202826,-0.01504301852
3476,0.009400000001,-0.004799999998,6.462386269,-0.004861538312,-0.02305598215
3445,0.009300000001,-0.004799999997,6.463025423,-0.006389327207,-0.02685596845
3098,0.008000000001,-0.004799999994,6.152885875,-0.02120031646,-0.03816493621
3120,0.0081,-0.004799999994,6.188163696,-0.02098774169,-0.03958693207
3076,0.007900000001,-0.004799999993,6.118226614,-0.02127432703,-0.03657747127
3146,0.0082,-0.004799999992,6.223622589,-0.02061814564,-0.04079028699
3416,0.009200000002,-0.004799999992,6.460096806,-0.008023616084,-0.03038741163
3172,0.0083,-0.004799999989,6.258729229,-0.02007538995,-0.04171843163
3054,0.007800000002,-0.004799999988,6.084570709,-0.02122931939,-0.03487197166
3386,0.009100000004,-0.004799999988,6.453172391,-0.009713826111,-0.03356297247
3032,0.007700000003,-0.004799999987,6.052201535,-0.02108527101,-0.03308934925
3199,0.0084,-0.004799999987,6.292865168,-0.01934921076,-0.04231362559
3225,0.0085,-0.004799999983,6.325364643,-0.01843437655,-0.04251859775
3010,0.007600000004,-0.00479999998,6.021330184,-0.02086137281,-0.03126367262
3357,0.009000000005,-0.004799999978,6.441984932,-0.01140904699,-0.03631035516
2906,0.007099999909,-0.004799999976,5.892872717,-0.01910204743,-0.0222444536
2988,0.007500000004,-0.004799999971,5.992101537,-0.02057546102,-0.029422315
2925,0.007199999966,-0.004799999969,5.914986676,-0.01949591134,-0.02398867163
3251,0.008599999998,-0.004799999966,6.355563431,-0.01733237444,-0.04228150053
2945,0.007299999988,-0.004799999957,5.938896505,-0.01987973467,-0.02577160771
3329,0.008900000008,-0.004799999955,6.426415278,-0.01305928373,-0.03857609045
2966,0.007399999999,-0.004799999952,5.964607257,-0.02024357223,-0.02758642704
3303,0.008800000006,-0.004799999937,6.406582724,-0.01462008617,-0.04032910552
3277,0.008700000002,-0.004799999875,6.382828834,-0.01605434402,-0.04156080375
2741,0.005799998896,-0.004700021524,5.737980525,-0.01363734381,-0.002568998676
2760,0.005999998116,-0.004700020523,5.741124942,-0.01408863865,-0.005275575827
2750,0.005899998503,-0.004700019532,5.738787876,-0.01385539711,-0.003917026445
2733,0.005699999495,-0.00470001822,5.738704075,-0.01343309347,-0.001229762477
2784,0.006199996986,-0.004700016738,5.750379278,-0.01460523017,-0.008033626335
2771,0.006099997839,-0.004700016315,5.744988209,-0.01433816672,-0.00664685921
2726,0.005600000188,-0.004700015964,5.740961888,-0.0132414244,0.0001018666214
2719,0.005500000583,-0.004700013987,5.744754587,-0.01306099978,0.001426579336
2713,0.005400001006,-0.004700012479,5.75008035,-0.0128904884,0.002744552492
2703,0.005200002281,-0.004700012248,5.765304105,-0.01257389873,0.005358552405
2708,0.005300001487,-0.004700011135,5.756933522,-0.0127285542,0.004055475323
2798,0.00629999681,-0.004700011081,5.757298547,-0.01489066049,-0.009439079816
2700,0.00510000355,-0.004700011057,5.775175177,-0.01242513919,0.006652543403
2635,0.005000003037,-0.004700008335,5.786524565,-0.0122809733,0.007935796915
2812,0.006399998261,-0.004700003739,5.765753083,-0.01519528409,-0.01086689176
2621,0.004900001778,-0.004700003354,5.799322077,-0.01214009826,0.009206208583
2604,0.00480000194,-0.004700002727,5.813530518,-0.01200132163,0.01046126527
2826,0.006499998798,-0.004700002309,5.775755072,-0.01551968013,-0.01232106193
2840,0.006599998941,-0.004700001674,5.787319393,-0.01586388263,-0.01380585593
2586,0.004700001278,-0.004700001216,5.829102451,-0.01186329737,0.01169818467
2855,0.006699999482,-0.004700000528,5.800467207,-0.01622747454,-0.0153256676
2567,0.00460000052,-0.004700000351,5.845982105,-0.01172479773,0.01291382267
2871,0.006799999672,-0.004700000267,5.815225608,-0.01660942536,-0.01688478702
2549,0.004500000279,-0.004700000181,5.864104283,-0.01158460546,0.01410476305
2887,0.006899999725,-0.004700000136,5.831626538,-0.01700786537,-0.01848715753
2527,0.004400000195,-0.004700000104,5.883394293,-0.01144151738,0.01526738645
2508,0.004300000097,-0.004700000051,5.903768044,-0.01129437126,0.01639790823
2905,0.006999999861,-0.004700000033,5.849706059,-0.01741992932,-0.0201360309
2484,0.004200000065,-0.004700000021,5.925132549,-0.01114204978,0.01749243391
2483,0.004100000044,-0.004700000013,5.947386502,-0.01098348614,0.01854702167
5228,0.004000000028,-0.004700000006,5.970420895,-0.01081767484,0.01955774662
5217,0.003900000019,-0.004700000004,5.994120085,-0.0106436797,0.02052076796
2924,0.007099999892,-0.004700000004,5.869502178,-0.01784153539,-0.02183351972
5203,0.003800000006,-0.004700000001,6.018362937,-0.01046064324,0.02143239474
4230,0.0,-0.0047,6.537815626,0.0,0.0
4229,0.0001,-0.0047,6.537479334,-2.138092875e-05,0.003260209453
4252,0.0002,-0.0047,6.536496468,-6.846482937e-05,0.006214960168
4275,0.0003,-0.0047,6.535117399,-0.000147321637,0.008878053341
4296,0.0004,-0.0047,6.533488561,-0.0002607192577,0.01126611098
4319,0.0005,-0.0047,6.531512407,-0.0004084081748,0.01339702561
4343,0.0006,-0.0047,6.52911412,-0.0005900715902,0.01529011655
4368,0.0007,-0.0047,6.526201907,-0.0008042146685,0.01696561504
4394,0.0008,-0.0047,6.522698023,-0.001048816651,0.01844424712
4421,0.0009,-0.0047,6.518527322,-0.001321227247,0.01974663824
4449,0.001,-0.0047,6.513624235,-0.001618440022,0.02089275908
4478,0.0011,-0.0047,6.507930079,-0.001937191792,0.02190139444
4508,0.0012,-0.0047,6.50139375,-0.002274124525,0.02278970611
4537,0.0013,-0.0047,6.493970503,-0.00262589294,0.02357290283
4568,0.0014,-0.0047,6.485621545,-0.002989264009,0.02426403338
4598,0.0015,-0.0047,6.476313431,-0.003361184313,0.02487389945
4630,0.0016,-0.0047,6.466018081,-0.003738821046,0.02541108133
4661,0.0017,-0.0047,6.454711713,-0.004119607688,0.02588203762
4692,0.0018,-0.0047,6.442372193,-0.004501236129,0.02629133285
4725,0.0019,-0.0047,6.428989828,-0.004881646807,0.02664185829
4759,0.002,-0.0047,6.414560559,-0.005259023538,0.02693505352
4792,0.0021,-0.0047,6.399080289,-0.005631764271,0.02717123835
4821,0.0022,-0.0047,6.382556402,-0.005998479024,0.02734987242
4849,0.0023,-0.0047,6.365004808,-0.006357957321,0.02746978543
4876,0.0024,-0.0047,6.346449856,-0.006709144545,0.02752941569
4902,0.0025,-0.0047,6.326925552,-0.007051130521,0.02752700691
4929,0.0026,-0.0047,6.306475927,-0.007383132975,0.0274607772
4956,0.0027,-0.0047,6.285154554,-0.007704494128,0.02732905854
4982,0.0028,-0.0047,6.263026289,-0.008014671014,0.02713039866
5008,0.0029,-0.0047,6.240173176,-0.008313220512,0.02686371934
5034,0.003,-0.0047,6.216673904,-0.008599808368,0.02652829803
5060,0.0031,-0.0047,6.192618559,-0.008874234171,0.02612378172
5087,0.0032,-0.0047,6.168118731,-0.009136409876,0.02565034818
5112,0.0033,-0.0047,6.143284842,-0.009386338527,0.02510866529
5134,0.0034,-0.0047,6.118233747,-0.009624142487,0.02449986702
5154,0.0035,-0.0047,6.093088485,-0.009850064875,0.02382556634
5171,0.003600000001,-0.0047,6.067975717,-0.01006446032,0.02308783048
5187,0.003700000002,-0.0047,6.04302415,-0.01026779525,0.02228914962
3538,0.0095,-0.0047,6.449153124,-0.003625898642,-0.02039204831
3569,0.0096,-0.0047,6.443267158,-0.002405523715,-0.0161382345
3600,0.0097,-0.0047,6.435470339,-0.001412299665,-0.01188111874
3629,0.0098,-0.0047,6.426186878,-0.0006831217356,-0.007719240435
3656,0.0099,-0.0047,6.418447337,-0.0002217592595,-0.003737851468
3683,0.01,-0.0047,6.415764177,0.0,0.0
3475,0.0093,-0.004699999999,6.452233701,-0.006596410771,-0.0284620158
3507,0.0094,-0.004699999999,6.452331116,-0.005038387028,-0.02453587748
3075,0.007800000001,-0.004699999998,6.057766205,-0.02036021525,-0.03472872529
3097,0.0079,-0.004699999998,6.091279494,-0.02049731782,-0.03653872435
3119,0.008,-0.004699999998,6.125980524,-0.02052376183,-0.03825137087
3145,0.0081,-0.004699999998,6.161527651,-0.02041845556,-0.0398188704
3444,0.009200000001,-0.004699999998,6.448273727,-0.008249707988,-0.03206854744
3171,0.0082,-0.004699999997,6.197511827,-0.02016094408,-0.04118633899
3224,0.0084,-0.004699999996,6.26853459,-0.01911842894,-0.04307795152
3198,0.0083,-0.004699999995,6.233369778,-0.01973225408,-0.04229347527
3053,0.007700000001,-0.004699999994,6.025689695,-0.02013328174,-0.03286166803
3415,0.009100000002,-0.004699999994,6.440047045,-0.009943969987,-0.03526609696
3250,0.0085,-0.004699999993,6.30234323,-0.01831097934,-0.04347652291
3031,0.007600000001,-0.004699999991,5.995225496,-0.01983606596,-0.03097026596
3356,0.008900000002,-0.00469999999,6.410096559,-0.01324280606,-0.040170676
2987,0.007399999995,-0.004699999989,5.93953173,-0.01909969517,-0.02721013595
2944,0.007199999962,-0.004699999987,5.891052251,-0.01826715305,-0.02358008754
3385,0.009000000002,-0.004699999987,6.427336852,-0.0116254495,-0.03798330328
3276,0.008599999999,-0.004699999986,6.334040029,-0.01730761426,-0.0434287651
3328,0.008800000001,-0.004699999985,6.388492944,-0.01475161133,-0.04180423448
2965,0.007299999986,-0.004699999984,5.914388373,-0.01868957506,-0.02537390939
3009,0.007499999999,-0.004699999983,5.966485461,-0.01948632479,-0.02908006651
3302,0.0087,-0.004699999974,6.362964518,-0.01611562573,-0.04288375032
2759,0.005899998894,-0.004600011827,5.721520507,-0.01249818974,-0.003692592612
2749,0.005799999317,-0.00460000992,5.720820904,-0.01228226135,-0.002359417207
2770,0.005999998825,-0.004600009903,5.72372755,-0.01272989889,-0.005035017244
2783,0.006099998548,-0.00460000981,5.727437453,-0.01297871899,-0.006388984132
2797,0.006199998253,-0.004600009434,5.732646071,-0.01324582072,-0.007757319699
2811,0.006299997628,-0.004600009039,5.739352217,-0.01353231071,-0.009143380053
2740,0.00569999971,-0.004600008582,5.721635509,-0.0120808891,-0.001033749362
2732,0.005599999924,-0.00460000737,5.723969752,-0.01189277422,0.0002856243939
2636,0.005100001515,-0.004600006938,5.7584492,-0.0111063072,0.006794537919
2725,0.005500000085,-0.004600006449,5.727827505,-0.01171662891,0.00159938915
2622,0.005000002134,-0.004600006024,5.769846437,-0.01097101433,0.008073254974
2718,0.005400000249,-0.004600005946,5.733209768,-0.01155117259,0.002907720938
2647,0.005200000814,-0.004600005724,5.748531284,-0.01124725507,0.005506325484
2658,0.005300000368,-0.004600005207,5.740113556,-0.01139512669,0.004210301653
2825,0.006399998304,-0.004600003781,5.747557889,-0.01383907759,-0.0105510325
2606,0.004900001117,-0.004600002743,5.782695193,-0.01084015528,0.009340392038
2839,0.006499999011,-0.004600002024,5.757272005,-0.01416696271,-0.0119845903
2588,0.004800000846,-0.004600001464,5.796959747,-0.01071257682,0.01059343157
2854,0.006599999342,-0.004600001012,5.76850704,-0.01451634836,-0.01344871031
2568,0.004700000636,-0.00460000087,5.812594809,-0.01058706064,0.01182954846
2870,0.006699999551,-0.004600000522,5.78128215,-0.01488722766,-0.01494830854
2547,0.004600000471,-0.004600000447,5.829545862,-0.01046242601,0.01304558297
2886,0.006799999688,-0.004600000272,5.795622836,-0.01527903821,-0.01648836084
2526,0.00450000031,-0.004600000205,5.847749042,-0.01033750293,0.01423811066
2904,0.006899999845,-0.004600000101,5.811561136,-0.01569049318,-0.01807366569
2505,0.004400000142,-0.004600000082,5.867130706,-0.01021113508,0.01540348741
2923,0.006999999857,-0.004600000069,5.829134834,-0.01611940291,-0.01970852477
2482,0.004300000084,-0.004600000042,5.887607645,-0.01008219278,0.01653789128
2459,0.004200000051,-0.004600000024,5.909087553,-0.00994957483,0.01763738759
2943,0.007099999946,-0.004600000014,5.84838573,-0.01656243609,-0.02139635082
5236,0.004000000021,-0.004600000008,5.954644671,-0.009669105108,0.01971570446
2458,0.004100000019,-0.004600000007,5.931469504,-0.009812218063,0.01869798608
5218,0.003800000006,-0.004600000002,6.00290608,-0.009361817763,0.02160701463
5229,0.003900000007,-0.004600000002,5.978497349,-0.009519271867,0.0206866362
4254,0.0,-0.0046,6.526549762,0.0,0.0
4253,0.0001,-0.0046,6.52625687,-1.670088243e-05,0.003287058218
4276,0.0002,-0.0046,6.525406465,-5.460309133e-05,0.006271380898
4297,0.0003,-0.0046,6.524182539,-0.000119763874,0.008966084587
4320,0.0004,-0.0046,6.522675243,-0.0002153947408,0.01138691079
4344,0.0005,-0.0046,6.520794228,-0.0003421926836,0.01355081351
4369,0.0006,-0.0046,6.518463699,-0.0005004448093,0.01547620489
4395,0.0007,-0.0046,6.515595617,-0.0006892609714,0.01718250358
4422,0.0008,-0.0046,6.512113262,-0.0009070773243,0.01868975922
4450,0.0009,-0.0046,6.507943374,-0.001151623956,0.02001807765
4479,0.001,-0.0046,6.503021516,-0.001420173687,0.02118707104
4509,0.0011,-0.0046,6.497290156,-0.00170966581,0.02221531907
4538,0.0012,-0.0046,6.490699201,-0.002016873325,0.02311991423
4569,0.0013,-0.0046,6.483204752,-0.00233852494,0.02391611031
4599,0.0014,-0.0046,6.474768767,-0.002671419265,0.02461708882
4631,0.0015,-0.0046,6.465358513,-0.003012500642,0.02523384721
4662,0.0016,-0.0046,6.454946127,-0.00335893001,0.02577520393
4693,0.0017,-0.0046,6.443509239,-0.003708103003,0.02624788571
4726,0.0018,-0.0046,6.431028119,-0.004057687007,0.02665669803
4760,0.0019,-0.0046,6.41748958,-0.004405598857,0.02700480696
4793,0.002,-0.0046,6.402890787,-0.004750026509,0.02729390275
4822,0.0021,-0.0046,6.387231799,-0.00508939108,0.02752449405
4850,0.0022,-0.0046,6.37051886,-0.005422306664,0.02769625375
4877,0.0023,-0.0046,6.352768771,-0.005747614462,0.02780819178
4903,0.0024,-0.0046,6.334006915,-0.006064321236,0.02785890299
4930,0.0025,-0.0046,6.314268335,-0.006371595503,0.0278467753
4957,0.0026,-0.0046,6.293598063,-0.006668751913,0.02777015884
4983,0.0027,-0.0046,6.272051459,-0.006955245771,0.02762750052
5009,0.0028,-0.0046,6.249698357,-0.007230615564,0.02741747285
5035,0.0029,-0.0046,6.226614194,-0.007494579598,0.02713913798
5061,0.003,-0.0046,6.202880473,-0.007746943523,0.02679184816
5088,0.0031,-0.0046,6.17859729,-0.007987613704,0.02637535571
5113,0.0032,-0.0046,6.153872222,-0.008216652209,0.0258899794
5135,0.0033,-0.0046,6.128816687,-0.008434182413,0.02533648686
5155,0.0034,-0.0046,6.103550151,-0.008640461384,0.02471612429
5172,0.0035,-0.0046,6.078197057,-0.008835848965,0.02403061544
5188,0.003600000001,-0.0046,6.052885392,-0.009020811094,0.0232821357
5204,0.003700000002,-0.0046,6.02774502,-0.009195913742,0.02247327904
3537,0.0094,-0.0046,6.442537065,-0.005208852558,-0.02604868256
3568,0.0095,-0.0046,6.439861293,-0.003762365765,-0.02173760649
3599,0.0096,-0.0046,6.434195039,-0.002504552074,-0.01727214555
3628,0.0097,-0.0046,6.426378047,-0.001475044848,-0.01276696927
3655,0.0098,-0.0046,6.416863281,-0.0007155841271,-0.008328843643
3682,0.0099,-0.0046,6.4088669,-0.0002328896894,-0.004050407261
3708,0.01,-0.0046,6.406097237,0.0,0.0
2964,0.007199999976,-0.004599999999,5.869357565,-0.01701489325,-0.02313913616
3096,0.0078,-0.004599999999,6.032749875,-0.01943098254,-0.03450079277
3118,0.0079,-0.004599999999,6.065969118,-0.0196546332,-0.03640599371
3144,0.008,-0.004599999999,6.100541107,-0.01977689329,-0.03823551737
3170,0.0081,-0.004599999999,6.136167174,-0.01977538666,-0.03994177441
3197,0.0082,-0.004599999999,6.172444703,-0.01962780891,-0.04146902043
3474,0.0092,-0.004599999999,6.436593354,-0.008459060758,-0.03375873812
3506,0.0093,-0.004599999999,6.441642544,-0.006792624384,-0.03009110169
3223,0.0083,-0.004599999998,6.208860242,-0.01931344969,-0.04275426971
3249,0.0084,-0.004599999998,6.244872354,-0.0188140544,-0.04373017329
3074,0.0077,-0.004599999997,6.001094868,-0.01912730156,-0.03255902621
3275,0.0085,-0.004599999997,6.27979951,-0.01811749633,-0.04432796944
3443,0.009100000001,-0.004599999997,6.427019266,-0.01015023857,-0.03696107069
3052,0.0076,-0.004599999996,5.971143355,-0.01876319192,-0.03061159372
3384,0.008900000001,-0.004599999995,6.393842964,-0.01338572211,-0.04171801653
3008,0.007399999993,-0.004599999994,5.916624203,-0.01792095679,-0.02678656942
3301,0.0086,-0.004599999994,6.312851084,-0.01721838533,-0.04447962841
2986,0.007299999983,-0.004599999993,5.892092122,-0.01747046406,-0.02493682566
3355,0.008800000001,-0.004599999993,6.370521049,-0.01483375644,-0.04321329611
3414,0.009000000001,-0.004599999993,6.41275619,-0.01180987802,-0.03962882875
3030,0.007499999998,-0.004599999992,5.942975024,-0.01835606965,-0.02868186271
3327,0.0087,-0.004599999991,6.343311815,-0.01611938389,-0.04412399368
2782,0.005999999166,-0.004500006327,5.708362008,-0.01137651353,-0.004795497806
2769,0.005899999437,-0.004500005139,5.706261958,-0.01114594658,-0.003469815624
2796,0.006099999122,-0.00450000489,5.711940904,-0.01162470137,-0.006131466324
2758,0.00579999969,-0.00450000455,5.705650169,-0.01093177357,-0.002152113484
2607,0.005000000991,-0.004500004262,5.755010852,-0.009659664089,0.008201741902
2810,0.00619999924,-0.004500004078,5.716991667,-0.01189180273,-0.007480611022
2748,0.005699999824,-0.004500003866,5.706535846,-0.01073271583,-0.0008406387091
2648,0.005300000237,-0.004500003637,5.72519042,-0.01006286567,0.004359192499
2659,0.005400000133,-0.004500003472,5.718253376,-0.01021380518,0.003065814606
2739,0.005599999906,-0.004500003295,5.708927632,-0.01054752059,0.0004658112145
2824,0.00629999908,-0.004500003198,5.723509278,-0.01217900315,-0.008846380672
2623,0.005100000513,-0.004500002928,5.743584097,-0.009786932699,0.006928645915
2637,0.005200000294,-0.004500002922,5.733637785,-0.009920953464,0.005647228576
2666,0.005499999971,-0.004500002858,5.71283223,-0.01037495169,0.00176790994
2569,0.004800000561,-0.0045000013,5.782191708,-0.009420725547,0.0107141818
2838,0.006399999508,-0.004500001225,5.731492601,-0.01248738436,-0.01023279776
2589,0.004900000353,-0.004500001191,5.767891299,-0.009537936954,0.009464430548
2853,0.006499999546,-0.004500000942,5.740945783,-0.01281791284,-0.01164439181
2548,0.004700000186,-0.004500000368,5.797867875,-0.009306859423,0.01194816642
2869,0.006599999774,-0.004500000355,5.751878189,-0.01317125338,-0.0130861606
2525,0.004600000248,-0.004500000328,5.814866701,-0.009195253942,0.01316320681
2885,0.006699999811,-0.004500000255,5.764306188,-0.01354775937,-0.01456345876
2504,0.004500000212,-0.004500000202,5.833125269,-0.009084779142,0.01435588135
2903,0.006799999855,-0.004500000183,5.778252936,-0.01394730558,-0.01608184361
2922,0.006899999871,-0.004500000112,5.793749303,-0.01436912836,-0.01764687626
2479,0.004400000135,-0.004500000092,5.852570843,-0.008974332766,0.01552252682
2942,0.006999999916,-0.004500000052,5.81083323,-0.01481165946,-0.01926383622
2457,0.004300000055,-0.004500000031,5.873121001,-0.008862821939,0.01665930234
2963,0.007099999964,-0.004500000015,5.829548257,-0.01527230101,-0.02093732544
2432,0.004200000024,-0.004500000011,5.894683946,-0.008749169508,0.01776224543
2985,0.007199999973,-0.004500000006,5.849942325,-0.01574717971,-0.02267078043
2408,0.004100000011,-0.004500000004,5.917159077,-0.008632320709,0.01882733227
2381,0.004000000008,-0.004500000003,5.940437722,-0.008511251193,0.01985053937
2354,0.003800000002,-0.004500000001,5.988936555,-0.008252552781,0.02175561598
2355,0.003900000003,-0.004500000001,5.964404114,-0.008384974838,0.02082790925
4278,0.0,-0.0045,6.515412575,0.0,0.0
4277,0.0001,-0.0045,6.515163026,-1.207131394e-05,0.003307639673
4298,0.0002,-0.0045,6.514445624,-4.086762738e-05,0.006316247024
4321,0.0003,-0.0045,6.51337898,-9.238719362e-05,0.009038174755
4345,0.0004,-0.0045,6.511997636,-0.0001702547533,0.01148819405
4370,0.0005,-0.0045,6.510218746,-0.00027608382,0.01368222628
4396,0.0006,-0.0045,6.507965551,-0.0004107481414,0.01563767928
4423,0.0007,-0.0045,6.505153871,-0.0005739559569,0.01737306073
4451,0.0008,-0.0045,6.501708057,-0.0007646019228,0.0189076465
4480,0.0009,-0.0045,6.497556719,-0.0009808058162,0.02026093
4510,0.001,-0.0045,6.49263668,-0.001220132065,0.0214520792
4539,0.0011,-0.0045,6.486891451,-0.001479736649,0.0224993958
4570,0.0012,-0.0045,6.480271928,-0.001756539822,0.02341983893
4600,0.0013,-0.0045,6.472734858,-0.002047359195,0.02422865376
4632,0.0014,-0.0045,6.464242794,-0.002349041123,0.02493911918
4663,0.0015,-0.0045,6.454763908,-0.002658543343,0.02556240716
4694,0.0016,-0.0045,6.444270705,-0.002973027032,0.02610755456
4727,0.0017,-0.0045,6.432741237,-0.003289866547,0.0265815496
4761,0.0018,-0.0045,6.420158706,-0.003606688583,0.02698946896
4794,0.0019,-0.0045,6.406506124,-0.003921427478,0.02733471022
4823,0.002,-0.0045,6.391781713,-0.004232272925,0.02761925011
4851,0.0021,-0.0045,6.37599111,-0.004537648204,0.02784384715
4878,0.0022,-0.0045,6.359137848,-0.004836206138,0.02800835891
4904,0.0023,-0.0045,6.341239199,-0.005126829305,0.02811200241
4931,0.0024,-0.0045,6.322322097,-0.005408593873,0.02815354943
4958,0.0025,-0.0045,6.3024221,-0.005680746615,0.02813155041
4984,0.0026,-0.0045,6.281584562,-0.00594270638,0.02804450068
5010,0.0027,-0.0045,6.259867916,-0.00619402433,0.02789094806
5036,0.0028,-0.0045,6.237344876,-0.006434382732,0.02766976276
5062,0.0029,-0.0045,6.214084565,-0.006663604701,0.02738008675
5089,0.003,-0.0045,6.190172409,-0.006881643913,0.02702133851
5114,0.0031,-0.0045,6.165715247,-0.007088567457,0.02659346248
5136,0.0032,-0.0045,6.140818102,-0.007284531665,0.0260968625
5156,0.0033,-0.0045,6.115594045,-0.007469807042,0.02553240631
5173,0.0034,-0.0045,6.090163898,-0.007644776123,0.02490144912
5189,0.0035,-0.0045,6.064653302,-0.007809917353,0.02420581658
5205,0.0036,-0.0045,6.039191317,-0.007965805124,0.02344778182
2384,0.003700000001,-0.0045,6.013908756,-0.008113102148,0.02263003033
3143,0.0079,-0.0045,6.042483873,-0.0187545825,-0.03618475748
3169,0.008,-0.0045,6.07677423,-0.01896730153,-0.03812188963
3196,0.0081,-0.0045,6.112300124,-0.01906541222,-0.03995900407
3222,0.0082,-0.0045,6.148705321,-0.01902500472,-0.04164007274
3248,0.0083,-0.0045,6.185494795,-0.0188233087,-0.04310038964
3274,0.0084,-0.0045,6.222124973,-0.01843931909,-0.04426806491
3300,0.0085,-0.0045,6.257968882,-0.01785642611,-0.04506899229
3505,0.0092,-0.0045,6.425180558,-0.008650488448,-0.03545133658
3536,0.0093,-0.0045,6.431369726,-0.00697697359,-0.03173792224
3567,0.0094,-0.0045,6.433116779,-0.005372164142,-0.02759048691
3598,0.0095,-0.0045,6.430997634,-0.003895047024,-0.02311872998
3627,0.0096,-0.0045,6.425597115,-0.00260194235,-0.01844324612
3654,0.0097,-0.0045,6.417795514,-0.001537329019,-0.0136868606
3681,0.0098,-0.0045,6.408070452,-0.0007480672312,-0.008964905938
3707,0.0099,-0.0045,6.399826452,-0.0002440898952,-0.004377916146
3730,0.01,-0.0045,6.396973825,0.0,0.0
3007,0.007299999989,-0.004499999999,5.872064537,-0.01623089268,-0.02446585768
3029,0.007399999994,-0.004499999999,5.895960734,-0.01671620347,-0.02632169362
3095,0.0077,-0.004499999999,5.978560195,-0.01807641953,-0.03218786501
3117,0.0078,-0.004499999999,6.009688237,-0.01845042695,-0.03419428993
3326,0.0086,-0.004499999999,6.292222691,-0.01706566372,-0.04542822908
3354,0.0087,-0.004499999999,6.324085012,-0.01606585034,-0.04527430758
3383,0.0088,-0.004499999999,6.352851028,-0.01486587916,-0.04454826096
3413,0.0089,-0.004499999999,6.377816775,-0.0134869395,-0.04320953633
3442,0.009,-0.004499999999,6.398389668,-0.01196111046,-0.04123847046
3473,0.0091,-0.004499999999,6.414223963,-0.01033134223,-0.03864019846
3073,0.0076,-0.004499999998,5.949203559,-0.01765192282,-0.03019414624
3051,0.007499999998,-0.004499999997,5.921667435,-0.0171937762,-0.02823401877
2809,0.006099999482,-0.004400003218,5.698457784,-0.01027845544,-0.005874150139
2795,0.00599999962,-0.004400003065,5.694987215,-0.01003054139,-0.004556694289
2823,0.006199999475,-0.004400002413,5.703374747,-0.01054573053,-0.007203526907
2768,0.005799999858,-0.00440000233,5.692431223,-0.009587760753,-0.0019465419
2781,0.005899999786,-0.004400002209,5.692974175,-0.009800722112,-0.003248258689
2624,0.005200000198,-0.0044000021,5.720605247,-0.008596910782,0.005782066354
2837,0.006299999476,-0.004400001975,5.709729618,-0.01083363807,-0.008548336767
2649,0.005400000002,-0.004400001865,5.705185634,-0.00888018803,0.003219602023
2757,0.005699999906,-0.004400001712,5.693370561,-0.00939040249,-0.0006498116606
2638,0.005300000045,-0.004400001621,5.712141802,-0.008733590441,0.004502947823
2747,0.005599999937,-0.004400001473,5.695803778,-0.009207462717,0.0006431090755
2608,0.00510000023,-0.004400001456,5.730565959,-0.008469050857,0.00705568164
2590,0.005000000311,-0.004400001263,5.742007262,-0.008348980251,0.008322075251
2660,0.005499999967,-0.004400001247,5.69974012,-0.009037767472,0.001932869385
2852,0.00639999955,-0.004400001209,5.717517416,-0.01114336364,-0.009912696961
2571,0.004900000219,-0.00440000077,5.754904477,-0.0082356506,0.009579124798
2868,0.006499999771,-0.004400000512,5.726737969,-0.01147600253,-0.01130131423
2884,0.006599999779,-0.004400000397,5.73739717,-0.01183246495,-0.01271942925
2551,0.004800000153,-0.004400000389,5.769224228,-0.008128030512,0.0108243241
2528,0.004700000084,-0.004400000181,5.784923789,-0.008025083908,0.01205482625
2506,0.004600000102,-0.004400000173,5.801950923,-0.00792576389,0.01326747391
2902,0.006699999886,-0.00440000017,5.74950793,-0.01221338863,-0.01417275389
2480,0.004500000098,-0.004400000133,5.820243552,-0.007829017823,0.0144588345
2455,0.004400000089,-0.004400000088,5.83972962,-0.007733794202,0.01562524217
2941,0.006899999938,-0.004400000079,5.778172779,-0.01304906923,-0.0172094619
2921,0.006799999963,-0.004400000063,5.76309034,-0.01261902305,-0.01566735391
2962,0.006999999942,-0.004400000052,5.794791753,-0.01350254055,-0.01880521159
2431,0.004300000056,-0.004400000039,5.860327251,-0.007639039697,0.01676285007
2984,0.007099999959,-0.004400000025,5.812991028,-0.01397752973,-0.02046028654
2405,0.004200000023,-0.004400000013,5.881945047,-0.007543704504,0.01786768355
3006,0.007199999979,-0.004400000009,5.832820902,-0.01447096197,-0.02217946945
2380,0.00410000001,-0.004400000005,5.904482632,-0.007446746792,0.01893569938
2351,0.004000000005,-0.004400000002,5.92783142,-0.007347139715,0.0199628478
3028,0.007299999989,-0.004400000002,5.854335485,-0.01497831853,-0.0239660573
2324,0.003800000002,-0.004400000001,5.976493199,-0.007135992452,0.02187869626
2325,0.003900000004,-0.004400000001,5.95187558,-0.007243879211,0.02094513657
4300,0.0,-0.0044,6.50443994,0.0,0.0
4299,0.0001,-0.0044,6.504233418,-7.533093755e-06,0.003322032347
4322,0.0002,-0.0044,6.503649066,-2.736889345e-05,0.006349672498
4346,0.0003,-0.0044,6.502741236,-6.539889016e-05,0.009094426092
4371,0.0004,-0.0044,6.501489554,-0.0001256309357,0.01157000207
4397,0.0005,-0.0044,6.499819317,-0.0002105568064,0.01379121951
4424,0.0006,-0.0044,6.497652953,-0.0003216117014,0.01577439357
4452,0.0007,-0.0044,6.494910232,-0.0004590892246,0.01753703485
4481,0.0008,-0.0044,6.491516583,-0.0006223393434,0.01909755596
4511,0.0009,-0.0044,6.487402396,-0.0008098791955,0.02047475182
4540,0.001,-0.0044,6.482506186,-0.001019573823,0.02168726419
4571,0.0011,-0.0044,6.476771973,-0.001248802884,0.02275303921
4601,0.0012,-0.0044,6.470151072,-0.001494655289,0.023688844
4633,0.0013,-0.0044,6.462601608,-0.001754058426,0.02450986697
4664,0.0014,-0.0044,6.454086569,-0.00202391395,0.02522944247
4695,0.0015,-0.0044,6.444574655,-0.002301216736,0.02585888801
4728,0.0016,-0.0044,6.43403867,-0.002583122104,0.02640745218
4762,0.0017,-0.0044,6.422456661,-0.002867000295,0.02688236606
4795,0.0018,-0.0044,6.409813018,-0.003150472396,0.0272889792
4824,0.0019,-0.0044,6.396094402,-0.003431472907,0.02763094688
4852,0.002,-0.0044,6.38129348,-0.003708172632,0.02791054329
4879,0.0021,-0.0044,6.365416239,-0.003979033171,0.02812878563
4905,0.0022,-0.0044,6.348472131,-0.004242768719,0.02828572202
4932,0.0023,-0.0044,6.330476084,-0.00449828104,0.02838079666
4959,0.0024,-0.0044,6.311455581,-0.004744721367,0.02841297358
4985,0.0025,-0.0044,6.291446069,-0.004981425436,0.02838097526
5011,0.0026,-0.0044,6.270493671,-0.005207903602,0.02828344185
5037,0.0027,-0.0044,6.248665673,-0.005423823176,0.02811913903
5063,0.0028,-0.0044,6.22602397,-0.005629007966,0.02788707812
5090,0.0029,-0.0044,6.202638024,-0.005823399552,0.02758643026
5115,0.003,-0.0044,6.178606231,-0.006007092891,0.02721675942
5137,0.0031,-0.0044,6.154028869,-0.006180288516,0.02677815339
2489,0.0032,-0.0044,6.12901179,-0.006343270713,0.02627111231
2464,0.0033,-0.0044,6.103670266,-0.006496449463,0.02569660783
2437,0.0034,-0.0044,6.078126008,-0.006640329097,0.02505609344
2411,0.0035,-0.0044,6.052505602,-0.006775505635,0.02435148777
2385,0.0036,-0.0044,6.02693895,-0.006902659372,0.02358515018
2356,0.003700000001,-0.0044,6.001557625,-0.007022546864,0.02275984488
3050,0.007399999995,-0.0044,5.877588975,-0.01549333784,-0.0258211201
3116,0.0077,-0.0044,5.95819854,-0.01698921871,-0.03175471547
3142,0.0078,-0.0044,5.988718213,-0.01742703388,-0.03381562777
3168,0.0079,-0.0044,6.020984504,-0.0178053436,-0.03588100375
3195,0.008,-0.0044,6.054862078,-0.01810266255,-0.03791569353
3221,0.0081,-0.0044,6.090133051,-0.01829535843,-0.03987454713
3247,0.0082,-0.0044,6.126482742,-0.01835844183,-0.04170195427
3273,0.0083,-0.0044,6.163469867,-0.01826698147,-0.04333224211
3299,0.0084,-0.0044,6.200545223,-0.01799787259,-0.04469044415
3325,0.0085,-0.0044,6.23711031,-0.01753024003,-0.04569672262
3353,0.0086,-0.0044,6.272385536,-0.01685116138,-0.04626948279
3382,0.0087,-0.0044,6.305499751,-0.01595576072,-0.04632821801
3412,0.0088,-0.0044,6.335685625,-0.01484803537,-0.04580177731
3441,0.0089,-0.0044,6.362172082,-0.01354566985,-0.04463748102
3472,0.009,-0.0044,6.384375544,-0.01207816756,-0.04280427519
3504,0.0091,-0.0044,6.401807777,-0.01048631425,-0.04029580455
3535,0.0092,-0.0044,6.414170724,-0.008822921943,-0.03713961747
3566,0.0093,-0.0044,6.421544774,-0.007148611735,-0.03339696902
3597,0.0094,-0.0044,6.42419433,-0.005527645341,-0.02915716721
3626,0.0095,-0.0044,6.422684099,-0.0040234547,-0.02453261403
3653,0.0096,-0.0044,6.417594723,-0.002697390349,-0.01964985429
3680,0.0097,-0.0044,6.409845831,-0.001598943985,-0.01463995221
3706,0.0098,-0.0044,6.399931938,-0.0007805434111,-0.009627182543
3729,0.0099,-0.0044,6.391451224,-0.0002554190248,-0.004720420364
3752,0.01,-0.0044,6.388522583,0.0,0.0
3072,0.007499999997,-0.004399999999,5.902630291,-0.01600770632,-0.02774261103
3094,0.007599999999,-0.004399999999,5.929495588,-0.01651075811,-0.02972432437
2808,0.005999999868,-0.004300001181,5.683556141,-0.008693340205,-0.004318161594
2625,0.005300000022,-0.004300001131,5.700939336,-0.0074086429,0.004642280472
2836,0.006199999794,-0.00430000109,5.691745104,-0.009209204739,-0.006925888194
2650,0.005499999969,-0.004300001069,5.688516119,-0.007706271826,0.002094967539
2591,0.005100000158,-0.004300001061,5.719373079,-0.00715411869,0.007176382248
2639,0.005399999988,-0.004300001054,5.693974664,-0.007551571324,0.003369792942
2778,0.005799999935,-0.004300000935,5.681120685,-0.008251389352,-0.001742096621
2793,0.005899999929,-0.004300000935,5.681611527,-0.008463741586,-0.003027382412
2609,0.005200000057,-0.004300000908,5.709408203,-0.00727648016,0.005911577984
2756,0.00559999998,-0.004300000902,5.684560155,-0.007873762856,0.0008181974376
2572,0.005000000191,-0.004300000865,5.730818459,-0.007040605214,0.008434957629
2822,0.006099999869,-0.00430000085,5.686938872,-0.008941401294,-0.005616701189
2867,0.006399999725,-0.004300000848,5.705581809,-0.00980910213,-0.00959096405
2851,0.006299999801,-0.00430000083,5.697962321,-0.009498015439,-0.008249249626
2766,0.005699999959,-0.00430000079,5.682098861,-0.008055103865,-0.00046061815
2883,0.006499999779,-0.004300000533,5.714599217,-0.01014366895,-0.01095583878
2552,0.004900000087,-0.004300000369,5.743720745,-0.006934993068,0.009685176276
2529,0.004800000095,-0.004300000283,5.758047407,-0.00683633667,0.01092454128
2901,0.006599999888,-0.004300000209,5.725016608,-0.01050278058,-0.01234931118
2507,0.004700000052,-0.004300000115,5.773756539,-0.006743669325,0.01215021691
2920,0.006699999914,-0.004300000107,5.736843062,-0.01088731265,-0.01377738914
2481,0.004600000049,-0.004300000088,5.790796611,-0.006656021228,0.01335905089
2430,0.004400000046,-0.004300000062,5.828613342,-0.006491824464,0.01571226277
2456,0.004500000036,-0.00430000006,5.809106082,-0.006572405656,0.01454761877
2404,0.00430000004,-0.004300000038,5.849236837,-0.006413265712,0.01684914187
2983,0.006999999971,-0.004300000036,5.780982532,-0.01219673824,-0.0183353331
2940,0.006799999969,-0.004300000035,5.750094702,-0.01129783245,-0.01524654684
2961,0.006899999979,-0.00430000003,5.764796511,-0.01173446103,-0.01676357011
3005,0.007099999973,-0.004300000023,5.798695444,-0.01268337981,-0.0199685032
2377,0.004200000024,-0.004300000016,5.870885388,-0.006335708727,0.01795428295
3027,0.007199999983,-0.00430000001,5.817986051,-0.013192056,-0.02166910592
2350,0.00410000001,-0.004300000005,5.893458734,-0.006258127163,0.01902363852
2321,0.004000000006,-0.004300000002,5.916848287,-0.006179494833,0.02005314754
3049,0.007299999995,-0.004300000002,5.838911261,-0.01371910899,-0.02344196824
2293,0.003800000001,-0.004300000001,5.965606078,-0.006015017861,0.02197669517
2294,0.003900000002,-0.004300000001,5.94093811,-0.00609879284,0.02103879881
4324,0.0,-0.0043,6.493664754,0.0,0.0
4323,0.0001,-0.0043,6.493503234,-3.148540038e-06,0.003330391896
4347,0.0002,-0.0043,6.493051006,-1.420474685e-05,0.00637186523
4372,0.0003,-0.0043,6.492300377,-3.899783603e-05,0.009135041812
4398,0.0004,-0.0043,6.491181615,-8.186279106e-05,0.01163250119
4425,0.0005,-0.0043,6.489626028,-0.0001460964335,0.01387789049
4453,0.0006,-0.0043,6.487556098,-0.000233679765,0.01588635504
4482,0.0007,-0.0043,6.484895179,-0.0003454675652,0.01767433181
4512,0.0008,-0.0043,6.481569932,-0.0004812619772,0.01925929057
4541,0.0009,-0.0043,6.477512672,-0.0006399736566,0.02065924765
4572,0.001,-0.0043,6.472662874,-0.0008197764886,0.02189224504
4602,0.0011,-0.0043,6.466965551,-0.001018293588,0.02297580148
4634,0.0012,-0.0043,6.460372584,-0.001232793716,0.02392642792
4665,0.0013,-0.0043,6.452842866,-0.001460327963,0.02475920896
4696,0.0014,-0.0043,6.444339899,-0.001697868002,0.02548749635
4729,0.0015,-0.0043,6.434832354,-0.001942460262,0.02612272039
4763,0.0016,-0.0043,6.424293369,-0.002191269495,0.02667432132
4796,0.0017,-0.0043,6.412701581,-0.002441667591,0.02714977097
4825,0.0018,-0.0043,6.400041507,-0.002691297539,0.02755469
4853,0.0019,-0.0043,6.38630262,-0.002938052617,0.02789302178
4880,0.002,-0.0043,6.371471401,-0.003180145436,0.02816727771
4906,0.0021,-0.0043,6.355555235,-0.003416075634,0.02837878869
4933,0.0022,-0.0043,6.338571138,-0.003644584152,0.02852787008
4960,0.0023,-0.0043,6.320529982,-0.003864649046,0.02861414863
4986,0.0024,-0.0043,6.30145915,-0.004075467459,0.02863681943
5012,0.0025,-0.0043,6.281395926,-0.004276473833,0.0285947811
5038,0.0026,-0.0043,6.260392511,-0.004467229733,0.02848683713
5064,0.0027,-0.0043,6.238504963,-0.00464756277,0.02831200005
5091,0.0028,-0.0043,6.215790265,-0.004817456911,0.02806934124
5116,0.0029,-0.0043,6.19233404,-0.004976966858,0.0277581192
5138,0.003,-0.0043,6.168234449,-0.00512632545,0.02737811516
5157,0.0031,-0.0043,6.143587693,-0.005265838847,0.02692949378
2465,0.0032,-0.0043,6.118501087,-0.005395944356,0.02641285645
2438,0.0033,-0.0043,6.09309084,-0.005517181445,0.0258292767
2412,0.0034,-0.0043,6.067479383,-0.005630178164,0.02518029883
2386,0.0035,-0.0043,6.041793992,-0.005735645452,0.02446792456
2357,0.0036,-0.0043,6.016165218,-0.005834367228,0.02369458764
2326,0.003700000001,-0.0043,5.990725221,-0.005927190975,0.0228631177
3071,0.007399999998,-0.0043,5.861531109,-0.01425924479,-0.0252900084
3093,0.007499999999,-0.0043,5.885904102,-0.01480519803,-0.02721335612
3115,0.0076,-0.0043,5.912080565,-0.0153473919,-0.02920829466
3141,0.0077,-0.0043,5.940093641,-0.01587361961,-0.03126603122
3167,0.0078,-0.0043,5.969947676,-0.01636878854,-0.03337132488
3194,0.0079,-0.0043,6.001603962,-0.01681478133,-0.03550103485
3220,0.008,-0.0043,6.034963821,-0.01719051012,-0.03762269457
3246,0.0081,-0.0043,6.06985121,-0.01747222478,-0.03969327548
3272,0.0082,-0.0043,6.10599303,-0.01763423431,-0.04165834954
3298,0.0083,-0.0043,6.143009965,-0.01764981636,-0.0434519582
3324,0.0084,-0.0043,6.180344616,-0.01749362244,-0.04499741619
3352,0.0085,-0.0043,6.217410226,-0.01714217629,-0.04620930996
3381,0.0086,-0.0043,6.253514635,-0.0165774424,-0.04699986455
3411,0.0087,-0.0043,6.287760737,-0.01579025065,-0.04728034581
3440,0.0088,-0.0043,6.319255999,-0.01478092098,-0.04696701057
3471,0.0089,-0.0043,6.34720418,-0.01356194371,-0.04599435359
3503,0.009,-0.0043,6.370986434,-0.01216024947,-0.04431830177
3534,0.0091,-0.0043,6.389945937,-0.01061410136,-0.04192013968
3565,0.0092,-0.0043,6.403713308,-0.008975494694,-0.03881671964
3596,0.0093,-0.0043,6.412308561,-0.007306797349,-0.03506255306
3625,0.0094,-0.0043,6.415906559,-0.005674734313,-0.03074441974
3652,0.0095,-0.0043,6.41505354,-0.004147161398,-0.02597627625
3679,0.0096,-0.0043,6.410318889,-0.002790622036,-0.02089017076
3705,0.0097,-0.0043,6.402657543,-0.001659669322,-0.01562533676
3728,0.0098,-0.0043,6.392575987,-0.0008129680419,-0.01031550923
3751,0.0099,-0.0043,6.383872825,-0.0002669323675,-0.005078109915
3771,0.01,-0.0043,6.380877548,0.0,0.0
2767,0.005599999967,-0.004200000682,5.675153163,-0.006547039761,0.0009917173655
2592,0.005200000033,-0.004200000661,5.70001568,-0.005960607312,0.006036395167
2626,0.005399999989,-0.004200000631,5.684582981,-0.006228706671,0.003517030214
2553,0.005000000097,-0.004200000554,5.721420032,-0.005735686829,0.008540985108
2573,0.005100000064,-0.004200000552,5.709977733,-0.005843176287,0.007291356215
2821,0.005999999939,-0.004200000544,5.674015478,-0.007365573387,-0.004079376376
2835,0.006099999922,-0.004200000531,5.677329561,-0.007614325531,-0.005358669495
2640,0.005499999989,-0.004200000488,5.679119569,-0.006381126579,0.002254850379
2779,0.00569999997,-0.004200000476,5.672674167,-0.006727408111,-0.0002724297244
2882,0.006399999879,-0.004200000466,5.695627938,-0.008485885897,-0.009267543165
2866,0.006299999896,-0.004200000458,5.688149958,-0.008173195134,-0.00794890462
2850,0.006199999925,-0.004200000443,5.682046379,-0.007883107811,-0.006647341281
2610,0.005299999996,-0.004200000432,5.691548425,-0.006088829558,0.004777840547
2900,0.006499999853,-0.004200000425,5.704472083,-0.008822441682,-0.01060814173
2792,0.005799999967,-0.004200000405,5.671669294,-0.00692325117,-0.001538172745
2807,0.005899999959,-0.004200000404,5.672122431,-0.007135607423,-0.00280661328
2919,0.006599999865,-0.00420000026,5.714680192,-0.009184029626,-0.01197628101
2532,0.004900000051,-0.00420000024,5.734319555,-0.00563726958,0.009783166274
2509,0.004800000058,-0.004200000214,5.748644382,-0.005547064302,0.01101541009
2485,0.004700000048,-0.004200000124,5.764353127,-0.005464184728,0.01223489133
2939,0.006699999937,-0.004200000099,5.726256807,-0.009571716608,-0.01337817472
2460,0.004600000031,-0.004200000065,5.781394628,-0.005387732166,0.01343847557
2960,0.006799999952,-0.004200000051,5.739213828,-0.009986344524,-0.01482060403
2433,0.004500000022,-0.004200000042,5.799707619,-0.005316785272,0.01462275578
2406,0.00440000002,-0.004200000031,5.819220678,-0.005250398717,0.01578409356
2378,0.004300000019,-0.004200000027,5.839852359,-0.005187603625,0.01691866495
2348,0.004200000017,-0.004200000016,5.861511513,-0.00512740887,0.01802251145
2982,0.006899999988,-0.004200000015,5.753572406,-0.01042839459,-0.01631081518
3004,0.006999999991,-0.004200000014,5.76936323,-0.01089784681,-0.01785633555
3026,0.007099999989,-0.004200000014,5.786626587,-0.01139398286,-0.0194646926
3048,0.007199999988,-0.004200000011,5.80541218,-0.0119151601,-0.02114302667
2320,0.004100000013,-0.004200000009,5.884097841,-0.005068804704,0.01909159557
2290,0.004000000006,-0.004200000003,5.907502651,-0.005010767268,0.02012186016
3070,0.007299999995,-0.004200000003,5.825777807,-0.0124585362,-0.02289757566
2262,0.003800000001,-0.004200000001,5.956297012,-0.004892266913,0.02204997686
2263,0.003900000002,-0.004200000001,5.931609829,-0.004952265147,0.0211092903
3092,0.007399999997,-0.004200000001,5.847787015,-0.01301975589,-0.02473299829
4349,0.0,-0.0042,6.483118138,0.0,0.0
4348,0.0001,-0.0042,6.483002802,1.067951902e-06,0.003332901306
4373,0.0002,-0.0042,6.482680643,-1.457353211e-06,0.006383121925
4399,0.0003,-0.0042,6.482084817,-1.336721054e-05,0.009160352692
4426,0.0004,-0.0042,6.481101519,-3.925704713e-05,0.01167600809
4454,0.0005,-0.0042,6.479666177,-8.315631878e-05,0.01394249654
4483,0.0006,-0.0042,6.477702031,-0.0001475679432,0.01597373823
4513,0.0007,-0.0042,6.47513586,-0.0002338784153,0.01778502865
4542,0.0008,-0.0042,6.47189578,-0.0003423312306,0.01939282417
4573,0.0009,-0.0042,6.467915954,-0.0004722218476,0.02081429035
4603,0.001,-0.0042,6.46313629,-0.0006220410516,0.02206679896
4635,0.0011,-0.0042,6.457503252,-0.0007896711833,0.02316738128
4666,0.0012,-0.0042,6.450969449,-0.0009725657636,0.02413223006
4697,0.0013,-0.0042,6.44349343,-0.001167908883,0.02497627105
4730,0.0014,-0.0042,6.435039124,-0.001372772606,0.02571283548
4764,0.0015,-0.0042,6.425575134,-0.001584255277,0.02635344291
4797,0.0016,-0.0042,6.415074904,-0.001799553154,0.02690769877
4826,0.0017,-0.0042,6.403517467,-0.002016059117,0.02738330615
4854,0.0018,-0.0042,6.390886493,-0.00223143073,0.0277861565
4881,0.0019,-0.0042,6.377172495,-0.002443560615,0.02812048171
4907,0.002,-0.0042,6.362366866,-0.002650693009,0.02838905655
4934,0.0021,-0.0042,6.346467186,-0.002851315487,0.02859355685
4961,0.0022,-0.0042,6.329491003,-0.003044248496,0.02873459304
4987,0.0023,-0.0042,6.311457165,-0.003228578689,0.02881191249
5013,0.0024,-0.0042,6.292386854,-0.003403524283,0.02882490523
5039,0.0025,-0.0042,6.272321006,-0.00356857869,0.02877273213
5065,0.0026,-0.0042,6.251318594,-0.003723474959,0.02865455062
5092,0.0027,-0.0042,6.229419409,-0.00386812636,0.02846943309
5117,0.0028,-0.0042,6.20668617,-0.004002636989,0.02821646065
5139,0.0029,-0.0042,6.183217505,-0.004127250435,0.02789516089
5158,0.003,-0.0042,6.159100934,-0.00424227034,0.0275054425
5174,0.0031,-0.0042,6.134434308,-0.00434815565,0.02704756025
2439,0.0032,-0.0042,6.109326309,-0.004445480313,0.02652221819
2413,0.0033,-0.0042,6.083893599,-0.004534912247,0.02593058196
2387,0.0034,-0.0042,6.058259073,-0.004617201898,0.02527427857
2358,0.0035,-0.0042,6.032550508,-0.004693172938,0.02455538217
2327,0.0036,-0.0042,6.006898927,-0.004763710422,0.0237763887
2295,0.003700000001,-0.0042,5.981436936,-0.004829750018,0.02294017964
3114,0.007499999999,-0.0042,5.871505196,-0.0135926013,-0.02665151873
3140,0.0076,-0.0042,5.896993794,-0.01416862112,-0.02865187252
3166,0.0077,-0.0042,5.924302158,-0.01473676079,-0.03072804986
3193,0.0078,-0.0042,5.953456672,-0.0152830305,-0.03286785047
3219,0.0079,-0.0042,5.98444696,-0.01579026283,-0.03505129588
3245,0.008,-0.0042,6.017209088,-0.01623803259,-0.03724899159
3271,0.0081,-0.0042,6.051606907,-0.01660281863,-0.03942058173
3297,0.0082,-0.0042,6.087411778,-0.01685852451,-0.0415135352
3323,0.0083,-0.0042,6.124285683,-0.01697736246,-0.04346248026
3351,0.0084,-0.0042,6.161738534,-0.01693157663,-0.04518969302
3380,0.0085,-0.0042,6.199162251,-0.01669568801,-0.04660592632
3410,0.0086,-0.0042,6.23594251,-0.01624651807,-0.04761667221
3439,0.0087,-0.0042,6.27115851,-0.01557063803,-0.0481252832
3470,0.0088,-0.0042,6.303786535,-0.01466502855,-0.04803709284
3502,0.0089,-0.0042,6.333130039,-0.01353604487,-0.04727192042
3533,0.009,-0.0042,6.358410286,-0.01220717933,-0.04577199285
3564,0.0091,-0.0042,6.378810305,-0.01071418903,-0.04350532241
3595,0.0092,-0.0042,6.393973991,-0.009107668073,-0.04047567728
3624,0.0093,-0.0042,6.403813669,-0.007450877331,-0.0367289111
3651,0.0094,-0.0042,6.408402268,-0.00581301099,-0.03234777735
3678,0.0095,-0.0042,6.408249179,-0.004265848,-0.02744660924
3704,0.0096,-0.0042,6.403911008,-0.002881430121,-0.02216229147
3727,0.0097,-0.0042,6.396368995,-0.001719492608,-0.01664200943
3750,0.0098,-0.0042,6.386145901,-0.0008451185637,-0.01102930689
3770,0.0099,-0.0042,6.377237909,-0.0002783903412,-0.005450734154
3790,0.01,-0.0042,6.374180075,0.0,0.0
2794,0.00569999997,-0.004100000376,5.665047934,-0.005407459116,-8.461478628e-05
2627,0.005500000004,-0.00410000036,5.671506256,-0.005062625101,0.002413093023
2780,0.005599999985,-0.0041000003,5.667536248,-0.005227496405,0.001164266751
2593,0.005299999989,-0.004100000281,5.683930079,-0.004774606358,0.004910177299
2865,0.006199999954,-0.004100000277,5.674217602,-0.006567686511,-0.006367399179
2806,0.005799999982,-0.004100000258,5.664026504,-0.005603445693,-0.001334109509
2574,0.005200000007,-0.004100000256,5.692391769,-0.004649861772,0.006157023099
2533,0.005000000025,-0.004100000227,5.713782617,-0.004435060056,0.008640627415
2554,0.005100000027,-0.004100000221,5.702347343,-0.004536937815,0.00740108249
2611,0.005399999997,-0.004100000203,5.676968616,-0.004911936736,0.00366188565
2849,0.006099999974,-0.004100000198,5.669570918,-0.006297353326,-0.005099511539
2834,0.005999999975,-0.004100000193,5.666308928,-0.006047327649,-0.003839747095
2881,0.006299999954,-0.004100000193,5.680229977,-0.006859562207,-0.007646887579
2820,0.00589999998,-0.004100000186,5.664453613,-0.005816400632,-0.002585313839
2899,0.006399999964,-0.004100000171,5.687592448,-0.007174257832,-0.008942172171
2486,0.004800000033,-0.004100000144,5.740992606,-0.004261333306,0.0110973573
2918,0.006499999949,-0.004100000144,5.696292647,-0.007513046527,-0.0102581695
2510,0.004900000018,-0.00410000011,5.726674915,-0.004343452637,0.009873543959
2461,0.00470000003,-0.004100000086,5.756694489,-0.004187894111,0.01230926109
2938,0.006599999954,-0.004100000084,5.706323851,-0.007877195751,-0.01160050993
2434,0.004600000025,-0.00410000005,5.773729468,-0.004122306521,0.01350614473
2959,0.006699999969,-0.004100000035,5.717685943,-0.008267919486,-0.01297553276
2379,0.004400000014,-0.004100000024,5.811543417,-0.004011213373,0.01584110424
2349,0.004300000011,-0.004100000019,5.832169323,-0.003963887212,0.01697177582
2407,0.004500000008,-0.004100000018,5.792036275,-0.004063710455,0.01468462902
2319,0.004200000008,-0.004100000011,5.853822673,-0.003920770675,0.01807271224
2981,0.006799999989,-0.004100000009,5.730386514,-0.008686255262,-0.01439027457
2289,0.004100000006,-0.004100000006,5.876402961,-0.003880870669,0.01913989947
3003,0.006899999993,-0.004100000006,5.744442294,-0.009132973418,-0.01585236055
3047,0.007099999998,-0.004100000004,5.776736163,-0.01011241993,-0.01895102488
3069,0.007199999997,-0.004100000004,5.795058527,-0.0106439045,-0.02060399792
2259,0.004000000002,-0.004100000002,5.899801257,-0.003843166279,0.02016929862
3025,0.006999999997,-0.004100000002,5.759879867,-0.009608435409,-0.01736985492
3091,0.007299999998,-0.004100000002,5.814903977,-0.01120080174,-0.02233628942
2231,0.003900000001,-0.004100000001,5.923901183,-0.003806614555,0.02115690625
4375,0.0,-0.0041,6.472829667,0.0,0.0
4374,0.0001,-0.0041,6.472757563,5.12396776e-06,0.003329761755
4400,0.0002,-0.0041,6.4725623,1.076296138e-05,0.006383804078
4427,0.0003,-0.0041,6.472121042,1.128109297e-05,0.009170808337
4455,0.0004,-0.0041,6.471274782,1.86827649e-06,0.01170098431
4484,0.0005,-0.0041,6.469964747,-2.220237039e-05,0.01398546193
4514,0.0006,-0.0041,6.468115274,-6.390527085e-05,0.0160368941
4543,0.0007,-0.0041,6.465656837,-0.0001251258161,0.01786938189
4574,0.0008,-0.0041,6.462519048,-0.0002065270977,0.01949830945
4604,0.0009,-0.0041,6.458637661,-0.0003077831259,0.0209399296
4636,0.001,-0.0041,6.453953459,-0.0004277022926,0.02221087804
4667,0.0011,-0.0041,6.448413606,-0.0005644256848,0.02332763728
4698,0.0012,-0.0041,6.441970909,-0.0007156061593,0.02430602988
4731,0.0013,-0.0041,6.434584011,-0.0008785758012,0.02516077385
4765,0.0014,-0.0041,6.426216737,-0.001050527269,0.025905136
4798,0.0015,-0.0041,6.416837371,-0.00122861981,0.02655069676
4827,0.0016,-0.0041,6.406419516,-0.001410095017,0.02710721177
4855,0.0017,-0.0041,6.394942011,-0.001592390447,0.02758259953
4882,0.0018,-0.0041,6.382388116,-0.001773177037,0.02798301468
4908,0.0019,-0.0041,6.368748503,-0.00195038353,0.02831298005
4935,0.002,-0.0041,6.354018468,-0.002122218843,0.02857556751
4962,0.0021,-0.0041,6.338183387,-0.002287226642,0.02877266929
4988,0.0022,-0.0041,6.321257706,-0.002444327109,0.02890529007
5014,0.0023,-0.0041,6.303279335,-0.002592726994,0.02897349595
5040,0.0024,-0.0041,6.28427299,-0.002731645217,0.0289767724
5066,0.0025,-0.0041,6.264275406,-0.00286050837,0.02891459841
5093,0.0026,-0.0041,6.243318022,-0.002979364885,0.02878638051
5118,0.0027,-0.0041,6.22145007,-0.003088281257,0.02859121328
5140,0.0028,-0.0041,6.198759069,-0.003187383366,0.0283283514
5159,0.0029,-0.0041,6.175328339,-0.003277062607,0.02799753382
5175,0.003,-0.0041,6.151243271,-0.003357746006,0.0275987652
5190,0.0031,-0.0041,6.126604368,-0.003430045985,0.02713241879
2414,0.0032,-0.0041,6.101520643,-0.003494663168,0.02659930008
2388,0.0033,-0.0041,6.076109001,-0.00355239384,0.02600066116
2359,0.0034,-0.0041,6.0504926,-0.003604108276,0.02533820282
2328,0.0035,-0.0041,6.024799538,-0.003650740586,0.02461406093
2296,0.0036,-0.0041,5.999161166,-0.003693274438,0.0238307813
2264,0.0037,-0.0041,5.973710417,-0.003732731181,0.02299128361
2230,0.0038,-0.0041,5.948580092,-0.003770157597,0.02209881661
3113,0.007399999999,-0.0041,5.836337478,-0.01177964868,-0.02415417029
3139,0.0075,-0.0041,5.859428799,-0.01237525095,-0.02606184757
3165,0.0076,-0.0041,5.884247582,-0.01298029101,-0.02806043227
3192,0.0077,-0.0041,5.910856124,-0.01358491838,-0.03014667767
3218,0.0078,-0.0041,5.939299417,-0.01417635255,-0.03231148834
3244,0.0079,-0.0041,5.969592063,-0.01473854691,-0.03453822749
3270,0.008,-0.0041,6.001701994,-0.01525197926,-0.03680089445
3296,0.0081,-0.0041,6.035530889,-0.01569366553,-0.03906230179
3322,0.0082,-0.0041,6.070893921,-0.01603747492,-0.04127246313
3350,0.0083,-0.0041,6.107496465,-0.01625495899,-0.0433674725
3379,0.0084,-0.0041,6.144925412,-0.01631637958,-0.04526927708
3409,0.0085,-0.0041,6.182549312,-0.01619375001,-0.04688665074
3438,0.0086,-0.0041,6.219720768,-0.01586114214,-0.04811779518
3469,0.0087,-0.0041,6.255709778,-0.01529968498,-0.04885934722
3501,0.0088,-0.0041,6.289453909,-0.0145013075,-0.04900682692
3532,0.0089,-0.0041,6.320072262,-0.01346816654,-0.04846343906
3563,0.009,-0.0041,6.346735791,-0.01221900084,-0.04715793978
3594,0.0091,-0.0041,6.368569268,-0.01078656842,-0.04504392109
3623,0.0092,-0.0041,6.385127545,-0.009219124533,-0.04210969548
3650,0.0093,-0.0041,6.396221874,-0.007580437487,-0.0383901819
3677,0.0094,-0.0041,6.401840683,-0.005942126719,-0.03396264206
3703,0.0095,-0.0041,6.40242726,-0.004379319514,-0.028940396
3726,0.0096,-0.0041,6.398525107,-0.002969657466,-0.0234641735
3749,0.0097,-0.0041,6.391132749,-0.001778412592,-0.01768891194
3769,0.0098,-0.0041,6.380800926,-0.0008768479435,-0.01176816818
3789,0.0099,-0.0041,6.371706871,-0.0002895720865,-0.005838179268
3810,0.01,-0.0041,6.368581534,0.0,0.0
2651,0.005799999978,-0.00400000022,5.658130702,-0.004291699285,-0.001129423383
2594,0.005400000001,-0.004000000188,5.671085551,-0.003601295602,0.003804835282
2628,0.005599999995,-0.004000000164,5.661658467,-0.003915013117,0.00133632534
2641,0.005699999991,-0.004000000146,5.659164445,-0.004095040391,0.0001033086957
2612,0.005500000001,-0.004000000138,5.665627285,-0.003750695811,0.002570192646
2534,0.005100000013,-0.004000000134,5.696445164,-0.003235844043,0.007505913512
2555,0.005200000005,-0.004000000128,5.686496848,-0.003344560519,0.006273833624
2676,0.006199999982,-0.004000000121,5.668193993,-0.005262707082,-0.00608547102
2898,0.006299999978,-0.004000000118,5.674136364,-0.005556939548,-0.007342699693
2661,0.005899999986,-0.004000000115,5.658543094,-0.004505817934,-0.00236297037
2575,0.005299999997,-0.00400000011,5.67804149,-0.003466147712,0.005039698166
2511,0.005000000014,-0.004000000093,5.707872451,-0.003139311,0.008734206813
2667,0.005999999988,-0.004000000085,5.660375482,-0.004738281984,-0.00359871765
2671,0.006099999987,-0.004000000085,5.663600034,-0.004990198488,-0.004838630123
2917,0.006399999983,-0.004000000082,5.681408085,-0.005874131115,-0.008614467627
2937,0.006499999979,-0.004000000066,5.689992514,-0.006215573595,-0.009905642139
2958,0.006599999978,-0.004000000058,5.699878633,-0.006582596385,-0.01122186053
2487,0.004900000009,-0.004000000055,5.720756099,-0.003054272089,0.00995660903
2462,0.00480000001,-0.004000000049,5.735064449,-0.002980020382,0.01117066381
2980,0.006699999973,-0.004000000039,5.711061746,-0.006976486772,-0.01256956152
2435,0.004700000008,-0.004000000032,5.750756176,-0.002915823936,0.0123735898
2409,0.004600000011,-0.004000000025,5.767779951,-0.002860919299,0.0135623082
2382,0.004500000005,-0.004000000012,5.786074213,-0.002814504725,0.01473347606
2352,0.004400000004,-0.004000000011,5.805567134,-0.002775736714,0.01588352293
3002,0.006799999991,-0.00400000001,5.723544889,-0.007398432401,-0.01395595461
2322,0.004300000002,-0.004000000006,5.826176775,-0.002743726738,0.01700869394
2291,0.004200000002,-0.004000000005,5.847811434,-0.002717541341,0.01810509684
3024,0.006899999996,-0.004000000005,5.737340042,-0.007849428498,-0.01538895291
2260,0.004100000003,-0.004000000004,5.870370215,-0.002696202981,0.01916875413
3046,0.006999999998,-0.004000000003,5.752469229,-0.008330153214,-0.01687705697
2228,0.004000000002,-0.004000000002,5.893743802,-0.002678693244,0.02019565899
3090,0.007199999999,-0.004000000002,5.786872085,-0.00938092123,-0.0200542366
2197,0.003900000001,-0.004000000001,5.917815447,-0.002663957856,0.02118183394
3068,0.007099999999,-0.004000000001,5.768965257,-0.00884080912,-0.01842915713
3112,0.007299999999,-0.004000000001,5.806244561,-0.009949087055,-0.02176094766
3138,0.007399999999,-0.004000000001,5.827147268,-0.01054267513,-0.02355702971
4402,0.0,-0.004,6.462825139,0.0,0.0
4401,0.0001,-0.004,6.462793243,8.976560677e-06,0.003321250214
4428,0.0002,-0.004,6.462720197,2.23462755e-05,0.006374354322
4456,0.0003,-0.004,6.46243132,3.473425717e-05,0.009166954611
4485,0.0004,-0.004,6.461722715,4.116558525e-05,0.0117080147
4515,0.0005,-0.004,6.460542464,3.626587693e-05,0.01400735928
4544,0.0006,-0.004,6.458816487,1.664305076e-05,0.01607633873
4575,0.0007,-0.004,6.456478898,-2.004751683e-05,0.01792782091
4605,0.0008,-0.004,6.453460837,-7.486417757e-05,0.01957607219
4637,0.0009,-0.004,6.449699674,-0.0001478465032,0.02103638051
4668,0.001,-0.004,6.445136965,-0.0002381144861,0.02232459147
4699,0.0011,-0.004,6.439720221,-0.000344071556,0.02345658264
4732,0.0012,-0.004,6.433402256,-0.0004635812216,0.02444775269
4766,0.0013,-0.004,6.426141573,-0.0005941375041,0.02531257005
4799,0.0014,-0.004,6.417901432,-0.0007330622728,0.02606419912
4828,0.0015,-0.004,6.408649605,-0.0008775974997,0.02671424316
4856,0.0016,-0.004,6.398359442,-0.001025046208,0.02727259143
4883,0.0017,-0.004,6.387009138,-0.001172897775,0.02774736837
4909,0.0018,-0.004,6.374581165,-0.001318855086,0.02814498878
4936,0.0019,-0.004,6.361065354,-0.001460894233,0.0284702581
4963,0.002,-0.004,6.346459817,-0.001597263909,0.02872656687
4989,0.0021,-0.004,6.330762406,-0.001726527637,0.0289160051
5015,0.0022,-0.004,6.313956573,-0.001847549573,0.02904026414
5041,0.0023,-0.004,6.296077891,-0.001959658307,0.02909942588
5067,0.0024,-0.004,6.277190173,-0.002062215917,0.02909264683
5094,0.0025,-0.004,6.257300906,-0.002154830171,0.02902045496
5119,0.0026,-0.004,6.236426087,-0.002237622648,0.0288823848
5141,0.0027,-0.004,6.214644315,-0.002310721015,0.02867733966
5160,0.0028,-0.004,6.192044888,-0.002374402412,0.02840501467
5176,0.0029,-0.004,6.168698954,-0.002429111381,0.02806522961
5191,0.003,-0.004,6.14469259,-0.002475457727,0.02765809949
5206,0.0031,-0.004,6.120126678,-0.002514189981,0.02718411328
2389,0.0032,-0.004,6.095110284,-0.002546139906,0.02664417219
2360,0.0033,-0.004,6.069760386,-0.002572229255,0.02603960817
2329,0.0034,-0.004,6.044200262,-0.002593445831,0.02537218688
2297,0.0035,-0.004,6.018558183,-0.002610831539,0.02464409513
2265,0.0036,-0.004,5.992965701,-0.002625466244,0.02385791625
2232,0.0037,-0.004,5.967555996,-0.002638454686,0.02301659461
2196,0.0038,-0.004,5.942462145,-0.00265091322,0.02212339147
3164,0.0075,-0.004,5.849652101,-0.01115747067,-0.02544853713
3191,0.0076,-0.004,5.873834185,-0.01178727293,-0.02743884431
3217,0.0077,-0.004,5.899765617,-0.01242345673,-0.02952740082
3243,0.0078,-0.004,5.927506511,-0.01305452286,-0.0317082217
3269,0.0079,-0.004,5.95709285,-0.01366567918,-0.03396812227
3295,0.008,-0.004,5.988520829,-0.01423851437,-0.03628474572
3321,0.0081,-0.004,6.021727559,-0.01475085427,-0.03862449368
3349,0.0082,-0.004,6.056569354,-0.0151769073,-0.04094054066
3378,0.0083,-0.004,6.09279887,-0.01548783943,-0.04317124805
3408,0.0084,-0.004,6.130044618,-0.01565281235,-0.04523926636
3437,0.0085,-0.004,6.167751991,-0.01564100329,-0.04705216094
3468,0.0086,-0.004,6.205207574,-0.0154248211,-0.04850327124
3500,0.0087,-0.004,6.24186557,-0.01497889565,-0.04948062674
3531,0.0088,-0.004,6.276606146,-0.01429059256,-0.04987064854
3562,0.0089,-0.004,6.308256009,-0.01335880486,-0.04956309777
3593,0.009,-0.004,6.336136245,-0.01219557111,-0.04846977183
3622,0.0091,-0.004,6.359393821,-0.01083100908,-0.04652889025
3649,0.0092,-0.004,6.377357307,-0.009309785258,-0.04371202455
3676,0.0093,-0.004,6.389704399,-0.007695223248,-0.04004050748
3702,0.0094,-0.004,6.396389343,-0.006061702921,-0.03558439177
3725,0.0095,-0.004,6.397756621,-0.004487492514,-0.03045427006
3748,0.0096,-0.004,6.394327645,-0.003055208633,-0.02479373562
3768,0.0097,-0.004,6.38711134,-0.001836325048,-0.01876496721
3788,0.0098,-0.004,6.376712937,-0.0009080486244,-0.0125318891
3809,0.0099,-0.004,6.367436221,-0.000300478239,-0.006240297723
3830,0.01,-0.004,6.364210744,0.0,0.0
2613,0.005599999998,-0.003900000076,5.657467884,-0.002609214248,0.001508379982
2642,0.005799999993,-0.00390000007,5.653927837,-0.002987501651,-0.0009233884454
2535,0.005200000001,-0.003900000065,5.682287924,-0.002044818564,0.006387073082
2488,0.005000000008,-0.003900000064,5.703651783,-0.001848842795,0.008821903671
2576,0.0054,-0.003900000057,5.666885325,-0.002296633029,0.003946202992
2662,0.005999999993,-0.003900000057,5.656155152,-0.003437776617,-0.003355636853
2595,0.0055,-0.003900000054,5.661430972,-0.002445026193,0.002726594242
2629,0.005699999997,-0.003900000054,5.654971952,-0.0027898165,0.0002919026627
2512,0.005100000002,-0.003900000052,5.692230775,-0.001940152777,0.007606059278
2556,0.005299999999,-0.003900000049,5.67383715,-0.002163446696,0.005166675107
2652,0.005899999995,-0.003900000049,5.654335346,-0.003203162797,-0.002138891885
2463,0.004900000009,-0.003900000045,5.716528085,-0.001770278271,0.01003251529
2672,0.006199999993,-0.003900000041,5.663908324,-0.003967528857,-0.005800966122
2668,0.006099999994,-0.00390000004,5.65935163,-0.003692240542,-0.004575363972
2916,0.006299999994,-0.00390000004,5.669800381,-0.004264691607,-0.007035802657
2936,0.006399999991,-0.003900000031,5.677004557,-0.00458495845,-0.008283914103
2436,0.004800000006,-0.003900000027,5.730827714,-0.00170382607,0.01123546109
2410,0.004700000003,-0.003900000015,5.746508886,-0.001648823525,0.01242799141
2383,0.004600000003,-0.003900000013,5.76351975,-0.001604568542,0.01360706651
2957,0.006499999996,-0.003900000011,5.685500152,-0.004929602392,-0.009550108547
2979,0.006599999995,-0.00390000001,5.695272119,-0.005299953113,-0.01084001951
2323,0.004400000002,-0.003900000005,5.801271703,-0.001545259797,0.01591143348
2353,0.004500000001,-0.003900000005,5.781798166,-0.00157031338,0.01476938785
3001,0.006699999996,-0.003900000005,5.706311281,-0.005697339523,-0.01216012194
2229,0.004100000001,-0.003900000003,5.865989326,-0.001516503298,0.01917823566
2195,0.004000000001,-0.003900000002,5.889323406,-0.001519175044,0.02020101675
2261,0.004200000001,-0.003900000002,5.843464174,-0.001519290908,0.01811974251
2292,0.0043,-0.003900000002,5.821857807,-0.001528555088,0.01702949892
3023,0.006799999998,-0.003900000002,5.718616063,-0.00612304765,-0.01351773364
2163,0.003900000001,-0.003900000001,5.913349164,-0.001526239839,0.02118414813
3045,0.006899999999,-0.003900000001,5.732193619,-0.006578237585,-0.01492097687
3089,0.0071,-0.003900000001,5.763246679,-0.007580403026,-0.01790027877
3111,0.0072,-0.003900000001,5.780790119,-0.008127929457,-0.01949544665
4430,0.0,-0.0039,6.453125129,0.0,0.0
4429,0.0001,-0.0039,6.453131912,1.257682486e-05,0.003307682726
4457,0.0002,-0.0039,6.453175866,3.320363747e-05,0.006355309541
4486,0.0003,-0.0039,6.453034522,5.680929133e-05,0.009149465878
4516,0.0004,-0.0039,6.452463142,7.831174608e-05,0.011697837
4545,0.0005,-0.0039,6.45141651,9.177014141e-05,0.01400892597
4576,0.0006,-0.0039,6.449822492,9.34290156e-05,0.01609276322
4606,0.0007,-0.0039,6.447618809,8.052909519e-05,0.01796095717
4638,0.0008,-0.0039,6.444738242,5.164629177e-05,0.01962662217
4669,0.0009,-0.0039,6.441119726,6.394801696e-06,0.02110404016
4700,0.001,-0.0039,6.436705445,-5.464760976e-05,0.02240822066
4733,0.0011,-0.0039,6.431443027,-0.000130147623,0.0235543885
4767,0.0012,-0.0039,6.425285037,-0.0002181834105,0.02455747224
4800,0.0013,-0.0039,6.418189349,-0.0003164305702,0.02543164593
4829,0.0014,-0.0039,6.41011819,-0.0004223420907,0.02618993792
4857,0.0015,-0.0039,6.401038639,-0.000533262027,0.02684394342
4884,0.0016,-0.0039,6.390923162,-0.0006465804436,0.02740366077
4910,0.0017,-0.0039,6.37974898,-0.0007598375194,0.02787741022
4937,0.0018,-0.0039,6.367496885,-0.0008707945851,0.02827185911
4964,0.0019,-0.0039,6.354156256,-0.0009774489546,0.02859210173
4990,0.002,-0.0039,6.339722242,-0.001078217585,0.028841843
5016,0.0021,-0.0039,6.324218986,-0.001171321912,0.02902334971
5042,0.0022,-0.0039,6.307549693,-0.001256408036,0.02913816579
5068,0.0023,-0.0039,6.289791968,-0.001332016336,0.02918752031
8939,0.0024,-0.0039,6.271127489,-0.00139790818,0.02917159637
8945,0.0025,-0.0039,6.251407803,-0.001454436899,0.02909011118
8950,0.0026,-0.0039,6.230655327,-0.001500940599,0.02894233595
8954,0.0027,-0.0039,6.209029073,-0.001538195367,0.02872775371
5193,0.0028,-0.0039,6.186571576,-0.00156632942,0.02844640549
5192,0.0029,-0.0039,6.163356875,-0.001586016713,0.0280982193
5207,0.003,-0.0039,6.13947384,-0.001597995751,0.02768343764
5219,0.0031,-0.0039,6.115023541,-0.001603146019,0.02720265443
2361,0.0032,-0.0039,6.090114713,-0.001602426514,0.02665686157
2330,0.0033,-0.0039,6.064864261,-0.001596882392,0.02604746369
2298,0.0034,-0.0039,6.039395443,-0.001587616279,0.02537628249
2266,0.0035,-0.0039,6.013836579,-0.001575775322,0.02464554505
2233,0.0036,-0.0039,5.988319338,-0.001562533251,0.02385786008
2198,0.0037,-0.0039,5.962977085,-0.001549076167,0.02301618339
2162,0.0038,-0.0039,5.937943154,-0.001536588364,0.02212377478
3067,0.007,-0.0039,5.74706111,-0.007063837899,-0.01637869183
3137,0.0073,-0.0039,5.799742994,-0.00870562315,-0.02117384023
3163,0.0074,-0.0039,5.820167996,-0.009311612447,-0.02294451358
3190,0.0075,-0.0039,5.842137195,-0.00994260228,-0.02481521403
3216,0.0076,-0.0039,5.865728754,-0.01059346991,-0.02679143817
3242,0.0077,-0.0039,5.891021632,-0.01125680916,-0.02887522344
3268,0.0078,-0.0039,5.918087681,-0.01192244128,-0.03106364648
3294,0.0079,-0.0039,5.946980568,-0.01257692672,-0.03334701837
3320,0.008,-0.0039,5.977721001,-0.01320313429,-0.03570680128
3348,0.0081,-0.0039,6.010278145,-0.01377994831,-0.03811332723
3377,0.0082,-0.0039,6.044546925,-0.01428223845,-0.04052348149
3407,0.0083,-0.0039,6.080324929,-0.01468118948,-0.04287861954
3436,0.0084,-0.0039,6.117284855,-0.01494529741,-0.04510311591
3467,0.0085,-0.0039,6.154971247,-0.01504150844,-0.04710404811
3499,0.0086,-0.0039,6.192648615,-0.01493922237,-0.04877245406
3530,0.0087,-0.0039,6.229575467,-0.01461007809,-0.04998634515
3561,0.0088,-0.0039,6.265038596,-0.01403598122,-0.05062468058
3592,0.0089,-0.0039,6.297824515,-0.01320934852,-0.05056623532
3621,0.009,-0.0039,6.326850891,-0.01213724822,-0.04970183937
3648,0.0091,-0.0039,6.351492826,-0.01084715919,-0.04795372215
3675,0.0092,-0.0039,6.370863696,-0.009379427051,-0.04527604091
3701,0.0093,-0.0039,6.384445915,-0.007795052804,-0.041674101
3724,0.0094,-0.0039,6.392222541,-0.006171526935,-0.03720825486
3747,0.0095,-0.0039,6.394413792,-0.00459027596,-0.03198479138
3767,0.0096,-0.0039,6.391498673,-0.003138153006,-0.02614886571
3787,0.0097,-0.0039,6.384477196,-0.00189327561,-0.01986921534
3808,0.0098,-0.0039,6.37405523,-0.0009379321939,-0.01332006857
3829,0.0099,-0.0039,6.364525074,-0.0003118723525,-0.006658128538
3846,0.01,-0.0039,6.361085055,0.0,0.0
2536,0.0053,-0.00380000004,5.671268976,-0.0008663780517,0.00529125565
2577,0.005499999999,-0.003800000036,5.658862657,-0.001145190458,0.002882528033
2490,0.0051,-0.003800000035,5.689660435,-0.0006500166192,0.007701588179
2630,0.005799999997,-0.003800000033,5.651345574,-0.001690182873,-0.0007167426069
2596,0.005599999998,-0.003800000031,5.654898287,-0.001309323359,0.001680804481
2466,0.005000000003,-0.00380000003,5.701079237,-0.0005639470825,0.008903753535
2643,0.005899999998,-0.00380000003,5.651753642,-0.001907644438,-0.001913296402
2440,0.004900000004,-0.003800000029,5.713951961,-0.0004919074415,0.01010127003
2557,0.0054,-0.003800000028,5.664318062,-0.0009976966176,0.004086159785
2653,0.005999999997,-0.003800000028,5.653570038,-0.002145174523,-0.003109989356
2513,0.0052,-0.003800000027,5.679718994,-0.0007506493388,0.006496847166
2415,0.004800000006,-0.003800000025,5.728246014,-0.0004333320666,0.0112917335
2663,0.006099999996,-0.003800000024,5.656754913,-0.002402648729,-0.004309164439
2614,0.005699999999,-0.003800000021,5.652396987,-0.001491132991,0.0004811117249
2677,0.006399999995,-0.00380000002,5.674309652,-0.003305843532,-0.007949906261
2673,0.006299999996,-0.003800000019,5.667151734,-0.002981886128,-0.006725588455
2669,0.006199999996,-0.003800000018,5.661292134,-0.002681216521,-0.005513324849
2978,0.006499999995,-0.003800000013,5.682741675,-0.003654291395,-0.009191020463
2390,0.004700000003,-0.003800000011,5.743918845,-0.0003876209547,0.01247243255
2362,0.004600000002,-0.003800000007,5.760917786,-0.0003541280872,0.01364037345
2331,0.004500000002,-0.003800000005,5.779179834,-0.0003321544979,0.01479231008
3000,0.006599999997,-0.003800000005,5.692429034,-0.004028527901,-0.0104545202
3022,0.006699999998,-0.003800000004,5.703358298,-0.004429884969,-0.01174687456
2299,0.0044,-0.003800000002,5.798631692,-0.0003209422239,0.01592477777
3044,0.006799999998,-0.003800000002,5.715523357,-0.00485969926,-0.01307545356
2130,0.0039,-0.003800000001,5.910492505,-0.0003952623014,0.0211638097
2164,0.004,-0.003800000001,5.886526972,-0.0003662966006,0.0201853262
2199,0.0041,-0.003800000001,5.863243997,-0.0003433331252,0.01916829242
2234,0.0042,-0.003800000001,5.840761464,-0.0003274516016,0.01811659312
2267,0.0043,-0.003800000001,5.819189945,-0.000319670221,0.01703413221
3066,0.006899999999,-0.003800000001,5.728926525,-0.005319241479,-0.01444851593
4459,0.0,-0.0038,6.443747305,0.0,0.0
4458,0.0001,-0.0038,6.443791232,1.588615898e-05,0.00328941991
4487,0.0002,-0.0038,6.443946463,4.324234691e-05,0.006327293461
4517,0.0003,-0.0038,6.443946157,7.732109934e-05,0.009119131211
4546,0.0004,-0.0038,6.443510442,0.0001129857129,0.01167132771
4577,0.0005,-0.0038,6.442600847,0.0001438349336,0.01399106084
4607,0.0006,-0.0038,6.441146628,0.0001658066081,0.01608703521
4639,0.0007,-0.0038,6.43908975,0.0001757733076,0.01796958571
4670,0.0008,-0.0038,6.436364698,0.0001719848424,0.0196506539
4701,0.0009,-0.0038,6.432911874,0.0001537338654,0.02114348607
4734,0.001,-0.0038,6.428673914,0.0001213098851,0.0224622202
4768,0.0011,-0.0038,6.423598253,7.578617668e-05,0.02362138881
4801,0.0012,-0.0038,6.417636886,1.886838163e-05,0.02463541041
4830,0.0013,-0.0038,6.410746573,-4.731666646e-05,0.02551812246
4858,0.0014,-0.0038,6.402887993,-0.0001203587451,0.0262823857
4885,0.0015,-0.0038,6.394027186,-0.000197718546,0.02693976299
4911,0.0016,-0.0038,6.384135129,-0.0002768960183,0.02750033282
4938,0.0017,-0.0038,6.373187448,-0.0003554937504,0.02797259725
4965,0.0018,-0.0038,6.361163417,-0.0004313399442,0.02836346234
4991,0.0019,-0.0038,6.348049871,-0.0005024738985,0.02867833129
5017,0.002,-0.0038,6.333835394,-0.0005674645471,0.02892120573
5043,0.0021,-0.0038,6.318570989,-0.0006246601163,0.02909495135
5069,0.0022,-0.0038,6.302246196,-0.0006739265499,0.02920109873
5095,0.0023,-0.0038,6.284779278,-0.000712166623,0.02924093598
8932,0.0024,-0.0038,6.266221714,-0.0007408776775,0.02921536741
8938,0.0025,-0.0038,6.246615102,-0.0007615642261,0.02912382813
8944,0.0026,-0.0038,6.226056495,-0.0007718863476,0.02896609848
8949,0.0027,-0.0038,6.204634673,-0.0007732056883,0.0287423484
8953,0.0028,-0.0038,6.182362562,-0.0007656944061,0.02845244074
8956,0.0029,-0.0038,6.159323218,-0.0007502937055,0.02809645056
8958,0.003,-0.0038,6.135605747,-0.0007278437162,0.02767473962
8959,0.0031,-0.0038,6.11131089,-0.0006993569909,0.0271880123
2332,0.0032,-0.0038,6.086546932,-0.0006659167852,0.02663734494
2300,0.0033,-0.0038,6.06143056,-0.0006286888594,0.02602420854
2268,0.0034,-0.0038,6.036084894,-0.0005888880006,0.02535047192
2235,0.0035,-0.0038,6.01063821,-0.0005477640692,0.02461839201
2200,0.0036,-0.0038,5.985222238,-0.0005065825096,0.02383059103
2165,0.0037,-0.0038,5.959970503,-0.0004666090054,0.02299002344
2129,0.0038,-0.0038,5.935016597,-0.0004290945115,0.02209993406
3088,0.006999999999,-0.0038,5.743579979,-0.005809627539,-0.01587515281
3110,0.0071,-0.0038,5.759506886,-0.006331693205,-0.01736516734
3136,0.0072,-0.0038,5.776742316,-0.006885829989,-0.01892886796
3162,0.0073,-0.0038,5.795333706,-0.007471772376,-0.02057674755
3189,0.0074,-0.0038,5.815340656,-0.008088329406,-0.02231901554
3215,0.0075,-0.0038,5.836833767,-0.008733053594,-0.02416494454
3241,0.0076,-0.0038,5.859892114,-0.009401843454,-0.02612198881
3267,0.0077,-0.0038,5.884598854,-0.01008848136,-0.02819462973
3293,0.0078,-0.0038,5.91103439,-0.01078411795,-0.03038290713
3319,0.0079,-0.0038,5.939266429,-0.01147672956,-0.0326806078
3347,0.008,-0.0038,5.969336343,-0.01215059568,-0.03507311121
3376,0.0081,-0.0038,6.001241283,-0.0127858742,-0.03753494101
3406,0.0082,-0.0038,6.034912154,-0.01335838116,-0.04002715735
3435,0.0083,-0.0038,6.070188012,-0.01383972963,-0.04249481322
3466,0.0084,-0.0038,6.106790943,-0.01419798034,-0.04486491932
3498,0.0085,-0.0038,6.144302181,-0.01439889931,-0.04704524924
3529,0.0086,-0.0038,6.182079362,-0.01440842305,-0.04892534145
3560,0.0087,-0.0038,6.219271165,-0.01419683335,-0.05037736951
3591,0.0088,-0.0038,6.255355869,-0.01373822756,-0.05126975676
3620,0.0089,-0.0038,6.28914895,-0.01301972595,-0.0514684777
3647,0.009,-0.0038,6.31929613,-0.01204479626,-0.05084771254
3674,0.0091,-0.0038,6.345219942,-0.01083488316,-0.04931136347
3700,0.0092,-0.0038,6.365868407,-0.009427381262,-0.04679478734
3723,0.0093,-0.0038,6.380656613,-0.007880105348,-0.04328489854
3746,0.0094,-0.0038,6.389534077,-0.006271548208,-0.0388294546
3766,0.0095,-0.0038,6.392580746,-0.004687399044,-0.03352851077
3786,0.0096,-0.0038,6.390220089,-0.00321891817,-0.02752727421
3807,0.0097,-0.0038,6.383434087,-0.001949421311,-0.02100070678
3828,0.0098,-0.0038,6.37299878,-0.0009677244806,-0.01413179562
3845,0.0099,-0.0038,6.363213942,-0.0003239315947,-0.007089328874
3862,0.01,-0.0038,6.359568414,0.0,0.0
2491,0.0052,-0.003700000023,5.678741021,0.0005379737758,0.006603128894
2441,0.005000000001,-0.003700000021,5.700110001,0.0007151352721,0.008979651518
2578,0.005599999998,-0.003700000021,5.653896284,-1.497759736e-05,0.001853823678
2537,0.0054,-0.003700000019,5.663331002,0.0002957718896,0.004224761542
2514,0.0053,-0.003700000017,5.670286092,0.0004252099414,0.005413454412
2558,0.005499999999,-0.003700000016,5.657869408,0.0001491338324,0.003038029698
2597,0.005699999998,-0.003700000016,5.65138724,-0.0001981231822,0.0006722581092
2664,0.006199999997,-0.003700000014,5.660276342,-0.001402604918,-0.005221999164
2467,0.0051,-0.003700000013,5.688687186,0.00063446124,0.007792431847
2615,0.005799999999,-0.003700000013,5.650331611,-0.0003988212539,-0.0005068089182
2644,0.005999999998,-0.003700000013,5.652559514,-0.0008594223963,-0.002861139431
2391,0.004800000002,-0.003700000012,5.727279015,0.0008309428168,0.01133932228
2416,0.004900000001,-0.00370000001,5.712985123,0.0007804610477,0.01016273811
2631,0.005899999999,-0.00370000001,5.650740281,-0.0006185423957,-0.001684146993
2654,0.006099999999,-0.003700000009,5.655745766,-0.001120256944,-0.00403959656
2675,0.006399999998,-0.003700000008,5.673249538,-0.002035619675,-0.007611827669
2363,0.004700000001,-0.003700000007,5.74294806,0.0008671248344,0.01250673693
2670,0.006299999998,-0.003700000006,5.666118748,-0.001707357733,-0.006411456357
2333,0.004600000001,-0.003700000003,5.759938485,0.000889603942,0.01366204121
6487,0.006499999999,-0.003700000003,5.681641397,-0.002388497923,-0.008827770707
6486,0.006599999999,-0.003700000002,5.691272104,-0.002767232655,-0.01006480069
2131,0.004,-0.003700000001,5.885335495,0.0007783688112,0.02014842358
2269,0.0044,-0.003700000001,5.797616644,0.0008961453286,0.01592336078
2301,0.0045,-0.003700000001,5.778186155,0.0008990364426,0.01480204888
6482,0.006699999999,-0.003700000001,5.702124224,-0.003173125082,-0.01132934307
6478,0.006799999999,-0.003700000001,5.714187298,-0.003607521736,-0.0126287711
6473,0.006899999999,-0.003700000001,5.727458923,-0.004071754596,-0.01397141658
4489,0.0,-0.0037,6.43470619,0.0,0.0
4488,0.0001,-0.0037,6.4347851,1.887495394e-05,0.003266862626
4518,0.0002,-0.0037,6.435044819,5.236765039e-05,0.006291008122
4547,0.0003,-0.0037,6.435178187,9.608039665e-05,0.009076854653
4578,0.0004,-0.0037,6.434875327,0.0001448709643,0.01162950828
4608,0.0005,-0.0037,6.434105256,0.0001919848417,0.01395483127
4640,0.0006,-0.0037,6.432798414,0.0002331246581,0.016060205
4671,0.0007,-0.0037,6.43090107,0.0002648479449,0.01795469224
4702,0.0008,-0.0037,6.428349723,0.0002851213751,0.01964905401
4735,0.0009,-0.0037,6.425086217,0.0002929484889,0.02115548431
4769,0.001,-0.0037,6.42105341,0.0002883494873,0.02248722486
4802,0.0011,-0.0037,6.416198197,0.0002721462735,0.02365808523
4831,0.0012,-0.0037,6.410471562,0.0002458259064,0.02468194117
4859,0.0013,-0.0037,6.403828615,0.000211315444,0.02557226224
4886,0.0014,-0.0037,6.396228003,0.0001708707249,0.02634170459
4912,0.0015,-0.0037,6.38763415,0.0001268982807,0.02700177333
4939,0.0016,-0.0037,6.378016008,8.178081565e-05,0.02756260915
4966,0.0017,-0.0037,6.367346722,3.782479015e-05,0.02803287648
4992,0.0018,-0.0037,6.355604721,-2.865553321e-06,0.02841971397
5018,0.0019,-0.0037,6.342774462,-3.843969883e-05,0.02872883459
5044,0.002,-0.0037,6.328848051,-6.734573372e-05,0.02896459425
5070,0.0021,-0.0037,6.313820319,-8.840522075e-05,0.02913057039
5096,0.0022,-0.0037,6.29769824,-0.0001004643454,0.02922847026
5120,0.0023,-0.0037,6.280483752,-0.0001028104487,0.02925883894
8925,0.0024,-0.0037,6.262207797,-9.572103541e-05,0.02922295427
8931,0.0025,-0.0037,6.242923829,-7.915928233e-05,0.02912108167
8937,0.0026,-0.0037,6.22266561,-5.312716833e-05,0.02895363366
8943,0.0027,-0.0037,6.201480311,-1.817810201e-05,0.02872105041
8948,0.0028,-0.0037,6.179435767,2.504402357e-05,0.02842303816
8952,0.0029,-0.0037,6.156613162,7.564024279e-05,0.02805984096
8955,0.003,-0.0037,6.133101005,0.0001326159481,0.02763192692
8957,0.0031,-0.0037,6.108998483,0.0001948424745,0.02714010923
2302,0.0032,-0.0037,6.084413678,0.0002611085649,0.02658554305
2270,0.0033,-0.0037,6.059462867,0.0003301328329,0.02596975908
2237,0.0034,-0.0037,6.034268971,0.0004005903848,0.02529466456
2202,0.0035,-0.0037,6.008960159,0.0004711313061,0.02456253611
2167,0.0036,-0.0037,5.983668193,0.0005404004015,0.02377599804
2132,0.0037,-0.0037,5.958526762,0.0006070539968,0.0229379911
2096,0.0038,-0.0037,5.933669752,0.0006697754619,0.02205173221
2097,0.0039,-0.0037,5.909229565,0.00072728855,0.02112066796
2166,0.0041,-0.0037,5.862112208,0.0008218529037,0.01913874895
2201,0.0042,-0.0037,5.839678372,0.0008566456957,0.01809546358
2236,0.0043,-0.0037,5.818145442,0.0008817252055,0.01702240197
3135,0.007,-0.0037,5.741946302,-0.004567068539,-0.01536654111
3134,0.0071,-0.0037,5.757667491,-0.005094513806,-0.01682425131
3161,0.0072,-0.0037,5.774652513,-0.005654802156,-0.018355335
3188,0.0073,-0.0037,5.792944086,-0.00624811596,-0.019970992
3214,0.0074,-0.0037,5.812597804,-0.006873861686,-0.02168242637
3240,0.0075,-0.0037,5.833681486,-0.00753035867,-0.0235002603
3266,0.0076,-0.0037,5.856273321,-0.008214455888,-0.02543372386
3292,0.0077,-0.0037,5.88045833,-0.008921073528,-0.02748956936
3318,0.0078,-0.0037,5.906322563,-0.009642673713,-0.02967065811
3346,0.0079,-0.0037,5.933944314,-0.01036867876,-0.03197417376
3375,0.008,-0.0037,5.963381736,-0.01108487308,-0.0343894373
3405,0.0081,-0.0037,5.994655921,-0.0117728615,-0.03689534065
3434,0.0082,-0.0037,6.027730076,-0.01240967045,-0.03945749099
3465,0.0083,-0.0037,6.062482226,-0.01296769079,-0.04202526643
3497,0.0084,-0.0037,6.098681786,-0.01341499114,-0.04452915002
3528,0.0085,-0.0037,6.135948608,-0.01371668673,-0.04687883562
3559,0.0086,-0.0037,6.17378398,-0.01383602232,-0.04896293487
3590,0.0087,-0.0037,6.211366199,-0.01374026137,-0.05065035895
3619,0.0088,-0.0037,6.24798399,-0.01339734342,-0.05179842285
3646,0.0089,-0.0037,6.282478024,-0.01279127695,-0.0522617143
3673,0.009,-0.0037,6.313640468,-0.01191925182,-0.05189943393
3699,0.0091,-0.0037,6.340735589,-0.01079491029,-0.05059403177
3722,0.0092,-0.0037,6.362569673,-0.009453732513,-0.04826118999
3745,0.0093,-0.0037,6.378564212,-0.007950169251,-0.04486676293
3765,0.0094,-0.0037,6.388544339,-0.006362410003,-0.04044287156
3785,0.0095,-0.0037,6.392466719,-0.004779183005,-0.03508158772
3806,0.0096,-0.0037,6.390687869,-0.00329712226,-0.02892663585
3827,0.0097,-0.0037,6.384203331,-0.002004783154,-0.02215795937
3844,0.0098,-0.0037,6.373727352,-0.0009999404171,-0.01496698511
3861,0.0099,-0.0037,6.363870082,-0.0003349910062,-0.007534964231
3875,0.01,-0.0037,6.360282826,0.0,0.0
2538,0.005499999999,-0.003600000011,5.658399045,0.001438228717,0.003193167538
2579,0.005699999999,-0.003600000011,5.651915764,0.001089978998,0.0008649851532
2492,0.0053,-0.00360000001,5.670834689,0.001711460716,0.005533179314
2515,0.0054,-0.00360000001,5.663868282,0.00158399432,0.004361985848
2559,0.005599999999,-0.003600000009,5.654423562,0.001273887101,0.00202742441
2598,0.005799999999,-0.003600000009,5.650860394,0.0008873517215,-0.0002945014033
2417,0.005,-0.003600000008,5.700695831,0.001988167172,0.009049357818
2468,0.0052,-0.003600000008,5.679301916,0.001821072516,0.00670576612
2616,0.005899999999,-0.003600000007,5.651266942,0.000664877039,-0.001452067826
2442,0.0051,-0.003600000006,5.689260872,0.001913174965,0.007878389881
2392,0.0049,-0.003600000004,5.713581303,0.002046457175,0.01021664836
2632,0.005999999999,-0.003600000004,5.653082944,0.0004209763522,-0.00260884405
2645,0.006099999999,-0.003600000004,5.656263949,0.0001562485263,-0.003766160726
2655,0.006199999999,-0.003600000004,5.660790325,-0.0001304122132,-0.00492643913
2303,0.0046,-0.003600000003,5.760541859,0.002125863159,0.01367174808
2364,0.0048,-0.003600000003,5.727882467,0.00208849601,0.01137793246
2674,0.006399999999,-0.003600000003,5.673748722,-0.0007729649873,-0.007269065211
2334,0.0047,-0.003600000002,5.743554371,0.002114779792,0.01253059293
2665,0.006299999999,-0.003600000002,5.666628109,-0.0004398189229,-0.006092819651
6484,0.006499999999,-0.003600000002,5.682121975,-0.001130881389,-0.008459736337
2271,0.0045,-0.003600000001,5.778779405,0.002122366531,0.01479827855
6481,0.006599999999,-0.003600000001,5.691722277,-0.00151473057,-0.009670253326
6476,0.0067,-0.003600000001,5.702528537,-0.001925759039,-0.01090696871
6466,0.0069,-0.003600000001,5.727708387,-0.002834666655,-0.01348935281
8447,0.0,-0.0036,6.426012434,0.0,0.0
8448,0.0001,-0.0036,6.426123694,2.15157464e-05,0.003240452589
8480,0.0002,-0.0036,6.426479735,6.048546526e-05,0.006247232489
8512,0.0003,-0.0036,6.426738682,0.0001128922648,0.009023655611
8543,0.0004,-0.0036,6.426565072,0.0001736497802,0.01157354785
8573,0.0005,-0.0036,6.425935527,0.0002357450923,0.01390147286
4703,0.0006,-0.0036,6.424783193,0.0002947241248,0.01601350671
4704,0.0007,-0.0036,6.423058223,0.0003469032407,0.01791745629
4736,0.0008,-0.0036,6.420699019,0.0003900107026,0.01962290588
4770,0.0009,-0.0036,6.417649021,0.0004227976271,0.0211409935
4803,0.001,-0.0036,6.4138511,0.0004450400792,0.02248405312
4832,0.0011,-0.0036,6.409251324,0.000457322215,0.02366515085
4860,0.0012,-0.0036,6.403799051,0.000460914158,0.0246975954
4887,0.0013,-0.0036,6.397447173,0.0004575441442,0.02559446154
4913,0.0014,-0.0036,6.390151791,0.0004492963202,0.02636817079
4940,0.0015,-0.0036,6.381874873,0.0004384290442,0.02703014699
4967,0.0016,-0.0036,6.372582696,0.0004271986568,0.02759057529
4993,0.0017,-0.0036,6.362245412,0.0004177981673,0.02805826203
5019,0.0018,-0.0036,6.350840081,0.0004122501334,0.02844057352
5045,0.0019,-0.0036,6.33834865,0.0004123026241,0.02874348792
5071,0.002,-0.0036,6.324759839,0.0004196234331,0.02897166747
5097,0.0021,-0.0036,6.310007652,0.000435060213,0.02912858341
5121,0.0022,-0.0036,6.294126271,0.0004602591131,0.02921596345
5142,0.0023,-0.0036,6.27723774,0.0004933753406,0.02923607462
8918,0.0024,-0.0036,6.259329987,0.0005362712305,0.02919123027
8924,0.0025,-0.0036,6.240413177,0.0005904063464,0.02908080425
8930,0.0026,-0.0036,6.220484919,0.0006530262234,0.02890467879
8936,0.0027,-0.0036,6.199577498,0.0007244305463,0.02866369131
8942,0.0028,-0.0036,6.177803271,0.0008035078081,0.02835807525
8947,0.0029,-0.0036,6.155236602,0.0008894495747,0.02798826675
8951,0.003,-0.0036,6.131966408,0.0009810971683,0.02755487544
2304,0.0031,-0.0036,6.108090131,0.001077217352,0.02705881493
2272,0.0032,-0.0036,6.083715621,0.001176472628,0.02650131712
2239,0.0033,-0.0036,6.058958631,0.001277469911,0.02588396503
2204,0.0034,-0.0036,6.033941854,0.00137877672,0.0252086961
2169,0.0035,-0.0036,6.008793326,0.001478945653,0.02447779671
2134,0.0036,-0.0036,5.98364485,0.001576533726,0.02369388237
2099,0.0037,-0.0036,5.9586303,0.001670120714,0.02285986831
2063,0.0038,-0.0036,5.933883911,0.001758325025,0.02197893132
2064,0.0039,-0.0036,5.909538584,0.001839817412,0.02105446539
2098,0.004,-0.0036,5.885724262,0.0019133324,0.02009003279
2133,0.0041,-0.0036,5.862566409,0.001977677383,0.01908931239
2168,0.0042,-0.0036,5.840184625,0.002031739353,0.01805604691
2203,0.0043,-0.0036,5.818691426,0.002074489255,0.01699399055
2238,0.0044,-0.0036,5.798191207,0.002104984048,0.01590685839
6472,0.0068,-0.0036,5.714526199,-0.002365287797,-0.01217721848
6461,0.007,-0.0036,5.74207746,-0.003335216524,-0.0148527325
6453,0.0071,-0.0036,5.757646402,-0.003868140019,-0.01627767723
6446,0.0072,-0.0036,5.774440053,-0.004434397967,-0.01777534205
6436,0.0073,-0.0036,5.792496064,-0.005034541612,-0.01935749841
6426,0.0074,-0.0036,5.811865386,-0.005668490341,-0.02103618652
6411,0.0075,-0.0036,5.832612055,-0.006335244395,-0.02282319901
6397,0.0076,-0.0036,5.854811924,-0.007032522228,-0.02472934843
3345,0.0077,-0.0036,5.878549896,-0.007756314786,-0.02676346248
3344,0.0078,-0.0036,5.903915092,-0.00850035475,-0.02893104571
3374,0.0079,-0.0036,5.930993224,-0.00925551027,-0.03123254708
3404,0.008,-0.0036,5.959855467,-0.01000912958,-0.03366118369
3433,0.0081,-0.0036,5.99054287,-0.01074439574,-0.03620030642
3464,0.0082,-0.0036,6.023046381,-0.01143977416,-0.03882035148
3496,0.0083,-0.0036,6.057280337,-0.01206872943,-0.04147554823
3527,0.0084,-0.0036,6.093057194,-0.012599803,-0.0441006575
3558,0.0085,-0.0036,6.130050708,-0.01299758071,-0.04660837008
3589,0.0086,-0.0036,6.167805275,-0.01322364732,-0.04888768048
3618,0.0087,-0.0036,6.205509815,-0.01324130638,-0.05080526473
3645,0.0088,-0.0036,6.242313328,-0.01301644805,-0.05220878194
3672,0.0089,-0.0036,6.277535307,-0.01252671048,-0.05294356202
3698,0.009,-0.0036,6.309900414,-0.0117604889,-0.05285277634
3721,0.0091,-0.0036,6.338107715,-0.01072742301,-0.05179568379
3744,0.0092,-0.0036,6.361153156,-0.009458956455,-0.04966867561
3764,0.0093,-0.0036,6.378383527,-0.00800510338,-0.04641375388
3784,0.0094,-0.0036,6.389467099,-0.006444139641,-0.04204386156
3805,0.0095,-0.0036,6.394289571,-0.004865999506,-0.03664091112
3826,0.0096,-0.0036,6.393121863,-0.003372328796,-0.03034498912
3843,0.0097,-0.0036,6.386980075,-0.002059125844,-0.02333962466
3860,0.0098,-0.0036,6.376461141,-0.00103272437,-0.01582586304
3874,0.0099,-0.0036,6.366603001,-0.0003458605138,-0.007997213761
3888,0.01,-0.0036,6.363173953,0.0,0.0
2539,0.005599999999,-0.003500000007,5.656401267,0.002558184893,0.00220148789
2580,0.005799999999,-0.003500000006,5.652833587,0.002169036776,-8.131625321e-05
2418,0.0051,-0.003500000005,5.691328019,0.003185976705,0.00795913233
2443,0.0052,-0.003500000005,5.681346501,0.003098630327,0.006804477709
2493,0.0054,-0.003500000005,5.665871239,0.002867257891,0.004497688575
2516,0.0055,-0.003500000005,5.660387269,0.002722575503,0.003347899749
2560,0.005699999999,-0.003500000005,5.653888746,0.00237374679,0.001058476679
2469,0.0053,-0.003500000004,5.672857697,0.002992493186,0.00565021245
2599,0.005899999999,-0.003500000004,5.653235342,0.001943568538,-0.001218023665
2617,0.005999999999,-0.003500000004,5.655048162,0.001696644116,-0.002353070943
2393,0.005,-0.003500000003,5.70278498,0.003254873217,0.009112503119
2335,0.0048,-0.003500000002,5.730008166,0.003338802991,0.01140714151
2365,0.0049,-0.003500000002,5.715690498,0.003305680214,0.01026260098
2646,0.006199999999,-0.003500000002,5.662760235,0.001136503739,-0.004626175501
2656,0.006299999999,-0.003500000002,5.668604578,0.00082202175,-0.005769162835
6479,0.006499999999,-0.003500000002,5.684104421,0.0001200164774,-0.008086329346
2240,0.0045,-0.003500000001,5.780917231,0.003336952083,0.01478055139
2273,0.0046,-0.003500000001,5.762683513,0.003353883449,0.01366904809
2305,0.0047,-0.003500000001,5.745691437,0.003354697549,0.01254356279
2633,0.0061,-0.003500000001,5.658230263,0.001427813748,-0.003488448385
6485,0.0064,-0.003500000001,5.675730126,0.0004835077121,-0.006921062783
6475,0.0066,-0.003500000001,5.693698816,-0.0002695190977,-0.009270278087
8414,0.0,-0.0035,6.417672807,0.0,0.0
8415,0.0001,-0.0035,6.417813397,2.37788263e-05,0.003210673281
8446,0.0002,-0.0035,6.418256485,6.750244145e-05,0.006196827866
8479,0.0003,-0.0035,6.418631483,0.000127560828,0.008960671539
8511,0.0004,-0.0035,6.418582722,0.000198992089,0.01150476202
8542,0.0005,-0.0035,6.418094108,0.000274631444,0.01383239212
8572,0.0006,-0.0035,6.41710237,0.0003499404488,0.01594836391
4772,0.0007,-0.0035,6.415562267,0.0004210731758,0.01785925371
4771,0.0008,-0.0035,6.413414246,0.0004855835036,0.0195734916
4804,0.0009,-0.0035,6.410602804,0.0005420139522,0.02110116936
4833,0.001,-0.0035,6.407070477,0.0005899223307,0.02245371065
4861,0.0011,-0.0035,6.402762391,0.0006296729511,0.0236434324
4888,0.0012,-0.0035,6.397625703,0.0006623265834,0.02468306032
4914,0.0013,-0.0035,6.391610367,0.0006894129446,0.02558525288
4941,0.0014,-0.0035,6.384669308,0.0007128338167,0.02636217727
4968,0.0015,-0.0035,6.376761108,0.0007346848113,0.027025155
4994,0.0016,-0.0035,6.367848599,0.0007570792748,0.02758439544
5020,0.0017,-0.0035,6.357898659,0.0007820834685,0.02804883088
5046,0.0018,-0.0035,6.346885166,0.0008116096709,0.02842604165
5072,0.0019,-0.0035,6.334785438,0.0008473237737,0.0287222561
5098,0.002,-0.0035,6.32157821,0.0008906759313,0.02894240307
8880,0.0021,-0.0035,6.30723603,0.0009424715746,0.02908986727
8893,0.0022,-0.0035,6.291867309,0.001003868528,0.02916762735
8904,0.0023,-0.0035,6.275430459,0.001074317051,0.02917846193
8911,0.0024,-0.0035,6.257780533,0.001154689586,0.02912366304
8917,0.0025,-0.0035,6.239113588,0.001245189446,0.02900379438
8923,0.0026,-0.0035,6.219510659,0.001344415639,0.0288191428
8929,0.0027,-0.0035,6.198934443,0.001452261331,0.02857010936
8935,0.0028,-0.0035,6.177471399,0.001567410305,0.02825738183
8941,0.0029,-0.0035,6.155197786,0.001688883322,0.02788155883
8946,0.003,-0.0035,6.13220308,0.001815403969,0.02744340908
2274,0.0031,-0.0035,6.108583906,0.001945625592,0.02694394299
2241,0.0032,-0.0035,6.084447578,0.002078093633,0.0263844668
2206,0.0033,-0.0035,6.059909378,0.002211305089,0.02576660896
2171,0.0034,-0.0035,6.035091753,0.002343723357,0.02509232929
2136,0.0035,-0.0035,6.010122631,0.002473805905,0.02436391449
2101,0.0036,-0.0035,5.985133888,0.002600023996,0.02358396088
2066,0.0037,-0.0035,5.960259639,0.002720882145,0.0227553471
2029,0.0038,-0.0035,5.935634539,0.00283493437,0.02188119835
2030,0.0039,-0.0035,5.911392082,0.002940798207,0.02096484438
2065,0.004,-0.0035,5.887662978,0.003037166098,0.02000977301
2100,0.0041,-0.0035,5.864573624,0.003122814279,0.01901958091
2135,0.0042,-0.0035,5.842244707,0.003196609096,0.01799792331
2170,0.0043,-0.0035,5.820789974,0.003257510829,0.01694846401
2205,0.0044,-0.0035,5.800315182,0.003304575114,0.01587482712
6469,0.0067,-0.0035,5.704488954,-0.0006862681186,-0.01047916708
6465,0.0068,-0.0035,5.7164565,-0.001131495612,-0.0117202633
6458,0.0069,-0.0035,5.729590383,-0.001606531424,-0.01300188988
6452,0.007,-0.0035,5.743888387,-0.002112725732,-0.01433344463
6443,0.0071,-0.0035,5.759358617,-0.00265137702,-0.01572537917
6435,0.0072,-0.0035,5.776020786,-0.003223628965,-0.01718911274
6423,0.0073,-0.0035,5.793907338,-0.003830326323,-0.01873686111
6410,0.0074,-0.0035,5.813064204,-0.004471818257,-0.02038134757
6394,0.0075,-0.0035,5.83355093,-0.005147698036,-0.02213535688
6380,0.0076,-0.0035,5.855439923,-0.005856466111,-0.02401108458
3373,0.0077,-0.0035,5.878814353,-0.00659510488,-0.02601922207
3372,0.0078,-0.0035,5.903764207,-0.007358557585,-0.02816770978
3403,0.0079,-0.0035,5.930379774,-0.008139111839,-0.03046008458
3432,0.008,-0.0035,5.958741756,-0.008925704892,-0.03289335064
3463,0.0081,-0.0035,5.988907187,-0.009703192356,-0.03545532632
3495,0.0082,-0.0035,6.020890269,-0.01045166421,-0.0381214673
3526,0.0083,-0.0035,6.054638124,-0.01114593173,-0.04085128084
3557,0.0084,-0.0035,6.090001237,-0.01175540606,-0.04358455693
3588,0.0085,-0.0035,6.126705711,-0.01224451242,-0.04623800877
3617,0.0086,-0.0035,6.164313559,-0.01257410998,-0.04870276854
3644,0.0087,-0.0035,6.202162318,-0.01270361651,-0.0508447415
3671,0.0088,-0.0035,6.239252339,-0.01259775765,-0.05250471774
3697,0.0089,-0.0035,6.275098556,-0.01222465126,-0.05351510499
3720,0.009,-0.0035,6.30841592,-0.01156714294,-0.05370393013
3743,0.0091,-0.0035,6.337487556,-0.01063194867,-0.0529113306
3763,0.0092,-0.0035,6.36174397,-0.009442919433,-0.05101152407
3783,0.0093,-0.0035,6.380318345,-0.008045439444,-0.04792016861
3804,0.0094,-0.0035,6.392506016,-0.006515923519,-0.0436276381
3825,0.0095,-0.0035,6.398262198,-0.004947454432,-0.03820294079
3842,0.0096,-0.0035,6.397745633,-0.003445269026,-0.03178000225
3859,0.0097,-0.0035,6.391971021,-0.002112634941,-0.02454476437
3873,0.0098,-0.0035,6.381452386,-0.001064091608,-0.01670759425
3887,0.0099,-0.0035,6.371527805,-0.0003575303101,-0.008473649017
3900,0.01,-0.0035,6.368146516,0.0,0.0
2540,0.005699999999,-0.003400000004,5.657228382,0.003653464701,0.001253575653
2366,0.005,-0.003400000003,5.70632205,0.004514905467,0.009168595566
2394,0.0051,-0.003400000003,5.694831674,0.00445263919,0.008034202586
2419,0.0052,-0.003400000003,5.684816267,0.00437054761,0.006898848925
2444,0.0053,-0.003400000003,5.676294853,0.004268341461,0.005764184127
2494,0.0055,-0.003400000003,5.663767185,0.004002563493,0.003501903594
2517,0.0056,-0.003400000003,5.65975587,0.003838554729,0.002375855734
2561,0.005799999999,-0.003400000003,5.6561693,0.003446921309,0.000134982533
2581,0.005899999999,-0.003400000003,5.656562304,0.003218628881,-0.0009803221494
2470,0.0054,-0.003400000002,5.669278047,0.00414576138,0.004631544511
2600,0.005999999999,-0.003400000002,5.658373358,0.002968274245,-0.002093503692
2242,0.0046,-0.003400000001,5.766314605,0.004572867679,0.01365338247
2306,0.0048,-0.003400000001,5.733603864,0.004581285485,0.01142640943
2336,0.0049,-0.003400000001,5.719258859,0.004557665355,0.01030007624
2618,0.0061,-0.003400000001,5.661566437,0.002695335859,-0.00320632122
2634,0.0062,-0.003400000001,5.666110073,0.002399246697,-0.004320933316
2657,0.0063,-0.003400000001,5.671970883,0.002079440508,-0.005440109347
6480,0.0064,-0.003400000001,5.679114865,0.001735205167,-0.006567367485
6474,0.0065,-0.003400000001,5.687508036,0.001365712513,-0.007707040261
6468,0.0066,-0.003400000001,5.697119279,0.000970006859,-0.008864328427
8381,0.0,-0.0034,6.409690224,0.0,0.0
8382,0.0001,-0.0034,6.409856744,2.563312525e-05,0.003178050753
8413,0.0002,-0.0034,6.410376516,7.332246321e-05,0.006140738485
8445,0.0003,-0.0034,6.410856606,0.0001398877491,0.008889158439
8478,0.0004,-0.0034,6.410927041,0.0002205597119,0.01142461701
8510,0.0005,-0.0034,6.410579222,0.000308140398,0.01374917167
8540,0.0006,-0.0034,6.409753856,0.0003980888818,0.015866392
8571,0.0007,-0.0034,6.408410766,0.0004864765588,0.0177816647
8599,0.0008,-0.0034,6.406492741,0.0005707478334,0.01950229836
8626,0.0009,-0.0034,6.403945768,0.0006492930626,0.02103736653
8649,0.001,-0.0034,6.400711515,0.0007214967866,0.02239739532
4915,0.0011,-0.0034,6.396732731,0.0007875197386,0.02359395262
4916,0.0012,-0.0034,6.391954353,0.0008482161923,0.02463917877
4942,0.0013,-0.0034,6.386322886,0.0009049262507,0.02554530722
4969,0.0014,-0.0034,6.379787157,0.0009593623681,0.02632423607
4995,0.0015,-0.0034,6.372301327,0.001013440659,0.02698716427
5021,0.0016,-0.0034,6.363823935,0.001069115679,0.02754430842
5047,0.0017,-0.0034,6.354317843,0.00112830799,0.02800471373
5073,0.0018,-0.0034,6.343752391,0.001192800432,0.0283761545
5099,0.0019,-0.0034,6.332097584,0.001264130545,0.02866511215
5122,0.002,-0.0034,6.319327926,0.001343517987,0.0288767632
8863,0.0021,-0.0034,6.305461755,0.001431848849,0.0290151127
8877,0.0022,-0.0034,6.290512375,0.001529754045,0.02908388239
8892,0.0023,-0.0034,6.274444169,0.001637521132,0.02908524368
8902,0.0024,-0.0034,6.257250011,0.00175519695,0.02902007984
8910,0.0025,-0.0034,6.239005652,0.001882447174,0.02889029805
8916,0.0026,-0.0034,6.219766877,0.002018693686,0.02869690581
8922,0.0027,-0.0034,6.199557856,0.00216311511,0.02844013051
8928,0.0028,-0.0034,6.17844187,0.00231455066,0.02812074602
8934,0.0029,-0.0034,6.156495439,0.002471781753,0.02773949957
8940,0.003,-0.0034,6.133806722,0.002633426316,0.02729729768
2243,0.0031,-0.0034,6.110472229,0.002798013259,0.02679524917
2208,0.0032,-0.0034,6.086598628,0.002963977498,0.02623472958
2173,0.0033,-0.0034,6.062300824,0.003129707761,0.02561740713
2138,0.0034,-0.0034,6.037701032,0.003293566727,0.0249452563
2103,0.0035,-0.0034,6.012927134,0.003453919063,0.02422055526
2068,0.0036,-0.0034,5.988111143,0.003609152314,0.02344587138
2032,0.0037,-0.0034,5.963387499,0.003757697017,0.02262403634
1997,0.0038,-0.0034,5.938891367,0.00389804335,0.02175811304
1998,0.0039,-0.0034,5.914756949,0.004028755343,0.02085135621
2031,0.004,-0.0034,5.891115842,0.004148482212,0.01990716859
2067,0.0041,-0.0034,5.868095516,0.004255967007,0.01892905433
2102,0.0042,-0.0034,5.845817898,0.004350052537,0.0179205713
2137,0.0043,-0.0034,5.824398138,0.004429684694,0.01688528366
2172,0.0044,-0.0034,5.803943529,0.004493913292,0.0158267159
2207,0.0045,-0.0034,5.784552636,0.004541890583,0.01474830944
2275,0.0047,-0.0034,5.749308672,0.004586189049,0.01254509359
6462,0.0067,-0.0034,5.707921419,0.000547017433,-0.01004538015
6457,0.0068,-0.0034,5.719892733,9.556080918e-05,-0.01125736745
6449,0.0069,-0.0034,5.733018352,-0.0003856404319,-0.01250854788
6442,0.007,-0.0034,5.747291868,-0.0008979247297,-0.0138083038
6432,0.0071,-0.0034,5.762716762,-0.001442636273,-0.01516714813
6422,0.0072,-0.0034,5.779307796,-0.00202104199,-0.01659667125
6407,0.0073,-0.0034,5.797092301,-0.002634210159,-0.01810941495
6393,0.0074,-0.0034,5.816111063,-0.003282840045,-0.01971864015
6377,0.0075,-0.0034,5.836418713,-0.003967030938,-0.02143794991
6363,0.0076,-0.0034,5.858083417,-0.004685974774,-0.02328072216
3402,0.0077,-0.0034,5.881185361,-0.005437557775,-0.02525929042
3401,0.0078,-0.0034,5.905813578,-0.006217858799,-0.02738380138
3431,0.0079,-0.0034,5.932060457,-0.007020536356,-0.02966066454
3462,0.008,-0.0034,5.960013072,-0.007836111356,-0.03209050493
3494,0.0081,-0.0034,5.989740558,-0.008651171594,-0.0346655398
3525,0.0082,-0.0034,6.02127616,-0.009447572197,-0.03736633853
3556,0.0083,-0.0034,6.054594766,-0.01020172321,-0.04015800906
3587,0.0084,-0.0034,6.089581288,-0.01088423188,-0.04298600771
3616,0.0085,-0.0034,6.126005092,-0.0114599077,-0.04577199398
3643,0.0086,-0.0034,6.163463846,-0.01188921946,-0.04841047361
3670,0.0087,-0.0034,6.201441007,-0.0121290795,-0.05076716883
3696,0.0088,-0.0034,6.238980428,-0.01214087336,-0.0526801243
3719,0.0089,-0.0034,6.27533919,-0.01188531733,-0.05396811647
3742,0.009,-0.0034,6.30930152,-0.01134230821,-0.05444606999
3762,0.0091,-0.0034,6.339247631,-0.01050962587,-0.05393639657
3782,0.0092,-0.0034,6.364745435,-0.009404990585,-0.05228456361
3803,0.0093,-0.0034,6.384629353,-0.008070522434,-0.04938009637
3824,0.0094,-0.0034,6.397899051,-0.006577704345,-0.04518895696
3841,0.0095,-0.0034,6.404625249,-0.005023452161,-0.03976360292
3858,0.0096,-0.0034,6.404796126,-0.003516200147,-0.03322926034
3872,0.0097,-0.0034,6.399412613,-0.002165735868,-0.02577248321
3886,0.0098,-0.0034,6.3889393,-0.001094849234,-0.01761222886
3899,0.0099,-0.0034,6.378930477,-0.0003689704146,-0.008965156333
3913,0.01,-0.0034,6.375539527,0.0,0.0
2395,0.0052,-0.003300000002,5.689649116,0.005636602569,0.00698834177
2445,0.0054,-0.003300000002,5.67402315,0.005419528942,0.004763083367
2495,0.0056,-0.003300000002,5.664429778,0.005115041932,0.002550239092
2518,0.0057,-0.003300000002,5.661879948,0.004929519155,0.001449786115
2541,0.0058,-0.003300000002,5.660807501,0.004721485992,0.0003533179203
2276,0.0048,-0.003300000001,5.73861308,0.005815286792,0.01143509001
2307,0.0049,-0.003300000001,5.724228479,0.00580185813,0.01032844481
2337,0.005,-0.003300000001,5.711247741,0.0057678158,0.009217029854
2367,0.0051,-0.003300000001,5.699711153,0.00571282489,0.008103025881
2420,0.0053,-0.003300000001,5.681082482,0.005538903905,0.005874595503
2471,0.0055,-0.003300000001,5.668473871,0.005278304286,0.003654757073
2562,0.0059,-0.003300000001,5.661189539,0.004490716729,-0.000739622366
2582,0.006,-0.003300000001,5.66299775,0.004236961195,-0.001830095483
8348,0.0,-0.0033,6.40206373,0.0,0.0
8349,0.0001,-0.0033,6.40225237,2.704601475e-05,0.003143155334
8380,0.0002,-0.0033,6.402837299,7.784466393e-05,0.006079994947
8412,0.0003,-0.0033,6.403410105,0.0001496653854,0.008810496461
8444,0.0004,-0.0033,6.403592819,0.00023800168,0.01133473471
8477,0.0005,-0.0033,6.403384637,0.0003357462178,0.01365357423
8507,0.0006,-0.0033,6.402731303,0.0004384500927,0.01576940408
8539,0.0007,-0.0033,6.401597652,0.000542192321,0.01768647696
8568,0.0008,-0.0033,6.399928951,0.000644379688,0.01941102589
8598,0.0009,-0.0033,6.397672205,0.0007432995065,0.02095114325
8623,0.001,-0.0033,6.394769575,0.0008382135222,0.02231649188
4944,0.0011,-0.0033,6.391160303,0.0009291260834,0.02351791295
4943,0.0012,-0.0033,6.386785015,0.00101668506,0.02456695795
4970,0.0013,-0.0033,6.381586707,0.001102042829,0.02547543371
4996,0.0014,-0.0033,6.37550897,0.001186718167,0.02625497048
5022,0.0015,-0.0033,6.368501022,0.001272430906,0.02691662998
5048,0.0016,-0.0033,6.36051606,0.001360963815,0.02747062351
5074,0.0017,-0.0033,6.35151177,0.001454066037,0.02792609553
5100,0.0018,-0.0033,6.341452075,0.001553361194,0.02829100893
5123,0.0019,-0.0033,6.330301978,0.001660185628,0.02857208436
5143,0.002,-0.0033,6.318045358,0.001775704115,0.02877474932
8845,0.0021,-0.0033,6.304687238,0.001900593474,0.02890365562
8860,0.0022,-0.0033,6.290210552,0.002035407187,0.02896251781
8876,0.0023,-0.0033,6.274604704,0.002180536941,0.02895366396
8889,0.0024,-0.0033,6.257888895,0.002335626887,0.02887882688
8901,0.0025,-0.0033,6.240088767,0.002500178264,0.02873976605
8909,0.0026,-0.0033,6.221256922,0.002673561747,0.02853775579
8915,0.0027,-0.0033,6.201448259,0.002854834789,0.02827353914
8921,0.0028,-0.0033,6.180712389,0.003042798568,0.02794792548
8927,0.0029,-0.0033,6.15912316,0.00323606792,0.02756182394
8933,0.003,-0.0033,6.136767648,0.003433135934,0.02711625812
2210,0.0031,-0.0033,6.113741972,0.003632408803,0.02661243149
2175,0.0032,-0.0033,6.090152203,0.003832211288,0.02605178219
2140,0.0033,-0.0033,6.066112947,0.004030826212,0.02543601214
2105,0.0034,-0.0033,6.041746265,0.004226518302,0.02476710287
2070,0.0035,-0.0033,6.017180085,0.004417561872,0.02404731562
2034,0.0036,-0.0033,5.992546652,0.004602262805,0.0232791796
2000,0.0037,-0.0033,5.967980836,0.004778979029,0.0224654699
1963,0.0038,-0.0033,5.943618429,0.004946137512,0.02160917723
1964,0.0039,-0.0033,5.919594457,0.00510224856,0.02071347138
1999,0.004,-0.0033,5.896041541,0.00524591707,0.01978166024
2033,0.0041,-0.0033,5.873088359,0.005375850929,0.01881714601
2069,0.0042,-0.0033,5.850858233,0.005490866568,0.01782338021
2104,0.0043,-0.0033,5.82946787,0.005589891826,0.01680381886
2139,0.0044,-0.0033,5.809026277,0.005671966263,0.01576187896
2174,0.0045,-0.0033,5.789633857,0.005736239129,0.01470089729
2209,0.0046,-0.0033,5.771381705,0.005781965244,0.01362409228
2244,0.0047,-0.0033,5.75435108,0.005808498993,0.01253452933
2601,0.0061,-0.0033,5.666200126,0.003959852145,-0.002919710354
2619,0.0062,-0.0033,5.67076179,0.003658932305,-0.004010578619
6483,0.0063,-0.0033,5.676647442,0.003333686603,-0.005105425824
6477,0.0064,-0.0033,5.68382195,0.002983522559,-0.006207658259
6470,0.0065,-0.0033,5.692250307,0.002607739526,-0.007321476487
6463,0.0066,-0.0033,5.701899551,0.002205507119,-0.008451956736
6455,0.0067,-0.0033,5.712740187,0.001775867496,-0.009605125206
6448,0.0068,-0.0033,5.724747657,0.001317738593,-0.01078803895
6439,0.0069,-0.0033,5.737903855,0.0008299222143,-0.01200885968
6431,0.007,-0.0033,5.752198628,0.0003111262976,-0.01327691048
6419,0.0071,-0.0033,5.767631215,-0.000239995857,-0.01460270268
6406,0.0072,-0.0033,5.78421177,-0.0008247812033,-0.01599791462
6390,0.0073,-0.0033,5.801962698,-0.00144445785,-0.01747530782
6376,0.0074,-0.0033,5.820919664,-0.00210000155,-0.01904854533
6360,0.0075,-0.0033,5.841132265,-0.00279193423,-0.02073188136
6347,0.0076,-0.0033,5.862663967,-0.003520048698,-0.02253967849
6332,0.0077,-0.0033,5.88559106,-0.004283042744,-0.02448568678
3461,0.0078,-0.0033,5.910000189,-0.005078045151,-0.02658201446
3460,0.0079,-0.0033,5.935983765,-0.00590001864,-0.02883769832
3493,0.008,-0.0033,5.963632462,-0.006741036095,-0.03125676869
3524,0.0081,-0.0033,5.993023923,-0.00758944369,-0.03383570246
3555,0.0082,-0.0033,6.02420645,-0.008428962508,-0.03656018224
3586,0.0083,-0.0033,6.057177422,-0.009237818008,-0.03940113545
3615,0.0084,-0.0033,6.091853727,-0.009988106695,-0.04231019708
3642,0.0085,-0.0033,6.128042601,-0.01064555132,-0.04521486718
3669,0.0086,-0.0033,6.165398615,-0.01117031245,-0.04801424231
3695,0.0087,-0.0033,6.203431642,-0.01151794013,-0.05057566088
3718,0.0088,-0.0033,6.241230186,-0.01164485256,-0.05273559471
3741,0.0089,-0.0033,6.277807851,-0.01151026998,-0.05430175466
3761,0.009,-0.0033,6.31253402,-0.01108722659,-0.05507749014
3781,0.0091,-0.0033,6.343894031,-0.01036009639,-0.0548649651
3802,0.0092,-0.0033,6.370623972,-0.009344796008,-0.05348001455
3823,0.0093,-0.0033,6.391576391,-0.008079359682,-0.05078659782
3840,0.0094,-0.0033,6.405909437,-0.006629747024,-0.04672260744
3857,0.0095,-0.0033,6.413630284,-0.005094250142,-0.04131927551
3871,0.0096,-0.0033,6.414525452,-0.003585050178,-0.0346906498
3885,0.0097,-0.0033,6.409554703,-0.002218460282,-0.02702181515
3898,0.0098,-0.0033,6.399158325,-0.001125794314,-0.01853933119
3912,0.0099,-0.0033,6.389077212,-0.00038048984,-0.009471743299
3924,0.01,-0.0033,6.385667721,0.0,0.0
2308,0.005,-0.003200000001,5.717498612,0.007013037299,0.009257097764
2338,0.0051,-0.003200000001,5.705901763,0.006966067233,0.008164919575
2368,0.0052,-0.003200000001,5.695779082,0.006896431737,0.007072303197
2396,0.0053,-0.003200000001,5.687153354,0.006803933553,0.005980821251
2421,0.0054,-0.003200000001,5.680038366,0.006688417856,0.004891735651
2446,0.0055,-0.003200000001,5.674438942,0.006549731973,0.003806004403
2472,0.0056,-0.003200000001,5.670352158,0.006387727354,0.002724262226
2496,0.0057,-0.003200000001,5.667768432,0.006202255003,0.001646786806
2519,0.0058,-0.003200000001,5.666671451,0.00599315133,0.0005734979405
2542,0.0059,-0.003200000001,5.667039074,0.005760256699,-0.0004960924107
2563,0.006,-0.003200000001,5.668843896,0.005503387082,-0.00156296358
8315,0.0,-0.0032,6.394788475,0.0,0.0
8316,0.0001,-0.0032,6.394994994,2.7982264e-05,0.003106604249
8346,0.0002,-0.0032,6.395632307,8.096045855e-05,0.00601571909
8379,0.0003,-0.0032,6.396283971,0.0001566708673,0.008726196629
8410,0.0004,-0.0032,6.396570834,0.0002509429697,0.01123690098
8443,0.0005,-0.0032,6.396500221,0.0003568926938,0.01354755212
8474,0.0006,-0.0032,6.396024,0.0004702643562,0.01565942063
8506,0.0007,-0.0032,6.395112326,0.0005872439899,0.01757569057
8536,0.0008,-0.0032,6.393713468,0.0007052851267,0.01930158621
8567,0.0009,-0.0032,6.391774685,0.0008226411393,0.02084427112
8595,0.001,-0.0032,6.389237399,0.0009384851037,0.02221259032
8622,0.0011,-0.0032,6.386038164,0.001052695847,0.02341668487
8646,0.0012,-0.0032,6.382113938,0.001165762463,0.02446754544
8671,0.0013,-0.0032,6.377401019,0.00127865825,0.02537657263
8693,0.0014,-0.0032,6.371836073,0.001392680361,0.0261551187
5075,0.0015,-0.0032,6.365363718,0.001509343577,0.02681409917
5076,0.0016,-0.0032,6.357930093,0.001630243941,0.02736371471
5101,0.0017,-0.0032,6.349486858,0.001756935395,0.02781320621
8772,0.0018,-0.0032,6.339990118,0.001890837261,0.02817071808
8792,0.0019,-0.0032,6.329402209,0.00203311597,0.02844317202
8809,0.002,-0.0032,6.317720185,0.002184762029,0.02863643659
8827,0.0021,-0.0032,6.304915822,0.002346434816,0.02875543171
8842,0.0022,-0.0032,6.290958749,0.002518499086,0.02880394429
8859,0.0023,-0.0032,6.275867876,0.002701048754,0.02878478352
8873,0.0024,-0.0032,6.259658348,0.002893735902,0.02870013748
8888,0.0025,-0.0032,6.242348837,0.003095907171,0.02855183744
8899,0.0026,-0.0032,6.223977509,0.003306768837,0.02834142794
8908,0.0027,-0.0032,6.204600291,0.003525271649,0.02807004304
8914,0.0028,-0.0032,6.184274556,0.003750083577,0.02773862284
8920,0.0029,-0.0032,6.163069436,0.003979731743,0.02734821245
8926,0.003,-0.0032,6.141070867,0.004212580612,0.02689995171
2177,0.0031,-0.0032,6.11837456,0.004446917452,0.02639513039
2142,0.0032,-0.0032,6.095086153,0.004680957799,0.0258352424
2107,0.0033,-0.0032,6.071320052,0.004912881329,0.02522201633
2072,0.0034,-0.0032,6.047198288,0.005140857461,0.02455743324
2036,0.0035,-0.0032,6.02284896,0.005363072762,0.0238437293
2002,0.0036,-0.0032,5.998404672,0.005577753631,0.02308338695
1966,0.0037,-0.0032,5.97400085,0.005783186955,0.02227911575
1932,0.0038,-0.0032,5.949774045,0.005977737322,0.02143382512
1933,0.0039,-0.0032,5.925860238,0.006159861309,0.02055059086
1965,0.004,-0.0032,5.902393205,0.00632811862,0.01963261713
2001,0.0041,-0.0032,5.879502976,0.006481180221,0.01868319562
2035,0.0042,-0.0032,5.85731441,0.006617833554,0.01770566335
2071,0.0043,-0.0032,5.835945923,0.00673698498,0.01670336051
2106,0.0044,-0.0032,5.81550839,0.006837659632,0.01567958945
2141,0.0045,-0.0032,5.796104219,0.006918998938,0.01463757563
2176,0.0046,-0.0032,5.77782662,0.006980256028,0.01358043153
2211,0.0047,-0.0032,5.760759056,0.007020789377,0.01251112361
2245,0.0048,-0.0032,5.744974883,0.007040054842,0.01143244296
2277,0.0049,-0.0032,5.730537162,0.007037596723,0.01034697915
2583,0.0061,-0.0032,5.672054371,0.005222281803,-0.002628615531
2602,0.0062,-0.0032,5.676635978,0.004916605746,-0.003695088132
2620,0.0063,-0.0032,5.682552662,0.004585951165,-0.004765027385
6471,0.0064,-0.0032,5.689768151,0.004229817973,-0.005841766357
6464,0.0065,-0.0032,5.698246501,0.00384762095,-0.006929394537
6456,0.0066,-0.0032,5.707953429,0.003438665142,-0.008032854467
6447,0.0067,-0.0032,5.718857663,0.003002116015,-0.009158042405
6438,0.0068,-0.0032,5.730932401,0.002537007118,-0.01031188653
6428,0.0069,-0.0032,5.744156844,0.002042239711,-0.0115024297
6418,0.007,-0.0032,5.758517646,0.001516594697,-0.01273889926
6403,0.0071,-0.0032,5.774010424,0.0009587581427,-0.01403175242
6389,0.0072,-0.0032,5.790641239,0.0003673689793,-0.01539268347
6373,0.0073,-0.0032,5.808427893,-0.000258904165,-0.01683457561
6359,0.0074,-0.0032,5.827401154,-0.0009212460278,-0.01837136856
6344,0.0075,-0.0032,5.847605573,-0.001620523089,-0.02001781254
6331,0.0076,-0.0032,5.869099707,-0.002357041973,-0.02178906386
6316,0.0077,-0.0032,5.891955433,-0.003130218763,-0.02370006355
6302,0.0078,-0.0032,5.91625596,-0.003938139568,-0.02576462832
6286,0.0079,-0.0032,5.942092054,-0.004776990617,-0.02799415486
6271,0.008,-0.0032,5.969555614,-0.005640343057,-0.03039582239
6253,0.0081,-0.0032,5.998729606,-0.006518295786,-0.03297016485
6236,0.0082,-0.0032,6.029673479,-0.007396500975,-0.03570788868
6216,0.0083,-0.0032,6.062402378,-0.008255164809,-0.03858585093
6197,0.0084,-0.0032,6.096861122,-0.009068142694,-0.04156224951
6175,0.0085,-0.0032,6.132888699,-0.009802477086,-0.04457122338
6154,0.0086,-0.0032,6.170190917,-0.01041843624,-0.04751760655
6130,0.0087,-0.0032,6.208280024,-0.01087119925,-0.0502724451
6106,0.0088,-0.0032,6.246455002,-0.01111254506,-0.05267213451
6079,0.0089,-0.0032,6.283530065,-0.01110073477,-0.05451732526
3801,0.009,-0.0032,6.318999445,-0.01079761589,-0.05559546622
3800,0.0091,-0.0032,6.351618155,-0.01018085163,-0.0556880966
3822,0.0092,-0.0032,6.37942418,-0.009263060429,-0.05458908903
3839,0.0093,-0.0032,6.401348532,-0.008072477669,-0.05213290961
3856,0.0094,-0.0032,6.416803367,-0.006672460286,-0.04822309386
3870,0.0095,-0.0032,6.425539884,-0.005160053129,-0.04286595086
3884,0.0096,-0.0032,6.427203169,-0.003652140215,-0.03616178057
3897,0.0097,-0.0032,6.422677156,-0.002271011596,-0.02829166115
3911,0.0098,-0.0032,6.412383529,-0.001157399823,-0.01948851122
3923,0.0099,-0.0032,6.402248383,-0.0003924502562,-0.009993402438
3936,0.01,-0.0032,6.398831771,0.0,0.0
2397,0.0054,-0.003100000001,5.687252461,0.007952104911,0.005016846364
2497,0.0058,-0.003100000001,5.673690137,0.00726216056,0.0007949886813
8281,0.0,-0.0031,6.387855695,0.0,0.0
8282,0.0001,-0.0031,6.388075382,2.840271259e-05,0.003069066067
8311,0.0002,-0.0031,6.388750956,8.254982526e-05,0.005949132048
8345,0.0003,-0.0031,6.38946603,0.0001606592418,0.008637911302
8376,0.0004,-0.0031,6.389847669,0.0002589738925,0.0111330769
8409,0.0005,-0.0031,6.389911754,0.0003709766781,0.01343325732
8440,0.0006,-0.0031,6.389617376,0.0004927149769,0.01553867626
8473,0.0007,-0.0031,6.388940399,0.0006205925894,0.01745152902
8503,0.0008,-0.0031,6.387832295,0.0007521953811,0.01917610986
8535,0.0009,-0.0031,6.386241305,0.0008858304188,0.02071872883
8564,0.001,-0.0031,6.384105884,0.001020634277,0.02208747065
8594,0.0011,-0.0031,6.381359665,0.001156382882,0.02329182274
8619,0.0012,-0.0031,6.377935095,0.001293438424,0.02434226204
8645,0.0013,-0.0031,6.37376091,0.001432600761,0.02524979497
8668,0.0014,-0.0031,6.36876666,0.001574954361,0.02602550443
8692,0.0015,-0.0031,6.362890241,0.001721804957,0.02668018075
8713,0.0016,-0.0031,6.356069203,0.001874531224,0.02722400855
8734,0.0017,-0.0031,6.348246995,0.00203445315,0.02766631164
8752,0.0018,-0.0031,6.339373291,0.00220275406,0.02801538087
8771,0.0019,-0.0031,6.329415406,0.002380485114,0.02827836961
8789,0.002,-0.0031,6.318349643,0.002568374262,0.02846156159
8808,0.0021,-0.0031,6.30613922,0.002766958792,0.02857005612
8824,0.0022,-0.0031,6.292769584,0.002976477573,0.02860780965
8841,0.0023,-0.0031,6.278247271,0.003196744695,0.02857811617
8856,0.0024,-0.0031,6.262582283,0.003427334861,0.02848353641
8872,0.0025,-0.0031,6.245797123,0.003667484367,0.0283261259
8885,0.0026,-0.0031,6.227920675,0.003916221349,0.02810756991
8898,0.0027,-0.0031,6.20900516,0.004172336054,0.02782928641
8907,0.0028,-0.0031,6.189115302,0.004434402177,0.02749247415
8913,0.0029,-0.0031,6.168317725,0.004700831846,0.02709828618
8919,0.003,-0.0031,6.146696122,0.004969880958,0.02664798152
2144,0.0031,-0.0031,6.124346001,0.005239717682,0.02614292927
2109,0.0032,-0.0031,6.101372762,0.005508451537,0.02558467149
2074,0.0033,-0.0031,6.077890772,0.005774162036,0.02497495607
2038,0.0034,-0.0031,6.054022191,0.006034926307,0.02431575598
2004,0.0035,-0.0031,6.029895446,0.006288846012,0.02360927451
1968,0.0036,-0.0031,6.005643654,0.006534070529,0.02285793922
1935,0.0037,-0.0031,5.981402947,0.006768817596,0.02206438584
1903,0.0038,-0.0031,5.957310773,0.006991390589,0.02123143423
1904,0.0039,-0.0031,5.93350421,0.007200192718,0.02036205799
1934,0.004,-0.0031,5.910118328,0.007393737996,0.01945934954
1967,0.0041,-0.0031,5.887284642,0.007570659111,0.01852648237
2003,0.0042,-0.0031,5.865129682,0.007729712309,0.01756667168
2037,0.0043,-0.0031,5.843773715,0.007869779474,0.01658313495
2073,0.0044,-0.0031,5.823329621,0.007989867599,0.01557905334
2108,0.0045,-0.0031,5.803901957,0.008089105932,0.01455753498
2143,0.0046,-0.0031,5.785586201,0.008166741025,0.01352158066
2178,0.0047,-0.0031,5.768468177,0.008222130125,0.01247405255
2212,0.0048,-0.0031,5.752623658,0.008254732923,0.01141764605
2246,0.0049,-0.0031,5.738118162,0.0082641027,0.01035486477
2278,0.005,-0.0031,5.725006829,0.00824987544,0.009287998483
2309,0.0051,-0.0031,5.713334596,0.008211760889,0.00821910332
2339,0.0052,-0.0031,5.703136213,0.008149527068,0.007149981219
2369,0.0053,-0.0031,5.694436796,0.008063021504,0.006082147598
2422,0.0055,-0.0031,5.681590199,0.007816648761,0.003955031091
2447,0.0056,-0.0031,5.677448992,0.007656567612,0.002897320749
2473,0.0057,-0.0031,5.674820669,0.007471768726,0.001843998869
2520,0.0059,-0.0031,5.674036234,0.007027646688,-0.0002501873256
2543,0.006,-0.0031,5.675832639,0.006768108372,-0.001292465211
2564,0.0061,-0.0031,5.679048799,0.00648337789,-0.002333279551
2584,0.0062,-0.0031,5.683650824,0.006173226002,-0.003374602298
2603,0.0063,-0.0031,5.689602761,0.005837359612,-0.004418998775
6467,0.0064,-0.0031,5.696867828,0.005475398306,-0.005469708456
6459,0.0065,-0.0031,5.705409395,0.005086862861,-0.006530728909
6450,0.0066,-0.0031,5.715192263,0.004671179252,-0.007606886115
6440,0.0067,-0.0031,5.726183948,0.004227649169,-0.008703936649
6429,0.0068,-0.0031,5.738355972,0.003755431032,-0.00982866975
6416,0.0069,-0.0031,5.751685398,0.003253539666,-0.01098899111
6402,0.007,-0.0031,5.766156328,0.002720848687,-0.01219400302
6386,0.0071,-0.0031,5.781761374,0.002156104339,-0.0134540659
6372,0.0072,-0.0031,5.798503101,0.001557957326,-0.01478082846
6356,0.0073,-0.0031,5.816395362,0.0009250199579,-0.01618720995
6343,0.0074,-0.0031,5.835464504,0.0002559585456,-0.01768731331
6328,0.0075,-0.0031,5.855750244,-0.0004503656784,-0.01929623732
6315,0.0076,-0.0031,5.877306184,-0.001194690251,-0.02102975081
6299,0.0077,-0.0031,5.900199446,-0.001977058627,-0.02290376818
6285,0.0078,-0.0031,5.924509146,-0.002796419355,-0.02493355839
6268,0.0079,-0.0031,5.950323205,-0.00365009152,-0.02713259587
6252,0.008,-0.0031,5.977732787,-0.004533073027,-0.02951092076
6233,0.0081,-0.0031,6.006823454,-0.005437181915,-0.03207286658
6215,0.0082,-0.0031,6.037662116,-0.006350033664,-0.03481399407
6194,0.0083,-0.0031,6.070277633,-0.007253931534,-0.03771709167
6174,0.0084,-0.0031,6.104637054,-0.008124742803,-0.04074718727
6151,0.0085,-0.0031,6.140608035,-0.008931152387,-0.04384572192
6129,0.0086,-0.0031,6.177935104,-0.009634185892,-0.04692432743
6103,0.0087,-0.0031,6.216161408,-0.01018884409,-0.04985926126
6078,0.0088,-0.0031,6.254739538,-0.01054417138,-0.0524876575
6051,0.0089,-0.0031,6.292503122,-0.01065483964,-0.05460760008
3821,0.009,-0.0031,6.328724204,-0.01047260957,-0.0559895212
3820,0.0091,-0.0031,6.362295946,-0.009973142565,-0.05639720058
3838,0.0092,-0.0031,6.391102513,-0.009159853213,-0.05560531964
3855,0.0093,-0.0031,6.414151388,-0.00805025436,-0.0534126589
3869,0.0094,-0.0031,6.430855166,-0.006705887321,-0.04968505353
3883,0.0095,-0.0031,6.440637302,-0.005221053179,-0.04439969531
3896,0.0096,-0.0031,6.443118947,-0.003717776056,-0.0376402499
3910,0.0097,-0.0031,6.439076338,-0.002323703953,-0.0295810978
3922,0.0098,-0.0031,6.428911607,-0.001189626585,-0.02046014495
3935,0.0099,-0.0031,6.418735305,-0.0004047713438,-0.01053077409
3946,0.01,-0.0031,6.415319515,0.0,0.0
8248,0.0,-0.003,6.381252649,0.0,0.0
8249,0.0001,-0.003,6.381480286,2.826254285e-05,0.003031266989
8277,0.0002,-0.003,6.382178508,8.247640662e-05,0.005881565369
8310,0.0003,-0.003,6.382939813,0.0001613544337,0.008547448209
8342,0.0004,-0.003,6.383405559,0.0002616366145,0.01102541392
8375,0.0005,-0.003,6.383600706,0.0003773295952,0.01331305635
8406,0.0006,-0.003,6.383492803,0.0005049051072,0.01540963308
8439,0.0007,-0.003,6.383063763,0.0006411060949,0.01731644507
8470,0.0008,-0.003,6.382268443,0.0007837507184,0.0190369524
8502,0.0009,-0.003,6.381055704,0.0009312790534,0.0205767029
8532,0.001,-0.003,6.379361619,0.001082860508,0.02194309991
8563,0.0011,-0.003,6.37711545,0.001238223868,0.02314505466
8591,0.0012,-0.003,6.374241609,0.001397614307,0.02419256979
8618,0.0013,-0.003,6.370662089,0.001561646919,0.0250962856
8642,0.0014,-0.003,6.366298792,0.001731218654,0.02586705714
8667,0.0015,-0.003,6.361079296,0.001907412956,0.02651556432
8689,0.0016,-0.003,6.354932747,0.002091357609,0.0270519678
8712,0.0017,-0.003,6.347793397,0.002284112678,0.02748566859
8731,0.0018,-0.003,6.339606725,0.002486654109,0.02782509113
8751,0.0019,-0.003,6.330339633,0.002699790581,0.02807772637
8768,0.002,-0.003,6.319943338,0.002924078038,0.02825003184
8788,0.0021,-0.003,6.30837836,0.00315983085,0.02834729109
8805,0.0022,-0.003,6.295642535,0.003407031149,0.02837389545
8823,0.0023,-0.003,6.281730807,0.003665371603,0.02833343715
8838,0.0024,-0.003,6.266649146,0.003934253549,0.02822877976
8855,0.0025,-0.003,6.250418354,0.004212785077,0.02806224917
8869,0.0026,-0.003,6.233069672,0.004499824059,0.02783572599
8884,0.0027,-0.003,6.214648094,0.004794014323,0.02755084126
8896,0.0028,-0.003,6.195216439,0.005093811477,0.02720903275
8906,0.0029,-0.003,6.174846157,0.005397498037,0.02681159933
8912,0.003,-0.003,6.153617845,0.005703229031,0.02635989068
2111,0.0031,-0.003,6.131626829,0.006009059793,0.02585535534
2076,0.0032,-0.003,6.108978704,0.006312996516,0.02529957725
2040,0.0033,-0.003,6.085788021,0.006613022689,0.02469431645
2006,0.0034,-0.003,6.062177265,0.006907126583,0.02404153033
1970,0.0035,-0.003,6.038275381,0.007193328263,0.02334338171
1937,0.0036,-0.003,6.014216178,0.007469702977,0.02260223562
1906,0.0037,-0.003,5.990136657,0.007734401663,0.02182064637
1874,0.0038,-0.003,5.966175322,0.00798566815,0.02100133671
1875,0.0039,-0.003,5.94247049,0.008221853167,0.02014717062
1905,0.004,-0.003,5.91915866,0.008441425083,0.01926112171
1936,0.0041,-0.003,5.896372961,0.008642977515,0.01834623838
1969,0.0042,-0.003,5.874241721,0.008825233901,0.01740560754
2005,0.0043,-0.003,5.852887176,0.008987049265,0.01644231776
2039,0.0044,-0.003,5.832424339,0.009127409375,0.01545942324
2075,0.0045,-0.003,5.81296004,0.009245427603,0.01445990923
2110,0.0046,-0.003,5.794592149,0.009340339712,0.01344665967
2145,0.0047,-0.003,5.777408986,0.009411497084,0.01242242738
2179,0.0048,-0.003,5.761488885,0.009458358285,0.01138980728
2213,0.0049,-0.003,5.746899965,0.009480480205,0.010351212
2247,0.005,-0.003,5.733699959,0.009477507423,0.009308851006
2279,0.0051,-0.003,5.72193634,0.009449161775,0.008264710186
2310,0.0052,-0.003,5.711646453,0.009395242122,0.00722051967
2340,0.0053,-0.003,5.702858029,0.009315606827,0.006177755244
2370,0.0054,-0.003,5.695589525,0.009210132537,0.005137637343
2398,0.0055,-0.003,5.689850191,0.009078737917,0.00410108647
2423,0.0056,-0.003,5.68564116,0.008921379226,0.00306870715
2448,0.0057,-0.003,5.682956073,0.008738016139,0.002040777732
2474,0.0058,-0.003,5.68178149,0.008528616952,0.001017220687
2498,0.0059,-0.003,5.682097775,0.008293147428,-2.433293078e-06
2521,0.006,-0.003,5.683879923,0.008031557658,-0.001019088858
2544,0.0061,-0.003,5.687098501,0.00774376373,-0.002034130714
2565,0.0062,-0.003,5.691720567,0.007429634172,-0.003049472151
2585,0.0063,-0.003,5.697710776,0.007088977965,-0.004067612039
6460,0.0064,-0.003,5.705032545,0.006721535743,-0.005091700286
6451,0.0065,-0.003,5.71364912,0.006326954434,-0.006125630003
6441,0.0066,-0.003,5.72352491,0.005904771275,-0.007174125759
6430,0.0067,-0.003,5.734626742,0.005454414816,-0.008242816332
6417,0.0068,-0.003,5.746925046,0.00497517845,-0.009338340667
6401,0.0069,-0.003,5.760395427,0.004466199139,-0.01046845392
6385,0.007,-0.003,5.77502012,0.003926456926,-0.01164211023
6369,0.0071,-0.003,5.790789376,0.003354778312,-0.01286953653
6355,0.0072,-0.003,5.807702935,0.002749853322,-0.01416228266
6340,0.0073,-0.003,5.825771377,0.002110275024,-0.01553323148
6327,0.0074,-0.003,5.845017279,0.001434609242,-0.01699654955
6312,0.0075,-0.003,5.865476152,0.0007215075727,-0.01856755125
6298,0.0076,-0.003,5.887196926,-3.012112115e-05,-0.02026244621
6282,0.0077,-0.003,5.910241862,-0.0008208594451,-0.02209790963
6267,0.0078,-0.003,5.934685506,-0.001650423292,-0.02409041261
6249,0.0079,-0.003,5.960612056,-0.002517169057,-0.02625521909
6232,0.008,-0.003,5.988110497,-0.003417436658,-0.02860491815
6212,0.0081,-0.003,6.017266713,-0.00434470631,-0.03114734029
6193,0.0082,-0.003,6.04815179,-0.005288556183,-0.03388265913
6171,0.0083,-0.003,6.080804485,-0.006233461621,-0.03679949071
6150,0.0084,-0.003,6.115208205,-0.00715751324,-0.03986983755
6126,0.0085,-0.003,6.151257342,-0.008031328391,-0.043042942
6102,0.0086,-0.003,6.188726915,-0.008817307154,-0.04623824758
6075,0.0087,-0.003,6.227219093,-0.009470279319,-0.0493386822
6050,0.0088,-0.003,6.266187896,-0.009938037781,-0.05218458722
6023,0.0089,-0.003,6.304502601,-0.01016883641,-0.05457361562
5996,0.009,-0.003,6.341039445,-0.01011300812,-0.05626058692
3854,0.0091,-0.003,6.375515944,-0.009738105734,-0.05699397505
3853,0.0092,-0.003,6.405695753,-0.009031392468,-0.05652692715
3868,0.0093,-0.003,6.430154431,-0.008010882037,-0.0546207541
3882,0.0094,-0.003,6.448347186,-0.006729689624,-0.05110298786
3895,0.0095,-0.003,6.459207257,-0.005277138051,-0.04591636282
3909,0.0096,-0.003,6.462574102,-0.003782104715,-0.03912359355
3921,0.0097,-0.003,6.459059289,-0.002376705654,-0.03088923865
3934,0.0098,-0.003,6.449052072,-0.001222562007,-0.02145426641
3945,0.0099,-0.003,6.438847679,-0.0004174983758,-0.01108417667
3953,0.01,-0.003,6.435439026,0.0,0.0
8216,0.0,-0.0029,6.374962539,0.0,0.0
8217,0.0001,-0.0029,6.37519234,2.750899629e-05,0.002994000145
8244,0.0002,-0.0029,6.375895932,8.05811268e-05,0.005814477052
8276,0.0003,-0.0029,6.376684375,0.0001584374734,0.008456790246
8307,0.0004,-0.0029,6.377222209,0.0002584073522,0.01091627438
8341,0.0005,-0.0029,6.377544095,0.0003751944074,0.01318954904
8372,0.0006,-0.0029,6.377627402,0.0005058295079,0.01527499659
8405,0.0007,-0.0029,6.377460438,0.0006475289216,0.0171731332
8436,0.0008,-0.0029,6.377001651,0.0007984539577,0.01888669998
8469,0.0009,-0.0029,6.376200009,0.0009572678187,0.02042059493
8499,0.001,-0.0029,6.374988671,0.00112324408,0.02178164295
8531,0.0011,-0.0029,6.373291128,0.001296111605,0.02297826059
8560,0.0012,-0.0029,6.371023762,0.001476034512,0.02402004436
8590,0.0013,-0.0029,6.368099301,0.001663452708,0.02491733547
8615,0.0014,-0.0029,6.3644294,0.001859060967,0.02568079434
8641,0.0015,-0.0029,6.359930419,0.002063704333,0.02632099261
8664,0.0016,-0.0029,6.354521875,0.00227823172,0.02684808729
8688,0.0017,-0.0029,6.348128688,0.002503431178,0.02727155845
8709,0.0018,-0.0029,6.340695324,0.002740055852,0.0275999847
8730,0.0019,-0.0029,6.332166689,0.00298862275,0.0278411155
8748,0.002,-0.0029,6.322488002,0.003249441844,0.02800157557
8767,0.0021,-0.0029,6.311630036,0.003522613155,0.02808690118
8785,0.0022,-0.0029,6.299575423,0.003807863038,0.02810185558
8804,0.0023,-0.0029,6.286315077,0.004104702364,0.02805030406
8820,0.0024,-0.0029,6.27185372,0.004412346582,0.02793539468
8837,0.0025,-0.0029,6.25620949,0.004729740633,0.02775971443
8852,0.0026,-0.0029,6.239414177,0.005055592423,0.02752538545
8868,0.0027,-0.0029,6.221510383,0.005388390927,0.02723420804
8881,0.0028,-0.0029,6.202557118,0.005726452545,0.02688780082
8895,0.0029,-0.0029,6.182628038,0.006067940259,0.02648764096
8905,0.003,-0.0029,6.161804998,0.006410892569,0.02603516267
2078,0.0031,-0.0029,6.140182007,0.006753266783,0.02553188124
2042,0.0032,-0.0029,6.117864958,0.007092966417,0.02497941751
2008,0.0033,-0.0029,6.094968899,0.007427882678,0.02437953655
1972,0.0034,-0.0029,6.071616904,0.007755918942,0.02373417292
1939,0.0035,-0.0029,6.047938652,0.008075017566,0.02304544166
1908,0.0036,-0.0029,6.024068845,0.00838318313,0.02231563811
1877,0.0037,-0.0029,6.000145536,0.00867850274,0.02154722814
1844,0.0038,-0.0029,5.976308445,0.008959162984,0.02074283054
1845,0.0039,-0.0029,5.952697275,0.009223463667,0.01990519316
1876,0.004,-0.0029,5.929450085,0.009469828283,0.01903716443
1907,0.0041,-0.0029,5.906701739,0.009696811324,0.0181416617
1938,0.0042,-0.0029,5.884582476,0.009903102579,0.01722163781
1971,0.0043,-0.0029,5.863216607,0.01008752863,0.01628004702
2007,0.0044,-0.0029,5.842721378,0.01024905175,0.01531981141
2041,0.0045,-0.0029,5.823205997,0.01038676659,0.01434378842
2077,0.0046,-0.0029,5.804770834,0.01049989478,0.01335474034
2112,0.0047,-0.0029,5.787506811,0.01058777813,0.01235530604
2146,0.0048,-0.0029,5.771494924,0.01064986989,0.01134797525
2180,0.0049,-0.0029,5.756806024,0.01068572659,0.01033506497
2214,0.005,-0.0029,5.743500561,0.01069499458,0.00931869873
2248,0.0051,-0.0029,5.731628722,0.01067741321,0.008300780865
2280,0.0052,-0.0029,5.721230808,0.01063279573,0.007282977455
2311,0.0053,-0.0029,5.712337201,0.01056099662,0.00626672725
2341,0.0054,-0.0029,5.704968743,0.01046192644,0.005253205161
2371,0.0055,-0.0029,5.699137264,0.01033554582,0.004243289504
2399,0.0056,-0.0029,5.694846245,0.01018184142,0.003237565964
2424,0.0057,-0.0029,5.692091454,0.01000082112,0.002236299982
2449,0.0058,-0.0029,5.690861459,0.009792506679,0.001239408515
2475,0.0059,-0.0029,5.69113846,0.009556923196,0.0002464273743
2499,0.006,-0.0029,5.692899153,0.009294087697,-0.0007435283232
2522,0.0061,-0.0029,5.696115601,0.009003995108,-0.001731808409
2545,0.0062,-0.0029,5.700756166,0.008686604493,-0.002720277976
2566,0.0063,-0.0029,5.706786563,0.008341825363,-0.003711375164
6454,0.0064,-0.0029,5.714170961,0.007969504176,-0.004708179063
6444,0.0065,-0.0029,5.722873086,0.007569410735,-0.005714484311
6433,0.0066,-0.0029,5.732857608,0.007141212264,-0.006734899736
6420,0.0067,-0.0029,5.744091281,0.006684451635,-0.007774936414
6404,0.0068,-0.0029,5.756544051,0.006198548818,-0.008841090404
6387,0.0069,-0.0029,5.770190753,0.005682772427,-0.009940954059
6370,0.007,-0.0029,5.785012487,0.00513621471,-0.01108331467
6353,0.0071,-0.0029,5.800997923,0.004557795108,-0.01227823634
6339,0.0072,-0.0029,5.818144758,0.003946262899,-0.01353712523
6324,0.0073,-0.0029,5.836461012,0.003300220404,-0.01487276296
6311,0.0074,-0.0029,5.855966216,0.002618171561,-0.01629929125
6295,0.0075,-0.0029,5.876692355,0.001898609065,-0.01783212411
6281,0.0076,-0.0029,5.898684334,0.001140153643,-0.01948775646
6264,0.0077,-0.0029,5.921999981,0.0003417656541,-0.02128342412
6248,0.0078,-0.0029,5.94670915,-0.0004969435766,-0.02323655296
6229,0.0079,-0.0029,5.972891616,-0.001375268812,-0.02536390711
6211,0.008,-0.0029,6.000633023,-0.002290798309,-0.02768030189
6190,0.0081,-0.0029,6.030017814,-0.00323860015,-0.03019672601
6170,0.0082,-0.0029,6.061118538,-0.004210183635,-0.03291766245
6147,0.0083,-0.0029,6.093980147,-0.005192237233,-0.03583735628
6125,0.0084,-0.0029,6.128597474,-0.00616522484,-0.03893480647
6099,0.0085,-0.0029,6.164887203,-0.007101967346,-0.04216739954
6074,0.0086,-0.0029,6.202646836,-0.007966685561,-0.04546328864
6047,0.0087,-0.0029,6.24152628,-0.00871448998,-0.04871342363
6022,0.0088,-0.0029,6.280946557,-0.00929326233,-0.05176401757
5993,0.0089,-0.0029,6.320094034,-0.009645143081,-0.05441396412
5965,0.009,-0.0029,6.357505477,-0.009720527868,-0.05641008302
5935,0.0091,-0.0029,6.392767104,-0.009471824698,-0.05747997437
3881,0.0092,-0.0029,6.424185145,-0.008874858458,-0.05734988978
3880,0.0093,-0.0029,6.450151301,-0.007952585739,-0.055750673
3894,0.0094,-0.0029,6.469629923,-0.006741962418,-0.05247019468
3908,0.0095,-0.0029,6.48157252,-0.005327928043,-0.0474113058
3920,0.0096,-0.0029,6.485894001,-0.003845085428,-0.04060914024
3933,0.0097,-0.0029,6.482961557,-0.002430236839,-0.0322151262
3944,0.0098,-0.0029,6.473141861,-0.001256385078,-0.02247102605
3952,0.0099,-0.0029,6.46292562,-0.0004306993464,-0.01165411807
3958,0.01,-0.0029,6.459531178,0.0,0.0
8185,0.0,-0.0028,6.368964301,0.0,0.0
8186,0.0001,-0.0028,6.369189839,2.607855871e-05,0.002958137502
8212,0.0002,-0.0028,6.36987961,7.6674012e-05,0.005749472101
8243,0.0003,-0.0028,6.370673965,0.0001515312616,0.008368120999
8273,0.0004,-0.0028,6.371270482,0.0002486735808,0.01080825835
8306,0.0005,-0.0028,6.371714239,0.0003636959688,0.01306559325
8338,0.0006,-0.0028,6.371993905,0.0004943397679,0.01513773558
8371,0.0007,-0.0028,6.372104505,0.000638444133,0.01702454421
8402,0.0008,-0.0028,6.372008214,0.0007946357323,0.01872817814
8435,0.0009,-0.0028,6.371653509,0.0009619014766,0.02025302023
8466,0.001,-0.0028,6.370969625,0.00113969472,0.02160544194
8498,0.0011,-0.0028,6.369872903,0.001327794675,0.02279347325
8528,0.0012,-0.0028,6.368270592,0.001526311329,0.02382639694
8559,0.0013,-0.0028,6.366064013,0.001735528773,0.02471432288
8587,0.0014,-0.0028,6.363152344,0.001955929901,0.02546776064
8614,0.0015,-0.0028,6.359440921,0.002188105738,0.02609720747
8638,0.0016,-0.0028,6.354836587,0.002432588702,0.02661283783
8663,0.0017,-0.0028,6.349254358,0.002689902565,0.02702419963
8685,0.0018,-0.0028,6.342633933,0.002960450338,0.02734009163
8708,0.0019,-0.0028,6.33490183,0.003244505758,0.02756839132
8727,0.002,-0.0028,6.325997303,0.003542100225,0.02771590448
8747,0.0021,-0.0028,6.315893124,0.003852997213,0.02778852553
8764,0.0022,-0.0028,6.304561453,0.004176727821,0.02779125573
8784,0.0023,-0.0028,6.29199122,0.004512563191,0.02772823028
8801,0.0024,-0.0028,6.278183794,0.004859526383,0.0276028759
8819,0.0025,-0.0028,6.263154135,0.005216361855,0.02741801864
8834,0.0026,-0.0028,6.246934004,0.005581609937,0.02717600233
8851,0.0027,-0.0028,6.22956673,0.005953617055,0.02687881718
8866,0.0028,-0.0028,6.211108423,0.006330549244,0.02652822188
8882,0.0029,-0.0028,6.191631598,0.006710440785,0.02612584298
8897,0.003,-0.0028,6.171221162,0.007091218939,0.02567322478
2045,0.0031,-0.0028,6.149970813,0.007470738184,0.02517192833
2010,0.0032,-0.0028,6.12798665,0.007846807486,0.02462360428
1974,0.0033,-0.0028,6.105384549,0.008217228708,0.02403001496
1941,0.0034,-0.0028,6.082288464,0.008579824977,0.02339306466
1910,0.0035,-0.0028,6.058829062,0.008932465369,0.02271481357
1879,0.0036,-0.0028,6.035142152,0.009273087982,0.02199748056
1847,0.0037,-0.0028,6.011367035,0.009599719783,0.02124343662
1815,0.0038,-0.0028,5.987644813,0.009910493216,0.02045519048
1816,0.0039,-0.0028,5.964116719,0.01020365956,0.01963536801
1846,0.004,-0.0028,5.940922499,0.01047759908,0.01878668697
1878,0.0041,-0.0028,5.918198861,0.01073082799,0.01791192841
1909,0.0042,-0.0028,5.89607805,0.01096200256,0.01701390617
1940,0.0043,-0.0028,5.874686543,0.01116992029,0.01609543546
1973,0.0044,-0.0028,5.854143902,0.01135351875,0.01515930168
2009,0.0045,-0.0028,5.834561789,0.01151187203,0.01420823006
2043,0.0046,-0.0028,5.816043158,0.01164418535,0.01324485691
2079,0.0047,-0.0028,5.798681614,0.01174978825,0.01227170287
2113,0.0048,-0.0028,5.782560921,0.01182812585,0.01129114798
2147,0.0049,-0.0028,5.767754722,0.01187875103,0.01030540978
2181,0.005,-0.0028,5.754326275,0.01190130945,0.009316520563
2215,0.0051,-0.0028,5.742328803,0.01189555643,0.008326295312
2249,0.0052,-0.0028,5.731805646,0.01186130018,0.007336344696
2281,0.0053,-0.0028,5.722789841,0.01179840519,0.006348052958
2312,0.0054,-0.0028,5.715304887,0.01170681967,0.005362534128
2342,0.0055,-0.0028,5.709365388,0.0115865261,0.004380632993
2372,0.0056,-0.0028,5.704977407,0.01143754587,0.0034029055
2400,0.0057,-0.0028,5.702139127,0.01125992915,0.002429595518
2425,0.0058,-0.0028,5.700841452,0.01105374675,0.00146060774
2450,0.0059,-0.0028,5.701068789,0.01081907996,0.000495475879
2476,0.006,-0.0028,5.702799887,0.01055601013,-0.0004666745446
2500,0.0061,-0.0028,5.70600868,0.01026460628,-0.001427169349
2523,0.0062,-0.0028,5.710665241,0.009944911858,-0.002387836086
2546,0.0063,-0.0028,5.716736801,0.009596930491,-0.003351061624
6445,0.0064,-0.0028,5.724188846,0.009220611898,-0.00431985834
6434,0.0065,-0.0028,5.732986176,0.008815832007,-0.005297939661
6421,0.0066,-0.0028,5.743094277,0.008382387291,-0.006289801074
6405,0.0067,-0.0028,5.754480596,0.007919941304,-0.007300830796
6388,0.0068,-0.0028,5.767115397,0.007428026776,-0.008337389644
6371,0.0069,-0.0028,5.780973364,0.006906041625,-0.009406899643
6354,0.007,-0.0028,5.796035244,0.006353192249,-0.01051796761
6338,0.0071,-0.0028,5.812289017,0.005768495987,-0.01168047141
6323,0.0072,-0.0028,5.829731194,0.00515077283,-0.01290563617
6308,0.0073,-0.0028,5.848368125,0.004498653608,-0.01420608773
6294,0.0074,-0.0028,5.868217136,0.003810609873,-0.0155958656
6278,0.0075,-0.0028,5.889307433,0.003085016234,-0.01709037671
6263,0.0076,-0.0028,5.911680643,0.002320259316,-0.01870626244
6245,0.0077,-0.0028,5.935390793,0.001514912317,-0.02046113873
6228,0.0078,-0.0028,5.960503499,0.000668001008,-0.02237315291
6208,0.0079,-0.0028,5.987093981,-0.0002206071618,-0.02446028066
6189,0.008,-0.0028,6.015243617,-0.00114964699,-0.02673923112
6167,0.0081,-0.0028,6.045033879,-0.002115686549,-0.02922379156
6146,0.0082,-0.0028,6.076536631,-0.003112109174,-0.03192239806
6122,0.0083,-0.0028,6.109799641,-0.004127828996,-0.03483464191
6098,0.0084,-0.0028,6.144825616,-0.005145775674,-0.03794641874
6071,0.0085,-0.0028,6.181545348,-0.0061412438,-0.04122346424
6046,0.0086,-0.0028,6.219778053,-0.00708060254,-0.04460334204
6019,0.0087,-0.0028,6.259204852,-0.007920085114,-0.0479862715
5992,0.0088,-0.0028,6.299260175,-0.008607718331,-0.05122615937
5962,0.0089,-0.0028,6.339360332,-0.00908235698,-0.05412358307
5934,0.009,-0.0028,6.378117882,-0.009290011504,-0.05642390568
5905,0.0091,-0.0028,6.4145668,-0.009169979435,-0.05783467411
5878,0.0092,-0.0028,6.447405524,-0.008694221734,-0.05805548771
3907,0.0093,-0.0028,6.474639645,-0.007876768333,-0.05678998795
3906,0.0094,-0.0028,6.494998927,-0.006741192719,-0.05377896133
3919,0.0095,-0.0028,6.508115282,-0.005373231133,-0.04887912069
3932,0.0096,-0.0028,6.513439973,-0.003906641086,-0.04209389747
3943,0.0097,-0.0028,6.511147491,-0.002484532261,-0.03355776212
3951,0.0098,-0.0028,6.501545271,-0.001291290944,-0.02351069546
3957,0.0099,-0.0028,6.491336251,-0.0004444727904,-0.01224118048
3963,0.01,-0.0028,6.487964291,0.0,0.0
8155,0.0,-0.0027,6.363232359,0.0,0.0
8156,0.0001,-0.0027,6.363446475,2.389305572e-05,0.002924647969
8181,0.0002,-0.0027,6.36410105,7.052371437e-05,0.005688333316
8211,0.0003,-0.0027,6.36487768,0.0001401815102,0.008283861421
8240,0.0004,-0.0027,6.365518012,0.0002317055615,0.01070424011
8272,0.0005,-0.0027,6.366078394,0.0003418041426,0.01294433696
8303,0.0006,-0.0027,6.366560386,0.0004691012197,0.0150011064
8337,0.0007,-0.0027,6.366965961,0.0006122266207,0.01687389942
8368,0.0008,-0.0027,6.36726099,0.000770407097,0.0185644554
8401,0.0009,-0.0027,6.367392665,0.0009430629231,0.02007680463
8432,0.001,-0.0027,6.367285119,0.001129907203,0.02141701604
8465,0.0011,-0.0027,6.366845905,0.001330822389,0.02259286592
8495,0.0012,-0.0027,6.365971312,0.001545891785,0.02361343375
8527,0.0013,-0.0027,6.364549079,0.001775244941,0.0244886847
8556,0.0014,-0.0027,6.362464022,0.002019159748,0.02522904976
8586,0.0015,-0.0027,6.359608992,0.002277945825,0.02584500027
8611,0.0016,-0.0027,6.355877538,0.002551774034,0.02634673726
8637,0.0017,-0.0027,6.35117745,0.002840901034,0.02674387196
8660,0.0018,-0.0027,6.345426232,0.00314534906,0.02704539726
8684,0.0019,-0.0027,6.338541716,0.003465026817,0.02725935937
8705,0.002,-0.0027,6.330467351,0.003799672117,0.02739274936
8726,0.0021,-0.0027,6.321162407,0.004148722716,0.02745174451
8744,0.0022,-0.0027,6.310594089,0.004511453429,0.02744157635
8763,0.0023,-0.0027,6.298748361,0.004886874995,0.02736664224
8781,0.0024,-0.0027,6.285623439,0.005273784269,0.02723060974
8800,0.0025,-0.0027,6.271233,0.005670720737,0.02703652108
8816,0.0026,-0.0027,6.255607531,0.006076044286,0.02678693019
8833,0.0027,-0.0027,6.238789467,0.006487938927,0.02648400798
8850,0.0028,-0.0027,6.220836354,0.006904413704,0.02612964343
8867,0.0029,-0.0027,6.20181952,0.007323376056,0.02572557352
8883,0.003,-0.0027,6.181824219,0.007742641131,0.02527344587
2044,0.0031,-0.0027,6.16094661,0.008159957015,0.02477486994
1977,0.0032,-0.0027,6.13929287,0.008573044501,0.0242315088
1944,0.0033,-0.0027,6.116979971,0.008979620534,0.02364511582
1912,0.0034,-0.0027,6.094133095,0.00937743282,0.02301755775
1881,0.0035,-0.0027,6.070884166,0.00976428236,0.02235083297
1849,0.0036,-0.0027,6.04737034,0.01013804567,0.02164707747
1818,0.0037,-0.0027,6.023732362,0.01049669415,0.02090856143
1787,0.0038,-0.0027,6.000112884,0.01083831013,0.02013767799
1788,0.0039,-0.0027,5.976654813,0.01116109975,0.01933692597
1817,0.004,-0.0027,5.953499695,0.01146340269,0.01850888767
1848,0.0041,-0.0027,5.930786181,0.01174369887,0.01765620338
1880,0.0042,-0.0027,5.908648601,0.01200061225,0.01678154369
1911,0.0043,-0.0027,5.887215665,0.01223291183,0.01588758072
1942,0.0044,-0.0027,5.866609311,0.01243951037,0.0149769592
1975,0.0045,-0.0027,5.846943716,0.01261946083,0.01405226827
2011,0.0046,-0.0027,5.828324471,0.01277195106,0.01311601434
2046,0.0047,-0.0027,5.810847911,0.01289629664,0.01217059581
2080,0.0048,-0.0027,5.794600657,0.01299193347,0.01121827891
2114,0.0049,-0.0027,5.779659205,0.01305840606,0.01026117659
2148,0.005,-0.0027,5.766089786,0.01309536868,0.009301221139
2182,0.0051,-0.0027,5.753948857,0.01310256989,0.008340149905
2216,0.0052,-0.0027,5.743282638,0.01307981886,0.00737950382
2250,0.0053,-0.0027,5.734126963,0.01302700601,0.006420595456
2282,0.0054,-0.0027,5.726508359,0.0129440948,0.005464485388
2313,0.0055,-0.0027,5.720444354,0.01283109309,0.004511973913
2343,0.0056,-0.0027,5.715943824,0.01268805473,0.003563580153
2373,0.0057,-0.0027,5.713007648,0.01251506898,0.002619519831
2401,0.0058,-0.0027,5.711629358,0.01231225244,0.001679678496
2426,0.0059,-0.0027,5.711795896,0.0120797394,0.0007435806216
2451,0.006,-0.0027,5.713488425,0.01181767199,-0.0001896466061
2477,0.0061,-0.0027,5.716683175,0.01152618853,-0.001121314777
2501,0.0062,-0.0027,5.721352376,0.01120541086,-0.002053223507
2524,0.0063,-0.0027,5.727465277,0.01085542993,-0.002987717509
6437,0.0064,-0.0027,5.73498923,0.01047629072,-0.003927750462
6424,0.0065,-0.0027,5.743890731,0.01006797252,-0.004876959256
6408,0.0066,-0.0027,5.754136652,0.009630376539,-0.005839742825
6391,0.0067,-0.0027,5.765695812,0.009163292118,-0.006821360774
6374,0.0068,-0.0027,5.778539705,0.008666363913,-0.007828030959
6357,0.0069,-0.0027,5.792643663,0.008139094947,-0.008867014338
6341,0.007,-0.0027,5.807988893,0.007580809595,-0.009946724522
6325,0.0071,-0.0027,5.824563585,0.006990619334,-0.01107683301
6309,0.0072,-0.0027,5.842364018,0.006367418133,-0.01226835305
6292,0.0073,-0.0027,5.86139587,0.005709875166,-0.0135337082
6277,0.0074,-0.0027,5.881675261,0.005016448555,-0.01488676923
6260,0.0075,-0.0027,5.903229608,0.00428542536,-0.01634284331
6244,0.0076,-0.0027,5.926098116,0.003515002283,-0.0179185921
6225,0.0077,-0.0027,5.950331747,0.002703424292,-0.01963184504
6207,0.0078,-0.0027,5.975992487,0.001849207024,-0.02150125851
6186,0.0079,-0.0027,6.003151427,0.0009514734809,-0.0235457473
6166,0.008,-0.0027,6.031885498,1.04490426e-05,-0.02578357877
6143,0.0081,-0.0027,6.062271987,-0.0009718325863,-0.02823095986
6121,0.0082,-0.0027,6.09438009,-0.001990550901,-0.03089988418
6095,0.0083,-0.0027,6.128257412,-0.003036825859,-0.03379493138
6070,0.0084,-0.0027,6.163911734,-0.004096114018,-0.03690867099
6043,0.0085,-0.0027,6.201282181,-0.005146389257,-0.04021526673
6018,0.0086,-0.0027,6.240203908,-0.006156468798,-0.04366218042
5989,0.0087,-0.0027,6.280383062,-0.007084497046,-0.04716004778
5961,0.0088,-0.0027,6.321322911,-0.007878339262,-0.05057232245
5931,0.0089,-0.0027,6.362391449,-0.008475254264,-0.05370462055
5904,0.009,-0.0027,6.402118622,-0.008812747461,-0.05630271826
5875,0.0091,-0.0027,6.43910067,-0.008829725815,-0.05805357017
5849,0.0092,-0.0027,6.473821386,-0.00848990619,-0.05863654649
3918,0.0093,-0.0027,6.503347893,-0.007781832512,-0.05773145377
3917,0.0094,-0.0027,6.524832094,-0.006727278539,-0.05502234259
3931,0.0095,-0.0027,6.539224734,-0.005412610239,-0.0503138584
3942,0.0096,-0.0027,6.545599676,-0.003966957645,-0.04357455231
3950,0.0097,-0.0027,6.544009014,-0.002539883875,-0.03491609451
3956,0.0098,-0.0027,6.53466026,-0.001327532288,-0.02457365185
3962,0.0099,-0.0027,6.524480533,-0.0004589335184,-0.01284608394
3968,0.01,-0.0027,6.521140331,0.0,0.0
8126,0.0,-0.0026,6.357736081,0.0,0.0
8127,0.0001,-0.0026,6.357930719,2.085592176e-05,0.002894615877
8151,0.0002,-0.0026,6.358526089,6.184485784e-05,0.0056330536
8180,0.0003,-0.0026,6.359258612,0.0001238315869,0.008206711345
8208,0.0004,-0.0026,6.359926449,0.0002066191184,0.01060741171
8239,0.0005,-0.0026,6.360598155,0.0003082865808,0.01282925712
8269,0.0006,-0.0026,6.361289884,0.0004285381447,0.01486868363
8302,0.0007,-0.0026,6.362010603,0.0005669841413,0.01672471195
8334,0.0008,-0.0026,6.362729652,0.0007236001306,0.01839885443
8367,0.0009,-0.0026,6.363391712,0.0008983582797,0.01989498095
8398,0.001,-0.0026,6.36391424,0.001091314776,0.02121904111
8431,0.0011,-0.0026,6.364194001,0.001302506674,0.0223787171
8462,0.0012,-0.0026,6.364114167,0.001532023312,0.02338301514
8494,0.0013,-0.0026,6.363546857,0.001779779471,0.02424188279
8524,0.0014,-0.0026,6.362360834,0.002045942316,0.02496573049
8555,0.0015,-0.0026,6.360432432,0.002330489058,0.02556504608
8583,0.0016,-0.0026,6.357639949,0.002633133061,0.02605009155
8610,0.0017,-0.0026,6.353887424,0.002953793047,0.02643064772
8634,0.0018,-0.0026,6.349069554,0.00329215701,0.02671580418
8659,0.0019,-0.0026,6.343090432,0.00364773364,0.02691372115
8681,0.002,-0.0026,6.335895409,0.004019813448,0.02703167065
8704,0.0021,-0.0026,6.327432295,0.004407564793,0.02707602192
8723,0.0022,-0.0026,6.317664578,0.004809936028,0.0270522162
8743,0.0023,-0.0026,6.306573278,0.005225645885,0.02696488141
8760,0.0024,-0.0026,6.294154877,0.005653229364,0.02681789633
8780,0.0025,-0.0026,6.280422734,0.006091016535,0.02661451158
8798,0.0026,-0.0026,6.265405517,0.006537170806,0.02635746281
8817,0.0027,-0.0026,6.249146175,0.006989695699,0.02604906986
8835,0.0028,-0.0026,6.231703459,0.007446457139,0.02569135642
8853,0.0029,-0.0026,6.213148522,0.007905225529,0.02528614467
8870,0.003,-0.0026,6.19356667,0.008363691188,0.02483515015
8886,0.0031,-0.0026,6.173056643,0.008819501523,0.02434003532
1976,0.0032,-0.0026,6.151726373,0.009270291283,0.02380246597
1943,0.0033,-0.0026,6.129693775,0.009713701326,0.02322417454
1883,0.0034,-0.0026,6.107085517,0.01014740792,0.02260698219
1851,0.0035,-0.0026,6.084035084,0.0105691498,0.02195281904
1820,0.0036,-0.0026,6.060681227,0.01097674777,0.02126373191
1790,0.0037,-0.0026,6.037166336,0.01136812321,0.02054188463
1761,0.0038,-0.0026,6.013634783,0.01174131338,0.01978954989
1762,0.0039,-0.0026,5.99023128,0.0120944838,0.01900909496
1789,0.004,-0.0026,5.967099279,0.01242593745,0.01820296264
1819,0.0041,-0.0026,5.944379454,0.01273412114,0.0173736487
1850,0.0042,-0.0026,5.922208281,0.01301762902,0.01652367691
1882,0.0043,-0.0026,5.900716752,0.01327520351,0.01565557284
1913,0.0044,-0.0026,5.880029218,0.01350573388,0.01477183722
1945,0.0045,-0.0026,5.860262402,0.01370825275,0.0138749196
1978,0.0046,-0.0026,5.841524567,0.01388193091,0.01296719308
2012,0.0047,-0.0026,5.82391482,0.01402607023,0.01205092984
2047,0.0048,-0.0026,5.807522638,0.01414009678,0.01112827929
2081,0.0049,-0.0026,5.792427438,0.01422354714,0.01020124532
2115,0.005,-0.0026,5.778698693,0.01427608323,0.00927165342
2149,0.0051,-0.0026,5.76639598,0.01429744145,0.008341162517
2183,0.0052,-0.0026,5.75556837,0.01428743702,0.007411239426
2217,0.0053,-0.0026,5.746254852,0.01424598735,0.006483116154
2251,0.0054,-0.0026,5.738485114,0.01417306544,0.005557794343
2283,0.0055,-0.0026,5.732279749,0.0140687049,0.004636023581
2314,0.0056,-0.0026,5.727650674,0.01393298989,0.003718280069
2344,0.0057,-0.0026,5.724601737,0.0137660467,0.002804744769
2374,0.0058,-0.0026,5.723129398,0.01356803523,0.001895277287
2402,0.0059,-0.0026,5.723223464,0.01333913982,0.0009893856749
2427,0.006,-0.0026,5.724867891,0.01307955957,8.619118222e-05
2452,0.0061,-0.0026,5.728041631,0.01278949711,-0.0008156118119
2478,0.0062,-0.0026,5.732719533,0.01246914633,-0.001717803488
2502,0.0063,-0.0026,5.738873373,0.01211867807,-0.002622694141
6425,0.0064,-0.0026,5.746472903,0.01173822329,-0.003533186221
6409,0.0065,-0.0026,5.755486963,0.01132785582,-0.004452846324
6392,0.0066,-0.0026,5.765884576,0.01088756687,-0.005385983217
6375,0.0067,-0.0026,5.777636508,0.01041726027,-0.006337730367
6358,0.0068,-0.0026,5.790716333,0.009916685433,-0.007314162278
6342,0.0069,-0.0026,5.805101079,0.009385435833,-0.008322377829
6326,0.007,-0.0026,5.820773193,0.008822942169,-0.009370588694
6310,0.0071,-0.0026,5.837722019,0.008228401873,-0.01046824413
6293,0.0072,-0.0026,5.855944692,0.007600777748,-0.01162612041
6276,0.0073,-0.0026,5.875447315,0.006938778391,-0.01285639965
6259,0.0074,-0.0026,5.896245933,0.006240857255,-0.01417272683
6241,0.0075,-0.0026,5.918367311,0.005505233161,-0.01559022874
6224,0.0076,-0.0026,5.941849337,0.004729945358,-0.01712547651
6204,0.0077,-0.0026,5.96674091,0.003912959041,-0.01879636341
6185,0.0078,-0.0026,5.993101154,0.003052345058,-0.02062185631
6163,0.0079,-0.0026,6.020997601,0.002146564892,-0.02262155672
6142,0.008,-0.0026,6.050503033,0.001194905355,-0.02481497093
6118,0.0081,-0.0026,6.081690178,0.0001981135022,-0.02722033682
6094,0.0082,-0.0026,6.11462403,-0.0008406891814,-0.0298527764
6067,0.0083,-0.0026,6.149349448,-0.001914773007,-0.03272143808
6042,0.0084,-0.0026,6.185875672,-0.003012147083,-0.03582523091
6015,0.0085,-0.0026,6.224146633,-0.004113631502,-0.03914666483
5988,0.0086,-0.0026,6.264010477,-0.005190741495,-0.04264345523
5958,0.0087,-0.0026,6.30517544,-0.006204059838,-0.04623769615
5930,0.0088,-0.0026,6.347205161,-0.007101747136,-0.04980401182
5901,0.0089,-0.0026,6.389367001,-0.007821431648,-0.05315713316
5874,0.009,-0.0026,6.430545373,-0.008292011666,-0.05604628837
5846,0.0091,-0.0026,6.46881925,-0.008454366279,-0.05814458656
5821,0.0092,-0.0026,6.504945251,-0.008250916827,-0.05910047999
3930,0.0093,-0.0026,6.536475404,-0.007658298173,-0.05856803763
3929,0.0094,-0.0026,6.559550018,-0.006700446757,-0.05619010428
3941,0.0095,-0.0026,6.575248992,-0.005445904921,-0.05170920141
3949,0.0096,-0.0026,6.582783859,-0.004026399936,-0.04504748718
3955,0.0097,-0.0026,6.581976379,-0.002596601617,-0.03628909839
3961,0.0098,-0.0026,6.572923338,-0.001365346153,-0.02566038351
3967,0.0099,-0.0026,6.562797989,-0.0004741953217,-0.01346967872
3971,0.01,-0.0026,6.559499774,0.0,0.0
8098,0.0,-0.0025,6.352439587,0.0,0.0
8099,0.0001,-0.0025,6.352605922,1.684452023e-05,0.002869279286
8122,0.0002,-0.0025,6.353114796,5.028223563e-05,0.005585901451
8150,0.0003,-0.0025,6.353773249,0.0001017935455,0.008139720918
8177,0.0004,-0.0025,6.354450808,0.0001723311592,0.01052134648
8207,0.0005,-0.0025,6.355228796,0.0002616526302,0.01272421244
8236,0.0006,-0.0025,6.356139725,0.0003707703929,0.01474439513
8268,0.0007,-0.0025,6.357199181,0.0005004908875,0.0165807985
8299,0.0008,-0.0025,6.358379696,0.0006516990213,0.01823494121
8333,0.0009,-0.0025,6.359622221,0.0008250472657,0.01971076783
8364,0.001,-0.0025,6.360834883,0.001021020491,0.02101432601
8397,0.0011,-0.0025,6.361901118,0.001239856217,0.02215339459
8428,0.0012,-0.0025,6.362688606,0.001481651241,0.0231370814
8461,0.0013,-0.0025,6.363051459,0.00174618832,0.02397540795
8491,0.0014,-0.0025,6.362840181,0.002033374631,0.02467886472
8523,0.0015,-0.0025,6.361913289,0.00234280083,0.02525805103
8552,0.0016,-0.0025,6.360138286,0.00267386028,0.02572328304
8582,0.0017,-0.0025,6.357393432,0.003025978354,0.02608455163
8607,0.0018,-0.0025,6.35355979,0.003398375475,0.02635107773
8633,0.0019,-0.0025,6.348543778,0.00379018724,0.02653110147
8656,0.002,-0.0025,6.342275269,0.004200254268,0.02663211979
8680,0.0021,-0.0025,6.334693555,0.004627379869,0.02666067762
8701,0.0022,-0.0025,6.325758704,0.005070144897,0.02662241525
8722,0.0023,-0.0025,6.315448085,0.005526956403,0.02652214854
8740,0.0024,-0.0025,6.303756511,0.005996063905,0.02636393662
8759,0.0025,-0.0025,6.290696132,0.006475562315,0.02615119428
8779,0.0026,-0.0025,6.276295273,0.006963394972,0.02588680497
8799,0.0027,-0.0025,6.260598191,0.007457379325,0.02557322615
8818,0.0028,-0.0025,6.243664436,0.007955228443,0.02521259374
8836,0.0029,-0.0025,6.225567777,0.008454580651,0.02480680365
8854,0.003,-0.0025,6.206393801,0.008953011879,0.02435761671
8871,0.0031,-0.0025,6.186241966,0.009448058253,0.02386672118
8887,0.0032,-0.0025,6.165223549,0.009937269187,0.02333578195
8900,0.0033,-0.0025,6.143457973,0.01041821642,0.02276650338
1854,0.0034,-0.0025,6.121073816,0.01088851216,0.02216065219
1823,0.0035,-0.0025,6.098206305,0.01134583997,0.02152008096
1792,0.0036,-0.0025,6.074996041,0.01178797135,0.02084674177
1764,0.0037,-0.0025,6.051587255,0.01221278438,0.0201426871
1735,0.0038,-0.0025,6.028126194,0.01261827752,0.01941006456
1736,0.0039,-0.0025,6.004759499,0.01300258144,0.01865110603
1763,0.004,-0.0025,5.981632618,0.01336396762,0.01786811141
1791,0.0041,-0.0025,5.95888831,0.01370085433,0.01706342879
1821,0.0042,-0.0025,5.936665242,0.0140118099,0.01623943222
1852,0.0043,-0.0025,5.915096709,0.01429555356,0.01539849784
1884,0.0044,-0.0025,5.894309494,0.0145509539,0.01454297954
1914,0.0045,-0.0025,5.874422876,0.01477702569,0.01367518434
1946,0.0046,-0.0025,5.855547781,0.01497292426,0.01279734886
1979,0.0047,-0.0025,5.837786142,0.01513793997,0.0119116157
2013,0.0048,-0.0025,5.821230262,0.01527148807,0.01102001317
2048,0.0049,-0.0025,5.805962553,0.01537310846,0.01012442895
2082,0.005,-0.0025,5.792055855,0.01544245249,0.00922659162
2116,0.0051,-0.0025,5.779572731,0.01547925474,0.008328068463
2150,0.0052,-0.0025,5.768565225,0.01548335021,0.007430235092
2184,0.0053,-0.0025,5.759075725,0.01545466496,0.006534250893
2218,0.0054,-0.0025,5.7511372,0.01539319005,0.005641051692
2252,0.0055,-0.0025,5.744773458,0.01529898303,0.004751329048
2284,0.0056,-0.0025,5.739999661,0.01517215766,0.00386551006
2315,0.0057,-0.0025,5.736822896,0.0150128757,0.002983734828
2345,0.0058,-0.0025,5.735242839,0.0148213383,0.002105830856
2375,0.0059,-0.0025,5.735252492,0.01459777693,0.001231283465
2403,0.006,-0.0025,5.736838982,0.01434244356,0.0003592015198
2428,0.0061,-0.0025,5.739984422,0.01405559981,-0.0005117216237
2454,0.0062,-0.0025,5.744666761,0.01373750465,-0.001383253656
2503,0.0063,-0.0025,5.750860807,0.01338839975,-0.002257676678
6412,0.0064,-0.0025,5.758539312,0.01300849208,-0.00313784787
6395,0.0065,-0.0025,5.767674107,0.01259793614,-0.004027267537
6378,0.0066,-0.0025,5.778237111,0.01215680748,-0.004930156009
6361,0.0067,-0.0025,5.790201735,0.01168509449,-0.005851534206
6345,0.0068,-0.0025,5.803544402,0.01118264274,-0.006797328427
6329,0.0069,-0.0025,5.81824492,0.01064912947,-0.007774463401
6313,0.007,-0.0025,5.834287929,0.01008406112,-0.008790949567
6296,0.0071,-0.0025,5.85166494,0.009486712654,-0.009856000485
6279,0.0072,-0.0025,5.87037511,0.008856102096,-0.01098013374
6261,0.0073,-0.0025,5.890426148,0.008190969959,-0.01217525692
6242,0.0074,-0.0025,5.911835291,0.007489763759,-0.01345474075
6222,0.0075,-0.0025,5.934629947,0.006750642394,-0.01483346237
6203,0.0076,-0.0025,5.958847985,0.005971508262,-0.01632780561
6182,0.0077,-0.0025,5.984537494,0.00515008269,-0.01795559482
6162,0.0078,-0.0025,6.011755867,0.0042840461,-0.01973592876
6139,0.0079,-0.0025,6.040567903,0.003371272262,-0.02168885976
6117,0.008,-0.0025,6.071042712,0.002410201645,-0.02383483179
6091,0.0081,-0.0025,6.103248553,0.001400404062,-0.02619373713
6066,0.0082,-0.0025,6.137245609,0.0003434161708,-0.02878337734
6039,0.0083,-0.0025,6.173074029,-0.000756096237,-0.03161699424
6014,0.0084,-0.0025,6.210740449,-0.00188868499,-0.03469941168
5985,0.0085,-0.0025,6.250189687,-0.003038116739,-0.03802123936
5957,0.0086,-0.0025,6.291279816,-0.004178937247,-0.04155058855
5927,0.0087,-0.0025,6.333719544,-0.005274443658,-0.04522194686
5900,0.0088,-0.0025,6.377074016,-0.006274292351,-0.04892258048
5871,0.0089,-0.0025,6.420602796,-0.00711684656,-0.05247855288
5845,0.009,-0.0025,6.463594504,-0.007725955904,-0.05564288363
5818,0.0091,-0.0025,6.504248512,-0.008037056603,-0.05808637827
5794,0.0092,-0.0025,6.541744384,-0.00797177173,-0.05942770963
5768,0.0093,-0.0025,6.574159219,-0.007505917358,-0.05928726847
5744,0.0094,-0.0025,6.599078123,-0.006659839446,-0.05727377223
5718,0.0095,-0.0025,6.616555697,-0.005474107612,-0.05305967842
3960,0.0096,-0.0025,6.62540781,-0.004084624007,-0.04650931464
3959,0.0097,-0.0025,6.625522567,-0.002654889911,-0.03767570419
3966,0.0098,-0.0025,6.616811865,-0.001404878407,-0.02677146966
3970,0.0099,-0.0025,6.606771882,-0.0004903696504,-0.01411293494
3973,0.01,-0.0025,6.603527221,0.0,0.0
8071,0.0,-0.0024,6.347300027,0.0,0.0
8072,0.0001,-0.0024,6.347428354,1.170686788e-05,0.002850059168
8094,0.0002,-0.0024,6.347818233,3.539245344e-05,0.005549448187
8121,0.0003,-0.0024,6.348368365,7.320112071e-05,0.008086333304
8147,0.0004,-0.0024,6.34903757,0.0001274969415,0.0104500614
8176,0.0005,-0.0024,6.349917635,0.0002000813317,0.01263349542
8204,0.0006,-0.0024,6.351060635,0.0002935281161,0.01463256319
8235,0.0007,-0.0024,6.352488061,0.0004100966325,0.01644631385
8265,0.0008,-0.0024,6.354174346,0.0005517589276,0.01807655888
8298,0.0009,-0.0024,6.356054458,0.000719979346,0.01952758212
8330,0.001,-0.0024,6.358024454,0.000915746878,0.02080578675
8363,0.0011,-0.0024,6.359952072,0.001139541418,0.02191929633
8394,0.0012,-0.0024,6.361685883,0.001391469573,0.02287750485
8427,0.0013,-0.0024,6.36305956,0.001671245165,0.02369063036
8458,0.0014,-0.0024,6.36390194,0.001978334241,0.02436937205
8490,0.0015,-0.0024,6.364050535,0.002311939687,0.02492450789
8520,0.0016,-0.0024,6.36336657,0.002671097204,0.02536655632
8551,0.0017,-0.0024,6.361696837,0.003054728771,0.02570558897
8579,0.0018,-0.0024,6.358905076,0.003461526533,0.02595089894
8606,0.0019,-0.0024,6.354901592,0.003890073363,0.02611096635
8630,0.002,-0.0024,6.349600575,0.004338832098,0.02619341833
8655,0.0021,-0.0024,6.342934882,0.004806139492,0.02620494105
8677,0.0022,-0.0024,6.334859975,0.005290182492,0.02615133549
8700,0.0023,-0.0024,6.325350479,0.005789033266,0.0260375566
8720,0.0024,-0.0024,6.314399712,0.006300629999,0.02586780895
8741,0.0025,-0.0024,6.302019236,0.006822799799,0.02564564488
8761,0.0026,-0.0024,6.288238028,0.007353253387,0.02537406506
8782,0.0027,-0.0024,6.273101492,0.007889615594,0.02505562307
8802,0.0028,-0.0024,6.256670472,0.008429434055,0.0246925304
8821,0.0029,-0.0024,6.239021531,0.008970205314,0.02428674952
8839,0.003,-0.0024,6.220242843,0.009509396567,0.02384006915
8857,0.0031,-0.0024,6.200435914,0.01004444915,0.02335418074
8874,0.0032,-0.0024,6.17971384,0.01057283362,0.02283073768
8890,0.0033,-0.0024,6.158197827,0.01109204523,0.02227139883
1853,0.0034,-0.0024,6.136019193,0.01159963746,0.02167786968
1822,0.0035,-0.0024,6.113315491,0.01209325122,0.02105192168
1766,0.0036,-0.0024,6.090229285,0.01257061694,0.02039540405
1738,0.0037,-0.0024,6.066906796,0.01302957659,0.01971025221
1709,0.0038,-0.0024,6.043496307,0.01346809734,0.01899848512
1710,0.0039,-0.0024,6.02014649,0.01388428227,0.01826219579
1737,0.004,-0.0024,5.997004863,0.01427637801,0.0175035384
1765,0.0041,-0.0024,5.974216317,0.01464278039,0.01672471088
1793,0.0042,-0.0024,5.951921727,0.01498203748,0.01592793513
1824,0.0043,-0.0024,5.930256701,0.01529285036,0.01511543563
1855,0.0044,-0.0024,5.909350439,0.01557407146,0.014289417
1885,0.0045,-0.0024,5.889324767,0.01582470177,0.01345204129
1915,0.0046,-0.0024,5.870293248,0.01604388488,0.01260540575
1947,0.0047,-0.0024,5.852360615,0.01623090298,0.01175152064
1980,0.0048,-0.0024,5.835621998,0.01638516309,0.0108922886
2014,0.0049,-0.0024,5.820162934,0.01650621119,0.01002947871
2049,0.005,-0.0024,5.806059563,0.01659368812,0.009164720228
2083,0.0051,-0.0024,5.793377395,0.01664733309,0.008299482914
2117,0.0052,-0.0024,5.782171651,0.01666700364,0.007435046117
2151,0.0053,-0.0024,5.77248816,0.01665263174,0.006572491129
2185,0.0054,-0.0024,5.764363285,0.0166042294,0.005712682925
2219,0.0055,-0.0024,5.757824256,0.0165218784,0.004856250047
2253,0.0056,-0.0024,5.752889674,0.01640572202,0.004003564975
2285,0.0057,-0.0024,5.749570106,0.01625595643,0.003154721593
2316,0.0058,-0.0024,5.747868735,0.01607282206,0.002309509984
2346,0.0059,-0.0024,5.747782091,0.0158565944,0.0014673875
2376,0.006,-0.0024,5.749300844,0.01560757389,0.0006274455098
2429,0.0061,-0.0024,5.752410688,0.01532607512,-0.0002116288666
2453,0.0062,-0.0024,5.757093177,0.0150124139,-0.001051595874
6413,0.0063,-0.0024,5.763326689,0.01466689252,-0.001894713995
6396,0.0064,-0.0024,5.771087586,0.01428978238,-0.002743798929
6379,0.0065,-0.0024,5.780351306,0.01388130406,-0.003602288401
6362,0.0066,-0.0024,5.791093416,0.01344160351,-0.004474316937
6346,0.0067,-0.0024,5.80329084,0.01297072979,-0.00536479415
6330,0.0068,-0.0024,5.816923596,0.01246860896,-0.006279495645
6314,0.0069,-0.0024,5.831975303,0.01193498421,-0.007225167682
6297,0.007,-0.0024,5.848433936,0.01136941067,-0.008209615136
6280,0.0071,-0.0024,5.866294218,0.01077122335,-0.009241804532
6262,0.0072,-0.0024,5.88555855,0.01013947536,-0.01033197553
6243,0.0073,-0.0024,5.906237562,0.009472923284,-0.01149173321
6223,0.0074,-0.0024,5.928351087,0.008769998219,-0.01273413274
6202,0.0075,-0.0024,5.95192863,0.008028796809,-0.01407374256
6181,0.0076,-0.0024,5.977009541,0.007247093393,-0.01552667577
6159,0.0077,-0.0024,6.003642585,0.006422388849,-0.01711057179
6138,0.0078,-0.0024,6.031884842,0.005552014633,-0.01884450198
6114,0.0079,-0.0024,6.06179962,0.00463331932,-0.02074875537
6090,0.008,-0.0024,6.093453238,0.003663981129,-0.02284443116
6063,0.0081,-0.0024,6.126909847,0.002642495572,-0.02515271575
6038,0.0082,-0.0024,6.162224581,0.001568931946,-0.02769364513
6011,0.0083,-0.0024,6.19943172,0.0004460039002,-0.03048403826
5984,0.0084,-0.0024,6.238532789,-0.0007193339865,-0.0335341271
5954,0.0085,-0.0024,6.279469613,-0.001913817109,-0.0368422374
5926,0.0086,-0.0024,6.322099945,-0.003115329514,-0.04038679015
5897,0.0087,-0.0024,6.36614484,-0.004290253072,-0.04411518618
5870,0.0088,-0.0024,6.411162939,-0.005390709384,-0.04792896317
5842,0.0089,-0.0024,6.456467782,-0.00635553494,-0.05166765664
5817,0.009,-0.0024,6.50141169,-0.007105831568,-0.05509163101
5791,0.0091,-0.0024,6.543894348,-0.00756635576,-0.05787377521
5767,0.0092,-0.0024,6.582427978,-0.007651464595,-0.05960847478
5741,0.0093,-0.0024,6.61700553,-0.007328979121,-0.05988342683
5717,0.0094,-0.0024,6.644791156,-0.006601282457,-0.05826769854
5692,0.0095,-0.0024,6.663799154,-0.005492389604,-0.05435835528
3965,0.0096,-0.0024,6.673978326,-0.004139977019,-0.04795571274
3964,0.0097,-0.0024,6.67516495,-0.002714495583,-0.03907437514
3969,0.0098,-0.0024,6.666852356,-0.001446274434,-0.02790745934
3972,0.0099,-0.0024,6.656934205,-0.0005075715864,-0.01477693189
3976,0.01,-0.0024,6.653757336,0.0,0.0
8045,0.0,-0.0023,6.342265409,0.0,0.0
8046,0.0001,-0.0023,6.342343232,5.230151283e-06,0.002838632962
8067,0.0002,-0.0023,6.342579561,1.656184603e-05,0.005526713495
8093,0.0003,-0.0023,6.342984135,3.695403966e-05,0.008050527372
8118,0.0004,-0.0023,6.343623603,7.043928545e-05,0.01039812185
8146,0.0005,-0.0023,6.344603491,0.0001213082526,0.01256191979
8173,0.0006,-0.0023,6.345996043,0.0001940292438,0.01453796153
8203,0.0007,-0.0023,6.347828487,0.0002926086431,0.01632575302
8232,0.0008,-0.0023,6.35007238,0.0004203098864,0.0179277525
8264,0.0009,-0.0023,6.352654721,0.0005795018006,0.01934895221
8295,0.001,-0.0023,6.355459477,0.0007717603784,0.02059640708
8329,0.0011,-0.0023,6.358332195,0.0009978567126,0.02167880858
8360,0.0012,-0.0023,6.361098258,0.001257887455,0.02260605177
8393,0.0013,-0.0023,6.363568734,0.001551400681,0.02338879641
8424,0.0014,-0.0023,6.3655495,0.001877447429,0.02403804395
8457,0.0015,-0.0023,6.366859576,0.002234841992,0.02456476958
8487,0.0016,-0.0023,6.367329337,0.002622052487,0.02497980248
8519,0.0017,-0.0023,6.366790005,0.003037416703,0.0252933275
8548,0.0018,-0.0023,6.365103708,0.003479130126,0.02551469344
8578,0.0019,-0.0023,6.362160425,0.003945163764,0.0256525793
8603,0.002,-0.0023,6.357864146,0.004433493914,0.02571471369
8629,0.0021,-0.0023,6.352143625,0.00494196367,0.02570788406
8652,0.0022,-0.0023,6.344949795,0.005468337542,0.02563799163
8676,0.0023,-0.0023,6.336255052,0.006010306857,0.02551009669
8699,0.0024,-0.0023,6.326052043,0.006565475023,0.02532850691
8721,0.0025,-0.0023,6.314352743,0.007131378611,0.02509686982
8742,0.0026,-0.0023,6.301187484,0.007705487572,0.02481826684
8762,0.0027,-0.0023,6.28660351,0.008285218398,0.02449531846
8783,0.0028,-0.0023,6.270664207,0.008867955033,0.0241302796
8803,0.0029,-0.0023,6.253448011,0.00945104978,0.02372513899
8822,0.003,-0.0023,6.235046582,0.01003184984,0.02328169638
8840,0.0031,-0.0023,6.215564729,0.01060770958,0.0228016371
8858,0.0032,-0.0023,6.195118216,0.01117603023,0.02228658428
8875,0.0033,-0.0023,6.173830951,0.01173424889,0.02173814067
8891,0.0034,-0.0023,6.151835957,0.01227986208,0.02115793294
8903,0.0035,-0.0023,6.129273488,0.01281047041,0.02054764101
1740,0.0036,-0.0023,6.106288622,0.01332377483,0.01990901377
1712,0.0037,-0.0023,6.08302994,0.01381759119,0.01924386436
1681,0.0038,-0.0023,6.059647785,0.01428986458,0.01855407662
1682,0.0039,-0.0023,6.036292947,0.01473867887,0.01784160234
1711,0.004,-0.0023,6.013115046,0.01516226416,0.01710844774
1739,0.0041,-0.0023,5.990261127,0.01555900148,0.01635665832
1767,0.0042,-0.0023,5.967874279,0.01592742594,0.0155883021
1794,0.0043,-0.0023,5.946092402,0.01626622721,0.0148054501
1825,0.0044,-0.0023,5.925047087,0.01657424785,0.0140101558
1856,0.0045,-0.0023,5.904862663,0.01685048074,0.01320443419
1886,0.0046,-0.0023,5.885655312,0.0170940634,0.01239024066
1916,0.0047,-0.0023,5.867532499,0.01730427438,0.01156945075
1948,0.0048,-0.0023,5.850592198,0.01748051907,0.01074383928
1981,0.0049,-0.0023,5.834923103,0.01762234594,0.009915056461
2015,0.005,-0.0023,5.820604502,0.01772939886,0.009084620635
2050,0.0051,-0.0023,5.807704911,0.01780142669,0.00825389873
2084,0.0052,-0.0023,5.796282926,0.01783830176,0.007424077868
2118,0.0053,-0.0023,5.786387858,0.01783997139,0.006596154559
2152,0.0054,-0.0023,5.778059531,0.01780646911,0.005770917304
2186,0.0055,-0.0023,5.771328761,0.01773790194,0.004948927017
2220,0.0056,-0.0023,5.76621779,0.01763444272,0.004130496938
2254,0.0057,-0.0023,5.762740902,0.01749632107,0.00331567036
2286,0.0058,-0.0023,5.760905064,0.01732381452,0.002504195795
2317,0.0059,-0.0023,5.760710655,0.017117239,0.001695498769
2347,0.006,-0.0023,5.762152262,0.01687693821,0.0008886495323
6427,0.0061,-0.0023,5.765219578,0.01660327249,8.232599631e-05
6414,0.0062,-0.0023,5.76989827,0.01629660494,-0.0007252274799
6398,0.0063,-0.0023,5.776170852,0.01595728705,-0.001536248596
6381,0.0064,-0.0023,5.784017864,0.01558564093,-0.002353513151
6364,0.0065,-0.0023,5.793419013,0.01518193697,-0.003180397328
6348,0.0066,-0.0023,5.804354289,0.01474637191,-0.00402094897
6333,0.0067,-0.0023,5.81680501,0.01427903775,-0.004879964841
6317,0.0068,-0.0023,5.830755672,0.01377991309,-0.005763072911
6300,0.0069,-0.0023,5.846194677,0.01324878275,-0.006676834127
6283,0.007,-0.0023,5.863114482,0.0126852299,-0.007628836228
6265,0.0071,-0.0023,5.88151422,0.01208861979,-0.008627790291
6246,0.0072,-0.0023,5.901400839,0.01145801587,-0.009683641597
6226,0.0073,-0.0023,5.922789328,0.01079216747,-0.01080766842
6205,0.0074,-0.0023,5.94570364,0.01008947042,-0.01201257516
6183,0.0075,-0.0023,5.970177008,0.009347946839,-0.01331257122
6160,0.0076,-0.0023,5.996251962,0.008565240498,-0.01472342768
6136,0.0077,-0.0023,6.023979681,0.007738642692,-0.01626249886
6113,0.0078,-0.0023,6.053418644,0.006865164133,-0.01794868928
6087,0.0079,-0.0023,6.084632267,0.005941677731,-0.01980233271
6062,0.008,-0.0023,6.117685423,0.004965172517,-0.02184492444
6035,0.0081,-0.0023,6.152639079,0.003933166928,-0.02409860413
6010,0.0082,-0.0023,6.189543382,0.00284437536,-0.02658520939
5981,0.0083,-0.0023,6.228426221,0.00169968171,-0.02932461188
5953,0.0084,-0.0023,6.269282677,0.0005036461708,-0.03233186837
5923,0.0085,-0.0023,6.312047733,-0.0007334290182,-0.03561250856
5896,0.0086,-0.0023,6.356571751,-0.001992929055,-0.03915501964
5867,0.0087,-0.0023,6.402585113,-0.003244665537,-0.04291991304
5841,0.0088,-0.0023,6.449641878,-0.0044438803,-0.04682422442
5814,0.0089,-0.0023,6.497085731,-0.005529755827,-0.05072349438
5790,0.009,-0.0023,6.544136174,-0.00642420183,-0.05439073646
5764,0.0091,-0.0023,6.588941487,-0.007039659372,-0.05750822056
5740,0.0092,-0.0023,6.629051761,-0.007292440857,-0.0596453402
5714,0.0093,-0.0023,6.666244956,-0.007123878092,-0.06034789957
5691,0.0094,-0.0023,6.697287264,-0.006516915988,-0.05915569144
5667,0.0095,-0.0023,6.71765016,-0.005496933331,-0.05559326892
5645,0.0096,-0.0023,6.729112585,-0.004191155604,-0.04937981272
5621,0.0097,-0.0023,6.731493374,-0.002775461615,-0.04048273633
3975,0.0098,-0.0023,6.723629555,-0.001489861272,-0.02906883904
3974,0.0099,-0.0023,6.71387548,-0.0005259857434,-0.01546290575
3977,0.01,-0.0023,6.710784652,0.0,0.0
8020,0.0,-0.0022,6.337273916,0.0,0.0
8021,0.0001,-0.0022,6.337287701,-2.866250926e-06,0.002836961718
8041,0.0002,-0.0022,6.33733159,-6.964223905e-06,0.005521227454
8066,0.0003,-0.0022,6.337547485,-8.321097356e-06,0.008036921487
8090,0.0004,-0.0022,6.338133969,-9.254297068e-07,0.01037074187
8117,0.0005,-0.0022,6.339214304,2.257311644e-05,0.0125148913
8143,0.0006,-0.0022,6.340879645,6.894887222e-05,0.01446584983
8172,0.0007,-0.0022,6.343160554,0.0001442460678,0.01622400039
8200,0.0008,-0.0022,6.346025867,0.000253222915,0.01779285479
8231,0.0009,-0.0022,6.349390643,0.0003993386702,0.01917851594
8261,0.001,-0.0022,6.353116341,0.0005848181923,0.02038909463
8294,0.0011,-0.0022,6.357024842,0.0008106511313,0.02143418628
8326,0.0012,-0.0022,6.360919541,0.001076908646,0.02232439486
8359,0.0013,-0.0022,6.364579081,0.001382929511,0.02307097567
8390,0.0014,-0.0022,6.367782996,0.001727305137,0.02368539749
8423,0.0015,-0.0022,6.370337015,0.002108281129,0.02417902303
8454,0.0016,-0.0022,6.372034821,0.002523795665,0.02456286411
8486,0.0017,-0.0022,6.372688012,0.002971490116,0.02484723426
8516,0.0018,-0.0022,6.372157536,0.003448880098,0.02504170132
8547,0.0019,-0.0022,6.370314907,0.003953388312,0.02515500937
8575,0.002,-0.0022,6.367055675,0.004482393962,0.02519494191
8602,0.0021,-0.0022,6.362303129,0.005033215412,0.02516835461
8627,0.0022,-0.0022,6.356004716,0.005603148842,0.02508120162
8653,0.0023,-0.0022,6.348131344,0.006189466012,0.02493859802
8678,0.0024,-0.0022,6.338675891,0.006789414229,0.02474489584
8702,0.0025,-0.0022,6.327651762,0.007400227247,0.02450377835
8724,0.0026,-0.0022,6.31509152,0.008019119204,0.02421836536
8745,0.0027,-0.0022,6.301045207,0.008643292714,0.0238913087
8765,0.0028,-0.0022,6.285579414,0.00926995776,0.02352488154
8786,0.0029,-0.0022,6.268775808,0.009896325096,0.02312107043
8806,0.003,-0.0022,6.250729633,0.01051963329,0.02268165731
8825,0.0031,-0.0022,6.231548442,0.01113714937,0.02220829387
8843,0.0032,-0.0022,6.211351536,0.01174619894,0.021702556
8861,0.0033,-0.0022,6.190266716,0.0123441773,0.02116598365
8878,0.0034,-0.0022,6.168430024,0.01292854601,0.0206001173
8894,0.0035,-0.0022,6.145983917,0.01349687516,0.02000653323
1714,0.0036,-0.0022,6.123075087,0.01404683835,0.01938686406
1684,0.0037,-0.0022,6.099855108,0.01457623286,0.01874280219
1656,0.0038,-0.0022,6.076476957,0.01508299696,0.0180760977
1657,0.0039,-0.0022,6.053093468,0.01556520531,0.01738855484
1683,0.004,-0.0022,6.029856339,0.01602108069,0.01668203011
1713,0.0041,-0.0022,6.006914794,0.01644899877,0.01595841523
1741,0.0042,-0.0022,5.98441411,0.01684749094,0.01521962272
1768,0.0043,-0.0022,5.962494434,0.0172152438,0.01446756899
1795,0.0044,-0.0022,5.941289697,0.01755109802,0.01370415507
1826,0.0045,-0.0022,5.920926667,0.01785404572,0.01293124718
1857,0.0046,-0.0022,5.901524108,0.01812322553,0.01215065693
1887,0.0047,-0.0022,5.883192154,0.01835791785,0.01136412253
1917,0.0048,-0.0022,5.866031624,0.01855753652,0.01057328748
1949,0.0049,-0.0022,5.850134281,0.01872163303,0.009779682426
1982,0.005,-0.0022,5.835582438,0.0188498606,0.008984713124
2016,0.0051,-0.0022,5.822447752,0.01894198629,0.008189637547
2051,0.0052,-0.0022,5.810792258,0.01899789607,0.00739554587
2085,0.0053,-0.0022,5.800668787,0.01901755783,0.006603346843
2119,0.0054,-0.0022,5.792120744,0.01900102848,0.005813749014
2153,0.0055,-0.0022,5.78518265,0.01894844148,0.005027242022
2187,0.0056,-0.0022,5.779880573,0.01885999914,0.004244076443
2221,0.0057,-0.0022,5.776232733,0.01873596311,0.003464241868
2255,0.0058,-0.0022,5.774250146,0.01857664516,0.002687442538
2287,0.0059,-0.0022,5.773937357,0.01838239702,0.001913069914
2318,0.006,-0.0022,5.775293237,0.0181535993,0.001140171452
6415,0.0061,-0.0022,5.778311881,0.01789064923,0.0003674150917
6399,0.0062,-0.0022,5.782983555,0.01759394684,-0.0004069509717
6382,0.0063,-0.0022,5.789295505,0.01726387942,-0.001185143984
6365,0.0064,-0.0022,5.797233037,0.01690080313,-0.001969898883
6349,0.0065,-0.0022,5.806780803,0.01650502037,-0.002764528872
6334,0.0066,-0.0022,5.817923945,0.01607675619,-0.003572992284
6318,0.0067,-0.0022,5.830649082,0.0156161267,-0.00439996945
6301,0.0068,-0.0022,5.844946221,0.01512313118,-0.005250938254
6284,0.0069,-0.0022,5.860809407,0.0145975671,-0.006132267757
6266,0.007,-0.0022,5.878236772,0.01403902218,-0.007051318562
6247,0.0071,-0.0022,5.897233248,0.01344685751,-0.008016535585
6227,0.0072,-0.0022,5.917811695,0.01282011728,-0.009037554272
6206,0.0073,-0.0022,5.939992997,0.01215751389,-0.01012530438
6184,0.0074,-0.0022,5.963806888,0.01145738165,-0.01129210896
6161,0.0075,-0.0022,5.989292129,0.01071764697,-0.01255177541
6137,0.0076,-0.0022,6.016496342,0.009935810149,-0.01391967213
6112,0.0077,-0.0022,6.04547512,0.009108951755,-0.01541278273
6086,0.0078,-0.0022,6.076290366,0.008233776605,-0.0170497243
6059,0.0079,-0.0022,6.10900759,0.007306717569,-0.01885070658
6034,0.008,-0.0022,6.143692007,0.006324134439,-0.02083738724
6007,0.0081,-0.0022,6.180402899,0.005282656085,-0.02303254247
5980,0.0082,-0.0022,6.219186221,0.004179750661,-0.02545939581
5950,0.0083,-0.0022,6.260063637,0.003014600079,-0.02814035224
5922,0.0084,-0.0022,6.303021868,0.00178948159,-0.03109467287
5893,0.0085,-0.0022,6.347987658,0.0005117926417,-0.03433446132
5866,0.0086,-0.0022,6.394798567,-0.000803439858,-0.03785785162
5838,0.0087,-0.0022,6.44318877,-0.002129726876,-0.04163848149
5813,0.0088,-0.0022,6.492685594,-0.00342616309,-0.04560989031
5787,0.0089,-0.0022,6.542656952,-0.004632490044,-0.04964577339
5763,0.009,-0.0022,6.592011734,-0.005673553908,-0.05353568578
5737,0.0091,-0.0022,6.639833689,-0.00645188031,-0.05697029777
5713,0.0092,-0.0022,6.683399001,-0.006888186811,-0.05951286568
5688,0.0093,-0.0022,6.722944649,-0.006880733513,-0.06066341868
5666,0.0094,-0.0022,6.756358561,-0.006404381278,-0.05992229374
5642,0.0095,-0.0022,6.778585941,-0.005489929708,-0.05675158273
5620,0.0096,-0.0022,6.791409969,-0.004238899262,-0.05077419458
5597,0.0097,-0.0022,6.795157722,-0.00283866287,-0.04189811682
5576,0.0098,-0.0022,6.787802635,-0.001536272819,-0.03025633365
5552,0.0099,-0.0022,6.778257222,-0.0005458465852,-0.01617236573
5553,0.01,-0.0022,6.775275974,0.0,0.0
7996,0.0,-0.0021,6.332248443,0.0,0.0
7997,0.0001,-0.0021,6.332183919,-1.292090134e-05,0.002847427781
8016,0.0002,-0.0021,6.331987923,-3.612442339e-05,0.005537167453
8040,0.0003,-0.0021,6.331965089,-6.438187856e-05,0.008050892557
8063,0.0004,-0.0021,6.332477138,-8.922568916e-05,0.01037391578
8089,0.0005,-0.0021,6.333663155,-9.954102459e-05,0.01249850304
8114,0.0006,-0.0021,6.335633767,-8.57868334e-05,0.01442202555
8142,0.0007,-0.0021,6.338418974,-3.95360064e-05,0.01614628501
8169,0.0008,-0.0021,6.341983637,4.570149972e-05,0.01767637974
8199,0.0009,-0.0021,6.346222634,0.0001746047199,0.01902000351
8228,0.001,-0.0021,6.350970944,0.0003500553613,0.02018673414
8260,0.0011,-0.0021,6.356020359,0.0005732817709,0.02118746372
8291,0.0012,-0.0021,6.36114425,0.0008442178472,0.02203385737
8325,0.0013,-0.0021,6.366093643,0.001161841178,0.022737894
8356,0.0014,-0.0021,6.370618005,0.001524320507,0.0233116109
8389,0.0015,-0.0021,6.374488577,0.001929142791,0.02376691985
8420,0.0016,-0.0021,6.377479342,0.002373532666,0.02411506049
8453,0.0017,-0.0021,6.379391914,0.002854467631,0.02436646196
8483,0.0018,-0.0021,6.380065261,0.003368682486,0.02453086671
8515,0.0019,-0.0021,6.379358366,0.003912952946,0.02461705635
8544,0.002,-0.0021,6.377161063,0.004484006733,0.02463283136
8574,0.0021,-0.0021,6.373391553,0.00507859685,0.02458504904
8601,0.0022,-0.0021,6.367994995,0.005693510146,0.02447965617
8628,0.0023,-0.0021,6.360941881,0.006325574866,0.02432175732
8654,0.0024,-0.0021,6.352226233,0.006971660552,0.02411569528
8679,0.0025,-0.0021,6.341863819,0.007628677965,0.02386514568
8703,0.0026,-0.0021,6.329890421,0.008293576071,0.02357321231
8725,0.0027,-0.0021,6.316359934,0.00896334574,0.02324252266
8746,0.0028,-0.0021,6.30134299,0.009635019476,0.02287533024
8766,0.0029,-0.0021,6.284925379,0.01030566826,0.02247359671
8787,0.003,-0.0021,6.267206414,0.01097242338,0.0220390606
8807,0.0031,-0.0021,6.248297576,0.01163248111,0.02157331308
8826,0.0032,-0.0021,6.228321255,0.01228310355,0.02107786091
8844,0.0033,-0.0021,6.207408973,0.01292163666,0.02055416297
8862,0.0034,-0.0021,6.185700674,0.01354552334,0.02000367177
8879,0.0035,-0.0021,6.1633419,0.01415231941,0.0194278572
1687,0.0036,-0.0021,6.140482082,0.01473968948,0.0188282219
1659,0.0037,-0.0021,6.117274322,0.01530542196,0.01820632354
1632,0.0038,-0.0021,6.093873994,0.01584745343,0.01756377735
1633,0.0039,-0.0021,6.070436785,0.01636386412,0.01690224778
1658,0.004,-0.0021,6.047116417,0.01685288152,0.01622343634
1685,0.0041,-0.0021,6.024064231,0.01731288701,0.01552907737
1715,0.0042,-0.0021,6.001427666,0.01774241856,0.01482092832
1742,0.0043,-0.0021,5.979349025,0.01814017001,0.01410075041
1769,0.0044,-0.0021,5.957964499,0.01850498947,0.01337029101
1796,0.0045,-0.0021,5.937403225,0.01883587725,0.01263126646
1827,0.0046,-0.0021,5.917786471,0.01913198162,0.01188534341
1858,0.0047,-0.0021,5.899226974,0.01939259273,0.0111341204
1888,0.0048,-0.0021,5.881828354,0.01961714051,0.01037910782
1918,0.0049,-0.0021,5.865685353,0.01980518497,0.009621716357
1950,0.005,-0.0021,5.850883284,0.01995639538,0.008863234728
1983,0.0051,-0.0021,5.837497022,0.02007056318,0.008104808272
2017,0.0052,-0.0021,5.825592005,0.02014759115,0.007347428707
2052,0.0053,-0.0021,5.815224594,0.02018747078,0.006591913952
2086,0.0054,-0.0021,5.806441891,0.02019028419,0.005838890011
2120,0.0055,-0.0021,5.799282247,0.02015619207,0.005088772751
2154,0.0056,-0.0021,5.793775719,0.0200854254,0.004341748025
2188,0.0057,-0.0021,5.789944669,0.01997827555,0.003597750147
2222,0.0058,-0.0021,5.787804414,0.01983508437,0.002856438096
2256,0.0059,-0.0021,5.787363964,0.01965623338,0.002117168929
2288,0.006,-0.0021,5.788626832,0.01944213199,0.001378967747
6400,0.0061,-0.0021,5.791591917,0.01919320407,0.0006404936354
6383,0.0062,-0.0021,5.796254518,0.0189098741,-9.999938132e-05
6366,0.0063,-0.0021,5.802607202,0.01859254943,-0.0008447052663
6350,0.0064,-0.0021,5.810640678,0.01824160169,-0.001596315073
6335,0.0065,-0.0021,5.820345208,0.01785734563,-0.002358075084
6319,0.0066,-0.0021,5.831711775,0.01744000998,-0.0031338488
6303,0.0067,-0.0021,5.844733269,0.01698971334,-0.00392819446
6287,0.0068,-0.0021,5.859406304,0.01650644151,-0.004746432908
6269,0.0069,-0.0021,5.875731402,0.01598997336,-0.005594733421
6250,0.007,-0.0021,5.89371361,0.01543987455,-0.006480219909
6230,0.0071,-0.0021,5.913365127,0.01485546376,-0.007411058476
6209,0.0072,-0.0021,5.93470617,0.01423573242,-0.008396559267
6187,0.0073,-0.0021,5.957765175,0.01357932152,-0.009447283333
6164,0.0074,-0.0021,5.982579454,0.01288447154,-0.01057514522
6140,0.0075,-0.0021,6.009195272,0.01214898464,-0.01179351308
6115,0.0076,-0.0021,6.037667472,0.0113701956,-0.01311730088
6088,0.0077,-0.0021,6.06805833,0.0105449621,-0.01456304875
6060,0.0078,-0.0021,6.100435535,0.009669685095,-0.01614898328
6032,0.0079,-0.0021,6.13486908,0.008740378744,-0.01789504374
6006,0.008,-0.0021,6.171426815,0.007752819043,-0.01982284344
5977,0.0081,-0.0021,6.210168427,0.006702819879,-0.02195550623
5949,0.0082,-0.0021,6.251137227,0.005586703664,-0.02431725069
5919,0.0083,-0.0021,6.294349821,0.004402084572,-0.02693250375
5892,0.0084,-0.0021,6.339781876,0.003149066193,-0.02982410526
5863,0.0085,-0.0021,6.387352839,0.001832219072,-0.03301001455
5837,0.0086,-0.0021,6.436885431,0.0004630510246,-0.0364973885
5810,0.0087,-0.0021,6.488100414,-0.0009360798608,-0.04027271586
5786,0.0088,-0.0021,6.540510221,-0.002328559944,-0.04428676886
5760,0.0089,-0.0021,6.593488329,-0.003656729214,-0.04843303424
5736,0.009,-0.0021,6.64582051,-0.004847048401,-0.05252178545
5710,0.0091,-0.0021,6.696986189,-0.00579612943,-0.05625192647
5687,0.0092,-0.0021,6.744098001,-0.006415854388,-0.05919207657
5663,0.0093,-0.0021,6.786084787,-0.00658148673,-0.06080753425
5641,0.0094,-0.0021,6.822539002,-0.006266252104,-0.06054951339
5617,0.0095,-0.0021,6.847277172,-0.00547260845,-0.05781987244
5596,0.0096,-0.0021,6.861464043,-0.004284028395,-0.05213237858
5573,0.0097,-0.0021,6.866841776,-0.002904701309,-0.04331787368
5551,0.0098,-0.0021,6.860124125,-0.001586259053,-0.03147100657
5528,0.0099,-0.0021,6.850824959,-0.0005673051469,-0.01690713153
5529,0.01,-0.0021,6.847983638,0.0,0.0
7973,0.0,-0.002,6.327093465,0.0,0.0
7974,0.0001,-0.002,6.326933296,-2.537330335e-05,0.002872942433
7992,0.0002,-0.002,6.326442484,-7.216406919e-05,0.005579586713
8015,0.0003,-0.002,6.326125225,-0.0001334789652,0.008098813486
8037,0.0004,-0.002,6.326541396,-0.0001977677382,0.01041458862
8062,0.0005,-0.002,6.32784511,-0.0002492945265,0.01251965872
8086,0.0006,-0.002,6.330166372,-0.0002751923724,0.0144128887
8113,0.0007,-0.002,6.333529419,-0.0002642137512,0.0160981854
8139,0.0008,-0.002,6.337887009,-0.0002079043795,0.01758291917
8168,0.0009,-0.002,6.343106796,-0.00010032703,0.01887701111
8196,0.001,-0.002,6.348995536,6.202175748e-05,0.01999200795
8227,0.0011,-0.002,6.355309114,0.0002806322659,0.02094043282
8257,0.0012,-0.002,6.36177375,0.0005551729225,0.02173535555
8290,0.0013,-0.002,6.368115488,0.0008840481509,0.02238980774
8322,0.0014,-0.002,6.374061084,0.001264854429,0.02291649914
8355,0.0015,-0.002,6.379332629,0.001694313461,0.02332781954
8386,0.0016,-0.002,6.38368313,0.002168726878,0.02363534862
8419,0.0017,-0.002,6.38690747,0.002684245417,0.02384973227
8450,0.0018,-0.002,6.388823986,0.003236837309,0.02398076459
8482,0.0019,-0.002,6.38928101,0.003822509979,0.02403720885
8513,0.002,-0.002,6.388162166,0.004437298332,0.02402682865
8545,0.0021,-0.002,6.385382032,0.005077340119,0.02395641307
8576,0.0022,-0.002,6.380884749,0.005738880415,0.02383183208
8604,0.0023,-0.002,6.374641752,0.006418280599,0.02365811093
8631,0.0024,-0.002,6.366649535,0.00711201466,0.02343951661
8657,0.0025,-0.002,6.356927396,0.007816663201,0.02317965288
8682,0.0026,-0.002,6.345515323,0.008528906083,0.02288155691
8706,0.0027,-0.002,6.332471975,0.009245515376,0.02254779451
8728,0.0028,-0.002,6.317872931,0.009963351966,0.02218055123
8749,0.0029,-0.002,6.301808866,0.01067936199,0.021781717
8769,0.003,-0.002,6.284383808,0.01139057244,0.02135296455
8790,0.0031,-0.002,6.265713683,0.01209410937,0.02089580668
8810,0.0032,-0.002,6.245924972,0.01278719435,0.02041165744
8828,0.0033,-0.002,6.225153204,0.01346714035,0.01990187963
8846,0.0034,-0.002,6.203541173,0.01413137402,0.01936781828
8864,0.0035,-0.002,6.181237807,0.01477744446,0.0188108286
1686,0.0036,-0.002,6.158396453,0.01540302838,0.01823229261
1635,0.0037,-0.002,6.13517275,0.01600592636,0.01763362629
1608,0.0038,-0.002,6.11172374,0.01658408422,0.01701629376
1609,0.0039,-0.002,6.088206745,0.01713559604,0.01638181245
1634,0.004,-0.002,6.06477825,0.01765870567,0.01573173747
1660,0.0041,-0.002,6.04159208,0.0181518171,0.01506764939
1688,0.0042,-0.002,6.018797543,0.01861348611,0.01439114587
1716,0.0043,-0.002,5.996538953,0.01904242398,0.01370383299
1743,0.0044,-0.002,5.974954721,0.0194374971,0.0130073046
1770,0.0045,-0.002,5.954176255,0.01979772469,0.01230312627
1797,0.0046,-0.002,5.9343272,0.02012227391,0.01159281854
1828,0.0047,-0.002,5.915522835,0.02041045456,0.01087783938
1859,0.0048,-0.002,5.897869504,0.02066171547,0.01015956726
1889,0.0049,-0.002,5.881464791,0.02087563874,0.00943928735
1919,0.005,-0.002,5.866397045,0.02105191705,0.008718168364
1951,0.0051,-0.002,5.852744348,0.02119036421,0.007997246004
1984,0.0052,-0.002,5.840575492,0.02129090782,0.007277410693
2018,0.0053,-0.002,5.829950408,0.02135356479,0.006559387196
2053,0.0054,-0.002,5.82091996,0.02137844355,0.00584371763
2087,0.0055,-0.002,5.813526441,0.02136573153,0.005130743157
2121,0.0056,-0.002,5.807804036,0.02131568624,0.004420584511
2155,0.0057,-0.002,5.803779434,0.02122862476,0.003713120936
2189,0.0058,-0.002,5.801472485,0.02110491316,0.003007967079
2223,0.0059,-0.002,5.800896945,0.02094495481,0.00230444731
2257,0.006,-0.002,5.802061297,0.02074917776,0.001601566933
6384,0.0061,-0.002,5.804969646,0.0205180204,0.0008979795004
6367,0.0062,-0.002,5.809622739,0.02025191625,0.0001919498639
6351,0.0063,-0.002,5.816018994,0.01995127564,-0.0005186872528
6336,0.0064,-0.002,5.824155192,0.01961646574,-0.001236573837
6320,0.0065,-0.002,5.83402789,0.01924779082,-0.001964882454
6304,0.0066,-0.002,5.845634593,0.01884545679,-0.002707374366
6288,0.0067,-0.002,5.858975391,0.01840956409,-0.003468474467
6270,0.0068,-0.002,5.874054576,0.0179400463,-0.004253340536
6251,0.0069,-0.002,5.890880103,0.01743662967,-0.005067934243
6231,0.007,-0.002,5.909465195,0.01689883224,-0.00591912692
6210,0.0071,-0.002,5.929830814,0.01632588825,-0.006814792846
6188,0.0072,-0.002,5.952006086,0.01571670039,-0.007763901493
6165,0.0073,-0.002,5.976028749,0.01506980055,-0.008776625585
6141,0.0074,-0.002,6.001945624,0.01438329884,-0.009864446163
6116,0.0075,-0.002,6.029812627,0.01365483892,-0.01104025909
6089,0.0076,-0.002,6.059694172,0.01288156063,-0.01231847923
6061,0.0077,-0.002,6.091661756,0.01206007716,-0.01371514116
6033,0.0078,-0.002,6.125791572,0.01118647602,-0.01524799334
6005,0.0079,-0.002,6.162160917,0.01025635991,-0.01693657907
5976,0.008,-0.002,6.200843133,0.009264951768,-0.0188022872
5946,0.0081,-0.002,6.24190097,0.008207308718,-0.02086833082
5918,0.0082,-0.002,6.285377542,0.00707870085,-0.02315956286
5889,0.0083,-0.002,6.331285794,0.005875288557,-0.02570193577
5862,0.0084,-0.002,6.379591582,0.004595146468,-0.02852124941
5834,0.0085,-0.002,6.43020525,0.003240113581,-0.03164055667
5809,0.0086,-0.002,6.482934059,0.001818253129,-0.03507525139
5783,0.0087,-0.002,6.537472292,0.0003475360565,-0.03882412195
5759,0.0088,-0.002,6.593331099,-0.001139881728,-0.04285521281
5733,0.0089,-0.002,6.649848292,-0.002591182207,-0.04708334583
5709,0.009,-0.002,6.705942637,-0.003932792631,-0.05134281465
5684,0.0091,-0.002,6.760692387,-0.005060683382,-0.05535030338
5662,0.0092,-0.002,6.811051991,-0.005869452386,-0.0586861026
5638,0.0093,-0.002,6.855139755,-0.006227019826,-0.06077942129
5616,0.0094,-0.002,6.894987993,-0.006094228069,-0.06102761313
5593,0.0095,-0.002,6.923818386,-0.005438626295,-0.0587865934
5572,0.0096,-0.002,6.940095177,-0.004327819027,-0.05344810067
5548,0.0097,-0.002,6.94723981,-0.0029723069,-0.04473966201
5527,0.0098,-0.002,6.941443505,-0.001640553956,-0.03271403164
5505,0.0099,-0.002,6.932416831,-0.000590382874,-0.01766933678
5506,0.01,-0.002,6.929757168,0.0,0.0
7951,0.0,-0.0019,6.321687169,0.0,0.0
7952,0.0001,-0.0019,6.321411753,-4.080264005e-05,0.002917056585
7969,0.0002,-0.0019,6.320561097,-0.0001166807733,0.005654568944
7991,0.0003,-0.0019,6.31988747,-0.0002184690969,0.008188250229
8012,0.0004,-0.0019,6.320189048,-0.0003306765206,0.0105008396
8036,0.0005,-0.0019,6.321631575,-0.0004319068653,0.01258617818
8059,0.0006,-0.0019,6.32436618,-0.0005052949654,0.0144454595
8085,0.0007,-0.0019,6.328400307,-0.0005362594209,0.01608561127
8110,0.0008,-0.0019,6.333667663,-0.0005142295744,0.0175171391
8138,0.0009,-0.0019,6.340000309,-0.0004319286566,0.01875292528
8165,0.001,-0.0019,6.347163842,-0.0002852717111,0.01980710473
8195,0.0011,-0.0019,6.354874198,-7.275578341e-05,0.02069433193
8224,0.0012,-0.0019,6.362811938,0.0002049273927,0.02142929177
8256,0.0013,-0.0019,6.370657314,0.0005454959014,0.02202630975
8287,0.0014,-0.0019,6.378113701,0.0009455613475,0.02249906254
8321,0.0015,-0.0019,6.38486972,0.001401025944,0.022860402
8352,0.0016,-0.0019,6.390649978,0.001907239044,0.02312219931
8385,0.0017,-0.0019,6.395235398,0.002459285075,0.02329531766
8416,0.0018,-0.0019,6.398427587,0.003052302226,0.02338955304
8449,0.0019,-0.0019,6.400067864,0.003681450914,0.02341358987
8481,0.002,-0.0019,6.400034484,0.004342029464,0.02337506985
8514,0.0021,-0.0019,6.398240227,0.005029517875,0.02328063187
8546,0.0022,-0.0019,6.394629858,0.005739593981,0.02313598739
8577,0.0023,-0.0019,6.389177359,0.0064681357,0.02294600487
8605,0.0024,-0.0019,6.381883143,0.007211212569,0.02271480333
8632,0.0025,-0.0019,6.372771364,0.007965072522,0.02244584958
8658,0.0026,-0.0019,6.361887423,0.008726127023,0.022142055
8683,0.0027,-0.0019,6.349295682,0.009490936438,0.02180586954
8707,0.0028,-0.0019,6.335077445,0.01025619809,0.02143937108
8729,0.0029,-0.0019,6.319329003,0.01101873817,0.02104434471
8750,0.003,-0.0019,6.302159804,0.01177550272,0.02062235535
8770,0.0031,-0.0019,6.283690699,0.01252355279,0.02017481449
8791,0.0032,-0.0019,6.264052654,0.01326007859,0.01970303049
8811,0.0033,-0.0019,6.243385488,0.01398238502,0.01920824928
8829,0.0034,-0.0019,6.221835809,0.01468789457,0.01869169431
8847,0.0035,-0.0019,6.19955552,0.01537416668,0.01815459394
8865,0.0036,-0.0019,6.176700695,0.01603889623,0.0175981995
1612,0.0037,-0.0019,6.153430229,0.01667991496,0.01702379319
1587,0.0038,-0.0019,6.129903994,0.01729519305,0.01643269044
1588,0.0039,-0.0019,6.106281763,0.01788285483,0.01582624904
1610,0.004,-0.0019,6.082721182,0.01844117964,0.01520586787
1636,0.0041,-0.0019,6.059377771,0.01896860017,0.01457297837
1661,0.0042,-0.0019,6.03640363,0.01946370379,0.01392903023
1689,0.0043,-0.0019,6.013944921,0.01992523248,0.01327546973
1717,0.0044,-0.0019,5.992142068,0.02035208249,0.01261373371
1744,0.0045,-0.0019,5.971128655,0.02074330192,0.01194523856
1771,0.0046,-0.0019,5.951030642,0.02109808692,0.0112713596
1798,0.0047,-0.0019,5.931965766,0.02141577708,0.01059341448
1829,0.0048,-0.0019,5.91404293,0.02169584528,0.009912649156
1860,0.0049,-0.0019,5.897362408,0.02193790682,0.009230220516
1890,0.005,-0.0019,5.882015604,0.02214168306,0.008547178223
1920,0.0051,-0.0019,5.868083796,0.02230700956,0.00786444949
1952,0.0052,-0.0019,5.855639083,0.02243384471,0.007182821682
1985,0.0053,-0.0019,5.844744984,0.02252223177,0.006502926448
2019,0.0054,-0.0019,5.835456163,0.0225723049,0.005825222302
2054,0.0055,-0.0019,5.827818933,0.02258427589,0.005149976534
2088,0.0056,-0.0019,5.821871726,0.02255842458,0.004477246153
2122,0.0057,-0.0019,5.817645719,0.02249508767,0.003806857455
2156,0.0058,-0.0019,5.815165495,0.02239464728,0.003138383698
2190,0.0059,-0.0019,5.814449813,0.02225751836,0.002471120415
2224,0.006,-0.0019,5.815512434,0.02208413512,0.001804057867
6368,0.0061,-0.0019,5.81836304,0.02187493594,0.00113584993
6352,0.0062,-0.0019,5.823008236,0.02163034615,0.0004647792232
6337,0.0063,-0.0019,5.829452738,0.02135076086,-0.0002112830961
6321,0.0064,-0.0019,5.837700066,0.02103652075,-0.0008949213876
6305,0.0065,-0.0019,5.847753787,0.02068789419,-0.00158922506
6289,0.0066,-0.0019,5.859618643,0.02030503792,-0.002297845244
6272,0.0067,-0.0019,5.873302805,0.01988800805,-0.003025060613
6254,0.0068,-0.0019,5.888819197,0.01943665422,-0.003775851986
6234,0.0069,-0.0019,5.906184274,0.01895061458,-0.004555964955
6213,0.007,-0.0019,5.925420749,0.01842932553,-0.005372004635
6191,0.0071,-0.0019,5.946559868,0.01787189987,-0.006231537026
6168,0.0072,-0.0019,5.969641296,0.01727711366,-0.007143174381
6144,0.0073,-0.0019,5.994713895,0.01664335071,-0.008116681255
6119,0.0074,-0.0019,6.021836055,0.01596855174,-0.009163081251
6092,0.0075,-0.0019,6.051075646,0.01525016419,-0.01029476769
6064,0.0076,-0.0019,6.082509208,0.01448509839,-0.0115256167
6036,0.0077,-0.0019,6.116220284,0.0136696941,-0.0128711037
6008,0.0078,-0.0019,6.15229664,0.01279970584,-0.01434842423
5978,0.0079,-0.0019,6.190826157,0.01187031933,-0.01597661879
5947,0.008,-0.0019,6.231891125,0.01087622009,-0.01777669643
5916,0.0081,-0.0019,6.275560715,0.009811749277,-0.01977173318
5888,0.0082,-0.0019,6.321881292,0.008671205048,-0.0219868876
5859,0.0083,-0.0019,6.370864288,0.007449386797,-0.02444917524
5833,0.0084,-0.0019,6.422470621,0.006142518269,-0.02718673695
5806,0.0085,-0.0019,6.476594315,0.004749792785,-0.03022693192
5782,0.0086,-0.0019,6.533034091,0.00327587523,-0.03359250788
5756,0.0087,-0.0019,6.591454233,0.001734370033,-0.0372938147
5732,0.0088,-0.0019,6.651354681,0.0001527198284,-0.04131575205
5706,0.0089,-0.0019,6.712014363,-0.001421921886,-0.04559577643
5683,0.009,-0.0019,6.772420017,-0.002916921721,-0.04999440244
5659,0.0091,-0.0019,6.831215028,-0.004231498504,-0.05425477198
5637,0.0092,-0.0019,6.886126173,-0.005245837666,-0.05797684579
5613,0.0093,-0.0019,6.934724798,-0.005828347886,-0.06056608029
5592,0.0094,-0.0019,6.977527512,-0.005880364871,-0.06135008409
5569,0.0095,-0.0019,7.009937357,-0.00537258763,-0.05963735534
5547,0.0096,-0.0019,7.028769458,-0.004365822221,-0.05470837344
5524,0.0097,-0.0019,7.037274483,-0.003038332596,-0.04615960683
5504,0.0098,-0.0019,7.032729765,-0.001699449266,-0.03398589877
5483,0.0099,-0.0019,7.023987733,-0.0006152301092,-0.0184613884
5484,0.01,-0.0019,7.021560199,0.0,0.0
7930,0.0,-0.0018,6.315869129,0.0,0.0
7931,0.0001,-0.0018,6.315456628,-5.997630097e-05,0.002984215687
7947,0.0002,-0.0018,6.314171173,-0.0001717317009,0.005769570213
7968,0.0003,-0.0018,6.313070613,-0.0003229685075,0.008328268064
7988,0.0004,-0.0018,6.313245106,-0.0004931175554,0.01064207871
8011,0.0005,-0.0018,6.31486367,-0.0006537697382,0.01270687439
8033,0.0006,-0.0018,6.318096619,-0.0007833095875,0.01452736373
8058,0.0007,-0.0018,6.32292286,-0.0008632744252,0.01611467641
8082,0.0008,-0.0018,6.329245531,-0.0008808187494,0.01748355123
8109,0.0009,-0.0018,6.336848667,-0.0008273481892,0.01865072901
8135,0.001,-0.0018,6.345447198,-0.0006983188215,0.01963361829
8164,0.0011,-0.0018,6.354702996,-0.0004925053846,0.02044954787
8192,0.0012,-0.0018,6.364252801,-0.0002112215403,0.02111518621
8223,0.0013,-0.0018,6.373732326,0.0001423283098,0.02164629276
8253,0.0014,-0.0018,6.382799546,0.0005635778823,0.02205763474
8286,0.0015,-0.0018,6.391115522,0.001047347763,0.02236259737
8318,0.0016,-0.0018,6.398385619,0.001587859195,0.02257334106
8351,0.0017,-0.0018,6.404372518,0.002179076989,0.02270087104
8383,0.0018,-0.0018,6.408864484,0.002815169821,0.02275487236
8417,0.0019,-0.0018,6.411696997,0.003490393628,0.0227438812
8451,0.002,-0.0018,6.412745329,0.004199260554,0.0226753182
8484,0.0021,-0.0018,6.411922607,0.004936564272,0.02255557693
8517,0.0022,-0.0018,6.409176252,0.005697399108,0.02239011743
8549,0.0023,-0.0018,6.404484624,0.00647715329,0.02218356543
8580,0.0024,-0.0018,6.397853684,0.007271492763,0.02193981335
8608,0.0025,-0.0018,6.38931386,0.008076338867,0.02166212068
8635,0.0026,-0.0018,6.378917195,0.008887844474,0.0213532112
8661,0.0027,-0.0018,6.366734765,0.009702370575,0.02101536523
8686,0.0028,-0.0018,6.352854432,0.01051646647,0.0206505053
8710,0.0029,-0.0018,6.337378737,0.01132685171,0.02026027373
8732,0.003,-0.0018,6.32042312,0.01213040683,0.01984609933
8753,0.0031,-0.0018,6.30211388,0.01292414855,0.01940926253
8773,0.0032,-0.0018,6.282586738,0.01370525007,0.01895094172
8793,0.0033,-0.0018,6.261985975,0.01447102407,0.01847225274
8812,0.0034,-0.0018,6.240462207,0.01521890655,0.01797428775
8830,0.0035,-0.0018,6.218170859,0.01594648603,0.01745813689
8848,0.0036,-0.0018,6.195271013,0.01665149029,0.01692490961
1611,0.0037,-0.0018,6.171923961,0.01733179738,0.01637574389
1567,0.0038,-0.0018,6.148291783,0.01798541753,0.01581181576
1568,0.0039,-0.0018,6.124537468,0.01861051828,0.01523433518
1589,0.004,-0.0018,6.100821381,0.01920543526,0.01464453571
1613,0.0041,-0.0018,6.077299581,0.01976864678,0.01404368833
1637,0.0042,-0.0018,6.054125203,0.02029877651,0.01343309058
1662,0.0043,-0.0018,6.03144723,0.02079460709,0.01281404007
1690,0.0044,-0.0018,6.009408497,0.0212550813,0.01218782571
1718,0.0045,-0.0018,5.988144332,0.02167928715,0.01155571054
1745,0.0046,-0.0018,5.967782794,0.02206645909,0.01091892153
1772,0.0047,-0.0018,5.948443971,0.02241597317,0.01027863937
1799,0.0048,-0.0018,5.930239268,0.02272733584,0.009635977833
1830,0.0049,-0.0018,5.913271503,0.02300019931,0.00899196658
1861,0.005,-0.0018,5.897634979,0.02323431688,0.008347540276
1891,0.0051,-0.0018,5.883414219,0.02342955038,0.007703516419
1921,0.0052,-0.0018,5.870684613,0.02358588856,0.007060578948
1953,0.0053,-0.0018,5.859513188,0.02370340049,0.006419269456
1986,0.0054,-0.0018,5.849958441,0.023782243,0.005779964915
2020,0.0055,-0.0018,5.842070755,0.0238226475,0.005142861331
2055,0.0056,-0.0018,5.835892903,0.02382490945,0.004507955313
2089,0.0057,-0.0018,5.831460677,0.02378937646,0.00387502437
2123,0.0058,-0.0018,5.828803573,0.02371643601,0.003243605382
2157,0.0059,-0.0018,5.827945571,0.02360650194,0.002612970977
2191,0.006,-0.0018,5.828905987,0.02345999987,0.001982103242
2225,0.0061,-0.0018,5.831700417,0.02327735135,0.001349664313
2258,0.0062,-0.0018,5.836341726,0.02305895527,0.0007139631082
6322,0.0063,-0.0018,5.842841318,0.02280517048,7.291776667e-05
6306,0.0064,-0.0018,5.851210038,0.02251628878,-0.0005759869475
6290,0.0065,-0.0018,5.861459133,0.02219251707,-0.001235746031
6273,0.0066,-0.0018,5.873601433,0.02183393785,-0.001909891752
6255,0.0067,-0.0018,5.887654073,0.02144052744,-0.002602544077
6235,0.0068,-0.0018,5.903639322,0.02101202969,-0.003318484278
6214,0.0069,-0.0018,5.921583368,0.02054796385,-0.004063230591
6192,0.007,-0.0018,5.941519808,0.02004764053,-0.004843112978
6169,0.0071,-0.0018,5.963491565,0.0195100213,-0.005665369699
6145,0.0072,-0.0018,5.987550552,0.01893371715,-0.006538237072
6120,0.0073,-0.0018,6.013758646,0.01831692572,-0.007471050886
6093,0.0074,-0.0018,6.04218798,0.01765737926,-0.008474353492
6065,0.0075,-0.0018,6.072920815,0.01695229034,-0.00956000681
6037,0.0076,-0.0018,6.106048572,0.01619830259,-0.01074131188
6009,0.0077,-0.0018,6.141669913,0.01539144882,-0.0120331374
5979,0.0078,-0.0018,6.179887604,0.01452712351,-0.01345206105
5948,0.0079,-0.0018,6.220803866,0.01360007929,-0.015016529
5917,0.008,-0.0018,6.264513996,0.01260446512,-0.01674703727
5887,0.0081,-0.0018,6.311097835,0.01153393139,-0.0186663287
5858,0.0082,-0.0018,6.360609281,0.01038186156,-0.02079957378
5830,0.0083,-0.0018,6.41306227,0.009141789656,-0.02317443035
5805,0.0084,-0.0018,6.468416095,0.007808217007,-0.0258207609
5779,0.0085,-0.0018,6.526549973,0.006377831146,-0.02876946593
5755,0.0086,-0.0018,6.587256591,0.004851994709,-0.03204965429
5729,0.0087,-0.0018,6.65016851,0.003239929507,-0.03568233063
5705,0.0088,-0.0018,6.714762765,0.001564040864,-0.03966859953
5680,0.0089,-0.0018,6.780251812,-0.0001345948921,-0.04396914255
5658,0.009,-0.0018,6.845607105,-0.001786236442,-0.04847320454
5634,0.0091,-0.0018,6.909164434,-0.003294541243,-0.05295480991
5612,0.0092,-0.0018,6.969663124,-0.004525514135,-0.05703269899
5589,0.0093,-0.0018,7.024048731,-0.005354280961,-0.06011479346
5568,0.0094,-0.0018,7.06973608,-0.005616513912,-0.06147661617
5544,0.0095,-0.0018,7.106409922,-0.005281150707,-0.06034726082
5523,0.0096,-0.0018,7.12863885,-0.004393750252,-0.05589386191
5501,0.0097,-0.0018,7.138150922,-0.00310313599,-0.04757048459
5482,0.0098,-0.0018,7.135073515,-0.001763605309,-0.03528626869
5462,0.0099,-0.0018,7.126650233,-0.0006427234761,-0.01928611955
5463,0.01,-0.0018,7.12450369,0.0,0.0
7910,0.0,-0.0017,6.30942695,0.0,0.0
7911,0.0001,-0.0017,6.308853272,-8.389782883e-05,0.003079983499
7926,0.0002,-0.0017,6.307047282,-0.0002399552421,0.005933752019
7946,0.0003,-0.0017,6.305438704,-0.0004515384279,0.008529706627
7965,0.0004,-0.0017,6.305485634,-0.0006915030637,0.01084923645
7987,0.0005,-0.0017,6.30734219,-0.0009226327841,0.01289165428
8008,0.0006,-0.0017,6.31118795,-0.001117770327,0.01466678088
8032,0.0007,-0.0017,6.316964706,-0.001254011764,0.0161915387
8055,0.0008,-0.0017,6.324524836,-0.001316075511,0.0174862779
8081,0.0009,-0.0017,6.333589851,-0.001294218612,0.01857266963
8106,0.001,-0.0017,6.343810512,-0.001183737671,0.01947222714
8134,0.0011,-0.0017,6.354784654,-0.0009840225043,0.02020547888
8161,0.0012,-0.0017,6.366096679,-0.0006973814013,0.02079140864
8191,0.0013,-0.0017,6.377342382,-0.0003283345557,0.021247492
8220,0.0014,-0.0017,6.388121272,0.000117225427,0.02158955484
8252,0.0015,-0.0017,6.398072829,0.0006327112097,0.02183148956
8283,0.0016,-0.0017,6.406890581,0.001210993138,0.02198574375
8317,0.0017,-0.0017,6.414309493,0.001844898653,0.02206332759
8350,0.0018,-0.0017,6.420114734,0.002527462435,0.02207373722
8384,0.0019,-0.0017,6.424136802,0.003252001329,0.02202522923
8418,0.002,-0.0017,6.42625127,0.004012197765,0.0219248836
8452,0.0021,-0.0017,6.426374139,0.004802146641,0.02177873637
8485,0.0022,-0.0017,6.42445789,0.005616355812,0.02159189234
8518,0.0023,-0.0017,6.420487317,0.006449731294,0.02136864042
8550,0.0024,-0.0017,6.414475694,0.007297548601,0.02111256246
8581,0.0025,-0.0017,6.406461197,0.008155419455,0.02082663681
8609,0.0026,-0.0017,6.396503729,0.009019257342,0.02051333517
8636,0.0027,-0.0017,6.384682075,0.009885244519,0.02017471238
8662,0.0028,-0.0017,6.371091467,0.01074980321,0.01981248878
8687,0.0029,-0.0017,6.355841332,0.01160956875,0.0194281237
8711,0.003,-0.0017,6.339053533,0.0124613725,0.0190228799
8733,0.0031,-0.0017,6.320860219,0.01330221381,0.01859787907
8754,0.0032,-0.0017,6.301402205,0.01412926615,0.01815414952
8774,0.0033,-0.0017,6.280828353,0.01493986404,0.01769266283
8794,0.0034,-0.0017,6.259293395,0.01573148225,0.01721436434
8813,0.0035,-0.0017,6.236956325,0.01650175413,0.01672019851
8831,0.0036,-0.0017,6.213979213,0.01724845766,0.01621112772
8849,0.0037,-0.0017,6.190526645,0.01796953118,0.01568814174
1548,0.0038,-0.0017,6.1667621,0.01866304841,0.01515226839
1549,0.0039,-0.0017,6.142850245,0.01932723115,0.01460456218
1569,0.004,-0.0017,6.118954822,0.01996048391,0.01404611531
1590,0.0041,-0.0017,6.095233638,0.02056134083,0.01347804628
1614,0.0042,-0.0017,6.071841654,0.02112847554,0.01290148517
1638,0.0043,-0.0017,6.04892891,0.02166073413,0.01231757642
1663,0.0044,-0.0017,6.02663915,0.02215710453,0.01172745736
1691,0.0045,-0.0017,6.005110551,0.022616723,0.01113225101
1719,0.0046,-0.0017,5.984473732,0.02303887656,0.01053304825
1746,0.0047,-0.0017,5.964850559,0.02342298384,0.009930888502
1773,0.0048,-0.0017,5.946354735,0.02376859269,0.009326749816
1800,0.0049,-0.0017,5.929091541,0.02407538593,0.008721542105
1831,0.005,-0.0017,5.913158046,0.02434315605,0.00811608759
1862,0.0051,-0.0017,5.898642038,0.02457179641,0.007511094562
1892,0.0052,-0.0017,5.885622127,0.02476131588,0.006907148333
1922,0.0053,-0.0017,5.874168704,0.02491180924,0.006304703179
1954,0.0054,-0.0017,5.864344126,0.02502344941,0.005704058719
1987,0.0055,-0.0017,5.856202888,0.02509647993,0.005105344397
2021,0.0056,-0.0017,5.849792163,0.02513120239,0.004508501635
2056,0.0057,-0.0017,5.84515245,0.02512796398,0.003913265084
2090,0.0058,-0.0017,5.842318293,0.02508714429,0.003319142142
2124,0.0059,-0.0017,5.841319079,0.02500914101,0.002725390384
2158,0.006,-0.0017,5.842179919,0.02489435456,0.002130992498
2192,0.0061,-0.0017,5.844922609,0.02474317101,0.001534628534
2226,0.0062,-0.0017,5.84956668,0.02455594349,0.000934644202
6307,0.0063,-0.0017,5.856130569,0.02433297151,0.0003290166499
6291,0.0064,-0.0017,5.864632888,0.02407447795,-0.0002846879032
6274,0.0065,-0.0017,5.875093199,0.02378058232,-0.0009093559282
6256,0.0066,-0.0017,5.887533344,0.02345127276,-0.001548387152
6237,0.0067,-0.0017,5.901980325,0.02308640427,-0.002205730709
6217,0.0068,-0.0017,5.918466362,0.02268559098,-0.002885951054
6195,0.0069,-0.0017,5.937028647,0.0222482165,-0.0035943217
6172,0.007,-0.0017,5.95771302,0.02177342131,-0.004336882451
6148,0.0071,-0.0017,5.980575398,0.02125998686,-0.005120526126
6123,0.0072,-0.0017,6.005681686,0.02070632375,-0.005953093308
6096,0.0073,-0.0017,6.033108726,0.02011040846,-0.006843469417
6068,0.0074,-0.0017,6.062944628,0.01946972835,-0.007801691097
6040,0.0075,-0.0017,6.095288589,0.01878122429,-0.008839060233
6012,0.0076,-0.0017,6.130249813,0.01804123657,-0.009968267994
5982,0.0077,-0.0017,6.16794539,0.01724545592,-0.01120353229
5951,0.0078,-0.0017,6.208496832,0.01638888558,-0.0125607549
5920,0.0079,-0.0017,6.252024925,0.01546582132,-0.01405770762
5890,0.008,-0.0017,6.298642651,0.01446986391,-0.01571425855
5860,0.0081,-0.0017,6.348445694,0.01339398293,-0.01755264723
5831,0.0082,-0.0017,6.401500749,0.01223068198,-0.01959779929
5803,0.0083,-0.0017,6.457830087,0.01097231456,-0.02187762861
5778,0.0084,-0.0017,6.517395206,0.009611741179,-0.02442314628
5752,0.0085,-0.0017,6.580070628,0.008143361739,-0.02726801637
5728,0.0086,-0.0017,6.645633431,0.006565286138,-0.0304466587
5702,0.0087,-0.0017,6.713696986,0.004882345995,-0.03398960664
5679,0.0088,-0.0017,6.783705904,0.003111580105,-0.03791328177
5655,0.0089,-0.0017,6.85481428,0.001287572376,-0.04220143695
5633,0.009,-0.0017,6.925966943,-0.0005253970704,-0.04677406851
5609,0.0091,-0.0017,6.995374042,-0.002234506399,-0.05144118389
5588,0.0092,-0.0017,7.061876746,-0.003695983678,-0.05584648418
5565,0.0093,-0.0017,7.1212398,-0.004776437021,-0.05941621004
5543,0.0094,-0.0017,7.171275968,-0.005288959788,-0.06138744501
5520,0.0095,-0.0017,7.21440585,-0.005167768825,-0.060893145
5500,0.0096,-0.0017,7.24024662,-0.004409192835,-0.05698729805
5479,0.0097,-0.0017,7.250971269,-0.003171319903,-0.04896470769
5461,0.0098,-0.0017,7.249660832,-0.00183495889,-0.03661569675
5442,0.0099,-0.0017,7.241732369,-0.0006745701724,-0.02014739506
5443,0.01,-0.0017,7.239899907,0.0,0.0
7891,0.0,-0.0016,6.302073019,0.0,0.0
7892,0.0001,-0.0016,6.301312352,-0.0001138716471,0.003211388381
7906,0.0002,-0.0016,6.298887397,-0.0003247671249,0.00615841359
7925,0.0003,-0.0016,6.296684663,-0.0006099267177,0.008805579388
7943,0.0004,-0.0016,6.296619,-0.0009336988676,0.01113500687
7964,0.0005,-0.0016,6.298809413,-0.001247823972,0.01315149101
7984,0.0006,-0.0016,6.303429988,-0.001518610891,0.01487220862
8007,0.0007,-0.0016,6.310362758,-0.001718210532,0.01632200741
8029,0.0008,-0.0016,6.319387745,-0.001828926355,0.0175285512
8054,0.0009,-0.0016,6.330146139,-0.001840188565,0.01851975025
8078,0.001,-0.0016,6.342207167,-0.001747615954,0.01932210875
8105,0.0011,-0.0016,6.355094454,-0.00155166984,0.01995989797
8131,0.0012,-0.0016,6.368345489,-0.001256214232,0.02045482661
8160,0.0013,-0.0016,6.381492584,-0.0008674135926,0.02082617825
8188,0.0014,-0.0016,6.394080048,-0.000392872483,0.02109071506
8219,0.0015,-0.0016,6.405744233,0.0001590795026,0.02126288483
8250,0.0016,-0.0016,6.416155717,0.0007799017653,0.0213552801
8284,0.0017,-0.0016,6.42502764,0.001461082245,0.02137871283
8319,0.0018,-0.0016,6.432147142,0.002194447975,0.02134238736
8353,0.0019,-0.0016,6.437343448,0.002972338874,0.02125412022
8387,0.002,-0.0016,6.440495887,0.003787591336,0.02112051371
8421,0.0021,-0.0016,6.441526383,0.004633604573,0.02094711695
8455,0.0022,-0.0016,6.440395157,0.005504315565,0.02073856526
8488,0.0023,-0.0016,6.437095708,0.006394171971,0.02049871009
8521,0.0024,-0.0016,6.431650496,0.007298086926,0.02023073543
8553,0.0025,-0.0016,6.424106963,0.008211392204,0.01993726297
8584,0.0026,-0.0016,6.414534082,0.009129791766,0.01962044726
8612,0.0027,-0.0016,6.403019307,0.01004931865,0.01928206238
8639,0.0028,-0.0016,6.38966598,0.01096629693,0.01892357997
8665,0.0029,-0.0016,6.374590978,0.01187730584,0.01854623843
8690,0.003,-0.0016,6.357922902,0.01277915335,0.01815110181
8714,0.0031,-0.0016,6.339799985,0.01366884482,0.01773910875
8735,0.0032,-0.0016,6.320368326,0.01454357578,0.01731111869
8755,0.0033,-0.0016,6.299781465,0.01540072421,0.01686793956
8775,0.0034,-0.0016,6.278198319,0.01623782367,0.01641035961
8795,0.0035,-0.0016,6.255781561,0.01705256943,0.01593917368
8814,0.0036,-0.0016,6.232696299,0.01784281108,0.01545519428
8832,0.0037,-0.0016,6.209109583,0.01860656297,0.01495925726
1530,0.0038,-0.0016,6.185186982,0.01934196899,0.01445223348
1531,0.0039,-0.0016,6.161096699,0.02004733488,0.01393502125
1550,0.004,-0.0016,6.13700227,0.02072114824,0.01340857512
1570,0.0041,-0.0016,6.113062424,0.02136198682,0.01287387654
1591,0.0042,-0.0016,6.089436144,0.02196859438,0.01233189976
1615,0.0043,-0.0016,6.066274515,0.02253989194,0.01178362657
1639,0.0044,-0.0016,6.043723442,0.02307492482,0.01123003917
1664,0.0045,-0.0016,6.021921915,0.02357289637,0.0106721182
1692,0.0046,-0.0016,6.001001209,0.02403313647,0.01011081691
1720,0.0047,-0.0016,5.981086407,0.02445510798,0.009547050846
1747,0.0048,-0.0016,5.962294073,0.02483840964,0.008981679645
1774,0.0049,-0.0016,5.944731389,0.02518275169,0.008415489698
1801,0.005,-0.0016,5.928497773,0.02548796916,0.00784918188
1832,0.0051,-0.0016,5.913684181,0.025753982,0.007283367377
1863,0.0052,-0.0016,5.900372613,0.02598080835,0.006718543232
1893,0.0053,-0.0016,5.888636739,0.02616856639,0.006155077448
1923,0.0054,-0.0016,5.878542619,0.02631743597,0.005593198271
1955,0.0055,-0.0016,5.870148847,0.02642766184,0.005032974302
1988,0.0056,-0.0016,5.863507037,0.02649953937,0.004474299102
2022,0.0057,-0.0016,5.85866247,0.02653340153,0.003916872536
2057,0.0058,-0.0016,5.855654837,0.02652960487,0.003360181081
2091,0.0059,-0.0016,5.85451907,0.02648851434,0.002803476519
2125,0.006,-0.0016,5.855286268,0.0264104872,0.002245752354
2159,0.0061,-0.0016,5.857984678,0.02629585491,0.00168571755
2193,0.0062,-0.0016,5.862640826,0.02614490476,0.001121766771
2227,0.0063,-0.0016,5.869280548,0.02595785548,0.0005519481185
6275,0.0064,-0.0016,5.877930666,0.02573484035,-2.607694736e-05
6257,0.0065,-0.0016,5.888619551,0.02547586433,-0.0006150709946
6238,0.0066,-0.0016,5.901378845,0.02518081582,-0.001218277323
6218,0.0067,-0.0016,5.916246317,0.02484938347,-0.001839472224
6196,0.0068,-0.0016,5.933264761,0.0244810216,-0.002482994795
6173,0.0069,-0.0016,5.952483492,0.02407497524,-0.003153839879
6149,0.007,-0.0016,5.973962001,0.02363017439,-0.003857740389
6124,0.0071,-0.0016,5.99777057,0.02314519534,-0.004601227783
6097,0.0072,-0.0016,6.023990756,0.02261821897,-0.005391726548
6069,0.0073,-0.0016,6.052716282,0.0220469708,-0.006237649129
6041,0.0074,-0.0016,6.084053481,0.02142866214,-0.007148500969
6013,0.0075,-0.0016,6.118121075,0.02075993006,-0.008134994655
5983,0.0076,-0.0016,6.155049051,0.02003677858,-0.009209176783
5952,0.0077,-0.0016,6.194976405,0.01925452351,-0.01038457192
5921,0.0078,-0.0016,6.238047413,0.01840774514,-0.01167635156
5891,0.0079,-0.0016,6.284406072,0.01749025469,-0.01310154049
5861,0.008,-0.0016,6.334188356,0.0164950848,-0.01467927738
5832,0.0081,-0.0016,6.387511844,0.01541451961,-0.01643114953
5804,0.0082,-0.0016,6.444462632,0.01424019979,-0.01838161362
5777,0.0083,-0.0016,6.505078736,0.01296335398,-0.02055849163
5751,0.0084,-0.0016,6.569330809,0.01157528692,-0.02299342643
5725,0.0085,-0.0016,6.637097096,0.01006827629,-0.02572204762
5701,0.0086,-0.0016,6.708138727,0.008437259409,-0.0287830532
5676,0.0087,-0.0016,6.782065182,0.006682788668,-0.03221515705
5654,0.0088,-0.0016,6.85828042,0.004816232463,-0.03604886978
5630,0.0089,-0.0016,6.935891804,0.00286530742,-0.04029024163
5608,0.009,-0.0016,7.013799562,0.0008867504321,-0.04489091606
5585,0.0091,-0.0016,7.090190765,-0.001030597218,-0.04970192731
5564,0.0092,-0.0016,7.16351782,-0.002740602976,-0.05440611828
5540,0.0093,-0.0016,7.22893109,-0.004091222833,-0.05845926983
5519,0.0094,-0.0016,7.285439605,-0.004888274832,-0.06105481403
5497,0.0095,-0.0016,7.335668504,-0.005014728441,-0.06123581007
5478,0.0096,-0.0016,7.364819867,-0.004411582128,-0.05796627145
5458,0.0097,-0.0016,7.377023611,-0.003246215855,-0.0503369788
5441,0.0098,-0.0016,7.377861662,-0.00191424468,-0.03797610676
5423,0.0099,-0.0016,7.370827412,-0.0007125569809,-0.02105033902
5424,0.01,-0.0016,7.369318254,0.0,0.0
7873,0.0,-0.0015,6.293412195,0.0,0.0
7874,0.0001,-0.0015,6.292438449,-0.0001516109338,0.003387353199
7887,0.0002,-0.0015,6.289284056,-0.0004305664887,0.006457535062
7905,0.0003,-0.0015,6.286399799,-0.0008053462773,0.009171483923
7922,0.0004,-0.0015,6.286262587,-0.001229271211,0.01151394024
7942,0.0005,-0.0015,6.288931099,-0.001640291204,0.01349822766
7961,0.0006,-0.0015,6.294552687,-0.001997009049,0.01515204608
7983,0.0007,-0.0015,6.30291099,-0.002266253688,0.01651098269
8004,0.0008,-0.0015,6.313690611,-0.002428203647,0.0176121779
8028,0.0009,-0.0015,6.326425564,-0.002472016889,0.01849122949
8051,0.001,-0.0015,6.34058652,-0.002394366296,0.01918054082
8077,0.0011,-0.0015,6.355620278,-0.002197397227,0.01970867245
8102,0.0012,-0.0015,6.370992937,-0.001887232603,0.02010041776
8130,0.0013,-0.0015,6.386171809,-0.001472230315,0.02037681984
8157,0.0014,-0.0015,6.400676813,-0.0009620611634,0.02055540515
8187,0.0015,-0.0015,6.41412315,-0.0003670366365,0.02065113789
8218,0.0016,-0.0015,6.426159017,0.0003026837949,0.02067650493
8251,0.0017,-0.0015,6.436494053,0.001037082152,0.02064191342
8285,0.0018,-0.0015,6.444915649,0.001826774086,0.020556078
8320,0.0019,-0.0015,6.45125757,0.00266307752,0.02042619121
8354,0.002,-0.0015,6.455406837,0.003538000408,0.02025821987
8388,0.0021,-0.0015,6.45729503,0.00444427088,0.02005708307
8422,0.0022,-0.0015,6.456893056,0.005375294836,0.01982682338
8456,0.0023,-0.0015,6.454205522,0.006325105929,0.01957074928
8489,0.0024,-0.0015,6.449265948,0.007288300326,0.01929155785
8522,0.0025,-0.0015,6.442132503,0.00825997348,0.01899143917
8554,0.0026,-0.0015,6.432884364,0.00923566142,0.01867216649
8585,0.0027,-0.0015,6.421618482,0.01021128735,0.01833517764
8613,0.0028,-0.0015,6.408446896,0.01118311441,0.0179816491
8640,0.0029,-0.0015,6.393494332,0.01214769991,0.01761256286
8666,0.003,-0.0015,6.376896468,0.01310186024,0.01722875869
8691,0.0031,-0.0015,6.358797825,0.01404262657,0.01683097474
8715,0.0032,-0.0015,6.339350049,0.01496724639,0.01641987959
8736,0.0033,-0.0015,6.318711571,0.01587316857,0.01599610106
8756,0.0034,-0.0015,6.297045128,0.01675800096,0.0155602669
8776,0.0035,-0.0015,6.274516677,0.01761952389,0.01511300876
8796,0.0036,-0.0015,6.251294189,0.01845567076,0.01465497509
8815,0.0037,-0.0015,6.227547456,0.01926454332,0.01418686127
1513,0.0038,-0.0015,6.20344469,0.02004437363,0.01370937881
1514,0.0039,-0.0015,6.179157763,0.02079357763,0.01322328225
1532,0.004,-0.0015,6.154848133,0.02151072206,0.01272939634
1551,0.0041,-0.0015,6.130674794,0.02219442247,0.01222853977
1571,0.0042,-0.0015,6.106801345,0.02284351,0.01172152981
1592,0.0043,-0.0015,6.0833802,0.02345699264,0.01120920989
1616,0.0044,-0.0015,6.060559321,0.02403398999,0.01069243147
1640,0.0045,-0.0015,6.038478789,0.02457376498,0.01017202596
1665,0.0046,-0.0015,6.017271996,0.02507569522,0.009648804546
1693,0.0047,-0.0015,5.997064835,0.025539302,0.009123556553
1721,0.0048,-0.0015,5.977974495,0.0259642131,0.008597021096
1748,0.0049,-0.0015,5.960111899,0.02635016591,0.00806988054
1775,0.005,-0.0015,5.943579631,0.02669703287,0.007542740692
1802,0.0051,-0.0015,5.928470869,0.02700475805,0.00701611254
1833,0.0052,-0.0015,5.914870896,0.0272733664,0.006490398598
1864,0.0053,-0.0015,5.9028566,0.02750297822,0.005965892377
1894,0.0054,-0.0015,5.892497621,0.02769377302,0.005442759799
1924,0.0055,-0.0015,5.883856727,0.02784598377,0.00492101759
1956,0.0056,-0.0015,5.876989918,0.02795988598,0.004400519458
1989,0.0057,-0.0015,5.871947224,0.02803578285,0.003880938321
2023,0.0058,-0.0015,5.868773545,0.02807399143,0.003361749533
2058,0.0059,-0.0015,5.867509478,0.02807482673,0.002842209842
2092,0.006,-0.0015,5.868192254,0.02803858506,0.002321334814
2126,0.0061,-0.0015,5.870856774,0.02796552508,0.001797874073
2160,0.0062,-0.0015,5.8755368,0.02785584913,0.001270283911
2194,0.0063,-0.0015,5.882265979,0.0277096772,0.0007366961234
6258,0.0064,-0.0015,5.89107969,0.02752703098,0.0001948828268
6239,0.0065,-0.0015,5.902015533,0.02730778337,-0.0003577836559
6219,0.0066,-0.0015,5.915115736,0.02705170355,-0.0009243747587
6198,0.0067,-0.0015,5.930429431,0.02675830064,-0.001508465749
6176,0.0068,-0.0015,5.948010642,0.02642684624,-0.002114161012
6152,0.0069,-0.0015,5.967921938,0.02605641821,-0.002746166214
6127,0.007,-0.0015,5.990237777,0.02564572282,-0.003409882659
6100,0.0071,-0.0015,6.015044141,0.02519311062,-0.004111460746
6072,0.0072,-0.0015,6.042439781,0.02469651166,-0.004857887329
6044,0.0073,-0.0015,6.072537156,0.02415337816,-0.005657078375
6016,0.0074,-0.0015,6.105463003,0.0235606222,-0.006517981575
5986,0.0075,-0.0015,6.141358133,0.02291455271,-0.007450689824
5955,0.0076,-0.0015,6.180376336,0.02221081183,-0.00846656947
5924,0.0077,-0.0015,6.222682069,0.02144431359,-0.009578408752
5894,0.0078,-0.0015,6.268446578,0.02060918795,-0.01080059546
5864,0.0079,-0.0015,6.317842038,0.01969873462,-0.01214933842
5835,0.008,-0.0015,6.371033288,0.01870539486,-0.0136429535
5807,0.0081,-0.0015,6.42816668,0.01762075249,-0.01530224223
5780,0.0082,-0.0015,6.489355702,0.01643558798,-0.01715099303
5753,0.0083,-0.0015,6.554663029,0.01514003291,-0.01921662578
5726,0.0084,-0.0015,6.624078513,0.01372391211,-0.02153093786
5699,0.0085,-0.0015,6.697493429,0.01217746749,-0.02413077513
5675,0.0086,-0.0015,6.77466733,0.01049265983,-0.02705808189
5651,0.0087,-0.0015,6.855205895,0.008665848359,-0.03035825844
5629,0.0088,-0.0015,6.9384851,0.006702459843,-0.03407435928
5605,0.0089,-0.0015,7.023578365,0.004623194327,-0.038233485
5584,0.009,-0.0015,7.109287718,0.002475638014,-0.04281901079
5561,0.0091,-0.0015,7.193803274,0.0003434481435,-0.04772622956
5539,0.0092,-0.0015,7.27508914,-0.001632824598,-0.05268733366
5516,0.0093,-0.0015,7.34862828,-0.003281853999,-0.05720056603
5496,0.0094,-0.0015,7.412856024,-0.00439168906,-0.06043338062
5475,0.0095,-0.0015,7.46789076,-0.004788902635,-0.06134973595
5457,0.0096,-0.0015,7.502979884,-0.004399668464,-0.05881414574
5438,0.0097,-0.0015,7.51951648,-0.003333135404,-0.05167693128
5422,0.0098,-0.0015,7.521345587,-0.001996522775,-0.03936923129
5405,0.0099,-0.0015,7.515813351,-0.000758540137,-0.02200001171
5406,0.01,-0.0015,7.514631381,0.0,0.0
7856,0.0,-0.0014,6.282894668,0.0,0.0
7857,0.0001,-0.0014,6.281684257,-0.0001993723711,0.003619271004
7869,0.0002,-0.0014,6.277680096,-0.0005630032054,0.006848422771
7886,0.0003,-0.0014,6.274030558,-0.001046802459,0.009645958529
7902,0.0004,-0.0014,6.273909678,-0.001589732151,0.01200240399
7921,0.0005,-0.0014,6.277274697,-0.002112542411,0.01394420801
7939,0.0006,-0.0014,6.284212829,-0.002564944783,0.01551398129
7960,0.0007,-0.0014,6.294354515,-0.002908245994,0.01676161397
7980,0.0008,-0.0014,6.307247732,-0.003121243418,0.01773633989
8003,0.0009,-0.0014,6.322296202,-0.003193843787,0.018483237
8025,0.001,-0.0014,6.338861119,-0.003124599554,0.01904148846
8050,0.0011,-0.0014,6.35630754,-0.002918445419,0.01944458904
8074,0.0012,-0.0014,6.374005277,-0.002584436004,0.01972035008
8101,0.0013,-0.0014,6.391360481,-0.002133743702,0.01989127402
8128,0.0014,-0.0014,6.40789522,-0.001578653862,0.01997568493
8158,0.0015,-0.0014,6.423183418,-0.0009315279792,0.01998865873
8189,0.0016,-0.0014,6.436864022,-0.0002045312232,0.01994229115
8221,0.0017,-0.0014,6.448659683,0.0005907898091,0.01984635662
8254,0.0018,-0.0014,6.458357723,0.001443870463,0.01970880859
8288,0.0019,-0.0014,6.465803385,0.002344984413,0.01953600066
8323,0.002,-0.0014,6.47089584,0.003285359624,0.01933307916
8357,0.0021,-0.0014,6.473580435,0.004257109447,0.01910417795
8391,0.0022,-0.0014,6.473841927,0.005253176258,0.01885261506
8425,0.0023,-0.0014,6.47169856,0.006267247989,0.01858105181
8459,0.0024,-0.0014,6.467196855,0.007293669025,0.01829161518
8492,0.0025,-0.0014,6.460407066,0.008327357631,0.01798599323
8525,0.0026,-0.0014,6.451419609,0.009363735196,0.01766551792
8557,0.0027,-0.0014,6.440341876,0.01039866398,0.01733124144
8588,0.0028,-0.0014,6.427295378,0.01142839342,0.0169840048
8616,0.0029,-0.0014,6.412412956,0.01244950323,0.01662450092
8643,0.003,-0.0014,6.395837134,0.01345885381,0.01625332266
8669,0.0031,-0.0014,6.377718279,0.01445352987,0.01587098899
8694,0.0032,-0.0014,6.358213382,0.01543085625,0.0154779487
8716,0.0033,-0.0014,6.337486355,0.01638837862,0.01507462906
8737,0.0034,-0.0014,6.315703408,0.01732379349,0.01466150236
8757,0.0035,-0.0014,6.293033815,0.01823497886,0.0142390474
8777,0.0036,-0.0014,6.269649919,0.01911998422,0.01380777991
8797,0.0037,-0.0014,6.245722656,0.01997700525,0.01336818919
1497,0.0038,-0.0014,6.221423629,0.02080439641,0.01292082235
1498,0.0039,-0.0014,6.1969231,0.02160066853,0.01246638192
1515,0.004,-0.0014,6.172381914,0.02236441888,0.0120055181
1533,0.0041,-0.0014,6.14796552,0.02309436108,0.01153885462
1552,0.0042,-0.0014,6.12383897,0.02378944361,0.01106707531
1572,0.0043,-0.0014,6.100154515,0.02444875731,0.01059089524
1593,0.0044,-0.0014,6.077060274,0.02507148688,0.0101110361
1617,0.0045,-0.0014,6.054698684,0.02565694436,0.009628207219
1641,0.0046,-0.0014,6.033205572,0.02620456937,0.00914310416
1666,0.0047,-0.0014,6.012707959,0.02671392418,0.008656380436
1694,0.0048,-0.0014,5.993325774,0.02718466551,0.008168652106
1722,0.0049,-0.0014,5.975170738,0.02761657604,0.007680493522
1749,0.005,-0.0014,5.958345516,0.02800952116,0.007192414671
1776,0.0051,-0.0014,5.942947806,0.02836346199,0.006704849106
1803,0.0052,-0.0014,5.929067332,0.02867843895,0.006218132272
1834,0.0053,-0.0014,5.91678347,0.02895454903,0.005732489239
1865,0.0054,-0.0014,5.906169079,0.02919196473,0.005248017705
1895,0.0055,-0.0014,5.897290857,0.02939089157,0.004764690346
1925,0.0056,-0.0014,5.890209184,0.02955156802,0.004282333841
1957,0.0057,-0.0014,5.884979001,0.02967425274,0.003800605929
1990,0.0058,-0.0014,5.881650403,0.02975920863,0.00331898094
2024,0.0059,-0.0014,5.880269649,0.02980668463,0.002836730565
2059,0.006,-0.0014,5.880880191,0.02981689978,0.0023529036
2093,0.0061,-0.0014,5.883523754,0.02979002419,0.001866302414
2127,0.0062,-0.0014,5.888241519,0.02972615924,0.001375457601
2161,0.0063,-0.0014,5.895075273,0.02962531228,0.0008785979841
6240,0.0064,-0.0014,5.904069115,0.02948737651,0.0003736208337
6220,0.0065,-0.0014,5.91527042,0.02931208603,-0.000141956312
6199,0.0066,-0.0014,5.92873275,0.02909905709,-0.0006710218959
6177,0.0067,-0.0014,5.9445168,0.02884762608,-0.001216916634
6153,0.0068,-0.0014,5.962688793,0.02855687887,-0.001783495219
6128,0.0069,-0.0014,5.983325596,0.02822568873,-0.002375171853
6101,0.007,-0.0014,6.006517437,0.02785254018,-0.002996992607
6073,0.0071,-0.0014,6.032367282,0.02743554421,-0.003654704748
6045,0.0072,-0.0014,6.060992544,0.02697236903,-0.004354835217
6017,0.0073,-0.0014,6.092526161,0.02646018163,-0.00510477917
5987,0.0074,-0.0014,6.127117316,0.02589558252,-0.005912899063
5956,0.0075,-0.0014,6.164931352,0.02527453905,-0.006788636454
5925,0.0076,-0.0014,6.206148771,0.02459231664,-0.00774264049
5895,0.0077,-0.0014,6.250962996,0.02384341099,-0.008786918968
5865,0.0078,-0.0014,6.299576501,0.02302148302,-0.009935021105
5836,0.0079,-0.0014,6.352194827,0.02211930059,-0.01120227044
5808,0.008,-0.0014,6.409017993,0.021128693,-0.01260606964
5781,0.0081,-0.0014,6.47022876,0.02004052571,-0.01416630954
5754,0.0082,-0.0014,6.535977235,0.01884471127,-0.01590592818
5727,0.0083,-0.0014,6.606361453,0.01753029118,-0.01785166568
5700,0.0084,-0.0014,6.68140352,0.01608566013,-0.02003503418
5674,0.0085,-0.0014,6.761020814,0.01449908004,-0.0224934094
5650,0.0086,-0.0014,6.844991129,0.01275973439,-0.02527092326
5626,0.0087,-0.0014,6.932916615,0.01085982771,-0.02841815803
5604,0.0088,-0.0014,7.024174917,0.008798744635,-0.03198881962
5581,0.0089,-0.0014,7.117820547,0.00658993842,-0.03602926053
5560,0.009,-0.0014,7.212518432,0.00427037428,-0.04055422932
5536,0.0091,-0.0014,7.306504475,0.00191698274,-0.04550434671
5515,0.0092,-0.0014,7.397220275,-0.0003432719789,-0.0506695921
5493,0.0093,-0.0014,7.481664986,-0.002314339682,-0.05560260076
5474,0.0094,-0.0014,7.554820463,-0.003779892333,-0.05948548041
5454,0.0095,-0.0014,7.615176453,-0.004488764646,-0.06120825409
5437,0.0096,-0.0014,7.660042125,-0.004359933255,-0.05948897768
5419,0.0097,-0.0014,7.680974514,-0.003421649922,-0.05295372815
5404,0.0098,-0.0014,7.682011722,-0.002084347514,-0.04079531961
5388,0.0099,-0.0014,7.67879127,-0.0008142692961,-0.0230022401
5389,0.01,-0.0014,7.678095015,0.0,0.0
7840,0.0,-0.0013,6.269744734,0.0,0.0
7841,0.0001,-0.0013,6.268281772,-0.0002601517724,0.003921725981
7852,0.0002,-0.0013,6.263303664,-0.0007293714991,0.007352452372
7868,0.0003,-0.0013,6.25882152,-0.001345485167,0.01025079822
7883,0.0004,-0.0013,6.258883593,-0.002028664622,0.01261832221
7901,0.0005,-0.0013,6.263273965,-0.00267821868,0.01450130086
7918,0.0006,-0.0013,6.271963452,-0.003234102933,0.01596335436
7938,0.0007,-0.0013,6.284369491,-0.003652460867,0.01707348289
7957,0.0008,-0.0013,6.299845688,-0.003911925631,0.01789649534
7979,0.0009,-0.0013,6.317624477,-0.00400430574,0.01848823259
8000,0.001,-0.0013,6.336975967,-0.003931713603,0.01889507848
8024,0.0011,-0.0013,6.357122077,-0.003703337868,0.01915645234
8047,0.0012,-0.0013,6.377346139,-0.003331899501,0.01930297379
8073,0.0013,-0.0013,6.397043583,-0.002832069161,0.01935812207
8100,0.0014,-0.0013,6.41570581,-0.002219126389,0.01934071626
8129,0.0015,-0.0013,6.432882644,-0.001507854097,0.01926534757
8159,0.0016,-0.0013,6.44822021,-0.0007125478928,0.01914335938
8190,0.0017,-0.0013,6.461458339,0.0001537244292,0.01898359287
8222,0.0018,-0.0013,6.472392434,0.001079229721,0.0187929207
8255,0.0019,-0.0013,6.480885901,0.00205328879,0.01857664235
8289,0.002,-0.0013,6.486855497,0.003066410375,0.01833886829
8324,0.0021,-0.0013,6.490264841,0.004110194853,0.01808278584
8358,0.0022,-0.0013,6.49111626,0.005177222903,0.01781085718
8392,0.0023,-0.0013,6.489443856,0.006260937325,0.0175249927
8426,0.0024,-0.0013,6.485308508,0.007355515458,0.01722666943
8460,0.0025,-0.0013,6.478793542,0.008455771916,0.01691701098
8493,0.0026,-0.0013,6.470001333,0.0095570837,0.01659685155
8526,0.0027,-0.0013,6.459050211,0.01065531677,0.01626680509
8558,0.0028,-0.0013,6.446071748,0.01174676209,0.01592732977
8589,0.0029,-0.0013,6.431207571,0.01282806732,0.01557880914
8617,0.003,-0.0013,6.414606666,0.01389617104,0.01522158704
8644,0.0031,-0.0013,6.396424267,0.01494823964,0.01485595038
8670,0.0032,-0.0013,6.376824102,0.01598170495,0.01448212836
8695,0.0033,-0.0013,6.355977704,0.01699425214,0.01410036568
8717,0.0034,-0.0013,6.334053516,0.01798367762,0.01371097867
8738,0.0035,-0.0013,6.311222052,0.01894801656,0.01331419475
8758,0.0036,-0.0013,6.287650764,0.0198853856,0.01291033822
8778,0.0037,-0.0013,6.263526785,0.02079406525,0.01249985113
1482,0.0038,-0.0013,6.239020591,0.02167262192,0.01208322123
1483,0.0039,-0.0013,6.214288139,0.02251955305,0.01166094302
1499,0.004,-0.0013,6.189507418,0.02333352394,0.01123342405
1516,0.0041,-0.0013,6.164845927,0.02411345922,0.01080118358
1534,0.0042,-0.0013,6.140464625,0.02485838793,0.01036480241
1553,0.0043,-0.0013,6.116517308,0.02556745172,0.009924864384
1573,0.0044,-0.0013,6.093153589,0.02623989781,0.009481960448
1594,0.0045,-0.0013,6.070516521,0.02687509557,0.009036682043
1618,0.0046,-0.0013,6.048742277,0.02747253152,0.008589609952
1642,0.0047,-0.0013,6.027960592,0.02803179285,0.008141295584
1667,0.0048,-0.0013,6.008294098,0.02855257897,0.007692265052
1695,0.0049,-0.0013,5.989855882,0.02903468923,0.007242976361
1723,0.005,-0.0013,5.972751795,0.02947798372,0.006793833803
1750,0.0051,-0.0013,5.957080041,0.02988244292,0.00634519057
1777,0.0052,-0.0013,5.942931155,0.03024809205,0.005897319999
1804,0.0053,-0.0013,5.930389619,0.03057498848,0.005450397862
1835,0.0054,-0.0013,5.919532891,0.03086328442,0.0050044786
1866,0.0055,-0.0013,5.910431267,0.03111315438,0.004559510192
1896,0.0056,-0.0013,5.903148884,0.0313247847,0.004115290029
1926,0.0057,-0.0013,5.897745418,0.03149837598,0.003671460527
1958,0.0058,-0.0013,5.894276101,0.03163412116,0.003227509668
1991,0.0059,-0.0013,5.89279296,0.03173219044,0.002782737186
2025,0.006,-0.0013,5.893345754,0.03179271411,0.002336236173
2060,0.0061,-0.0013,5.895983103,0.03181576278,0.001886872569
2094,0.0062,-0.0013,5.900753707,0.03180132574,0.001433262814
2128,0.0063,-0.0013,5.907707741,0.0317492895,0.0009737448762
6221,0.0064,-0.0013,5.916898126,0.03165940767,0.0005063544861
6200,0.0065,-0.0013,5.928382526,0.03153128133,2.877170887e-05
6178,0.0066,-0.0013,5.942226403,0.03136434715,-0.0004616978019
6155,0.0067,-0.0013,5.958502082,0.03115776536,-0.0009681530763
6131,0.0068,-0.0013,5.977288926,0.03091045509,-0.001494176037
6104,0.0069,-0.0013,5.998678965,0.030621069,-0.002043867952
6076,0.007,-0.0013,6.02277877,0.03028787042,-0.002621905785
6048,0.0071,-0.0013,6.049709412,0.02990872891,-0.00323361407
6020,0.0072,-0.0013,6.079608233,0.02948105138,-0.0038850379
5990,0.0073,-0.0013,6.11263017,0.02900172019,-0.004583026991
5959,0.0074,-0.0013,6.148948655,0.02846702499,-0.005335330606
5928,0.0075,-0.0013,6.188755753,0.02787259161,-0.006150706388
5898,0.0076,-0.0013,6.232261404,0.0272133078,-0.007039047436
5868,0.0077,-0.0013,6.279691374,0.02648324875,-0.008011534033
5839,0.0078,-0.0013,6.331283417,0.02567560216,-0.009080820125
5811,0.0079,-0.0013,6.387281549,0.02478259629,-0.01026127371
5784,0.008,-0.0013,6.447927521,0.02379543782,-0.01156929272
5757,0.0081,-0.0013,6.513448709,0.02270426107,-0.01302373471
5730,0.0082,-0.0013,6.584042052,0.02149809897,-0.01464651324
5703,0.0083,-0.0013,6.659853608,0.02016490173,-0.0164634293
5677,0.0084,-0.0013,6.740953236,0.01869165381,-0.01850530298
5652,0.0085,-0.0013,6.827302675,0.01706469405,-0.02080940543
5627,0.0086,-0.0013,6.918718193,0.01527050864,-0.02342100896
5602,0.0087,-0.0013,7.014822454,0.01329727808,-0.02639439838
5580,0.0088,-0.0013,7.115013695,0.01113840701,-0.02979174538
5557,0.0089,-0.0013,7.218349574,0.0087993371,-0.0336762932
5535,0.009,-0.0013,7.32340289,0.006306015162,-0.03809284273
5512,0.0091,-0.0013,7.428384264,0.003724810432,-0.04302746331
5492,0.0092,-0.0013,7.530402919,0.001170771611,-0.04833533341
5471,0.0093,-0.0013,7.626953778,-0.001147438351,-0.05363075898
5453,0.0094,-0.0013,7.710184135,-0.003008665746,-0.0581565936
5434,0.0095,-0.0013,7.779082611,-0.004109788821,-0.06073172816
5418,0.0096,-0.0013,7.836485336,-0.004297325938,-0.05991511487
5401,0.0097,-0.0013,7.862234718,-0.003504774504,-0.05413849088
5387,0.0098,-0.0013,7.862606885,-0.002188041291,-0.04225744969
5372,0.0099,-0.0013,7.862370277,-0.0008794057485,-0.02406680065
5373,0.01,-0.0013,7.862544441,0.0,0.0
7825,0.0,-0.0012,6.252859382,0.0,0.0
7826,0.0001,-0.0012,6.251145166,-0.0003379765111,0.004313554484
7836,0.0002,-0.0012,6.24507652,-0.0009391413181,0.007995989132
7851,0.0003,-0.0012,6.239733839,-0.001715143002,0.01101115836
7865,0.0004,-0.0012,6.240273449,-0.002561628974,0.01338005055
7882,0.0005,-0.0012,6.246207077,-0.003351303389,0.01517931244
7898,0.0006,-0.0012,6.257282321,-0.004013919138,0.01650212018
7917,0.0007,-0.0012,6.272595712,-0.004501452484,0.0174417624
7935,0.0008,-0.0012,6.29119564,-0.004795964758,0.01808080737
7956,0.0009,-0.0012,6.312174048,-0.004891769922,0.01849000361
7976,0.001,-0.0012,6.334787002,-0.004796447048,0.01872480286
7999,0.0011,-0.0012,6.357992619,-0.004526081675,0.0188276323
8022,0.0012,-0.0012,6.380983486,-0.004097245256,0.01883173983
8048,0.0013,-0.0012,6.40318933,-0.003529396097,0.01876163054
8075,0.0014,-0.0012,6.424060871,-0.00284095615,0.01863576056
8103,0.0015,-0.0012,6.443162245,-0.002049593049,0.01846773875
8132,0.0016,-0.0012,6.460161855,-0.001171513119,0.01826758686
8162,0.0017,-0.0012,6.474810903,-0.0002212763027,0.01804275666
8193,0.0018,-0.0012,6.486928221,0.0007882205227,0.01779873109
8225,0.0019,-0.0012,6.496401629,0.001845537016,0.01753949753
8258,0.002,-0.0012,6.503171983,0.00294058855,0.01726790858
8292,0.0021,-0.0012,6.507225289,0.004064619627,0.01698602604
8327,0.0022,-0.0012,6.508585322,0.005209984717,0.01669531854
8361,0.0023,-0.0012,6.507304923,0.006370006347,0.0163968693
8395,0.0024,-0.0012,6.503460347,0.007538801712,0.01609146251
8429,0.0025,-0.0012,6.497148243,0.008711176941,0.01577959434
8463,0.0026,-0.0012,6.488484052,0.009882554795,0.01546154258
8496,0.0027,-0.0012,6.477598331,0.01104888692,0.01513746426
8529,0.0028,-0.0012,6.464634714,0.01220658666,0.01480744462
8561,0.0029,-0.0012,6.449743684,0.01335242525,0.01447155608
8592,0.003,-0.0012,6.433078663,0.01448342058,0.01412985983
8620,0.0031,-0.0012,6.414800476,0.01559687384,0.01378236297
8647,0.0032,-0.0012,6.395077618,0.01669044576,0.01342896828
8672,0.0033,-0.0012,6.374078239,0.01776197537,0.01306975528
8696,0.0034,-0.0012,6.351974021,0.0188091719,0.01270494765
8718,0.0035,-0.0012,6.328965236,0.01983029552,0.01233463548
8739,0.0036,-0.0012,6.305205251,0.02082379722,0.01195902558
1455,0.0037,-0.0012,6.280864462,0.02178785322,0.01157843433
1456,0.0038,-0.0012,6.25613236,0.02272110375,0.0111931106
1469,0.0039,-0.0012,6.23116788,0.02362228215,0.01080330717
1484,0.004,-0.0012,6.206151157,0.02449019138,0.01040937882
1500,0.0041,-0.0012,6.181246455,0.02532385734,0.01001176013
1517,0.0042,-0.0012,6.156614098,0.0261223595,0.009610905156
1535,0.0043,-0.0012,6.132409817,0.02688489653,0.009207273441
1554,0.0044,-0.0012,6.108784206,0.02761077682,0.008801338801
1574,0.0045,-0.0012,6.085881441,0.02829941936,0.008393577138
1595,0.0046,-0.0012,6.06383912,0.02895034877,0.007984457214
1619,0.0047,-0.0012,6.042787534,0.02956318587,0.007574434993
1643,0.0048,-0.0012,6.022849352,0.0301376496,0.007163941969
1668,0.0049,-0.0012,6.004140996,0.03067353178,0.006753362056
1696,0.005,-0.0012,5.986771909,0.03117071322,0.006343039231
1724,0.0051,-0.0012,5.97084126,0.03162915007,0.005933233103
1751,0.0052,-0.0012,5.956442479,0.0320488457,0.005524134792
1778,0.0053,-0.0012,5.943663459,0.03242984325,0.005115877857
1805,0.0054,-0.0012,5.932583089,0.03277224313,0.004708484528
1836,0.0055,-0.0012,5.923274005,0.03307616421,0.004301873973
1867,0.0056,-0.0012,5.915806569,0.03334172842,0.003895844121
1897,0.0057,-0.0012,5.910246424,0.03356908291,0.003490055114
1927,0.0058,-0.0012,5.906652889,0.033758342,0.003084005164
1959,0.0059,-0.0012,5.905083464,0.03390958897,0.00267702107
1992,0.006,-0.0012,5.905594182,0.03402285745,0.002268251598
2026,0.0061,-0.0012,5.908240658,0.03409811364,0.00185663884
2061,0.0062,-0.0012,5.913079195,0.03413523114,0.001440895795
2095,0.0063,-0.0012,5.920168564,0.03413397453,0.001019480508
6201,0.0064,-0.0012,5.929570623,0.03409395318,0.0005905769861
6179,0.0065,-0.0012,5.941353491,0.03401465551,0.0001520502111
6156,0.0066,-0.0012,5.955594898,0.03389532286,-0.0002985990918
6132,0.0067,-0.0012,5.972378882,0.03373493799,-0.0007642247238
6105,0.0068,-0.0012,5.991798483,0.03353228186,-0.001248104471
6077,0.0069,-0.0012,6.013961708,0.03328578289,-0.001754011199
6049,0.007,-0.0012,6.038992069,0.03299349636,-0.002286238967
6021,0.0071,-0.0012,6.067029476,0.03265306159,-0.002849671492
5991,0.0072,-0.0012,6.098232141,0.03226163716,-0.003449851273
5960,0.0073,-0.0012,6.132778179,0.03181583487,-0.004093058713
5929,0.0074,-0.0012,6.170866745,0.03131164899,-0.004786402137
5899,0.0075,-0.0012,6.212718435,0.03074437989,-0.005537922112
5869,0.0076,-0.0012,6.258574921,0.03010855476,-0.00635671706
5840,0.0077,-0.0012,6.308697206,0.0293978426,-0.007253094771
5812,0.0078,-0.0012,6.36336202,0.02860497064,-0.008238753267
5785,0.0079,-0.0012,6.422856862,0.02772164042,-0.009327028102
5758,0.008,-0.0012,6.487471738,0.02673844427,-0.01053321651
5731,0.0081,-0.0012,6.557487118,0.0256447869,-0.011875013
5704,0.0082,-0.0012,6.633157573,0.02442881958,-0.01337313676
5678,0.0083,-0.0012,6.71469089,0.02307740471,-0.0150522114
5653,0.0084,-0.0012,6.802222462,0.02157612048,-0.01694198256
5628,0.0085,-0.0012,6.895781817,0.01990942089,-0.019078996
5603,0.0086,-0.0012,6.995249729,0.01806110906,-0.02150868255
5579,0.0087,-0.0012,7.100310079,0.01601554648,-0.02428749918
5556,0.0088,-0.0012,7.210391346,0.01376014563,-0.02748375611
5532,0.0089,-0.0012,7.324607368,0.01129157337,-0.03117462688
5511,0.009,-0.0012,7.441530259,0.008624547907,-0.03543227397
5489,0.0091,-0.0012,7.559244012,0.005810007222,-0.04028833558
5470,0.0092,-0.0012,7.674833385,0.002953254733,-0.04566742344
5450,0.0093,-0.0012,7.78483158,0.0002519827583,-0.0512641255
5433,0.0094,-0.0012,7.88178261,-0.002033638357,-0.05640412262
5415,0.0095,-0.0012,7.960931526,-0.003595430956,-0.05986978315
5400,0.0096,-0.0012,8.029760731,-0.004187153803,-0.06006547968
5384,0.0097,-0.0012,8.065148795,-0.003599485864,-0.05521740959
5371,0.0098,-0.0012,8.067750677,-0.002319914077,-0.04375768355
5357,0.0099,-0.0012,8.069972382,-0.0009497114199,-0.02520516501
5358,0.01,-0.0012,8.07155834,0.0,0.0
7811,0.0,-0.0011,6.230638395,0.0,0.0
7812,0.0001,-0.0011,6.228708892,-0.0004383709269,0.004819046872
7821,0.0002,-0.0011,6.221466629,-0.001204739086,0.008811149391
7835,0.0003,-0.0011,6.215328426,-0.002172666987,0.01195496377
7848,0.0004,-0.0011,6.216899528,-0.003205194475,0.01430535439
7864,0.0005,-0.0011,6.225145601,-0.004143190468,0.01598392022
7879,0.0006,-0.0011,6.239398572,-0.004907696459,0.01712396639
7897,0.0007,-0.0011,6.258401866,-0.005449204143,0.01785165431
7914,0.0008,-0.0011,6.281104985,-0.005754169184,0.0182709724
7934,0.0009,-0.0011,6.306057292,-0.005824500772,0.01846702685
7953,0.001,-0.0011,6.332252303,-0.005677531747,0.0185060276
7975,0.0011,-0.0011,6.358849399,-0.0053357048,0.01843357354
7998,0.0012,-0.0011,6.384896674,-0.004821293967,0.01828336713
8023,0.0013,-0.0011,6.409760054,-0.004159297441,0.01808031064
8049,0.0014,-0.0011,6.432923236,-0.003371867894,0.01784139032
8076,0.0015,-0.0011,6.453976127,-0.002479300293,0.0175783665
8104,0.0016,-0.0011,6.472620154,-0.001499650015,0.01729933705
8133,0.0017,-0.0011,6.488632043,-0.0004488453432,0.01700992415
8163,0.0018,-0.0011,6.501863117,0.0006592517703,0.01671388269
8194,0.0019,-0.0011,6.512233546,0.001812655112,0.0164135596
8226,0.002,-0.0011,6.519716118,0.003000936005,0.01611035211
8259,0.0021,-0.0011,6.524324887,0.004215201922,0.01580507875
8293,0.0022,-0.0011,6.526110427,0.005447786661,0.01549814751
8328,0.0023,-0.0011,6.52514543,0.00669205557,0.01518973409
8362,0.0024,-0.0011,6.521518912,0.007942160113,0.01487982529
8396,0.0025,-0.0011,6.515343067,0.009193009825,0.01456823238
8430,0.0026,-0.0011,6.506750704,0.01044023545,0.01425464236
8464,0.0027,-0.0011,6.495881774,0.01168003946,0.01393868554
8497,0.0028,-0.0011,6.482883151,0.01290906581,0.013619995
8530,0.0029,-0.0011,6.467907233,0.0141241599,0.01329844203
8562,0.003,-0.0011,6.451120755,0.01532234033,0.01297385862
8593,0.0031,-0.0011,6.432705037,0.01650108372,0.01264586912
8621,0.0032,-0.0011,6.412849485,0.01765854873,0.01231424317
8648,0.0033,-0.0011,6.391691084,0.01879284167,0.01197897177
8673,0.0034,-0.0011,6.369385714,0.01990141554,0.01163996574
8697,0.0035,-0.0011,6.346170646,0.02098257144,0.01129718179
8719,0.0036,-0.0011,6.322210393,0.0220352468,0.01095071299
1442,0.0037,-0.0011,6.297654658,0.02305780748,0.01060061617
1443,0.0038,-0.0011,6.272695734,0.02404887181,0.01024699073
1457,0.0039,-0.0011,6.247507665,0.02500737905,0.009890025915
1470,0.004,-0.0011,6.222259726,0.02593225532,0.00953002799
1485,0.0041,-0.0011,6.197117459,0.02682255215,0.009167290931
1501,0.0042,-0.0011,6.172242931,0.02767742677,0.008802140716
1518,0.0043,-0.0011,6.147792895,0.02849614569,0.008434927475
1536,0.0044,-0.0011,6.123918504,0.02927807537,0.008066019256
1555,0.0045,-0.0011,6.100764659,0.03002268021,0.007695791628
1575,0.0046,-0.0011,6.078469758,0.03072951732,0.007324618863
1596,0.0047,-0.0011,6.05716527,0.03139823025,0.006952863062
1620,0.0048,-0.0011,6.03697567,0.03202854675,0.006580863849
1644,0.0049,-0.0011,6.018017949,0.0326202659,0.006208935503
1669,0.005,-0.0011,6.000401436,0.03317326174,0.005837355289
1697,0.0051,-0.0011,5.984229671,0.0336874482,0.005466334366
1725,0.0052,-0.0011,5.969599738,0.03416282194,0.005096026836
1752,0.0053,-0.0011,5.956600955,0.03459940387,0.004726518839
1779,0.0054,-0.0011,5.945315645,0.03499721831,0.004357784754
1806,0.0055,-0.0011,5.935821664,0.03535633743,0.003989718392
1837,0.0056,-0.0011,5.928191125,0.03567684117,0.00362211469
1868,0.0057,-0.0011,5.922491372,0.03595878883,0.00325464647
1898,0.0058,-0.0011,5.918789489,0.03620220595,0.002886856487
1928,0.0059,-0.0011,5.917149793,0.03640710272,0.002518123464
1960,0.006,-0.0011,5.917633881,0.0365734208,0.00214765393
1993,0.0061,-0.0011,5.920303975,0.03670102436,0.001774466808
2027,0.0062,-0.0011,5.925223956,0.03678967564,0.001397380348
2062,0.0063,-0.0011,5.932461246,0.03683902307,0.00101498417
6180,0.0064,-0.0011,5.942086827,0.03684854241,0.0006256156142
6157,0.0065,-0.0011,5.954179383,0.03681761245,0.0002273312405
6133,0.0066,-0.0011,5.96882872,0.03674530976,-0.0001821444694
6107,0.0067,-0.0011,5.986130726,0.03663045324,-0.0006054142546
6080,0.0068,-0.0011,6.006192578,0.03647168537,-0.001045452605
6052,0.0069,-0.0011,6.029138669,0.03626724175,-0.001505682327
6024,0.007,-0.0011,6.055109805,0.03601499133,-0.001989998608
5994,0.0071,-0.0011,6.084265142,0.03571236762,-0.002502827563
5963,0.0072,-0.0011,6.116784348,0.03535630709,-0.003049190394
5932,0.0073,-0.0011,6.152869468,0.03494317973,-0.00363477606
5902,0.0074,-0.0011,6.192746366,0.03446871607,-0.004266026361
5872,0.0075,-0.0011,6.236665403,0.03392792359,-0.004950235227
5843,0.0076,-0.0011,6.28490183,0.03331500393,-0.005695663566
5815,0.0077,-0.0011,6.337754818,0.03262325266,-0.006511684238
5788,0.0078,-0.0011,6.395542886,0.03184497833,-0.007408991337
5761,0.0079,-0.0011,6.458600801,0.03097139695,-0.008399825337
5734,0.008,-0.0011,6.527272773,0.02999251516,-0.009498273671
5707,0.0081,-0.0011,6.601899774,0.02889703717,-0.01072073357
5681,0.0082,-0.0011,6.68280548,0.02767225162,-0.01208655324
5656,0.0083,-0.0011,6.770276351,0.02630394658,-0.01361892723
5631,0.0084,-0.0011,6.864532999,0.02477631915,-0.01534615014
5606,0.0085,-0.0011,6.965696948,0.02307196703,-0.01730345199
5582,0.0086,-0.0011,7.073747697,0.02117206679,-0.01953549655
5558,0.0087,-0.0011,7.188469225,0.01905719445,-0.02209936471
5533,0.0088,-0.0011,7.309368674,0.01670890894,-0.02506726772
5509,0.0089,-0.0011,7.435666795,0.01411475795,-0.02852667556
5488,0.009,-0.0011,7.566028459,0.01127701775,-0.03257279158
5467,0.0091,-0.0011,7.698459095,0.008228459856,-0.03728104833
5449,0.0092,-0.0011,7.83011336,0.005058196577,-0.04264654914
5430,0.0093,-0.0011,7.95679913,0.001942932088,-0.04846444016
5414,0.0094,-0.0011,8.072214752,-0.0008252276589,-0.05415951811
5397,0.0095,-0.0011,8.166951482,-0.00290418816,-0.05855143378
5383,0.0096,-0.0011,8.24572883,-0.003944129404,-0.05990041915
5368,0.0097,-0.0011,8.294656364,-0.003688000428,-0.05615559197
5356,0.0098,-0.0011,8.303578657,-0.00249541591,-0.04528224464
5343,0.0099,-0.0011,8.305477659,-0.00102283507,-0.02643277857
5344,0.01,-0.0011,8.309412374,0.0,0.0
7798,0.0,-0.001,6.200752954,0.0,0.0
7799,0.0001,-0.001,6.19871261,-0.0005691353717,0.005470300153
7807,0.0002,-0.001,6.190298875,-0.001542720007,0.00983705747
7820,0.0003,-0.001,6.18363773,-0.002737149501,0.01311182715
7832,0.0004,-0.001,6.18706943,-0.003974541733,0.01540659668
7847,0.0005,-0.001,6.198730352,-0.005059600573,0.01691009082
7861,0.0006,-0.001,6.217480195,-0.005906215303,0.01780940179
7878,0.0007,-0.001,6.241330808,-0.0064672991,0.01827156907
7894,0.0008,-0.001,6.268945783,-0.006739215346,0.01843004878
7913,0.0009,-0.001,6.298763139,-0.006740410035,0.01838312658
7932,0.001,-0.001,6.329348939,-0.006497815722,0.01820260332
7954,0.0011,-0.001,6.359725599,-0.006040622863,0.01793903254
7977,0.0012,-0.001,6.389078562,-0.00540216464,0.01762558039
8001,0.0013,-0.001,6.416752406,-0.004611237986,0.01728498374
8026,0.0014,-0.001,6.442278186,-0.003693918438,0.01693152622
8052,0.0015,-0.001,6.46529077,-0.002672909032,0.01657424112
8079,0.0016,-0.001,6.485545389,-0.001567911244,0.01621864629
8107,0.0017,-0.001,6.502860881,-0.0003959529052,0.01586792128
8136,0.0018,-0.001,6.517126578,0.0008284914429,0.01552362796
8166,0.0019,-0.001,6.528309182,0.002093265153,0.01518620253
8197,0.002,-0.001,6.536420556,0.003388030324,0.01485538759
8229,0.0021,-0.001,6.541499725,0.004704116227,0.01453057447
8262,0.0022,-0.001,6.543616261,0.006034074119,0.0142109653
8296,0.0023,-0.001,6.542861525,0.007371349145,0.01389597345
8331,0.0024,-0.001,6.539354779,0.008710219216,0.01358484972
8365,0.0025,-0.001,6.53323286,0.01004598903,0.01327654791
8399,0.0026,-0.001,6.524645122,0.01137469197,0.01297014014
8433,0.0027,-0.001,6.513749226,0.01269288808,0.01266486831
8467,0.0028,-0.001,6.500697291,0.01399774563,0.01236014566
8500,0.0029,-0.001,6.485604406,0.01528616242,0.01205544789
8533,0.003,-0.001,6.468654064,0.01655495095,0.01175007691
8565,0.0031,-0.001,6.450069653,0.01780199204,0.01144344042
8596,0.0032,-0.001,6.430037339,0.01902583593,0.01113534493
8624,0.0033,-0.001,6.4087027,0.02022485284,0.010825507
8650,0.0034,-0.001,6.386219247,0.02139689454,0.01051355201
8674,0.0035,-0.001,6.362797896,0.02254027411,0.01019934875
8698,0.0036,-0.001,6.338618563,0.02365389561,0.009882792186
1430,0.0037,-0.001,6.313854138,0.02473650686,0.009563832223
1431,0.0038,-0.001,6.288680631,0.02578689354,0.009242558803
1444,0.0039,-0.001,6.263272311,0.02680399259,0.008919059977
1458,0.004,-0.001,6.237800698,0.0277868447,0.008593479607
1471,0.0041,-0.001,6.212432361,0.02873459961,0.008266006591
1486,0.0042,-0.001,6.187329591,0.02964649755,0.007936867679
1502,0.0043,-0.001,6.162649447,0.03052187274,0.007606317254
1519,0.0044,-0.001,6.138543413,0.0313601475,0.007274630168
1537,0.0045,-0.001,6.1151569,0.03216082945,0.006942092778
1556,0.0046,-0.001,6.09262892,0.03292350716,0.00660899462
1576,0.0047,-0.001,6.071091758,0.03364784514,0.006275619295
1597,0.0048,-0.001,6.050670859,0.03433357879,0.00594223559
1621,0.0049,-0.001,6.031484656,0.03498050677,0.005609086635
1645,0.005,-0.001,6.013644686,0.03558848769,0.005276380191
1670,0.0051,-0.001,5.997255573,0.03615742591,0.004944285069
1698,0.0052,-0.001,5.982414625,0.03668728043,0.004612924029
1726,0.0053,-0.001,5.969214585,0.03717803852,0.004282348451
1753,0.0054,-0.001,5.957743141,0.03762967672,0.003952522369
1780,0.0055,-0.001,5.948081647,0.03804222357,0.003623352081
1807,0.0056,-0.001,5.94030487,0.03841570852,0.003294609654
1838,0.0057,-0.001,5.934485196,0.03875010644,0.002965960616
1869,0.0058,-0.001,5.930693643,0.0390453907,0.002636989416
1899,0.0059,-0.001,5.928998078,0.03930148622,0.002307128934
1929,0.006,-0.001,5.929467713,0.03951824438,0.001975667988
1961,0.0061,-0.001,5.932172581,0.03969544764,0.001641721725
1994,0.0062,-0.001,5.937183754,0.03983276603,0.001304217142
2028,0.0063,-0.001,5.94457679,0.03992974592,0.0009618799297
6158,0.0064,-0.001,5.95443198,0.03998575282,0.0006132042784
6134,0.0065,-0.001,5.966838727,0.04000005528,0.0002564391941
6108,0.0066,-0.001,5.981898171,0.03997161165,-0.0001104425746
6081,0.0067,-0.001,5.999718359,0.03989911182,-0.0004897819603
6053,0.0068,-0.001,6.020420849,0.03978106095,-0.0008842541646
6025,0.0069,-0.001,6.044146073,0.03961554728,-0.001296917021
5995,0.007,-0.001,6.071052204,0.03940028415,-0.001731252028
5964,0.0071,-0.001,6.101317749,0.03913253598,-0.002191213205
5933,0.0072,-0.001,6.135144012,0.03880905707,-0.002681284384
5903,0.0073,-0.001,6.172757162,0.03842601855,-0.003206544951
5873,0.0074,-0.001,6.214410237,0.03797893371,-0.00377274542
5844,0.0075,-0.001,6.260384441,0.03746256715,-0.004386397736
5816,0.0076,-0.001,6.310988778,0.03687085604,-0.005054895681
5789,0.0077,-0.001,6.36655947,0.03619678792,-0.005786640449
5762,0.0078,-0.001,6.427461472,0.03543230121,-0.006591264915
5735,0.0079,-0.001,6.494082318,0.03456819117,-0.007479829613
5708,0.008,-0.001,6.56682348,0.03359395302,-0.008465105092
5682,0.0081,-0.001,6.646093873,0.03249765506,-0.009562068895
5657,0.0082,-0.001,6.732296428,0.03126579424,-0.01078851128
5632,0.0083,-0.001,6.825809115,0.02988313459,-0.01216591922
5607,0.0084,-0.001,6.926958131,0.02833253738,-0.01372076986
5583,0.0085,-0.001,7.035985863,0.0265948011,-0.01548642974
5559,0.0086,-0.001,7.153009146,0.02464856331,-0.01750585095
5534,0.0087,-0.001,7.277967399,0.02247056361,-0.0198351954
5510,0.0088,-0.001,7.410552374,0.02003679065,-0.02254809949
5487,0.0089,-0.001,7.550106147,0.01732557177,-0.02573853016
5466,0.009,-0.001,7.695476422,0.01432547077,-0.02951955447
5446,0.0091,-0.001,7.844776426,0.01104975326,-0.03400562408
5429,0.0092,-0.001,7.99519868,0.007563253031,-0.03926032235
5411,0.0093,-0.001,8.142415751,0.00401843347,-0.04518894508
5396,0.0094,-0.001,8.280372027,0.0007089032401,-0.05134224262
5380,0.0095,-0.001,8.397662629,-0.001975981106,-0.05665387688
5367,0.0096,-0.001,8.492852374,-0.003545836821,-0.05927228558
5353,0.0097,-0.001,8.56044742,-0.003742166023,-0.05682511877
5342,0.0098,-0.001,8.575650018,-0.002701779288,-0.04679050997
5330,0.0099,-0.001,8.574435651,-0.001111112289,-0.02777706605
5331,0.01,-0.001,8.581894199,0.0,0.0
7786,0.0,-0.0009,6.159657423,0.0,0.0
7787,0.0001,-0.0009,6.157741191,-0.0007416367597,0.006308919474
7794,0.0002,-0.0009,6.148366383,-0.001975113908,0.01111824959
7806,0.0003,-0.0009,6.141812966,-0.00343023483,0.01450783042
7817,0.0004,-0.0009,6.148608081,-0.004880261313,0.01668367215
7831,0.0005,-0.0009,6.165404524,-0.006089069343,0.0179307798
7844,0.0006,-0.0009,6.190363821,-0.006971478275,0.01851104083
7860,0.0007,-0.0009,6.221003287,-0.007490831866,0.01864424936
7875,0.0008,-0.0009,6.25507665,-0.007660682083,0.01849765302
7893,0.0009,-0.0009,6.290548307,-0.007521687268,0.01817793186
7912,0.001,-0.0009,6.326136913,-0.007117274506,0.01775920056
7933,0.0011,-0.0009,6.360739516,-0.006487500807,0.01729588444
7955,0.0012,-0.0009,6.3936973,-0.005673572419,0.01681625324
7978,0.0013,-0.0009,6.424353366,-0.004708437985,0.01633910315
8002,0.0014,-0.0009,6.452297532,-0.00362185244,0.01587472072
8027,0.0015,-0.0009,6.477240328,-0.002438468731,0.01542817114
8053,0.0016,-0.0009,6.498999703,-0.001179252319,0.01500176691
8080,0.0017,-0.0009,6.517477683,0.0001379151214,0.01459610853
8108,0.0018,-0.0009,6.532642622,0.001498710266,0.01421004855
8137,0.0019,-0.0009,6.54451242,0.00289158974,0.01384176528
8167,0.002,-0.0009,6.553142083,0.004306783442,0.01348926543
8198,0.0021,-0.0009,6.558607,0.005736256529,0.01315066901
8230,0.0022,-0.0009,6.5609965,0.007173376546,0.01282419234
8263,0.0023,-0.0009,6.560369622,0.008611762669,0.01250809122
8297,0.0024,-0.0009,6.556890877,0.01004566012,0.0122004144
8332,0.0025,-0.0009,6.550755501,0.01147125977,0.01189948992
8366,0.0026,-0.0009,6.542104661,0.0128852924,0.01160408959
8400,0.0027,-0.0009,6.531110008,0.0142846132,0.01131310532
8434,0.0028,-0.0009,6.517940896,0.01566688176,0.01102559441
8468,0.0029,-0.0009,6.502720359,0.01702954788,0.0107404637
8501,0.003,-0.0009,6.485627099,0.01836982113,0.01045673046
8534,0.0031,-0.0009,6.466876474,0.01968585659,0.01017379755
8566,0.0032,-0.0009,6.44663842,0.02097619953,0.009891179646
8597,0.0033,-0.0009,6.425094363,0.0222393717,0.009608319797
8625,0.0034,-0.0009,6.402423131,0.02347389915,0.009324803859
8651,0.0035,-0.0009,6.378804898,0.02467837516,0.009040435731
8675,0.0036,-0.0009,6.354418077,0.02585161462,0.008754993175
1419,0.0037,-0.0009,6.329444429,0.02699250609,0.008468326221
1420,0.0038,-0.0009,6.304062011,0.02810003933,0.008180371264
1432,0.0039,-0.0009,6.278444672,0.02917329657,0.007891124256
1445,0.004,-0.0009,6.252763249,0.03021144069,0.00760064187
1459,0.0041,-0.0009,6.227184485,0.03121372141,0.007309024601
1472,0.0042,-0.0009,6.20187064,0.03217946843,0.007016412254
1487,0.0043,-0.0009,6.176978855,0.03310809016,0.006722975525
1503,0.0044,-0.0009,6.152660747,0.03399907012,0.006428908673
1520,0.0045,-0.0009,6.129061981,0.03485196422,0.006134421287
1538,0.0046,-0.0009,6.106321963,0.03566639709,0.00583973015
1557,0.0047,-0.0009,6.084573596,0.0364420582,0.005545050616
1577,0.0048,-0.0009,6.063943125,0.03717869715,0.005250588336
1598,0.0049,-0.0009,6.04455008,0.03787611869,0.004956530542
1622,0.005,-0.0009,6.026507255,0.03853417471,0.004663037946
1646,0.0051,-0.0009,6.009921069,0.03915276031,0.004370233621
1671,0.0052,-0.0009,5.994891252,0.03973179725,0.004078199318
1699,0.0053,-0.0009,5.981512621,0.04027126543,0.003786959353
1727,0.0054,-0.0009,5.969874915,0.04077112021,0.003496476036
1754,0.0055,-0.0009,5.960060895,0.04123132466,0.003206650006
1781,0.0056,-0.0009,5.952151304,0.04165186004,0.002917277872
1808,0.0057,-0.0009,5.946224924,0.04203266962,0.002628072132
1839,0.0058,-0.0009,5.942355386,0.04237368014,0.002338626659
1870,0.0059,-0.0009,5.940616019,0.04267474237,0.002048411792
1900,0.006,-0.0009,5.941081449,0.04293565336,0.001756794088
1930,0.0061,-0.0009,5.943827277,0.04315612471,0.001462989053
1962,0.0062,-0.0009,5.948932911,0.04333575353,0.001166048808
1995,0.0063,-0.0009,5.956482244,0.04347400974,0.0008648483571
6135,0.0064,-0.0009,5.96656474,0.04357018935,0.0005580425167
6109,0.0065,-0.0009,5.979280701,0.04362346096,0.0002440754966
6082,0.0066,-0.0009,5.994741669,0.0436326973,-7.883225828e-05
6054,0.0067,-0.0009,6.013067734,0.04359651687,-0.000412749668
6026,0.0068,-0.0009,6.034394693,0.04351331211,-0.0007600377166
5997,0.0069,-0.0009,6.058878331,0.04338106558,-0.001123384738
5966,0.007,-0.0009,6.086693892,0.04319737685,-0.001505849461
5936,0.0071,-0.0009,6.118038889,0.04295938904,-0.001910903307
5906,0.0072,-0.0009,6.153135927,0.04266372589,-0.00234248005
5876,0.0073,-0.0009,6.192235116,0.04230641548,-0.002805031375
5847,0.0074,-0.0009,6.235615938,0.04188281832,-0.003303600654
5819,0.0075,-0.0009,6.283588916,0.04138752868,-0.003843899822
5792,0.0076,-0.0009,6.336498175,0.04081427868,-0.004432435955
5765,0.0077,-0.0009,6.394720512,0.04015584631,-0.005076624887
5738,0.0078,-0.0009,6.458665542,0.03940390536,-0.005784949131
5711,0.0079,-0.0009,6.528773127,0.03854890682,-0.006567188458
5685,0.008,-0.0009,6.605507444,0.03757993992,-0.007434723507
5660,0.0081,-0.0009,6.68935174,0.03648455261,-0.008400978449
5635,0.0082,-0.0009,6.780796343,0.03524856746,-0.009482002398
5610,0.0083,-0.0009,6.880322562,0.03385584746,-0.01069733449
5586,0.0084,-0.0009,6.988381969,0.0322880306,-0.01207127593
5562,0.0085,-0.0009,7.105367693,0.03052423891,-0.01363476633
5537,0.0086,-0.0009,7.23157301,0.02854071474,-0.01542812578
5513,0.0087,-0.0009,7.367146252,0.02631063195,-0.01750502267
5490,0.0088,-0.0009,7.512018974,0.02380435221,-0.01993765904
5468,0.0089,-0.0009,7.665792563,0.0209911295,-0.02282277483
5447,0.009,-0.0009,7.827664039,0.01784486513,-0.02628527164
5427,0.0091,-0.0009,7.996086819,0.01435801242,-0.03047105506
5410,0.0092,-0.0009,8.168282436,0.01056456516,-0.03550825734
5393,0.0093,-0.0009,8.340201959,0.00658762177,-0.04141521413
5379,0.0094,-0.0009,8.505151017,0.002692907323,-0.04789725486
5364,0.0095,-0.0009,8.651779209,-0.0006725788247,-0.05406110787
5352,0.0096,-0.0009,8.767077323,-0.002959649111,-0.05801720599
5339,0.0097,-0.0009,8.858397351,-0.003769761955,-0.05709425104
5329,0.0098,-0.0009,8.888927126,-0.002948060292,-0.04824820919
5318,0.0099,-0.0009,8.887599552,-0.001245518668,-0.02927102062
5319,0.01,-0.0009,8.89875612,0.0,0.0
7775,0.0,-0.0008,6.102019092,0.0,0.0
7776,0.0001,-0.0008,6.10068498,-0.0009739261937,0.007392563106
7782,0.0002,-0.0008,6.091128346,-0.00253059091,0.01270667504
7793,0.0003,-0.0008,6.086002135,-0.004272030133,0.01615738641
7803,0.0004,-0.0008,6.098626038,-0.005917316888,0.01810540092
7816,0.0005,-0.0008,6.123559701,-0.007186179241,0.01898613721
7828,0.0006,-0.0008,6.157770262,-0.008014723128,0.01915752389
7843,0.0007,-0.0008,6.19827881,-0.008384498459,0.01889247304
7858,0.0008,-0.0008,6.240249114,-0.008337373567,0.01838988184
7876,0.0009,-0.0008,6.281782015,-0.007959001116,0.01777082293
7895,0.001,-0.0008,6.323186617,-0.007307615983,0.0171071851
7915,0.0011,-0.0008,6.362407233,-0.006427358532,0.0164417056
7936,0.0012,-0.0008,6.399111628,-0.005371724147,0.01580015407
7958,0.0013,-0.0008,6.432768251,-0.004176977059,0.01519459306
7981,0.0014,-0.0008,6.463101218,-0.002875223673,0.01462969659
8005,0.0015,-0.0008,6.489950103,-0.001491207071,0.0141059357
8030,0.0016,-0.0008,6.513128784,-4.586862473e-05,0.01362160631
8056,0.0017,-0.0008,6.532602192,0.001441855554,0.0131730134
8083,0.0018,-0.0008,6.548515594,0.002958726401,0.01275591093
8111,0.0019,-0.0008,6.560922997,0.004495172462,0.01236667704
8140,0.002,-0.0008,6.569916158,0.00604243927,0.01200176596
8170,0.0021,-0.0008,6.575614219,0.007593555455,0.01165792671
8201,0.0022,-0.0008,6.578148156,0.009143117565,0.01133219752
8233,0.0023,-0.0008,6.577595119,0.01068599548,0.01102153119
8266,0.0024,-0.0008,6.574121581,0.01221724419,0.01072322049
8300,0.0025,-0.0008,6.567932468,0.01373364692,0.01043526302
8335,0.0026,-0.0008,6.55917821,0.01523258767,0.01015595445
8369,0.0027,-0.0008,6.548032119,0.01671150708,0.009883719554
8403,0.0028,-0.0008,6.534671057,0.01816841123,0.00961709351
8437,0.0029,-0.0008,6.519271661,0.01960146029,0.009354738183
8471,0.003,-0.0008,6.502012687,0.02100881533,0.009095682964
8504,0.0031,-0.0008,6.483075858,0.02238889461,0.008839151795
8537,0.0032,-0.0008,6.462640131,0.02374034112,0.008584372875
8569,0.0033,-0.0008,6.440890768,0.02506191812,0.008330735706
8600,0.0034,-0.0008,6.418014286,0.02635247404,0.00807774643
1391,0.0035,-0.0008,6.394193175,0.02761094678,0.007825020956
1392,0.0036,-0.0008,6.369607009,0.02883636411,0.007572243529
1401,0.0037,-0.0008,6.344435648,0.03002781507,0.007319196316
1410,0.0038,-0.0008,6.318856402,0.03118446983,0.007065742409
1421,0.0039,-0.0008,6.293043318,0.03230556819,0.006811802995
1433,0.004,-0.0008,6.267167051,0.03339041514,0.006557355647
1446,0.0041,-0.0008,6.241394169,0.03443838192,0.006302426884
1460,0.0042,-0.0008,6.215886693,0.03544890337,0.006047084782
1473,0.0043,-0.0008,6.190801589,0.03642147703,0.00579143082
1488,0.0044,-0.0008,6.166290369,0.03735566127,0.00553559229
1504,0.0045,-0.0008,6.142498725,0.03825107354,0.005279714495
1521,0.0046,-0.0008,6.119566248,0.03910738791,0.00502395306
1539,0.0047,-0.0008,6.097626223,0.03992433226,0.004768466127
1558,0.0048,-0.0008,6.076805496,0.04070168423,0.004513406556
1578,0.0049,-0.0008,6.05722451,0.04143926776,0.004258913882
1599,0.005,-0.0008,6.03899723,0.0421369455,0.00400510639
1623,0.0051,-0.0008,6.022231581,0.04279461784,0.003752073888
1647,0.0052,-0.0008,6.007029022,0.04341220007,0.00349986986
1672,0.0053,-0.0008,5.993486051,0.04398966622,0.003248500015
1700,0.0054,-0.0008,5.981695476,0.04452696012,0.002997922998
1728,0.0055,-0.0008,5.97174431,0.04502401506,0.002748025205
1755,0.0056,-0.0008,5.963715332,0.04548080193,0.00249862374
1782,0.0057,-0.0008,5.957689088,0.04589724298,0.00224947002
1809,0.0058,-0.0008,5.953745737,0.04627321933,0.002000205425
1840,0.0059,-0.0008,5.951965372,0.04660856118,0.001750375583
1871,0.006,-0.0008,5.952427033,0.04690303831,0.001499407039
1901,0.0061,-0.0008,5.95521221,0.0471563131,0.001246601938
1931,0.0062,-0.0008,5.960407516,0.04736794751,0.0009911362396
1996,0.0063,-0.0008,5.968103933,0.04753735213,0.0007320395068
6110,0.0064,-0.0008,5.978400322,0.04766381797,0.0004681496676
6083,0.0065,-0.0008,5.991408084,0.04774642182,0.000198084247
6055,0.0066,-0.0008,6.007247851,0.04778397965,-7.969831974e-05
6027,0.0067,-0.0008,6.026050973,0.04777511862,-0.0003669619009
5998,0.0068,-0.0008,6.047967353,0.0477181395,-0.0006657488222
5967,0.0069,-0.0008,6.073167322,0.04761097058,-0.0009783769041
5937,0.007,-0.0008,6.101842298,0.04745114866,-0.001307478195
5907,0.0071,-0.0008,6.13420793,0.04723575213,-0.001656035693
5877,0.0072,-0.0008,6.170507066,0.04696133495,-0.00202742294
5848,0.0073,-0.0008,6.211012032,0.04662385272,-0.002425457003
5820,0.0074,-0.0008,6.256028124,0.04621858349,-0.002854473339
5793,0.0075,-0.0008,6.305895621,0.04574004232,-0.00331938235
5766,0.0076,-0.0008,6.360991751,0.04518185993,-0.003825762663
5739,0.0077,-0.0008,6.421733134,0.04453669091,-0.004379982558
5712,0.0078,-0.0008,6.488572995,0.04379607274,-0.004989347624
5686,0.0079,-0.0008,6.562002619,0.04295025706,-0.005662322908
5661,0.008,-0.0008,6.642551177,0.04198806988,-0.006408812466
5636,0.0081,-0.0008,6.730778676,0.04089670609,-0.00724055181
5611,0.0082,-0.0008,6.827268878,0.03966148776,-0.008171673699
5587,0.0083,-0.0008,6.932618696,0.03826557739,-0.009219527365
5563,0.0084,-0.0008,7.047421662,0.03668960927,-0.01040587196
5538,0.0085,-0.0008,7.172246286,0.03491125285,-0.01175866994
5514,0.0086,-0.0008,7.307601737,0.03290459815,-0.0133147792
5491,0.0087,-0.0008,7.453899321,0.03063962215,-0.01512397499
5469,0.0088,-0.0008,7.611373519,0.02808135009,-0.01725468351
5448,0.0089,-0.0008,7.780045124,0.02519075847,-0.01980188414
5428,0.009,-0.0008,7.959542078,0.02192649629,-0.02289469794
5409,0.0091,-0.0008,8.148996299,0.01825786556,-0.0267001609
5392,0.0092,-0.0008,8.346152604,0.01418253424,-0.03140317563
5376,0.0093,-0.0008,8.547434841,0.009783386596,-0.03713253939
5363,0.0094,-0.0008,8.745417632,0.005272360925,-0.04377526752
5349,0.0095,-0.0008,8.929664855,0.001134976844,-0.05066050845
5338,0.0096,-0.0008,9.075991432,-0.002056946632,-0.05602490931
5326,0.0097,-0.0008,9.194299701,-0.003637410479,-0.05692362849
5317,0.0098,-0.0008,9.250941891,-0.003239069324,-0.04964040823
5307,0.0099,-0.0008,9.261204266,-0.001471436658,-0.03093434451
5308,0.01,-0.0008,9.274279827,0.0,0.0
7765,0.0,-0.0007,6.018842513,0.0,0.0
7766,0.0001,-0.0007,6.019071812,-0.001294465116,0.008792690486
7771,0.0002,-0.0007,6.011264993,-0.003248343488,0.01464782822
7781,0.0003,-0.0007,6.010904831,-0.005275065315,0.01804057326
7790,0.0004,-0.0007,6.034745943,-0.007034627195,0.01959751507
7802,0.0005,-0.0007,6.072100822,-0.008224443741,0.01995452812
7813,0.0006,-0.0007,6.12053087,-0.008831671058,0.01959348345
7827,0.0007,-0.0007,6.173184104,-0.008863732558,0.0188699739
7842,0.0008,-0.0007,6.223553581,-0.008452973044,0.01798419464
7859,0.0009,-0.0007,6.27336026,-0.007714485102,0.01705315493
7877,0.001,-0.0007,6.321430104,-0.006698917715,0.0161488996
7896,0.0011,-0.0007,6.365771186,-0.00547169594,0.01529659861
7916,0.0012,-0.0007,6.406157782,-0.004096004015,0.01451314129
7937,0.0013,-0.0007,6.442691431,-0.002610990044,0.01380031471
7959,0.0014,-0.0007,6.475194941,-0.001046462102,0.01315647727
7982,0.0015,-0.0007,6.503691198,0.0005736818435,0.01257633274
8006,0.0016,-0.0007,6.528107283,0.002231215161,0.01205295856
8031,0.0017,-0.0007,6.548473045,0.003909529221,0.01157855417
8057,0.0018,-0.0007,6.564993877,0.005597188988,0.01114643028
8084,0.0019,-0.0007,6.57778564,0.007286573512,0.01075086026
8112,0.002,-0.0007,6.586990198,0.008970886653,0.01038660933
8141,0.0021,-0.0007,6.592757812,0.01064499851,0.01004890829
8171,0.0022,-0.0007,6.59525241,0.01230493842,0.009733520349
8202,0.0023,-0.0007,6.594635727,0.01394743073,0.009436728202
8234,0.0024,-0.0007,6.591076422,0.01556942167,0.009155607081
8267,0.0025,-0.0007,6.584748367,0.01716848602,0.008887654257
8301,0.0026,-0.0007,6.575827376,0.01874273389,0.008630562648
8336,0.0027,-0.0007,6.564492724,0.02029054362,0.008382402335
8370,0.0028,-0.0007,6.550924563,0.02181056077,0.008141493567
8404,0.0029,-0.0007,6.535310168,0.02330153731,0.00790642382
8438,0.003,-0.0007,6.517836766,0.02476237251,0.007676026352
8472,0.0031,-0.0007,6.498687293,0.02619208751,0.00744931091
8505,0.0032,-0.0007,6.478044082,0.02758973742,0.007225424754
8538,0.0033,-0.0007,6.456091645,0.02895446121,0.00700367175
8570,0.0034,-0.0007,6.433014669,0.03028545856,0.006783498725
1382,0.0035,-0.0007,6.408996114,0.03158198748,0.006564460641
1383,0.0036,-0.0007,6.384216758,0.0328433505,0.006346190751
1393,0.0037,-0.0007,6.358855771,0.03406888603,0.006128409267
1402,0.0038,-0.0007,6.333089973,0.03525797874,0.005910914851
1411,0.0039,-0.0007,6.307093106,0.03641005829,0.005693572553
1422,0.004,-0.0007,6.281035282,0.03752459794,0.005476305315
1434,0.0041,-0.0007,6.255082529,0.03860111544,0.005259085262
1447,0.0042,-0.0007,6.229396346,0.03963917359,0.005041926124
1461,0.0043,-0.0007,6.204133266,0.04063838094,0.004824875585
1474,0.0044,-0.0007,6.179444474,0.04159839185,0.004608007981
1489,0.0045,-0.0007,6.155475479,0.0425189062,0.004391417052
1505,0.0046,-0.0007,6.132365864,0.04339966833,0.004175208798
1522,0.0047,-0.0007,6.110249113,0.04424046553,0.003959494401
1540,0.0048,-0.0007,6.089252509,0.04504112537,0.003744383118
1559,0.0049,-0.0007,6.069497171,0.045801513,0.00352997546
1579,0.005,-0.0007,6.051098063,0.04652152538,0.003316355589
1600,0.0051,-0.0007,6.034164372,0.04720108918,0.003103585445
1624,0.0052,-0.0007,6.018799358,0.04784014553,0.002891693288
1648,0.0053,-0.0007,6.005101174,0.04843867273,0.002680673305
1673,0.0054,-0.0007,5.99316475,0.04899664025,0.002470485534
1701,0.0055,-0.0007,5.9830806,0.04951399295,0.002261022608
1729,0.0056,-0.0007,5.974934628,0.04999069349,0.002052114194
1756,0.0057,-0.0007,5.968811177,0.05042667422,0.001843531999
1783,0.0058,-0.0007,5.964794243,0.05082181979,0.001634972257
1810,0.0059,-0.0007,5.9629672,0.05117596417,0.00142604975
1841,0.006,-0.0007,5.963415487,0.05148886847,0.001216274445
1872,0.0061,-0.0007,5.966227277,0.05176019377,0.001005053321
1902,0.0062,-0.0007,5.971495278,0.05198950225,0.000791677828
6111,0.0063,-0.0007,5.979316761,0.05217616823,0.000575321714
6084,0.0064,-0.0007,5.989799942,0.05231951002,0.0003549996019
6056,0.0065,-0.0007,6.003066881,0.05241857828,0.000129522727
6028,0.0066,-0.0007,6.019245563,0.05247217267,-0.0001024142851
5999,0.0067,-0.0007,6.038477908,0.05247895505,-0.0003422792174
5968,0.0068,-0.0007,6.060927186,0.05243718905,-0.0005917859301
5938,0.0069,-0.0007,6.086777134,0.05234480041,-0.0008528804085
5908,0.007,-0.0007,6.116234017,0.05219932042,-0.001127767838
5879,0.0071,-0.0007,6.149530084,0.05199782486,-0.001418941152
5850,0.0072,-0.0007,6.186926279,0.0517368663,-0.001729217307
5822,0.0073,-0.0007,6.228716162,0.05141240831,-0.002061791543
5795,0.0074,-0.0007,6.275229101,0.05101973781,-0.002420279632
5769,0.0075,-0.0007,6.326832666,0.05055338099,-0.002808766426
5742,0.0076,-0.0007,6.383934334,0.05000699139,-0.00323189759
5715,0.0077,-0.0007,6.446985116,0.04937322281,-0.003694982981
5689,0.0078,-0.0007,6.516482383,0.04864360698,-0.004204143881
5664,0.0079,-0.0007,6.592969656,0.04780838573,-0.004766493995
5639,0.008,-0.0007,6.677037454,0.04685632388,-0.005390381204
5614,0.0081,-0.0007,6.769322057,0.04577448582,-0.006085755825
5590,0.0082,-0.0007,6.870502545,0.04454795496,-0.00686468293
5566,0.0083,-0.0007,6.981295895,0.04315948596,-0.00774208473
5541,0.0084,-0.0007,7.102448057,0.04158904183,-0.008736837169
5517,0.0085,-0.0007,7.234722314,0.0398132164,-0.009873419663
5494,0.0086,-0.0007,7.378877156,0.0378043838,-0.0111844296
5472,0.0087,-0.0007,7.535644563,0.03552976162,-0.0127144451
5451,0.0088,-0.0007,7.705672147,0.03294989004,-0.01452591131
5431,0.0089,-0.0007,7.889493368,0.03001819503,-0.01670759076
5412,0.009,-0.0007,8.087327505,0.02667963958,-0.01938573626
5394,0.0091,-0.0007,8.29915163,0.02287902476,-0.02273535568
5377,0.0092,-0.0007,8.523905991,0.01857276871,-0.02698028055
5361,0.0093,-0.0007,8.759278484,0.01378700944,-0.03234920399
5348,0.0094,-0.0007,8.998224446,0.008659926549,-0.03892493067
5335,0.0095,-0.0007,9.231332114,0.00364717989,-0.04631261906
5325,0.0096,-0.0007,9.430062316,-0.000630034959,-0.05304490217
5314,0.0097,-0.0007,9.591483409,-0.003157964774,-0.05604037463
5306,0.0098,-0.0007,9.685131037,-0.003498596418,-0.05079038015
5297,0.0099,-0.0007,9.715247044,-0.001776883326,-0.03274969344
5298,0.01,-0.0007,9.728596139,0.0,0.0
7756,0.0,-0.0006,5.89545443,0.0,0.0
7757,0.0001,-0.0006,5.899754456,-0.00174737732,0.01061508352
7761,0.0002,-0.0006,5.898718922,-0.004172506273,0.01696693777
7770,0.0003,-0.0006,5.910392599,-0.00638415072,0.02006750021
7778,0.0004,-0.0006,5.953536133,-0.008066575063,0.02096550213
7789,0.0005,-0.0006,6.013016451,-0.008918192929,0.0205982095
7800,0.0006,-0.0006,6.081162866,-0.009005883009,0.01961842091
7814,0.0007,-0.0006,6.147016523,-0.008466870893,0.01840004012
7829,0.0008,-0.0006,6.209139773,-0.007504861021,0.01712331359
7845,0.0009,-0.0006,6.268560568,-0.006231510624,0.01589956673
7862,0.001,-0.0006,6.323071209,-0.004717447812,0.01477999956
7880,0.0011,-0.0006,6.372475442,-0.003044901552,0.01377809185
7899,0.0012,-0.0006,6.416531212,-0.001272095123,0.01289056517
7919,0.0013,-0.0006,6.455669177,0.0005605339104,0.01210853392
7940,0.0014,-0.0006,6.48995289,0.002427524479,0.01142093646
7962,0.0015,-0.0006,6.519594611,0.004308967664,0.01081551803
7985,0.0016,-0.0006,6.544773562,0.006191529613,0.01028017143
8009,0.0017,-0.0006,6.565674863,0.008064850136,0.009804350865
8034,0.0018,-0.0006,6.582485414,0.009921503008,0.009379091487
8060,0.0019,-0.0006,6.595390826,0.01175650381,0.00899629125
8087,0.002,-0.0006,6.604583705,0.0135662615,0.008649118803
8115,0.0021,-0.0006,6.610247563,0.01534836961,0.008331784571
8144,0.0022,-0.0006,6.612569512,0.01710106881,0.008039440691
8174,0.0023,-0.0006,6.611741356,0.01882303809,0.007767984224
8205,0.0024,-0.0006,6.60795137,0.0205132135,0.007513966244
8237,0.0025,-0.0006,6.601379222,0.02217078304,0.007274461083
8270,0.0026,-0.0006,6.592206764,0.02379509327,0.007046963452
8304,0.0027,-0.0006,6.580619746,0.02538561917,0.006829347283
8339,0.0028,-0.0006,6.566804669,0.02694193786,0.006619811004
8373,0.0029,-0.0006,6.550948601,0.02846364745,0.006416870699
8407,0.003,-0.0006,6.533237527,0.0299503946,0.006219311898
8441,0.0031,-0.0006,6.513857031,0.03140182061,0.00602611047
8475,0.0032,-0.0006,6.492991609,0.03281753112,0.005836389175
8508,0.0033,-0.0006,6.470825074,0.03419714178,0.005649421893
8541,0.0034,-0.0006,6.447541083,0.03554026269,0.005464617482
1374,0.0035,-0.0006,6.423322196,0.03684651155,0.005281496939
1375,0.0036,-0.0006,6.398349072,0.03811551068,0.005099672634
1384,0.0037,-0.0006,6.372800147,0.03934688567,0.004918840648
1394,0.0038,-0.0006,6.346851241,0.0405402717,0.004738771951
1403,0.0039,-0.0006,6.32067514,0.04169531835,0.00455930187
1412,0.004,-0.0006,6.294441073,0.04281169373,0.004380320942
1423,0.0041,-0.0006,6.268314239,0.04388908807,0.004201766843
1435,0.0042,-0.0006,6.242455374,0.04492721697,0.004023616968
1448,0.0043,-0.0006,6.217020351,0.04592582427,0.003845881283
1462,0.0044,-0.0006,6.192159832,0.04688468422,0.003668595527
1475,0.0045,-0.0006,6.168018968,0.04780360301,0.003491814615
1490,0.0046,-0.0006,6.144737175,0.04868241942,0.003315606232
1506,0.0047,-0.0006,6.12244798,0.04952100464,0.003140044594
1523,0.0048,-0.0006,6.101278956,0.05031926114,0.002965204198
1541,0.0049,-0.0006,6.081351752,0.05107712067,0.002791153907
1560,0.005,-0.0006,6.062782202,0.05179454103,0.002617950354
1580,0.0051,-0.0006,6.045680516,0.0524715015,0.00244563302
1601,0.0052,-0.0006,6.030151645,0.05310799778,0.002274214279
1625,0.0053,-0.0006,6.016295401,0.05370403197,0.002103682679
1649,0.0054,-0.0006,6.004208224,0.05425963774,0.001933987809
1674,0.0055,-0.0006,5.993983841,0.05477480316,0.001765034844
1702,0.0056,-0.0006,5.985711426,0.05524950028,0.001596681148
1730,0.0057,-0.0006,5.979477941,0.0556837114,0.00142872698
1757,0.0058,-0.0006,5.975371054,0.05607734947,0.001260914554
1784,0.0059,-0.0006,5.973478962,0.05643027739,0.001092914314
1811,0.006,-0.0006,5.973891754,0.05674228766,0.0009243226557
1842,0.0061,-0.0006,5.976702786,0.05701307111,0.0007546687459
1873,0.0062,-0.0006,5.982011053,0.05724221855,0.0005833769735
6085,0.0063,-0.0006,5.989919086,0.05742911467,0.0004097477414
6057,0.0064,-0.0006,6.000544777,0.05757309977,0.0002329448915
6029,0.0065,-0.0006,6.014019354,0.0576732894,5.199970523e-05
6000,0.0066,-0.0006,6.030476112,0.05772852957,-0.0001341471453
5969,0.0067,-0.0006,6.050066627,0.0577375013,-0.0003266924682
5939,0.0068,-0.0006,6.072965935,0.05769849971,-0.0005270170659
5909,0.0069,-0.0006,6.099369822,0.05760949835,-0.0007366989169
5880,0.007,-0.0006,6.129497605,0.05746808231,-0.0009575220074
5851,0.0071,-0.0006,6.163595711,0.05727138948,-0.001191496456
5823,0.0072,-0.0006,6.201941787,0.05701604991,-0.001440900807
5796,0.0073,-0.0006,6.244848332,0.0566981207,-0.001708307698
5770,0.0074,-0.0006,6.29266458,0.05631299822,-0.001996612026
5743,0.0075,-0.0006,6.345780863,0.05585532639,-0.002309089436
5716,0.0076,-0.0006,6.404632933,0.05531889799,-0.002649474331
5690,0.0077,-0.0006,6.469704608,0.05469653339,-0.003022040359
5665,0.0078,-0.0006,6.541531362,0.05397994135,-0.003431709952
5640,0.0079,-0.0006,6.620703438,0.05315955098,-0.003884218772
5615,0.008,-0.0006,6.707868942,0.05222431118,-0.004386333769
5591,0.0081,-0.0006,6.803736455,0.05116144676,-0.00494616302
5567,0.0082,-0.0006,6.909077105,0.0499561452,-0.005573600532
5542,0.0083,-0.0006,7.024726499,0.04859115907,-0.006280973983
5518,0.0084,-0.0006,7.151584965,0.04704626402,-0.007084002793
5495,0.0085,-0.0006,7.290618441,0.04529755645,-0.008003246418
5473,0.0086,-0.0006,7.442853124,0.04331640187,-0.009066330531
5452,0.0087,-0.0006,7.609376027,0.04106813403,-0.01031142907
5432,0.0088,-0.0006,7.791309169,0.03850989676,-0.01179275264
5413,0.0089,-0.0006,7.98981692,0.03558873931,-0.01358908742
5395,0.009,-0.0006,8.205983257,0.03223824911,-0.01581667047
5378,0.0091,-0.0006,8.440839541,0.02838103421,-0.01864538976
5362,0.0092,-0.0006,8.694818505,0.02393155912,-0.02231431348
5347,0.0093,-0.0006,8.967912215,0.01884430062,-0.02712318068
5334,0.0094,-0.0006,9.255655394,0.01316101109,-0.03334034068
5322,0.0095,-0.0006,9.550132077,0.0072364641,-0.04089563729
5313,0.0096,-0.0006,9.8213251,0.001712628119,-0.04877176412
5303,0.0097,-0.0006,10.04772321,-0.002144549311,-0.05399237035
5296,0.0098,-0.0006,10.20170271,-0.003628830021,-0.05135551131
5288,0.0099,-0.0006,10.27287136,-0.002103021477,-0.03467537304
5289,0.01,-0.0006,10.29335207,0.0,0.0
7748,0.0,-0.0005,5.703277514,0.0,0.0
7749,0.0001,-0.0005,5.718031058,-0.002386711575,0.01294636415
7752,0.0002,-0.0005,5.737551566,-0.005285567414,0.01956108888
7760,0.0003,-0.0005,5.776452614,-0.007411760468,0.02192731346
7767,0.0004,-0.0005,5.856849426,-0.008614632321,0.02182229797
7777,0.0005,-0.0005,5.950907124,-0.008657394561,0.02058355726
7788,0.0006,-0.0005,6.042376304,-0.007829391922,0.01893582755
7801,0.0007,-0.0005,6.126181127,-0.006423140447,0.01721209134
7815,0.0008,-0.0005,6.202640431,-0.004648906916,0.01558813279
7830,0.0009,-0.0005,6.271115162,-0.002643108285,0.01414270694
7846,0.001,-0.0005,6.33173649,-0.0005045723341,0.01288430577
7863,0.0011,-0.0005,6.385225119,0.001696397281,0.01180261939
7881,0.0012,-0.0005,6.432141466,0.003914034289,0.01087616793
7900,0.0013,-0.0005,6.473043731,0.006118520422,0.0100834644
7920,0.0014,-0.0005,6.508369869,0.008292904635,0.009402982936
7941,0.0015,-0.0005,6.538533322,0.01042694645,0.008816256813
7963,0.0016,-0.0005,6.563889174,0.01251522994,0.008307383226
7986,0.0017,-0.0005,6.584756526,0.01455510961,0.007863169077
8010,0.0018,-0.0005,6.601399706,0.01654564626,0.007472516467
8035,0.0019,-0.0005,6.614052997,0.01848695059,0.00712610415
8061,0.002,-0.0005,6.622939889,0.02037984293,0.006816301394
8088,0.0021,-0.0005,6.628268082,0.02222553613,0.006536706985
8116,0.0022,-0.0005,6.630235828,0.02402528796,0.006282063268
8145,0.0023,-0.0005,6.629042593,0.02578022672,0.006048208942
8175,0.0024,-0.0005,6.624886768,0.02749142366,0.005831755645
8206,0.0025,-0.0005,6.617959578,0.02915990068,0.00562978496
8238,0.0026,-0.0005,6.608448577,0.03078655787,0.005439752161
8271,0.0027,-0.0005,6.596540354,0.03237219433,0.005259471665
8305,0.0028,-0.0005,6.582421801,0.03391749656,0.005087157959
8340,0.0029,-0.0005,6.566278275,0.03542300609,0.00492139039
8374,0.003,-0.0005,6.548294256,0.03688915657,0.004761006909
8408,0.0031,-0.0005,6.528655034,0.03831625662,0.004605034143
8442,0.0032,-0.0005,6.507544756,0.03970450335,0.004452652038
8476,0.0033,-0.0005,6.485146309,0.04105402723,0.004303174546
8509,0.0034,-0.0005,6.461641928,0.04236488642,0.004156038478
1367,0.0035,-0.0005,6.437212621,0.04363708629,0.004010786578
1368,0.0036,-0.0005,6.41203768,0.0448705891,0.003867050044
1376,0.0037,-0.0005,6.386294221,0.04606532252,0.003724536507
1385,0.0038,-0.0005,6.360156754,0.0472211892,0.003583020397
1395,0.0039,-0.0005,6.333796768,0.0483380759,0.003442334159
1404,0.004,-0.0005,6.307382269,0.04941586181,0.003302359911
1413,0.0041,-0.0005,6.281077341,0.05045442584,0.00316302185
1424,0.0042,-0.0005,6.255041733,0.05145365285,0.003024279394
1436,0.0043,-0.0005,6.229430478,0.05241343911,0.002886120823
1449,0.0044,-0.0005,6.20439356,0.05333369663,0.002748557306
1463,0.0045,-0.0005,6.180075643,0.05421435655,0.002611617221
1476,0.0046,-0.0005,6.156615857,0.05505537147,0.0024753407
1491,0.0047,-0.0005,6.134147663,0.05585671667,0.002339774358
1507,0.0048,-0.0005,6.112798811,0.05661839033,0.002204966139
1524,0.0049,-0.0005,6.092691367,0.05734041233,0.002070960334
1542,0.005,-0.0005,6.07394188,0.05802282275,0.001937792473
1561,0.0051,-0.0005,6.056661522,0.05866567655,0.001805484437
1581,0.0052,-0.0005,6.040956669,0.0592690429,0.001674039164
1602,0.0053,-0.0005,6.026928757,0.05983298442,0.001543437252
1626,0.0054,-0.0005,6.014675501,0.06035760337,0.001413625205
1650,0.0055,-0.0005,6.004292942,0.06084295866,0.001284532082
1675,0.0056,-0.0005,5.995873783,0.06128906644,0.00115604131
1703,0.0057,-0.0005,5.989507774,0.06169596568,0.001027975199
1731,0.0058,-0.0005,5.985285408,0.06206363463,0.0009001278229
1758,0.0059,-0.0005,5.983298554,0.06239198793,0.0007722398932
1785,0.006,-0.0005,5.98364187,0.06268088086,0.0006439950366
1812,0.0061,-0.0005,5.986411775,0.06293005843,0.0005150051853
1843,0.0062,-0.0005,5.991712204,0.06313912049,0.0003848191338
6058,0.0063,-0.0005,5.999651684,0.06330755443,0.0002528962275
6030,0.0064,-0.0005,6.01035774,0.06343472268,0.0001185170848
6001,0.0065,-0.0005,6.023969224,0.06351981987,-1.905362051e-05
5970,0.0066,-0.0005,6.040622732,0.06356183593,-0.0001605805559
5940,0.0067,-0.0005,6.060478326,0.06355946557,-0.0003070107445
5910,0.0068,-0.0005,6.083720243,0.06351108729,-0.0004594267374
5881,0.0069,-0.0005,6.110554756,0.06341477043,-0.0006190409637
5852,0.007,-0.0005,6.141212126,0.06326821326,-0.0007872243298
5824,0.0071,-0.0005,6.175950572,0.06306869211,-0.0009655373631
5797,0.0072,-0.0005,6.215061571,0.06281299661,-0.001155731328
5771,0.0073,-0.0005,6.258871747,0.06249736508,-0.001359766259
5745,0.0074,-0.0005,6.307747168,0.06211740457,-0.001579853061
5719,0.0075,-0.0005,6.362098259,0.0616680093,-0.001818496996
5693,0.0076,-0.0005,6.422383314,0.06114326351,-0.002078543219
5668,0.0077,-0.0005,6.489112984,0.06053632344,-0.002363247815
5643,0.0078,-0.0005,6.562855228,0.05983928036,-0.002676370534
5618,0.0079,-0.0005,6.644240386,0.05904299608,-0.003022302402
5594,0.008,-0.0005,6.733966748,0.05813689871,-0.00340624274
5570,0.0081,-0.0005,6.832806974,0.05710872819,-0.003834452393
5545,0.0082,-0.0005,6.941615357,0.05594420505,-0.004314617826
5521,0.0083,-0.0005,7.061337007,0.05462660129,-0.004856383795
5498,0.0084,-0.0005,7.193018145,0.0531361429,-0.005472143144
5476,0.0085,-0.0005,7.337821349,0.05144921947,-0.006178236348
5455,0.0086,-0.0005,7.497039884,0.04953717814,-0.006996798922
5435,0.0087,-0.0005,7.672126875,0.04736475919,-0.007958696906
5416,0.0088,-0.0005,7.864708391,0.04488741706,-0.009108226923
5398,0.0089,-0.0005,8.076649087,0.04204833191,-0.01051084203
5381,0.009,-0.0005,8.310020801,0.03877268097,-0.01226556388
5365,0.0091,-0.0005,8.567263977,0.03496513692,-0.01452431755
5350,0.0092,-0.0005,8.850806651,0.03050408153,-0.01751726732
5336,0.0093,-0.0005,9.163422529,0.02526704231,-0.0215733281
5323,0.0094,-0.0005,9.505719865,0.01917558306,-0.02709818857
5311,0.0095,-0.0005,9.874045831,0.01239726488,-0.03436499355
5302,0.0096,-0.0005,10.2440339,0.005507042919,-0.04294431399
5293,0.0097,-0.0005,10.57368651,-0.0001812584122,-0.05038694831
5287,0.0098,-0.0005,10.81978994,-0.003296161201,-0.05108364936
5280,0.0099,-0.0005,10.96878982,-0.002401037277,-0.03670926424
5281,0.01,-0.0005,11.02138712,0.0,0.0
7741,0.0,-0.0004,5.40217767,0.0,0.0
7742,0.0001,-0.0004,5.438814149,-0.003210866327,0.01594823987
7744,0.0002,-0.0004,5.508161207,-0.006365664266,0.02217636409
7751,0.0003,-0.0004,5.614191765,-0.007766354615,0.02313887106
7758,0.0004,-0.0004,5.760631438,-0.007655589635,0.02171195219
7768,0.0005,-0.0004,5.898431914,-0.006177395538,0.01948327938
7779,0.0006,-0.0004,6.019068793,-0.003954619256,0.01715610263
7791,0.0007,-0.0004,6.123211905,-0.001317588675,0.0150346139
7804,0.0008,-0.0004,6.212364626,0.001498388679,0.01321146078
7818,0.0009,-0.0004,6.288206518,0.004355651345,0.01168300941
7833,0.001,-0.0004,6.352937005,0.007171534352,0.01041352374
7849,0.0011,-0.0004,6.40845664,0.009903202062,0.009362197164
7866,0.0012,-0.0004,6.456221945,0.01253144042,0.008489869153
7884,0.0013,-0.0004,6.497259496,0.01505004217,0.007762873793
7903,0.0014,-0.0004,6.53230661,0.01746018075,0.007153044988
7923,0.0015,-0.0004,6.561953262,0.01976650422,0.00663776817
7944,0.0016,-0.0004,6.586664428,0.02197558203,0.006198897621
7966,0.0017,-0.0004,6.60681818,0.02409458872,0.005822022206
7989,0.0018,-0.0004,6.622723748,0.02613044586,0.005495494083
8013,0.0019,-0.0004,6.63464599,0.02808964131,0.005209842005
8038,0.002,-0.0004,6.642820976,0.02997807189,0.004957297673
8064,0.0021,-0.0004,6.647479727,0.03180101034,0.004731795947
8091,0.0022,-0.0004,6.648842785,0.0335631527,0.004528963574
8119,0.0023,-0.0004,6.647096633,0.03526842671,0.004344963666
8148,0.0024,-0.0004,6.642421428,0.03692006798,0.004176291498
8178,0.0025,-0.0004,6.635006506,0.03852085829,0.004020188454
8209,0.0026,-0.0004,6.625041724,0.04007320129,0.003874368209
8241,0.0027,-0.0004,6.61271635,0.04157921514,0.003736923476
8274,0.0028,-0.0004,6.598215018,0.04304069915,0.003606364243
8308,0.0029,-0.0004,6.581717743,0.04445908978,0.003481497173
8343,0.003,-0.0004,6.563404592,0.04583553875,0.003361333531
8377,0.0031,-0.0004,6.543457876,0.04717096016,0.003245049641
8411,0.0032,-0.0004,6.522059452,0.04846609421,0.003131948174
1351,0.0033,-0.0004,6.499389938,0.04972154185,0.003021448341
1352,0.0034,-0.0004,6.475629266,0.0509377721,0.002913073708
1357,0.0035,-0.0004,6.450956213,0.05211514765,0.002806437453
1362,0.0036,-0.0004,6.425547971,0.05325394398,0.002701228668
1369,0.0037,-0.0004,6.399579714,0.05435436627,0.002597200878
1377,0.0038,-0.0004,6.373224166,0.05541656434,0.002494162693
1386,0.0039,-0.0004,6.346651174,0.05644064629,0.002391969879
1396,0.004,-0.0004,6.32002727,0.05742669058,0.002290518337
1405,0.0041,-0.0004,6.293515233,0.0583747565,0.002189737829
1414,0.0042,-0.0004,6.267273686,0.05928489316,0.002089586307
1425,0.0043,-0.0004,6.241456723,0.06015714703,0.001990044728
1437,0.0044,-0.0004,6.216213581,0.06099156817,0.001891112242
1450,0.0045,-0.0004,6.19168838,0.06178821509,0.001792801666
1464,0.0046,-0.0004,6.168019916,0.06254715843,0.001695135192
1477,0.0047,-0.0004,6.145341536,0.0632684832,0.001598140283
1492,0.0048,-0.0004,6.123781102,0.06395229003,0.001501845718
1508,0.0049,-0.0004,6.103461028,0.06459869476,0.001406277719
1525,0.005,-0.0004,6.084498448,0.06520782745,0.001311456289
1543,0.0051,-0.0004,6.067005412,0.06577982879,0.001217391128
1562,0.0052,-0.0004,6.051089324,0.0663148473,0.001124078981
1582,0.0053,-0.0004,6.036853163,0.06681302915,0.00103149627
1603,0.0054,-0.0004,6.024396164,0.06727452446,0.0009396003935
1627,0.0055,-0.0004,6.013815465,0.06769948694,0.0008483221163
1651,0.0056,-0.0004,6.005206673,0.06808801015,0.0007575805461
1676,0.0057,-0.0004,5.998662793,0.06844016609,0.0006672474617
1704,0.0058,-0.0004,5.994275707,0.06875602018,0.0005771278984
1732,0.0059,-0.0004,5.992139447,0.06903555935,0.0004870309796
1759,0.006,-0.0004,5.992351812,0.06927868874,0.0003967244894
1786,0.0061,-0.0004,5.995016155,0.06948520015,0.000306053194
1814,0.0062,-0.0004,6.000240346,0.06965471393,0.0002146023648
6031,0.0063,-0.0004,6.008145277,0.06978689581,0.000121859608
6002,0.0064,-0.0004,6.01885681,0.06988123514,2.732326078e-05
5971,0.0065,-0.0004,6.032506082,0.06993694799,-6.954879092e-05
5941,0.0066,-0.0004,6.049243234,0.06995312047,-0.000169234358
5911,0.0067,-0.0004,6.069237896,0.06992852247,-0.0002724241127
5882,0.0068,-0.0004,6.092681695,0.06986167823,-0.0003799180778
5853,0.0069,-0.0004,6.119785776,0.0697508208,-0.000492593953
5825,0.007,-0.0004,6.150788266,0.06959381996,-0.0006114400737
5798,0.0071,-0.0004,6.185958364,0.06938816144,-0.0007375913871
5772,0.0072,-0.0004,6.225596384,0.06913088309,-0.0008722897076
5746,0.0073,-0.0004,6.270039561,0.06881850716,-0.001016931041
5720,0.0074,-0.0004,6.319666871,0.06844697841,-0.00117309021
5694,0.0075,-0.0004,6.374902897,0.06801158804,-0.001342544215
5669,0.0076,-0.0004,6.436222686,0.06750688344,-0.001527311076
5644,0.0077,-0.0004,6.50415711,0.06692656216,-0.001729700103
5619,0.0078,-0.0004,6.5792988,0.06626334427,-0.001952379447
5595,0.0079,-0.0004,6.662308983,0.06550881667,-0.002198471219
5571,0.008,-0.0004,6.753925465,0.06465323728,-0.002471685179
5546,0.0081,-0.0004,6.854972432,0.06368528665,-0.002776509541
5522,0.0082,-0.0004,6.966372466,0.06259173801,-0.00311848646
5499,0.0083,-0.0004,7.089162624,0.061357024,-0.003504617284
5477,0.0084,-0.0004,7.224514327,0.05996262023,-0.003943963181
5456,0.0085,-0.0004,7.373763092,0.0583862241,-0.004448563503
5436,0.0086,-0.0004,7.538442611,0.05660046718,-0.005034843871
5417,0.0087,-0.0004,7.720345909,0.0545712372,-0.00572589308
5399,0.0088,-0.0004,7.921579858,0.05225465808,-0.006555095003
5382,0.0089,-0.0004,8.144706793,0.04959351795,-0.007572425033
5366,0.009,-0.0004,8.392807778,0.04650970529,-0.008854739417
5351,0.0091,-0.0004,8.669851128,0.04289781755,-0.01052437551
5337,0.0092,-0.0004,8.98060754,0.03860961744,-0.01277719681
5324,0.0093,-0.0004,9.331505191,0.03345897806,-0.01592627053
5312,0.0094,-0.0004,9.729334671,0.02723057752,-0.02042831327
5301,0.0095,-0.0004,10.18072558,0.0198376099,-0.02683676089
5292,0.0096,-0.0004,10.67720728,0.01159526234,-0.03535476571
5284,0.0097,-0.0004,11.17294438,0.003645277289,-0.04458892831
5279,0.0098,-0.0004,11.59539732,-0.001771350622,-0.04918187691
5273,0.0099,-0.0004,11.88312485,-0.002443806395,-0.03842089945
5274,0.01,-0.0004,11.98769371,0.0,0.0
7735,0.0,-0.0003,4.864982187,0.0,0.0
7736,0.0001,-0.0003,4.969209861,-0.004041874169,0.0194191251
7737,0.0002,-0.0003,5.192463908,-0.006418729945,0.02374248843
7743,0.0003,-0.0003,5.445085844,-0.005551367777,0.02241767017
7750,0.0004,-0.0003,5.685203352,-0.002811026796,0.01950400468
7759,0.0005,-0.0003,5.878122009,0.0009659825675,0.01646246707
7769,0.0006,-0.0003,6.030896566,0.005033609383,0.01379476627
7780,0.0007,-0.0003,6.150524731,0.009090168717,0.0116179849
7792,0.0008,-0.0003,6.24659959,0.01295054761,0.009881202034
7805,0.0009,-0.0003,6.324655066,0.01655590377,0.008503607564
7819,0.001,-0.0003,6.389321851,0.01988966775,0.007408056372
7834,0.0011,-0.0003,6.443644872,0.02296532907,0.006532111053
7850,0.0012,-0.0003,6.489688614,0.02580609718,0.00582665837
7867,0.0013,-0.0003,6.528817427,0.02843835245,0.005253641997
7885,0.0014,-0.0003,6.56196821,0.03088747339,0.004783562572
7904,0.0015,-0.0003,6.589817095,0.03317634754,0.004393876635
7924,0.0016,-0.0003,6.61287106,0.03532511797,0.004067474526
7945,0.0017,-0.0003,6.631523119,0.03735116758,0.003791515091
7967,0.0018,-0.0003,6.646086229,0.03926934849,0.003555931648
7990,0.0019,-0.0003,6.656819919,0.04109208032,0.003352636244
8014,0.002,-0.0003,6.663967591,0.04282985389,0.003175219303
8039,0.0021,-0.0003,6.667737708,0.04449194784,0.003018327349
8065,0.0022,-0.0003,6.668266255,0.04608573829,0.002877838483
8092,0.0023,-0.0003,6.665720539,0.04761664804,0.002751052755
8120,0.0024,-0.0003,6.66032411,0.04908946824,0.002635921069
8149,0.0025,-0.0003,6.652280102,0.05050865513,0.002530596899
8179,0.0026,-0.0003,6.641771912,0.05187793867,0.002433065107
8210,0.0027,-0.0003,6.628965488,0.05320038489,0.002341438053
8242,0.0028,-0.0003,6.614019625,0.05447842328,0.002254646138
8275,0.0029,-0.0003,6.597106686,0.0557139649,0.002171993534
8309,0.003,-0.0003,6.578407115,0.05690861036,0.002092794676
8344,0.0031,-0.0003,6.55810103,0.05806369875,0.002016445485
8378,0.0032,-0.0003,6.536367023,0.05918033478,0.001942437913
1346,0.0033,-0.0003,6.51338227,0.06025943216,0.001870354114
1347,0.0034,-0.0003,6.489323402,0.06130173207,0.001799853786
1353,0.0035,-0.0003,6.464366227,0.06230783534,0.001730661934
1358,0.0036,-0.0003,6.438685293,0.0632782287,0.0016625584
1363,0.0037,-0.0003,6.412453434,0.06421330709,0.001595369116
1370,0.0038,-0.0003,6.385841317,0.06511339274,0.001528958964
1378,0.0039,-0.0003,6.359016981,0.06597875173,0.001463225846
1387,0.004,-0.0003,6.332145375,0.06680960814,0.00139809558
1397,0.0041,-0.0003,6.305387922,0.06760615625,0.001333517367
1406,0.0042,-0.0003,6.278902102,0.06836857077,0.001269459745
1415,0.0043,-0.0003,6.252841074,0.06909701549,0.001205906908
1426,0.0044,-0.0003,6.227353354,0.06979165023,0.001142855329
1438,0.0045,-0.0003,6.202582539,0.07045263637,0.001080310606
1451,0.0046,-0.0003,6.178667112,0.07108014097,0.001018284514
1465,0.0047,-0.0003,6.15574031,0.07167433953,0.0009567921899
1478,0.0048,-0.0003,6.133930086,0.07223541744,0.0008958494631
1493,0.0049,-0.0003,6.113359152,0.07276357012,0.0008354702567
1509,0.005,-0.0003,6.094145137,0.07325900207,0.0007756641502
1526,0.0051,-0.0003,6.076400818,0.07372192437,0.0007164337857
1544,0.0052,-0.0003,6.060234481,0.07415255122,0.0006577726823
1563,0.0053,-0.0003,6.045750329,0.07455109455,0.0005996619203
1583,0.0054,-0.0003,6.033049185,0.07491775233,0.0005420712228
1604,0.0055,-0.0003,6.022229104,0.0752527233,0.0004849468928
1628,0.0056,-0.0003,6.013386768,0.07555619396,0.0004282150158
1652,0.0057,-0.0003,6.006618954,0.07582827073,0.0003718119846
1677,0.0058,-0.0003,6.002021649,0.07606904467,0.0003156248432
1705,0.0059,-0.0003,5.99968804,0.07627857732,0.0002594724295
1733,0.006,-0.0003,5.999717729,0.0764569432,0.0002032651419
1760,0.0061,-0.0003,6.002195463,0.07660385583,0.0001466749647
1813,0.0062,-0.0003,6.007253064,0.07671889524,8.939036951e-05
6003,0.0063,-0.0003,6.015046881,0.07680199126,3.147041037e-05
5972,0.0064,-0.0003,6.02566909,0.07685282066,-2.751743034e-05
5942,0.0065,-0.0003,6.039245102,0.07687061166,-8.803579717e-05
5912,0.0066,-0.0003,6.055946725,0.07685445865,-0.000150321648
5883,0.0067,-0.0003,6.075946332,0.07680333765,-0.0002148606722
5854,0.0068,-0.0003,6.099437618,0.0767159571,-0.0002821957016
5826,0.0069,-0.0003,6.126638353,0.07659076558,-0.0003529151076
5799,0.007,-0.0003,6.157790964,0.07642590022,-0.0004276516996
5773,0.0071,-0.0003,6.193168845,0.07621913922,-0.0005071204072
5747,0.0072,-0.0003,6.233078411,0.07596786923,-0.0005921100666
5721,0.0073,-0.0003,6.277864078,0.07566903069,-0.0006835113478
5695,0.0074,-0.0003,6.327912391,0.07531906296,-0.0007823243732
5670,0.0075,-0.0003,6.383656724,0.07491383892,-0.0008896764214
5646,0.0076,-0.0003,6.445582587,0.07444858879,-0.001006845504
5622,0.0077,-0.0003,6.514233611,0.07391780926,-0.001135292982
5598,0.0078,-0.0003,6.590218418,0.0733151531,-0.001276708562
5574,0.0079,-0.0003,6.674218765,0.07263329269,-0.001433073196
5549,0.008,-0.0003,6.766999404,0.07186374535,-0.001606748108
5525,0.0081,-0.0003,6.869420619,0.0709966487,-0.001800602854
5502,0.0082,-0.0003,6.982454094,0.07002045602,-0.002018200715
5480,0.0083,-0.0003,7.107204769,0.06892153385,-0.002264072633
5459,0.0084,-0.0003,7.244938713,0.06768357353,-0.002544122771
5439,0.0085,-0.0003,7.397125747,0.06628681586,-0.002866252851
5420,0.0086,-0.0003,7.565490222,0.06470677822,-0.003241311211
5402,0.0087,-0.0003,7.75210391,0.06291267099,-0.003684655893
5385,0.0088,-0.0003,7.959474625,0.06086424649,-0.00421859681
5369,0.0089,-0.0003,8.190778318,0.05850844276,-0.004876865055
5354,0.009,-0.0003,8.44998258,0.05577040196,-0.005711693173
5340,0.0091,-0.0003,8.7425366,0.05254681041,-0.006808630882
5327,0.0092,-0.0003,9.075371945,0.04867885078,-0.008308819958
5315,0.0093,-0.0003,9.45921744,0.04394938931,-0.01046028947
5304,0.0094,-0.0003,9.907228848,0.0380222858,-0.01366872702
5294,0.0095,-0.0003,10.44188438,0.03056821026,-0.01859841939
5285,0.0096,-0.0003,11.07861675,0.0213699267,-0.0259476996
5277,0.0097,-0.0003,11.80809371,0.01115856069,-0.03575214713
5272,0.0098,-0.0003,12.52423765,0.002273733043,-0.04402295435
5267,0.0099,-0.0003,13.061092,-0.001755212425,-0.03901558609
5268,0.01,-0.0003,13.26763824,0.0,0.0
7730,0.0,-0.0002,3.706085996,0.0,0.0
7731,0.0001,-0.0002,4.137876234,-0.003458613321,0.0229757743
7732,0.0002,-0.0002,4.868308668,-0.00162849091,0.02284160973
7738,0.0003,-0.0002,5.377553379,0.004417755203,0.01896790723
7745,0.0004,-0.0002,5.723409021,0.01093323949,0.01494544631
7753,0.0005,-0.0002,5.953720943,0.01725740336,0.01170730692
7762,0.0006,-0.0002,6.115316631,0.02293084763,0.009248034362
7772,0.0007,-0.0002,6.231488753,0.02792096265,0.00742453973
7783,0.0008,-0.0002,6.319788925,0.03225807062,0.00607509832
7795,0.0009,-0.0002,6.38975671,0.03603438728,0.005065911207
7808,0.001,-0.0002,6.447034877,0.03934094149,0.00430138929
7822,0.0011,-0.0002,6.494927917,0.04226007912,0.003713932515
7837,0.0012,-0.0002,6.535486539,0.04486087517,0.003256190105
7853,0.0013,-0.0002,6.569987167,0.0472000723,0.002894619859
7870,0.0014,-0.0002,6.59925371,0.04932328422,0.002605119713
7888,0.0015,-0.0002,6.623842093,0.05126699277,0.00237023386
7907,0.0016,-0.0002,6.644151595,0.05306026997,0.002177061916
7927,0.0017,-0.0002,6.660475415,0.05472613907,0.002015890839
7948,0.0018,-0.0002,6.673036653,0.05628358868,0.001879660748
7970,0.0019,-0.0002,6.682009673,0.05774807173,0.001763075424
7993,0.002,-0.0002,6.687554229,0.05913163928,0.001660168931
8017,0.0021,-0.0002,6.689917157,0.06044331808,0.001568991502
8042,0.0022,-0.0002,6.689355335,0.06169147504,0.00149160811
8068,0.0023,-0.0002,6.685968893,0.06288357249,0.001424255041
8095,0.0024,-0.0002,6.679803876,0.06402447801,0.001362264636
8123,0.0025,-0.0002,6.671008157,0.06511865475,0.001304771128
8152,0.0026,-0.0002,6.659799329,0.06616988089,0.001251157954
8182,0.0027,-0.0002,6.646364316,0.06718080263,0.001201021949
8213,0.0028,-0.0002,6.630846865,0.06815387979,0.001153901632
8245,0.0029,-0.0002,6.61340421,0.06909119496,0.00110926559
8278,0.003,-0.0002,6.594212647,0.06999433909,0.001066640856
8312,0.0031,-0.0002,6.573447319,0.07086468108,0.001025644594
8347,0.0032,-0.0002,6.551280967,0.07170334002,0.0009859843742
1342,0.0033,-0.0002,6.527886043,0.07251124383,0.0009474257362
1343,0.0034,-0.0002,6.503435222,0.07328915345,0.0009097794382
1348,0.0035,-0.0002,6.478100932,0.07403769554,0.0008728934215
1354,0.0036,-0.0002,6.45205483,0.07475738837,0.0008366465903
1359,0.0037,-0.0002,6.425467286,0.07544866373,0.0008009437514
1364,0.0038,-0.0002,6.398506869,0.07611188523,0.0007657114849
1371,0.0039,-0.0002,6.371339838,0.07674736388,0.0007308946936
1379,0.004,-0.0002,6.344129653,0.07735537116,0.0006964536489
1388,0.0041,-0.0002,6.3170365,0.07793615014,0.0006623614016
1398,0.0042,-0.0002,6.290216863,0.07848992473,0.0006286014717
1407,0.0043,-0.0002,6.26382312,0.07901690728,0.0005951657574
1416,0.0044,-0.0002,6.23800321,0.07951730471,0.0005620526217
1427,0.0045,-0.0002,6.212900341,0.07999132325,0.0005292651215
1439,0.0046,-0.0002,6.188652781,0.08043917192,0.0004968093545
1452,0.0047,-0.0002,6.16539372,0.08086106476,0.0004646929012
1466,0.0048,-0.0002,6.143251213,0.0812572219,0.0004329233561
1479,0.0049,-0.0002,6.122348219,0.08162786958,0.0004015069152
1494,0.005,-0.0002,6.102802742,0.08197323909,0.0003704470542
1510,0.0051,-0.0002,6.084728061,0.0822935645,0.0003397431952
1527,0.0052,-0.0002,6.068233102,0.08258907979,0.0003093893972
1545,0.0053,-0.0002,6.053422842,0.08286001366,0.0002793731358
1564,0.0054,-0.0002,6.040398943,0.08310658448,0.0002496743722
1584,0.0055,-0.0002,6.029260479,0.08332898676,0.0002202698006
1605,0.0056,-0.0002,6.020104319,0.0835274119,0.0001911085407
1629,0.0057,-0.0002,6.013026931,0.08370203133,0.0001621321274
1653,0.0058,-0.0002,6.008127902,0.08385292422,0.0001333126947
1678,0.0059,-0.0002,6.005500747,0.0839801703,0.0001045371302
1706,0.006,-0.0002,6.005232938,0.08408379849,7.558482025e-05
1734,0.0061,-0.0002,6.007467003,0.0841635134,4.625321808e-05
6004,0.0062,-0.0002,6.012326714,0.08421934595,1.665448133e-05
5973,0.0063,-0.0002,6.019885538,0.08425125453,-1.314349852e-05
5943,0.0064,-0.0002,6.030269476,0.08425868336,-4.357103139e-05
5913,0.0065,-0.0002,6.043629582,0.08424106332,-7.480793048e-05
5884,0.0066,-0.0002,6.060129776,0.08419766745,-0.0001069533664
5855,0.0067,-0.0002,6.07995357,0.08412767827,-0.0001403695542
5827,0.0068,-0.0002,6.103293778,0.08403008958,-0.000175345947
5800,0.0069,-0.0002,6.130367568,0.08390364636,-0.0002121818768
5774,0.007,-0.0002,6.161419056,0.08374684967,-0.0002512087832
5748,0.0071,-0.0002,6.196721397,0.08355791134,-0.0002928075985
5722,0.0072,-0.0002,6.236583131,0.083334729,-0.000337405222
5696,0.0073,-0.0002,6.281350684,0.08307485413,-0.0003854767418
5671,0.0074,-0.0002,6.331412678,0.08277544699,-0.0004375531636
5647,0.0075,-0.0002,6.38720502,0.08243322685,-0.0004942312451
5623,0.0076,-0.0002,6.449216473,0.08204441426,-0.0005561866386
5599,0.0077,-0.0002,6.517994986,0.08160466204,-0.0006241916862
5575,0.0078,-0.0002,6.594155088,0.08110897,-0.0006991401276
5550,0.0079,-0.0002,6.678386829,0.08055157817,-0.000782082059
5526,0.008,-0.0002,6.771466781,0.07992582792,-0.0008742737906
5503,0.0081,-0.0002,6.874272259,0.07922398136,-0.0009772498448
5481,0.0082,-0.0002,6.98779958,0.0784369712,-0.001092927484
5460,0.0083,-0.0002,7.113189581,0.07755407012,-0.001223761767
5440,0.0084,-0.0002,7.251760546,0.07656239194,-0.001372974702
5421,0.0085,-0.0002,7.405059409,0.07544625148,-0.001544910655
5403,0.0086,-0.0002,7.574923225,0.07418604561,-0.001745569761
5386,0.0087,-0.0002,7.763595042,0.07275698419,-0.001983507646
5370,0.0088,-0.0002,7.973833387,0.07112616513,-0.002271184906
5355,0.0089,-0.0002,8.209219197,0.06925015168,-0.002627621222
5341,0.009,-0.0002,8.474301384,0.06706575762,-0.003082207374
5328,0.0091,-0.0002,8.775589394,0.06448647346,-0.003684317625
5316,0.0092,-0.0002,9.121440297,0.06136819744,-0.004515661115
5305,0.0093,-0.0002,9.525955617,0.05751371597,-0.005733011776
5295,0.0094,-0.0002,10.00658929,0.05253980974,-0.00760934656
5286,0.0095,-0.0002,10.60101957,0.04600411238,-0.010721081
5278,0.0096,-0.0002,11.3470125,0.0370138228,-0.01589476408
5271,0.0097,-0.0002,12.33246928,0.02550311733,-0.02445714114
5266,0.0098,-0.0002,13.5092953,0.01178650816,-0.03483731664
5262,0.0099,-0.0002,14.76314721,0.001269688007,-0.03783874282
5263,0.01,-0.0002,15.41280042,0.0,0.0
7724,0.0,-0.0001,1.450752572,0.0,0.0
7725,0.0001,-0.0001,2.785393188,0.01255836496,0.01618518875
7728,0.0002,-0.0001,4.597704188,0.0214851692,0.01359298604
7733,0.0003,-0.0001,5.358390735,0.03344994271,0.0100827033
7739,0.0004,-0.0001,5.79246791,0.04205428853,0.007274063123
7746,0.0005,-0.0001,6.04106071,0.04882017173,0.005321689258
7754,0.0006,-0.0001,6.201069847,0.05404872953,0.003974286795
7763,0.0007,-0.0001,6.307980802,0.05818430577,0.003048508537
7773,0.0008,-0.0001,6.386180278,0.06149790366,0.002403699073
7784,0.0009,-0.0001,6.447031164,0.06420832426,0.001945773249
7796,0.001,-0.0001,6.49659454,0.06646852436,0.001613576986
7809,0.0011,-0.0001,6.538129116,0.06838855947,0.00136736057
7823,0.0012,-0.0001,6.573491652,0.07004762762,0.001181159807
7838,0.0013,-0.0001,6.603753548,0.07150362458,0.001037700932
7854,0.0014,-0.0001,6.62955759,0.07279929353,0.0009253114823
7871,0.0015,-0.0001,6.651305547,0.0739666692,0.0008359985909
7889,0.0016,-0.0001,6.669275021,0.07502988714,0.0007638404182
7908,0.0017,-0.0001,6.683650491,0.07600706145,0.000704205362
7928,0.0018,-0.0001,6.694566661,0.07691258579,0.0006539246313
7949,0.0019,-0.0001,6.702148715,0.07775758213,0.0006110120404
7971,0.002,-0.0001,6.706670471,0.07855199324,0.0005746779226
7994,0.0021,-0.0001,6.708186315,0.07929922387,0.0005428028862
8018,0.0022,-0.0001,6.706519777,0.08000633764,0.0005133414444
8043,0.0023,-0.0001,6.702053926,0.08068029638,0.0004879196232
8069,0.0024,-0.0001,6.69514728,0.08132178313,0.0004662340963
8096,0.0025,-0.0001,6.685755642,0.081935284,0.000445859096
8124,0.0026,-0.0001,6.673981128,0.08252302543,0.0004264626485
8153,0.0027,-0.0001,6.660017298,0.08308623043,0.0004084145125
8183,0.0028,-0.0001,6.64401908,0.08362651136,0.000391642577
8214,0.0029,-0.0001,6.626139464,0.08414535149,0.000375817301
8246,0.003,-0.0001,6.606544813,0.08464377171,0.0003607184029
8279,0.0031,-0.0001,6.585402429,0.08512263165,0.0003462046695
8313,0.0032,-0.0001,6.562879427,0.08558264016,0.0003321690161
1339,0.0033,-0.0001,6.539144227,0.08602438101,0.0003185278867
1340,0.0034,-0.0001,6.514366351,0.08644833676,0.0003052151918
1344,0.0035,-0.0001,6.488715609,0.08685490939,0.0002921783779
1349,0.0036,-0.0001,6.462361471,0.08724443625,0.0002793759189
1355,0.0037,-0.0001,6.435472475,0.08761720359,0.0002667754459
1360,0.0038,-0.0001,6.408215663,0.08797345794,0.0002543522669
1365,0.0039,-0.0001,6.380756025,0.08831341557,0.0002420881291
1372,0.004,-0.0001,6.353255978,0.08863727048,0.000229970152
1380,0.0041,-0.0001,6.32587487,0.08894520108,0.0002179898853
1389,0.0042,-0.0001,6.298768525,0.08923737565,0.0002061424645
1399,0.0043,-0.0001,6.272088828,0.08951395672,0.0001944258459
1408,0.0044,-0.0001,6.245983366,0.0897751046,0.0001828401048
1417,0.0045,-0.0001,6.220595135,0.0900209799,0.0001713867878
1428,0.0046,-0.0001,6.196062304,0.09025174532,0.0001600683099
1440,0.0047,-0.0001,6.172518073,0.09046756664,0.0001488873869
1453,0.0048,-0.0001,6.150090602,0.090668613,0.0001378465039
1467,0.0049,-0.0001,6.128903038,0.09085505647,0.0001269474055
1480,0.005,-0.0001,6.10907364,0.09102707101,0.0001161906196
1495,0.0051,-0.0001,6.090716002,0.09118483073,0.000105574984
1511,0.0052,-0.0001,6.07393941,0.09132850762,9.509719834e-05
1528,0.0053,-0.0001,6.058849274,0.09145826855,8.475133955e-05
1546,0.0054,-0.0001,6.045547696,0.09157427139,7.45287031e-05
1565,0.0055,-0.0001,6.034134057,0.09167665947,6.441795083e-05
1585,0.0056,-0.0001,6.024706312,0.09176555027,5.440852813e-05
1606,0.0057,-0.0001,6.01735982,0.09184105482,4.446359999e-05
1630,0.0058,-0.0001,6.012191394,0.09190327913,3.453332364e-05
1654,0.0059,-0.0001,6.009307833,0.09195220884,2.452960283e-05
1679,0.006,-0.0001,6.008816061,0.09198771536,1.411473753e-05
1707,0.0061,-0.0001,6.010840683,0.09200999836,3.918219229e-06
5975,0.0062,-0.0001,6.015463371,0.09201913681,-5.731982151e-06
5945,0.0063,-0.0001,6.022766401,0.09201472983,-1.56488167e-05
5915,0.0064,-0.0001,6.032911649,0.09199640464,-2.601261073e-05
5886,0.0065,-0.0001,6.046054463,0.09196387146,-3.674543651e-05
5857,0.0066,-0.0001,6.062346843,0.09191673982,-4.791234553e-05
5829,0.0067,-0.0001,6.081968192,0.09185446124,-5.959938306e-05
5802,0.0068,-0.0001,6.105114281,0.0917763942,-7.185921533e-05
5776,0.0069,-0.0001,6.132000492,0.09168174698,-8.47924973e-05
5750,0.007,-0.0001,6.162871131,0.09156957029,-9.852572583e-05
5724,0.0071,-0.0001,6.198000254,0.0914387479,-0.0001132052641
5698,0.0072,-0.0001,6.237695673,0.09128797339,-0.000128987693
5673,0.0073,-0.0001,6.282303049,0.0911157304,-0.0001460445196
5649,0.0074,-0.0001,6.332210375,0.09092026877,-0.0001645665129
5625,0.0075,-0.0001,6.387852994,0.09069957627,-0.0001847675838
5601,0.0076,-0.0001,6.449719247,0.09045134531,-0.0002068895808
5578,0.0077,-0.0001,6.518356963,0.0901729324,-0.0002312089165
5555,0.0078,-0.0001,6.594381118,0.08986130744,-0.0002580458867
5531,0.0079,-0.0001,6.678483162,0.08951298937,-0.0002877778742
5508,0.008,-0.0001,6.77144259,0.08912396077,-0.0003208583213
5486,0.0081,-0.0001,6.874142025,0.08868955587,-0.0003578441181
5465,0.0082,-0.0001,6.987586714,0.08820430133,-0.0003994357593
5445,0.0083,-0.0001,7.112932011,0.08766170768,-0.0004465364061
5426,0.0084,-0.0001,7.251518964,0.0870539402,-0.0005003405789
5408,0.0085,-0.0001,7.404930492,0.08637141941,-0.0005624690014
5391,0.0086,-0.0001,7.575058295,0.08560204675,-0.0006351766207
5375,0.0087,-0.0001,7.764234126,0.08473047466,-0.0007216919927
5360,0.0088,-0.0001,7.975347067,0.08373592036,-0.000826745932
5346,0.0089,-0.0001,8.212212979,0.08259121333,-0.0009575781256
5333,0.009,-0.0001,8.479698917,0.0812550315,-0.00112541621
5321,0.0091,-0.0001,8.785041435,0.0796735156,-0.001349299261
5310,0.0092,-0.0001,9.137378329,0.0777459041,-0.001660775462
5300,0.0093,-0.0001,9.553724866,0.07535047729,-0.002123463619
5291,0.0094,-0.0001,10.05367648,0.07216751615,-0.002850791193
5283,0.0095,-0.0001,10.69176609,0.06788679901,-0.004123246244
5276,0.0096,-0.0001,11.51684127,0.06126137028,-0.006399356655
5270,0.0097,-0.0001,12.76121734,0.05180913106,-0.01082979438
5265,0.0098,-0.0001,14.50326348,0.03550260554,-0.01746284954
5259,0.0099,-0.0001,17.29709464,0.01997416121,-0.0222754989
5260,0.01,-0.0001,19.13361301,0.0,0.0
7727,0.0,0.0,0.0,0.05,0.0
7726,0.0001,0.0,1.963142831,0.1,0.0
7729,0.0002,0.0,4.46956023,0.1,0.0
7734,0.0003,0.0,5.323325702,0.1,0.0
7740,0.0004,0.0,5.793063161,0.1,0.0
7747,0.0005,0.0,6.053755837,0.1,0.0
7755,0.0006,0.0,6.218406814,0.1,0.0
7764,0.0007,0.0,6.325680567,0.1,0.0
7774,0.0008,0.0,6.402821885,0.1,0.0
7785,0.0009,0.0,6.462189378,0.1,0.0
7797,0.001,0.0,6.510209267,0.1,0.0
7810,0.0011,0.0,6.550315526,0.1,0.0
7824,0.0012,0.0,6.584417805,0.1,0.0
7839,0.0013,0.0,6.613593457,0.1,0.0
7855,0.0014,0.0,6.638469904,0.1,0.0
7872,0.0015,0.0,6.659426744,0.1,0.0
7890,0.0016,0.0,6.676727865,0.1,0.0
7909,0.0017,0.0,6.690547524,0.1,0.0
7929,0.0018,0.0,6.701018581,0.1,0.0
7950,0.0019,0.0,6.708293893,0.1,0.0
7972,0.002,0.0,6.71285553,0.1,0.0
7995,0.0021,0.0,6.714486875,0.1,0.0
8019,0.0022,0.0,6.712345568,0.1,0.0
8044,0.0023,0.0,6.707161179,0.1,0.0
8070,0.0024,0.0,6.699854273,0.1,0.0
8097,0.0025,0.0,6.690267235,0.1,0.0
8125,0.0026,0.0,6.678345177,0.1,0.0
8154,0.0027,0.0,6.664238859,0.1,0.0
8184,0.0028,0.0,6.648103881,0.1,0.0
8215,0.0029,0.0,6.630100361,0.1,0.0
8247,0.003,0.0,6.610392381,0.1,0.0
8280,0.0031,0.0,6.589144121,0.1,0.0
8314,0.0032,0.0,6.566521246,0.1,0.0
1338,0.0033,0.0,6.542691025,0.1,0.0
1341,0.0034,0.0,6.51782198,0.1,0.0
1345,0.0035,0.0,6.492083092,0.1,0.0
1350,0.0036,0.0,6.465643134,0.1,0.0
1356,0.0037,0.0,6.43867006,0.1,0.0
1361,0.0038,0.0,6.411330414,0.1,0.0
1366,0.0039,0.0,6.383788774,0.1,0.0
1373,0.004,0.0,6.356207213,0.1,0.0
1381,0.0041,0.0,6.328744799,0.1,0.0
1390,0.0042,0.0,6.301557135,0.1,0.0
1400,0.0043,0.0,6.274795937,0.1,0.0
1409,0.0044,0.0,6.248608676,0.1,0.0
1418,0.0045,0.0,6.223138272,0.1,0.0
1429,0.0046,0.0,6.198522866,0.1,0.0
1441,0.0047,0.0,6.174895663,0.1,0.0
1454,0.0048,0.0,6.15238487,0.1,0.0
1468,0.0049,0.0,6.131113708,0.1,0.0
1481,0.005,0.0,6.111200548,0.1,0.0
1496,0.0051,0.0,6.092759116,0.1,0.0
1512,0.0052,0.0,6.075898871,0.1,0.0
1529,0.0053,0.0,6.060725377,0.1,0.0
1547,0.0054,0.0,6.047341098,0.1,0.0
1566,0.0055,0.0,6.035845466,0.1,0.0
1586,0.0056,0.0,6.026337249,0.1,0.0
1607,0.0057,0.0,6.018912961,0.1,0.0
1631,0.0058,0.0,6.013667134,0.1,0.0
1655,0.0059,0.0,6.010718117,0.1,0.0
1680,0.006,0.0,6.010205242,0.1,0.0
1708,0.0061,0.0,6.012151367,0.1,0.0
5974,0.0062,0.0,6.016626556,0.1,0.0
5944,0.0063,0.0,6.02383231,0.1,0.0
5914,0.0064,0.0,6.033904943,0.1,0.0
5885,0.0065,0.0,6.046983976,0.1,0.0
5856,0.0066,0.0,6.063226728,0.1,0.0
5828,0.0067,0.0,6.082794521,0.1,0.0
5801,0.0068,0.0,6.105885381,0.1,0.0
5775,0.0069,0.0,6.132720068,0.1,0.0
5749,0.007,0.0,6.163542795,0.1,0.0
5723,0.0071,0.0,6.198627398,0.1,0.0
5697,0.0072,0.0,6.238281566,0.1,0.0
5672,0.0073,0.0,6.282850885,0.1,0.0
5648,0.0074,0.0,6.33272331,0.1,0.0
5624,0.0075,0.0,6.38833417,0.1,0.0
5600,0.0076,0.0,6.450171844,0.1,0.0
5577,0.0077,0.0,6.518784329,0.1,0.0
5554,0.0078,0.0,6.594786993,0.1,0.0
5530,0.0079,0.0,6.67887206,0.1,0.0
5507,0.008,0.0,6.771820411,0.1,0.0
5485,0.0081,0.0,6.874517016,0.1,0.0
5464,0.0082,0.0,6.987970931,0.1,0.0
5444,0.0083,0.0,7.11334361,0.1,0.0
5425,0.0084,0.0,7.251985559,0.1,0.0
5407,0.0085,0.0,7.405494747,0.1,0.0
5390,0.0086,0.0,7.575785562,0.1,0.0
5374,0.0087,0.0,7.765227702,0.1,0.0
5359,0.0088,0.0,7.976765002,0.1,0.0
5345,0.0089,0.0,8.214319686,0.1,0.0
5332,0.009,0.0,8.482895021,0.1,0.0
5320,0.0091,0.0,8.790096237,0.1,0.0
5309,0.0092,0.0,9.145413723,0.1,0.0
5299,0.0093,0.0,9.567579707,0.1,0.0
5290,0.0094,0.0,10.07719296,0.1,0.0
5282,0.0095,0.0,10.73939854,0.1,0.0
5275,0.0096,0.0,11.60469933,0.1,0.0
5269,0.0097,0.0,12.9869969,0.1,0.0
5264,0.0098,0.0,15.00670734,0.1,0.0
5258,0.0099,0.0,18.78078021,0.1,0.0
5261,0.01,0.0,21.43606386,0.05,0.0
